time_days,pressure_min_bar,pressure_max_bar,generated_H2_kg,unreacted_accessible_Fe_kg,free_H2_kg,dissolved_H2_kg,gas_H2_out_kg,aqueous_H2_out_kg,max_gas_saturation,salinity_min_molal,salinity_max_molal,outlet_H2_mol_per_mol_water,separator_gas_H2_rate_kg_day,separator_H2_available_kg,collected_H2_kg,gross_electricity_kwh,H2_kg,native_H2_kg,H2_in_kg,H2_out_kg,H2_balance_kg,H2_exact_balance_kg,H2O_kg,native_H2O_kg,H2O_in_kg,H2O_out_kg,H2O_balance_kg,H2O_exact_balance_kg,NaCl_kg,native_NaCl_kg,NaCl_in_kg,NaCl_out_kg,NaCl_balance_kg,NaCl_exact_balance_kg
0.0,119.91084863636364,120.0,0.0,591.8704060000002,0.0,1.8285296483402113e-08,0.0,0.0,0.0,4.499999999999996,4.499999999999996,0.0,0.0,0.0,0.0,0.0,1.8285296483402113e-08,1.828539354470271e-08,0.0,0.0,0.0,0.0,1511.55874160424,1511.5587416111318,0.0,0.0,0.0,0.0,397.528763507227,397.5287635003351,0.0,0.0,0.0,0.0
1e-06,119.94114955708045,120.48143563015573,0.0,591.8704060000002,0.0,1.8285371179582e-08,0.0,1.9970864151483064e-15,0.0,4.499999999999996,4.499999999999996,1.0810744985903822e-10,0.0,0.0,0.0,0.0,1.8285371179581997e-08,1.82854682412791e-08,7.669366279630982e-14,1.9970864151483064e-15,9.92416048849345e-24,-3.964974481055802e-19,1511.5649163831815,1511.5649163900734,0.006339867727895999,0.00016508878636876712,8.588095512518379e-14,8.588095512518379e-14,397.53038742839516,397.5303874215034,0.001667338297378955,4.341712915701594e-05,6.674999095124257e-14,-4.6936846770373464e-14
2.4999999999999998e-06,120.03036664508998,120.78228244677105,0.0,591.8704060000002,0.0,1.828547926511832e-08,0.0,1.386171589999409e-14,0.0,4.499999999999996,4.499999999999996,1.0810744985903822e-10,0.0,0.0,0.0,0.0,1.828547926511832e-08,1.8285576327389152e-08,1.966444478401874e-13,1.386171589999409e-14,-4.5496752866772834e-20,-1.0157332892771713e-18,1511.5738513018703,1511.573851308762,0.016255577622404517,0.001145876231274011,-3.7610072417537666e-09,-3.760779868078323e-09,397.53273724589167,397.5327372390001,0.004275096623324383,0.00030135696933435483,-9.89022387425098e-10,-9.893066045194021e-10
4.75e-06,120.1656964910187,121.03028378657234,0.0,591.8704060000002,0.0,1.8285619964320796e-08,0.0,5.384468519596083e-14,0.0,4.499999999999996,4.499999999999996,1.0810744985903819e-10,0.0,0.0,0.0,0.0,1.82856199643208e-08,1.828571702733849e-08,3.773272924553529e-13,5.384468519596083e-14,2.8521073571448357e-20,-1.6885735291906286e-18,1511.585482237668,1511.5854822445594,0.031191692208592317,0.00445106113785736,2.356872506187324e-09,2.3573272535382106e-09,397.5357960959376,397.5357960890459,0.008203184232157844,0.0011705961413784336,6.200061930874967e-10,6.198356628309143e-10
8.125000000000001e-06,120.28400631732315,121.29432663826904,0.0,591.8704060000002,0.0,1.8285788534044457e-08,0.0,1.566423020428413e-13,0.0,4.499999999999996,4.499999999999996,1.0810744985903822e-10,0.0,0.0,0.0,0.0,1.828578853404446e-08,1.828588559795694e-08,6.486953287131955e-13,1.566423020428413e-13,2.275596059261631e-19,-2.3843227352141256e-18,1511.5994170972745,1511.5994171041662,0.05362428171762262,0.012948807493811994,1.881050343266466e-08,1.8810730806340104e-08,397.5394608608961,397.5394608540043,0.014102789271741294,0.0034054405496225333,4.947053811737989e-09,4.946996968319128e-09
1.31875e-05,120.41417046302223,121.5740034586491,0.0,591.8704060000002,0.0,1.828597107797959e-08,0.0,3.8151031879651224e-13,0.0,4.499999999999996,4.499999999999996,1.0810744985903819e-10,0.0,0.0,0.0,0.0,1.828597107797959e-08,1.828606814286105e-08,1.0561078856245608e-12,3.8151031879651224e-13,5.915138506407043e-19,-2.9893510211013525e-18,1511.6145071386707,1511.6145071455628,0.08730296685699299,0.03153748132255982,4.889654192652415e-08,4.889631455284871e-08,397.54342943011704,397.5434294232254,0.02296003424093177,0.008294124210289832,1.2859645738896863e-08,1.285941836522142e-08
2.078125e-05,120.53811007991992,121.83872843632959,0.0,591.8704060000002,0.0,1.8286144432890894e-08,0.0,8.197514190768735e-13,0.0,4.499999999999996,4.499999999999996,1.081074498590382e-10,0.0,0.0,0.0,0.0,1.82861444328909e-08,1.8286241498692543e-08,1.6677043220060997e-12,8.197514190768735e-13,1.0869051349827281e-18,-3.4141419199429184e-18,1511.6288375670465,1511.6288375739387,0.13786047536730578,0.06776460240926818,8.984878002715746e-08,8.984855265348202e-08,397.54719822673485,397.5471982198428,0.03625628485329009,0.017821588975189477,2.36295946490217e-08,2.3629765179278284e-08
3.2171875e-05,120.63758167850385,122.05103509763643,0.0,591.8704060000002,0.0,1.828628351675463e-08,0.0,1.5986318517417991e-12,0.0,4.499999999999996,4.499999999999996,1.0810744985903822e-10,0.0,0.0,0.0,0.0,1.8286283516754634e-08,1.828638058329456e-08,2.585668877981716e-12,1.5986318517417991e-12,1.5656104714238148e-18,-3.6737184412625604e-18,1511.640334970451,1511.6403349773432,0.21374384892893733,0.132150612138088,1.2942048727149214e-07,1.294202598978167e-07,397.55022195874943,397.5502219518574,0.056213050562598135,0.03475463307702632,3.403670639778866e-08,3.4036876928045245e-08
4.92578125e-05,120.70233084229142,122.18922155781576,0.0,591.8704060000002,0.0,1.8286374047417747e-08,0.0,2.885603824185957e-12,0.0,4.499999999999996,4.499999999999996,1.0810744985903818e-10,0.0,0.0,0.0,0.0,1.8286374047417747e-08,1.8286471114438234e-08,3.963171689851012e-12,2.885603824185957e-12,1.8698603749307916e-18,-3.850030695146841e-18,1511.6478187110256,1511.6478187179182,0.3276148690841559,0.2385379168685378,1.5457074442615237e-07,1.5457006230512604e-07,397.55219012714093,397.55219012024907,0.08616028621721612,0.06273370695446696,4.0651199184615905e-08,4.0651199184615905e-08
7.488671875e-05,120.73517932579888,122.25932562428684,0.0,591.8704060000002,0.0,1.8286419975144196e-08,0.0,4.906353248252368e-12,0.0,4.499999999999996,4.499999999999996,1.0810744985903822e-10,0.0,0.0,0.0,0.0,1.82864199751442e-08,1.8286517042408476e-08,6.029848966696197e-12,4.906353248252368e-12,1.987323563280319e-18,-3.976357485651392e-18,1511.6516153383577,1511.6516153452499,0.4984563714159134,0.40558280157861437,1.64280730408084e-07,1.6428050303440855e-07,397.55318861203415,397.55318860514205,0.1310903371023678,0.1066652755001083,4.3204677765973365e-08,4.320490513964881e-08
0.000113330078125,120.74770066312473,122.28604819325066,0.0,591.8704060000002,0.0,1.8286437482077664e-08,0.0,7.98910405749163e-12,0.0,4.499999999999996,4.499999999999996,1.0810744985903819e-10,0.0,0.0,0.0,0.0,1.8286437482077664e-08,1.828653454943487e-08,9.130106776735505e-12,7.98910405749163e-12,2.0129172019013702e-18,-4.043692625766998e-18,1511.6530625535204,1511.6530625604125,0.7547386211009743,0.6604178382171519,1.6639687760999777e-07,1.6639665023632233e-07,397.5535692189125,397.5535692120206,0.19849067227941608,0.1736850043553051,4.3761362866767683e-08,4.3761419710186544e-08
0.0001709951171875,120.75117710495812,122.29346748678448,0.0,591.8704060000002,0.0,1.828644234272844e-08,0.0,1.2634730839109855e-11,0.0,4.499999999999996,4.499999999999996,1.081074498590382e-10,0.0,0.0,0.0,0.0,1.8286442342728444e-08,1.8286539410111445e-08,1.378059423196771e-11,1.2634730839109855e-11,2.015877962425859e-18,-4.066526665464363e-18,1511.6534643604678,1511.6534643673604,1.139170323296718,1.0444477337100018,1.6664180435554954e-07,1.666411222345232e-07,397.5536748911664,397.55367488427436,0.2995933651600878,0.2746820250464865,4.382563945082296e-08,4.3825809981079544e-08
0.00025749267578125,120.75186288642712,122.29493105672907,0.0,591.8704060000002,0.0,1.828644330156663e-08,0.0,1.9609532987706418e-11,0.0,4.499999999999996,4.499999999999996,1.0810744985903818e-10,0.0,0.0,0.0,0.0,1.828644330156663e-08,1.8286540368954726e-08,2.075635522367067e-11,1.9609532987706418e-11,2.0160530920711728e-18,-4.071446968392376e-18,1511.6535436230736,1511.6535436299655,1.7158203407338979,1.6210184885556638,1.666554272361509e-07,1.666554272361509e-07,397.5536957366452,397.55369572975303,0.45124805253261807,0.4263158669439895,4.3829285145680075e-08,4.382956936277438e-08
0.000387239013671875,120.75195720853904,122.29513235559997,0.0,591.8704060000002,0.0,1.8286443433444876e-08,0.0,3.007304874617008e-11,0.0,4.499999999999996,4.499999999999996,1.081074498590382e-10,0.0,0.0,0.0,0.0,1.8286443433444876e-08,1.8286540500833667e-08,3.1220002861076e-11,3.007304874617008e-11,2.0160517252844575e-18,-4.0721431668936355e-18,1511.653554524823,1511.6535545317151,2.580795875265977,2.485983121338945,1.6665627633472013e-07,1.666560489610447e-07,397.55369860372446,397.55369859683253,0.6787302172906206,0.653795164622729,4.382952401016382e-08,4.3829580853582684e-08
0.0005818585205078125,120.75196612990136,122.29515139525304,0.0,591.8704060000002,0.0,1.8286443445918445e-08,0.0,4.576850860115611e-11,0.0,4.499999999999996,4.499999999999996,1.0810744985903819e-10,0.0,0.0,0.0,0.0,1.828644344591845e-08,1.8286540513307312e-08,4.6915475189700726e-11,4.576850860115611e-11,2.016058439664586e-18,-4.0722059356849615e-18,1511.653555555954,1511.6535555628463,3.878259249190533,3.7834454641324227,1.6665640334423415e-07,1.6665594859688326e-07,397.55369887490434,397.5536988680123,1.0199534833963428,0.9950181595486053,4.382944995828808e-08,4.382962048854466e-08
0.0008737877807617187,120.75196670452463,122.29515262159354,0.0,591.8704060000002,0.0,1.828644344672187e-08,0.0,6.931171637496619e-11,0.0,4.499999999999996,4.499999999999996,1.081074498590382e-10,0.0,0.0,0.0,0.0,1.828644344672187e-08,1.828654051411074e-08,7.045868376693559e-11,6.931171637496619e-11,2.0160609535181663e-18,-4.072213347998732e-18,1511.6535556223687,1511.653555629261,5.824454317045829,5.729640465572757,1.6665615554245505e-07,1.6665570079510417e-07,397.5536988923709,397.5536988854791,1.5317883843875795,1.5068530430731952,4.3829592177857535e-08,4.3829535334438674e-08
0.001311681671142578,120.75196672955718,122.29515267501712,0.0,591.8704060000002,0.0,1.8286443446756872e-08,0.0,1.0462652921132659e-10,0.0,4.499999999999996,4.499999999999996,1.0810744985903816e-10,0.0,0.0,0.0,0.0,1.828644344675687e-08,1.8286540514145732e-08,1.0577349663829639e-10,1.0462652921132659e-10,2.016053599365533e-18,-4.072214084706465e-18,1511.653555625262,1511.6535556321544,8.743746919284133,8.648933064917763,1.6665618751687816e-07,1.6665573276952728e-07,397.55369889313204,397.55369888623983,2.2995407359941895,2.2746053939188853,4.382940765879084e-08,4.382974871930401e-08
0.0019685225067138674,120.7519667302913,122.29515267658383,0.0,591.8704060000002,0.0,1.8286443446757888e-08,0.0,1.5759874851758465e-10,0.0,4.499999999999996,4.499999999999996,1.0810744985903819e-10,0.0,0.0,0.0,0.0,1.828644344675789e-08,1.828654051414676e-08,1.5874571594558028e-10,1.5759874851758465e-10,2.0160567788410123e-18,-4.072217522675886e-18,1511.6535556253466,1511.6535556322399,13.122685822661651,13.027871968210485,1.666568838487592e-07,1.6665551960670655e-07,397.55369889315415,397.55369888626205,3.451169263409379,3.42623392131177,4.382932861091149e-08,4.382955598458693e-08
0.002953783760070801,120.75196673030574,122.29515267661466,0.0,591.8704060000002,0.0,1.8286443446757914e-08,0.0,2.3705707747849606e-10,0.0,4.499999999999996,4.499999999999996,1.0810744985903818e-10,0.0,0.0,0.0,0.0,1.8286443446757914e-08,1.828654051414678e-08,2.3820404490651214e-10,2.3705707747849606e-10,2.016056184304947e-18,-4.072214808489501e-18,1511.653555625349,1511.6535556322408,19.691094177728434,19.596280323275575,1.6665610047539303e-07,1.6665632784906848e-07,397.5536988931546,397.55369888626274,5.178612054532294,5.153676712434236,4.382956220183587e-08,4.382956220183587e-08
0.004431675640106202,120.75196673030594,122.29515267661506,0.0,591.8704060000002,0.0,1.8286443446757914e-08,0.0,3.5624457091989473e-10,0.0,4.499999999999996,4.499999999999996,1.081074498590382e-10,0.0,0.0,0.0,0.0,1.8286443446757914e-08,1.828654051414678e-08,3.5739153834791226e-10,3.5624457091989473e-10,2.016054736738875e-18,-4.072216256055573e-18,1511.653555625349,1511.6535556322408,29.54370671032879,29.44889285587582,1.666559867885553e-07,1.6665621416223075e-07,397.5536988931546,397.55369888626274,7.769776241216714,7.744840899118621,4.382952667469908e-08,4.382952667469908e-08
0.006648513460159303,120.75196673030594,122.29515267661506,0.0,591.8704060000002,0.0,1.8286443446757914e-08,0.0,5.350258110819927e-10,0.0,4.499999999999996,4.499999999999996,1.081074498590382e-10,0.0,0.0,0.0,0.0,1.8286443446757914e-08,1.828654051414678e-08,5.361727785100124e-10,5.350258110819927e-10,2.016052565389767e-18,-4.072218427404681e-18,1511.653555625349,1511.6535556322408,44.32262550922933,44.22781165477618,1.6665580915287137e-07,1.6665603652654681e-07,397.5536988931546,397.55369888626274,11.656522521243346,11.6315871791452,4.38294733839939e-08,4.38294733839939e-08
0.009973770190238955,120.75196673030594,122.29515267661506,0.0,591.8704060000002,0.0,1.8286443446757914e-08,0.0,8.031976713251397e-10,0.0,4.499999999999996,4.499999999999996,1.081074498590382e-10,0.0,0.0,0.0,0.0,1.8286443446757914e-08,1.828654051414678e-08,8.043446387531626e-10,8.031976713251397e-10,2.0160493600648935e-18,-4.0722216327295544e-18,1511.653555625349,1511.6535556322408,66.49100370758015,66.39618985312673,1.6665553914663178e-07,1.6665576652030722e-07,397.5536988931546,397.55369888626274,17.486641941283292,17.461706599185064,4.382939167157929e-08,4.382939167157929e-08
0.014961655285358432,120.75196673030594,122.29515267661506,0.0,591.8704060000002,0.0,1.8286443446757914e-08,0.0,1.20545546168986e-09,0.0,4.499999999999996,4.499999999999996,1.081074498590382e-10,0.0,0.0,0.0,0.0,1.8286443446757914e-08,1.828654051414678e-08,1.206602429117888e-09,1.20545546168986e-09,2.0160442935836416e-18,-4.072226699210806e-18,1511.653555625349,1511.6535556322408,99.74357100510636,99.64875715065254,1.6665514124269976e-07,1.666553686163752e-07,397.5536988931546,397.55369888626274,26.231821071343212,26.206885729244863,4.382927087931421e-08,4.382927087931421e-08
0.022443482928037647,120.75196673030594,122.29515267661506,0.0,591.8704060000002,0.0,1.8286443446757914e-08,0.0,1.8088421472369405e-09,0.0,4.499999999999996,4.499999999999996,1.081074498590382e-10,0.0,0.0,0.0,0.0,1.8286443446757914e-08,1.8286540514146785e-08,1.8099891146649759e-09,1.8088421472369405e-09,2.016040157680579e-18,-4.072234143836319e-18,1511.653555625349,1511.6535556322408,149.62242195139567,149.52760809694126,1.6665455859765643e-07,1.6665478597133188e-07,397.5536988931546,397.55369888626274,39.34958976643309,39.32465442433456,4.382908969091659e-08,4.382908969091659e-08
0.03366622439205647,120.75196673030594,122.29515267661506,0.0,591.8704060000002,0.0,1.8286443446757914e-08,0.0,2.7139221755575614e-09,0.0,4.499999999999996,4.500000000000003,1.081074498590382e-10,0.0,0.0,0.0,0.0,1.8286443446757914e-08,1.8286540514146785e-08,2.715069142985608e-09,2.7139221755575614e-09,2.0160289907423094e-18,-4.072245310774589e-18,1511.653555625349,1511.6535556322408,224.44069837082964,224.34588451637435,1.666536775246641e-07,1.6665390489833953e-07,397.5536988931546,397.55369888626274,59.02624280906791,59.00130746696911,4.3828819684677e-08,4.3828819684677e-08
0.05050033658808471,120.75196673030594,122.29515267661506,0.0,591.8704060000002,0.0,1.8286443446757914e-08,0.0,4.071542218038493e-09,0.0,4.499999999999996,4.500000000000003,1.081074498590382e-10,0.0,0.0,0.0,0.0,1.8286443446757914e-08,1.8286540514146785e-08,4.072689185466556e-09,4.071542218038493e-09,2.016012033539752e-18,-4.072262267977146e-18,1511.653555625349,1511.6535556322408,336.6681129999806,336.573299145524,1.6665234170432086e-07,1.666525690779963e-07,397.5536988931546,397.55369888626274,88.54122237302015,88.51628703092094,4.382840756989026e-08,4.382840756989026e-08
0.07050033658808472,120.75196673030594,122.29515267661506,0.0,591.8704060000002,0.0,1.8286443446757914e-08,0.0,5.684481500694863e-09,0.0,4.499999999999996,4.500000000000003,1.0810744985903822e-10,0.0,0.0,0.0,0.0,1.8286443446757914e-08,1.828654051414678e-08,5.685628468122946e-09,5.684481500694863e-09,2.0159888724826005e-18,-4.072282120311847e-18,1511.653555625349,1511.6535556322408,470.001446320201,469.90663246574275,1.666506932451739e-07,1.6665092061884934e-07,397.5536988931546,397.55369888626274,123.60690236880379,123.58196702670409,4.382792440082994e-08,4.382792440082994e-08
0.09050033658808472,120.75196673030594,122.29515267661506,0.0,591.8704060000002,0.0,1.8286443446757914e-08,0.0,7.2974207833512325e-09,0.0,4.499999999999996,4.500000000000003,1.0810744985903822e-10,0.0,0.0,0.0,0.0,1.8286443446757914e-08,1.828654051414678e-08,7.298567750779336e-09,7.2974207833512325e-09,2.0159690201478993e-18,-4.072301972646549e-18,1511.653555625349,1511.6535556322408,603.3347796404214,603.2399657859615,1.666491016294458e-07,1.6664932900312124e-07,397.5536988931546,397.55369888626274,158.6725823645874,158.64764702248726,4.3827469653479056e-08,4.3827469653479056e-08
0.11050033658808472,120.75196673030594,122.29515267661506,0.0,591.8704060000002,0.0,1.8286443446757914e-08,0.0,8.910360066007602e-09,0.0,4.499999999999996,4.500000000000003,1.0810744985903822e-10,0.0,0.0,0.0,0.0,1.8286443446757914e-08,1.828654051414678e-08,8.911507033435725e-09,8.910360066007602e-09,2.0159499949938105e-18,-4.072320997800637e-18,1511.653555625349,1511.6535556322408,736.6681129606418,736.5732991061803,1.666475100137177e-07,1.6664773738739314e-07,397.5536988931546,397.55369888626274,193.73826236037104,193.71332701827043,4.382701490612817e-08,4.382701490612817e-08
0.13050033658808471,120.75196673030594,122.29515267661506,0.0,591.8704060000002,0.0,1.8286443446757914e-08,0.0,1.052329934866397e-08,0.0,4.499999999999996,4.500000000000003,1.0810744985903822e-10,0.0,0.0,0.0,0.0,1.8286443446757914e-08,1.828654051414678e-08,1.0524446316092113e-08,1.052329934866397e-08,2.0159301426591093e-18,-4.072340850135339e-18,1511.653555625349,1511.6535556322408,870.0014462808621,869.906632426399,1.666459183979896e-07,1.6664614577166503e-07,397.5536988931546,397.55369888626274,228.80394235615466,228.77900701405355,4.382650331535842e-08,4.382650331535842e-08
0.1505003365880847,120.75196673030594,122.29515267661506,0.0,591.8704060000002,0.0,1.8286443446757914e-08,0.0,1.213623863132034e-08,0.0,4.499999999999996,4.500000000000003,1.0810744985903822e-10,0.0,0.0,0.0,0.0,1.8286443446757914e-08,1.828654051414678e-08,1.21373855987485e-08,1.213623863132034e-08,2.015911944685633e-18,-4.072359048108815e-18,1511.653555625349,1511.6535556322408,1003.3347796010823,1003.2399657466177,1.666443267822615e-07,1.6664455415593693e-07,397.5536988931546,397.55369888626274,263.8696223519383,263.84468700983666,4.3825991724588675e-08,4.3825991724588675e-08
0.1705003365880847,120.75196673030594,122.29515267661506,0.0,591.8704060000002,0.0,1.8286443446757914e-08,0.0,1.374917791397671e-08,0.0,4.499999999999996,4.500000000000003,1.0810744985903822e-10,0.0,0.0,0.0,0.0,1.8286443446757914e-08,1.828654051414678e-08,1.3750324881404889e-08,1.374917791397671e-08,2.015893746712157e-18,-4.072377246082291e-18,1511.653555625349,1511.6535556322408,1136.6681129213025,1136.5732990668364,1.666428488533711e-07,1.6664307622704655e-07,397.5536988931546,397.55369888626274,298.9353023477219,298.9103670056198,4.382548013381893e-08,4.382548013381893e-08
0.19050033658808468,120.75196673030594,122.29515267661506,0.0,591.8704060000002,0.0,1.8286443446757914e-08,0.0,1.536211719663308e-08,0.0,4.499999999999996,4.500000000000003,1.0810744985903822e-10,0.0,0.0,0.0,0.0,1.8286443446757914e-08,1.828654051414678e-08,1.5363264164061277e-08,1.536211719663308e-08,2.0158755487386808e-18,-4.072395444055767e-18,1511.653555625349,1511.6535556322408,1270.001446241523,1269.9066323870552,1.66641257237643e-07,1.6664148461131845e-07,397.5536988931546,397.55369888626274,334.00098234350554,333.9760470014029,4.382496854304918e-08,4.382496854304918e-08
0.21050033658808467,120.75196673030594,122.29515267661506,0.0,591.8704060000002,0.0,1.8286443446757914e-08,0.0,1.697505647928945e-08,0.0,4.499999999999996,4.500000000000003,1.0810744985903822e-10,0.0,0.0,0.0,0.0,1.8286443446757914e-08,1.828654051414678e-08,1.6976203446717667e-08,1.697505647928945e-08,2.0158556964039795e-18,-4.0724152963904684e-18,1511.653555625349,1511.6535556322408,1403.3347795617433,1403.2399657072738,1.6663943824823946e-07,1.666396656219149e-07,397.5536988931546,397.55369888626274,369.06666233928917,369.041726997186,4.3824456952279434e-08,4.3824456952279434e-08
0.23050033658808466,120.75196673030594,122.29515267661506,0.0,591.8704060000002,0.0,1.8286443446757914e-08,0.0,1.858799576194582e-08,0.0,4.499999999999996,4.500000000000003,1.0810744985903822e-10,0.0,0.0,0.0,0.0,1.8286443446757914e-08,1.828654051414678e-08,1.8589142729374056e-08,1.858799576194582e-08,2.0158358440692782e-18,-4.07243514872517e-18,1511.653555625349,1511.6535556322408,1536.6681128819637,1536.5732990274923,1.666376192588359e-07,1.6663784663251135e-07,397.5536988931546,397.55369888626274,404.1323423350728,404.1074069929691,4.3823945361509686e-08,4.3823945361509686e-08
0.2505003365880847,120.75196673030594,122.29515267661506,0.0,591.8704060000002,0.0,1.8286443446757914e-08,0.0,2.020093504460219e-08,0.0,4.499999999999996,4.500000000000003,1.0810744985903822e-10,0.0,0.0,0.0,0.0,1.8286443446757914e-08,1.828654051414678e-08,2.0202082012030446e-08,2.020093504460219e-08,2.015815991734577e-18,-4.072455001059871e-18,1511.653555625349,1511.6535556322408,1670.001446202184,1669.9066323477111,1.666360276431078e-07,1.6663625501678325e-07,397.5536988931546,397.55369888626274,439.1980223308565,439.1730869887523,4.382343377073994e-08,4.382343377073994e-08
0.2705003365880847,120.75196673030594,122.29515267661506,0.0,591.8704060000002,0.0,1.8286443446757914e-08,0.0,2.181387432725856e-08,0.0,4.499999999999996,4.500000000000003,1.0810744985903822e-10,0.0,0.0,0.0,0.0,1.8286443446757914e-08,1.828654051414678e-08,2.1815021294686836e-08,2.181387432725856e-08,2.0157961393998757e-18,-4.072474853394572e-18,1511.653555625349,1511.6535556322408,1803.3347795224045,1803.23996566793,1.666344360273797e-07,1.6663466340105515e-07,397.5536988931546,397.55369888626274,474.26370232664016,474.23876698453546,4.382292217997019e-08,4.382292217997019e-08
0.2905003365880847,120.75196673030594,122.29515267661506,0.0,591.8704060000002,0.0,1.8286443446757914e-08,0.0,2.342681360991493e-08,0.0,4.499999999999996,4.500000000000003,1.0810744985903822e-10,0.0,0.0,0.0,0.0,1.8286443446757914e-08,1.828654051414678e-08,2.3427960577343226e-08,2.342681360991493e-08,2.0157762870651744e-18,-4.0724947057292735e-18,1511.653555625349,1511.6535556322408,1936.6681128426249,1936.5732989881487,1.666328444116516e-07,1.6663307178532705e-07,397.5536988931546,397.55369888626274,509.32938232242384,509.30444698031863,4.3822410589200445e-08,4.3822410589200445e-08
0.31050033658808474,120.75196673030594,122.29515267661506,0.0,591.8704060000002,0.0,1.8286443446757914e-08,0.0,2.50397528925713e-08,0.0,4.499999999999996,4.500000000000003,1.0810744985903822e-10,0.0,0.0,0.0,0.0,1.8286443446757914e-08,1.828654051414678e-08,2.5040899859999615e-08,2.50397528925713e-08,2.015756434730473e-18,-4.072514558063975e-18,1511.653555625349,1511.6535556322408,2070.0014461628452,2069.9066323083675,1.666312527959235e-07,1.6663148016959894e-07,397.5536988931546,397.55369888626274,544.3950623182075,544.3701269761018,4.382195584184956e-08,4.382195584184956e-08
0.33050033658808475,120.75196673030594,122.29515267661506,0.0,591.8704060000002,0.0,1.8286443446757914e-08,0.0,2.665269217522767e-08,0.0,4.499999999999996,4.500000000000003,1.0810744985903822e-10,0.0,0.0,0.0,0.0,1.8286443446757914e-08,1.828654051414678e-08,2.6653839142656005e-08,2.665269217522767e-08,2.015736582395772e-18,-4.072534410398676e-18,1511.653555625349,1511.6535556322408,2203.3347794830656,2203.2399656285866,1.6662988855387084e-07,1.6663011592754629e-07,397.5536988931546,397.55369888626274,579.4607423139911,579.435806971885,4.382150109449867e-08,4.382150109449867e-08
0.35050033658808477,120.75196673030594,122.29515267661506,0.0,591.8704060000002,0.0,1.8286443446757914e-08,0.0,2.826563145788404e-08,0.0,4.499999999999996,4.500000000000003,1.0810744985903822e-10,0.0,0.0,0.0,0.0,1.8286443446757914e-08,1.828654051414678e-08,2.8266778425312395e-08,2.826563145788404e-08,2.0157167300610706e-18,-4.072554262733377e-18,1511.653555625349,1511.6535556322408,2336.668112803286,2336.5732989488056,1.6662852431181818e-07,1.6662875168549363e-07,397.5536988931546,397.55369888626274,614.5264223097747,614.5014869676681,4.3821046347147785e-08,4.3821046347147785e-08
0.3705003365880848,120.75196673030594,122.29515267661506,0.0,591.8704060000002,0.0,1.8286443446757914e-08,0.0,2.987857074054041e-08,0.0,4.499999999999996,4.500000000000003,1.0810744985903822e-10,0.0,0.0,0.0,0.0,1.8286443446757914e-08,1.828654051414678e-08,2.9879717707968785e-08,2.987857074054041e-08,2.0157001864488195e-18,-4.072570806345628e-18,1511.653555625349,1511.6535556322408,2470.0014461235064,2469.9066322690246,1.6662716006976552e-07,1.6662738744344097e-07,397.5536988931546,397.55369888626274,649.5921023055583,649.5671669634513,4.38205915997969e-08,4.38205915997969e-08
0.3905003365880848,120.75196673030594,122.29515267661506,0.0,591.8704060000002,0.0,1.8286443446757914e-08,0.0,3.149151002319678e-08,0.0,4.499999999999996,4.500000000000003,1.0810744985903822e-10,0.0,0.0,0.0,0.0,1.8286443446757914e-08,1.828654051414678e-08,3.1492656990625174e-08,3.149151002319678e-08,2.0156803341141183e-18,-4.07259065868033e-18,1511.653555625349,1511.6535556322408,2603.334779443727,2603.2399655892436,1.6662579582771286e-07,1.666260232013883e-07,397.5536988931546,397.55369888626274,684.657782301342,684.6328469592345,4.382013685244601e-08,4.382013685244601e-08
0.4105003365880848,120.75196673030594,122.29515267661506,0.0,591.8704060000002,0.0,1.8286443446757914e-08,0.0,3.310444930585315e-08,0.0,4.499999999999996,4.500000000000003,1.0810744985903822e-10,0.0,0.0,0.0,0.0,1.8286443446757914e-08,1.828654051414678e-08,3.3105596273281564e-08,3.310444930585315e-08,2.015660481779417e-18,-4.072610511015031e-18,1511.653555625349,1511.6535556322408,2736.668112763947,2736.5732989094627,1.666244315856602e-07,1.6662465895933565e-07,397.5536988931546,397.55369888626274,719.7234622971256,719.6985269550177,4.3819682105095126e-08,4.3819682105095126e-08
0.43050033658808484,120.75196673030594,122.29515267661506,0.0,591.8704060000002,0.0,1.8286443446757914e-08,0.0,3.471738858850952e-08,0.0,4.499999999999996,4.500000000000003,1.0810744985903822e-10,0.0,0.0,0.0,0.0,1.8286443446757914e-08,1.828654051414678e-08,3.4718535555937954e-08,3.471738858850952e-08,2.0156406294447157e-18,-4.072630363349732e-18,1511.653555625349,1511.6535556322408,2870.0014460841676,2869.9066322296817,1.6662306734360754e-07,1.66623294717283e-07,397.5536988931546,397.55369888626274,754.7891422929092,754.7642069508008,4.381922735774424e-08,4.381922735774424e-08
0.45050033658808486,120.75196673030594,122.29515267661506,0.0,591.8704060000002,0.0,1.8286443446757914e-08,0.0,3.633032787116589e-08,0.0,4.499999999999996,4.500000000000003,1.0810744985903822e-10,0.0,0.0,0.0,0.0,1.8286443446757914e-08,1.828654051414678e-08,3.6331474838594344e-08,3.633032787116589e-08,2.0156207771100144e-18,-4.0726502156844335e-18,1511.653555625349,1511.6535556322408,3003.334779404388,3003.2399655499007,1.6662170310155489e-07,1.6662193047523033e-07,397.5536988931546,397.55369888626274,789.8548222886928,789.829886946584,4.381877261039335e-08,4.381877261039335e-08
0.4705003365880849,120.75196673030594,122.29515267661506,0.0,591.8704060000002,0.0,1.8286443446757914e-08,0.0,3.794326715382226e-08,0.0,4.499999999999996,4.500000000000003,1.0810744985903822e-10,0.0,0.0,0.0,0.0,1.8286443446757914e-08,1.828654051414678e-08,3.794441412125073e-08,3.794326715382226e-08,2.015600924775313e-18,-4.072670068019135e-18,1511.653555625349,1511.6535556322408,3136.6681127246084,3136.5732988701197,1.6662033885950223e-07,1.6662056623317767e-07,397.5536988931546,397.55369888626274,824.9205022844765,824.8955669423672,4.3818317863042466e-08,4.3818317863042466e-08
0.4905003365880849,120.75196673030594,122.29515267661506,0.0,591.8704060000002,0.0,1.8286443446757914e-08,0.0,3.955620643647863e-08,0.0,4.499999999999996,4.500000000000003,1.0810744985903822e-10,0.0,0.0,0.0,0.0,1.8286443446757914e-08,1.828654051414678e-08,3.955735340390712e-08,3.955620643647863e-08,2.015581072440612e-18,-4.072689920353836e-18,1511.653555625349,1511.6535556322408,3270.0014460448288,3269.9066321903388,1.6661897461744957e-07,1.66619201991125e-07,397.5536988931546,397.55369888626274,859.9861822802601,859.9612469381503,4.381786311569158e-08,4.381786311569158e-08
0.5105003365880849,120.75196673030594,122.29515267661506,0.0,591.8704060000002,0.0,1.8286443446757914e-08,0.0,4.1169145719135e-08,0.0,4.499999999999996,4.500000000000003,1.0810744985903822e-10,0.0,0.0,0.0,0.0,1.8286443446757914e-08,1.828654051414678e-08,4.117029268656351e-08,4.1169145719135e-08,2.0155612201059106e-18,-4.072709772688537e-18,1511.653555625349,1511.6535556322408,3403.334779365049,3403.239965510558,1.666176103753969e-07,1.6661783774907235e-07,397.5536988931546,397.55369888626274,895.0518622760437,895.0269269339335,4.3817408368340693e-08,4.3817408368340693e-08
0.5305003365880849,120.75196673030594,122.29515267661506,0.0,591.8704060000002,0.0,1.8286443446757914e-08,0.0,4.278208500179137e-08,0.0,4.499999999999996,4.500000000000003,1.0810744985903822e-10,0.0,0.0,0.0,0.0,1.8286443446757914e-08,1.828654051414678e-08,4.27832319692199e-08,4.278208500179137e-08,2.0155413677712094e-18,-4.0727296250232385e-18,1511.653555625349,1511.6535556322408,3536.6681126852695,3536.573298830777,1.6661624613334425e-07,1.666164735070197e-07,397.5536988931546,397.55369888626274,930.1175422718273,930.0926069297167,4.381695362098981e-08,4.381695362098981e-08
0.550500336588085,120.75196673030594,122.29515267661506,0.0,591.8704060000002,0.0,1.8286443446757914e-08,0.0,4.439502428444774e-08,0.0,4.499999999999996,4.500000000000003,1.0810744985903822e-10,0.0,0.0,0.0,0.0,1.8286443446757914e-08,1.828654051414678e-08,4.439617125187629e-08,4.439502428444774e-08,2.015521515436508e-18,-4.07274947735794e-18,1511.653555625349,1511.6535556322408,3670.00144600549,3669.906632150996,1.666148818912916e-07,1.6661510926496703e-07,397.5536988931546,397.55369888626274,965.183222267611,965.1582869254999,4.381649887363892e-08,4.381649887363892e-08
0.570500336588085,120.75196673030594,122.29515267661506,0.0,591.8704060000002,0.0,1.8286443446757914e-08,0.0,4.600796356710411e-08,0.0,4.499999999999996,4.500000000000003,1.0810744985903822e-10,0.0,0.0,0.0,0.0,1.8286443446757914e-08,1.828654051414678e-08,4.600911053453268e-08,4.600796356710411e-08,2.015501663101807e-18,-4.072769329692641e-18,1511.653555625349,1511.6535556322408,3803.3347793257103,3803.239965471215,1.6661351764923893e-07,1.6661374502291437e-07,397.5536988931546,397.55369888626274,1000.2489022633946,1000.223966921283,4.3816044126288034e-08,4.3816044126288034e-08
0.590500336588085,120.75196673030594,122.29515267661506,0.0,591.8704060000002,0.0,1.8286443446757914e-08,0.0,4.762090284976048e-08,0.0,4.499999999999996,4.500000000000003,1.0810744985903822e-10,0.0,0.0,0.0,0.0,1.8286443446757914e-08,1.828654051414678e-08,4.762204981718907e-08,4.762090284976048e-08,2.0154818107671055e-18,-4.072789182027342e-18,1511.653555625349,1511.6535556322408,3936.6681126459307,3936.573298791434,1.6661215340718627e-07,1.666123807808617e-07,397.5536988931546,397.55369888626274,1035.3145822591782,1035.2896469170662,4.381558937893715e-08,4.381558937893715e-08
0.610500336588085,120.75196673030594,122.29515267661506,0.0,591.8704060000002,0.0,1.8286443446757914e-08,0.0,4.923384213241685e-08,0.0,4.499999999999996,4.500000000000003,1.0810744985903822e-10,0.0,0.0,0.0,0.0,1.8286443446757914e-08,1.828654051414678e-08,4.923498909984546e-08,4.923384213241685e-08,2.0154619584324043e-18,-4.072809034362044e-18,1511.653555625349,1511.6535556322408,4070.001445966151,4069.906632111653,1.666107891651336e-07,1.6661101653880905e-07,397.5536988931546,397.55369888626274,1070.380262254962,1070.3553269128495,4.381513463158626e-08,4.381513463158626e-08
0.630500336588085,120.75196673030594,122.29515267661506,0.0,591.8704060000002,0.0,1.8286443446757914e-08,0.0,5.084678141507322e-08,0.0,4.499999999999996,4.500000000000003,1.0810744985903822e-10,0.0,0.0,0.0,0.0,1.8286443446757914e-08,1.828654051414678e-08,5.084792838250185e-08,5.084678141507322e-08,2.015442106097703e-18,-4.072828886696745e-18,1511.653555625349,1511.6535556322408,4203.3347792863715,4203.2399654318715,1.6660897017573006e-07,1.666091975494055e-07,397.5536988931546,397.55369888626274,1105.4459422507457,1105.4210069086328,4.3814679884235375e-08,4.3814679884235375e-08
0.650500336588085,120.75196673030594,122.29515267661506,0.0,591.8704060000002,0.0,1.8286443446757914e-08,0.0,5.245972069772959e-08,0.0,4.499999999999996,4.500000000000003,1.0810744985903822e-10,0.0,0.0,0.0,0.0,1.8286443446757914e-08,1.828654051414678e-08,5.246086766515824e-08,5.245972069772959e-08,2.0154222537630017e-18,-4.072848739031446e-18,1511.653555625349,1511.6535556322408,4336.668112606592,4336.5732987520905,1.6660715118632652e-07,1.6660737856000196e-07,397.5536988931546,397.55369888626274,1140.5116222465294,1140.486686904416,4.381422513688449e-08,4.381422513688449e-08
0.670500336588085,120.75196673030594,122.29515267661506,0.0,591.8704060000002,0.0,1.8286443446757914e-08,0.0,5.407265998038596e-08,0.0,4.499999999999996,4.500000000000003,1.0810744985903822e-10,0.0,0.0,0.0,0.0,1.8286443446757914e-08,1.828654051414678e-08,5.407380694781463e-08,5.407265998038596e-08,2.0154024014283004e-18,-4.0728685913661475e-18,1511.653555625349,1511.6535556322408,4470.001445926813,4469.90663207231,1.6660533219692297e-07,1.6660555957059842e-07,397.5536988931546,397.55369888626274,1175.5773022423132,1175.5523669001993,4.38137703895336e-08,4.38137703895336e-08
0.6905003365880851,120.75196673030594,122.29515267661506,0.0,591.8704060000002,0.0,1.8286443446757914e-08,0.0,5.568559926304233e-08,0.0,4.499999999999996,4.500000000000003,1.0810744985903822e-10,0.0,0.0,0.0,0.0,1.8286443446757914e-08,1.828654051414678e-08,5.568674623047102e-08,5.568559926304233e-08,2.015382549093599e-18,-4.072888443700849e-18,1511.653555625349,1511.6535556322408,4603.334779247034,4603.239965392529,1.6660351320751943e-07,1.6660374058119487e-07,397.5536988931546,397.55369888626274,1210.642982238097,1210.6180468959826,4.3813315642182715e-08,4.3813315642182715e-08
0.7105003365880851,120.75196673030594,122.29515267661506,0.0,591.8704060000002,0.0,1.8286443446757914e-08,0.0,5.72985385456987e-08,0.0,4.499999999999996,4.500000000000003,1.0810744985903822e-10,0.0,0.0,0.0,0.0,1.8286443446757914e-08,1.828654051414678e-08,5.729968551312741e-08,5.72985385456987e-08,2.015362696758898e-18,-4.07290829603555e-18,1511.653555625349,1511.6535556322408,4736.668112567255,4736.573298712748,1.6660169421811588e-07,1.6660192159179132e-07,397.5536988931546,397.55369888626274,1245.7086622338807,1245.683726891766,4.381286089483183e-08,4.381286089483183e-08
0.7305003365880851,120.75196673030594,122.29515267661506,0.0,591.8704060000002,0.0,1.8286443446757914e-08,0.0,5.891147782835507e-08,0.0,4.499999999999996,4.500000000000003,1.0810744985903822e-10,0.0,0.0,0.0,0.0,1.8286443446757914e-08,1.828654051414678e-08,5.89126247957838e-08,5.891147782835507e-08,2.0153428444241966e-18,-4.072928148370251e-18,1511.653555625349,1511.6535556322408,4870.001445887476,4869.906632032967,1.6659987522871234e-07,1.6660010260238778e-07,397.5536988931546,397.55369888626274,1280.7743422296644,1280.7494068875492,4.381240614748094e-08,4.381240614748094e-08
0.7505003365880851,120.75196673030594,122.29515267661506,0.0,591.8704060000002,0.0,1.8286443446757914e-08,0.0,6.052441711101145e-08,0.0,4.499999999999996,4.500000000000003,1.0810744985903822e-10,0.0,0.0,0.0,0.0,1.8286443446757914e-08,1.828654051414678e-08,6.052556407844019e-08,6.052441711101145e-08,2.0153296095343958e-18,-4.072941383260052e-18,1511.653555625349,1511.6535556322408,5003.334779207697,5003.239965353186,1.665980562393088e-07,1.6659828361298423e-07,397.5536988931546,397.55369888626274,1315.8400222254481,1315.8150868833325,4.3811951400130056e-08,4.3811951400130056e-08
0.7705003365880851,120.75196673030594,122.29515267661506,0.0,591.8704060000002,0.0,1.8286443446757914e-08,0.0,6.213735639366782e-08,0.0,4.499999999999996,4.500000000000003,1.0810744985903822e-10,0.0,0.0,0.0,0.0,1.8286443446757914e-08,1.828654051414678e-08,6.213850336109659e-08,6.213735639366782e-08,2.015303139754794e-18,-4.072967853039654e-18,1511.653555625349,1511.6535556322408,5136.668112527917,5136.573298673405,1.6659623724990524e-07,1.6659646462358069e-07,397.5536988931546,397.55369888626274,1350.9057022212319,1350.8807668791158,4.381149665277917e-08,4.381149665277917e-08
0.7905003365880852,120.75196673030594,122.29515267661506,0.0,591.8704060000002,0.0,1.8286443446757914e-08,0.0,6.375029567632419e-08,0.0,4.499999999999996,4.500000000000003,1.0810744985903822e-10,0.0,0.0,0.0,0.0,1.8286443446757914e-08,1.828654051414678e-08,6.375144264375298e-08,6.375029567632419e-08,2.0152766699751924e-18,-4.0729943228192555e-18,1511.653555625349,1511.6535556322408,5270.001445848138,5269.906631993624,1.665944182605017e-07,1.6659464563417714e-07,397.5536988931546,397.55369888626274,1385.9713822170156,1385.946446874899,4.381104190542828e-08,4.381104190542828e-08
0.8105003365880852,120.75196673030594,122.29515267661506,0.0,591.8704060000002,0.0,1.8286443446757914e-08,0.0,6.536323495898056e-08,0.0,4.499999999999996,4.500000000000003,1.0810744985903822e-10,0.0,0.0,0.0,0.0,1.8286443446757914e-08,1.828654051414678e-08,6.536438192640938e-08,6.536323495898056e-08,2.0152502001955907e-18,-4.073020792598857e-18,1511.653555625349,1511.6535556322408,5403.334779168359,5403.239965313843,1.6659259927109815e-07,1.665928266447736e-07,397.5536988931546,397.55369888626274,1421.0370622127994,1421.0121268706823,4.3810587158077396e-08,4.3810587158077396e-08
0.8305003365880852,120.75196673030594,122.29515267661506,0.0,591.8704060000002,0.0,1.8286443446757914e-08,0.0,6.697617424163693e-08,0.0,4.499999999999996,4.500000000000003,1.0810744985903822e-10,0.0,0.0,0.0,0.0,1.8286443446757914e-08,1.828654051414678e-08,6.697732120906578e-08,6.697617424163693e-08,2.015223730415989e-18,-4.073047262378459e-18,1511.653555625349,1511.6535556322408,5536.66811248858,5536.573298634062,1.665907802816946e-07,1.6659100765537005e-07,397.5536988931546,397.55369888626274,1456.102742208583,1456.0778068664656,4.381013241072651e-08,4.381013241072651e-08
0.8505003365880852,120.75196673030594,122.29515267661506,0.0,591.8704060000002,0.0,1.8286443446757914e-08,0.0,6.85891135242933e-08,0.0,4.499999999999996,4.500000000000003,1.0810744985903822e-10,0.0,0.0,0.0,0.0,1.8286443446757914e-08,1.828654051414678e-08,6.859026049172217e-08,6.85891135242933e-08,2.0151972606363873e-18,-4.0730737321580606e-18,1511.653555625349,1511.6535556322408,5670.001445808801,5669.906631954281,1.6658896129229106e-07,1.665891886659665e-07,397.5536988931546,397.55369888626274,1491.1684222043668,1491.143486862249,4.3809677663375624e-08,4.3809677663375624e-08
0.8705003365880852,120.75196673030594,122.29515267661506,0.0,591.8704060000002,0.0,1.8286443446757914e-08,0.0,7.020205280694967e-08,0.0,4.499999999999996,4.500000000000003,1.0810744985903822e-10,0.0,0.0,0.0,0.0,1.8286443446757914e-08,1.828654051414678e-08,7.020319977437857e-08,7.020205280694967e-08,2.0151707908567856e-18,-4.073100201937662e-18,1511.653555625349,1511.6535556322408,5803.334779129022,5803.2399652745,1.6658714230288751e-07,1.6658736967656296e-07,397.5536988931546,397.55369888626274,1526.2341022001506,1526.2091668580322,4.380922291602474e-08,4.380922291602474e-08
0.8905003365880853,120.75196673030594,122.29515267661506,0.0,591.8704060000002,0.0,1.8286443446757914e-08,0.0,7.181499208960604e-08,0.0,4.499999999999996,4.500000000000003,1.0810744985903822e-10,0.0,0.0,0.0,0.0,1.8286443446757914e-08,1.828654051414678e-08,7.181613905703496e-08,7.181499208960604e-08,2.015144321077184e-18,-4.073126671717264e-18,1511.653555625349,1511.6535556322408,5936.6681124492425,5936.573298594719,1.6658532331348397e-07,1.665855506871594e-07,397.5536988931546,397.55369888626274,1561.2997821959343,1561.2748468538155,4.380876816867385e-08,4.380876816867385e-08
0.9105003365880853,120.75196673030594,122.29515267661506,0.0,591.8704060000002,0.0,1.8286443446757914e-08,0.0,7.34279313722624e-08,0.0,4.499999999999996,4.500000000000003,1.0810744985903822e-10,0.0,0.0,0.0,0.0,1.8286443446757914e-08,1.828654051414678e-08,7.342907833969136e-08,7.34279313722624e-08,2.0151178512975822e-18,-4.073153141496866e-18,1511.653555625349,1511.6535556322408,6070.001445769463,6069.906631914938,1.6658350432408042e-07,1.6658373169775587e-07,397.5536988931546,397.55369888626274,1596.365462191718,1596.3405268495987,4.3808313421322964e-08,4.3808313421322964e-08
0.9305003365880853,120.75196673030594,122.29515267661506,0.0,591.8704060000002,0.0,1.8286443446757914e-08,0.0,7.504087065491878e-08,0.0,4.499999999999996,4.500000000000003,1.0810744985903822e-10,0.0,0.0,0.0,0.0,1.8286443446757914e-08,1.828654051414678e-08,7.504201762234776e-08,7.504087065491878e-08,2.0150913815179805e-18,-4.0731796112764674e-18,1511.653555625349,1511.6535556322408,6203.334779089684,6203.239965235157,1.6658168533467688e-07,1.6658191270835232e-07,397.5536988931546,397.55369888626274,1631.4311421875018,1631.406206845382,4.380785867397208e-08,4.380785867397208e-08
0.9505003365880853,120.75196673030594,122.29515267661506,0.0,591.8704060000002,0.0,1.8286443446757914e-08,0.0,7.665380993757515e-08,0.0,4.499999999999996,4.500000000000003,1.0810744985903822e-10,0.0,0.0,0.0,0.0,1.8286443446757914e-08,1.828654051414678e-08,7.665495690500415e-08,7.665380993757515e-08,2.015064911738379e-18,-4.073206081056069e-18,1511.653555625349,1511.6535556322408,6336.668112409905,6336.573298555376,1.6657986634527333e-07,1.6658009371894877e-07,397.5536988931546,397.55369888626274,1666.4968221832855,1666.4718868411653,4.380740392662119e-08,4.380740392662119e-08
0.9705003365880853,120.75196673030594,122.29515267661506,0.0,591.8704060000002,0.0,1.8286443446757914e-08,0.0,7.826674922023152e-08,0.0,4.499999999999996,4.500000000000003,1.0810744985903822e-10,0.0,0.0,0.0,0.0,1.8286443446757914e-08,1.828654051414678e-08,7.826789618766055e-08,7.826674922023152e-08,2.015038441958777e-18,-4.073232550835671e-18,1511.653555625349,1511.6535556322408,6470.001445730126,6469.906631875595,1.6657804735586978e-07,1.6657827472954523e-07,397.5536988931546,397.55369888626274,1701.5625021790693,1701.5375668369486,4.3806949179270305e-08,4.3806949179270305e-08
0.9905003365880853,120.75196673030594,122.29515267661506,0.0,591.8704060000002,0.0,1.8286443446757914e-08,0.0,7.987968850288789e-08,0.0,4.499999999999996,4.500000000000003,1.0810744985903822e-10,0.0,0.0,0.0,0.0,1.8286443446757914e-08,1.828654051414678e-08,7.988083547031695e-08,7.987968850288789e-08,2.0150119721791754e-18,-4.0732590206152725e-18,1511.653555625349,1511.6535556322408,6603.334779050347,6603.239965195814,1.6657622836646624e-07,1.6657645574014168e-07,397.5536988931546,397.55369888626274,1736.628182174853,1736.6032468327319,4.380649443191942e-08,4.380649443191942e-08
1.0105003365880854,120.75196673030594,122.29515267661506,0.0,591.8704060000002,0.0,1.8286443446757914e-08,0.0,8.149262778554426e-08,0.0,4.499999999999996,4.500000000000003,1.0810744985903822e-10,0.0,0.0,0.0,0.0,1.8286443446757914e-08,1.828654051414678e-08,8.149377475297334e-08,8.149262778554426e-08,2.0149855023995737e-18,-4.073285490394874e-18,1511.653555625349,1511.6535556322408,6736.6681123705675,6736.573298516033,1.665744093770627e-07,1.6657463675073814e-07,397.5536988931546,397.55369888626274,1771.6938621706367,1771.6689268285152,4.380603968456853e-08,4.380603968456853e-08
1.0305003365880854,120.75196673030594,122.29515267661506,0.0,591.8704060000002,0.0,1.8286443446757914e-08,0.0,8.310556706820063e-08,0.0,4.499999999999996,4.500000000000003,1.0810744985903822e-10,0.0,0.0,0.0,0.0,1.8286443446757914e-08,1.828654051414678e-08,8.310671403562974e-08,8.310556706820063e-08,2.014959032619972e-18,-4.073311960174476e-18,1511.653555625349,1511.6535556322408,6870.001445690788,6869.906631836252,1.6657259038765915e-07,1.665728177613346e-07,397.5536988931546,397.55369888626274,1806.7595421664205,1806.7346068242985,4.3805584937217645e-08,4.3805584937217645e-08
1.0505003365880854,120.75196673030594,122.29515267661506,0.0,591.8704060000002,0.0,1.8286443446757914e-08,0.0,8.4718506350857e-08,0.0,4.499999999999996,4.500000000000003,1.0810744985903822e-10,0.0,0.0,0.0,0.0,1.8286443446757914e-08,1.828654051414678e-08,8.471965331828613e-08,8.4718506350857e-08,2.0149325628403703e-18,-4.0733384299540776e-18,1511.653555625349,1511.6535556322408,7003.334779011009,7003.239965156471,1.665707713982556e-07,1.6657099877193104e-07,397.5536988931546,397.55369888626274,1841.8252221622042,1841.8002868200817,4.380513018986676e-08,4.380513018986676e-08
1.0705003365880854,120.75196673030594,122.29515267661506,0.0,591.8704060000002,0.0,1.8286443446757914e-08,0.0,8.633144563351337e-08,0.0,4.499999999999996,4.500000000000003,1.0810744985903822e-10,0.0,0.0,0.0,0.0,1.8286443446757914e-08,1.828654051414678e-08,8.633259260094253e-08,8.633144563351337e-08,2.0149060930607686e-18,-4.073364899733679e-18,1511.653555625349,1511.6535556322408,7136.66811233123,7136.57329847669,1.6656895240885206e-07,1.665691797825275e-07,397.5536988931546,397.55369888626274,1876.890902157988,1876.865966815865,4.380467544251587e-08,4.380467544251587e-08
1.0905003365880854,120.75196673030594,122.29515267661506,0.0,591.8704060000002,0.0,1.8286443446757914e-08,0.0,8.794438491616974e-08,0.0,4.499999999999996,4.500000000000003,1.0810744985903822e-10,0.0,0.0,0.0,0.0,1.8286443446757914e-08,1.828654051414678e-08,8.794553188359893e-08,8.794438491616974e-08,2.014879623281167e-18,-4.073391369513281e-18,1511.653555625349,1511.6535556322408,7270.001445651451,7269.906631796909,1.665671334194485e-07,1.6656736079312395e-07,397.5536988931546,397.55369888626274,1911.9565821537717,1911.9316468116483,4.3804220695164986e-08,4.3804220695164986e-08
1.1105003365880854,120.75196673030594,122.29515267661506,0.0,591.8704060000002,0.0,1.8286443446757914e-08,0.0,8.95573241988261e-08,0.0,4.499999999999996,4.500000000000003,1.0810744985903822e-10,0.0,0.0,0.0,0.0,1.8286443446757914e-08,1.828654051414678e-08,8.955847116625532e-08,8.95573241988261e-08,2.0148531535015652e-18,-4.073417839292883e-18,1511.653555625349,1511.6535556322408,7403.334778971672,7403.239965117128,1.6656531443004496e-07,1.665655418037204e-07,397.5536988931546,397.55369888626274,1947.0222621495554,1946.9973268074316,4.38037659478141e-08,4.38037659478141e-08
1.1305003365880855,120.75196673030594,122.29515267661506,0.0,591.8704060000002,0.0,1.8286443446757914e-08,0.0,9.117026348148247e-08,0.0,4.499999999999996,4.500000000000003,1.0810744985903822e-10,0.0,0.0,0.0,0.0,1.8286443446757914e-08,1.828654051414678e-08,9.117141044891172e-08,9.117026348148247e-08,2.0148266837219635e-18,-4.073444309072484e-18,1511.653555625349,1511.6535556322408,7536.668112291893,7536.573298437347,1.6656349544064142e-07,1.6656372281431686e-07,397.5536988931546,397.55369888626274,1982.0879421453392,1982.0630068032149,4.380331120046321e-08,4.380331120046321e-08
1.1505003365880855,120.75196673030594,122.29515267661506,0.0,591.8704060000002,0.0,1.8286443446757914e-08,0.0,9.278320276413884e-08,0.0,4.499999999999996,4.500000000000003,1.0810744985903822e-10,0.0,0.0,0.0,0.0,1.8286443446757914e-08,1.828654051414678e-08,9.278434973156812e-08,9.278320276413884e-08,2.014800213942362e-18,-4.073470778852086e-18,1511.653555625349,1511.6535556322408,7670.0014456121135,7669.906631757566,1.6656167645123787e-07,1.6656190382491332e-07,397.5536988931546,397.55369888626274,2017.153622141123,2017.1286867989982,4.3802856453112327e-08,4.3802856453112327e-08
1.1705003365880855,120.75196673030594,122.29515267661506,0.0,591.8704060000002,0.0,1.8286443446757914e-08,0.0,9.439614204679521e-08,0.0,4.499999999999996,4.500000000000003,1.0810744985903822e-10,0.0,0.0,0.0,0.0,1.8286443446757914e-08,1.828654051414678e-08,9.439728901422451e-08,9.439614204679521e-08,2.01477374416276e-18,-4.073497248631688e-18,1511.653555625349,1511.6535556322408,7803.334778932334,7803.239965077785,1.6655985746183433e-07,1.6656008483550977e-07,397.5536988931546,397.55369888626274,2052.2193021369067,2052.194366794781,4.3802174332086e-08,4.3802174332086e-08
1.1905003365880855,120.75196673030594,122.29515267661506,0.0,591.8704060000002,0.0,1.8286443446757914e-08,0.0,9.600908132945158e-08,0.0,4.499999999999996,4.500000000000003,1.0810744985903822e-10,0.0,0.0,0.0,0.0,1.8286443446757914e-08,1.828654051414678e-08,9.601022829688091e-08,9.600908132945158e-08,2.0147472743831584e-18,-4.0735237184112895e-18,1511.653555625349,1511.6535556322408,7936.668112252555,7936.573298398004,1.6655803847243078e-07,1.6655826584610622e-07,397.5536988931546,397.55369888626274,2087.2849821326904,2087.2600467905645,4.380171958473511e-08,4.380171958473511e-08
1.2105003365880855,120.75196673030594,122.29515267661506,0.0,591.8704060000002,0.0,1.8286443446757914e-08,0.0,9.762202061210795e-08,0.0,4.499999999999996,4.500000000000003,1.0810744985903822e-10,0.0,0.0,0.0,0.0,1.8286443446757914e-08,1.828654051414678e-08,9.76231675795373e-08,9.762202061210795e-08,2.0147208046035568e-18,-4.073550188190891e-18,1511.653555625349,1511.6535556322408,8070.001445572776,8069.906631718223,1.6655621948302723e-07,1.6655644685670268e-07,397.5536988931546,397.55369888626274,2122.350662128474,2122.325726786348,4.3801264837384224e-08,4.3801264837384224e-08
1.2305003365880856,120.75196673030594,122.29515267661506,0.0,591.8704060000002,0.0,1.8286443446757914e-08,0.0,9.923495989476432e-08,0.0,4.499999999999996,4.500000000000003,1.0810744985903822e-10,0.0,0.0,0.0,0.0,1.8286443446757914e-08,1.828654051414678e-08,9.92361068621937e-08,9.923495989476432e-08,2.014694334823955e-18,-4.073576657970493e-18,1511.653555625349,1511.6535556322408,8203.334778892997,8203.239965038441,1.6655349099892192e-07,1.6655371837259736e-07,397.5536988931546,397.55369888626274,2157.416342124258,2157.391406782131,4.380081009003334e-08,4.380081009003334e-08
1.2505003365880856,120.75196673030594,122.29515267661506,0.0,591.8704060000002,0.0,1.8286443446757914e-08,0.0,1.008478991774207e-07,0.0,4.499999999999996,4.500000000000003,1.0810744985903822e-10,0.0,0.0,0.0,0.0,1.8286443446757914e-08,1.828654051414678e-08,1.008490461448501e-07,1.008478991774207e-07,2.0146678650443534e-18,-4.0736031277500945e-18,1511.653555625349,1511.6535556322408,8336.668112213218,8336.57329835866,1.6655167200951837e-07,1.6655189938319381e-07,397.5536988931546,397.55369888626274,2192.4820221200416,2192.4570867779144,4.380035534268245e-08,4.380035534268245e-08
1.2705003365880856,120.75196673030594,122.29515267661506,0.0,591.8704060000002,0.0,1.8286443446757914e-08,0.0,1.0246083846007706e-07,0.0,4.499999999999996,4.500000000000003,1.0810744985903822e-10,0.0,0.0,0.0,0.0,1.8286443446757914e-08,1.828654051414678e-08,1.024619854275065e-07,1.0246083846007706e-07,2.0146413952647517e-18,-4.073629597529696e-18,1511.653555625349,1511.6535556322408,8470.001445533439,8469.90663167888,1.6654985302011482e-07,1.6655008039379027e-07,397.5536988931546,397.55369888626274,2227.5477021158254,2227.5227667736976,4.3799900595331565e-08,4.3799900595331565e-08
1.2905003365880856,120.75196673030594,122.29515267661506,0.0,591.8704060000002,0.0,1.8286443446757914e-08,0.0,1.0407377774273343e-07,0.0,4.499999999999996,4.500000000000003,1.0810744985903822e-10,0.0,0.0,0.0,0.0,1.8286443446757914e-08,1.828654051414678e-08,1.0407492471016289e-07,1.0407377774273343e-07,2.01461492548515e-18,-4.073656067309298e-18,1511.653555625349,1511.6535556322408,8603.33477885366,8603.239964999098,1.6654803403071128e-07,1.6654826140438672e-07,397.5536988931546,397.55369888626274,2262.613382111609,2262.588446769481,4.379944584798068e-08,4.379944584798068e-08
1.3105003365880856,120.75196673030594,122.29515267661506,0.0,591.8704060000002,0.0,1.8286443446757914e-08,0.0,1.056867170253898e-07,0.0,4.499999999999996,4.500000000000003,1.0810744985903822e-10,0.0,0.0,0.0,0.0,1.8286443446757914e-08,1.828654051414678e-08,1.0568786399281929e-07,1.056867170253898e-07,2.0145884557055483e-18,-4.0736825370889e-18,1511.653555625349,1511.6535556322408,8736.66811217388,8736.573298319317,1.6654621504130773e-07,1.6654644241498318e-07,397.5536988931546,397.55369888626274,2297.679062107393,2297.654126765264,4.379899110062979e-08,4.379899110062979e-08
1.3305003365880856,120.75196673030594,122.29515267661506,0.0,591.8704060000002,0.0,1.8286443446757914e-08,0.0,1.0729965630804617e-07,0.0,4.499999999999996,4.500000000000003,1.0810744985903822e-10,0.0,0.0,0.0,0.0,1.8286443446757914e-08,1.828654051414678e-08,1.0730080327547568e-07,1.0729965630804617e-07,2.0145619859259466e-18,-4.073709006868501e-18,1511.653555625349,1511.6535556322408,8870.001445494101,8869.906631639536,1.6654439605190419e-07,1.6654462342557963e-07,397.5536988931546,397.55369888626274,2332.7447421031766,2332.7198067610475,4.3798536353278905e-08,4.3798536353278905e-08
1.3505003365880857,120.75196673030594,122.29515267661506,0.0,591.8704060000002,0.0,1.8286443446757914e-08,0.0,1.0891259559070254e-07,0.0,4.499999999999996,4.500000000000003,1.0810744985903822e-10,0.0,0.0,0.0,0.0,1.8286443446757914e-08,1.828654051414678e-08,1.0891374255813208e-07,1.0891259559070254e-07,2.014535516146345e-18,-4.073735476648103e-18,1511.653555625349,1511.6535556322408,9003.334778814322,9003.239964959756,1.6654257706250064e-07,1.6654280443617608e-07,397.5536988931546,397.55369888626274,2367.8104220989603,2367.785486756831,4.379808160592802e-08,4.379808160592802e-08
1.3705003365880857,120.75196673030594,122.29515267661506,0.0,591.8704060000002,0.0,1.8286443446757914e-08,0.0,1.1052553487335891e-07,0.0,4.499999999999996,4.500000000000003,1.0810744985903822e-10,0.0,0.0,0.0,0.0,1.8286443446757914e-08,1.828654051414678e-08,1.1052668184078848e-07,1.1052553487335891e-07,2.014509046366743e-18,-4.073761946427705e-18,1511.653555625349,1511.6535556322408,9136.668112134543,9136.573298279975,1.665407580730971e-07,1.6654098544677254e-07,397.5536988931546,397.55369888626274,2402.876102094744,2402.851166752614,4.379762685857713e-08,4.379762685857713e-08
1.3905003365880857,120.75196673030594,122.29515267661506,0.0,591.8704060000002,0.0,1.8286443446757914e-08,0.0,1.1213847415601528e-07,0.0,4.499999999999996,4.500000000000003,1.0810744985903822e-10,0.0,0.0,0.0,0.0,1.8286443446757914e-08,1.828654051414678e-08,1.1213962112344487e-07,1.1213847415601528e-07,2.0144825765871415e-18,-4.0737884162073064e-18,1511.653555625349,1511.6535556322408,9270.001445454764,9269.906631600194,1.6653893908369355e-07,1.66539166457369e-07,397.5536988931546,397.55369888626274,2437.941782090528,2437.9168467483973,4.3797172111226246e-08,4.3797172111226246e-08
1.4105003365880857,120.75196673030594,122.29515267661506,0.0,591.8704060000002,0.0,1.8286443446757914e-08,0.0,1.1375141343867165e-07,0.0,4.499999999999996,4.500000000000003,1.0810744985903822e-10,0.0,0.0,0.0,0.0,1.8286443446757914e-08,1.828654051414678e-08,1.1375256040610127e-07,1.1375141343867165e-07,2.0144561068075398e-18,-4.073814885986908e-18,1511.653555625349,1511.6535556322408,9403.334778774984,9403.239964920413,1.6653712009429e-07,1.6653734746796545e-07,397.5536988931546,397.55369888626274,2473.0074620863115,2472.9825267441806,4.379671736387536e-08,4.379671736387536e-08
1.4305003365880857,120.75196673030594,122.29515267661506,0.0,591.8704060000002,0.0,1.8286443446757914e-08,0.0,1.1536435272132802e-07,0.0,4.499999999999996,4.500000000000003,1.0810744985903822e-10,0.0,0.0,0.0,0.0,1.8286443446757914e-08,1.828654051414678e-08,1.1536549968875767e-07,1.1536435272132802e-07,2.014429637027938e-18,-4.07384135576651e-18,1511.653555625349,1511.6535556322408,9536.668112095205,9536.573298240632,1.6653530110488646e-07,1.665355284785619e-07,397.5536988931546,397.55369888626274,2508.0731420820953,2508.048206739964,4.379626261652447e-08,4.379626261652447e-08
1.4505003365880857,120.75196673030594,122.29515267661506,0.0,591.8704060000002,0.0,1.8286443446757914e-08,0.0,1.1697729200398439e-07,0.0,4.499999999999996,4.500000000000003,1.0810744985903822e-10,0.0,0.0,0.0,0.0,1.8286443446757914e-08,1.828654051414678e-08,1.1697843897141406e-07,1.1697729200398439e-07,2.0144031672483364e-18,-4.0738678255461115e-18,1511.653555625349,1511.6535556322408,9670.001445415426,9669.90663156085,1.665334821154829e-07,1.6653370948915835e-07,397.5536988931546,397.55369888626274,2543.138822077879,2543.113886735747,4.3795807869173586e-08,4.3795807869173586e-08
1.4705003365880858,120.75196673030594,122.29515267661506,0.0,591.8704060000002,0.0,1.8286443446757914e-08,0.0,1.1859023128664076e-07,0.0,4.499999999999996,4.500000000000003,1.0810744985903822e-10,0.0,0.0,0.0,0.0,1.8286443446757914e-08,1.828654051414678e-08,1.1859137825407046e-07,1.1859023128664076e-07,2.0143766974687347e-18,-4.073894295325713e-18,1511.653555625349,1511.6535556322408,9803.334778735647,9803.23996488107,1.6653166312607937e-07,1.665318904997548e-07,397.5536988931546,397.55369888626274,2578.2045020736628,2578.1795667315305,4.37953531218227e-08,4.37953531218227e-08
1.4905003365880858,120.75196673030594,122.29515267661506,0.0,591.8704060000002,0.0,1.8286443446757914e-08,0.0,1.2020317056929713e-07,0.0,4.499999999999996,4.500000000000003,1.0810744985903822e-10,0.0,0.0,0.0,0.0,1.8286443446757914e-08,1.828654051414678e-08,1.2020431753672684e-07,1.2020317056929713e-07,2.014363462578934e-18,-4.073907530215514e-18,1511.653555625349,1511.6535556322408,9936.668112055868,9936.573298201289,1.6652984413667582e-07,1.6653007151035126e-07,397.5536988931546,397.55369888626274,2613.2701820694465,2613.2452467273138,4.3794898374471813e-08,4.3794898374471813e-08
1.5105003365880858,120.75196673030594,122.29515267661506,0.0,591.8704060000002,0.0,1.8286443446757914e-08,0.0,1.218161098519535e-07,0.0,4.499999999999996,4.500000000000003,1.0810744985903822e-10,0.0,0.0,0.0,0.0,1.8286443446757914e-08,1.828654051414678e-08,1.2181725681938324e-07,1.218161098519535e-07,2.014336992799332e-18,-4.073933999995116e-18,1511.653555625349,1511.6535556322408,10070.001445376089,10069.906631521508,1.6652802514727227e-07,1.6652825252094772e-07,397.5536988931546,397.55369888626274,2648.3358620652302,2648.310926723097,4.379444362712093e-08,4.379444362712093e-08
1.5305003365880858,120.75196673030594,122.29515267661506,0.0,591.8704060000002,0.0,1.8286443446757914e-08,0.0,1.2342904913460987e-07,0.0,4.499999999999996,4.500000000000003,1.0810744985903822e-10,0.0,0.0,0.0,0.0,1.8286443446757914e-08,1.828654051414678e-08,1.2343019610203963e-07,1.2342904913460987e-07,2.0143105230197304e-18,-4.0739604697747174e-18,1511.653555625349,1511.6535556322408,10203.33477869631,10203.239964841727,1.6652620615786873e-07,1.6652643353154417e-07,397.5536988931546,397.55369888626274,2683.401542061014,2683.3766067188803,4.379398887977004e-08,4.379398887977004e-08
1.5505003365880858,120.75196673030594,122.29515267661506,0.0,591.8704060000002,0.0,1.8286443446757914e-08,0.0,1.2504198841726624e-07,0.0,4.499999999999996,4.500000000000003,1.0810744985903822e-10,0.0,0.0,0.0,0.0,1.8286443446757914e-08,1.828654051414678e-08,1.2504313538469603e-07,1.2504198841726624e-07,2.0142840532401288e-18,-4.073986939554319e-18,1511.653555625349,1511.6535556322408,10336.66811201653,10336.573298161946,1.6652438716846518e-07,1.6652461454214063e-07,397.5536988931546,397.55369888626274,2718.4672220567977,2718.4422867146636,4.3793534132419154e-08,4.3793534132419154e-08
1.5705003365880859,120.75196673030594,122.29515267661506,0.0,591.8704060000002,0.0,1.8286443446757914e-08,0.0,1.266549276999226e-07,0.0,4.499999999999996,4.500000000000003,1.0810744985903822e-10,0.0,0.0,0.0,0.0,1.8286443446757914e-08,1.828654051414678e-08,1.2665607466735243e-07,1.266549276999226e-07,2.014257583460527e-18,-4.074013409333921e-18,1511.653555625349,1511.6535556322408,10470.001445336751,10469.906631482165,1.6652256817906164e-07,1.6652279555273708e-07,397.5536988931546,397.55369888626274,2753.5329020525814,2753.507966710447,4.379307938506827e-08,4.379307938506827e-08
1.5905003365880859,120.75196673030594,122.29515267661506,0.0,591.8704060000002,0.0,1.8286443446757914e-08,0.0,1.2826786698257898e-07,0.0,4.499999999999996,4.500000000000003,1.0810744985903822e-10,0.0,0.0,0.0,0.0,1.8286443446757914e-08,1.828654051414678e-08,1.2826901395000882e-07,1.2826786698257898e-07,2.0142311136809254e-18,-4.0740398791135225e-18,1511.653555625349,1511.6535556322408,10603.334778656972,10603.239964802384,1.665207491896581e-07,1.6652097656333353e-07,397.5536988931546,397.55369888626274,2788.598582048365,2788.57364670623,4.379262463771738e-08,4.379262463771738e-08
1.610500336588086,120.75196673030594,122.29515267661506,0.0,591.8704060000002,0.0,1.8286443446757914e-08,0.0,1.2988080626523535e-07,0.0,4.499999999999996,4.500000000000003,1.0810744985903822e-10,0.0,0.0,0.0,0.0,1.8286443446757914e-08,1.828654051414678e-08,1.2988195323266522e-07,1.2988080626523535e-07,2.0142046439013237e-18,-4.074066348893124e-18,1511.653555625349,1511.6535556322408,10736.668111977193,10736.573298122603,1.6651893020025454e-07,1.6651915757393e-07,397.5536988931546,397.55369888626274,2823.664262044149,2823.6393267020135,4.3792169890366495e-08,4.3792169890366495e-08
1.630500336588086,120.75196673030594,122.29515267661506,0.0,591.8704060000002,0.0,1.8286443446757914e-08,0.0,1.3149374554789172e-07,0.0,4.499999999999996,4.500000000000003,1.0810744985903822e-10,0.0,0.0,0.0,0.0,1.8286443446757914e-08,1.828654051414678e-08,1.3149489251532162e-07,1.3149374554789172e-07,2.014178174121722e-18,-4.074092818672726e-18,1511.653555625349,1511.6535556322408,10870.001445297414,10869.906631442822,1.66517111210851e-07,1.6651733858452644e-07,397.5536988931546,397.55369888626274,2858.7299420399327,2858.7050066977968,4.379171514301561e-08,4.379171514301561e-08
1.650500336588086,120.75196673030594,122.29515267661506,0.0,591.8704060000002,0.0,1.8286443446757914e-08,0.0,1.331066848305481e-07,0.0,4.499999999999996,4.500000000000003,1.0810744985903822e-10,0.0,0.0,0.0,0.0,1.8286443446757914e-08,1.828654051414678e-08,1.33107831797978e-07,1.331066848305481e-07,2.0141517043421203e-18,-4.074119288452328e-18,1511.653555625349,1511.6535556322408,11003.334778617635,11003.239964763041,1.6651529222144745e-07,1.665155195951229e-07,397.5536988931546,397.55369888626274,2893.7956220357164,2893.77068669358,4.379126039566472e-08,4.379126039566472e-08
1.670500336588086,120.75196673030594,122.29515267661506,0.0,591.8704060000002,0.0,1.8286443446757914e-08,0.0,1.3471962411320446e-07,0.0,4.499999999999996,4.500000000000003,1.0810744985903822e-10,0.0,0.0,0.0,0.0,1.8286443446757914e-08,1.828654051414678e-08,1.347207710806344e-07,1.3471962411320446e-07,2.0141252345625186e-18,-4.074145758231929e-18,1511.653555625349,1511.6535556322408,11136.668111937855,11136.57329808326,1.665134732320439e-07,1.6651370060571935e-07,397.5536988931546,397.55369888626274,2928.8613020315,2928.8363666893633,4.3790805648313835e-08,4.3790805648313835e-08
1.690500336588086,120.75196673030594,122.29515267661506,0.0,591.8704060000002,0.0,1.8286443446757914e-08,0.0,1.3633256339586083e-07,0.0,4.499999999999996,4.500000000000003,1.0810744985903822e-10,0.0,0.0,0.0,0.0,1.8286443446757914e-08,1.828654051414678e-08,1.363337103632908e-07,1.3633256339586083e-07,2.014098764782917e-18,-4.074172228011531e-18,1511.653555625349,1511.6535556322408,11270.001445258076,11269.906631403479,1.6651165424264036e-07,1.665118816163158e-07,397.5536988931546,397.55369888626274,2963.926982027284,2963.9020466851466,4.379035090096295e-08,4.379035090096295e-08
1.710500336588086,120.75196673030594,122.29515267661506,0.0,591.8704060000002,0.0,1.8286443446757914e-08,0.0,1.379455026785172e-07,0.0,4.499999999999996,4.500000000000003,1.0810744985903822e-10,0.0,0.0,0.0,0.0,1.8286443446757914e-08,1.828654051414678e-08,1.379466496459472e-07,1.379455026785172e-07,2.014072295003315e-18,-4.074198697791133e-18,1511.653555625349,1511.6535556322408,11403.334778578297,11403.239964723698,1.6650983525323682e-07,1.6651006262691226e-07,397.5536988931546,397.55369888626274,2998.9926620230676,2998.96772668093,4.378989615361206e-08,4.378989615361206e-08
1.730500336588086,120.75196673030594,122.29515267661506,0.0,591.8704060000002,0.0,1.8286443446757914e-08,0.0,1.3955844196117357e-07,0.0,4.499999999999996,4.500000000000003,1.0810744985903822e-10,0.0,0.0,0.0,0.0,1.8286443446757914e-08,1.828654051414678e-08,1.395595889286036e-07,1.3955844196117357e-07,2.0140458252237135e-18,-4.0742251675707344e-18,1511.653555625349,1511.6535556322408,11536.668111898518,11536.573298043917,1.6650801626383327e-07,1.665082436375087e-07,397.5536988931546,397.55369888626274,3034.0583420188514,3034.033406676713,4.3789441406261176e-08,4.3789441406261176e-08
1.750500336588086,120.75196673030594,122.29515267661506,0.0,591.8704060000002,0.0,1.8286443446757914e-08,0.0,1.4117138124382994e-07,0.0,4.499999999999996,4.500000000000003,1.0810744985903822e-10,0.0,0.0,0.0,0.0,1.8286443446757914e-08,1.828654051414678e-08,1.4117252821126e-07,1.4117138124382994e-07,2.0140193554441118e-18,-4.074251637350336e-18,1511.653555625349,1511.6535556322408,11670.001445218739,11669.906631364136,1.6650619727442972e-07,1.6650642464810517e-07,397.5536988931546,397.55369888626274,3069.124022014635,3069.0990866724965,4.378898665891029e-08,4.378898665891029e-08
1.770500336588086,120.75196673030594,122.29515267661506,0.0,591.8704060000002,0.0,1.8286443446757914e-08,0.0,1.427843205264863e-07,0.0,4.499999999999996,4.500000000000003,1.0810744985903822e-10,0.0,0.0,0.0,0.0,1.8286443446757914e-08,1.828654051414678e-08,1.427854674939164e-07,1.427843205264863e-07,2.01399288566451e-18,-4.074278107129938e-18,1511.653555625349,1511.6535556322408,11803.33477853896,11803.239964684355,1.6650437828502618e-07,1.6650460565870162e-07,397.5536988931546,397.55369888626274,3104.189702010419,3104.1647666682798,4.37885319115594e-08,4.37885319115594e-08
1.790500336588086,120.75196673030594,122.29515267661506,0.0,591.8704060000002,0.0,1.8286443446757914e-08,0.0,1.4439725980914268e-07,0.0,4.499999999999996,4.500000000000003,1.0810744985903822e-10,0.0,0.0,0.0,0.0,1.8286443446757914e-08,1.828654051414678e-08,1.443984067765728e-07,1.4439725980914268e-07,2.0139664158849084e-18,-4.0743045769095395e-18,1511.653555625349,1511.6535556322408,11936.66811185918,11936.573298004574,1.6650255929562263e-07,1.6650278666929808e-07,397.5536988931546,397.55369888626274,3139.2553820062026,3139.230446664063,4.3788077164208516e-08,4.3788077164208516e-08
1.810500336588086,120.75196673030594,122.29515267661506,0.0,591.8704060000002,0.0,1.8286443446757914e-08,0.0,1.4601019909179905e-07,0.0,4.499999999999996,4.500000000000003,1.0810744985903822e-10,0.0,0.0,0.0,0.0,1.8286443446757914e-08,1.828654051414678e-08,1.4601134605922918e-07,1.4601019909179905e-07,2.0139399461053067e-18,-4.074331046689141e-18,1511.653555625349,1511.6535556322408,12070.001445179401,12069.906631324793,1.6650074030621909e-07,1.6650096767989453e-07,397.5536988931546,397.55369888626274,3174.3210620019863,3174.2961266598463,4.378762241685763e-08,4.378762241685763e-08
1.830500336588086,120.75196673030594,122.29515267661506,0.0,591.8704060000002,0.0,1.8286443446757914e-08,0.0,1.4762313837445542e-07,0.0,4.499999999999996,4.500000000000003,1.0810744985903822e-10,0.0,0.0,0.0,0.0,1.8286443446757914e-08,1.828654051414678e-08,1.4762428534188558e-07,1.4762313837445542e-07,2.013913476325705e-18,-4.074357516468743e-18,1511.653555625349,1511.6535556322408,12203.334778499622,12203.239964645012,1.6649892131681554e-07,1.6649914869049098e-07,397.5536988931546,397.55369888626274,3209.38674199777,3209.3618066556296,4.3787167669506744e-08,4.3787167669506744e-08
1.850500336588086,120.75196673030594,122.29515267661506,0.0,591.8704060000002,0.0,1.8286443446757914e-08,0.0,1.492360776571118e-07,0.0,4.499999999999996,4.500000000000003,1.0810744985903822e-10,0.0,0.0,0.0,0.0,1.8286443446757914e-08,1.828654051414678e-08,1.4923722462454198e-07,1.492360776571118e-07,2.0138870065461033e-18,-4.0743839862483446e-18,1511.653555625349,1511.6535556322408,12336.668111819843,12336.573297965231,1.66497102327412e-07,1.6649732970108744e-07,397.5536988931546,397.55369888626274,3244.452421993554,3244.427486651413,4.378671292215586e-08,4.378671292215586e-08
1.8705003365880861,120.75196673030594,122.29515267661506,0.0,591.8704060000002,0.0,1.8286443446757914e-08,0.0,1.5084901693976816e-07,0.0,4.499999999999996,4.500000000000003,1.0810744985903822e-10,0.0,0.0,0.0,0.0,1.8286443446757914e-08,1.828654051414678e-08,1.5085016390719837e-07,1.5084901693976816e-07,2.0138605367665016e-18,-4.074410456027946e-18,1511.653555625349,1511.6535556322408,12470.001445140064,12469.90663128545,1.6649528333800845e-07,1.664955107116839e-07,397.5536988931546,397.55369888626274,3279.5181019893375,3279.493166647196,4.378625817480497e-08,4.378625817480497e-08
1.8905003365880861,120.75196673030594,122.29515267661506,0.0,591.8704060000002,0.0,1.8286443446757914e-08,0.0,1.5246195622242453e-07,0.0,4.499999999999996,4.500000000000003,1.0810744985903822e-10,0.0,0.0,0.0,0.0,1.8286443446757914e-08,1.828654051414678e-08,1.5246310318985477e-07,1.5246195622242453e-07,2.0138340669869e-18,-4.074436925807548e-18,1511.653555625349,1511.6535556322408,12603.334778460285,12603.23996460567,1.664934643486049e-07,1.6649369172228035e-07,397.5536988931546,397.55369888626274,3314.5837819851213,3314.5588466429795,4.3785803427454084e-08,4.3785803427454084e-08
1.9105003365880862,120.75196673030594,122.29515267661506,0.0,591.8704060000002,0.0,1.8286443446757914e-08,0.0,1.540748955050809e-07,0.0,4.499999999999996,4.500000000000003,1.0810744985903822e-10,0.0,0.0,0.0,0.0,1.8286443446757914e-08,1.828654051414678e-08,1.5407604247251117e-07,1.540748955050809e-07,2.0138075972072982e-18,-4.07446339558715e-18,1511.653555625349,1511.6535556322408,12736.668111780506,12736.573297925888,1.6649164535920136e-07,1.664918727328768e-07,397.5536988931546,397.55369888626274,3349.649461980905,3349.6245266387627,4.37853486801032e-08,4.37853486801032e-08
1.9305003365880862,120.75196673030594,122.29515267661506,0.0,591.8704060000002,0.0,1.8286443446757914e-08,0.0,1.5568783478773727e-07,0.0,4.499999999999996,4.500000000000003,1.0810744985903822e-10,0.0,0.0,0.0,0.0,1.8286443446757914e-08,1.828654051414678e-08,1.5568898175516756e-07,1.5568783478773727e-07,2.0137811274276965e-18,-4.0744898653667514e-18,1511.653555625349,1511.6535556322408,12870.001445100726,12869.906631246107,1.664898263697978e-07,1.6649005374347325e-07,397.5536988931546,397.55369888626274,3384.7151419766888,3384.690206634546,4.378489393275231e-08,4.378489393275231e-08
1.9505003365880862,120.75196673030594,122.29515267661506,0.0,591.8704060000002,0.0,1.8286443446757914e-08,0.0,1.5730077407039364e-07,0.0,4.499999999999996,4.500000000000003,1.0810744985903822e-10,0.0,0.0,0.0,0.0,1.8286443446757914e-08,1.828654051414678e-08,1.5730192103782396e-07,1.5730077407039364e-07,2.013754657648095e-18,-4.074516335146353e-18,1511.653555625349,1511.6535556322408,13003.334778420947,13003.239964566326,1.6648800738039427e-07,1.664882347540697e-07,397.5536988931546,397.55369888626274,3419.7808219724725,3419.7558866303293,4.3784439185401425e-08,4.3784439185401425e-08
1.9705003365880862,120.75196673030594,122.29515267661506,0.0,591.8704060000002,0.0,1.8286443446757914e-08,0.0,1.5891371335305e-07,0.0,4.499999999999996,4.500000000000003,1.0810744985903822e-10,0.0,0.0,0.0,0.0,1.8286443446757914e-08,1.828654051414678e-08,1.5891486032048035e-07,1.5891371335305e-07,2.013728187868493e-18,-4.074542804925955e-18,1511.653555625349,1511.6535556322408,13136.668111741168,13136.573297886545,1.6648618839099072e-07,1.6648641576466616e-07,397.5536988931546,397.55369888626274,3454.8465019682562,3454.8215666261126,4.378398443805054e-08,4.378398443805054e-08
1.9905003365880862,120.75196673030594,122.29515267661506,0.0,591.8704060000002,0.0,1.8286443446757914e-08,0.0,1.6052665263570638e-07,0.0,4.499999999999996,4.500000000000003,1.0810744985903822e-10,0.0,0.0,0.0,0.0,1.8286443446757914e-08,1.828654051414678e-08,1.6052779960313675e-07,1.6052665263570638e-07,2.0137017180888914e-18,-4.0745692747055565e-18,1511.653555625349,1511.6535556322408,13270.001445061389,13269.906631206764,1.6648436940158717e-07,1.6648459677526262e-07,397.5536988931546,397.55369888626274,3489.91218196404,3489.887246621896,4.378352969069965e-08,4.378352969069965e-08
2.0105003365880862,120.75196673030594,122.29515267661506,0.0,591.8704060000002,0.0,1.8286443446757914e-08,0.0,1.6213959191836275e-07,0.0,4.499999999999996,4.500000000000003,1.0810744985903822e-10,0.0,0.0,0.0,0.0,1.8286443446757914e-08,1.828654051414678e-08,1.6214073888579315e-07,1.6213959191836275e-07,2.0136752483092897e-18,-4.074595744485158e-18,1511.653555625349,1511.6535556322408,13403.33477838161,13403.239964526983,1.6648255041218363e-07,1.6648277778585907e-07,397.5536988931546,397.55369888626274,3524.9778619598237,3524.952926617679,4.3783074943348765e-08,4.3783074943348765e-08
2.0305003365880863,120.75196673030594,122.29515267661506,0.0,591.8704060000002,0.0,1.8286443446757914e-08,0.0,1.6375253120101912e-07,0.0,4.499999999999996,4.500000000000003,1.0810744985903822e-10,0.0,0.0,0.0,0.0,1.8286443446757914e-08,1.828654051414678e-08,1.6375367816844954e-07,1.6375253120101912e-07,2.013648778529688e-18,-4.07462221426476e-18,1511.653555625349,1511.6535556322408,13536.66811170183,13536.573297847202,1.6648073142278008e-07,1.6648095879645552e-07,397.5536988931546,397.55369888626274,3560.0435419556075,3560.0186066134625,4.378262019599788e-08,4.378262019599788e-08
2.0505003365880863,120.75196673030594,122.29515267661506,0.0,591.8704060000002,0.0,1.8286443446757914e-08,0.0,1.653654704836755e-07,0.0,4.499999999999996,4.500000000000003,1.0810744985903822e-10,0.0,0.0,0.0,0.0,1.8286443446757914e-08,1.828654051414678e-08,1.6536661745110594e-07,1.653654704836755e-07,2.0136223087500863e-18,-4.0746486840443616e-18,1511.653555625349,1511.6535556322408,13670.001445022051,13669.906631167421,1.6647891243337654e-07,1.6647913980705198e-07,397.5536988931546,397.55369888626274,3595.109221951391,3595.0842866092457,4.378216544864699e-08,4.378216544864699e-08
2.0705003365880863,120.75196673030594,122.29515267661506,0.0,591.8704060000002,0.0,1.8286443446757914e-08,0.0,1.6697840976633186e-07,0.0,4.499999999999996,4.500000000000003,1.0810744985903822e-10,0.0,0.0,0.0,0.0,1.8286443446757914e-08,1.828654051414678e-08,1.6697955673376234e-07,1.6697840976633186e-07,2.0135958389704846e-18,-4.074675153823963e-18,1511.653555625349,1511.6535556322408,13803.334778342272,13803.23996448764,1.66477093443973e-07,1.6647732081764843e-07,397.5536988931546,397.55369888626274,3630.174901947175,3630.149966605029,4.3781710701296106e-08,4.3781710701296106e-08
2.0905003365880863,120.75196673030594,122.29515267661506,0.0,591.8704060000002,0.0,1.8286443446757914e-08,0.0,1.6859134904898823e-07,0.0,4.499999999999996,4.500000000000003,1.0810744985903822e-10,0.0,0.0,0.0,0.0,1.8286443446757914e-08,1.828654051414678e-08,1.6859249601641873e-07,1.6859134904898823e-07,2.013569369190883e-18,-4.074701623603565e-18,1511.653555625349,1511.6535556322408,13936.668111662493,13936.57329780786,1.6647527445456944e-07,1.664755018282449e-07,397.5536988931546,397.55369888626274,3665.2405819429587,3665.2156466008123,4.378125595394522e-08,4.378125595394522e-08
2.1105003365880863,120.75196673030594,122.29515267661506,0.0,591.8704060000002,0.0,1.8286443446757914e-08,0.0,1.702042883316446e-07,0.0,4.499999999999996,4.500000000000003,1.0810744985903822e-10,0.0,0.0,0.0,0.0,1.8286443446757914e-08,1.828654051414678e-08,1.7020543529907513e-07,1.702042883316446e-07,2.0135428994112812e-18,-4.074728093383167e-18,1511.653555625349,1511.6535556322408,14070.001444982714,14069.906631128079,1.664734554651659e-07,1.6647368283884134e-07,397.5536988931546,397.55369888626274,3700.3062619387424,3700.2813265965956,4.378080120659433e-08,4.378080120659433e-08
2.1305003365880864,120.75196673030594,122.29515267661506,0.0,591.8704060000002,0.0,1.8286443446757914e-08,0.0,1.7181722761430097e-07,0.0,4.499999999999996,4.500000000000003,1.0810744985903822e-10,0.0,0.0,0.0,0.0,1.8286443446757914e-08,1.828654051414678e-08,1.7181837458173152e-07,1.7181722761430097e-07,2.0135164296316795e-18,-4.074754563162768e-18,1511.653555625349,1511.6535556322408,14203.334778302935,14203.239964448298,1.6647163647576235e-07,1.664718638494378e-07,397.5536988931546,397.55369888626274,3735.371941934526,3735.347006592379,4.3780346459243447e-08,4.3780346459243447e-08
2.1505003365880864,120.75196673030594,122.29515267661506,0.0,591.8704060000002,0.0,1.8286443446757914e-08,0.0,1.7343016689695734e-07,0.0,4.499999999999996,4.500000000000003,1.0810744985903822e-10,0.0,0.0,0.0,0.0,1.8286443446757914e-08,1.828654051414678e-08,1.7343131386438792e-07,1.7343016689695734e-07,2.013489959852078e-18,-4.07478103294237e-18,1511.653555625349,1511.6535556322408,14336.668111623156,14336.573297768517,1.664698174863588e-07,1.6647004486003425e-07,397.5536988931546,397.55369888626274,3770.43762193031,3770.412686588162,4.377989171189256e-08,4.377989171189256e-08
2.1705003365880864,120.75196673030594,122.29515267661506,0.0,591.8704060000002,0.0,1.8286443446757914e-08,0.0,1.750431061796137e-07,0.0,4.499999999999996,4.500000000000003,1.0810744985903822e-10,0.0,0.0,0.0,0.0,1.8286443446757914e-08,1.828654051414678e-08,1.7504425314704432e-07,1.750431061796137e-07,2.013463490072476e-18,-4.074807502721972e-18,1511.653555625349,1511.6535556322408,14470.001444943377,14469.906631088736,1.6646799849695526e-07,1.664682258706307e-07,397.5536988931546,397.55369888626274,3805.5033019260936,3805.4783665839454,4.3779436964541674e-08,4.3779436964541674e-08
2.1905003365880864,120.75196673030594,122.29515267661506,0.0,591.8704060000002,0.0,1.8286443446757914e-08,0.0,1.7665604546227008e-07,0.0,4.499999999999996,4.500000000000003,1.0810744985903822e-10,0.0,0.0,0.0,0.0,1.8286443446757914e-08,1.828654051414678e-08,1.7665719242970071e-07,1.7665604546227008e-07,2.0134370202928745e-18,-4.0748339725015734e-18,1511.653555625349,1511.6535556322408,14603.334778263597,14603.239964408955,1.6646617950755171e-07,1.6646640688122716e-07,397.5536988931546,397.55369888626274,3840.5689819218774,3840.5440465797287,4.377898221719079e-08,4.377898221719079e-08
2.2105003365880864,120.75196673030594,122.29515267661506,0.0,591.8704060000002,0.0,1.8286443446757914e-08,0.0,1.7826898474492645e-07,0.0,4.499999999999996,4.500000000000003,1.0810744985903822e-10,0.0,0.0,0.0,0.0,1.8286443446757914e-08,1.828654051414678e-08,1.782701317123571e-07,1.7826898474492645e-07,2.0134105505132728e-18,-4.074860442281175e-18,1511.653555625349,1511.6535556322408,14736.668111583818,14736.573297729174,1.6646436051814817e-07,1.664645878918236e-07,397.5536988931546,397.55369888626274,3875.634661917661,3875.609726575512,4.37785274698399e-08,4.37785274698399e-08
2.2305003365880864,120.75196673030594,122.29515267661506,0.0,591.8704060000002,0.0,1.8286443446757914e-08,0.0,1.7988192402758282e-07,0.0,4.499999999999996,4.500000000000003,1.0810744985903822e-10,0.0,0.0,0.0,0.0,1.8286443446757914e-08,1.828654051414678e-08,1.798830709950135e-07,1.7988192402758282e-07,2.013384080733671e-18,-4.074886912060777e-18,1511.653555625349,1511.6535556322408,14870.001444904039,14869.906631049393,1.6646254152874462e-07,1.6646276890242007e-07,397.5536988931546,397.55369888626274,3910.700341913445,3910.6754065712953,4.3778072722489014e-08,4.3778072722489014e-08
2.2505003365880865,120.75196673030594,122.29515267661506,0.0,591.8704060000002,0.0,1.8286443446757914e-08,0.0,1.814948633102392e-07,0.0,4.499999999999996,4.500000000000003,1.0810744985903822e-10,0.0,0.0,0.0,0.0,1.8286443446757914e-08,1.828654051414678e-08,1.814960102776699e-07,1.814948633102392e-07,2.0133576109540694e-18,-4.0749133818403785e-18,1511.653555625349,1511.6535556322408,15003.33477822426,15003.239964369612,1.6646072253934108e-07,1.6646094991301652e-07,397.5536988931546,397.55369888626274,3945.7660219092286,3945.7410865670786,4.377761797513813e-08,4.377761797513813e-08
2.2705003365880865,120.75196673030594,122.29515267661506,0.0,591.8704060000002,0.0,1.8286443446757914e-08,0.0,1.8310780259289556e-07,0.0,4.499999999999996,4.500000000000003,1.0810744985903822e-10,0.0,0.0,0.0,0.0,1.8286443446757914e-08,1.828654051414678e-08,1.831089495603263e-07,1.8310780259289556e-07,2.0133311411744677e-18,-4.07493985161998e-18,1511.653555625349,1511.6535556322408,15136.66811154448,15136.57329768983,1.6645890354993753e-07,1.6645913092361297e-07,397.5536988931546,397.55369888626274,3980.8317019050123,3980.806766562862,4.377716322778724e-08,4.377716322778724e-08
2.2905003365880865,120.75196673030594,122.29515267661506,0.0,591.8704060000002,0.0,1.8286443446757914e-08,0.0,1.8472074187555193e-07,0.0,4.499999999999996,4.500000000000003,1.0810744985903822e-10,0.0,0.0,0.0,0.0,1.8286443446757914e-08,1.828654051414678e-08,1.847218888429827e-07,1.8472074187555193e-07,2.013304671394866e-18,-4.074966321399582e-18,1511.653555625349,1511.6535556322408,15270.001444864702,15269.90663101005,1.6645708456053399e-07,1.6645731193420943e-07,397.5536988931546,397.55369888626274,4015.897381900796,4015.872446558645,4.3776708480436355e-08,4.3776708480436355e-08
2.3105003365880865,120.75196673030594,122.29515267661506,0.0,591.8704060000002,0.0,1.8286443446757914e-08,0.0,1.863336811582083e-07,0.0,4.499999999999996,4.500000000000003,1.0810744985903822e-10,0.0,0.0,0.0,0.0,1.8286443446757914e-08,1.828654051414678e-08,1.863348281256391e-07,1.863336811582083e-07,2.0132782016152643e-18,-4.074992791179184e-18,1511.653555625349,1511.6535556322408,15403.334778184922,15403.239964330269,1.6645526557113044e-07,1.6645549294480588e-07,397.5536988931546,397.55369888626274,4050.96306189658,4050.9381265544284,4.377625373308547e-08,4.377625373308547e-08
2.3305003365880865,120.75196673030594,122.29515267661506,0.0,591.8704060000002,0.0,1.8286443446757914e-08,0.0,1.8794662044086467e-07,0.0,4.499999999999996,4.500000000000003,1.0810744985903822e-10,0.0,0.0,0.0,0.0,1.8286443446757914e-08,1.828654051414678e-08,1.879477674082955e-07,1.8794662044086467e-07,2.0132517318356626e-18,-4.075019260958785e-18,1511.653555625349,1511.6535556322408,15536.668111505143,15536.573297650488,1.664534465817269e-07,1.6645367395540234e-07,397.5536988931546,397.55369888626274,4086.0287418923635,4086.0038065502117,4.377579898573458e-08,4.377579898573458e-08
2.3505003365880865,120.75196673030594,122.29515267661506,0.0,591.8704060000002,0.0,1.8286443446757914e-08,0.0,1.8955955972352104e-07,0.0,4.499999999999996,4.500000000000003,1.0810744985903822e-10,0.0,0.0,0.0,0.0,1.8286443446757914e-08,1.828654051414678e-08,1.8956070669095188e-07,1.8955955972352104e-07,2.013225262056061e-18,-4.075045730738387e-18,1511.653555625349,1511.6535556322408,15670.001444825364,15669.906630970707,1.6645162759232335e-07,1.664518549659988e-07,397.5536988931546,397.55369888626274,4121.094421888147,4121.069486545995,4.3775344238383695e-08,4.3775344238383695e-08
2.3705003365880866,120.75196673030594,122.29515267661506,0.0,591.8704060000002,0.0,1.8286443446757914e-08,0.0,1.911724990061774e-07,0.0,4.499999999999996,4.500000000000003,1.0810744985903822e-10,0.0,0.0,0.0,0.0,1.8286443446757914e-08,1.828654051414678e-08,1.9117364597360828e-07,1.911724990061774e-07,2.013198792276459e-18,-4.075072200517989e-18,1511.653555625349,1511.6535556322408,15803.334778145585,15803.239964290926,1.664498086029198e-07,1.6645003597659525e-07,397.5536988931546,397.55369888626274,4156.16010188393,4156.135166541778,4.3775344238383695e-08,4.3775344238383695e-08
2.3905003365880866,120.75196673030594,122.29515267661506,0.0,591.8704060000002,0.0,1.8286443446757914e-08,0.0,1.9278543828883378e-07,0.0,4.499999999999996,4.500000000000003,1.0810744985903822e-10,0.0,0.0,0.0,0.0,1.8286443446757914e-08,1.828654051414678e-08,1.9278658525626468e-07,1.9278543828883378e-07,2.0131723224968575e-18,-4.0750986702975904e-18,1511.653555625349,1511.6535556322408,15936.668111465806,15936.573297611145,1.6644798961351626e-07,1.664482169871917e-07,397.5536988931546,397.55369888626274,4191.225781879713,4191.200846537561,4.3775344238383695e-08,4.3775344238383695e-08
2.4105003365880866,120.75196673030594,122.29515267661506,0.0,591.8704060000002,0.0,1.8286443446757914e-08,0.0,1.9439837757149015e-07,0.0,4.499999999999996,4.500000000000003,1.0810744985903822e-10,0.0,0.0,0.0,0.0,1.8286443446757914e-08,1.828654051414678e-08,1.9439952453892107e-07,1.9439837757149015e-07,2.0131458527172558e-18,-4.075125140077192e-18,1511.653555625349,1511.6535556322408,16070.001444786027,16069.906630931364,1.664461706241127e-07,1.6644639799778815e-07,397.5536988931546,397.55369888626274,4226.291461875497,4226.266526533344,4.3775344238383695e-08,4.3775344238383695e-08
2.4305003365880866,120.75196673030594,122.29515267661506,0.0,591.8704060000002,0.0,1.8286443446757914e-08,0.0,1.9601131685414652e-07,0.0,4.499999999999996,4.500000000000003,1.0810744985903822e-10,0.0,0.0,0.0,0.0,1.8286443446757914e-08,1.828654051414678e-08,1.9601246382157747e-07,1.9601131685414652e-07,2.013119382937654e-18,-4.075151609856794e-18,1511.653555625349,1511.6535556322408,16203.334778106248,16203.239964251583,1.6644435163470916e-07,1.664445790083846e-07,397.5536988931546,397.55369888626274,4261.35714187128,4261.332206529128,4.3775344238383695e-08,4.3775344238383695e-08
2.4505003365880866,120.75196673030594,122.29515267661506,0.0,591.8704060000002,0.0,1.8286443446757914e-08,0.0,1.976242561368029e-07,0.0,4.499999999999996,4.500000000000003,1.0810744985903822e-10,0.0,0.0,0.0,0.0,1.8286443446757914e-08,1.828654051414678e-08,1.9762540310423387e-07,1.976242561368029e-07,2.0130929131580524e-18,-4.0751780796363955e-18,1511.653555625349,1511.6535556322408,16336.668111426468,16336.573297571802,1.6644253264530562e-07,1.6644276001898106e-07,397.5536988931546,397.55369888626274,4296.422821867063,4296.397886524911,4.3775344238383695e-08,4.3775344238383695e-08
2.4705003365880867,120.75196673030594,122.29515267661506,0.0,591.8704060000002,0.0,1.8286443446757914e-08,0.0,1.9923719541945926e-07,0.0,4.499999999999996,4.500000000000003,1.0810744985903822e-10,0.0,0.0,0.0,0.0,1.8286443446757914e-08,1.828654051414678e-08,1.9923834238689026e-07,1.9923719541945926e-07,2.0130664433784507e-18,-4.075204549415997e-18,1511.653555625349,1511.6535556322408,16470.00144474669,16469.90663089202,1.6643889466649853e-07,1.6643912204017397e-07,397.5536988931546,397.55369888626274,4331.4885018628465,4331.463566520694,4.3775344238383695e-08,4.3775344238383695e-08
2.4905003365880867,120.75196673030594,122.29515267661506,0.0,591.8704060000002,0.0,1.8286443446757914e-08,0.0,2.0085013470211563e-07,0.0,4.499999999999996,4.500000000000003,1.0810744985903822e-10,0.0,0.0,0.0,0.0,1.8286443446757914e-08,1.828654051414678e-08,2.0085128166954666e-07,2.0085013470211563e-07,2.013039973598849e-18,-4.075231019195599e-18,1511.653555625349,1511.6535556322408,16603.33477806691,16603.239964212236,1.6643525668769144e-07,1.6643548406136688e-07,397.5536988931546,397.55369888626274,4366.55418185863,4366.5292465164775,4.3775344238383695e-08,4.3775344238383695e-08
2.5105003365880867,120.75196673030594,122.29515267661506,0.0,591.8704060000002,0.0,1.8286443446757914e-08,0.0,2.02463073984772e-07,0.0,4.499999999999996,4.500000000000003,1.0810744985903822e-10,0.0,0.0,0.0,0.0,1.8286443446757914e-08,1.828654051414678e-08,2.0246422095220306e-07,2.02463073984772e-07,2.0130135038192473e-18,-4.0752574889752006e-18,1511.653555625349,1511.6535556322408,16736.66811138713,16736.573297532454,1.6643161870888434e-07,1.6643184608255979e-07,397.5536988931546,397.55369888626274,4401.619861854413,4401.594926512261,4.3775344238383695e-08,4.3775344238383695e-08
2.5305003365880867,120.75196673030594,122.29515267661506,0.0,591.8704060000002,0.0,1.8286443446757914e-08,0.0,2.0407601326742837e-07,0.0,4.499999999999996,4.500000000000003,1.0810744985903822e-10,0.0,0.0,0.0,0.0,1.8286443446757914e-08,1.828654051414678e-08,2.0407716023485945e-07,2.0407601326742837e-07,2.0129870340396456e-18,-4.075283958754802e-18,1511.653555625349,1511.6535556322408,16870.00144470735,16869.90663085267,1.6642798073007725e-07,1.664282081037527e-07,397.5536988931546,397.55369888626274,4436.685541850196,4436.660606508044,4.3775344238383695e-08,4.3775344238383695e-08
2.5505003365880867,120.75196673030594,122.29515267661506,0.0,591.8704060000002,0.0,1.8286443446757914e-08,0.0,2.0568895255008474e-07,0.0,4.499999999999996,4.500000000000003,1.0810744985903822e-10,0.0,0.0,0.0,0.0,1.8286443446757914e-08,1.828654051414678e-08,2.0569009951751585e-07,2.0568895255008474e-07,2.012960564260044e-18,-4.075310428534404e-18,1511.653555625349,1511.6535556322408,17003.334778027573,17003.239964172888,1.6642434275127016e-07,1.664245701249456e-07,397.5536988931546,397.55369888626274,4471.75122184598,4471.726286503827,4.3775344238383695e-08,4.3775344238383695e-08
2.5705003365880867,120.75196673030594,122.29515267661506,0.0,591.8704060000002,0.0,1.8286443446757914e-08,0.0,2.073018918327411e-07,0.0,4.499999999999996,4.500000000000003,1.0810744985903822e-10,0.0,0.0,0.0,0.0,1.8286443446757914e-08,1.828654051414678e-08,2.0730303880017224e-07,2.073018918327411e-07,2.0129340944804422e-18,-4.075336898314006e-18,1511.653555625349,1511.6535556322408,17136.668111347793,17136.573297493105,1.6642070477246307e-07,1.664209321461385e-07,397.5536988931546,397.55369888626274,4506.816901841763,4506.791966499611,4.3775344238383695e-08,4.3775344238383695e-08
2.5905003365880868,120.75196673030594,122.29515267661506,0.0,591.8704060000002,0.0,1.8286443446757914e-08,0.0,2.0891483111539748e-07,0.0,4.499999999999996,4.500000000000003,1.0810744985903822e-10,0.0,0.0,0.0,0.0,1.8286443446757914e-08,1.828654051414678e-08,2.0891597808282864e-07,2.0891483111539748e-07,2.0129076247008405e-18,-4.075363368093607e-18,1511.653555625349,1511.6535556322408,17270.001444668014,17269.906630813322,1.6641706679365598e-07,1.6641729416733142e-07,397.5536988931546,397.55369888626274,4541.882581837546,4541.857646495394,4.3775344238383695e-08,4.3775344238383695e-08
2.610500336588087,120.75196673030594,122.29515267661506,0.0,591.8704060000002,0.0,1.8286443446757914e-08,0.0,2.1052777039805385e-07,0.0,4.499999999999996,4.500000000000003,1.0810744985903822e-10,0.0,0.0,0.0,0.0,1.8286443446757914e-08,1.828654051414678e-08,2.1052891736548504e-07,2.1052777039805385e-07,2.012881154921239e-18,-4.075389837873209e-18,1511.653555625349,1511.6535556322408,17403.334777988235,17403.23996413354,1.6641342881484888e-07,1.6641365618852433e-07,397.5536988931546,397.55369888626274,4576.9482618333295,4576.923326491177,4.3775344238383695e-08,4.3775344238383695e-08
2.630500336588087,120.75196673030594,122.29515267661506,0.0,591.8704060000002,0.0,1.8286443446757914e-08,0.0,2.1214070968071022e-07,0.0,4.499999999999996,4.500000000000003,1.0810744985903822e-10,0.0,0.0,0.0,0.0,1.8286443446757914e-08,1.828654051414678e-08,2.1214185664814143e-07,2.1214070968071022e-07,2.012854685141637e-18,-4.075416307652811e-18,1511.653555625349,1511.6535556322408,17536.668111308456,17536.573297453757,1.664097908360418e-07,1.6641001820971724e-07,397.5536988931546,397.55369888626274,4612.013941829113,4611.9890064869605,4.3775344238383695e-08,4.3775344238383695e-08
2.650500336588087,120.75196673030594,122.29515267661506,0.0,591.8704060000002,0.0,1.8286443446757914e-08,0.0,2.1375364896336659e-07,0.0,4.499999999999996,4.500000000000003,1.0810744985903822e-10,0.0,0.0,0.0,0.0,1.8286443446757914e-08,1.828654051414678e-08,2.1375479593079783e-07,2.1375364896336659e-07,2.0128282153620354e-18,-4.0754427774324125e-18,1511.653555625349,1511.6535556322408,17670.001444628677,17669.906630773974,1.664061528572347e-07,1.6640638023091014e-07,397.5536988931546,397.55369888626274,4647.079621824896,4647.054686482744,4.3775344238383695e-08,4.3775344238383695e-08
2.670500336588087,120.75196673030594,122.29515267661506,0.0,591.8704060000002,0.0,1.8286443446757914e-08,0.0,2.1536658824602296e-07,0.0,4.499999999999996,4.500000000000003,1.0810744985903822e-10,0.0,0.0,0.0,0.0,1.8286443446757914e-08,1.828654051414678e-08,2.1536773521345423e-07,2.1536658824602296e-07,2.0128017455824337e-18,-4.075469247212014e-18,1511.653555625349,1511.6535556322408,17803.334777948898,17803.23996409419,1.664025148784276e-07,1.6640274225210305e-07,397.5536988931546,397.55369888626274,4682.145301820679,4682.120366478527,4.3775344238383695e-08,4.3775344238383695e-08
2.690500336588087,120.75196673030594,122.29515267661506,0.0,591.8704060000002,0.0,1.8286443446757914e-08,0.0,2.1697952752867933e-07,0.0,4.499999999999996,4.500000000000003,1.0810744985903822e-10,0.0,0.0,0.0,0.0,1.8286443446757914e-08,1.828654051414678e-08,2.1698067449611062e-07,2.1697952752867933e-07,2.012775275802832e-18,-4.075495716991616e-18,1511.653555625349,1511.6535556322408,17936.66811126912,17936.57329741441,1.6639887689962052e-07,1.6639910427329596e-07,397.5536988931546,397.55369888626274,4717.210981816463,4717.18604647431,4.3775344238383695e-08,4.3775344238383695e-08
2.710500336588087,120.75196673030594,122.29515267661506,0.0,591.8704060000002,0.0,1.8286443446757914e-08,0.0,2.185924668113357e-07,0.0,4.499999999999996,4.500000000000003,1.0810744985903822e-10,0.0,0.0,0.0,0.0,1.8286443446757914e-08,1.828654051414678e-08,2.1859361377876702e-07,2.185924668113357e-07,2.0127488060232303e-18,-4.0755221867712176e-18,1511.653555625349,1511.6535556322408,18070.00144458934,18069.906630734626,1.6639523892081343e-07,1.6639546629448887e-07,397.5536988931546,397.55369888626274,4752.276661812246,4752.251726470094,4.3775344238383695e-08,4.3775344238383695e-08
2.730500336588087,120.75196673030594,122.29515267661506,0.0,591.8704060000002,0.0,1.8286443446757914e-08,0.0,2.2020540609399207e-07,0.0,4.499999999999996,4.500000000000003,1.0810744985903822e-10,0.0,0.0,0.0,0.0,1.8286443446757914e-08,1.828654051414678e-08,2.2020655306142342e-07,2.2020540609399207e-07,2.0127223362436286e-18,-4.075548656550819e-18,1511.653555625349,1511.6535556322408,18203.33477790956,18203.239964054843,1.6639160094200633e-07,1.6639182831568178e-07,397.5536988931546,397.55369888626274,4787.342341808029,4787.317406465877,4.3775344238383695e-08,4.3775344238383695e-08
2.750500336588087,120.75196673030594,122.29515267661506,0.0,591.8704060000002,0.0,1.8286443446757914e-08,0.0,2.2181834537664844e-07,0.0,4.499999999999996,4.500000000000003,1.0810744985903822e-10,0.0,0.0,0.0,0.0,1.8286443446757914e-08,1.828654051414678e-08,2.218194923440798e-07,2.2181834537664844e-07,2.012695866464027e-18,-4.075575126330421e-18,1511.653555625349,1511.6535556322408,18336.66811122978,18336.57329737506,1.6638796296319924e-07,1.6638819033687469e-07,397.5536988931546,397.55369888626274,4822.4080218038125,4822.38308646166,4.3775344238383695e-08,4.3775344238383695e-08
2.770500336588087,120.75196673030594,122.29515267661506,0.0,591.8704060000002,0.0,1.8286443446757914e-08,0.0,2.234312846593048e-07,0.0,4.499999999999996,4.500000000000003,1.0810744985903822e-10,0.0,0.0,0.0,0.0,1.8286443446757914e-08,1.828654051414678e-08,2.234324316267362e-07,2.234312846593048e-07,2.0126693966844252e-18,-4.075601596110023e-18,1511.653555625349,1511.6535556322408,18470.001444550002,18469.906630695277,1.6638432498439215e-07,1.663845523580676e-07,397.5536988931546,397.55369888626274,4857.473701799596,4857.4487664574435,4.3775344238383695e-08,4.3775344238383695e-08
2.790500336588087,120.75196673030594,122.29515267661506,0.0,591.8704060000002,0.0,1.8286443446757914e-08,0.0,2.2504422394196118e-07,0.0,4.499999999999996,4.500000000000003,1.0810744985903822e-10,0.0,0.0,0.0,0.0,1.8286443446757914e-08,1.828654051414678e-08,2.250453709093926e-07,2.2504422394196118e-07,2.0126429269048235e-18,-4.075628065889624e-18,1511.653555625349,1511.6535556322408,18603.334777870223,18603.239964015494,1.6638068700558506e-07,1.663809143792605e-07,397.5536988931546,397.55369888626274,4892.539381795379,4892.514446453227,4.3775344238383695e-08,4.3775344238383695e-08
2.810500336588087,120.75196673030594,122.29515267661506,0.0,591.8704060000002,0.0,1.8286443446757914e-08,0.0,2.2665716322461755e-07,0.0,4.499999999999996,4.500000000000003,1.0810744985903822e-10,0.0,0.0,0.0,0.0,1.8286443446757914e-08,1.828654051414678e-08,2.26658310192049e-07,2.2665716322461755e-07,2.012616457125222e-18,-4.075654535669226e-18,1511.653555625349,1511.6535556322408,18736.668111190444,18736.57329733571,1.6637704902677797e-07,1.663772764004534e-07,397.5536988931546,397.55369888626274,4927.605061791162,4927.58012644901,4.3775344238383695e-08,4.3775344238383695e-08
2.830500336588087,120.75196673030594,122.29515267661506,0.0,591.8704060000002,0.0,1.8286443446757914e-08,0.0,2.2827010250727392e-07,0.0,4.499999999999996,4.500000000000003,1.0810744985903822e-10,0.0,0.0,0.0,0.0,1.8286443446757914e-08,1.828654051414678e-08,2.282712494747054e-07,2.2827010250727392e-07,2.01258998734562e-18,-4.075681005448828e-18,1511.653555625349,1511.6535556322408,18870.001444510664,18869.90663065593,1.6637341104797088e-07,1.6637363842164632e-07,397.5536988931546,397.55369888626274,4962.670741786946,4962.645806444793,4.3775344238383695e-08,4.3775344238383695e-08
2.850500336588087,120.75196673030594,122.29515267661506,0.0,591.8704060000002,0.0,1.8286443446757914e-08,0.0,2.2988304178993028e-07,0.0,4.499999999999996,4.500000000000003,1.0810744985903822e-10,0.0,0.0,0.0,0.0,1.8286443446757914e-08,1.828654051414678e-08,2.298841887573618e-07,2.2988304178993028e-07,2.0125635175660185e-18,-4.0757074752284294e-18,1511.653555625349,1511.6535556322408,19003.334777830885,19003.239963976146,1.6636977306916378e-07,1.6637000044283923e-07,397.5536988931546,397.55369888626274,4997.736421782729,4997.711486440577,4.3775344238383695e-08,4.3775344238383695e-08
2.870500336588087,120.75196673030594,122.29515267661506,0.0,591.8704060000002,0.0,1.8286443446757914e-08,0.0,2.3149598107258665e-07,0.0,4.499999999999996,4.500000000000003,1.0810744985903822e-10,0.0,0.0,0.0,0.0,1.8286443446757914e-08,1.828654051414678e-08,2.314971280400182e-07,2.3149598107258665e-07,2.0125370477864168e-18,-4.075733945008031e-18,1511.653555625349,1511.6535556322408,19136.668111151106,19136.573297296363,1.663661350903567e-07,1.6636636246403214e-07,397.5536988931546,397.55369888626274,5032.802101778512,5032.77716643636,4.3775344238383695e-08,4.3775344238383695e-08
2.890500336588087,120.75196673030594,122.29515267661506,0.0,591.8704060000002,0.0,1.8286443446757914e-08,0.0,2.3310892035524302e-07,0.0,4.499999999999996,4.500000000000003,1.0810744985903822e-10,0.0,0.0,0.0,0.0,1.8286443446757914e-08,1.828654051414678e-08,2.3311006732267459e-07,2.3310892035524302e-07,2.012510578006815e-18,-4.075760414787633e-18,1511.653555625349,1511.6535556322408,19270.001444471327,19269.90663061658,1.663624971115496e-07,1.6636272448522504e-07,397.5536988931546,397.55369888626274,5067.8677817742955,5067.842846432143,4.3775344238383695e-08,4.3775344238383695e-08
2.910500336588087,120.75196673030594,122.29515267661506,0.0,591.8704060000002,0.0,1.8286443446757914e-08,0.0,2.347218596378994e-07,0.0,4.499999999999996,4.500000000000003,1.0810744985903822e-10,0.0,0.0,0.0,0.0,1.8286443446757914e-08,1.828654051414678e-08,2.3472300660533098e-07,2.347218596378994e-07,2.0124841082272134e-18,-4.0757868845672345e-18,1511.653555625349,1511.6535556322408,19403.334777791548,19403.239963936798,1.663588591327425e-07,1.6635908650641795e-07,397.5536988931546,397.55369888626274,5102.933461770079,5102.9085264279265,4.3775344238383695e-08,4.3775344238383695e-08
2.930500336588087,120.75196673030594,122.29515267661506,0.0,591.8704060000002,0.0,1.8286443446757914e-08,0.0,2.3633479892055576e-07,0.0,4.499999999999996,4.500000000000003,1.0810744985903822e-10,0.0,0.0,0.0,0.0,1.8286443446757914e-08,1.828654051414678e-08,2.3633594588798738e-07,2.3633479892055576e-07,2.0124576384476117e-18,-4.075813354346836e-18,1511.653555625349,1511.6535556322408,19536.66811111177,19536.573297257015,1.6635522115393542e-07,1.6635544852761086e-07,397.5536988931546,397.55369888626274,5137.999141765862,5137.97420642371,4.3775344238383695e-08,4.3775344238383695e-08
2.950500336588087,120.75196673030594,122.29515267661506,0.0,591.8704060000002,0.0,1.8286443446757914e-08,0.0,2.3794773820321213e-07,0.0,4.499999999999996,4.500000000000003,1.0810744985903822e-10,0.0,0.0,0.0,0.0,1.8286443446757914e-08,1.828654051414678e-08,2.3794888517064378e-07,2.3794773820321213e-07,2.01243116866801e-18,-4.075839824126438e-18,1511.653555625349,1511.6535556322408,19670.00144443199,19669.906630577232,1.6635158317512833e-07,1.6635181054880377e-07,397.5536988931546,397.55369888626274,5173.064821761645,5173.039886419493,4.3775344238383695e-08,4.3775344238383695e-08
2.970500336588087,120.75196673030594,122.29515267661506,0.0,591.8704060000002,0.0,1.8286443446757914e-08,0.0,2.395606774858685e-07,0.0,4.499999999999996,4.500000000000003,1.0810744985903822e-10,0.0,0.0,0.0,0.0,1.8286443446757914e-08,1.828654051414678e-08,2.3956182445330017e-07,2.395606774858685e-07,2.0124046988884083e-18,-4.07586629390604e-18,1511.653555625349,1511.6535556322408,19803.33477775221,19803.23996389745,1.6634794519632123e-07,1.6634817256999668e-07,397.5536988931546,397.55369888626274,5208.130501757429,5208.105566415276,4.3775344238383695e-08,4.3775344238383695e-08
2.990500336588087,120.75196673030594,122.29515267661506,0.0,591.8704060000002,0.0,1.8286443446757914e-08,0.0,2.411736167685249e-07,0.0,4.499999999999996,4.500000000000003,1.0810744985903822e-10,0.0,0.0,0.0,0.0,1.8286443446757914e-08,1.828654051414678e-08,2.4117476373595654e-07,2.411736167685249e-07,2.0124046988884083e-18,-4.07586629390604e-18,1511.653555625349,1511.6535556322408,19936.66811107243,19936.573297217667,1.6634430721751414e-07,1.6634453459118959e-07,397.5536988931546,397.55369888626274,5243.196181753212,5243.17124641106,4.3775344238383695e-08,4.3775344238383695e-08
3.0,120.75196673030594,122.29515267661506,0.0,591.8704060000002,0.0,1.8286443446757914e-08,0.0,2.4193973578297926e-07,0.0,4.499999999999996,4.500000000000003,1.0810744985903822e-10,0.0,0.0,0.0,0.0,1.8286443446757914e-08,1.828654051414678e-08,2.419408827504109e-07,2.4193973578297926e-07,2.0124046988884083e-18,-4.07586629390604e-18,1511.653555625349,1511.6535556322408,19999.999200478956,19999.90438662419,1.6634066923870705e-07,1.663408966123825e-07,397.5536988931546,397.55369888626274,5259.851789616701,5259.826854274549,4.3775344238383695e-08,4.3775344238383695e-08
