time_days,pressure_min_bar,pressure_max_bar,generated_H2_kg,unreacted_accessible_Fe_kg,free_H2_kg,dissolved_H2_kg,gas_H2_out_kg,aqueous_H2_out_kg,max_gas_saturation,salinity_min_molal,salinity_max_molal,outlet_H2_mol_per_mol_water,separator_gas_H2_rate_kg_day,separator_H2_available_kg,collected_H2_kg,gross_electricity_kwh,H2_kg,native_H2_kg,H2_in_kg,H2_out_kg,H2_balance_kg,H2_exact_balance_kg,H2O_kg,native_H2O_kg,H2O_in_kg,H2O_out_kg,H2O_balance_kg,H2O_exact_balance_kg,NaCl_kg,native_NaCl_kg,NaCl_in_kg,NaCl_out_kg,NaCl_balance_kg,NaCl_exact_balance_kg
0.0,119.91084863636364,120.0,0.0,591.8704060000002,0.0,1.8285296483402113e-08,0.0,0.0,0.0,4.499999999999996,4.499999999999996,0.0,0.0,0.0,0.0,0.0,1.8285296483402113e-08,1.828539354470271e-08,0.0,0.0,0.0,0.0,1511.55874160424,1511.5587416111318,0.0,0.0,0.0,0.0,397.528763507227,397.5287635003351,0.0,0.0,0.0,0.0
1e-06,119.94114835564847,120.48143429095607,1.3524410610102747e-08,591.8704048760185,0.0,3.180970780450189e-08,0.0,3.4740415853612483e-15,0.0,4.500000000359791,4.500000000359833,1.8806673165755196e-10,0.0,0.0,0.0,0.0,3.180970780450189e-08,3.180987737443052e-08,7.669366680254535e-14,3.4740415853612483e-15,-1.5385559393486315e-22,-7.25086281885705e-14,1511.5649162695663,1511.5649162764591,0.00633986805907073,0.00016508186853152968,1.3524771580453177e-13,-7.742469859683965e-13,397.53038743030265,397.53038742340993,0.0016673383844754586,4.3415309820485995e-05,1.619850087397623e-13,1.0146362916518825e-12
2.4999999999999998e-06,120.03036406323453,120.78227802127141,3.381102647710067e-08,591.870403190046,0.0,5.209630106705795e-08,0.0,3.7276455725264764e-14,0.0,4.500000000899374,4.500000000899586,3.080055647537924e-10,0.0,0.0,0.0,0.0,5.209630106705794e-08,5.209657938974495e-08,1.9664439744147198e-13,3.7276455725264764e-14,-1.4558378780933287e-22,-1.8126138655376957e-13,1511.5738510274548,1511.5738510343492,0.016255573456203848,0.0011458480804142036,8.909539772616881e-15,-2.4922008901029358e-12,397.5327372531915,397.532737246297,0.004275095527644433,0.000301349565921574,1.776174693435273e-13,2.792414736940696e-12
4.75e-06,120.16569371890404,121.0302774309214,6.42409501692461e-08,591.8704006610873,0.0,8.252606188704475e-08,0.0,2.177256367556365e-13,0.0,4.5000000017085116,4.500000001709204,4.87913417040341e-10,0.0,0.0,0.0,0.0,8.252606188704478e-08,8.252650331555132e-08,3.773272394073763e-13,2.177256367556365e-13,-1.5881867761018131e-22,-3.443672060976488e-13,1511.5854817402678,1511.5854817471647,0.031191687823390993,0.004450977689622813,1.3547843402683668e-13,-4.866742425724269e-12,397.5357961161158,397.53579610921867,0.00820318307888233,0.0011705741954954334,1.6172133077141382e-13,5.448159284826559e-12
8.125000000000001e-06,120.28400205272611,121.29431732867062,1.098858354636735e-07,591.8703968676493,0.0,1.2817025339975133e-07,0.0,9.382699876294194e-13,0.0,4.500000002921724,4.500000002923628,7.577742014968143e-10,0.0,0.0,0.0,0.0,1.2817025339975133e-07,1.281709394336695e-07,6.486952810627568e-13,9.382699876294194e-13,-1.5881867761018131e-22,-5.889726177202278e-13,1511.5994163035557,1511.5994163104554,0.05362427777860779,0.012948596439978467,-2.628522399739097e-13,-7.9935572050438e-12,397.5394609104259,397.5394609035252,0.014102788235809509,0.0034053850458631648,1.3271328480612965e-13,8.943443208231372e-12
1.31875e-05,120.4141645374771,121.57399064537285,1.7835316285678538e-07,591.8703911774921,0.0,1.9663520327300045e-07,0.0,3.3564160010330283e-12,0.0,4.500000004740435,4.500000004745252,1.162563458528228e-09,0.0,0.0,0.0,0.0,1.9663520327300045e-07,1.9663625609333172e-07,1.0561078447726745e-12,3.3564160010330283e-12,-1.0587911840678754e-22,-9.557590308000218e-13,1511.6145059695136,1511.6145059764194,0.08730296347997918,0.031537004307063125,3.026745520884333e-13,-1.3567119649948722e-11,397.5434295418286,397.5434295349225,0.022960033352802063,0.008293998765736001,3.123005326566286e-13,1.4523155247858632e-11
2.078125e-05,120.5381025687632,121.83871232125622,2.8105415271226245e-07,591.8703826422567,0.0,2.993290808131064e-07,0.0,1.0530424891988062e-11,0.0,4.500000007465994,4.500000007477681,1.7697441715386005e-09,0.0,0.0,0.0,0.0,2.993290808131064e-07,2.993306835363594e-07,1.6677042863349964e-12,1.0530424891988062e-11,-1.0587911840678754e-22,-1.505661952496174e-12,1511.628835945257,1511.6288359521704,0.13786047241856075,0.06776361968834992,1.961208973000339e-13,-2.1404378269807012e-11,397.547198460778,397.5471984538635,0.03625628407779175,0.017821330549682962,2.471009508120403e-13,2.2927625076274438e-11
3.2171875e-05,120.63757297736511,122.05101663843918,4.35105634718549e-07,591.870369839404,0.0,4.533613445758088e-07,0.0,2.98424042061191e-11,0.0,4.500000011548751,4.50000001157631,2.6805106954020447e-09,0.0,0.0,0.0,0.0,4.533613445758088e-07,4.533637715278901e-07,2.5856688447537956e-12,2.98424042061191e-11,-2.117582368135751e-22,-2.329890780906534e-12,1511.6403328113279,1511.640332818253,0.21374384618215764,0.13214875065968412,-2.9387603461827894e-13,-3.349043264933016e-11,397.55022241351406,397.5502224065872,0.05621304984021494,0.03475414358836196,2.1149748619109232e-13,3.522704350444883e-11
4.92578125e-05,120.70232151054442,122.18920195751761,6.661828514798885e-07,591.8703506351252,0.0,6.843905308839906e-07,0.0,7.801542398859302e-11,0.0,4.500000017660392,4.500000017724221,4.0466549678059004e-09,0.0,0.0,0.0,0.0,6.843905308839906e-07,6.843941927722599e-07,3.963171657102538e-12,7.801542398859302e-11,1.0587911840678754e-22,-3.564826968653693e-12,1511.6478158754273,1511.6478158823702,0.32761486637700965,0.2385346416741244,2.644828800413279e-13,-5.0667220419242653e-11,397.55219094700675,397.55219094006145,0.0861602855052559,0.06273284577914909,2.2662427490161008e-13,5.3659438004061144e-11
7.488671875e-05,120.73516978229223,122.25930568537972,1.0127986625636952e-06,591.8703218287084,0.0,1.0308926166715921e-06,0.0,1.91958150017359e-10,0.0,4.500000026799904,4.500000026946053,6.095865883273947e-09,0.0,0.0,0.0,0.0,1.0308926166715921e-06,1.030898127807314e-06,6.029848933817747e-12,1.91958150017359e-10,-4.235164736271502e-22,-5.41407442153103e-12,1511.651611564221,1511.6516115711895,0.4984563686980224,0.4055773575802865,2.592093206743584e-13,-7.636571930369485e-11,397.55318999948736,397.5531899925143,0.13109033638758133,0.10666384420845834,7.935319068508306e-14,8.125175532391893e-11
0.000113330078125,120.74769107993963,122.28602820369078,1.5327223475584507e-06,591.8702786190854,0.0,1.5505551594531674e-06,0.0,4.534338325762184e-10,0.0,4.500000040446662,4.500000040778781,9.169677791987014e-09,0.0,0.0,0.0,0.0,1.5505551594531676e-06,1.5505634373773208e-06,9.130106743757178e-12,4.534338325762184e-10,-2.117582368135751e-22,-8.180862852796597e-12,1511.6530573978007,1511.6530574048058,0.7547386183748268,0.6604091272469964,-4.696659727798647e-13,-1.1370175634350943e-10,397.5535714644301,397.5535714574161,0.19849067156245753,0.17368271448153627,8.787415239908114e-14,1.221875378654147e-10
0.0001709951171875,120.75116751876939,122.29344749623887,2.312607803880942e-06,591.8702138046568,0.0,2.329848964261447e-06,0.0,1.0456015579230505e-09,0.0,4.5000000607771575,4.500000061527859,1.3780392387561977e-08,0.0,0.0,0.0,0.0,2.329848964261447e-06,2.3298613764619205e-06,1.3780594198962887e-11,1.0456015579230505e-09,-4.235164736271502e-22,-1.2315139172904666e-11,1511.6534571373802,1511.6534571444427,1.1391703205683812,1.0444341202150622,-2.5733581932030347e-13,-1.7078759240174435e-10,397.5536784246268,397.55367841755185,0.29959336444255247,0.27467844722582063,1.7208456881689926e-15,1.8309437299635078e-10
0.00025749267578125,120.75185330044403,122.29491106706718,3.4824358282330034e-06,591.8701165830274,0.0,3.4983425356776796e-06,0.0,2.3808645824136267e-09,0.0,4.500000090961975,4.500000092651446,2.0696461173978787e-08,0.0,0.0,0.0,0.0,3.498342535677679e-06,3.4983611135504826e-06,2.0756355190661403e-11,2.3808645824136267e-09,-8.470329472543003e-22,-1.848081150342373e-11,1511.653533300321,1511.6535333074678,1.715820338005195,1.620997520245116,3.71508379615193e-14,-2.548487393339016e-10,397.5537012013321,397.55370119416705,0.45124805181498495,0.42631035798309574,4.091171845743702e-14,2.7323038276350076e-10
0.000387239013671875,120.75194762262589,122.29511236610553,5.2371775044648866e-06,591.8699707506137,0.0,5.250078285008224e-06,0.0,5.388086929285919e-09,0.0,4.500000135550316,4.500000139336746,3.107055927932761e-08,0.0,0.0,0.0,0.0,5.2500782850082245e-06,5.2501060310831315e-06,3.122000282806627e-11,5.388086929285919e-09,0.0,-2.7649013606554555e-11,1511.6535395551841,1511.6535395624542,2.5807958725372373,2.485951118221239,1.4173384688120905e-13,-3.779806884152137e-10,397.55370696357255,397.55370695627573,0.6787302165729758,0.6537867606324375,7.704947790898586e-14,4.050295654423053e-10
0.0005818585205078125,120.75195654399859,122.29513140578095,7.869289208146454e-06,591.8697520020602,0.0,7.875422027722046e-06,0.0,1.2158171401421117e-08,0.0,4.500000200917909,4.500000209364559,4.6631695722339085e-08,0.0,0.0,0.0,0.0,7.875422027722044e-06,7.875463345764892e-06,4.691547515669089e-11,1.2158171401421117e-08,0.0,-4.122098154688545e-11,1511.6535336219767,1511.6535336294237,3.878259246461787,3.7833969028288603,-3.6387559632089506e-14,-5.550555293165615e-10,397.55371157374884,397.55371156626114,1.0199534826786942,0.9950054167526801,1.1546319456101628e-14,5.958442628184457e-10
0.0008737877807617187,120.7519571186268,122.2951326321318,1.1817454939670434e-05,591.8694238793813,0.0,1.1808353021714811e-05,0.0,2.7396498780487844e-08,0.0,4.50000029567527,4.50000031440594,6.997337679453144e-08,0.0,0.0,0.0,0.0,1.1808353021714811e-05,1.1808414293118383e-05,7.045868373392562e-11,2.7396498780487844e-08,0.0,-6.117434227096482e-11,1511.6535232553865,1511.6535232630843,5.824454314317074,5.729567053519241,1.6255052859293073e-13,-8.056497552422215e-10,397.5537180912904,397.55371808353203,1.531788383669926,1.5068338004729536,-5.6621374255882984e-14,8.664644557399015e-10
0.001311681671142578,120.75195714366599,122.29513268556921,1.7739699432962476e-05,591.868931695704,0.0,1.7696309147153672e-05,0.0,6.16911579193797e-08,0.0,4.500000430767048,4.500000471967286,1.0498584660028297e-07,0.0,0.0,0.0,0.0,1.7696309147153672e-05,1.7696399442084414e-05,1.0577349660528625e-10,6.16911579193797e-08,1.0164395367051604e-20,-9.019786943370903e-11,1511.6535076391567,1511.6535076471955,8.743746916555367,8.648822346426298,3.249622793077833e-13,-1.1465478566563547e-09,397.5537278232193,397.5537278150907,2.2995407352765302,2.2745764205206336,-2.8954616482224083e-13,1.236395874570917e-09
0.0019685225067138674,120.75195714441008,122.29513268715672,2.662305693892231e-05,591.8681934209557,0.0,2.650250255787268e-05,0.0,1.3886671731198254e-07,0.0,4.500000618704911,4.500000708307673,1.5750443871659284e-07,0.0,0.0,0.0,0.0,2.6502502557872682e-05,2.650263436087095e-05,1.587457159125699e-10,1.3886671731198254e-07,6.776263578034403e-21,-1.3170593696193835e-10,1511.6534842789208,1511.653484287394,13.122685819932867,13.027705221857875,4.730521530049714e-13,-1.5806834868792308e-09,397.5537423773703,397.55374236876634,3.451169262691713,3.4261903942604306,-6.306066779870889e-14,1.7120607154197387e-09
0.002953783760070801,120.75195714443947,122.29513268721873,3.9948072421438385e-05,591.8670860105599,0.0,3.96538760642426e-05,0.0,3.125304106555887e-07,0.0,4.500000871010172,4.500001062814639,2.3628208549738554e-07,0.0,0.0,0.0,0.0,3.965387606424261e-05,3.965406560837237e-05,2.382040448735031e-10,3.125304106555887e-07,-6.776263578034403e-21,-1.8944706846562957e-10,1511.6534493922582,1511.6534494012103,19.691094174999755,19.596029381672288,2.7382263123598705e-13,-2.0599590505598897e-09,397.55376411266343,397.5537641035228,5.178612053814654,5.153611450626821,-1.6964207816272392e-13,2.248612851474263e-09
0.004431675640106202,120.75195714446208,122.29513268726589,5.9935548898351564e-05,591.8654248988511,0.0,5.92506243920349e-05,0.0,7.033011771938982e-07,0.0,4.500001192831861,4.500001594567113,3.544480450582231e-07,0.0,0.0,0.0,0.0,5.92506243920349e-05,5.925089050624068e-05,3.573915383149008e-10,7.033011771938982e-07,-6.776263578034403e-21,-2.660171444831671e-10,1511.6533974083447,1511.6533974176314,29.543706707599917,29.44851527611518,9.12880881998035e-14,-2.3946082616799202e-09,397.5537964998323,397.5537964902798,7.769776240499023,7.7447432505541025,-2.291500322826323e-13,2.6603839131666973e-09
0.006648513460159303,120.75195714449572,122.29513268733602,8.991665843359584e-05,591.862933240029,0.0,8.835254645561681e-05,0.0,1.5825747413099023e-06,0.0,4.500001574746713,4.500002392178072,5.31695884036391e-07,0.0,0.0,0.0,0.0,8.835254645561681e-05,8.835290525860913e-05,5.36172778476998e-10,1.5825747413099023e-06,1.3552527156068805e-20,-3.5870593100657475e-10,1511.6533202111368,1511.653320220081,44.3226255065002,44.227243340901836,1.8833545833985e-13,-2.0520864590922727e-09,397.55384459512334,397.5538445858202,11.656522520525586,11.631441435040355,-1.758593271006248e-13,2.4111219687483754e-09
0.009973770190238955,120.75195714454615,122.29513268744121,0.00013488808608223146,591.8591957714639,0.0,0.0001313457347811895,0.0,3.560991654564186e-06,0.0,4.500001985122248,4.500003588649475,7.9756460754168e-07,0.0,0.0,0.0,0.0,0.0001313457347811895,0.00013134618416585071,8.043446387201447e-10,3.560991654564186e-06,2.710505431213761e-20,-4.492875998812155e-10,1511.6532061609305,1511.6532061738255,66.49100370485073,66.39533369012659,1.6162071680980716e-13,-6.002958158335403e-09,397.55391565214836,397.5539156388039,17.486641940565455,17.461489802096477,-1.8118839761882555e-13,6.452399503587003e-09
0.014961655285358432,120.75195714462183,122.295132687599,0.00020234469508671494,591.8535896128683,0.0,0.00019435126655252042,0.0,8.012439491415615e-06,0.0,4.500002371305893,4.500005383248556,1.1963496817752183e-06,0.0,0.0,0.0,0.0,0.0001943512665525204,0.00019435174759127312,1.2066024290848674e-09,8.012439491415615e-06,2.710505431213761e-20,-4.80941691392801e-10,1511.6530390246066,1511.6530390419211,99.74357100237673,99.64746528124334,-1.526417880981512e-13,-1.0422734550430413e-08,397.554019782951,397.5540197651556,26.231821070625315,26.20656480580469,-1.4210854715202004e-13,1.0903391967076459e-08
0.022443482928037647,120.75195714473531,122.29513268783566,0.00030352841055136126,591.8451804745415,0.0,0.0002855209941333062,0.0,1.8027201585453417e-05,0.0,4.500002677644502,4.500008074187834,1.7943464700689755e-06,0.0,0.0,0.0,0.0,0.00028552099413330627,0.00028552130434856697,1.8099891146319457e-09,1.8027201585453417e-05,-2.168404344971009e-19,-3.101181996205578e-10,1511.6527971855783,1511.6527972007127,149.62242194866525,149.5256538219764,-5.957040416504356e-13,-8.243118812534256e-09,397.55417045226824,397.5541704368236,39.34958976571498,39.32418282922628,-2.2026824808563106e-13,8.55255422038681e-09
0.03366622439205647,120.75195714490556,122.29513268819066,0.0004553012881940801,591.8325669910723,0.0,0.0004147775832351587,0.0,4.05443870550079e-05,0.0,4.500002874311632,4.500012102772876,2.689605778044233e-06,0.0,0.0,0.0,0.0,0.0004147775832351588,0.0004147779016017596,2.7150691429525762e-09,4.05443870550079e-05,-2.710505431213761e-19,-3.1826953973777133e-10,1511.6524543181274,1511.6524543277992,224.4406983680991,224.34291676826717,-1.2917444891513696e-12,-2.7811623004581065e-09,397.5543840631542,397.5543840531646,59.026242808349764,59.00062225551976,-5.258016244624741e-13,3.097213152614131e-09
0.05050033658808471,120.75195714516092,122.29513268872316,0.0006829545397975334,591.8136472699045,0.0,0.0005919578628698648,0.0,9.101871570412738e-05,0.0,4.500002972445259,4.500018086612152,4.019332987474402e-06,0.0,0.0,0.0,0.0,0.0005919578628698647,0.0005919581821761358,4.0726891854335e-09,9.101871570412738e-05,-4.336808689942018e-19,-3.1920921027966953e-10,1511.6519843151702,1511.6519843299805,336.66811299724804,336.5687669303503,-1.7574969257694306e-12,-7.920045744236326e-09,397.55467688586833,397.5546768707392,88.54122237230145,88.51530900189663,-7.673861546209082e-13,8.23652612780279e-09
0.07050033658808472,120.75195714549612,122.29513268942218,0.0009534116770833728,591.7911702194376,0.0,0.0007794838713115138,0.0,0.00017395137703337597,0.0,4.500003006850046,4.500025013609661,5.5586516488213464e-06,0.0,0.0,0.0,0.0,0.0007794838713115138,0.0007794842710720084,5.685628468089843e-09,0.00017395137703337597,-1.1926223897340549e-18,-3.996634345086042e-10,1511.6514868743377,1511.6514868883287,470.0014463174647,469.90018070258884,-1.1862177906607485e-12,-7.100247112479252e-09,397.55498680074123,397.5549867863503,123.60690236808409,123.58067908206854,-3.694822225952521e-13,7.498698550989502e-09
0.09050033658808472,120.75195714586013,122.29513269018125,0.0012238585424216963,591.7686940226481,0.0,0.0009449925467897323,0.0,0.00027889131296984917,0.0,4.500003016943873,4.500031651268356,7.033716194449514e-06,0.0,0.0,0.0,0.0,0.0009449925467897323,0.0009449928134131412,7.298567750746206e-09,0.00027889131296984917,-1.4094628242311558e-18,-2.66526349059458e-10,1511.6510478409755,1511.6510478515968,603.3347796376828,603.2315361617057,-1.0865058852616016e-12,-3.730469530505154e-09,397.55526032548016,397.55526031459215,158.67258236386715,158.6460855496098,-3.126388037344441e-13,3.99583655052993e-09
0.11050033658808472,120.75195714622416,122.29513269094032,0.0014942951362026322,591.7462186795032,0.0,0.0010897654630811335,0.0,0.00040455654282325757,0.0,4.5000030198481396,4.500037902442226,8.422855592990035e-06,0.0,0.0,0.0,0.0,0.0010897654630811337,0.0010897657902799508,8.911507033402588e-09,0.00040455654282325757,-1.951563910473908e-18,-3.271017575724733e-10,1511.6506638061912,1511.65066381913,736.6681129579025,736.5628367083511,-2.5193735986306365e-12,-6.049294898335944e-09,397.5554995874001,397.5554995741342,193.7382623596506,193.71152628585085,-6.536993168992922e-13,6.373369387802086e-09
0.13050033658808471,120.75195714658815,122.29513269169938,0.0017647214588162932,591.7237441899704,0.0,0.0012153381776814362,0.0,0.0005494117086746488,0.0,4.500003020626224,4.5000436905511965,9.709086678268915e-06,0.0,0.0,0.0,0.0,0.0012153381776814362,0.0012153385599815035,1.0524446316058954e-08,0.0005494117086746488,-1.951563910473908e-18,-3.8220300774098603e-10,1511.6503307050207,1511.6503307181551,870.0014462781211,869.8940864152946,-2.9080210461884803e-12,-6.245452280340125e-09,397.5557071159083,397.55570710239147,228.80394235543378,228.77699875337672,-7.105427357601002e-13,6.6242762386536924e-09
0.1505003365880847,120.75195714695215,122.29513269245841,0.002035137510652778,591.7012705540179,0.0,0.001323412367836905,0.0,0.0007117552320591167,0.0,4.500003020775514,4.500048965232034,1.0881268048573526e-05,0.0,0.0,0.0,0.0,0.0013234123678369048,0.0013234127013728024,1.2137385598715311e-08,0.0007117552320591167,-2.3852447794681098e-18,-3.334388386060094e-10,1511.65004402164,1511.6500440349741,1003.3347795983386,1003.2252897962317,-1.6084356069256955e-12,-6.44378678194002e-09,397.5558857251513,397.55588571148365,263.86962235121666,263.84250014006756,-5.684341886080801e-13,6.775223937438568e-09
0.1705003365880847,120.75195714731612,122.2951326932174,0.0023055432921021703,591.6787977716125,0.0,0.001415768143340411,0.0,0.0008898068243113732,0.0,4.5000030207388555,4.500053703225766,1.1934123800689546e-05,0.0,0.0,0.0,0.0,0.0014157681433404111,0.001415768503509221,1.3750324881371684e-08,0.0008898068243113732,-2.3852447794681098e-18,-3.6007175084444565e-10,1511.6497990331816,1511.6497990470968,1136.6681129185577,1136.556451573648,-1.95574112460406e-12,-7.025301201890599e-09,397.5560383578872,397.55603834361136,298.93530234699995,298.9080275037229,-7.958078640513122e-13,7.38316430215491e-09
0.19050033658808468,120.75195714768009,122.29513269397637,0.0025759388035545387,591.6563258427223,0.0,0.00149418756580182,0.0,0.001081784575971229,0.0,4.5000030206472195,4.500057903506117,1.2867545074854717e-05,0.0,0.0,0.0,0.0,0.00149418756580182,0.0014941878762410193,1.5363264164028047e-08,0.001081784575971229,6.505213034913027e-19,-3.1034213718826587e-10,1511.6495910144165,1511.6495910277335,1270.0014462387758,1269.8875764743316,1.0438871989038034e-13,-6.425020931954961e-09,397.55616795728105,397.55616794365386,334.000982342783,333.97357789946426,0.0,6.735319857398281e-09
0.21050033658808467,120.75195714804403,122.29513269473532,0.002846324045399937,591.6338547673147,0.0,0.0015603927422011314,0.0,0.0012859662918171077,0.0,4.500003020539311,4.50006158448806,1.3685534110254773e-05,0.0,0.0,0.0,0.0,0.0015603927422011314,0.0015603930151798207,1.6976203446684398e-08,0.0012859662918171077,-2.168404344971009e-19,-2.7288162810119865e-10,1511.6494153973447,1511.649415408498,1403.334779558993,1403.2186690666617,1.2365386492518837e-12,-4.260200886507803e-09,397.5562773692293,397.556277357803,369.0666623385658,369.0391484810981,2.2737367544323206e-13,4.5346268962020986e-09
0.23050033658808466,120.75195714840797,122.29513269549422,0.003116699018028405,591.6113845453574,0.0,0.0016160017838975198,0.0,0.0015007337377243683,0.0,4.500003020426606,4.500064777443072,1.439505889227429e-05,0.0,0.0,0.0,0.0,0.0016160017838975198,0.0016160021548403127,1.8589142729340767e-08,0.0015007337377243683,2.168404344971009e-18,-3.708457293419981e-10,1511.6492678832883,1511.6492678967745,1536.6681128792115,1536.5497336432547,3.107375468047735e-12,-6.5911839597365685e-09,397.5563692742967,397.55636926043945,404.13234233434895,404.1047365742452,5.684341886080801e-13,6.965933607716579e-09
0.2505003365880847,120.75195714877188,122.2951326962531,0.003387063721829966,591.588915176818,0.0,0.0016625008802943144,0.0,0.0017246009769979005,0.0,4.500003020312476,4.500067522002116,1.500498672713139e-05,0.0,0.0,0.0,0.0,0.0016625008802943144,0.0016625012323076224,2.0202082011997127e-08,0.0017246009769979005,0.0,-3.519162465777381e-10,1511.649144537468,1511.6491445508866,1670.0014461994294,1669.8807741457783,2.6085938964470756e-12,-6.524152759701529e-09,397.556446121073,397.55644610730195,439.1980223301319,439.1703397231655,4.547473508864641e-13,6.8796452978858724e-09
0.2705003365880847,120.75195714913579,122.29513269701197,0.00365741815719463,591.5664466616638,0.0,0.001701228641093854,0.0,0.001956229275659591,0.0,4.500003020197943,4.500069862879285,1.552518400325579e-05,0.0,0.0,0.0,0.0,0.0017012286410938544,0.0017012289819498799,2.1815021294653474e-08,0.001956229275659591,1.3010426069826053e-18,-3.407589627135721e-10,1511.6490418064516,1511.6490418196374,1803.3347795196464,1803.2117941254317,5.726683016682443e-12,-6.288204026927424e-09,397.55651012438057,397.5565101108543,474.2637023259146,474.23595571539664,1.1937117960769683e-12,6.635616500716424e-09
0.2905003365880847,120.75195714949969,122.29513269777078,0.003927762324512391,591.5439789998626,0.0,0.0017333721614104583,0.0,0.00219443150761183,0.0,4.500003020083283,4.500071845772982,1.596581239987182e-05,0.0,0.0,0.0,0.0,0.0017333721614104583,0.001733372530254686,2.342796057730984e-08,0.00219443150761183,2.6020852139652106e-18,-3.687471636631273e-10,1511.6489565406425,1511.6489565539905,1936.6681128398648,1936.5427967312437,6.1698424147493824e-12,-6.449878298120382e-09,397.55656324672174,397.55656323300485,509.3293823216977,509.3015825890294,1.4210854715202004e-12,6.826439857832156e-09
0.31050033658808474,120.75195714986356,122.29513269852957,0.0041980962241732304,591.5215121913822,0.0,0.0017599702459521558,0.0,0.0024381689150197745,0.0,4.500003019968584,4.500073515349497,1.633681647847054e-05,0.0,0.0,0.0,0.0,0.0017599702459521558,0.0017599706354468633,2.5040899859966224e-08,0.0024381689150197745,2.3852447794681098e-18,-3.8939764368702e-10,1511.6488859842693,1511.6488859984813,2070.001446160085,2069.8737847186762,4.239955608831281e-12,-7.315828151610582e-09,397.5566072050624,397.55660719046074,544.3950623174812,544.3672186273566,9.663381206337363e-13,7.710752925049746e-09
0.33050033658808475,120.75195715022743,122.29513269928835,0.004468419856567112,591.4990462361898,0.0,0.0017819216706592806,0.0,0.002686542723513776,0.0,4.500003019853886,4.500074913776972,1.6647578814016683e-05,0.0,0.0,0.0,0.0,0.0017819216706592806,0.0017819220722860248,2.6653839142622597e-08,0.002686542723513776,1.3010426069826053e-18,-4.0152968146592305e-10,1511.6488277539297,1511.6488277689728,2203.334779480304,2203.2047604718637,3.649400226457544e-12,-8.147469490737969e-09,397.5566434840294,397.5566434685852,579.4607423132645,579.4328623450152,7.958078640513122e-13,8.55311554914806e-09
0.35050033658808477,120.75195715059128,122.29513270004708,0.004738733222083987,591.4765811342533,0.0,0.001799996736128551,0.0,0.002938782644103569,0.0,4.5000030197391885,4.500076079834635,1.6906711317425836e-05,0.0,0.0,0.0,0.0,0.001799996736128551,0.0017999971301523904,2.8266778425278987e-08,0.002938782644103569,2.6020852139652106e-18,-3.9392677531405185e-10,1511.648779806935,1511.6487798221535,2336.6681128005243,2336.535726034115,3.335567932971628e-12,-8.32331580047363e-09,397.55667335601146,397.5566733403993,614.5264223090481,614.4985124689846,6.252776074688882e-13,8.720917321625166e-09
0.3705003365880848,120.7519571509551,122.2951327008058,0.005009036321113789,591.4541168855399,0.0,0.001814850294701589,0.0,0.003194233817237086,0.0,4.5000030196244944,4.5000770483553705,1.712195081414168e-05,0.0,0.0,0.0,0.0,0.001814850294701589,0.001814850668987955,2.9879717707935333e-08,0.003194233817237086,-4.336808689942018e-19,-3.741893049753753e-10,1511.6487404060158,1511.6487404209065,2470.001446120741,2469.866683142539,2.690458966725373e-12,-7.996088069450735e-09,397.5566979034244,397.5566978881594,649.5921023048309,649.564167917007,4.547473508864641e-13,8.373547188966768e-09
0.3905003365880848,120.75195715131893,122.29513270156447,0.005279329154046441,591.431653490018,0.0,0.0018270352582191237,0.0,0.003452343324979395,0.0,4.500003019509805,4.500077850099439,1.730013009378103e-05,0.0,0.0,0.0,0.0,0.0018270352582191237,0.001827035607117579,3.14926569905917e-08,0.003452343324979395,-1.951563910473908e-18,-3.4880139575255154e-10,1511.6487080841234,1511.648708098532,2603.3347794409597,2603.197633263837,2.2427892876208944e-12,-7.514503547190188e-09,397.55671804040554,397.5567180256481,684.657782300614,684.6298277753016,5.115907697472721e-13,7.866105988796335e-09
0.4105003365880848,120.75195715168275,122.29513270232312,0.005549611721271847,591.4091909476543,0.0,0.0018370157419642127,0.0,0.0037126470389679147,0.0,4.500003019395119,4.5000785119386535,1.744720041386741e-05,0.0,0.0,0.0,0.0,0.001837015741964213,0.00183701607329375,3.310559627324808e-08,0.0037126470389679147,-6.505213034913027e-19,-3.312324763429797e-10,1511.6486816098814,1511.648681623857,2736.6681127611796,2736.528577629178,1.6117107648483397e-12,-7.0822151476690465e-09,397.55673453421593,397.5567345199088,719.7234622963975,719.6954912768242,3.410605131648481e-13,7.415621894324431e-09
0.43050033658808484,120.75195715204654,122.29513270308175,0.005819884023179899,591.3867292584166,0.0,0.0018451794130830623,0.0,0.003974757289497351,0.0,4.500003019280437,4.500079056837023,1.7568286535738843e-05,0.0,0.0,0.0,0.0,0.001845179413083062,0.0018451797376116477,3.471853555590445e-08,0.003974757289497351,-8.673617379884035e-19,-3.2443152504779693e-10,1511.6486599548136,1511.6486599685281,2870.0014460813986,2869.8595172669106,1.553049355784708e-12,-6.8210214559938365e-09,397.5567480256644,397.55674801162615,754.7891422921808,754.7611577808901,3.410605131648481e-13,7.1466956796939485e-09
0.45050033658808486,120.75195715241033,122.29513270384034,0.006090146060160472,591.364268422273,0.0,0.0018518487273647044,0.0,0.004238351628899368,0.0,4.500003019165761,4.500079504473988,1.766776007024929e-05,0.0,0.0,0.0,0.0,0.0018518487273647042,0.0018518490469338767,3.633147483856081e-08,0.004238351628899368,-1.1956106677618594e-12,-3.2066772175966263e-10,1511.6486422636874,1511.6486422771493,3003.3347794016167,3003.1904530323613,-6.379796690936246e-11,-6.633760318841553e-09,397.5567590475291,397.55675903374834,789.8548222879638,789.8268267546207,7.014477887423709e-11,6.959055554034421e-09
0.4705003365880849,120.7519571527741,122.2951327045989,0.00636039783260343,591.3418084391903,0.0,0.0018572909260968537,0.0,0.004503162812035843,0.0,4.500003019051087,4.500079871497089,1.7749321055949274e-05,0.0,0.0,0.0,0.0,0.0018572909260968532,0.0018572912491796423,3.794441412121719e-08,0.004503162812035843,-1.195610884602294e-12,-3.24181338457602e-10,1511.6486278275393,1511.6486278409259,3136.668112721836,3136.521385634453,-6.499224769473955e-11,-6.55969391305522e-09,397.556768041531,397.55676802782074,824.9205022837472,824.8924977563316,7.008793545537628e-11,6.888456027809298e-09
0.4905003365880849,120.75195715313785,122.29513270535745,0.006630639340898616,591.319349309137,0.0,0.001861726845792639,0.0,0.00476897000852886,0.0,4.500003018936413,4.5000801719123675,1.781608051768817e-05,0.0,0.0,0.0,0.0,0.001861726845792639,0.0018617271733764942,3.955735340387356e-08,0.00476897000852886,-1.7402112736930597e-12,-3.2922700503312807e-10,1511.6486160606441,1511.648616073985,3270.001446042055,3269.8523156589636,-9.131431721876027e-11,-6.540313873815151e-09,397.55677537255866,397.55677535888964,859.9861822795303,859.958170421075,9.919176591210999e-11,6.8763483795919456e-09
0.5105003365880849,120.75195715350159,122.29513270611595,0.006900870585435865,591.2968910320799,0.0,0.001865338507342429,0.0,0.005035591201180802,0.0,4.500003018821748,4.500080417425972,1.7870639972545125e-05,0.0,0.0,0.0,0.0,0.001865338507342429,0.001865338837834922,4.1170292686529916e-08,0.005035591201180802,-2.1063719345126852e-12,-3.325018034343319e-10,1511.648606480245,1511.6486064935289,3403.3347793622725,3403.1832435887204,-1.0972181496704536e-10,-6.501650579027185e-09,397.5567813413484,397.5567813277345,895.0518622753132,895.0238444480347,1.2084910849807784e-10,6.8429244493017904e-09
0.5305003365880849,120.75195715386532,122.29513270687443,0.007171091566604991,591.2744336079871,0.0,0.0018682756211796468,0.0,0.0053028766793368565,0.0,4.500003018707089,4.500080617783246,1.7915164819871707e-05,0.0,0.0,0.0,0.0,0.0018682756211796468,0.0018682759535418427,4.278323196918629e-08,0.0053028766793368565,-2.351806249745181e-12,-3.3461694070972825e-10,1511.6485986892087,1511.6485987024591,3536.6681126824915,3536.514169820945,4.231753836236862e-12,-6.354273079933748e-09,397.5567861953233,397.5567861817404,930.1175422710965,930.0895195896998,8.58335624798201e-12,6.6996221903536934e-09
0.550500336588085,120.75195715422903,122.29513270763287,0.007441302284795799,591.251977036826,0.0,0.0018706611107504648,0.0,0.0055707035195346685,0.0,4.500003018592427,4.500080781091255,1.795145051572153e-05,0.0,0.0,0.0,0.0,0.001870661110750465,0.00187066144430978,4.4396171251842656e-08,0.0055707035195346685,-2.5161470129653196e-12,-3.359784004827726e-10,1511.648592361378,1511.648592374599,3670.0014460027096,3669.8450946815537,-4.039199530403437e-12,-6.333212829168211e-09,397.55679013771646,397.55679012416215,965.1832222668795,965.1551956430708,1.830358087318018e-11,6.680750175291905e-09
0.570500336588085,120.75195715459273,122.2951327083913,0.007711502740398076,591.2295213185643,0.0,0.001872595760411721,0.0,0.0058389709375397,0.0,4.500003018477783,4.5000809139907085,1.7980980978696763e-05,0.0,0.0,0.0,0.0,0.001872595760411721,0.0018725960947366131,4.600911053449903e-08,0.0058389709375397,-2.6258416014474095e-12,-3.3685367234297103e-10,1511.6485872294954,1511.6485872426815,3803.334779322929,3803.176018437937,-1.0315859277909567e-11,-6.3044739428974594e-09,397.5567933350017,397.5567933214811,1000.2489022626629,1000.2208724415417,2.4783730623312294e-11,6.653522177657578e-09
0.590500336588085,120.75195715495641,122.29513270914968,0.007981692933801592,591.2070664531699,0.0,0.0018741621059616103,0.0,0.00610759639776801,0.0,4.500003018363129,4.500081021991522,1.800497935511172e-05,0.0,0.0,0.0,0.0,0.0018741621059616103,0.0018741624407780744,4.76220498171554e-08,0.00610759639776801,-2.698869556658212e-12,-3.374182721421759e-10,1511.648583074603,1511.648583087754,3936.6681126431477,3936.506941309041,-1.4525547431532004e-11,-6.273668085032824e-09,397.55679592360076,397.5567959101148,1035.314582258446,1035.2865498486954,2.893330020015128e-11,6.623054105148185e-09
0.610500336588085,120.75195715532008,122.29513270990805,0.008251872865396108,591.1846124406097,0.0,0.0018754276749445172,0.0,0.006376512372950691,0.0,4.5000030182484805,4.500081109622526,1.80244516024359e-05,0.0,0.0,0.0,0.0,0.0018754276749445174,0.0018754280100807205,4.923498909981179e-08,0.006376512372950691,-2.747340332662218e-12,-3.377864819451015e-10,1511.6485797175674,1511.6485797306846,4070.0014459633676,4069.837863473996,-1.773260704940327e-11,-6.242996467009654e-09,397.5567980151203,397.55679800166735,1070.3802622542296,1070.3522277529291,3.177547114319168e-11,6.592870249733096e-09
0.630500336588085,120.75195715568374,122.29513271066638,0.008522042535571364,591.1621592808516,0.0,0.001876447674212586,0.0,0.006645663656551507,0.0,4.50000301813385,4.500081180600719,1.804022353847135e-05,0.0,0.0,0.0,0.0,0.0018764476742125864,0.001876448009562384,5.084792838246817e-08,0.006645663656551507,-2.77939997406218e-12,-3.380321361365346e-10,1511.6485770119393,1511.648577025027,4203.334779283587,4203.168785079244,-1.8273008106639566e-11,-6.21397829025927e-09,397.55679970080166,397.5567996873781,1105.4459422500129,1105.4179060630038,3.387867764104158e-11,6.565585408679908e-09
0.650500336588085,120.75195715604738,122.29513271142469,0.00879220194471709,591.1397069738636,0.0,0.0018772672113730275,0.0,0.006915005141305708,0.0,4.500003018019209,4.500081237972651,1.80529720838822e-05,0.0,0.0,0.0,0.0,0.0018772672113730271,0.0018772675468720654,5.246086766512456e-08,0.006915005141305708,-2.800526954435667e-12,-3.3820250376279115e-10,1511.6485748380628,1511.6485748511257,4336.6681126038075,4336.4997062444345,-2.153145717276317e-11,-6.192453008702081e-09,397.5568010551924,397.5568010417949,1140.5116222457966,1140.4835847043714,3.461764208623208e-11,6.540233243867988e-09
0.670500336588085,120.75195715641101,122.29513271218296,0.009062351093223,591.1172555196129,0.0,0.0018779231257458069,0.0,0.007184499988253126,0.0,4.50000301790458,4.500081284232449,1.806325143571359e-05,0.0,0.0,0.0,0.0,0.0018779231257458069,0.001877923461356017,5.4073806947780935e-08,0.007184499988253126,-2.8143500984539882e-12,-3.383274988291718e-10,1511.6485730982174,1511.6485731112798,4470.001445924027,4469.830627067288,-1.060443399758526e-12,-6.17152724757819e-09,397.55680213917594,397.55680212577784,1175.5773022415801,1175.5492636161498,1.2391865311656147e-11,6.518632744700881e-09
0.6905003365880851,120.75195715677462,122.29513271294121,0.00933248998147879,591.094804918067,0.0,0.001878445493944953,0.0,0.007454118121150709,0.0,4.500003017789955,4.5000813214190565,1.8071514876487576e-05,0.0,0.0,0.0,0.0,0.0018784454939449532,0.0018784458296444717,5.5686746230437305e-08,0.007454118121150709,-2.8233845383168754e-12,-3.384258416040675e-10,1511.648571712592,1511.648571725657,4603.334779244246,4603.161547627588,-3.172226370473652e-12,-6.176140140978781e-09,397.5568030024853,397.5568029890847,1210.6429822373634,1210.6149427486262,1.233502189279534e-11,6.5210770117118955e-09
0.7105003365880851,120.75195715713824,122.29513271369943,0.009602618609874146,591.072355169194,0.0,0.0018788588655382099,0.0,0.007723834990808963,0.0,4.500003017675327,4.5000813512017945,1.807813286630116e-05,0.0,0.0,0.0,0.0,0.0018788588655382096,0.0018788592013150116,5.7299685513093694e-08,0.007723834990808963,-2.8292290385478758e-12,-3.3850896955303633e-10,1511.6485706160975,1511.6485706291644,4736.668112564466,4736.492467990451,-2.556427292077501e-12,-6.177570704979374e-09,397.55680368566044,397.5568036722582,1245.708662233147,1245.6806220612368,1.2960299500264227e-11,6.523350748466328e-09
0.7305003365880851,120.75195715750182,122.29513271445762,0.009872736978798737,591.0499062729614,0.0,0.001879183275602194,0.0,0.007993630562534035,0.0,4.5000030175607115,4.500081374941468,1.80834079968531e-05,0.0,0.0,0.0,0.0,0.0018791832756021938,0.0018791836114500585,5.891262479575007e-08,0.007993630562534035,-2.8329838475116276e-12,-3.3858378709235304e-10,1511.6485697555886,1511.648569768657,4870.001445884685,4869.823388209012,-3.0066504841386177e-12,-6.179385170224094e-09,397.5568042218109,397.5568042084076,1280.7743422289302,1280.7463015208705,1.2732925824820995e-11,6.52420339974924e-09
0.7505003365880851,120.75195715786539,122.29513271521579,0.010142845088642214,591.0274582293363,0.0,0.0018794350734208207,0.0,0.008263488487427646,0.0,4.500003017446099,4.500081393749661,1.808758731482174e-05,0.0,0.0,0.0,0.0,0.0018794350734208207,0.001879435409336826,6.052556407840643e-08,0.008263488487427646,-2.8353649723228402e-12,-3.386543088058219e-10,1511.648569087697,1511.6485691007651,5003.3347792049035,5003.154308326639,-2.8596985890416704e-12,-6.179010844653554e-09,397.556804637958,397.5568046245535,1315.8400222247133,1315.8119811005079,1.2960299500264227e-11,6.52562448522076e-09
0.7705003365880851,120.75195715822895,122.29513271597392,0.01041294293979422,591.005011038287,0.0,0.0018796276000395684,0.0,0.008533395424831702,0.0,4.500003017331492,4.500081408533746,1.8090872452594484e-05,0.0,0.0,0.0,0.0,0.0018796276000395684,0.0018796279360225607,6.213850336106281e-08,0.008533395424831702,-2.8368635565656497e-12,-3.387227943876109e-10,1511.648568577031,1511.6485685901002,5136.668112525123,5136.485228378716,-6.364186955210016e-12,-6.183652201396939e-09,397.5568049561493,397.5568049427441,1350.9057022204968,1350.8776607781,1.233502189279534e-11,6.52562448522076e-09
0.7905003365880852,120.7519571585925,122.29513271673203,0.010683030532644376,590.9825646997807,0.0,0.0018797717418142206,0.0,0.008803340488778875,0.0,4.50000301721689,4.5000814200341654,1.809342793997224e-05,0.0,0.0,0.0,0.0,0.0018797717418142204,0.0018797720778639115,6.375144264371918e-08,0.008803340488778875,-2.8377786231992275e-12,-3.3879040827085316e-10,1511.648568194714,1511.648568207784,5270.0014458453425,5269.816148394122,-6.400172058995679e-12,-6.184370307527054e-09,397.55680519437675,397.55680518097085,1385.97138221628,1385.9433405356567,1.2391865311656147e-11,6.5264202930848114e-09
0.8105003365880852,120.75195715895603,122.2951327174901,0.010953107867582296,590.9601192137848,0.0,0.001879876382382425,0.0,0.009073314796020566,0.0,4.500003017102292,4.500081428855026,1.809538801256897e-05,0.0,0.0,0.0,0.0,0.0018798763823824245,0.0018798767184988689,6.536438192637554e-08,0.009073314796020566,-2.838331999988064e-12,-3.3885771489119976e-10,1511.6485679171801,1511.648567930251,5403.33477916556,5403.147068396417,-4.260675146028348e-12,-6.1831403053158596e-09,397.5568053673226,397.55680535391576,1421.037062212063,1421.0090203584953,1.3017142919125035e-11,6.528011908812914e-09
0.8305003365880852,120.75195715931956,122.29513271824814,0.011223174944997574,590.9376745802678,0.0,0.0018799487715359343,0.0,0.009343311097154418,0.0,4.50000301698769,4.500081435489167,1.8096862181694475e-05,0.0,0.0,0.0,0.0,0.0018799487715359343,0.0018799491077192516,6.697732120903191e-08,0.009343311097154418,-2.8386572606398097e-12,-3.389249130913291e-10,1511.648567725198,1511.6485677382689,5536.668112485779,5536.477988404829,-3.967354222922381e-12,-6.182846984392754e-09,397.55680548696796,397.5568054735604,1456.1027422078462,1456.0747002346343,1.3415046851150692e-11,6.529091933771269e-09
0.8505003365880852,120.75195715968306,122.29513271900616,0.011493231765279787,590.9152307991964,0.0,0.001879994826178294,0.0,0.009613323475666447,0.0,4.5000030168731,4.500081440338662,1.8097939786449222e-05,0.0,0.0,0.0,0.0,0.001879994826178294,0.001879995162428535,6.859026049168828e-08,0.009613323475666447,-2.8388417918495668e-12,-3.3899202130267814e-10,1511.6485676030716,1511.648567616144,5670.001445805997,5669.8089084350495,-2.493394379854408e-12,-6.182964640277788e-09,397.55680556309136,397.5568055496831,1491.1684222036292,1491.140380154295,1.3642420526593924e-11,6.530058271891903e-09
0.8705003365880852,120.75195716004654,122.29513271976415,0.011763278328818504,590.8927878705387,0.0,0.001880019375821047,0.0,0.00988334710243474,0.0,4.500003016758514,4.5000814437315135,1.809869371112859e-05,0.0,0.0,0.0,0.0,0.0018800193758210472,0.0018800197121381348,7.020319977434466e-08,0.00988334710243474,-2.8389480436624703e-12,-3.3905897425627607e-10,1511.6485675379904,1511.648567551064,5803.334779126217,5803.139828499883,-5.6797067049529915e-12,-6.187287820980103e-09,397.5568056036748,397.5568055902656,1526.2341021994127,1526.2060601094952,1.290345608140342e-11,6.5302288021484856e-09
0.8905003365880853,120.75195716041003,122.29513272052212,0.012033314636003272,590.8703457942623,0.0,0.0018800263628145687,0.0,0.010153378035498579,0.0,4.500003016643926,4.5000814459353125,1.809918341921344e-05,0.0,0.0,0.0,0.0,0.0018800263628145687,0.0018800266991982936,7.181613905700103e-08,0.010153378035498579,-2.8390009527284876e-12,-3.391256643992674e-10,1511.6485675194979,1511.6485675325714,5936.668112446436,5936.47074860979,-5.497532984399811e-12,-6.18710564725955e-09,397.55680561523343,397.5568056018232,1561.299782195196,1561.271740093721,1.3130829756846651e-11,6.531479357363423e-09
0.9105003365880853,120.75195716077349,122.29513272128004,0.01230334068722363,590.8479045703347,0.0,0.0018800190056509351,0.0,0.01042341305675551,0.0,4.500003016529356,4.5000814471684105,1.809945742853133e-05,0.0,0.0,0.0,0.0,0.001880019005650935,0.0018800193421009681,7.342907833965741e-08,0.01042341305675551,-2.839037381921483e-12,-3.3919200911544656e-10,1511.6485675390545,1511.648567552129,6070.001445766656,6069.801668773298,-8.470127377258052e-12,-6.190987736354181e-09,397.55680560308605,397.55680558967475,1596.3654621909795,1596.337420101652,1.2107648217352107e-11,6.531536200782284e-09
0.9305003365880853,120.75195716113694,122.29513272203795,0.012573356482869098,590.8254641987236,0.0,0.0018799999321494711,0.0,0.01069344953877582,0.0,4.500003016414777,4.500081447608987,1.8099555329922147e-05,0.0,0.0,0.0,0.0,0.001879999932149471,0.0018800002686653878,7.504201762231378e-08,0.01069344953877582,-2.8390575480818914e-12,-3.392579129950224e-10,1511.6485675896904,1511.6485676027658,6203.334779086875,6203.13258899738,-8.842759857685678e-12,-6.1922698635363815e-09,397.55680557157575,397.5568055581636,1631.4311421867628,1631.4031001289466,1.2221335055073723e-11,6.532502538902918e-09
0.9505003365880853,120.75195716150039,122.29513272279583,0.012843362023329181,590.8030246793966,0.0,0.0018799712880841438,0.0,0.010963485336175104,0.0,4.500003016300209,4.50008144740243,1.8099509433290153e-05,0.0,0.0,0.0,0.0,0.0018799712880841438,0.0018799716246654503,7.665495690497015e-08,0.010963485336175104,-2.839076630040127e-12,-3.3932332161104584e-10,1511.6485676657135,1511.6485676787906,6336.668112407093,6336.4635092877215,-7.227246578977997e-12,-6.19247333966122e-09,397.55680552424894,397.5568055108357,1666.4968221825459,1666.4687801720577,1.2391865311656147e-11,6.533753094117856e-09
0.9705003365880853,120.7519571618638,122.29513272355366,0.013113357308993372,590.7805860123211,0.0,0.0018799348257878769,0.0,0.011233518697009968,0.0,4.500003016185644,4.5000814466674255,1.8099346109685583e-05,0.0,0.0,0.0,0.0,0.0018799348257878769,0.0018799351624340357,7.826789618762654e-08,0.011233518697009968,-2.8391006993283563e-12,-3.39388198100643e-10,1511.6485677624757,1511.6485677755536,6470.001445727313,6469.794429648968,-9.010403534404077e-12,-6.1949386176429755e-09,397.55680546400134,397.5568054505869,1701.5625021783294,1701.5344602280895,1.1937117960769683e-11,6.534492058563046e-09
0.9905003365880853,120.75195716222721,122.29513272431149,0.013383342340251146,590.7581481974652,0.0,0.0018798919764318669,0.0,0.011503548190498722,0.0,4.500003016071085,4.500081445500839,1.8099086885515005e-05,0.0,0.0,0.0,0.0,0.0018798919764318669,0.001879892313142316,7.98808354702829e-08,0.011503548190498722,-2.8391239012548475e-12,-3.3945251167247226e-10,1511.64856787618,1511.6485678892595,6603.334779047532,6603.125350084913,-7.755740494275187e-12,-6.195275570330949e-09,397.556805393198,397.55680537978265,1736.6281821741127,1736.6001402946774,1.2278178473934531e-11,6.535742613777984e-09
1.0105003365880854,120.7519571625906,122.29513272506927,0.01365331711749197,590.7357112347964,0.0,0.0018798439089946757,0.0,0.011773572648052259,0.0,4.500003015956531,4.500081443981761,1.8098749334681966e-05,0.0,0.0,0.0,0.0,0.001879843908994676,0.0018798442457688455,8.149377475293929e-08,0.011773572648052259,-2.8391622820117535e-12,-3.395162703496296e-10,1511.6485680037276,1511.648568016807,6736.668112367752,6736.456270598652,-9.987205507044905e-12,-6.197507035343719e-09,397.5568053137712,397.55680530035477,1771.6938621698962,1771.6658203698883,1.1709744285326451e-11,6.536254204547731e-09
1.0305003365880854,120.75195716295399,122.29513272582703,0.013923281641105281,590.7132751242818,0.0,0.0018797915783783838,0.0,0.01204359111515795,0.0,4.500003015841973,4.500081442174777,1.809834780602349e-05,0.0,0.0,0.0,0.0,0.001879791578378384,0.001879791915215712,8.310671403559567e-08,0.01204359111515795,-2.83919827752388e-12,-3.395794648079764e-10,1511.6485681425827,1511.6485681556635,6870.001445687971,6869.787191192717,-9.268572020992849e-12,-6.198152643910326e-09,397.5568052272985,397.556805213881,1806.7595421656795,1806.7315004521452,1.1539214028744027e-11,6.537220542668365e-09
1.0505003365880854,120.75195716331736,122.29513272658475,0.01419323591148052,590.69083986589,0.0,0.0018797357646745617,0.0,0.012313602812113638,0.0,4.500003015727426,4.500081440132599,1.8097894016508755e-05,0.0,0.0,0.0,0.0,0.0018797357646745613,0.0018797361015744992,8.471965331825207e-08,0.012313602812113638,-2.839245765579035e-12,-3.3964212215256695e-10,1511.648568290677,1511.6485683037592,7003.334779008192,7003.118111869171,-1.166930441165448e-11,-6.201917618353647e-09,397.5568051350696,397.55680512165134,1841.8252221614632,1841.7971805401583,1.1254996934439987e-11,6.537675290019251e-09
1.0705003365880854,120.75195716368071,122.29513272734246,0.014463179929007102,590.6684054595877,0.0,0.0018796771052123286,0.0,0.012583607101979604,0.0,4.500003015612891,4.500081437898304,1.8097397535031376e-05,0.0,0.0,0.0,0.0,0.0018796771052123286,0.0018796774421743472,8.633259260090843e-08,0.012583607101979604,-2.839296506240707e-12,-3.3970425365910384e-10,1511.648568446321,1511.6485684594031,7136.668112328409,7136.4490326297055,-8.707090604076484e-12,-6.198955404546069e-09,397.5568050381382,397.5568050247184,1876.890902157246,1876.8628606328748,1.2050804798491299e-11,6.539949026773684e-09
1.0905003365880854,120.75195716404404,122.29513272810013,0.014733113694074429,590.6459719053431,0.0,0.0018796161207189212,0.0,0.01285360346441798,0.0,4.500003015498354,4.500081435507045,1.8096866177028852e-05,0.0,0.0,0.0,0.0,0.001879616120718921,0.0018796164577425205,8.79455318835648e-08,0.01285360346441798,-2.839356571041063e-12,-3.397658946725779e-10,1511.6485686081319,1511.6485686212156,7270.001445648628,7269.779953475691,-1.0316997256509808e-11,-6.202156926926605e-09,397.5568049373638,397.556804923943,1911.9565821530293,1911.9285407294328,1.1368683772161603e-11,6.5402900872868486e-09
1.1105003365880854,120.75195716440737,122.29513272885778,0.015003037207071886,590.6235392031239,0.0,0.0018795532366772275,0.0,0.013123591474335249,0.0,4.500003015383813,4.500081432987577,1.809630632641401e-05,0.0,0.0,0.0,0.0,0.0018795532366772275,0.0018795535737619314,8.955847116622115e-08,0.013123591474335249,-2.839417720043591e-12,-3.398270601549791e-10,1511.6485687749812,1511.6485687880659,7403.334778968846,7403.110874408259,-1.0745460077288271e-11,-6.203494884449157e-09,397.55680483345026,397.55680482002845,1947.0222621488124,1946.9942208291307,1.1596057447604835e-11,6.541540642501786e-09
1.1305003365880855,120.75195716477069,122.29513272961539,0.01527295046838885,590.6011073528971,0.0,0.0018794888007643805,0.0,0.01339357078444362,0.0,4.500003015269284,4.500081430363346,1.8095723198248254e-05,0.0,0.0,0.0,0.0,0.0018794888007643805,0.00187948913790974,9.117141044887753e-08,0.01339357078444362,-2.839484506897416e-12,-3.3988778263237263e-10,1511.648568945948,1511.648568959034,7536.668112289065,7536.441795428326,-1.1287637491363967e-11,-6.205401303915892e-09,397.55680472697196,397.5568047135492,1982.0879421445957,1982.059900931393,1.1425527191022411e-11,6.542336450365838e-09
1.1505003365880855,120.75195716513399,122.29513273037297,0.01554285347841468,590.578676354631,0.0,0.0018794230970922777,0.0,0.013663541111020533,0.0,4.50000301515476,4.50008142765353,1.8095121053098262e-05,0.0,0.0,0.0,0.0,0.0018794230970922777,0.001879423434297872,9.278434973153393e-08,0.013663541111020533,-2.8395512937512413e-12,-3.399480842224828e-10,1511.6485691202772,1511.6485691333642,7670.001445609286,7669.772716536644,-1.3238771190415832e-11,-6.2082619323167165e-09,397.5568046183987,397.5568046049747,2017.1536221403794,2017.1255810357509,1.1027623258996755e-11,6.54318910164875e-09
1.1705003365880855,120.75195716549727,122.29513273113054,0.015812746237538717,590.5562462082933,0.0,0.001879356357837873,0.0,0.01393350222227835,0.0,4.50000301504024,4.500081424873796,1.809450337199063e-05,0.0,0.0,0.0,0.0,0.001879356357837873,0.0018793566951033063,9.439728901419029e-08,0.01393350222227835,-2.8396198153285424e-12,-3.4000799159668305e-10,1511.6485692973533,1511.6485693104412,7803.334778929503,7803.103637733826,-9.708844839195763e-12,-6.205641500667269e-09,397.55680450811394,397.55680449468895,2052.2193021361622,2052.1912611418206,1.2221335055073723e-11,6.5453491515654605e-09
1.1905003365880855,120.75195716586055,122.29513273188806,0.016082628746150286,590.5338169138508,0.0,0.0018792887727427218,0.0,0.014203453928864818,0.0,4.500003014925723,4.500081422036957,1.809387299922901e-05,0.0,0.0,0.0,0.0,0.0018792887727427218,0.0018792891100676236,9.601022829684666e-08,0.014203453928864818,-2.839685951661064e-12,-3.400675262221764e-10,1511.6485694766736,1511.6485694897622,7936.668112249722,7936.434559020368,-9.041961623879047e-12,-6.205656738478282e-09,397.5568043964311,397.55680438300504,2087.2849821319455,2087.256941249288,1.2448708730516955e-11,6.546656550199259e-09
1.2105003365880855,120.7519571662238,122.29513273264556,0.01635250100463871,590.511388471272,0.0,0.0018792204968729183,0.0,0.014473396076103137,0.0,4.500003014811204,4.50008141915345,1.8093232258993994e-05,0.0,0.0,0.0,0.0,0.0018792204968729183,0.0018792208342569387,9.762316757950304e-08,0.014473396076103137,-2.839759677408793e-12,-3.401267186734641e-10,1511.648569657826,1511.6485696709162,8070.001445569942,8069.765480396682,-7.531586465603368e-12,-6.205737979048109e-09,397.55680428360677,397.55680427017967,2122.3506621277293,2122.3226213578973,1.261923898709938e-11,6.547850261995336e-09
1.2305003365880856,120.75195716658705,122.29513273340304,0.016622363013393284,590.4889608805241,0.0,0.0018791516569585773,0.0,0.014743328537652468,0.0,4.500003014696697,4.500081416231844,1.809258305055181e-05,0.0,0.0,0.0,0.0,0.0018791516569585773,0.0018791519944013895,9.923610686215938e-08,0.014743328537652468,-2.8398331863160875e-12,-3.4018558391253617e-10,1511.648569840475,1511.6485698535655,8203.33477889016,8203.096401863097,-4.881900439457354e-12,-6.20354304037285e-09,397.5568041698502,397.5568041564222,2157.416342123512,2157.3883014674384,1.3358203432289883e-11,6.5494987211422995e-09
1.2505003365880856,120.75195716695028,122.29513273416048,0.01689221477280329,590.4665341415753,0.0,0.001879082356573299,0.0,0.01501325121032848,0.0,4.500003014582188,4.500081413279108,1.8091926926006152e-05,0.0,0.0,0.0,0.0,0.0018790823565732991,0.0018790826940745917,1.0084904614481575e-07,0.01501325121032848,-2.8399073457446855e-12,-3.402441384192656e-10,1511.648570024345,1511.648570037437,8336.668112210378,8336.427323419886,-2.3888391265103337e-12,-6.202414221112562e-09,397.55680405533275,397.55680404190343,2192.4820221192954,2192.4539815777407,1.3642420526593924e-11,6.551090336870402e-09
1.2705003365880856,120.75195716731349,122.29513273491789,0.017162056283258,590.4441082543924,0.0,0.0018790126803661978,0.0,0.015283164009871309,0.0,4.500003014467689,4.500081410300956,1.809126515380187e-05,0.0,0.0,0.0,0.0,0.0018790126803661978,0.0018790130179256782,1.0246198542747214e-07,0.015283164009871309,-2.8399841072584975e-12,-3.403024030103341e-10,1511.6485702092118,1511.648570222305,8470.001445530597,8469.758245067269,-2.030625667615027e-12,-6.203192876030883e-09,397.5568039401941,397.55680392676385,2227.5477021150787,2227.5196616886637,1.3812950783176348e-11,6.5521703618287574e-09
1.2905003365880856,120.7519571676767,122.29513273567527,0.017431887545146664,590.4216832189435,0.0,0.0018789426975200296,0.0,0.015553066867487442,0.0,4.500003014353195,4.50008140730205,1.8090598770597027e-05,0.0,0.0,0.0,0.0,0.0018789426975200296,0.0018789430351374183,1.0407492471012851e-07,0.015553066867487442,-2.840058049846661e-12,-3.403603852751569e-10,1511.6485703948927,1511.6485704079864,8603.334778850816,8603.089166805426,-1.4654388813539754e-12,-6.203309810270952e-09,397.5568038245486,397.55680381111745,2262.613382110862,2262.585341800094,1.4210854715202004e-11,6.553477760462556e-09
1.3105003365880856,120.75195716803988,122.29513273643263,0.017701708558858532,590.3992590351966,0.0,0.001878872464577097,0.0,0.0158229597270238,0.0,4.500003014238704,4.500081404286212,1.808992862363848e-05,0.0,0.0,0.0,0.0,0.001878872464577097,0.0018788728022521278,1.0568786399278486e-07,0.0158229597270238,-2.840141316573508e-12,-3.404181105840648e-10,1511.6485705812363,1511.6485705943305,8736.668112171033,8736.420088634504,-8.527623052145827e-13,-6.203151881045699e-09,397.55680370848984,397.5568036950576,2297.679062106645,2297.651021911937,1.4551915228366852e-11,6.554898845934076e-09
1.3305003365880856,120.75195716840305,122.29513273718996,0.01797151932478282,590.3768357031187,0.0,0.0018788020277486382,0.0,0.016092842542658362,0.0,4.5000030141242195,4.500081401256547,1.8089255405382393e-05,0.0,0.0,0.0,0.0,0.0018788020277486382,0.0018788023654810577,1.0730080327544121e-07,0.016092842542658362,-2.8402191622894923e-12,-3.4047557720233435e-10,1511.6485707681204,1511.6485707812162,8870.00144549125,8869.751010554623,5.57304202786213e-13,-6.2033334302658005e-09,397.5568035920941,397.55680357866106,2332.7447421024276,2332.716702024117,1.5120349416974932e-11,6.5563199314055964e-09
1.3505003365880857,120.75195716876621,122.29513273794726,0.01824131984330874,590.3544132226776,0.0,0.0018787314248021865,0.0,0.01636271527701279,0.0,4.500003014009731,4.500081398215622,1.8088579681781604e-05,0.0,0.0,0.0,0.0,0.0018787314248021867,0.0018787317625917498,1.0891374255809758e-07,0.01636271527701279,-2.840304597420684e-12,-3.405328061634877e-10,1511.648570955446,1511.6485709685423,9003.33477881147,9003.081932565876,-2.1697921237517903e-12,-6.206515273943225e-09,397.5568034754239,397.5568034619898,2367.810422098211,2367.782382136571,1.4722445484949276e-11,6.557002052431926e-09
1.3705003365880857,120.75195716912935,122.29513273870452,0.018511110114825494,590.3319915938415,0.0,0.0018786606866040736,0.0,0.016632577899609948,0.0,4.5000030138952605,4.50008139516549,1.8087901915399883e-05,0.0,0.0,0.0,0.0,0.0018786606866040732,0.001878661024450544,1.1052668184075393e-07,0.016632577899609948,-2.840387864147531e-12,-3.405897972506844e-10,1511.6485711431305,1511.648571156228,9136.668112131687,9136.412854668346,-1.0084988399938766e-12,-6.206490849036683e-09,397.55680335853026,397.5568033450952,2402.8761020939937,2402.848062249249,1.5234036254696548e-11,6.558423137903446e-09
1.3905003365880857,120.75195716949248,122.29513273946176,0.018780890139722256,590.3095708165774,0.0,0.0018785898383801313,0.0,0.016902430385613176,0.0,4.5000030137807885,4.500081392107868,1.808722248430036e-05,0.0,0.0,0.0,0.0,0.0018785898383801311,0.0018785901762832797,1.121396211234103e-07,0.016902430385613176,-2.840468528789164e-12,-3.406465556680949e-10,1511.648571331106,1511.6485713442041,9270.001445451906,9269.743776862097,-1.3483658634072526e-12,-6.207512837086426e-09,397.55680324145476,397.5568032280186,2437.941782089777,2437.9137423621087,1.517719283583574e-11,6.559446319442941e-09
1.4105003365880857,120.75195716985561,122.29513274021897,0.019050659918388193,590.2871508908531,0.0,0.0018785189007460928,0.0,0.0171722727147959,0.0,4.500003013666314,4.500081389044144,1.8086541697481748e-05,0.0,0.0,0.0,0.0,0.0018785189007460925,0.0018785192387056964,1.1375256040606666e-07,0.0171722727147959,-2.840548759749928e-12,-3.407030911735387e-10,1511.64857151932,1511.6485715324195,9403.334778772123,9403.074699147177,1.6526502388813924e-12,-6.205876063036797e-09,397.5568031242312,397.5568031107943,2473.00746208556,2472.9794224751163,1.5631940186722204e-11,6.560640031239018e-09
1.4305003365880857,120.75195717021872,122.29513274097616,0.019320419451212458,590.2647318166365,0.0,0.0018784478905497816,0.0,0.01744210487069944,0.0,4.500003013551851,4.500081385975457,1.808585980749367e-05,0.0,0.0,0.0,0.0,0.0018784478905497818,0.0018784482285656248,1.1536549968872304e-07,0.01744210487069944,-2.8406266054659124e-12,-3.4075940810382455e-10,1511.6485717077255,1511.6485717208252,9536.668112092342,9536.405621523629,7.857325901028389e-13,-6.206970354361019e-09,397.5568030068879,397.55680299344994,2508.073142081343,2508.045102588244,1.5631940186722204e-11,6.561720056197373e-09
1.4505003365880857,120.7519571705818,122.29513274173331,0.01959016873858419,590.2423135938952,0.0,0.0018783768215594725,0.0,0.01771192683994465,0.0,4.500003013437383,4.500081382902733,1.8085177020747213e-05,0.0,0.0,0.0,0.0,0.0018783768215594723,0.0018783771596313425,1.1697843897137941e-07,0.01771192683994465,-2.8407094385118903e-12,-3.408155181683359e-10,1511.648571896287,1511.6485719093878,9670.001445412561,9669.736543991483,-1.1536049893123845e-12,-6.21004656031765e-09,397.5568028894473,397.55680287600853,2543.1388220771264,2543.1107827014685,1.546140993013978e-11,6.562345333804842e-09
1.4705003365880858,120.75195717094489,122.29513274249044,0.019859907780892503,590.2198962225968,0.0,0.001878305705026523,0.0,0.017981738611669303,0.0,4.500003013322928,4.500081379826734,1.8084493505942002e-05,0.0,0.0,0.0,0.0,0.001878305705026523,0.0018783060431542117,1.185913782540358e-07,0.017981738611669303,-2.8407892357917852e-12,-3.408714163797427e-10,1511.6485720849753,1511.6485720980766,9803.33477873278,9803.06746655077,-4.605760217657462e-13,-6.20980827870099e-09,397.5568027719281,397.5568027584884,2578.20450207291,2578.176462814772,1.5234036254696548e-11,6.563084298250033e-09
1.4905003365880858,120.75195717130795,122.29513274324754,0.02012963657852651,590.197479702709,0.0,0.0018782345501452454,0.0,0.018251540177068173,0.0,4.500003013208477,4.500081376748078,1.8083809400954016e-05,0.0,0.0,0.0,0.0,0.0018782345501452454,0.0018782348883285482,1.2020431753669217e-07,0.018251540177068173,-2.840872502518632e-12,-3.409271137969072e-10,1511.6485722737648,1511.648572286867,9936.668112053,9936.398389201508,-1.8433032877851474e-12,-6.212100500668782e-09,397.5568026543458,397.55680264090495,2613.2701820686934,2613.2421429281385,1.48929757415317e-11,6.563880106114084e-09
1.5105003365880858,120.751957171671,122.2951327440046,0.020399355131875303,590.1750640341994,0.0,0.001878163364428784,0.0,0.018521331529017214,0.0,4.500003013094031,4.5000813736672685,1.8083124818465466e-05,0.0,0.0,0.0,0.0,0.0018781633644287842,0.0018781637026674986,1.2181725681934854e-07,0.018521331529017214,-2.8409555524050445e-12,-3.4098260846826545e-10,1511.6485724626357,1511.6485724757397,10070.001445373216,10069.729311943713,-1.1424750034905173e-12,-6.213218661788034e-09,397.55680253671227,397.5568025232707,2648.3358620644763,2648.307823041556,1.5120349416974932e-11,6.564846444234718e-09
1.5305003365880858,120.75195717203404,122.29513274476164,0.020669063441327958,590.1526492170357,0.0,0.0018780921540163364,0.0,0.018791112661766304,0.0,4.500003012979589,4.50008137058473,1.808243985056649e-05,0.0,0.0,0.0,0.0,0.0018780921540163366,0.0018780924923102638,1.234301961020049e-07,0.018791112661766304,-2.841037734929719e-12,-3.410379034295835e-10,1511.648572651573,1511.6485726646774,10203.334778693436,10203.0602347774,-1.2474743460444415e-12,-6.213778408481474e-09,397.55680241903815,397.55680240559565,2683.4015420602595,2683.373503155014,1.5063505998114124e-11,6.56569909551763e-09
1.5505003365880858,120.75195717239706,122.29513274551866,0.02093876150727354,590.1302352511855,0.0,0.001878020923924257,0.0,0.019060883570688147,0.0,4.500003012865152,4.500081367500789,1.808175457251656e-05,0.0,0.0,0.0,0.0,0.0018780209239242574,0.0018780212622732013,1.2504313538466128e-07,0.019060883570688147,-2.8411203511352623e-12,-3.4109300280082966e-10,1511.6485728405619,1511.6485728536668,10336.668112013655,10336.391157702577,-3.0015157026497263e-12,-6.215987197188966e-09,397.55680230133135,397.55680228788776,2718.467222056043,2718.4391832685046,1.4438228390645236e-11,6.566153842868516e-09
1.5705003365880859,120.75195717276007,122.29513274627564,0.02120844933010109,590.1078221366162,0.0,0.0018779496782512929,0.0,0.019330644252073047,0.0,4.500003012750718,4.500081364415736,1.8081069045818943e-05,0.0,0.0,0.0,0.0,0.0018779496782512924,0.0018779500166550577,1.2665607466731762e-07,0.019330644252073047,-2.8411955947660328e-12,-3.4114789942626955e-10,1511.648573029592,1511.6485730426987,10470.001445333872,10469.722080719255,7.102374244283283e-13,-6.2140944334654336e-09,397.5568021835988,397.5568021701545,2753.5329020518257,2753.5048633820215,1.5290879673557356e-11,6.567688615177758e-09
1.5905003365880859,120.75195717312306,122.2951327470326,0.021478126910199652,590.085409873296,0.0,0.0018778784203463239,0.0,0.019600394702961148,0.0,4.500003012636283,4.50008136132979,1.8080383320733756e-05,0.0,0.0,0.0,0.0,0.0018778784203463239,0.0018778787588047163,1.2826901394997396e-07,0.019600394702961148,-2.841281246737659e-12,-3.41202612171021e-10,1511.6485732186552,1511.6485732317622,10603.334778654089,10603.053003827434,6.315226119824047e-13,-6.214400521953323e-09,397.5568020658461,397.5568020524008,2788.598582047608,2788.570543495558,1.5688783605583012e-11,6.569109700649278e-09
1.610500336588086,120.75195717348605,122.29513274778951,0.021747794247958235,590.0629984611926,0.0,0.0018778071529454569,0.0,0.019870134921005367,0.0,4.500003012521857,4.500081358243136,1.8079697438332148e-05,0.0,0.0,0.0,0.0,0.0018778071529454569,0.0018778074914582844,1.2988195323263036e-07,0.019870134921005367,-2.841362345060161e-12,-3.412571284583388e-10,1511.6485734077435,1511.6485734208507,10736.66811197431,10736.383927027122,-8.980594046192891e-13,-6.216157477645368e-09,397.5568019480774,397.55680193463155,2823.664262043392,2823.636223609111,1.5518253349000588e-11,6.569507604581304e-09
1.630500336588086,120.75195717384901,122.29513274854641,0.022017451343765846,590.0405879002732,0.0,0.0018777358782840728,0.0,0.020139864904359317,0.0,4.500003012407437,4.500081355155919,1.8079011432175218e-05,0.0,0.0,0.0,0.0,0.001877735878284073,0.0018777362168511437,1.3149489251528673e-07,0.020139864904359317,-2.841446479148746e-12,-3.413114556607977e-10,1511.64857359685,1511.6485736099587,10870.001445294529,10869.714850318318,-2.221056671913857e-12,-6.219072090640765e-09,397.5568018302971,397.5568018168501,2858.729942039175,2858.701903722675,1.5006662579253316e-11,6.570132882188773e-09
1.650500336588086,120.75195717421197,122.29513274930328,0.022287098198011474,590.0181781905058,0.0,0.0018776645981883942,0.0,0.020409584651585773,0.0,4.50000301229302,4.500081352068268,1.8078325329686434e-05,0.0,0.0,0.0,0.0,0.0018776645981883942,0.0018776649368095182,1.331078317979431e-07,0.020409584651585773,-2.8415256259073374e-12,-3.413655881405464e-10,1511.648573785972,1511.6485737990815,11003.334778614748,11003.045773701027,-9.980904991380157e-13,-6.218531245494319e-09,397.5568017125076,397.55680169905975,2893.7956220349583,2893.767583836249,1.5120349416974932e-11,6.5710992203094065e-09
1.670500336588086,120.75195717457491,122.29513275006012,0.022556734811084094,589.9957693318577,0.0,0.001877593314150322,0.0,0.0206792941615818,0.0,4.500003012178609,4.500081348980299,1.8077639153273317e-05,0.0,0.0,0.0,0.0,0.001877593314150322,0.0018775936528253102,1.3472077108059944e-07,0.0206792941615818,-2.8416084589533153e-12,-3.4141953522172364e-10,1511.6485739751042,1511.6485739882148,11136.668111934965,11136.376697175248,1.926958592690653e-12,-6.216743064779706e-09,397.55680159471154,397.5568015812629,2928.861302030741,2928.833263949829,1.5575096767861396e-11,6.572349775524344e-09
1.690500336588086,120.75195717493783,122.29513275081692,0.02282636118337266,589.9733613242971,0.0,0.0018775220273885929,0.0,0.020948993433517624,0.0,4.500003012064195,4.500081345892065,1.8076952921244267e-05,0.0,0.0,0.0,0.0,0.0018775220273885929,0.0018775223661172545,1.363337103632558e-07,0.020948993433517624,-2.841689990956686e-12,-3.414732901822759e-10,1511.648574164244,1511.6485741773545,11270.001445255184,11269.70762074098,4.802824804528427e-13,-6.217962367216501e-09,397.55680147691106,397.55680146346157,2963.9269820265245,2963.8989440634136,1.5631940186722204e-11,6.573259270226117e-09
1.710500336588086,120.75195717530075,122.2951327515737,0.023095977315266122,589.9509541677912,0.0,0.0018774507388987518,0.0,0.02121868246678664,0.0,4.5000030119498,4.5000813428036475,1.8076266648557887e-05,0.0,0.0,0.0,0.0,0.0018774507388987518,0.0018774510776809,1.3794664964591218e-07,0.02121868246678664,-2.841772390321795e-12,-3.4152685909373537e-10,1511.648574353388,1511.6485743665003,11403.334778575401,11403.03854439822,1.5484280524447058e-12,-6.218713211048055e-09,397.5568013591076,397.5568013456573,2998.9926620223073,2998.964624177001,1.5916157281026244e-11,6.574396138603333e-09
1.730500336588086,120.75195717566365,122.29513275233046,0.023365583207153408,589.9285478623083,0.0,0.0018773794494939982,0.0,0.02148836126096458,0.0,4.5000030118353935,4.500081339715102,1.807558034743545e-05,0.0,0.0,0.0,0.0,0.0018773794494939982,0.0018773797883294451,1.3955958892856855e-07,0.02148836126096458,-2.8418537054847315e-12,-3.415802391371764e-10,1511.6485745425343,1511.6485745556465,11536.66811189562,11536.369468146971,1.1037837310823306e-12,-6.219157855369417e-09,397.5568012413028,397.55680122785174,3034.0583420180906,3034.0303042905903,1.63140612130519e-11,6.5755330069805495e-09
1.750500336588086,120.75195717602652,122.29513275308717,0.023635178859423435,589.9061424078154,0.0,0.0018773081598385533,0.0,0.02175802981577614,0.0,4.500003011720999,4.500081336626482,1.8074894027861396e-05,0.0,0.0,0.0,0.0,0.0018773081598385533,0.0018773084987271107,1.4117252821122495e-07,0.02175802981577614,-2.841942393222441e-12,-3.4163343833569504e-10,1511.6485747316813,1511.6485747447948,11670.001445215841,11669.70039198723,-1.2433665208533284e-12,-6.222869247674012e-09,397.55680112349756,397.5568011100454,3069.1240220138743,3069.0959844041795,1.546140993013978e-11,6.575760380655993e-09
1.770500336588086,120.7519571763894,122.29513275384387,0.023904764272465098,589.8837378042805,0.0,0.0018772368704749293,0.0,0.022027688131067702,0.0,4.5000030116066085,4.500081333537808,1.8074207697992428e-05,0.0,0.0,0.0,0.0,0.0018772368704749293,0.0018772372094164106,1.4278546749388134e-07,0.022027688131067702,-2.842024575747115e-12,-3.4168644432938655e-10,1511.6485749208275,1511.6485749339417,11803.334778536062,11803.031315918994,-3.60916851960269e-12,-6.225917170699091e-09,397.55680100569253,397.55680099223986,3104.189702009658,3104.1616645177683,1.4949819160392508e-11,6.575760380655993e-09
1.790500336588086,120.75195717675226,122.29513275460054,0.024174339446667286,589.8613340516713,0.0,0.0018771655818462126,0.0,0.02229733620678507,0.0,4.5000030114922245,4.500081330449117,1.8073521364491813e-05,0.0,0.0,0.0,0.0,0.0018771655818462126,0.0018771659208404305,1.4439840677653771e-07,0.02229733620678507,-2.8421080593143966e-12,-3.417392644908257e-10,1511.648575109972,1511.648575123087,11936.668111856281,11936.362239942262,-2.745664806624859e-12,-6.225963161687886e-09,397.556800887889,397.55680087443534,3139.2553820054413,3139.227344631356,1.5006662579253316e-11,6.576783562195487e-09
1.810500336588086,120.7519571771151,122.29513275535717,0.02444390438241887,589.8389311499552,0.0,0.001877094294314268,0.0,0.022566974042955247,0.0,4.500003011377836,4.500081327360442,1.8072835032802604e-05,0.0,0.0,0.0,0.0,0.0018770942943142678,0.0018770946333610363,1.460113460591941e-07,0.022566974042955247,-2.842190241839071e-12,-3.4179189730212944e-10,1511.6485752991136,1511.6485753122292,12070.001445176502,12069.69316405703,-5.8642257716456925e-12,-6.229536470003794e-09,397.55680077008714,397.5568007566328,3174.321062001225,3174.293024744942,1.4779288903810084e-11,6.577238309546374e-09
1.830500336588086,120.75195717747793,122.29513275611379,0.024713459080108705,589.8165290991004,0.0,0.0018770230081746112,0.0,0.022836601639671574,0.0,4.500003011263466,4.50008132427178,1.8072148707370866e-05,0.0,0.0,0.0,0.0,0.0018770230081746116,0.0018770233472737438,1.4762428534185048e-07,0.022836601639671574,-2.8422724243637454e-12,-3.4184434319697865e-10,1511.6485754882513,1511.6485755013675,12203.33477849672,12203.024088263297,-4.714895140978115e-12,-6.229069260399456e-09,397.55680065228785,397.55680063883244,3209.3867419970084,3209.358704858526,1.48929757415317e-11,6.578432021342451e-09
1.850500336588086,120.75195717784075,122.29513275687036,0.024983003540125625,589.794127899074,0.0,0.001876951723668564,0.0,0.023106218997081568,0.0,4.500003011149086,4.5000813211831705,1.8071462391828152e-05,0.0,0.0,0.0,0.0,0.001876951723668564,0.001876952062819874,1.4923722462450688e-07,0.023106218997081568,-2.842351137441468e-12,-3.418965995732881e-10,1511.6485756773848,1511.648575690502,12336.668111816942,12336.355012561058,-6.736694535547372e-12,-6.232000554495798e-09,397.55680053449083,397.556800521035,3244.452421992792,3244.424384972107,1.4722445484949276e-11,6.578716238436755e-09
1.8705003365880861,120.75195717820354,122.29513275762692,0.025252537762858466,589.7717275498444,0.0,0.0018768804409931806,0.0,0.023375826115377,0.0,4.5000030110347184,4.500081318094626,1.807077608914056e-05,0.0,0.0,0.0,0.0,0.0018768804409931806,0.001876880780196482,1.5085016390716327e-07,0.023375826115377,-2.8424391746578737e-12,-3.41948679007803e-10,1511.6485758665137,1511.6485758796316,12470.001445137163,12469.68593695031,-9.36425936792773e-12,-6.235310240354508e-09,397.5568004166972,397.55680040324023,3279.518101988576,3279.4900650856844,1.3642420526593924e-11,6.578716238436755e-09
1.8905003365880861,120.75195717856633,122.29513275838345,0.025522061748696038,589.7493280513785,0.0,0.0018768091603093581,0.0,0.02364542299478578,0.0,4.500003010920355,4.500081315006143,1.8070089801730544e-05,0.0,0.0,0.0,0.0,0.0018768091603093581,0.001876809499564465,1.5246310318981962e-07,0.02364542299478578,-2.842527862395583e-12,-3.4200057326058686e-10,1511.648576055637,1511.6485760687558,12603.33477845738,12603.016861431051,-9.805017908703917e-12,-6.236660493597057e-09,397.5568002989065,397.5568002854488,3314.5837819843587,3314.555745199258,1.3130829756846651e-11,6.579000455531059e-09
1.9105003365880862,120.7519571789291,122.29513275913993,0.025791575498027134,589.7269294036444,0.0,0.001876737881748464,0.0,0.02391500963556535,0.0,4.500003010805995,4.500081311917737,1.806940353157647e-05,0.0,0.0,0.0,0.0,0.001876737881748464,0.0018767382210551904,1.5407604247247599e-07,0.02391500963556535,-2.842610261760692e-12,-3.420522751759053e-10,1511.6485762447546,1511.6485762578739,12736.668111777597,12736.34778600328,-8.904571524581684e-12,-6.236214794563821e-09,397.5568001811195,397.5568001676611,3349.6494619801415,3349.6214253128287,1.318767317570746e-11,6.579739419976249e-09
1.9305003365880862,120.75195717929186,122.29513275989639,0.026061079011240537,589.7045316066099,0.0,0.001876666605417747,0.0,0.02418458603799724,0.0,4.500003010691633,4.500081308829417,1.806871728029389e-05,0.0,0.0,0.0,0.0,0.0018766666054177473,0.001876666944775907,1.5568898175513236e-07,0.02418458603799724,-2.8426920106044973e-12,-3.421037901747692e-10,1511.648576433867,1511.6485764469867,12870.001445097816,12869.67871066699,-9.554912416831485e-12,-6.237319882806958e-09,397.556800063336,397.55680004987687,3384.715141975925,3384.687105426396,1.3073986337985843e-11,6.580364697583718e-09
1.9505003365880862,120.75195717965461,122.29513276065283,0.02633057228872502,589.6821346602421,0.0,0.0018765953314047582,0.0,0.024454152202382656,0.0,4.500003010577283,4.500081305741187,1.806803104920206e-05,0.0,0.0,0.0,0.0,0.0018765953314047585,0.0018765956708141664,1.5730192103778873e-07,0.024454152202382656,-2.8427798309804686e-12,-3.4215512628027467e-10,1511.6485766229725,1511.6485766360927,13003.334778418035,13003.00963542218,-1.1692369294991067e-11,-6.239912087036004e-09,397.5567999455564,397.5567999320966,3419.780821971708,3419.752785539959,1.2391865311656147e-11,6.5803078541648574e-09
1.9705003365880862,120.75195718001736,122.29513276140923,0.026600055330869326,589.6597385645094,0.0,0.0018765240597809643,0.0,0.024723708129038898,0.0,4.500003010462936,4.5000813026530535,1.806734483937814e-05,0.0,0.0,0.0,0.0,0.0018765240597809645,0.0018765243992414358,1.5891486032044512e-07,0.024723708129038898,-2.842856375653846e-12,-3.422062661451869e-10,1511.6485768120717,1511.6485768251932,13136.668111738256,13136.340560268849,-1.229755186571424e-11,-6.241881511659386e-09,397.5567998277809,397.55679981432024,3454.846501967492,3454.818465653519,1.2391865311656147e-11,6.5811605054477695e-09
1.9905003365880862,120.75195718038007,122.29513276216562,0.026869528138062197,589.6373433193792,0.0,0.0018764527906046955,0.0,0.02499325381829636,0.0,4.5000030103485935,4.50008129956502,1.8066658651701603e-05,0.0,0.0,0.0,0.0,0.0018764527906046955,0.0018764531301160442,1.605277996031015e-07,0.02499325381829636,-2.842938341338086e-12,-3.4225722559885763e-10,1511.6485770011648,1511.6485770142865,13270.001445058475,13269.671485206989,-1.3353373962132764e-11,-6.243164707431248e-09,397.5567997100094,397.5567996965479,3489.912181963275,3489.8841457670746,1.233502189279534e-11,6.581956313311821e-09
2.0105003365880862,120.75195718074278,122.29513276292197,0.02713899071069236,589.6149489248193,0.0,0.0018763815239235557,0.0,0.02526278927049617,0.0,4.500003010234255,4.500081296477088,1.806597248689042e-05,0.0,0.0,0.0,0.0,0.0018763815239235557,0.0018763818634855958,1.6214073888575786e-07,0.02526278927049617,-2.8430257280331883e-12,-3.423080044244464e-10,1511.648577190251,1511.648577203374,13403.334778378692,13403.0024102366,-9.794359767667515e-12,-6.240969935289442e-09,397.5567995922418,397.5567995787798,3524.977861959058,3524.949825880626,1.290345608140342e-11,6.583036338270176e-09
2.0305003365880863,120.75195718110547,122.29513276367828,0.027408443049148516,589.5925553807973,0.0,0.0018763102597763894,0.0,0.025532314485988188,0.0,4.500003010119915,4.500081293389262,1.8065286345530702e-05,0.0,0.0,0.0,0.0,0.0018763102597763892,0.0018763105993889356,1.6375367816841423e-07,0.025532314485988188,-2.8431072600365592e-12,-3.423585922136124e-10,1511.6485773793306,1511.6485773924537,13536.668111698911,13536.333335357676,-1.1334377880700686e-11,-6.242509953402475e-09,397.55679947447857,397.556799461016,3560.043541954841,3560.015505994173,1.2732925824820995e-11,6.583434242202202e-09
2.0505003365880863,120.75195718146814,122.29513276443458,0.027677885153819363,589.5701626872806,0.0,0.001876238998194889,0.0,0.025801829465129412,0.0,4.500003010005586,4.500081290301537,1.8064600228100826e-05,0.0,0.0,0.0,0.0,0.0018762389981948895,0.0018762393378577563,1.653666174510706e-07,0.025801829465129412,-2.8431903099229716e-12,-3.424089956884091e-10,1511.6485775684037,1511.6485775815272,13670.00144501913,13669.664260570215,-1.2680856364966075e-11,-6.244311179237627e-09,397.5567993567195,397.556799343256,3595.1092219506245,3595.081186107716,1.2278178473934531e-11,6.583945832971949e-09
2.0705003365880863,120.7519571818308,122.29513276519084,0.027947317025093576,589.5477708442373,0.0,0.0018761677392049086,0.0,0.026071334208282674,0.0,4.500003009891262,4.500081287213928,1.8063914134991207e-05,0.0,0.0,0.0,0.0,0.0018761677392049089,0.0018761680789179105,1.66979556733727e-07,0.026071334208282674,-2.843269890362432e-12,-3.424592100783469e-10,1511.6485777574694,1511.6485777705936,13803.334778339351,13802.995185874213,-1.490776946333483e-11,-6.2472202133623256e-09,397.55679923896474,397.5567992255006,3630.174901946408,3630.1468662212546,1.1880274541908875e-11,6.584173206647392e-09
2.0905003365880863,120.75195718219346,122.29513276594707,0.028216738663359827,589.5253798516351,0.0,0.0018760964828275324,0.0,0.02634082871581555,0.0,4.5000030097769335,4.5000812841264235,1.8063228066520438e-05,0.0,0.0,0.0,0.0,0.0018760964828275324,0.0018760968225904854,1.6859249601638337e-07,0.02634082871581555,-2.8433529402488444e-12,-3.4250924449072406e-10,1511.648577946528,1511.6485779596535,13936.66811165957,13936.32611126967,-1.4086953825653836e-11,-6.247763639777304e-09,397.5567991212144,397.5567991077495,3665.2405819421915,3665.2125463347893,1.2164491636212915e-11,6.585196388186887e-09
2.1105003365880863,120.7519571825561,122.29513276670329,0.028486150069006753,589.5029897094419,0.0,0.001876025229079953,0.0,0.026610312988099495,0.0,4.500003009662625,4.500081281039037,1.806254202294844e-05,0.0,0.0,0.0,0.0,0.001876025229079953,0.0018760255688926705,1.7020543529903974e-07,0.026610312988099495,-2.8434305691243944e-12,-3.4255908656563583e-10,1511.6485781355805,1511.6485781487058,14070.001444979787,14069.657036756578,-1.129263349497478e-11,-6.244741945771182e-09,397.5567990034683,397.5567989900029,3700.3062619379743,3700.2782264483194,1.2846612662542611e-11,6.586390099982964e-09
2.1305003365880864,120.75195718291872,122.29513276745946,0.028755551242423,589.4806004176246,0.0,0.001875953977976186,0.0,0.026879787025509125,0.0,4.500003009548313,4.5000812779517645,1.806185600448723e-05,0.0,0.0,0.0,0.0,0.0018759539779761867,0.0018759543178384834,1.718183745816961e-07,0.026879787025509125,-2.8435157874151518e-12,-3.4260875104823174e-10,1511.648578324625,1511.6485783377516,14203.334778300006,14202.987962334933,-1.3056278280743072e-11,-6.247642458934166e-09,397.55679888572666,397.5567988722604,3735.3719419337576,3735.3439065618445,1.2164491636212915e-11,6.586560630239546e-09
2.1505003365880864,120.75195718328133,122.29513276821561,0.029024942183997177,589.4582119761517,0.0,0.001875882729527651,0.0,0.027149250828421647,0.0,4.500003009433999,4.500081274864606,1.8061170011309716e-05,0.0,0.0,0.0,0.0,0.0018758827295276505,0.0018758830694393426,1.7343131386435248e-07,0.027149250828421647,-2.843597536258957e-12,-3.4265822818069225e-10,1511.648578513663,1511.6485785267905,14336.668111620225,14336.318888004738,-1.0675182959829499e-11,-6.2461708583150255e-09,397.55679876798916,397.55679875452233,3770.437621929541,3770.409586675366,1.2278178473934531e-11,6.587242751265876e-09
2.1705003365880864,120.75195718364392,122.29513276897173,0.0292943228941179,589.4358243849903,0.0,0.0018758114837436495,0.0,0.027418704397216356,0.0,4.500003009319696,4.500081271777562,1.806048404355687e-05,0.0,0.0,0.0,0.0,0.0018758114837436498,0.0018758118237045503,1.7504425314700887e-07,0.027418704397216356,-2.843685573475363e-12,-3.427075246850708e-10,1511.6485787026934,1511.6485787158215,14470.001444940446,14469.649813765982,-1.4546364113243726e-11,-6.2507241604947694e-09,397.5567986502564,397.5567986367887,3805.5033019253246,3805.4752667888824,1.1368683772161603e-11,6.587185907847015e-09
2.1905003365880864,120.7519571840065,122.29513276972783,0.029563693373173747,589.4134376441085,0.0,0.001875740240631756,0.0,0.027688147732274272,0.0,4.500003009205397,4.500081268690625,1.8059798101343596e-05,0.0,0.0,0.0,0.0,0.0018757402406317561,0.0018757405806416804,1.7665719242966522e-07,0.027688147732274272,-2.8437694907235134e-12,-3.4275663232143094e-10,1511.648578891718,1511.648578904846,14603.334778260663,14602.980739618664,-1.4148571203520532e-11,-6.250326367585046e-09,397.55679853252775,397.55679851905956,3840.5689819211075,3840.540946902395,1.1766587704187259e-11,6.588095402548788e-09
2.2105003365880864,120.75195718436908,122.29513277048389,0.0298330536215533,589.3910517534742,0.0,0.0018756690001981312,0.0,0.02795758083397781,0.0,4.500003009091102,4.500081265603811,1.8059112184763504e-05,0.0,0.0,0.0,0.0,0.0018756690001981307,0.001875669340256895,1.782701317123216e-07,0.02795758083397781,-2.8438523237694913e-12,-3.428055552097409e-10,1511.6485790807344,1511.6485790938634,14736.66811158088,14736.311665562782,-1.4194589947891245e-11,-6.25128188103119e-09,397.55679841480367,397.5567984013347,3875.6346619168903,3875.6066270159026,1.1880274541908875e-11,6.589004897250561e-09
2.2305003365880864,120.75195718473162,122.29513277123992,0.030102403639645118,589.3686667130547,0.0,0.001875597762447786,0.0,0.02822700370271052,0.0,4.500003008976813,4.500081262517112,1.80584262938928e-05,0.0,0.0,0.0,0.0,0.0018755977624477862,0.001875598102555203,1.7988307099497796e-07,0.02822700370271052,-2.843935156815469e-12,-3.4285429053107497e-10,1511.6485792697442,1511.6485792828735,14870.0014449011,14869.642591598333,-1.4850065621629938e-11,-6.252164730380372e-09,397.5567982970839,397.55679828361434,3910.7003419126736,3910.672307129406,1.1539214028744027e-11,6.589232270926004e-09
2.2505003365880865,120.75195718509417,122.29513277199592,0.03037174342783775,589.3462825228174,0.0,0.001875526527384789,0.0,0.02849641633885688,0.0,4.50000300886252,4.500081259430522,1.8057740428793537e-05,0.0,0.0,0.0,0.0,0.001875526527384789,0.0018755268675406756,1.8149601027763433e-07,0.02849641633885688,-2.8440164719784056e-12,-3.4290284153803974e-10,1511.6485794587468,1511.6485794718765,15003.334778221319,15002.973517725313,-1.4234169398719132e-11,-6.2520035815083475e-09,397.5567981793685,397.55679816589833,3945.766021908457,3945.7379872429055,1.1880274541908875e-11,6.590198609046638e-09
2.2705003365880865,120.75195718545669,122.2951327727519,0.030641072986519725,589.323899182731,0.0,0.0018754552950124433,0.0,0.028765818742802114,0.0,4.500003008748245,4.500081256344056,1.8057054589516172e-05,0.0,0.0,0.0,0.0,0.0018754552950124433,0.0018754556352166135,1.8310894956029072e-07,0.028765818742802114,-2.844105159716115e-12,-3.429512138684865e-10,1511.6485796477416,1511.6485796608724,15136.66811154154,15136.304443943716,-1.796984783197786e-11,-6.256876128318822e-09,397.5567980616577,397.55679804818686,3980.8317019042406,3980.8036673563997,1.0857093002414331e-11,6.589800705114612e-09
2.2905003365880865,120.75195718581921,122.29513277350785,0.030910392316079557,589.3015166927624,0.0,0.0018753840653334233,0.0,0.02903521091493207,0.0,4.5000030086339615,4.500081253257699,1.8056368776101684e-05,0.0,0.0,0.0,0.0,0.001875384065333423,0.0018753844055856923,1.847218888429471e-07,0.02903521091493207,-2.8441834391129683e-12,-3.429993912593826e-10,1511.64857983673,1511.6485798498613,15270.001444861759,15269.635370253543,-1.712791020125337e-11,-6.256488938038984e-09,397.5567979439512,397.5567979304798,4015.897381900024,4015.8693474698903,1.1027623258996755e-11,6.590596512978664e-09
2.3105003365880865,120.75195718618171,122.29513277426376,0.03117970141690575,589.2791350528797,0.0,0.0018753128383498948,0.0,0.02930459285563308,0.0,4.5000030085196885,4.5000812501714655,1.8055682988583372e-05,0.0,0.0,0.0,0.0,0.0018753128383498944,0.0018753131786500771,1.863348281256035e-07,0.02930459285563308,-2.8442649711163392e-12,-3.4304738628747333e-10,1511.6485800257115,1511.6485800388423,15403.33477818198,15402.966296654788,-2.005995369813718e-11,-6.258966234184982e-09,397.5567978262493,397.5567978127772,4050.9630618958076,4050.9350275833763,1.0686562745831907e-11,6.5909375734918285e-09
2.3305003365880865,120.75195718654419,122.29513277501965,0.03144900028938679,589.2567542630503,0.0,0.0018752416140636037,0.0,0.02957396456529188,0.0,4.500003008405427,4.500081247085334,1.8054997226988188e-05,0.0,0.0,0.0,0.0,0.0018752416140636037,0.0018752419544115152,1.8794776740825986e-07,0.02957396456529188,-2.8443475873218826e-12,-3.4309519765171603e-10,1511.648580214685,1511.6485802278175,15536.668111502198,15536.297223147447,-1.9201473744345776e-11,-6.259926743634736e-09,397.5567977085517,397.55679769507907,4086.028741891591,4086.0007076968577,1.0743406164692715e-11,6.591506007680437e-09
2.3505003365880865,120.75195718690667,122.29513277577551,0.03171828893391115,589.2343743232423,0.0,0.0018751703924759576,0.0,0.02984332604429554,0.0,4.500003008291156,4.500081243999334,1.8054311491337996e-05,0.0,0.0,0.0,0.0,0.0018751703924759578,0.0018751707328714133,1.8956070669091623e-07,0.02984332604429554,-2.844429769846557e-12,-3.4314282383422767e-10,1511.648580403651,1511.6485804167849,15670.001444822417,15669.628149731516,-2.0630497310492046e-11,-6.2624926355780985e-09,397.5567975908589,397.55679757738557,4121.094421887374,4121.066387810334,1.0857093002414331e-11,6.592301815544488e-09
2.3705003365880866,120.75195718726913,122.29513277653135,0.03198756735086728,589.211995233423,0.0,0.0018750991735880858,0.0,0.03011267729303139,0.0,4.500003008176897,4.500081240913451,1.8053625781650397e-05,0.0,0.0,0.0,0.0,0.0018750991735880854,0.0018750995140308997,1.9117364597357263e-07,0.03011267729303139,-2.8445071818816725e-12,-3.431902600645187e-10,1511.648580592611,1511.6485806057449,15803.334778142638,15802.959076406994,-2.201239190924298e-11,-6.2638745301768495e-09,397.5567974731701,397.5567974596964,4156.160101883157,4156.132067923807,1.1198153515579179e-11,6.593040779989678e-09
2.3905003365880866,120.75195718763156,122.29513277728715,0.03225683554064363,589.1896169935605,0.0,0.001875027957400889,0.0,0.030382018311886964,0.0,4.5000030080626345,4.500081237827685,1.805294009793963e-05,0.0,0.0,0.0,0.0,0.0018750279574008893,0.0018750282978908768,1.92786585256229e-07,0.030382018311886964,-2.8445900149276504e-12,-3.4323751610040865e-10,1511.6485807815636,1511.648580794698,15936.668111462857,15936.290003173874,-2.487798855810297e-11,-6.267422247852039e-09,397.5567973554862,397.5567973420117,4191.22578187894,4191.197748037274,1.057287590811029e-11,6.593211310246261e-09
2.4105003365880866,120.751957187994,122.29513277804293,0.03252609350362864,589.1672396036223,0.0,0.0018749567439150855,0.0,0.03065134910124998,0.0,4.500003007948384,4.500081234742028,1.8052254440217077e-05,0.0,0.0,0.0,0.0,0.0018749567439150855,0.0018749570844520623,1.943995245388854e-07,0.03065134910124998,-2.8446821721123117e-12,-3.4328459757974883e-10,1511.6485809705089,1511.6485809836431,16070.001444783078,16069.620930032155,-2.8939239893333024e-11,-6.271256125511826e-09,397.55679723780645,397.55679722433143,4226.291461874724,4226.263428150738,1.0743406164692715e-11,6.5938934312725905e-09
2.4305003365880866,120.75195718835641,122.29513277879867,0.0327953412402107,589.144863063576,0.0,0.0018748855331312407,0.0,0.030920669661508283,0.0,4.500003007834137,4.500081231656482,1.80515688084919e-05,0.0,0.0,0.0,0.0,0.0018748855331312407,0.0018748858737150215,1.9601246382154176e-07,0.030920669661508283,-2.844759584147427e-12,-3.4333147891536797e-10,1511.6485811594466,1511.6485811725822,16203.334778103297,16202.951856981837,-2.663225195931318e-11,-6.2703133796304655e-09,397.55679712013097,397.55679710665544,4261.357141870507,4261.329108264197,1.0629719326971099e-11,6.594291335204616e-09
2.4505003365880866,120.75195718871882,122.2951327795544,0.033064578750778215,589.1224873733896,0.0,0.0018748143250497974,0.0,0.031189979993049826,0.0,4.5000030077198945,4.50008122857106,1.805088320277134e-05,0.0,0.0,0.0,0.0,0.0018748143250497974,0.0018748146656801979,1.9762540310419813e-07,0.031189979993049826,-2.84484024878906e-12,-3.433781791892243e-10,1511.6485813483787,1511.6485813615136,16336.668111423516,16336.282784022911,-2.7219060338978807e-11,-6.2702180669838015e-09,397.5567970024602,397.55679698898405,4296.42282186629,4296.394788377652,1.057287590811029e-11,6.594859769393224e-09
2.4705003365880867,120.75195718908121,122.29513278031008,0.033333806035719574,589.1001125330308,0.0,0.0018747431196710989,0.0,0.03145928009626266,0.0,4.50000300760565,4.500081225485754,1.805019762306117e-05,0.0,0.0,0.0,0.0,0.001874743119671099,0.0018747434603479335,1.9923834238685453e-07,0.03145928009626266,-2.8449150587389616e-12,-3.43424687992977e-10,1511.648581537302,1511.6485815504377,16470.001444743735,16469.613711155376,-2.6774027439557813e-11,-6.27045515511071e-09,397.55679688479404,397.5567968713173,4331.4885018620735,4331.460468491103,1.1539214028744027e-11,6.596394541702466e-09
2.4905003365880867,120.75195718944357,122.29513278106575,0.033603023095423144,589.0777385424673,0.0,0.0018746719169954044,0.0,0.031728569971534865,0.0,4.500003007491417,4.500081222400572,1.804951206936588e-05,0.0,0.0,0.0,0.0,0.0018746719169954048,0.0018746722577184887,2.008512816695109e-07,0.031728569971534865,-2.8450048306788434e-12,-3.434710272275099e-10,1511.6485817262185,1511.6485817393554,16603.334778063952,16602.944638379224,-2.819283695387753e-11,-6.273238206677689e-09,397.55679676713214,397.556796753655,4366.554181857857,4366.526148604548,1.1482370609883219e-11,6.596735602215631e-09
2.5105003365880867,120.75195718980594,122.29513278182138,0.033872229930277276,589.0553654016663,0.0,0.0018746007170229084,0.0,0.03199784961925463,0.0,4.500003007377187,4.500081219315494,1.8048826541688968e-05,0.0,0.0,0.0,0.0,0.0018746007170229084,0.001874601057792059,2.0246422095216727e-07,0.03199784961925463,-2.8450839774374348e-12,-3.435171730403752e-10,1511.6485819151283,1511.6485819282661,16736.66811138417,16736.275565694457,-2.6868118840894795e-11,-6.2728229832664795e-09,397.5567966494748,397.5567966359958,4401.61986185364,4401.591828717989,9.947598300641403e-12,6.597076662728796e-09
2.5305003365880867,120.75195719016828,122.29513278257699,0.03414142654067032,589.0329931105964,0.0,0.0018745295197537468,0.0,0.03226711903981014,0.0,4.500003007262962,4.500081216230497,1.8048141040033098e-05,0.0,0.0,0.0,0.0,0.0018745295197537463,0.0018745298605687796,2.040771602348236e-07,0.03226711903981014,-2.8451767851433996e-12,-3.4356314863349946e-10,1511.648582104028,1511.6485821171684,16870.001444704387,16869.60649310107,-2.796951559247418e-11,-6.276425490447934e-09,397.5567965318237,397.5567965183427,4436.685541849422,4436.657508831425,1.000444171950221e-11,6.599123025807785e-09
2.5505003365880867,120.75195719053062,122.29513278333255,0.03441061292699058,589.010621669225,0.0,0.001874458325188017,0.0,0.03253637823358963,0.0,4.500003007148742,4.50008121314566,1.8047455564400292e-05,0.0,0.0,0.0,0.0,0.001874458325188017,0.001874458666048747,2.0569009951748e-07,0.03253637823358963,-2.845263304476764e-12,-3.436089318891583e-10,1511.6485822929217,1511.6485823060639,17003.334778024608,17002.93742059906,-3.0073110668382697e-11,-6.280348074927389e-09,397.55679641417703,397.5567964006939,4471.751221845207,4471.723188944857,8.86757334228605e-12,6.6001462073472794e-09
2.5705003365880867,120.75195719089294,122.2951327840881,0.034679789089626385,588.9882510775195,0.0,0.0018743871333257761,0.0,0.03280562720098136,0.0,4.5000030070345245,4.500081210060955,1.8046770114791978e-05,0.0,0.0,0.0,0.0,0.0018743871333257761,0.001874387474232019,2.073030388001364e-07,0.03280562720098136,-2.8453480890866523e-12,-3.4365452952940523e-10,1511.6485824818076,1511.6485824949523,17136.66811134483,17136.268348188423,-3.35739769319332e-11,-6.286350051620815e-09,397.55679629653497,397.5567962830497,4506.81690184099,4506.788869058284,8.753886504564434e-12,6.602135727007408e-09
2.5905003365880868,120.75195719125524,122.29513278484362,0.034948955028966014,588.9658813354478,0.0,0.0018743159441670537,0.0,0.03307486594237359,0.0,4.5000030069203065,4.5000812069763665,1.804608469120916e-05,0.0,0.0,0.0,0.0,0.0018743159441670534,0.0018743162851186247,2.0891597808279277e-07,0.03307486594237359,-2.8454228990365538e-12,-3.436999326637824e-10,1511.648582670687,1511.6485826838334,17270.001444665046,17269.599275869157,-3.159156269916252e-11,-6.28618662679159e-09,397.55679617889706,397.5567961654097,4541.882581836773,4541.854549171707,8.242295734817162e-12,6.60372734273551e-09
2.610500336588087,120.75195719161754,122.29513278559911,0.03521811074539776,588.9435124429781,0.0,0.0018742447577118529,0.0,0.033344094458154595,0.0,4.500003006806098,4.500081203891889,1.804539929365246e-05,0.0,0.0,0.0,0.0,0.0018742447577118529,0.0018742450987085674,2.1052891736544914e-07,0.033344094458154595,-2.845512020455132e-12,-3.4374516514473763e-10,1511.6485828595585,1511.648582872707,17403.334777985263,17402.930203641256,-3.179712049217187e-11,-6.2884385476635885e-09,397.5567960612637,397.55679604777407,4576.948261832556,4576.920229285126,8.469669410260394e-12,6.606228453165386e-09
2.630500336588087,120.75195719197983,122.29513278635457,0.035487256239309886,588.9211444000773,0.0,0.0018741735739601587,0.0,0.03361331274871266,0.0,4.500003006691895,4.500081200807528,1.804471392212222e-05,0.0,0.0,0.0,0.0,0.0018741735739601587,0.0018741739150018321,2.121418566481055e-07,0.03361331274871266,-2.8455889988093785e-12,-3.4379020095141877e-10,1511.6485830484235,1511.6485830615734,17536.66811130548,17536.261131504718,-3.0493607638959475e-11,-6.2884992768630354e-09,397.5567959436349,397.55679593014304,4612.013941828339,4611.985909398541,9.663381206337363e-12,6.609639058297034e-09
2.650500336588087,120.75195719234209,122.29513278710999,0.03575639151109064,588.8987772067138,0.0,0.0018741023929119398,0.0,0.03388252081443606,0.0,4.500003006577696,4.500081197723276,1.8044028576618524e-05,0.0,0.0,0.0,0.0,0.0018741023929119398,0.001874102733998387,2.1375479593076188e-07,0.03388252081443606,-2.8456718318553564e-12,-3.438350574310606e-10,1511.6485832372807,1511.6485832504336,17670.0014446257,17669.59205945954,-3.03503333576316e-11,-6.29131186036247e-09,397.55679582601005,397.55679581251644,4647.079621824123,4647.051589511951,8.924416761146858e-12,6.610662239836529e-09
2.670500336588087,120.75195719270434,122.2951327878654,0.03602551656112826,588.8764108628548,0.0,0.0018740312145671513,0.0,0.03415171865571308,0.0,4.500003006463496,4.500081194639142,1.8043343257141264e-05,0.0,0.0,0.0,0.0,0.0018740312145671513,0.0018740315556981884,2.1536773521341828e-07,0.03415171865571308,-2.845755315422638e-12,-3.4387973089737567e-10,1511.6485834261323,1511.6485834392868,17803.33477794592,17802.922987505717,-3.2445213182796806e-11,-6.2949983559157374e-09,397.5567957083899,397.55679569489416,4682.145301819906,4682.117269625356,8.86757334228605e-12,6.612765446334379e-09
2.690500336588087,120.75195719306657,122.29513278862078,0.03629463138981096,588.8540453684687,0.0,0.0018739600389257377,0.0,0.03442090627293199,0.0,4.500003006349305,4.500081191555124,1.8042657963690175e-05,0.0,0.0,0.0,0.0,0.0018739600389257377,0.001873960380101179,2.1698067449607465e-07,0.03442090627293199,-2.8458344621812293e-12,-3.4392421441147014e-10,1511.6485836149752,1511.648583628132,17936.66811126614,17936.253915643247,-3.058042707948516e-11,-6.295407306566858e-09,397.5567955907742,397.5567955772763,4717.21098181569,4717.182949738757,8.697043085703626e-12,6.614698122575646e-09
2.710500336588087,120.7519571934288,122.29513278937611,0.036563735997526964,588.8316807235226,0.0,0.0018738888659876342,0.0,0.03469008366648107,0.0,4.500003006235126,4.500081188471217,1.8041972696264834e-05,0.0,0.0,0.0,0.0,0.001873888865987634,0.0018738892072072966,2.1859361377873105e-07,0.03469008366648107,-2.8459231499189386e-12,-3.439685242363766e-10,1511.6485838038107,1511.6485838169704,18070.00144458636,18069.584843872122,-3.4701685969196205e-11,-6.302484423237331e-09,397.55679547316373,397.5567954596631,4752.276661811473,4752.248629852153,7.673861546209082e-12,6.616460268560331e-09
2.730500336588087,120.75195719379101,122.29513279013143,0.03683283038466445,588.8093169279849,0.0,0.0018738176957527701,0.0,0.03495925083674858,0.0,4.500003006120937,4.500081185387436,1.8041287454864757e-05,0.0,0.0,0.0,0.0,0.00187381769575277,0.0018738180370164689,2.2020655306138742e-07,0.03495925083674858,-2.846010102933172e-12,-3.4401264757850936e-10,1511.648583992639,1511.6485840058012,18203.33477790658,18202.915772192348,-3.474603937902998e-11,-6.3050298870770405e-09,397.5567953555577,397.55679534205416,4787.342341807256,4787.314309965544,7.332801033044234e-12,6.619018222409068e-09
2.750500336588087,120.7519571941532,122.29513279088673,0.03710191455161159,588.7869539818225,0.0,0.0018737465282210686,0.0,0.03522840778412278,0.0,4.50000300600676,4.500081182303768,1.804060223948932e-05,0.0,0.0,0.0,0.0,0.0018737465282210688,0.0018737468695286194,2.2181949234404379e-07,0.03522840778412278,-2.846081660276556e-12,-3.440565707769211e-10,1511.64858418146,1511.648584194625,18336.668111226798,18336.246700603915,-3.042771590244797e-11,-6.3036674213812205e-09,397.5567952379561,397.55679522445007,4822.408021803039,4822.379990078933,8.185452315956354e-12,6.622371984121855e-09
2.770500336588087,120.75195719451538,122.29513279164198,0.03737098849875656,588.7645918850038,0.0,0.0018736753633924479,0.0,0.0354975545089919,0.0,4.500003005892587,4.50008117922022,1.8039917050137872e-05,0.0,0.0,0.0,0.0,0.0018736753633924479,0.0018736757047436655,2.2343243162670018e-07,0.0354975545089919,-2.846164927003403e-12,-3.4410032115350653e-10,1511.6485843702746,1511.648584383442,18470.00144454702,18469.577629106818,-3.26023652519325e-11,-6.308115807485137e-09,397.5567951203589,397.55679510685013,4857.473701798823,4857.445670192315,7.73070496506989e-12,6.624645720876288e-09
2.790500336588087,120.75195719487756,122.29513279239721,0.037640052226487496,588.7422306374964,0.0,0.0018736042012668225,0.0,0.035766691011744185,0.0,4.500003005778418,4.5000811761367885,1.803923188680967e-05,0.0,0.0,0.0,0.0,0.0018736042012668225,0.001873604542661523,2.2504537090935655e-07,0.035766691011744185,-2.8462401706341733e-12,-3.4414387919262657e-10,1511.6485845590817,1511.6485845722514,18603.334777867236,18602.90855770106,-2.7796764889842507e-11,-6.30558394387748e-09,397.55679500276636,397.5567949892546,4892.539381794606,4892.511350305695,8.071765478234738e-12,6.6279426391702145e-09
2.810500336588087,120.75195719523971,122.29513279315242,0.03790910573519254,588.7198702392677,0.0,0.0018735330418441034,0.0,0.03603581729276785,0.0,4.500003005664247,4.500081173053467,1.8038546749503943e-05,0.0,0.0,0.0,0.0,0.0018735330418441034,0.0018735333832821015,2.2665831019201292e-07,0.03603581729276785,-2.8463212689566753e-12,-3.441872579047073e-10,1511.6485847478812,1511.6485847610534,18736.668111187453,18736.23948638663,-2.6639468408973244e-11,-6.306927757826486e-09,397.5567948851781,397.5567948716637,4927.605061790389,4927.577030419068,7.560174708487466e-12,6.6300458456680644e-09
2.830500336588087,120.75195719560185,122.29513279390758,0.03817814902525981,588.6975106902858,0.0,0.0018734618851241993,0.0,0.03630493335245111,0.0,4.500003005550094,4.5000811699702625,1.803786163821987e-05,0.0,0.0,0.0,0.0,0.0018734618851241995,0.001873462226605312,2.282712494746693e-07,0.03630493335245111,-2.846407137768736e-12,-3.442304581571104e-10,1511.6485849366736,1511.6485849498488,18870.001444507674,18869.570415163525,-2.8617885838855273e-11,-6.31186203303713e-09,397.55679476759406,397.55679475407743,4962.670741786173,4962.642710532437,7.105427357601002e-12,6.63186483507161e-09
2.850500336588087,120.75195719596398,122.29513279466273,0.0384471820970774,588.6751519905185,0.0,0.0018733907311070167,0.0,0.03657403919118215,0.0,4.500003005435931,4.500081166887183,1.8037176552956605e-05,0.0,0.0,0.0,0.0,0.0018733907311070167,0.0018733910726310588,2.2988418875732566e-07,0.03657403919118215,-2.8464893202934105e-12,-3.4427346997517594e-10,1511.6485851254592,1511.6485851386371,19003.33477782789,19002.901344031747,-2.7080393483203125e-11,-6.313053024786797e-09,397.55679465001475,397.55679463649534,4997.736421781956,4997.708390645803,7.219114195322618e-12,6.6347638494335115e-09
2.870500336588087,120.75195719632609,122.29513279541784,0.0387162049510334,588.6527941399333,0.0,0.0018733195797924606,0.0,0.036843134809349164,0.0,4.5000030053217746,4.5000811638042135,1.8036491493713283e-05,0.0,0.0,0.0,0.0,0.0018733195797924604,0.0018733199213592476,2.3149712803998206e-07,0.036843134809349164,-2.846578875392858e-12,-3.443163046346065e-10,1511.6485853142372,1511.6485853274178,19136.668111148112,19136.23227299129,-3.015482308299511e-11,-6.318855938491907e-09,397.5567945324397,397.5567945189179,5032.802101777739,5032.774070759164,7.44648787076585e-12,6.637378646701109e-09
2.890500336588087,120.7519571966882,122.29513279617294,0.03898521758751589,588.6304371384981,0.0,0.0018732484311804346,0.0,0.03711222020734032,0.0,4.500003005207634,4.500081160721367,1.8035806460488988e-05,0.0,0.0,0.0,0.0,0.0018732484311804346,0.0018732487727897826,2.3311006732263843e-07,0.03711222020734032,-2.8466606242366632e-12,-3.443589471734121e-10,1511.648585503008,1511.6485855161916,19270.00144446833,19269.563202042147,-2.982564195619375e-11,-6.321482615145868e-09,397.55679441486944,397.55679440134463,5067.867781773522,5067.83975087252,7.275957614183426e-12,6.640220817644149e-09
2.910500336588087,120.75195719705027,122.29513279692799,0.039254220006912935,588.6080809861809,0.0,0.0018731772852708408,0.0,0.03738129538554377,0.0,4.500003005093483,4.500081157638631,1.8035121453282828e-05,0.0,0.0,0.0,0.0,0.0018731772852708403,0.0018731776269225646,2.3472300660529483e-07,0.03738129538554377,-2.846750396176545e-12,-3.44401413204104e-10,1511.6485856917725,1511.6485857049581,19403.33477778855,19402.89413118432,-3.399353021293905e-11,-6.3276968664816025e-09,397.5567942973034,397.5567942837761,5102.933461769306,5102.905430985872,7.332801033044234e-12,6.642721928074025e-09
2.930500336588087,120.75195719741235,122.29513279768302,0.039523212209612565,588.5857256829487,0.0,0.0018731061420635812,0.0,0.037650360344347676,0.0,4.500003004979345,4.500081154556018,1.8034436472093874e-05,0.0,0.0,0.0,0.0,0.0018731061420635816,0.0018731064837574968,2.3633594588795117e-07,0.037650360344347676,-2.846827157690357e-12,-3.4444368082579835e-10,1511.648585880529,1511.6485858937176,19536.668111108767,19536.225060417804,-3.1687374946187674e-11,-6.328346568995613e-09,397.5567941797418,397.55679416621183,5137.999141765088,5137.971111099219,7.958078640513122e-12,6.646075689786812e-09
2.950500336588087,120.75195719777442,122.29513279843802,0.03979219419600282,588.5633712287702,0.0,0.0018730350015585557,0.0,0.037919415084140144,0.0,4.500003004865212,4.500081151473517,1.8033751516921175e-05,0.0,0.0,0.0,0.0,0.0018730350015585561,0.0018730353432944785,2.3794888517060754e-07,0.037919415084140144,-2.846915194906763e-12,-3.4448577605934727e-10,1511.648586069279,1511.6485860824696,19670.001444428985,19669.555989742596,-3.080813382183578e-11,-6.32951369095025e-09,397.55679406218485,397.55679404865225,5173.064821760871,5173.036791212562,7.844391802791506e-12,6.648576800216688e-09
2.970500336588087,120.75195719813645,122.295132799193,0.040061165966471704,588.5410176236121,0.0,0.0018729638637556647,0.0,0.0381884596053093,0.0,4.500003004751083,4.500081148391139,1.8033066587763808e-05,0.0,0.0,0.0,0.0,0.0018729638637556645,0.0018729642055334106,2.395618244532639e-07,0.0381884596053093,-2.8469956427079612e-12,-3.445276802564734e-10,1511.6485862580214,1511.6485862712145,19803.3347777492,19802.88691915869,-3.107147872327687e-11,-6.332278146281567e-09,397.5567939446322,397.55679393109705,5208.130501756655,5208.1024713259,7.560174708487466e-12,6.65085053697112e-09
2.990500336588087,120.75195719849849,122.29513279994794,0.04033012752140723,588.5186648674431,0.0,0.0018728927286548076,0.0,0.03845749390824324,0.0,4.500003004636958,4.500081145308871,1.8032381684620785e-05,0.0,0.0,0.0,0.0,0.0018728927286548078,0.001872893070474193,2.411747637359203e-07,0.03845749390824324,-2.847078475753939e-12,-3.445694020907941e-10,1511.6485864467568,1511.6485864599529,19936.66811106942,19936.217848666085,-2.8555213749115183e-11,-6.332717739088167e-09,397.55679382708405,397.55679381354634,5243.196181752438,5243.168151439234,7.219114195322618e-12,6.653067430306692e-09
3.0,120.75195719876534,122.2951328005044,0.04045787615518955,588.5080479818345,0.0,0.0018728577209547207,0.0,0.038585278315824034,0.0,4.500003004566848,4.500081143810996,1.803204884354033e-05,0.0,0.0,0.0,0.0,0.0018728577209547203,0.0018728580627947195,2.4194088275037466e-07,0.038585278315824034,-2.8470951724673954e-12,-3.445900329402535e-10,1511.6485865396492,1511.6485865528462,19999.999200475944,19999.547796330702,-3.3021085865669875e-11,-6.338093105906495e-09,397.55679376923786,397.55679375569866,5259.851789615927,5259.823759360571,7.048583938740194e-12,6.65437482894049e-09
