scenario,mode,extent_mol,reactor_h2_mol,water_kg,salt_mol,export_h2_mol,export_water_kg,export_salt_mol,outlet_separator_gas_mol,flow_pump_kwh,feed_water_kg,feed_salt_mol,circulated_water_kg,time_days,altered_fraction_proxy,expansion_loading,crack_opening_fraction,porosity,area_factor,passivation_factor,pore_access_factor,permeability_ratio,generated_h2_kg,retained_h2_kg,dissolved_h2_kg,free_h2_kg,exported_h2_kg,outlet_collected_h2_kg,outlet_uncollected_gas_h2_kg,outlet_residual_dissolved_h2_kg,endpoint_collected_h2_kg,endpoint_residual_h2_kg,endpoint_uncollected_gas_h2_kg,salt_molality,water_consumed_kg,remaining_reactive_fe_kg,flow_head_bar,solid_mass_gain_kg,total_deliverable_h2_kg,gross_electricity_kwh,outlet_delivered_electricity_kwh,new_feed_heater_kwh,standalone_engineering_balance_kwh,h2_balance_error_kg,water_balance_error_kg,salt_balance_error_kg,hydrogen_recovery_balance_error_kg
closure_hypothesis,recirculating,0.0,0.0,20000.0,90000.0,0.0,0.0,0.0,0.0,0.0,0.0,0.0,0.0,0.0,0.0,0.0,0.0,0.35,1.0,1.0,1.0,1.0,0.0,0.0,0.0,0.0,0.0,0.0,0.0,0.0,0.0,0.0,0.0,4.5,0.0,591.8704059999999,5.0,0.0,0.0,0.0,0.0,0.0,-907.7186152246713,0.0,0.0,0.0,0.0
closure_hypothesis,recirculating,5.321448597791069,5.321448597791069,19997.644696556745,90000.0,0.0,0.0,0.0,0.0,1.4311742521309387,0.0,0.0,6666.666666666668,1.0,0.001506290704507579,0.00039163558317197055,0.0,0.349608364416828,1.0,0.9939929520754741,0.9988481306377296,0.995446970989859,0.01072740179931506,0.01072740179931506,0.01072740179931506,0.0,0.0,0.0,0.0,0.0,0.0,0.01072740179931506,0.0,4.500530005690944,2.355303443256182,590.978877109169,5.0228692694981705,2.3445760414568673,0.0,0.0,0.0,0.0,-909.1497894768022,0.0,0.0,0.0,0.0
closure_hypothesis,recirculating,10.553755064584843,10.553755064584843,19995.328847928133,90000.0,0.0,0.0,0.0,0.0,2.8688762639244447,0.0,0.0,13333.333333333336,2.0,0.0029873488128839168,0.0007767106913498184,0.0,0.34922328930865015,1.0,0.9881217152475931,0.9977155567901476,0.9909874878034916,0.021275103759595293,0.021275103759595293,0.021275103759595293,0.0,0.0,0.0,0.0,0.0,0.0,0.021275103759595293,0.0,4.501051254744709,4.671152071865789,590.1022826452547,5.0454723813742826,4.649876968106193,0.0,0.0,0.0,0.0,-910.5874914885958,0.0,0.0,0.0,0.0
closure_hypothesis,recirculating,15.700162278835043,15.700162278835043,19993.05101879771,90000.0,0.0,0.0,0.0,0.0,4.313031042407706,0.0,0.0,20000.000000000004,3.0,0.004444092255196535,0.0011554639863510991,0.0,0.3488445360136489,1.0,0.9823806985528803,0.9966015765107321,0.9866178688779984,0.031649643134657984,0.031649643134657984,0.031649643134657984,0.0,0.0,0.0,0.0,0.0,0.0,0.031649643134657984,0.0,4.501564064203153,6.948981202293455,589.2400793126153,5.067818207758694,6.9173315591587965,0.0,0.0,0.0,0.0,-912.0316462670789,0.0,3.637978807091713e-12,0.0,0.0
closure_hypothesis,recirculating,20.763731187939317,20.763731187939317,19990.809854372717,90000.0,0.0,0.0,0.0,0.0,5.763566067001097,0.0,0.0,26666.66666666667,4.0,0.00587738746405816,0.0015281207406551217,0.0,0.34847187925934486,1.0,0.9767646466623545,0.9955055272333673,0.9823346479858296,0.04185719042714311,0.04185719042714311,0.04185719042714311,0.0,0.0,0.0,0.0,0.0,0.0,0.04185719042714311,0.0,4.502068733364182,9.1901456272827,588.3917542954284,5.089915142718376,9.148288436855557,0.0,0.0,0.0,0.0,-913.4821812916724,0.0,0.0,0.0,0.0
closure_hypothesis,recirculating,25.747354517480417,25.747354517480417,19988.604074316358,90000.0,0.0,0.0,0.0,0.0,7.220411157701928,0.0,0.0,33333.33333333334,5.0,0.007288053255168298,0.0018948938463437576,0.0,0.3481051061536562,1.0,0.9712686134849244,0.9944267828048712,0.9781345575835879,0.051903577024698416,0.051903577024698416,0.051903577024698416,0.0,0.0,0.0,0.0,0.0,0.0,0.051903577024698416,0.0,4.502565545116894,11.395925683644121,587.5568229609139,5.11177113745183,11.344022106619423,0.0,0.0,0.0,0.0,-914.9390263823732,0.0,0.0,0.0,0.0
closure_hypothesis,recirculating,30.65376919194352,30.65376919194352,19986.432467250266,90000.0,0.0,0.0,0.0,0.0,8.683498352872894,0.0,0.0,40000.00000000001,6.0,0.008676864343124901,0.002255984729212474,0.0,0.3477440152707875,1.0,0.9658879383260263,0.9933647507964339,0.9740145137536518,0.0617943202386551,0.0617943202386551,0.0617943202386551,0.0,0.0,0.0,0.0,0.0,0.0,0.0617943202386551,0.0,4.503054767151358,13.567532749735587,586.7348267784278,5.133393732225845,13.505738429496931,0.0,0.0,0.0,0.0,-916.4021135775442,0.0,0.0,0.0,0.0
closure_hypothesis,recirculating,35.485567611188934,35.485567611188934,19984.29388576351,90000.0,0.0,0.0,0.0,0.0,10.152761795755106,0.0,0.0,46666.66666666668,7.0,0.010044554533345832,0.0026115841786699162,0.0,0.34738841582133007,1.0,0.9606182243091511,0.9923188700627356,0.9699716025579669,0.07153464603604354,0.07153464603604354,0.07153464603604354,0.0,0.0,0.0,0.0,0.0,0.0,0.07153464603604354,0.0,4.503536653057057,15.70611423649325,585.9253314302595,5.1547900854150965,15.634579590457205,0.0,0.0,0.0,0.0,-917.8713770204264,0.0,3.637978807091713e-12,0.0,0.0
closure_hypothesis,recirculating,40.24520790830326,40.24520790830326,19982.187241872387,90000.0,0.0,0.0,0.0,0.0,11.628137628921987,0.0,0.0,53333.33333333335,8.0,0.011391819625659045,0.0029618731026713517,0.0,0.3470381268973286,1.0,0.9554553188063359,0.9912886085215548,0.9660030676469662,0.08112950971819037,0.08112950971819037,0.08112950971819037,0.0,0.0,0.0,0.0,0.0,0.0,0.08112950971819037,0.0,4.504011443322195,17.812758127614863,585.1279250930824,5.175966999959146,17.73162861789667,0.0,0.0,0.0,0.0,-919.3467528535933,0.0,0.0,0.0,0.0
closure_hypothesis,recirculating,44.9350232985198,44.9350232985198,19980.111502882555,90000.0,0.0,0.0,0.0,0.0,13.109563895974539,0.0,0.0,60000.00000000002,9.0,0.012719320060610557,0.003307023215758745,0.0,0.3466929767842412,1.0,0.9503952956564441,0.9902734611301213,0.9621062989866619,0.0905836147670201,0.0905836147670201,0.0905836147670201,0.0,0.0,0.0,0.0,0.0,0.0,0.0905836147670201,0.0,4.504479366244557,19.888497117445194,584.3422168716824,5.196930947511983,19.797913502678174,0.0,0.0,0.0,0.0,-920.8281791206458,0.0,0.0,0.0,0.0
closure_hypothesis,recirculating,49.55723061524898,49.55723061524898,19978.065687610928,90000.0,0.0,0.0,0.0,0.0,14.59698044985244,0.0,0.0,66666.6666666667,10.0,0.014027683335675578,0.0036471976672756506,0.0,0.3463528023327243,1.0,0.9454344389780498,0.9892729480374245,0.9582788225841851,0.0999014300526681,0.0999014300526681,0.0999014300526681,0.0,0.0,0.0,0.0,0.0,0.0,0.0999014300526681,0.0,4.504940638763243,21.93431238907165,583.5678353688743,5.217688090525186,21.83441095901898,0.0,0.0,0.0,0.0,-922.3155956745237,0.0,0.0,0.0,0.0
closure_hypothesis,recirculating,54.11393811752928,54.11393811752928,19976.048862930053,90000.0,0.0,0.0,0.0,0.0,16.090328867200093,0.0,0.0,73333.33333333337,11.0,0.015317506215237713,0.003982551615961806,0.0,0.3460174483840382,1.0,0.9405692284077455,0.98828661289423,0.9545182911068247,0.10908720557236491,0.10908720557236491,0.10908720557236491,0.0,0.0,0.0,0.0,0.0,0.0010550200594100162,0.10791496106190934,0.00011722445104555734,4.5053954672194845,23.951137069946533,582.8044273774796,5.2382443024765735,23.842049864374168,0.0010550200594100162,0.01758190929006792,0.0,0.0,-923.7913621825813,0.0,0.0,0.0,-1.3877787807814457e-17
closure_hypothesis,recirculating,58.607152643097955,58.607152643097955,19974.060140602123,90000.0,0.0,0.0,0.0,0.0,17.589552368283805,0.0,0.0,80000.00000000004,12.0,0.016589356755339135,0.004313232756388175,0.0,0.3456867672436118,1.0,0.935796325615338,0.9873140213047407,0.9508224753023079,0.11814498687016829,0.11814498687016829,0.11814498687016829,0.0,0.0,0.0,0.0,0.0,0.009222572325362891,0.10789768428643175,0.0010247302583736542,4.505844048053763,25.93985939787685,582.0516566819385,5.2586051864311285,25.821714411006685,0.009222572325362891,0.15369416780217257,0.0,0.0,-925.1544734251529,0.0,0.0,0.0,0.0
closure_hypothesis,recirculating,63.0387861725406,63.0387861725406,19972.098674373643,90000.0,0.0,0.0,0.0,0.0,19.09459574200646,0.0,0.0,86666.66666666672,13.0,0.01784377616173056,0.004639381802049946,0.0,0.34536061819795005,1.0,0.9311125619652036,0.9863547594057355,0.9471892561390766,0.12707862826950111,0.12707862826950111,0.12707862826950111,0.0,0.0,0.0,0.0,0.0,0.017278184519269768,0.1078806454703125,0.0019197982799188627,4.506286568445594,27.90132562635429,581.3092029585833,5.278776092099007,27.774246998084788,0.017278184519269768,0.28794094501363066,0.0,0.0,-926.5252700216641,0.0,-3.637978807091713e-12,0.0,-2.7755575615628914e-17
closure_hypothesis,recirculating,67.41066186240297,67.41066186240297,19970.163657305155,90000.0,0.0,0.0,0.0,0.0,20.605405275610643,0.0,0.0,93333.33333333339,14.0,0.019081280497605557,0.004961132929377445,0.0,0.34503886707062253,1.0,0.9265149272084751,0.9854084325606546,0.9436166175947881,0.1358918050351809,0.1358918050351809,0.1358918050351809,0.0,0.0,0.0,0.0,0.0,0.025225170731191786,0.10786383755607891,0.002802796747910198,4.506723206901596,29.83634269484485,580.5767607648822,5.298762131536689,29.700450889809666,0.025225170731191786,0.4203774702353111,0.0,0.0,-927.9036430300466,0.0,0.0,0.0,0.0
closure_hypothesis,recirculating,71.72451959856481,71.72451959856481,19968.254319313255,90000.0,0.0,0.0,0.0,0.0,22.121928688700365,0.0,0.0,100000.00000000006,15.0,0.020302362255540034,0.005278614186440409,0.0,0.34472138581355954,1.0,0.9220005591040887,0.9844746641575282,0.9401026400295435,0.14458802456835482,0.14458802456835482,0.14458802456835482,0.0,0.0,0.0,0.0,0.0,0.03306669368351334,0.10784725380889555,0.0036740770759459257,4.507154133796873,31.745680686743686,579.8540386090544,5.318568193620721,31.601092662175333,0.03306669368351334,0.5510564502357498,0.0,0.0,-929.2894874631359,0.0,0.0,0.0,2.7755575615628914e-17
closure_hypothesis,recirculating,75.982021115438,75.982021115438,19966.369924904837,90000.0,0.0,0.0,0.0,0.0,23.644115071246844,0.0,0.0,106666.66666666673,16.0,0.021507491806533923,0.00559194786969882,0.0,0.3444080521303012,1.0,0.9175667338783348,0.9835530945008859,0.936645494087502,0.15317063672618914,0.15317063672618914,0.15317063672618914,0.0,0.0,0.0,0.0,0.0,0.04080577403652358,0.1078308877967185,0.004533974892947063,4.507579511874087,33.630075095161416,579.140758092425,5.3381989574092765,33.47690445843523,0.04080577403652358,0.6800282243186654,0.0,0.0,-930.6827020715995,0.0,0.0,0.0,-2.7755575615628914e-17
closure_hypothesis,recirculating,80.18475472154252,80.18475472154252,19964.50977108551,90000.0,0.0,0.0,0.0,0.0,25.171914825274584,0.0,0.0,113333.3333333334,17.0,0.022697118737633974,0.005901250871784833,0.0,0.34409874912821514,1.0,0.9132108574426713,0.9826433797888682,0.9332434350768156,0.16164284334806311,0.16164284334806311,0.16164284334806311,0.0,0.0,0.0,0.0,0.0,0.04844529897847814,0.1078147333719763,0.005382810997608681,4.507999496704222,35.49022891449087,578.4366531177262,5.35765890449414,35.32858607114281,0.04844529897847814,0.8073409074763381,0.0,0.0,-932.0831891424696,0.0,3.637978807091713e-12,0.0,0.0
closure_hypothesis,recirculating,84.33423966762544,84.33423966762544,19962.67318542624,90000.0,0.0,0.0,0.0,0.0,26.705279609952033,0.0,0.0,120000.00000000007,18.0,0.023871673088374738,0.006206635002977432,0.0,0.34379336499702257,1.0,0.9089304572984085,0.9817451911677135,0.9298947977833045,0.17000770706117277,0.17000770706117277,0.17000770706117277,0.0,0.0,0.0,0.0,0.0,0.05598803016588243,0.10779878465463673,0.006220892240653602,4.50841423711252,37.32681457376148,577.7414691572843,5.376952330434653,37.15680686670031,0.05598803016588243,0.9330405227144306,0.0,0.0,-933.4908543119088,0.0,0.0,0.0,0.0
closure_hypothesis,recirculating,88.43193018964021,88.43193018964021,19960.859524273917,90000.0,0.0,0.0,0.0,0.0,28.2441622898358,0.0,0.0,126666.66666666674,19.0,0.02503156649518539,0.006508207288748202,0.0,0.3434917927112518,1.0,0.9047231750646118,0.980858213856623,0.9265979916780527,0.1782681594306919,0.1782681594306919,0.1782681594306919,0.0,0.0,0.0,0.0,0.0,0.06343661107274133,0.10778303601653487,0.007048512341415701,4.508823875572752,39.14047572608491,577.0549625756786,5.396083355355744,38.962207566654214,0.06343661107274133,1.0571711235272343,0.0,0.0,-934.9056063909799,0.0,3.637978807091713e-12,0.0,0.0
closure_hypothesis,recirculating,92.47921925551722,92.47921925551722,19959.068171093008,90000.0,0.0,0.0,0.0,0.0,29.78851688603981,0.0,0.0,133333.3333333334,20.0,0.02617719325195164,0.006806070245507427,0.0,0.34319392975449253,1.0,0.9005867595723673,0.9799821463367429,0.9233514964833806,0.18642700851281205,0.18642700851281205,0.18642700851281205,0.0,0.0,0.0,0.0,0.0,0.07079357380136607,0.10776748206684975,0.007865952644596228,4.509228548572635,40.931828906997,576.3769000020269,5.415055933783279,40.74540189848418,0.07079357380136607,1.1797749073997654,0.0,0.0,-936.3273572033113,0.0,3.637978807091713e-12,0.0,2.7755575615628914e-17
closure_hypothesis,recirculating,96.47744204167401,96.47744204167401,19957.29853492682,90000.0,0.0,0.0,0.0,0.0,31.338298530120387,0.0,0.0,140000.00000000006,21.0,0.02730893129407767,0.007100322136460195,0.0,0.3428996778635398,1.0,0.8965190604745321,0.9791166995986466,0.9201538580652963,0.1944869458629698,0.1944869458629698,0.1944869458629698,0.0,0.0,0.0,0.0,0.0,0.07806134540190704,0.10775211763862863,0.008673482822434114,4.509628386952924,42.70146507318103,575.7070577475481,5.433873863782885,42.506978127318064,0.07806134540190704,1.3008923211227807,0.0,0.0,-937.7560214336689,0.0,0.0,0.0,2.7755575615628914e-17
closure_hypothesis,recirculating,100.42787916257824,100.42787916257824,19955.55004896811,90000.0,0.0,0.0,0.0,0.0,32.89346342048653,0.0,0.0,146666.66666666672,22.0,0.028427143112647105,0.007391057209288248,0.0,0.34260894279071175,1.0,0.8925180223253566,0.9782615964432699,0.9170036846238513,0.2024505530462582,0.2024505530462582,0.2024505530462582,0.0,0.0,0.0,0.0,0.0,0.08524225374298963,0.10773693777626972,0.009471361526998845,4.510023516222438,44.44995103189067,575.0452212644974,5.4525407954614336,44.247500478844415,0.08524225374298963,1.4205621586269221,0.0,0.0,-939.1915164865309,0.0,0.0,0.0,0.0
closure_hypothesis,recirculating,104.33175967434502,104.33175967434502,19953.822169229643,90000.0,0.0,0.0,0.0,0.0,34.45396878116061,0.0,0.0,153333.33333333337,23.0,0.029532176604622117,0.007678365917201751,0.0,0.34232163408279825,1.0,0.8885816790890219,0.9774165708317596,0.9138996431556968,0.21032030769231863,0.21032030769231863,0.21032030769231863,0.0,0.0,0.0,0.0,0.0,0.09233853297159479,0.10772193772387996,0.010259836996843864,4.510414056851076,46.177830770359215,574.3911846429586,5.471060238884647,45.967510462666894,0.09233853297159479,1.5388216519716271,0.0,0.0,-940.6337623538602,0.0,3.637978807091713e-12,0.0,2.7755575615628914e-17
closure_hypothesis,recirculating,108.19026387128304,108.19026387128304,19952.114373306435,90000.0,0.0,0.0,0.0,0.0,36.0197728227292,0.0,0.0,160000.00000000003,24.0,0.030624365864434528,0.007962335124752978,0.0,0.342037664875247,1.0,0.8847081490402469,0.9765813672801383,0.9108404561656948,0.21809858913284202,0.21809858913284202,0.21809858913284202,0.0,0.0,0.0,0.0,0.0,0.09935232859656491,0.10770711291443658,0.011039147621840542,4.510800124542657,47.88562669356684,573.7447501423245,5.4894355714591025,47.667528104434,0.09935232859656491,1.655706556061754,0.0,0.0,-942.0826814913387,0.0,0.0,0.0,0.0
closure_hypothesis,recirculating,112.00452589246767,112.00452589246767,19950.426159222076,90000.0,0.0,0.0,0.0,0.0,37.59083470533705,0.0,0.0,166666.6666666667,25.0,0.03170403192180312,0.008243048299668812,0.0,0.34175695170033116,1.0,0.8808956300237742,0.9757557402950917,0.9078248986067271,0.2257876836561077,0.2257876836561077,0.2257876836561077,0.0,0.0,0.0,0.0,0.0,0.10628570222678066,0.10769245895968475,0.011809522469642291,4.511181830489247,49.57384077792474,573.1057277546053,5.507670044822176,49.34805309426863,0.10628570222678066,1.7712512276092995,0.0,0.0,-943.5381987023991,0.0,0.0,0.0,2.7755575615628914e-17
closure_hypothesis,recirculating,115.77563615378497,115.77563615378497,19948.75704435229,90000.0,0.0,0.0,0.0,0.0,39.167114503588984,0.0,0.0,173333.33333333334,26.0,0.03277148343014867,0.008520585691838655,0.0,0.3414794143081613,1.0,0.8771423950427787,0.9749394538475333,0.904851795028851,0.23338978940969204,0.23338978940969204,0.23338978940969204,0.0,0.0,0.0,0.0,0.0,0.1131406359920818,0.10767797164071224,0.012571181776897974,4.511559281608474,51.24295564771157,572.4739347969755,5.525766791279422,51.009565858301876,0.1131406359920818,1.885488698808043,0.0,0.0,-945.0002410294522,0.0,0.0,0.0,2.7755575615628914e-17
closure_hypothesis,recirculating,119.5046436194341,119.5046436194341,19947.106564419548,90000.0,0.0,0.0,0.0,0.0,40.74857317323522,0.0,0.0,180000.0,27.0,0.03382701730956606,0.008795024500487176,0.0,0.3412049754995128,1.0,0.8734467881491317,0.9741322808809201,0.9019200169207624,0.2409070209795448,0.2409070209795448,0.2409070209795448,0.0,0.0,0.0,0.0,0.0,0.11991903667235877,0.10766364689914618,0.01332433740803986,4.511932580765202,52.89343558045341,571.849195531218,5.54372882982513,52.65252855947387,0.11991903667235877,1.9984507461448588,0.0,0.0,-946.4687376517617,0.0,0.0,0.0,-2.7755575615628914e-17
closure_hypothesis,recirculating,123.19255792557452,123.19255792557452,19945.474272553143,90000.0,0.0,0.0,0.0,0.0,42.33517251952566,0.0,0.0,186666.66666666666,28.0,0.03487091934794444,0.009066439030465554,0.0,0.3409335609695344,1.0,0.8698072206110198,0.9733340028515719,0.8990284802281173,0.24834141367100715,0.24834141367100715,0.24834141367100715,0.0,0.0,0.0,0.0,0.0,0.12662273955787542,0.10764948082892332,0.014069193284208378,4.51230182697879,54.5257274468621,571.2313408079389,5.561559071778585,54.27738603319109,0.12662273955787542,2.110167954731994,0.0,0.0,-947.943619789465,0.0,3.637978807091713e-12,0.0,2.7755575615628914e-17
closure_hypothesis,recirculating,126.84035136764074,126.84035136764074,19943.85973840957,90000.0,0.0,0.0,0.0,0.0,43.926875167127086,0.0,0.0,193333.3333333333,29.0,0.035903464763497046,0.009334900838509233,0.0,0.34066509916149074,1.0,0.8662221673357132,0.9725444092985023,0.8961761430347123,0.25569492751499956,0.25569492751499956,0.25569492751499956,0.0,0.0,0.0,0.0,0.0,0.13325351206176983,0.10763546966858868,0.014805945784641089,4.512667115617064,56.140261590432004,570.6202077336222,5.5792603260655325,55.884566662917,0.13325351206176983,2.2206697785093943,0.0,0.0,-949.4248206132891,0.0,3.637978807091713e-12,0.0,0.0
closure_hypothesis,recirculating,130.44896076180547,130.44896076180547,19942.26254734867,90000.0,0.0,0.0,0.0,0.0,45.52364453150574,0.0,0.0,199999.99999999997,30.0,0.036924918731667554,0.009600478870233565,0.0,0.3403995211297664,1.0,0.8626901635273279,0.9717632974404895,0.8933620033937913,0.2629694510205084,0.2629694510205084,0.2629694510205084,0.0,0.0,0.0,0.0,0.0,0.13981305710378328,0.10762160979408252,0.015534784122642583,4.513028538578013,57.73745265133427,570.0156393587708,5.596835304171779,57.47448320031376,0.13981305710378328,2.329984596634548,0.0,0.0,-950.9122751595426,0.0,3.637978807091713e-12,0.0,0.0
closure_hypothesis,recirculating,134.0192891901358,134.0192891901358,19940.682299661174,90000.0,0.0,0.0,0.0,0.0,47.12544479168495,0.0,0.0,206666.66666666663,31.0,0.037935536879114384,0.009863239588569741,0.0,0.34013676041143026,1.0,0.8592098015612659,0.9709904717983243,0.8905850972979171,0.2701668046926109,0.2701668046926109,0.2701668046926109,0.0,0.0,0.0,0.0,0.0,0.14630301628257014,0.10760789771197744,0.016255890698063345,4.513386184460161,59.31770033883284,569.4174843855307,5.6142866247933725,59.04753353414023,0.14630301628257014,2.4381397663490314,0.0,0.0,-952.4059202500073,0.0,7.275957614183426e-12,0.0,0.0
closure_hypothesis,recirculating,137.55220763814725,137.55220763814725,19939.118609843932,90000.0,0.0,0.0,0.0,0.0,48.732240864293985,0.0,0.0,213333.33333333328,32.0,0.03893556574723724,0.010123247094281683,0.0,0.3398767529057183,1.0,0.8557797280586633,0.970225743840348,0.8878444967768452,0.27728874433358824,0.27728874433358824,0.27728874433358824,0.0,0.0,0.0,0.0,0.0,0.15272497285240946,0.10759433005313332,0.016969441428045493,4.513740138722433,60.88139015607523,568.825596893343,5.631616818205861,60.60410141174164,0.15272497285240946,2.5451616725854036,0.0,0.0,-953.9056944163799,0.0,7.275957614183426e-12,0.0,-5.551115123125783e-17
closure_hypothesis,recirculating,141.04855653270317,141.04855653270317,19937.571105919233,90000.0,0.0,0.0,0.0,0.0,50.34399837883083,0.0,0.0,219999.99999999994,33.0,0.039925243227495355,0.010380563239148793,0.0,0.33961943676085116,1.0,0.8523986411456571,0.9694689316495623,0.8851393081138097,0.28433696414314563,0.28433696414314563,0.28433696414314563,0.0,0.0,0.0,0.0,0.0,0.15908045451876665,0.10758090356673827,0.017675606057640736,4.514090483834314,62.428894080775514,568.2398360812936,5.64882833037295,62.14455711663237,0.15908045451876665,2.6510757745552462,0.0,0.0,-955.4115378289468,0.0,7.275957614183426e-12,0.0,-5.551115123125783e-17
closure_hypothesis,recirculating,144.50914718752605,144.50914718752605,19936.039428795,90000.0,0.0,0.0,0.0,0.0,51.96068365406682,0.0,0.0,226666.6666666666,34.0,0.04090479897057428,0.010635247732349314,0.0,0.33936475226765067,1.0,0.8490652878836124,0.9687198596107374,0.882468670171424,0.29131309963239,0.29131309963239,0.29131309963239,0.0,0.0,0.0,0.0,0.0,0.16537093606591394,0.10756761511470786,0.01837454845176821,4.5144372994169935,63.96057120500591,567.6600660259377,5.665923526813393,63.66925810537352,0.16537093606591394,2.7559066495384554,0.0,0.0,-956.9233922291996,0.0,7.275957614183426e-12,0.0,-5.551115123125783e-17
closure_hypothesis,recirculating,147.93476316297082,147.93476316297082,19934.52323166297,90000.0,0.0,0.0,0.0,0.0,53.58226367552647,0.0,0.0,233333.33333333326,35.0,0.041874454771283695,0.010887358240533761,0.0,0.3391126417594662,1.0,0.8457784618576528,0.9679783581160771,0.8798317528191784,0.2982187303649696,0.2982187303649696,0.2982187303649696,0.0,0.0,0.0,0.0,0.0,0.17159784182869783,0.10755446166641644,0.01906642686985531,4.514780662376145,65.47676833704016,567.0861554534916,5.682904696243206,65.17854960667519,0.17159784182869783,2.8596780340752495,0.0,0.0,-958.4412008661225,0.0,1.0913936421275139e-11,0.0,0.0
closure_hypothesis,recirculating,151.3261615461548,151.3261615461548,19933.02217943206,90000.0,0.0,0.0,0.0,0.0,55.20870607398029,0.0,0.0,239999.9999999999,36.0,0.042834424930911386,0.01113695048203696,0.0,0.33886304951796303,1.0,0.8425370009119179,0.9672442632881266,0.877227755455192,0.3050553825376625,0.3050553825376625,0.3050553825376625,0.0,0.0,0.0,0.0,0.0,0.1777625480195327,0.10754144029373729,0.019751394224392517,4.515120647026959,66.9778205679463,566.5179775253648,5.6997740540089366,66.67276518540864,0.1777625480195327,2.9624128627455124,0.0,0.0,-959.9649084359061,0.0,7.275957614183426e-12,0.0,0.0
closure_hypothesis,recirculating,154.68407415703524,154.68407415703524,19931.535948194607,90000.0,0.0,0.0,0.0,0.0,56.839979104893075,0.0,0.0,246666.66666666657,37.0,0.043784916598615845,0.01138407831564012,0.0,0.33861592168435983,1.0,0.8393397850209473,0.9665174167187055,0.8746559056154805,0.3118245314116842,0.3118245314116842,0.3118245314116842,0.0,0.0,0.0,0.0,0.0,0.1838663849207825,0.10752854816637028,0.020429598324531385,4.5154573252119174,68.46405180540353,565.955409636101,5.716533745326495,68.15222727399184,0.1838663849207825,3.06413330470484,0.0,0.0,-961.4944610248596,0.0,1.0913936421275139e-11,0.0,0.0
closure_hypothesis,recirculating,158.00920868556932,158.00920868556932,19930.064224722995,90000.0,0.0,0.0,0.0,0.0,58.47605162877364,0.0,0.0,253333.33333333323,38.0,0.0447261300933111,0.011628793824260885,0.0,0.33837120617573907,1.0,0.8361857342874802,0.965797665222762,0.8721154576645742,0.31852760360506543,0.31852760360506543,0.31852760360506543,0.0,0.0,0.0,0.0,0.0,0.18991063895186672,0.10751578254743577,0.021101182105762964,4.515790766411888,69.93577527701561,565.398333222863,5.7331858483387395,69.61724767341055,0.18991063895186672,3.1648607981328585,0.0,0.0,-963.0298060553121,0.0,1.0913936421275139e-11,0.0,0.0
closure_hypothesis,recirculating,161.3022497646776,161.3022497646776,19928.6067059948,90000.0,0.0,0.0,0.0,0.0,60.11689309237599,0.0,0.0,259999.99999999988,39.0,0.04565825920738004,0.011871147393918811,0.0,0.33812885260608116,1.0,0.8330738070577538,0.9650848606061211,0.8696056915618072,0.3251659792556183,0.3251659792556183,0.3251659792556183,0.0,0.0,0.0,0.0,0.0,0.19589655461967012,0.10750314078931814,0.02176628384663001,4.516121037850918,71.39329400521066,564.8466335856747,5.7497323770041415,71.06812802595505,0.19589655461967012,3.2646160827368025,0.0,0.0,-964.5708922343105,0.0,1.0913936421275139e-11,0.0,5.551115123125783e-17
closure_hypothesis,recirculating,164.56385998335625,164.56385998335625,19927.16309874436,90000.0,0.0,0.0,0.0,0.0,61.762473510705156,0.0,0.0,266666.66666666657,40.0,0.04658149149344627,0.012111187788296032,0.0,0.33788881221170397,1.0,0.8300029981461129,0.9643788594461882,0.8671259116980742,0.3317409940632482,0.3317409940632482,0.3317409940632482,0.0,0.0,0.0,0.0,0.0,0.20182533636015665,0.10749062032974077,0.022425037373350734,4.516448204595216,72.83690125565036,564.3001997176883,5.766175283827705,72.50516026158711,0.20182533636015665,3.3634192304420103,0.0,0.0,-966.1176695049344,0.0,1.0913936421275139e-11,0.0,5.551115123125783e-17
closure_hypothesis,recirculating,167.79468084394082,167.79468084394082,19925.733119039087,90000.0,0.0,0.0,0.0,0.0,63.41276344978408,0.0,0.0,273333.33333333326,41.0,0.047496008535337426,0.012348962219187732,0.0,0.33765103778081224,1.0,0.8269723371614045,0.9636795228847419,0.8646754457982531,0.3382539412196834,0.3382539412196834,0.3382539412196834,0.0,0.0,0.0,0.0,0.0,0.20769815027846297,0.1074782186880579,0.023077572253162548,4.51677232964667,74.26688096092037,563.7589241448103,5.782516462444574,73.9286270197007,0.20769815027846297,3.4612896743905854,0.0,0.0,-967.6700890000648,0.0,7.275957614183426e-12,0.0,-5.551115123125783e-17
closure_hypothesis,recirculating,170.99533366721406,170.99533366721406,19924.31649187887,90000.0,0.0,0.0,0.0,0.0,65.06773401014061,0.0,0.0,279999.99999999994,42.0,0.04840198620428525,0.012584516413114165,0.0,0.33741548358688583,1.0,0.8239808869282239,0.9629867164320172,0.8622536438848766,0.34470607323306346,0.34470607323306346,0.34470607323306346,0.0,0.0,0.0,0.0,0.0,0.21351612579418383,0.10746593346174808,0.02372401397713153,4.517093474031287,75.68350812113616,563.2227027740632,5.798757750065911,75.33880204790309,0.21351612579418383,3.5582462363600733,0.0,0.0,-969.2281029984518,0.0,7.275957614183426e-12,0.0,0.0
closure_hypothesis,recirculating,174.16642044876534,174.16642044876534,19922.912950817034,90000.0,0.0,0.0,0.0,0.0,66.72735681097652,0.0,0.0,286666.6666666666,43.0,0.04929959490132693,0.012817894674345003,0.0,0.33718210532565496,1.0,0.8210277419966306,0.9623003097813382,0.8598598772989735,0.35109860365425705,0.35109860365425705,0.35109860365425705,0.0,0.0,0.0,0.0,0.0,0.21928035719804376,0.10745376232309733,0.024364484133115965,4.517411696882866,77.08704918297263,562.6914347501161,5.814900929795912,76.73595057931838,0.21928035719804376,3.654307152705399,0.0,0.0,-970.7916648829424,0.0,7.275957614183426e-12,0.0,0.0
closure_hypothesis,recirculating,177.30852466975116,177.30852466975116,19921.522237601497,90000.0,0.0,0.0,0.0,0.0,68.39160397498287,0.0,0.0,293333.3333333333,44.0,0.050188999786799214,0.013049139944567797,0.0,0.3369508600554322,1.0,0.8181120272344446,0.9616201766336241,0.8574935377743338,0.35743270871125793,0.35743270871125793,0.35743270871125793,0.0,0.0,0.0,0.0,0.0,0.22499190512567982,0.10744170301605814,0.024999100569519976,4.517727055522228,78.47776239851129,562.1650223194532,5.830947732828102,78.12032968980003,0.22499190512567982,3.749490098919454,0.0,0.0,-972.3607291007347,0.0,7.275957614183426e-12,0.0,0.0
closure_hypothesis,recirculating,180.42221206496922,180.42221206496922,19920.144101834812,90000.0,0.0,0.0,0.0,0.0,70.0604481137681,0.0,0.0,300000.0,45.0,0.0510703609977496,0.013278293859414897,0.0,0.33672170614058505,1.0,0.8152328964966878,0.9609461945311326,0.8551540365617013,0.3637095288575301,0.3637095288575301,0.3637095288575301,0.0,0.0,0.0,0.0,0.0,0.23065179795383,0.10742975335327457,0.025627977550425552,4.518039605532284,79.85589816519419,561.6433707016954,5.8468998405286,79.49218863633666,0.23065179795383,3.843812212900577,0.0,0.0,-973.9352511255388,0.0,7.275957614183426e-12,0.0,-5.551115123125783e-17
closure_hypothesis,recirculating,183.50803135094174,183.50803135094174,19918.778300651928,90000.0,0.0,0.0,0.0,0.0,71.73386231386768,0.0,0.0,306666.6666666667,46.0,0.05194383385402788,0.01350539680204725,0.0,0.3364946031979527,1.0,0.8123895313671485,0.960278244699861,0.8528408035997073,0.3699301702397364,0.3699301702397364,0.3699301702397364,0.0,0.0,0.0,0.0,0.0,0.23626103312382693,0.10741791121326207,0.02625122590264743,4.518349400829185,81.22169934807782,561.12638796762,5.862758886413249,80.85176917783808,0.23626103312382693,3.9372901170085757,0.0,0.0,-975.5151874215304,0.0,3.637978807091713e-12,0.0,-5.551115123125783e-17
closure_hypothesis,recirculating,186.5665149165068,186.5665149165068,19917.424598414513,90000.0,0.0,0.0,0.0,0.0,73.41182012330555,0.0,0.0,313333.3333333334,47.0,0.052809569053765076,0.01373048795397892,0.0,0.33626951204602107,1.0,0.809581139967426,0.9596162119000621,0.8505532867295487,0.3760957060898877,0.3760957060898877,0.3760957060898877,0.0,0.0,0.0,0.0,0.0,0.24182057839693968,0.10740617453773249,0.02686895315521551,4.51865649372983,82.57540158549266,560.6139849234629,5.878526458025264,82.19930587940277,0.24182057839693968,4.029939938985,0.0,0.0,-977.1004954089918,0.0,3.637978807091713e-12,0.0,-5.551115123125783e-17
closure_hypothesis,recirculating,189.59817947823382,189.59817947823382,19916.08276642087,90000.0,0.0,0.0,0.0,0.0,75.09429553868029,0.0,0.0,320000.00000000006,48.0,0.05366771285889551,0.013953605343312832,0.0,0.3360463946566871,1.0,0.8068069558291555,0.9589599842843739,0.8482909509506752,0.38220717804658194,0.38220717804658194,0.38220717804658194,0.0,0.0,0.0,0.0,0.0,0.24733137304577354,0.10739454132905578,0.027481263671752607,4.518960935015935,83.91723357913389,560.106075001114,5.894204098719344,83.53502640108731,0.24733137304577354,4.121777331807816,0.0,0.0,-978.6911334315438,0.0,3.637978807091713e-12,0.0,0.0
closure_hypothesis,recirculating,192.60352670281281,192.60352670281281,19914.752582630466,90000.0,0.0,0.0,0.0,0.0,76.78126299274929,0.0,0.0,326666.66666666674,49.0,0.05451840727133052,0.014174785890545936,0.0,0.33582521410945404,1.0,0.8040662368254314,0.9583094532631001,0.8460532777149246,0.38826559740966626,0.38826559740966626,0.38826559740966626,0.0,0.0,0.0,0.0,0.0,0.2527943289856355,0.1073830096478491,0.02808825877618171,4.519262773994867,85.24741736953443,559.6025741538442,5.909793309357921,84.85915177212476,0.2527943289856355,4.212817492545615,0.0,0.0,-980.287060724875,0.0,0.0,0.0,0.0
closure_hypothesis,recirculating,195.58304379841525,195.58304379841525,19913.4338314022,90000.0,0.0,0.0,0.0,0.0,78.4726973424872,0.0,0.0,333333.33333333343,50.0,0.0553617902003492,0.014394065452090791,0.0,0.3356059345479092,1.0,0.8013582641577383,0.9576645133762036,0.8438397642567333,0.3942719463323493,0.3942719463323493,0.3942719463323493,0.0,0.0,0.0,0.0,0.0,0.2582103318494964,0.10737157761068668,0.028690036872166258,4.519562058557465,86.5661685978045,559.1034007572324,5.925295549924783,86.17189665147215,0.2582103318494964,4.303075180271857,0.0,0.0,-981.8882373868867,0.0,3.637978807091713e-12,0.0,0.0
closure_hypothesis,recirculating,198.5372040768823,198.5372040768823,19912.126303245546,90000.0,0.0,0.0,0.0,0.0,80.16857385759515,0.0,0.0,340000.0000000001,51.0,0.056197995621731556,0.014611478861650205,0.0,0.33538852113834977,1.0,0.7986823413949622,0.957025062171617,0.8416499229572335,0.40022717895450544,0.40022717895450544,0.40022717895450544,0.0,0.0,0.0,0.0,0.0,0.26358024200992475,0.10736024338792238,0.0292866935566583,4.51985883523301,87.8736967544595,558.6084755149795,5.9407122410609,87.47346957550499,0.26358024200992475,4.392564733095396,0.0,0.0,-983.4946243491711,0.0,7.275957614183426e-12,0.0,0.0
closure_hypothesis,recirculating,201.46646748846825,201.46646748846825,19910.829794583904,90000.0,0.0,0.0,0.0,0.0,81.86886820943968,0.0,0.0,346666.6666666668,52.0,0.05702715372912315,0.014827059969572018,0.0,0.33517294003042797,1.0,0.7960377935613026,0.9563910000894941,0.8394832807401876,0.40613222248065334,0.40613222248065334,0.40613222248065334,0.0,0.0,0.0,0.0,0.0,0.2689048955511311,0.10734900520161882,0.02987832172790345,4.520153149241504,89.17020541610037,558.1177213693194,5.9560447655269675,88.76407319361972,0.2689048955511311,4.4813000843596,0.0,0.0,-985.1061833497514,0.0,3.637978807091713e-12,0.0,-5.551115123125783e-17
closure_hypothesis,recirculating,204.37128113074695,204.37128113074695,19909.544107529346,90000.0,0.0,0.0,0.0,0.0,83.57355646040038,0.0,0.0,353333.3333333335,53.0,0.05784939107808626,0.015040841680302428,0.0,0.3349591583196975,1.0,0.7934239662701265,0.9557622303520517,0.8373393784978523,0.41198797820585015,0.41198797820585015,0.41198797820585015,0.0,0.0,0.0,0.0,0.0,0.27418510519404615,0.10733786132357662,0.030465011688227343,4.520445044543436,90.45589247065851,557.6310634157602,5.971294469596982,90.04390449245267,0.27418510519404615,4.5692947780587785,0.0,0.0,-986.722876907013,0.0,3.637978807091713e-12,0.0,5.551115123125783e-17
closure_hypothesis,recirculating,207.25207973317995,207.25207973317995,19908.26904966813,90000.0,0.0,0.0,0.0,0.0,85.2826150536075,0.0,0.0,360000.0000000002,54.0,0.05866483072326192,0.015252855988048099,0.0,0.3347471440119519,1.0,0.7908402249010168,0.9551386588586821,0.8352177705450161,0.41779532249252277,0.41779532249252277,0.41779532249252277,0.0,0.0,0.0,0.0,0.0,0.27942166117715866,0.10732681007345761,0.03104685124190651,4.520734563887174,91.73095033186844,557.1484288219016,5.986462664386656,91.31315500937592,0.27942166117715866,4.656561983517349,0.0,0.0,-988.3446682947615,0.0,0.0,0.0,-5.551115123125783e-17
closure_hypothesis,recirculating,210.10928611874402,210.10928611874402,19907.00443385641,90000.0,0.0,0.0,0.0,0.0,86.9960208030512,0.0,0.0,366666.66666666686,55.0,0.05947359234903828,0.015463134010749955,0.0,0.33453686598925003,1.0,0.7882859538174528,0.9545201940860296,0.8331180240995483,0.42355510770105365,0.42355510770105365,0.42355510770105365,0.0,0.0,0.0,0.0,0.0,0.2846153320956506,0.10731584981699746,0.031623925788405616,4.521021748854109,92.99556614358671,556.6697467500961,6.001550627120457,92.57201103588567,0.2846153320956506,4.743114509374017,0.0,0.0,-989.9715215183485,0.0,-3.637978807091713e-12,0.0,-5.551115123125783e-17
closure_hypothesis,recirculating,212.943311643921,212.943311643921,19905.750078025467,90000.0,0.0,0.0,0.0,0.0,88.71375088404547,0.0,0.0,373333.33333333355,56.0,0.0602757923940943,0.01567170602246452,0.0,0.33432829397753544,1.0,0.7857605556227416,0.9539067469927514,0.8310397187879335,0.4292681630767474,0.4292681630767474,0.4292681630767474,0.0,0.0,0.0,0.0,0.0,0.2897668657012012,0.1073049789643016,0.032196318411244575,4.521306639901684,94.24992197453395,556.1949482837357,6.0165596023406325,93.8206538114572,0.2897668657012012,4.828964816910518,0.0,0.0,-991.6034012918062,0.0,0.0,0.0,0.0
closure_hypothesis,recirculating,215.75455661826908,215.75455661826908,19904.505804996003,90000.0,0.0,0.0,0.0,0.0,90.43578282403043,0.0,0.0,380000.00000000023,57.0,0.06107154417016368,0.01587860148424256,0.0,0.3341213985157574,1.0,0.7832634504519745,0.9532982309286983,0.8289824461743556,0.43493529559563626,0.43493529559563626,0.43493529559563626,0.0,0.0,0.0,0.0,0.0,0.29487698966467407,0.10729419596822061,0.03276410996274155,4.521589276404447,95.4941950039995,555.7239663569583,6.031490803061439,95.05925970840386,0.29487698966467407,4.914125032761794,0.0,0.0,-993.2402730159399,0.0,3.637978807091713e-12,0.0,5.551115123125783e-17
closure_hypothesis,recirculating,218.54341070471193,218.54341070471193,19903.27144230099,90000.0,0.0,0.0,0.0,0.0,92.16209449369786,0.0,0.0,386666.6666666669,58.0,0.06186095797534083,0.016083849073588615,0.0,0.33391615092641136,1.0,0.7807940752979389,0.9526945615482688,0.8269458093119851,0.44055729077141464,0.44055729077141464,0.44055729077141464,0.0,0.0,0.0,0.0,0.0,0.299946412303753,0.10728349932280017,0.03332737914486144,4.5218696966932,96.72855769901163,555.2567356875861,6.046345411871639,96.28800040824022,0.299946412303753,4.998606961042044,0.0,0.0,-994.8821027573272,0.0,0.0,0.0,0.0
closure_hypothesis,recirculating,221.3102533016108,221.3102533016108,19902.046822016557,90000.0,0.0,0.0,0.0,0.0,93.89266409842551,0.0,0.0,393333.3333333336,59.0,0.06264414120223029,0.016287476712579876,0.0,0.3337125232874201,1.0,0.7783518833690467,0.9520956567277064,0.8249294223152346,0.44613491342565115,0.44613491342565115,0.44613491342565115,0.0,0.0,0.0,0.0,0.0,0.30497582327746453,0.10727288756180169,0.03388620258638494,4.522147938092371,97.95317798344487,554.7931927131146,6.061124581987966,97.50704307001922,0.30497582327746453,5.082422094918946,0.0,0.0,-996.5288572281779,0.0,0.0,0.0,0.0
closure_hypothesis,recirculating,224.05545390761446,224.05545390761446,19900.8317806005,90000.0,0.0,0.0,0.0,0.0,95.62747017000643,0.0,0.0,400000.0000000003,60.0,0.06342119844122125,0.016489511594717527,0.0,0.33351048840528247,1.0,0.7759363434774759,0.951501436486125,0.8229329099518012,0.45166890842328183,0.45166890842328183,0.45166890842328183,0.0,0.0,0.0,0.0,0.0,0.30996589424939297,0.10726235925728965,0.03444065491659921,4.52242403695572,99.16821939950465,554.3332755295878,6.075829438262285,98.71655049108136,0.30996589424939297,5.165581627666134,0.0,0.0,-998.1805037670116,0.0,3.637978807091713e-12,0.0,0.0
closure_hypothesis,recirculating,226.77937247022007,226.77937247022007,19899.626158738,90000.0,0.0,0.0,0.0,0.0,97.36649155866067,0.0,0.0,406666.666666667,61.0,0.06419223157915134,0.01668998021057935,0.0,0.33331001978942065,1.0,0.7735469394558308,0.9509118229100608,0.8209559072534134,0.4571600013752672,0.4571600013752672,0.4571600013752672,0.0,0.0,0.0,0.0,0.0,0.314917279521287,0.10725191301828163,0.03499080883569855,4.522698028700437,100.37384126200232,553.8769238332017,6.090461078144841,99.91668126062704,0.314917279521287,5.2480964632222475,0.0,0.0,-999.8370103201097,0.0,0.0,0.0,0.0
closure_hypothesis,recirculating,229.4823597189174,229.4823597189174,19898.429801194194,90000.0,0.0,0.0,0.0,0.0,99.10970742531678,0.0,0.0,413333.33333333366,62.0,0.06495733989360641,0.01688890837233767,0.0,0.3331110916276623,1.0,0.7711831696007458,0.9503267400813598,0.8189980591442473,0.4626088993101712,0.4626088993101712,0.4626088993101712,0.0,0.0,0.0,0.0,0.0,0.31983061663864093,0.107241547489459,0.035536735182071205,4.522969947839738,101.57019880580665,553.4240788644912,6.105020572605982,101.10758990649649,0.31983061663864093,5.329977226282951,0.0,0.0,-1001.4983454237051,0.0,0.0,0.0,5.551115123125783e-17
closure_hypothesis,recirculating,232.1647574837365,232.1647574837365,19897.242556673165,90000.0,0.0,0.0,0.0,0.0,100.85709723415177,0.0,0.0,420000.00000000035,63.0,0.06571662014308889,0.017086321237203113,0.0,0.33291367876279687,1.0,0.7688445461419496,0.9497461140082262,0.8170590200860717,0.4680162913163147,0.4680162913163147,0.4680162913163147,0.0,0.0,0.0,0.0,0.0,0.3247065269697436,0.10723126134993294,0.03607850299663817,4.523239828014042,102.75744332683495,552.9746833549622,6.1195089670184215,102.28942703551863,0.3247065269697436,5.411234271950777,0.0,0.0,-1003.1644781868723,0.0,0.0,0.0,0.0
closure_hypothesis,recirculating,234.8268989999663,234.8268989999663,19896.06427768308,90000.0,0.0,0.0,0.0,0.0,102.6086407453784,0.0,0.0,426666.66666666704,64.0,0.06647016665327131,0.017282243329850542,0.0,0.3327177566701494,1.0,0.7665305947354067,0.949169872559263,0.8151384537392032,0.473382849156052,0.473382849156052,0.473382849156052,0.0,0.0,0.0,0.0,0.0,0.32954561625958806,0.1072210533120653,0.03661617958439867,4.523507702020784,103.93572231692309,552.5286814760406,6.133927282002216,103.46233946776704,0.32954561625958806,5.491877694966035,0.0,0.0,-1004.8353782750837,0.0,3.637978807091713e-12,0.0,0.0
closure_hypothesis,recirculating,237.46910919976514,237.46910919976514,19894.89482040711,90000.0,0.0,0.0,0.0,0.0,104.36431800826949,0.0,0.0,433333.3333333337,65.0,0.06721807139953988,0.01747669856388037,0.0,0.33252330143611963,1.0,0.764240853979238,0.9485979454003519,0.8132360326384521,0.4787092278536225,0.4787092278536225,0.4787092278536225,0.0,0.0,0.0,0.0,0.0,0.33434847515995497,0.10721092212033921,0.037149830573328324,4.523773601842964,105.10517959289416,552.0860187902173,6.148276514234209,104.62647036504053,0.33434847515995497,5.57191733854065,0.0,0.0,-1006.5110158944001,0.0,3.637978807091713e-12,0.0,0.0
closure_hypothesis,recirculating,240.09170499134183,240.09170499134183,19893.73404457988,90000.0,0.0,0.0,0.0,0.0,106.12410935440914,0.0,0.0,440000.0000000004,66.0,0.06796042408601936,0.017669710262365034,0.0,0.33233028973763495,1.0,0.761974874951204,0.9480302639342205,0.8113514378832466,0.4839960662579461,0.4839960662579461,0.4839960662579461,0.0,0.0,0.0,0.0,0.0,0.33911567973690127,0.10720086655027805,0.037679519970766795,4.524037558676463,106.26595542012545,551.6466422042755,6.162557637223907,105.7819593538675,0.33911567973690127,5.651362802815459,0.0,0.0,-1008.191361776265,0.0,3.637978807091713e-12,0.0,0.0
closure_hypothesis,recirculating,242.69499552634193,242.69499552634193,19892.581813369106,90000.0,0.0,0.0,0.0,0.0,107.88799539116182,0.0,0.0,446666.6666666671,67.0,0.06869731222125963,0.017861301177527506,0.0,0.3321386988224725,1.0,0.759732220766607,0.9474667612425662,0.809484358841215,0.4892439875816421,0.4892439875816421,0.4892439875816421,0.0,0.0,0.0,0.0,0.0,0.34384779195680815,0.10719088540741087,0.03820531021742312,4.524299602956221,107.41818663089524,551.2104999244942,6.176771602057328,106.92894264331359,0.34384779195680815,5.730223452960208,0.0,0.0,-1009.8763871628729,0.0,0.0,0.0,0.0
closure_hypothesis,recirculating,245.27928245603954,245.27928245603954,19891.43799326223,90000.0,0.0,0.0,0.0,0.0,109.65595699534997,0.0,0.0,453333.3333333338,68.0,0.06942882119075335,0.01805149350959587,0.0,0.3319485064904041,1.0,0.757512466155543,0.9469073720306003,0.8076344928645144,0.49445359991748095,0.49445359991748095,0.49445359991748095,0.0,0.0,0.0,0.0,0.0,0.3485453601520807,0.10718097752628022,0.03872726223912007,4.52455976438131,108.56200673777467,550.7775414137274,6.190919338110514,108.06755313785719,0.3485453601520807,5.8085084269344245,0.0,0.0,-1011.5660637930869,0.0,3.637978807091713e-12,0.0,0.0
closure_hypothesis,recirculating,247.84486017689667,247.84486017689667,19890.302453957687,90000.0,0.0,0.0,0.0,0.0,111.42797530713206,0.0,0.0,460000.00000000047,69.0,0.07015503432644407,0.018240308924875458,0.0,0.33175969107512454,1.0,0.7553151970584954,0.9463520325738958,0.8058015450182565,0.49962549673340245,0.49962549673340245,0.49962549673340245,0.0,0.0,0.0,0.0,0.0,0.3532089194675199,0.10717114176949143,0.03924543549639109,4.524818071938981,109.69754604231375,550.3477173502636,6.205001753734188,109.19792054558035,0.3532089194675199,5.8862266429262196,0.0,0.0,-1013.2603638888771,0.0,0.0,0.0,0.0
closure_hypothesis,recirculating,250.39201606602097,250.39201606602097,19889.175068260745,90000.0,0.0,0.0,0.0,0.0,113.20403172407264,0.0,0.0,466666.66666666715,70.0,0.07087603297337497,0.018427768573077492,0.0,0.3315722314269225,1.0,0.7531400102393226,0.9458006806674192,0.8039852278204135,0.5047602573471703,0.5047602573471703,0.5047602573471703,0.0,0.0,0.0,0.0,0.0,0.35783899228833205,0.10716137702680135,0.03975988803203689,4.525074553927704,110.82493173925631,549.9209795883792,6.219019736910952,110.32017148190914,0.35783899228833205,5.963386806485054,0.0,0.0,-1014.9592601422589,0.0,0.0,0.0,1.1102230246251565e-16
closure_hypothesis,recirculating,252.92103070702072,252.92103070702072,19888.0557119835,90000.0,0.0,0.0,0.0,0.0,114.98410789539709,0.0,0.0,473333.33333333384,71.0,0.0715918965536194,0.018613893103941046,0.0,0.3313861068960589,1.0,0.7509865129147547,0.9452532555766439,0.8021852609926308,0.5098584473816689,0.5098584473816689,0.5098584473816689,0.0,0.0,0.0,0.0,0.0,0.3624360886506823,0.10715168221424413,0.04027067651674247,4.525329237979292,111.94428801650469,549.4972811204992,6.232974155886333,111.43442956912301,0.3624360886506823,6.03999741736362,0.0,0.0,-1016.6627257027047,0.0,3.637978807091713e-12,0.0,0.0
closure_hypothesis,recirculating,255.43217810672812,255.43217810672812,19886.94426384896,90000.0,0.0,0.0,0.0,0.0,116.76818571642349,0.0,0.0,480000.0000000005,72.0,0.07230270262762672,0.018798702683182948,0.0,0.331201297316817,1.0,0.7488543223995555,0.9447096979906383,0.8004013712213908,0.514920619201791,0.514920619201791,0.514920619201791,0.0,0.0,0.0,0.0,0.0,0.36700070663564915,0.10714205627329199,0.0407778562928499,4.525582151080118,113.05573615104267,549.0765760408892,6.2468658597749975,112.54081553184088,0.36700070663564915,6.116066776083093,0.0,0.0,-1018.3707341650118,0.0,3.637978807091713e-12,0.0,0.0
closure_hypothesis,recirculating,257.9257259032342,257.9257259032342,19885.840605398993,90000.0,0.0,0.0,0.0,0.0,118.55624732316464,0.0,0.0,486666.6666666672,73.0,0.07300852695310862,0.018982217007808243,0.0,0.33101778299219176,1.0,0.7467430657665691,0.9441699499770346,0.7986332919290203,0.5199473123338118,0.5199473123338118,0.5199473123338118,0.0,0.0,0.0,0.0,0.0,0.37153333274738554,0.10713249817005004,0.04128148141637616,4.525833319591482,114.15939460101295,548.6588195108015,6.260695679143291,113.63944728867914,0.37153333274738554,6.19160299023518,0.0,0.0,-1020.0832595576007,0.0,7.275957614183426e-12,0.0,0.0
closure_hypothesis,recirculating,260.40193556565407,260.40193556565407,19884.744620905873,90000.0,0.0,0.0,0.0,0.0,120.34827508709402,0.0,0.0,493333.3333333339,74.0,0.07370944354158478,0.019164455320812044,0.0,0.3308355446791879,1.0,0.7446523795209039,0.943633954938788,0.7968807630540582,0.5249390538680907,0.5249390538680907,0.5249390538680907,0.0,0.0,0.0,0.0,0.0,0.3760344422762466,0.1071230068944833,0.041781604697360725,4.526082769269176,115.25537909413438,548.243967725008,6.27446442656919,114.73044004026629,0.3760344422762466,6.266613980533649,0.0,0.0,-1021.8002763312317,0.0,7.275957614183426e-12,0.0,1.1102230246251565e-16
closure_hypothesis,recirculating,262.86106258601785,262.86106258601785,19883.65619728737,90000.0,0.0,0.0,0.0,0.0,122.14425161006879,0.0,0.0,500000.0000000006,75.0,0.07440552471269953,0.019345436425301878,0.0,0.3306545635746981,1.0,0.742581909287556,0.9431016575726414,0.7951435308405242,0.5298963588459016,0.5298963588459016,0.5298963588459016,0.0,0.0,0.0,0.0,0.0,0.38050449964760535,0.10711358145967348,0.042278277738622805,4.52633052528228,116.34380271263393,547.8319778796514,6.288172897180762,115.81390635378803,0.38050449964760535,6.341107486627343,0.0,0.0,-1023.5217593481127,0.0,3.637978807091713e-12,0.0,0.0
closure_hypothesis,recirculating,265.30335666366005,265.30335666366005,19882.575224025146,90000.0,0.0,0.0,0.0,0.0,123.94415971940423,0.0,0.0,506666.66666666727,76.0,0.07509684114641524,0.019525178698067962,0.0,0.330474821301932,1.0,0.7405313095118142,0.9425730038292118,0.793421347635659,0.534819730631139,0.534819730631139,0.534819730631139,0.0,0.0,0.0,0.0,0.0,0.3849439587570299,0.10710422090110573,0.042771550973003315,4.526576612231214,117.42477597485855,547.4228081413537,6.301821869174123,116.8899562442274,0.3849439587570299,6.415091072685903,0.0,0.0,-1025.2476838713897,0.0,3.637978807091713e-12,0.0,0.0
closure_hypothesis,recirculating,267.7290618824594,267.7290618824594,19881.501593086283,90000.0,0.0,0.0,0.0,0.0,125.74798246309373,0.0,0.0,513333.33333333395,77.0,0.07578346193318176,0.01970370010262726,0.0,0.33029629989737275,1.0,0.7385002431718249,0.9420479408746257,0.7917139716957265,0.5397096612676122,0.5397096612676122,0.5397096612676122,0.0,0.0,0.0,0.0,0.0,0.38935326329246683,0.10709492427598238,0.04326147369916297,4.526821054165102,118.49840691372249,547.0164176175222,6.315412104311849,117.95869725245488,0.38935326329246683,6.48857213276896,0.0,0.0,-1026.978025554996,0.0,3.637978807091713e-12,0.0,0.0
closure_hypothesis,recirculating,270.1384168812637,270.1384168812637,19880.43519884787,90000.0,0.0,0.0,0.0,0.0,127.55570310516893,0.0,0.0,520000.00000000064,78.0,0.07646545462217708,0.01988101820176604,0.0,0.33011898179823396,1.0,0.7364883815027263,0.9415264170536294,0.7900211669995001,0.5445666318226018,0.5445666318226018,0.5445666318226018,0.0,0.0,0.0,0.0,0.0,0.3937328470440346,0.1070856906625634,0.04374809411600383,4.5270638745984675,119.5648011521383,546.6127663277974,6.32894434840271,119.0202345203157,0.3937328470440346,6.5615578959888365,0.0,0.0,-1028.7127604338514,0.0,7.275957614183426e-12,0.0,-1.1102230246251565e-16
closure_hypothesis,recirculating,272.53165501781336,272.53165501781336,19879.375938024437,90000.0,0.0,0.0,0.0,0.0,129.3673051211947,0.0,0.0,526666.6666666673,79.0,0.07714288526770735,0.020057150169603914,0.0,0.32994284983039607,1.0,0.7344954037318034,0.9410083818541062,0.7883427030690657,0.5493911127173096,0.5493911127173096,0.5493911127173096,0.0,0.0,0.0,0.0,0.0,0.39808313420200003,0.10707651915953179,0.04423145935577777,4.527305096527289,120.62406197557033,546.2118151765906,6.342419331763582,120.07467086285301,0.39808313420200003,6.63405543147633,0.0,0.0,-1030.4518649143897,0.0,7.275957614183426e-12,0.0,0.0
closure_hypothesis,recirculating,274.90900452646207,274.90900452646207,19878.323709598164,90000.0,0.0,0.0,0.0,0.0,131.18277219389392,0.0,0.0,533333.333333334,80.0,0.07781581847385156,0.020232112803201408,0.0,0.32976788719679856,1.0,0.7325209968241371,0.940493785872937,0.7866783547976018,0.5541835640448043,0.5541835640448043,0.5541835640448043,0.0,0.0,0.0,0.0,0.0,0.4024045396434788,0.1070674088853835,0.04471161551594207,4.527544742444449,121.67629040184283,545.813525926659,6.355837769664338,121.12210683779803,0.4024045396434788,6.706071653158573,0.0,0.0,-1032.1953157654066,0.0,7.275957614183426e-12,0.0,0.0
closure_hypothesis,recirculating,277.27068866997735,277.27068866997735,19877.278414751676,90000.0,0.0,0.0,0.0,0.0,133.00208820889765,0.0,0.0,540000.0000000006,81.0,0.07848431743743015,0.02040592253373184,0.0,0.3295940774662681,1.0,0.7305648552382522,0.9399825807831416,0.7850279022838051,0.5589444358760339,0.5589444358760339,0.5589444358760339,0.0,0.0,0.0,0.0,0.0,0.40669746920837485,0.10705835897783963,0.045188607689819416,4.527782834354607,122.72158524832768,545.4178611736753,6.3692003627565175,122.16264081245166,0.40669746920837485,6.777613324357566,0.0,0.0,-1033.9430901092114,0.0,3.637978807091713e-12,0.0,1.1102230246251565e-16
closure_hypothesis,recirculating,279.6169258856874,279.6169258856874,19876.239956803376,90000.0,0.0,0.0,0.0,0.0,134.82523725061546,0.0,0.0,546666.6666666672,82.0,0.07914844398937332,0.020578595437237064,0.0,0.3294214045627629,1.0,0.7286266806913012,0.9394747193022439,0.7833911306726685,0.5636741685544395,0.5636741685544395,0.5636741685544395,0.0,0.0,0.0,0.0,0.0,0.4109623199650428,0.10704936859328086,0.045662479996115855,4.5280193937885205,123.76004319662988,545.0247843217413,6.382507797486407,123.19636902807544,0.4109623199650428,6.848687062217437,0.0,0.0,-1035.6951654130694,0.0,7.275957614183426e-12,0.0,0.0
closure_hypothesis,recirculating,281.94792992622786,281.94792992622786,19875.208241145123,90000.0,0.0,0.0,0.0,0.0,136.65220359822246,0.0,0.0,553333.3333333338,83.0,0.07980825863456094,0.020750147244985844,0.0,0.3292498527550141,1.0,0.7267061819333352,0.9389701551618063,0.781767830002306,0.5683731929796841,0.5683731929796841,0.5683731929796841,0.0,0.0,0.0,0.0,0.0,0.41519948046613314,0.10704043690620296,0.04613327560734811,4.528254441816837,124.79175885488279,544.6342595598094,6.3957607464933055,124.22338566190311,0.41519948046613314,6.919299341968109,0.0,0.0,-1037.4515194809255,0.0,7.275957614183426e-12,0.0,-1.1102230246251565e-16
closure_hypothesis,recirculating,284.26390999512785,284.26390999512785,19874.183175182246,90000.0,0.0,0.0,0.0,0.0,138.482971721758,0.0,0.0,560000.0000000005,84.0,0.08046382059020155,0.020920593353452404,0.0,0.32907940664654756,1.0,0.7248030745302493,0.9384688430780811,0.7801577950565628,0.5730419308809783,0.5730419308809783,0.5730419308809783,0.0,0.0,0.0,0.0,0.0,0.4194093309950577,0.10703156310869191,0.04660103677722863,4.528487999063373,125.81682481775934,544.2462518389661,6.408959868993543,125.24378288687836,0.4194093309950577,6.989456501032636,0.0,0.0,-1039.2121304453967,0.0,7.275957614183426e-12,0.0,1.1102230246251565e-16
closure_hypothesis,recirculating,286.5650708774637,286.5650708774637,19873.164668275705,90000.0,0.0,0.0,0.0,0.0,140.31752627833254,0.0,0.0,566666.6666666671,85.0,0.0811151878228152,0.021089948833931952,0.0,0.32891005116606803,1.0,0.7229170806550026,0.9379707387237296,0.7785608252231399,0.5776807950804616,0.5776807950804616,0.5776807950804616,0.0,0.0,0.0,0.0,0.0,0.4235922438034889,0.10702274640991827,0.04706580486705431,4.528720085717925,126.83533172430015,543.8607268505441,6.422105811150943,126.25765092921968,0.4235922438034889,7.059164742985143,0.0,0.0,-1040.9769767600187,0.0,7.275957614183426e-12,0.0,0.0
closure_hypothesis,recirculating,288.8516130657951,288.8516130657951,19872.152631686353,90000.0,0.0,0.0,0.0,0.0,142.15585210843898,0.0,0.0,573333.3333333337,86.0,0.081762417083881,0.021258228441809062,0.0,0.3287417715581909,1.0,0.7210479288867392,0.9374757987005615,0.7769767243569925,0.582290189747075,0.582290189747075,0.582290189747075,0.0,0.0,0.0,0.0,0.0,0.42774858334028265,0.10701398603564986,0.047527620371142505,4.528950721548609,127.84736831365346,543.477651005022,6.435199206434248,127.26507812390639,0.42774858334028265,7.12843014136581,0.0,0.0,-1042.7460371917446,0.0,7.275957614183426e-12,0.0,0.0
closure_hypothesis,recirculating,291.1237328815889,291.1237328815889,19871.14697852119,90000.0,0.0,0.0,0.0,0.0,143.9979342323642,0.0,0.0,580000.0000000003,87.0,0.08240556394420741,0.021425446625493928,0.0,0.32857455337450603,1.0,0.7191953540174539,0.936983980513253,0.7754053006487693,0.5868705106413374,0.5868705106413374,0.5868705106413374,0.0,0.0,0.0,0.0,0.0,0.4318787064721998,0.1070052812277821,0.04798652294135552,4.529179925913758,128.85302147881816,543.0969914116829,6.448240675962079,128.26615096817682,0.4318787064721998,7.197258643359209,0.0,0.0,-1044.5192908136762,0.0,7.275957614183426e-12,0.0,0.0
closure_hypothesis,recirculating,293.38162259232536,293.38162259232536,19870.147623681532,90000.0,0.0,0.0,0.0,0.0,145.84375784669825,0.0,0.0,586666.666666667,88.0,0.08304468282708027,0.021591617535040873,0.0,0.3284083824649591,1.0,0.7173590968658664,0.9364952425439975,0.7738463664980642,0.5914221453514168,0.5914221453514168,0.5914221453514168,0.0,0.0,0.0,0.0,0.0,0.4359829626967791,0.10699663124388449,0.04844255141075322,4.529407717773404,129.85237631847548,542.7187158589948,6.461230828835982,129.26095417312405,0.4359829626967791,7.265656073341823,0.0,0.0,-1046.2967169980277,0.0,7.275957614183426e-12,0.0,-1.1102230246251565e-16
closure_hypothesis,recirculating,295.62547052447087,295.62547052447087,19869.154483813014,90000.0,0.0,0.0,0.0,0.0,147.69330832093678,0.0,0.0,593333.3333333336,89.0,0.08367982704024102,0.021756755030462666,0.0,0.32824324496953733,1.0,0.7155389040981833,0.936009544028051,0.7722997383912735,0.5959454735208702,0.5959454735208702,0.5959454735208702,0.0,0.0,0.0,0.0,0.0,0.440061694347696,0.10698803535676368,0.04889574381641065,4.5296341157003495,130.84551618699163,542.3427927956827,6.474170262462045,130.24957071347077,0.440061694347696,7.333628136304354,0.0,0.0,-1048.0782954093038,0.0,7.275957614183426e-12,0.0,0.0
closure_hypothesis,recirculating,297.85546117249254,297.85546117249254,19868.16747725734,90000.0,0.0,0.0,0.0,0.0,149.54657119417445,0.0,0.0,600000.0000000002,90.0,0.08431104880674425,0.021920872689753505,0.0,0.32807912731024647,1.0,0.7137345280554459,0.9355268450301367,0.7707652367838648,0.6004408670684042,0.6004408670684042,0.6004408670684042,0.0,0.0,0.0,0.0,0.0,0.44411523679292625,0.10697949285404172,0.04934613742143624,4.529859137890853,131.83252274266798,541.9691913124664,6.487059562861528,131.23208187559956,0.44411523679292625,7.401180421154115,0.0,0.0,-1049.8640059976915,0.0,7.275957614183426e-12,0.0,0.0
closure_hypothesis,recirculating,300.0717753040824,300.0717753040824,19867.186524005694,90000.0,0.0,0.0,0.0,0.0,151.4035321718856,0.0,0.0,606666.6666666669,91.0,0.08493839929474266,0.022083983816633092,0.0,0.3279160161833669,1.0,0.7119457265871746,0.9350471064216674,0.7692426859868572,0.6049086903999936,0.6049086903999936,0.6049086903999936,0.0,0.0,0.0,0.0,0.0,0.44814391862602054,0.10697100303774856,0.04979376873622449,4.530082802174944,132.8134759943141,541.5978811244305,6.499899304971002,132.20856730391412,0.44814391862602054,7.468318403902632,0.0,0.0,-1051.6538289926543,0.0,7.275957614183426e-12,0.0,0.0
closure_hypothesis,recirculating,302.2745900617481,302.2745900617481,19866.211545653798,90000.0,0.0,0.0,0.0,0.0,153.26417712278942,0.0,0.0,613333.3333333335,92.0,0.08556192864624317,0.022246101448023223,0.0,0.32775389855197673,1.0,0.7101722628910385,0.9345702898587551,0.7677319140573352,0.6093493006136766,0.6093493006136766,0.6093493006136766,0.0,0.0,0.0,0.0,0.0,0.4521480618507725,0.10696256522392951,0.05023867353897471,4.530305126026388,133.78845434621235,541.2288325540051,6.512690052932453,133.17910504559867,0.4521480618507725,7.535047450743123,0.0,0.0,-1053.4477448967177,0.0,1.0913936421275139e-11,0.0,-1.1102230246251565e-16
closure_hypothesis,recirculating,304.4640790609226,304.4640790609226,19865.242465358468,90000.0,0.0,0.0,0.0,0.0,155.12849207579725,0.0,0.0,620000.0000000001,93.0,0.08618168600487802,0.022407238361268286,0.0,0.3275927616387317,1.0,0.7084139053582897,0.9340963577609757,0.766232752692836,0.6137630476973326,0.6137630476973326,0.6137630476973326,0.0,0.0,0.0,0.0,0.0,0.45612798205956084,0.10695417874226501,0.050680886895506747,4.530526126572297,134.7575346415417,540.8620165145284,6.525432360373634,134.14377159384438,0.45612798205956084,7.601372821022581,0.0,0.0,-1055.245734479446,0.0,1.0913936421275139e-11,0.0,0.0
closure_hypothesis,recirculating,306.64041248473507,306.64041248473507,19864.279207795684,90000.0,0.0,0.0,0.0,0.0,156.99646321703833,0.0,0.0,626666.6666666667,94.0,0.08679771954273059,0.022567407081109953,0.0,0.32743259291889004,1.0,0.7066704274247152,0.9336252732908531,0.764745037129429,0.6181502747197277,0.6181502747197277,0.6181502747197277,0.0,0.0,0.0,0.0,0.0,0.4600839886056209,0.10694584293570449,0.05112044317840231,4.530745820602428,135.72079220432389,540.4974044943699,6.538126770679228,135.10264192960415,0.4600839886056209,7.667299670112672,0.0,0.0,-1057.047778771597,0.0,7.275957614183426e-12,0.0,1.1102230246251565e-16
closure_hypothesis,recirculating,308.80375717558076,308.80375717558076,19863.321699120057,90000.0,0.0,0.0,0.0,0.0,158.86807688696214,0.0,0.0,633333.3333333334,95.0,0.0874100764862552,0.022726619886426356,0.0,0.3272733801135736,1.0,0.7049416074268727,0.93315700033404,0.7632686060433468,0.6225113180151097,0.6225113180151097,0.6225113180151097,0.0,0.0,0.0,0.0,0.0,0.4640163847694982,0.10693755716011176,0.05155737608549978,4.530964224578158,136.67830087995293,540.134968541589,6.550773817253064,136.05578956193781,0.4640163847694982,7.732833052183687,0.0,0.0,-1058.8538590594499,0.0,1.0913936421275139e-11,0.0,0.0
closure_hypothesis,recirculating,310.95427672361853,310.95427672361853,19862.369866925645,90000.0,0.0,0.0,0.0,0.0,160.74331957751505,0.0,0.0,640000.0,96.0,0.08801880314132725,0.022884888816745084,0.0,0.32711511118325487,1.0,0.7032272284633896,0.9326915034801614,0.7618033014560145,0.6268465073616081,0.6268465073616081,0.6268465073616081,0.0,0.0,0.0,0.0,0.0,0.46792546791991685,0.10692932078392274,0.051991718657768526,4.5311813546411654,137.63013307436435,539.7746812491084,6.563374023771796,137.00328656700273,0.46792546791991685,7.797977922885414,0.0,0.0,-1060.663956879301,0.0,7.275957614183426e-12,0.0,0.0
closure_hypothesis,recirculating,313.09213155232146,313.09213155232146,19861.42364020811,90000.0,0.0,0.0,0.0,0.0,162.62217792938782,0.0,0.0,646666.6666666666,97.0,0.08862394491745915,0.02304222567853938,0.0,0.3269577743214606,1.0,0.701527078261108,0.932228748004296,0.7603489686423407,0.6311561661536937,0.6311561661536937,0.6311561661536937,0.0,0.0,0.0,0.0,0.0,0.47181152966929135,0.10692113318781445,0.05242350329658792,4.531397226621816,138.57635979190061,539.4165157403817,6.575927904430343,137.94520362574693,0.47181152966929135,7.86273914193874,0.0,0.0,-1062.4780540121203,0.0,1.0913936421275139e-11,0.0,0.0
closure_hypothesis,recirculating,315.2174790011975,315.2174790011975,19860.482949328085,90000.0,0.0,0.0,0.0,0.0,164.50463872933267,0.0,0.0,653333.3333333333,98.0,0.08922554635121531,0.02319864205131598,0.0,0.326801357948684,1.0,0.6998409490458802,0.9317686998490706,0.7589054560421259,0.6354406115689339,0.6354406115689339,0.6354406115689339,0.0,0.0,0.0,0.0,0.0,0.47567485602409404,0.10691299376438497,0.05285276178045488,4.53161185604728,139.51705067192367,539.0604456555344,6.588435964179517,138.88161006035475,0.47567485602409404,7.927121475641527,0.0,0.0,-1064.2961324783623,0.0,7.275957614183426e-12,0.0,1.1102230246251565e-16
closure_hypothesis,recirculating,317.3304734057929,317.3304734057929,19859.547725975783,90000.0,0.0,0.0,0.0,0.0,166.39068890754734,0.0,0.0,659999.9999999999,99.0,0.08982365112885794,0.023354149293503067,0.0,0.32664585070649693,1.0,0.6981686374178184,0.931311325607344,0.7574726151744816,0.6397001547292697,0.6397001547292697,0.6397001547292697,0.0,0.0,0.0,0.0,0.0,0.4795157275302833,0.10690490191784378,0.05327952528114258,4.531825258149373,140.45227402422483,538.7064451379604,6.600898698955954,139.81257386949557,0.4795157275302833,7.991129599292171,0.0,0.0,-1066.1181745329263,0.0,7.275957614183426e-12,0.0,0.0
closure_hypothesis,recirculating,319.431266175087,319.431266175087,19858.61790313673,90000.0,0.0,0.0,0.0,0.0,168.28031553512398,0.0,0.0,666666.6666666665,100.0,0.09041830210825443,0.02350875854814615,0.0,0.3264912414518538,1.0,0.6965099442308172,0.9308565925054525,0.7560503005551139,0.6439351008570343,0.6439351008570343,0.6439351008570343,0.0,0.0,0.0,0.0,0.0,0.4833344194139894,0.10689685706371276,0.05370382437933214,4.532037447872152,141.38209686328037,538.3544888213568,6.6133165959048705,140.73816176242335,0.4833344194139894,8.054768099534133,0.0,0.0,-1067.944162660261,0.0,7.275957614183426e-12,0.0,0.0
closure_hypothesis,recirculating,321.52000586637854,321.52000586637854,19857.693415058613,90000.0,0.0,0.0,0.0,0.0,170.17350582156058,0.0,0.0,673333.3333333331,101.0,0.09100954134007459,0.023662480748419396,0.0,0.3263375192515806,1.0,0.6948646744761761,0.9304044683870019,0.7546383696163781,0.6481457494259151,0.6481457494259151,0.6481457494259151,0.0,0.0,0.0,0.0,0.0,0.4871312017176411,0.10688885862853613,0.054125689079737895,4.5322484398792575,142.30658494139635,538.0045518171762,6.625690133595724,141.65843919197044,0.4871312017176411,8.118041476624489,0.0,0.0,-1069.7740795696075,0.0,1.0913936421275139e-11,0.0,-1.1102230246251565e-16
closure_hypothesis,recirculating,323.5968382577631,323.5968382577631,19856.77419721922,90000.0,0.0,0.0,0.0,0.0,172.07024711233362,0.0,0.0,679999.9999999998,102.0,0.09159741008830631,0.02381532662295964,0.0,0.3261846733770403,1.0,0.6932326371701536,0.9299549216971775,0.7532366826299786,0.6523323943070595,0.6523323943070595,0.6523323943070595,0.0,0.0,0.0,0.0,0.0,0.49090633943171347,0.10688090604960011,0.054545148825745925,4.532458248561026,143.22580278078777,537.6566097024856,6.638019782231198,142.57347038648072,0.49090633943171347,8.180954146629505,0.0,0.0,-1071.6079081903754,0.0,7.275957614183426e-12,0.0,0.0
closure_hypothesis,recirculating,325.66190641829445,325.66190641829445,19855.860186295373,90000.0,0.0,0.0,0.0,0.0,173.97052688652934,0.0,0.0,686666.6666666664,103.0,0.09218194885011528,0.023967306701029974,0.0,0.32603269329897,1.0,0.6916136452452973,0.9295079214675589,0.7518451026322188,0.6564953239105114,0.6564953239105114,0.6564953239105114,0.0,0.0,0.0,0.0,0.0,0.4946600926222648,0.10687299877466165,0.05496223251358496,4.532666888041371,144.1398137046323,537.3106385082109,6.650306003849648,143.48331838072178,0.4946600926222648,8.243510443550042,0.0,0.0,-1073.4456316676506,0.0,3.637978807091713e-12,0.0,-1.1102230246251565e-16
closure_hypothesis,recirculating,327.7153507759178,327.7153507759178,19854.95132013287,90000.0,0.0,0.0,0.0,0.0,175.87433275453245,0.0,0.0,693333.333333333,104.0,0.09276319737507435,0.024118431317519333,0.0,0.32588156868248064,1.0,0.6900075154453975,0.9290634373014137,0.7504634953516969,0.6606348213221571,0.6606348213221571,0.6606348213221571,0.0,0.0,0.0,0.0,0.0,0.49839271655442446,0.10686513626168541,0.055376968506047154,4.532874372184445,145.0486798671379,536.9666147077565,6.66254925252134,144.38804504581574,0.49839271655442446,8.305714621379483,0.0,0.0,-1075.2872333578243,0.0,7.275957614183426e-12,0.0,1.1102230246251565e-16
closure_hypothesis,recirculating,329.7573091832619,329.7573091832619,19854.047537717342,90000.0,0.0,0.0,0.0,0.0,177.7816524557698,0.0,0.0,699999.9999999997,105.0,0.09334119468378654,0.024268710617784503,0.0,0.32573128938221546,1.0,0.6884140682239211,0.9286214393594573,0.7490917291393498,0.664751164436354,0.664751164436354,0.664751164436354,0.0,0.0,0.0,0.0,0.0,0.5021044618119881,0.10685731797858943,0.05578938464577644,4.533080714601103,145.95246228266285,536.6245152059821,6.674749974538665,145.2877111182265,0.5021044618119881,8.367570856096782,0.0,0.0,-1077.1326968243443,0.0,3.637978807091713e-12,0.0,0.0
closure_hypothesis,recirculating,331.7879169813695,331.7879169813695,19853.148779146082,90000.0,0.0,0.0,0.0,0.0,179.6924738565081,0.0,0.0,706666.6666666663,106.0,0.09391597908592467,0.024418154562340415,0.0,0.32558184543765956,1.0,0.6868331276457896,0.9281818983460576,0.7477296749007584,0.6688446260844031,0.6688446260844031,0.6688446260844031,0.0,0.0,0.0,0.0,0.0,0.5057955744132638,0.10684954340299888,0.05619950826814041,4.533285928655145,146.85122085392314,536.2843173285262,6.6869086086005876,146.18237622783874,0.5057955744132638,8.429083247597042,0.0,0.0,-1078.9820058335822,0.0,3.637978807091713e-12,0.0,-1.1102230246251565e-16
closure_hypothesis,recirculating,333.8073070614449,333.8073070614449,19852.254985600684,90000.0,0.0,0.0,0.0,0.0,181.6067849477034,0.0,0.0,713333.3333333329,107.0,0.09448758819770957,0.02456677293140449,0.0,0.3254332270685955,1.0,0.6852645212923685,0.9277447854958693,0.7463772060306265,0.6729154741590254,0.6729154741590254,0.6729154741590254,0.0,0.0,0.0,0.0,0.0,0.5094662959233172,0.10684181202200638,0.05660736621370189,4.533490027469381,147.74501439932226,535.9459988114608,6.699025585991478,147.07209892516323,0.5094662959233172,8.49025582156208,0.0,0.0,-1080.8351443508127,0.0,7.275957614183426e-12,0.0,0.0
closure_hypothesis,recirculating,335.8156099246923,335.8156099246923,19851.36609932057,90000.0,0.0,0.0,0.0,0.0,183.5245738429013,0.0,0.0,719999.9999999995,108.0,0.09505605895884804,0.024714575329300492,0.0,0.3252854246706995,1.0,0.6837080801695441,0.9273100725608809,0.7450341983493438,0.6769639717349887,0.6769639717349887,0.6769639717349887,0.0,0.0,0.0,0.0,0.0,0.5131168635627422,0.10683412333194167,0.05701298484030468,4.5336930239315025,148.63390067943618,535.6095377912667,6.711101330754643,147.9569367077012,0.5131168635627422,8.551092531273099,0.0,0.0,-1082.6920965362995,0.0,7.275957614183426e-12,0.0,1.1102230246251565e-16
closure_hypothesis,recirculating,337.8129537403165,337.8129537403165,19850.48206357732,90000.0,0.0,0.0,0.0,0.0,185.44582877618586,0.0,0.0,726666.6666666662,109.0,0.09562142764895046,0.02486157118872712,0.0,0.32513842881127286,1.0,0.6821636386187695,0.9268777317978614,0.7437005300415649,0.6809903771860292,0.6809903771860292,0.6809903771860292,0.0,0.0,0.0,0.0,0.0,0.5167475103130948,0.10682647683814611,0.0574163900347883,4.533894930699773,149.51793642268453,535.2749127951159,6.723136259860611,148.8369460454985,0.5167475103130948,8.611597259367725,0.0,0.0,-1084.5528467414895,0.0,7.275957614183426e-12,0.0,0.0
closure_hypothesis,recirculating,339.79946440175297,339.79946440175297,19849.602822649787,90000.0,0.0,0.0,0.0,0.0,187.37053810017616,0.0,0.0,733333.3333333328,110.0,0.09618372990344728,0.025007769774896296,0.0,0.3249922302251037,1.0,0.680631034230963,0.9264477359561875,0.7423760815967159,0.6849949442982057,0.6849949442982057,0.6849949442982057,0.0,0.0,0.0,0.0,0.0,0.5203584650191048,0.10681887205475606,0.05781760722434496,4.5340957602085465,150.39717735021856,534.9421027314523,6.735130783370485,149.71218240592034,0.5203584650191048,8.67177381954338,0.0,0.0,-1086.417379505304,0.0,7.275957614183426e-12,0.0,0.0
closure_hypothesis,recirculating,341.7752655811934,341.7752655811934,19848.728321799954,90000.0,0.0,0.0,0.0,0.0,189.29869028406912,0.0,0.0,739999.9999999994,111.0,0.09674300072902317,0.025153180189546025,0.0,0.32484681981045394,1.0,0.679110107763153,0.9260200582660411,0.7410607357513643,0.6889779223798161,0.6889779223798161,0.6889779223798161,0.0,0.0,0.0,0.0,0.0,0.5239499524877919,0.10681130850449186,0.05821666138753242,4.534295524673617,151.27167820005434,534.6110868808548,6.747085304594475,150.58270027767452,0.5239499524877919,8.731625958209051,0.0,0.0,-1088.2856795505313,0.0,7.275957614183426e-12,0.0,0.0
closure_hypothesis,recirculating,343.7404787824681,343.7404787824681,19847.85850724953,90000.0,0.0,0.0,0.0,0.0,191.23027391172675,0.0,0.0,746666.666666666,112.0,0.09729927451858573,0.025297811374832294,0.0,0.3247021886251677,1.0,0.6776007030577625,0.9255946724269639,0.7397543774333815,0.6929395563680016,0.6929395563680016,0.6929395563680016,0.0,0.0,0.0,0.0,0.0,0.5275221935845943,0.10680378571845245,0.05861357706495491,4.534494236097413,152.14149275047882,534.2818448871792,6.759000220245773,151.44855319411081,0.5275221935845943,8.791157356087263,0.0,0.0,-1090.1577317803108,0.0,7.275957614183426e-12,0.0,0.0
closure_hypothesis,recirculating,345.69522339234504,345.69522339234504,19846.993326157255,90000.0,0.0,0.0,0.0,0.0,193.16527767980713,0.0,0.0,753333.3333333327,113.0,0.0978525850657864,0.025441672117104464,0.0,0.3245583278828955,1.0,0.6761026669644372,0.9251715525967515,0.7384568937078247,0.6968800869321604,0.6968800869321604,0.6968800869321604,0.0,0.0,0.0,0.0,0.0,0.5310754053266179,0.10679630323591831,0.0590083783696242,4.5346919062740305,153.00667384275525,533.9543567489634,6.770875920590001,152.30979375582308,0.5310754053266179,8.850371629768087,0.0,0.0,-1092.0335212747104,0.0,1.0913936421275139e-11,0.0,0.0
closure_hypothesis,recirculating,347.6396167303028,347.6396167303028,19846.132726596858,90000.0,0.0,0.0,0.0,0.0,195.1036903959374,0.0,0.0,759999.9999999993,114.0,0.09840296557910902,0.025584771050568347,0.0,0.32441522894943164,1.0,0.6746158492643176,0.9247506733806814,0.7371681737244875,0.7007997505742828,0.7007997505742828,0.7007997505742828,0.0,0.0,0.0,0.0,0.0,0.5346098009731122,0.10678886060415808,0.05940108899701245,4.534888546794117,153.86727340315264,533.6286028110886,6.782712789590293,153.16647365257836,0.5346098009731122,8.909272333216913,0.0,0.0,-1093.9130332873917,0.0,1.0913936421275139e-11,0.0,1.1102230246251565e-16
closure_hypothesis,recirculating,349.5737740968318,349.5737740968318,19845.276657535687,90000.0,0.0,0.0,0.0,0.0,197.04550097692785,0.0,0.0,766666.6666666659,115.0,0.09895044869554218,0.025727116660840967,0.0,0.324272883339159,1.0,0.6731401025966679,0.9243320098210559,0.7358881086670431,0.7046987797263212,0.7046987797263212,0.7046987797263212,0.0,0.0,0.0,0.0,0.0,0.5381255901132718,0.10678145737824156,0.05979173223480796,4.535084169049617,154.72334246432445,533.3045637566872,6.7945112050482654,154.01864368459812,0.5381255901132718,8.967862959237674,0.0,0.0,-1095.7962532423614,0.0,1.0913936421275139e-11,0.0,0.0
closure_hypothesis,recirculating,351.4978088203161,351.4978088203161,19844.42506881395,90000.0,0.0,0.0,0.0,0.0,198.99069844702584,0.0,0.0,773333.3333333326,116.0,0.09949506649384944,0.025868717288400855,0.0,0.32413128271159913,1.0,0.6716752823877722,0.9239155373870563,0.7346165917037366,0.7085774028446987,0.7085774028446987,0.7085774028446987,0.0,0.0,0.0,0.0,0.0,0.5416229787514556,0.10677409312085917,0.06018033097238394,4.535278784238372,155.57493118605862,532.9822205992883,6.806271538740918,154.86635378321392,0.5416229787514556,9.026146940893007,0.0,0.0,-1097.6831667308043,0.0,1.0913936421275139e-11,0.0,0.0
closure_hypothesis,recirculating,353.4118323025465,353.4118323025465,19843.57791112459,90000.0,0.0,0.0,0.0,0.0,200.93927193620829,0.0,0.0,779999.9999999992,117.0,0.10003685050745235,0.026009581131937614,0.0,0.32399041886806235,1.0,0.6702212467820159,0.9235012319648893,0.7333535179395544,0.7124358445020573,0.7124358445020573,0.7124358445020573,0.0,0.0,0.0,0.0,0.0,0.5451021693899206,0.10676676740214558,0.060566907709991166,4.535472403368584,156.42208887542196,532.6615546751929,6.817994156553726,155.7096530309199,0.5451021693899206,9.084127652883026,0.0,0.0,-1099.5737595079966,0.0,1.0913936421275139e-11,0.0,-1.1102230246251565e-16
closure_hypothesis,recirculating,355.31595406291217,355.31595406291217,19842.73513599369,90000.0,0.0,0.0,0.0,0.0,202.89121067851167,0.0,0.0,786666.6666666658,118.0,0.10057583173693938,0.026149716251604237,0.0,0.32385028374839575,1.0,0.6687778565750716,0.9230890698482228,0.7320987843698376,0.7162743254763433,0.7162743254763433,0.7162743254763433,0.0,0.0,0.0,0.0,0.0,0.5485633611091514,0.1067594797995084,0.06095148456768348,4.535665037263168,157.26486400631956,532.34254763607,6.829679418609891,156.5485896808432,0.5485633611091514,9.141808412884007,0.0,0.0,-1101.468017490299,0.0,1.0913936421275139e-11,0.0,0.0
closure_hypothesis,recirculating,357.21028178131786,357.21028178131786,19841.89669576152,90000.0,0.0,0.0,0.0,0.0,204.84650401039895,0.0,0.0,793333.3333333324,119.0,0.10111204066221396,0.02628913057217563,0.0,0.32371086942782434,1.0,0.6673449751491136,0.9226790277288952,0.730852289835263,0.720093062837323,0.720093062837323,0.720093062837323,0.0,0.0,0.0,0.0,0.0,0.552006749645874,0.10675222989746302,0.061334083293985986,4.53585669656395,158.1033042384903,532.0251814417669,6.841327679396093,157.38321117565297,0.552006749645874,9.19919248284849,0.0,0.0,-1103.3659267522216,0.0,1.0913936421275139e-11,0.0,0.0
closure_hypothesis,recirculating,359.0949213398702,359.0949213398702,19841.062543564054,90000.0,0.0,0.0,0.0,0.0,206.80514136916145,0.0,0.0,799999.9999999991,120.0,0.10164550725429437,0.026427831886116537,0.0,0.32357216811388345,1.0,0.6659224684099876,0.9222710826878926,0.7296139349781707,0.7238922700306175,0.7238922700306175,0.7238922700306175,0.0,0.0,0.0,0.0,0.0,0.5554325274688322,0.10674501728747068,0.06171472527431467,4.536047391735769,158.9374564359573,531.7094383533248,6.852939287884619,158.2135641659267,0.5554325274688322,9.256283070268088,0.0,0.0,-1105.2674735235646,0.0,1.0913936421275139e-11,0.0,0.0
closure_hypothesis,recirculating,360.9699768633761,360.9699768633761,19840.232633315056,90000.0,0.0,0.0,0.0,0.0,208.76711229135577,0.0,0.0,806666.6666666657,121.0,0.10217626098677708,0.026565827856562044,0.0,0.32343417214343795,1.0,0.6645102047262649,0.9218652121865822,0.7283836222001648,0.7276721569593425,0.7276721569593425,0.7276721569593425,0.0,0.0,0.0,0.0,0.0,0.5588408838524043,0.10673784156778217,0.062093431539156016,4.536237133070457,159.76736668495286,531.3953009261943,6.864514587652227,159.03969452799353,0.5588408838524043,9.313083329400317,0.0,0.0,-1107.1726441866267,0.0,7.275957614183426e-12,0.0,0.0
closure_hypothesis,recirculating,362.8355507586935,362.8355507586935,19839.40691968867,90000.0,0.0,0.0,0.0,0.0,210.73240641127398,0.0,0.0,813333.3333333323,122.0,0.10270433084697551,0.026703126020213633,0.0,0.32329687397978635,1.0,0.6631080548701148,0.9214613940581952,0.7271612556209608,0.731432930063435,0.731432930063435,0.731432930063435,0.0,0.0,0.0,0.0,0.0,0.5622320049481345,0.10673070234328551,0.06247022277201494,4.53642593069069,160.59308031133534,531.0827520036423,6.876053916995674,159.8616473812719,0.5622320049481345,9.369596362460662,0.0,0.0,-1109.0814252734847,0.0,7.275957614183426e-12,0.0,0.0
closure_hypothesis,recirculating,364.6917437529742,364.6917437529742,19838.585358102493,90000.0,0.0,0.0,0.0,0.0,212.70101345944647,0.0,0.0,819999.999999999,123.0,0.10322974534674494,0.026839733790153683,0.0,0.3231602662098463,1.0,0.6617158919599303,0.921059606499548,0.7259467410384268,0.7351747923967457,0.7351747923967457,0.7351747923967457,0.0,0.0,0.0,0.0,0.0,0.5656060738542483,0.10672359922535862,0.06284511931713868,4.53661379455376,161.4146418975155,530.7717747103454,6.887557609044123,160.67946710511876,0.5656060738542483,9.425825220781048,0.0,0.0,-1110.9938034633367,0.0,7.275957614183426e-12,0.0,1.1102230246251565e-16
closure_hypothesis,recirculating,366.5386549308359,366.5386549308359,19837.7679047011,90000.0,0.0,0.0,0.0,0.0,214.67292326117683,0.0,0.0,826666.6666666656,124.0,0.10375253253300452,0.026975658458581176,0.0,0.3230243415414188,1.0,0.6603335914046443,0.9206598280629965,0.7247399858897816,0.7388979437019734,0.7388979437019734,0.7388979437019734,0.0,0.0,0.0,0.0,0.0,0.5689632706832238,0.1067165318317247,0.06321814118702486,4.536800734455213,162.23209529890917,530.4623524461624,6.8990259918684815,161.4931973552072,0.5689632706832238,9.481772905935925,0.0,0.0,-1112.9097655799123,0.0,1.0913936421275139e-11,0.0,0.0
closure_hypothesis,recirculating,368.3763817704991,368.3763817704991,19836.95451634008,90000.0,0.0,0.0,0.0,0.0,216.64812573510727,0.0,0.0,833333.3333333322,125.0,0.1042727199979662,0.02711090719947121,0.0,0.32288909280052874,1.0,0.6589610308496788,0.920262037648614,0.7235408992139053,0.7426025804835137,0.7426025804835137,0.7426025804835137,0.0,0.0,0.0,0.0,0.0,0.5723037726274804,0.10670949978631315,0.06358930806972003,4.5369867600324065,163.04548365993173,530.1544688800793,6.910459388587812,162.3028810794482,0.5723037726274804,9.537442370836962,0.0,0.0,-1114.8292985889416,0.0,1.0913936421275139e-11,0.0,0.0
closure_hypothesis,recirculating,370.20502017892494,370.20502017892494,19836.14515057046,90000.0,0.0,0.0,0.0,0.0,218.6266108918144,0.0,0.0,839999.9999999988,126.0,0.10479033488908077,0.027245487071161,0.0,0.322754512928839,1.0,0.6575980901244691,0.9198662144965853,0.7223493916147293,0.7462888960782912,0.7462888960782912,0.7462888960782912,0.0,0.0,0.0,0.0,0.0,0.5756277540232511,0.10670250271912335,0.06395863933591676,4.537171880767959,163.85484942955011,529.8481079443238,6.9218581174728655,163.10856053347183,0.5756277540232511,9.592836520797478,0.0,0.0,-1116.7523895956883,0.0,1.0913936421275139e-11,0.0,1.1102230246251565e-16
closure_hypothesis,recirculating,372.0246645259857,372.0246645259857,19835.3397656236,90000.0,0.0,0.0,0.0,0.0,220.60836883243422,0.0,0.0,846666.6666666655,127.0,0.10530540391871024,0.027379405018864662,0.0,0.3226205949811353,1.0,0.6562446511915079,0.9194723381798098,0.7211653752256649,0.7499570807246441,0.7499570807246441,0.7499570807246441,0.0,0.0,0.0,0.0,0.0,0.5789353864126963,0.10669554026609272,0.06432615404585512,4.5373561059931005,164.66023437640706,529.543253828639,6.933222492046869,163.91027729568242,0.5789353864126963,9.647958214567582,0.0,0.0,-1118.679025842538,0.0,7.275957614183426e-12,0.0,0.0
closure_hypothesis,recirculating,373.8354076777009,373.8354076777009,19834.538320396478,90000.0,0.0,0.0,0.0,0.0,222.5933897473155,0.0,0.0,853333.3333333321,128.0,0.10581795337353567,0.027512667877119274,0.0,0.3224873321228807,1.0,0.6549005980968579,0.919080388596708,0.7199887636750375,0.7536073216293236,0.7536073216293236,0.7536073216293236,0.0,0.0,0.0,0.0,0.0,0.5822268386043197,0.10668861206896853,0.0646918709560355,4.537539444890944,165.46167960353145,529.2398909747163,6.9445528211836365,164.70807228190213,0.5822268386043197,9.702810265340986,0.0,0.0,-1120.609194706646,0.0,7.275957614183426e-12,0.0,0.0
closure_hypothesis,recirculating,375.6373410285695,375.6373410285695,19833.74077443736,90000.0,0.0,0.0,0.0,0.0,224.581663914701,0.0,0.0,859999.9999999987,129.0,0.10632800912370907,0.02764528237216436,0.0,0.32235471762783563,1.0,0.6535658169220827,0.9186903459642225,0.7188194720524913,0.7572398030326726,0.7572398030326726,0.7572398030326726,0.0,0.0,0.0,0.0,0.0,0.5855022767317417,0.10668171777518176,0.06505580852574906,4.537721906499663,166.2592255626488,528.9380040707786,6.955849409203092,165.50198575961613,0.5855022767317417,9.757395441734475,0.0,0.0,-1122.5428836976378,0.0,7.275957614183426e-12,0.0,0.0
closure_hypothesis,recirculating,377.4305545330276,377.4305545330276,19832.9470879319,90000.0,0.0,0.0,0.0,0.0,226.57318169943574,0.0,0.0,866666.6666666653,130.0,0.1068355966317579,0.027777255124257057,0.0,0.32222274487574293,1.0,0.652240195737547,0.9183021908110087,0.7176574168763322,0.7608547062720395,0.7608547062720395,0.7608547062720395,0.0,0.0,0.0,0.0,0.0,0.5887618643108813,0.10667485703772706,0.06541798492343123,4.537903499715575,167.0529120681046,528.6375780463092,6.9671125559643,166.29205736183258,0.5887618643108813,9.811716468740837,0.0,0.0,-1124.480080455366,0.0,7.275957614183426e-12,0.0,0.0
closure_hypothesis,recirculating,379.2151367360606,379.2151367360606,19832.157221689595,90000.0,0.0,0.0,0.0,0.0,228.56793355170137,0.0,0.0,873333.333333332,131.0,0.10734074096125007,0.02790859264992502,0.0,0.32209140735007497,1.0,0.6509236245570386,0.9179159039708088,0.7165025160617783,0.7644522098434897,0.7644522098434897,0.7644522098434897,0.0,0.0,0.0,0.0,0.0,0.5920057622956022,0.1066680295150429,0.06577841803284468,4.5380842332961535,167.84277831041354,528.3385980669241,6.9783425569560595,167.07832610057005,0.5920057622956022,9.86577602865621,0.0,0.0,-1126.4207727477165,0.0,7.275957614183426e-12,0.0,-1.1102230246251565e-16
closure_hypothesis,recirculating,380.99117480299657,380.99117480299657,19831.37113713056,90000.0,0.0,0.0,0.0,0.0,230.5659100057765,0.0,0.0,879999.9999999986,132.0,0.10784346678522737,0.028039301364159115,0.0,0.32196069863584087,1.0,0.6496159952936713,0.9175314665760026,0.7153546888900861,0.7680324894618646,0.7680324894618646,0.7680324894618646,0.0,0.0,0.0,0.0,0.0,0.5952341291318706,0.1066612348708974,0.06613712545909671,4.538264115862957,168.62886286944598,528.0410495293798,6.989539703385166,167.86083037998412,0.5952341291318706,9.919576761982622,0.0,0.0,-1128.3649484684652,0.0,7.275957614183426e-12,0.0,0.0
closure_hypothesis,recirculating,382.758754548508,382.758754548508,19830.588796272743,90000.0,0.0,0.0,0.0,0.0,232.56710167882167,0.0,0.0,886666.6666666652,133.0,0.10834379839441456,0.02816938758254779,0.0,0.3218306124174522,1.0,0.6483172017170212,0.91714886005133,0.7142138559785266,0.7715957181192463,0.7715957181192463,0.7715957181192463,0.0,0.0,0.0,0.0,0.0,0.5984471208104735,0.10665447277427585,0.06649412453449703,4.538443155904475,169.4112037272645,527.7449180567157,7.000704282262383,168.63960800914526,0.5984471208104735,9.97312126830654,0.0,0.0,-1130.3125956351864,0.0,7.275957614183426e-12,0.0,0.0
closure_hypothesis,recirculating,384.517960464846,384.517960464846,19829.81016171939,90000.0,0.0,0.0,0.0,0.0,234.57149926968884,0.0,0.0,893333.3333333319,134.0,0.10884175970521151,0.028298857523354995,0.0,0.321701142476645,1.0,0.647027139411459,0.9167680661077795,0.7130799392511794,0.7751420661418736,0.7751420661418736,0.7751420661418736,0.0,0.0,0.0,0.0,0.0,0.6016448909183423,0.10664774289927124,0.06684943232426023,4.538621361778904,170.1898382806204,527.4501894935219,7.011836576486232,169.4146962144785,0.6016448909183423,10.026412107154174,0.0,0.0,-1132.263702387206,0.0,1.0913936421275139e-11,0.0,-1.1102230246251565e-16
closure_hypothesis,recirculating,386.2688757493326,386.2688757493326,19829.035196646888,90000.0,0.0,0.0,0.0,0.0,236.57909355775453,0.0,0.0,899999.9999999985,135.0,0.1093373742674751,0.028427717309543528,0.0,0.32157228269045646,1.0,0.6457457057356357,0.9163890667366367,0.7119528619105218,0.7786717012455645,0.7786717012455645,0.7786717012455645,0.0,0.0,0.0,0.0,0.0,0.6048275906885272,0.10664104492497875,0.06720306563205856,4.538798741716849,170.9648033531221,527.1568499013355,7.022936864924633,170.18613165187654,0.6048275906885272,10.079451798824305,0.0,0.0,-1134.2182569836016,0.0,1.0913936421275139e-11,0.0,0.0
closure_hypothesis,recirculating,388.0115823311344,388.0115823311344,19828.263864792923,90000.0,0.0,0.0,0.0,0.0,238.58987540177594,0.0,0.0,906666.6666666651,136.0,0.10983066527209775,0.028555972970745417,0.0,0.32144402702925456,1.0,0.6444727997830875,0.91601184420369,0.7108325484097854,0.7821847885896871,0.7821847885896871,0.7821847885896871,0.0,0.0,0.0,0.0,0.0,0.6079953690488664,0.10663437853539119,0.06755504100542958,4.538975303823954,171.73613520708508,526.8648855541534,7.03400542249448,170.9539504184954,0.6079953690488664,10.132242825199357,0.0,0.0,-1136.1762478012479,0.0,7.275957614183426e-12,0.0,0.0
closure_hypothesis,recirculating,389.74616089733917,389.74616089733917,19827.496130444935,90000.0,0.0,0.0,0.0,0.0,240.60383573876985,0.0,0.0,913333.3333333317,137.0,0.11032165555838877,0.02868363044518108,0.0,0.3213163695548189,1.0,0.6432083223439172,0.915636381043585,0.7097189244260548,0.785681490829728,0.785681490829728,0.785681490829728,0.0,0.0,0.0,0.0,0.0,0.6111483726693859,0.10662774341929929,0.06790537474104287,4.539151056083468,172.50386955507378,526.5742829340643,7.0450425202392175,171.71818806424406,0.6111483726693859,10.184787630535316,0.0,0.0,-1138.137663332906,0.0,7.275957614183426e-12,0.0,0.0
closure_hypothesis,recirculating,391.4726909183589,391.4726909183589,19826.731958428863,90000.0,0.0,0.0,0.0,0.0,242.62096558291324,0.0,0.0,919999.9999999984,138.0,0.11081036762126482,0.028810695581528854,0.0,0.3211893044184711,1.0,0.641952175867525,0.9152626600543268,0.7086119168340846,0.7891619681685014,0.7891619681685014,0.7891619681685014,0.0,0.0,0.0,0.0,0.0,0.6142867460084777,0.1066211392701928,0.06825408288983083,4.539326006358736,173.26804157114492,526.2850287269928,7.056048425404489,172.4788796029764,0.6142867460084777,10.23708862223128,0.0,0.0,-1140.1024921853532,0.0,7.275957614183426e-12,0.0,1.1102230246251565e-16
closure_hypothesis,recirculating,393.19125067267873,393.19125067267873,19825.971314098206,90000.0,0.0,0.0,0.0,0.0,244.64125602446535,0.0,0.0,926666.666666665,139.0,0.11129682361825544,0.028937174140746414,0.0,0.32106282585925355,1.0,0.6407042644263459,0.9148906642919222,0.7075114536808169,0.7926263784060396,0.7926263784060396,0.7926263784060396,0.0,0.0,0.0,0.0,0.0,0.6174106313578872,0.10661456578616484,0.06860118126198746,4.539500162395635,174.02868590180165,525.9971098185526,7.067023401511849,173.23605952339562,0.6174106313578872,10.289148171579189,0.0,0.0,-1142.0707230775574,0.0,7.275957614183426e-12,0.0,1.1102230246251565e-16
closure_hypothesis,recirculating,394.9019172709727,394.9019172709727,19825.21416332334,90000.0,0.0,0.0,0.0,0.0,246.66469822871068,0.0,0.0,933333.3333333316,140.0,0.11178104537632925,0.02906307179784561,0.0,0.32093692820215436,1.0,0.639464493680569,0.91452037706516,0.7064174641605644,0.7960748769882084,0.7960748769882084,0.7960748769882084,0.0,0.0,0.0,0.0,0.0,0.6205201688865507,0.10660802266981882,0.06894668543183895,4.5396735318249455,174.7858366766673,525.7105132900075,7.077967708430734,173.9897617996791,0.6205201688865507,10.340968614494367,0.0,0.0,-1144.0423448388876,0.0,7.275957614183426e-12,0.0,0.0
closure_hypothesis,recirculating,396.6047666796062,396.6047666796062,19824.460472481118,90000.0,0.0,0.0,0.0,0.0,248.69128343492235,0.0,0.0,939999.9999999983,141.0,0.11226305439854654,0.029188394143622103,0.0,0.32081160585637786,1.0,0.638232770843802,0.9141517819305232,0.7053298785908565,0.7995076170540845,0.7995076170540845,0.7995076170540845,0.0,0.0,0.0,0.0,0.0,0.6236154966833161,0.10660150962817778,0.06929061074259066,4.53984612216466,175.53952751888758,525.4252264143321,7.088881602448561,174.7400199018335,0.6236154966833161,10.392552252227462,0.0,0.0,-1146.0173464073662,0.0,7.275957614183426e-12,0.0,-1.1102230246251565e-16
closure_hypothesis,recirculating,398.29987374354295,398.29987374354295,19823.710208444736,90000.0,0.0,0.0,0.0,0.0,250.72100295534526,0.0,0.0,946666.6666666649,142.0,0.11274287187054335,0.029313146686341274,0.0,0.3206868533136587,1.0,0.6370090046496532,0.9137848626872316,0.7042486283889081,0.8029247494821333,0.8029247494821333,0.8029247494821333,0.0,0.0,0.0,0.0,0.0,0.6266967507985838,0.10659502637259569,0.06963297231095374,4.540017940822236,176.2897915552696,525.1412366523755,7.099765336339205,175.48686680578746,0.6266967507985838,10.443901352058399,0.0,0.0,-1147.9957168279582,0.0,7.275957614183426e-12,0.0,1.1102230246251565e-16
closure_hypothesis,recirculating,399.9873122086756,399.9873122086756,19822.96333857384,90000.0,0.0,0.0,0.0,0.0,252.7538481741986,0.0,0.0,953333.3333333315,143.0,0.11322051866685233,0.029437334853381607,0.0,0.32056266514661835,1.0,0.6357931053192002,0.913419603372407,0.7031736460487081,0.8063264229352248,0.8063264229352248,0.8063264229352248,0.0,0.0,0.0,0.0,0.0,0.6297640652848986,0.10658857261867086,0.06997378503165538,4.540188995096786,177.0366614261652,524.8585316491194,7.110619159429725,176.23033500322998,0.6297640652848986,10.495018147972834,0.0,0.0,-1149.977445250897,0.0,7.275957614183426e-12,0.0,0.0
closure_hypothesis,recirculating,401.66715474359677,401.66715474359677,19822.2198307049,90000.0,0.0,0.0,0.0,0.0,254.7898105466973,0.0,0.0,959999.9999999981,144.0,0.11369601535706532,0.029560963992836985,0.0,0.320439036007163,1.0,0.6345849845293194,0.9130559882563618,0.7021048651186957,0.8097127839045218,0.8097127839045218,0.8097127839045218,0.0,0.0,0.0,0.0,0.0,0.632817572236524,0.10658214808616183,0.07031306358183598,4.540359292181228,177.7801692951072,524.5770992300314,7.1214433176655385,176.97045651120268,0.632817572236524,10.545904841321672,0.0,0.0,-1151.962520930047,0.0,7.275957614183426e-12,0.0,0.0
closure_hypothesis,recirculating,403.3394729608277,403.3394729608277,19821.4796531418,90000.0,0.0,0.0,0.0,0.0,256.8288815980921,0.0,0.0,966666.6666666648,145.0,0.1141693822118423,0.029684039375078998,0.0,0.32031596062492096,1.0,0.633384555381848,0.9126940018380029,0.7010422201800156,0.8130839767522733,0.8130839767522733,0.8130839767522733,0.0,0.0,0.0,0.0,0.0,0.6358574018280306,0.10657575249890604,0.07065082242533671,4.540528839164364,178.5203468582052,524.2969273975077,7.13223805367398,177.70726288145292,0.6358574018280306,10.59656360146413,0.0,0.0,-1153.9509332212992,0.0,3.637978807091713e-12,0.0,-1.1102230246251565e-16
closure_hypothesis,recirculating,405.0043374375208,405.0043374375208,19820.7427746467,90000.0,0.0,0.0,0.0,0.0,258.871052922727,0.0,0.0,973333.3333333314,146.0,0.1146406392087714,0.029806566194280567,0.0,0.3201934338057194,1.0,0.6321917323735513,0.9123336288403513,0.6999856468253293,0.8164401437535493,0.8164401437535493,0.8164401437535493,0.0,0.0,0.0,0.0,0.0,0.6388836823519294,0.10656938558473894,0.07098707581688102,4.540697643032917,179.25722535330854,524.0180043274049,7.143003606826347,178.440785209555,0.6388836823519294,10.646996566394902,0.0,0.0,-1155.9426715810034,0.0,7.275957614183426e-12,0.0,0.0
closure_hypothesis,recirculating,406.66181773565154,406.66181773565154,19820.009164431067,90000.0,0.0,0.0,0.0,0.0,260.9163161831154,0.0,0.0,979999.999999998,147.0,0.1151098060380846,0.029928549569901996,0.0,0.320071450430098,1.0,0.6310064313668725,0.9119748542061706,0.6989350816381645,0.8197814251369452,0.8197814251369452,0.8197814251369452,0.0,0.0,0.0,0.0,0.0,0.6418965402553762,0.10656304707541604,0.0713218378061529,4.540865710673522,179.99083556894362,523.7403183656576,7.153740213298489,179.17105414380669,0.6418965402553762,10.697205843355844,0.0,0.0,-1157.9377255644308,0.0,1.0913936421275139e-11,0.0,0.0
closure_hypothesis,recirculating,408.311982421715,408.311982421715,19819.278792146975,90000.0,0.0,0.0,0.0,0.0,262.96466310903196,0.0,0.0,986666.6666666646,148.0,0.11557690210823285,0.03004999454814054,0.0009993912384125788,0.3199500054518594,1.0,0.6298285695614405,0.9116176630937043,0.6978904621727919,0.8231079591242868,0.8231079591242868,0.8231079591242868,0.0,0.0,0.0,0.0,0.0,0.6448961001759744,0.10655673670653748,0.07165512224177492,4.541033048874657,180.72120785303153,523.4638580249779,7.164448106129929,179.89809989390724,0.6448961001759744,10.747193509432613,0.0,0.0,-1159.9360848242707,0.0,7.275957614183426e-12,0.0,-1.1102230246251565e-16
closure_hypothesis,recirculating,409.9548990859422,409.9548990859422,19818.551627878616,90000.0,0.0,0.0,0.0,0.0,265.0160854966225,0.0,0.0,993333.3333333313,149.0,0.11604194655132552,0.030170906103344636,0.0034122869379483037,0.31982909389665537,1.0,0.6286580654663092,0.9112620408725158,0.6968517269346092,0.8264198819693691,0.8264198819693691,0.8264198819693691,0.0,0.0,0.0,0.0,0.0,0.6478824849767068,0.10655045421747274,0.07198694277518962,4.54119966432853,181.44837212139328,523.1886119816367,7.17512751528158,180.6219522394239,0.6478824849767068,10.796961612136817,0.0,0.0,-1161.937739109157,0.0,1.0913936421275139e-11,0.0,0.0
closure_hypothesis,recirculating,411.59063436104896,411.59063436104896,19817.827642133958,90000.0,0.0,0.0,0.0,0.0,267.0705752075296,0.0,0.0,999999.9999999979,150.0,0.1165049582284375,0.03029128913939375,0.005808845821652822,0.3197087108606062,1.0,0.6274948388729112,0.9109079731194301,0.6958188153610121,0.8297173279957513,0.8297173279957513,0.8297173279957513,0.0,0.0,0.0,0.0,0.0,0.6508558157800158,0.10654419935128924,0.07231731286444619,4.541365563632933,182.17235786604817,522.9145690723216,7.1857786676921735,181.34264053805242,0.6508558157800158,10.846512169973963,0.0,0.0,-1163.942678262227,0.0,7.275957614183426e-12,0.0,0.0
closure_hypothesis,recirculating,413.2192539405328,413.2192539405328,19817.106805836695,90000.0,0.0,0.0,0.0,0.0,269.12812416803393,0.0,0.0,1006666.6666666645,151.0,0.11696595573478827,0.03041114849104495,0.00818925368344771,0.31958885150895505,1.0,0.626338810828699,0.9105554456145737,0.6947916678027545,0.8330004296336412,0.8330004296336412,0.8330004296336412,0.0,0.0,0.0,0.0,0.0,0.6538162120010643,0.10653797185468077,0.07264624577789602,4.541530753293032,182.89319416331222,522.6417182910728,7.1964017873332615,182.06019373367857,0.6538162120010643,10.895847172997737,0.0,0.0,-1165.9508922197074,0.0,7.275957614183426e-12,0.0,1.1102230246251565e-16
closure_hypothesis,recirculating,414.8408225965292,414.8408225965292,19816.389090318306,90000.0,0.0,0.0,0.0,0.0,271.188724368212,0.0,0.0,1013333.3333333312,152.0,0.11742495740479636,0.030530488925247054,0.010553693330651709,0.3194695110747529,1.0,0.6251899036114563,0.9102044443375086,0.6937702255057584,0.8362693174558913,0.8362693174558913,0.8362693174558913,0.0,0.0,0.0,0.0,0.0,0.6567637913801933,0.1065317714778988,0.07297375459779923,4.541695239723129,183.61090968170134,522.3700487862905,7.206997095263062,182.77464036424544,0.6567637913801933,10.94496858335092,0.0,0.0,-1167.9623710095323,0.0,7.275957614183426e-12,0.0,0.0
closure_hypothesis,recirculating,416.45540419724153,416.45540419724153,19815.674467310364,90000.0,0.0,0.0,0.0,0.0,273.2523678611083,0.0,0.0,1019999.9999999978,153.0,0.11788198131701294,0.030649315142423365,0.012902344646144717,0.3193506848575766,1.0,0.6240480407042577,0.9098549554634607,0.6927544305933874,0.8395241202131352,0.8395241202131352,0.8395241202131352,0.0,0.0,0.0,0.0,0.0,0.6596986700146051,0.10652559797468511,0.073299852223845,4.541859029248372,184.3255326896459,522.0995498578151,7.217564809678934,183.48600856943278,0.6596986700146051,10.993878335793394,0.0,0.0,-1169.9771047499862,0.0,1.0913936421275139e-11,0.0,0.0
closure_hypothesis,recirculating,418.0630617239558,418.0630617239558,19814.96290893699,90000.0,0.0,0.0,0.0,0.0,275.3190467619232,0.0,0.0,1026666.6666666644,154.0,0.1183370452989382,0.03076763177772393,0.01523538464894349,0.3192323682222761,1.0,0.6229131467710568,0.9095069653596356,0.6917442260491447,0.8427649648680879,0.8427649648680879,0.8427649648680879,0.0,0.0,0.0,0.0,0.0,0.6626209623892937,0.10651945110220606,0.07362455137658817,4.542022128106432,185.03709106302165,521.8302109540771,7.228105145968761,184.19432609815357,0.6626209623892937,11.042578338217579,0.0,0.0,-1171.9950836483767,0.0,1.0913936421275139e-11,0.0,0.0
closure_hypothesis,recirculating,419.66385728765243,419.66385728765243,19814.254387707508,90000.0,0.0,0.0,0.0,0.0,277.38875324721397,0.0,0.0,1033333.333333331,155.0,0.11879016693172333,0.030885443402248067,0.01755298755323483,0.3191145565977519,1.0,0.6217851476328863,0.9091604605816233,0.6907395556998024,0.8459919766290327,0.8459919766290327,0.8459919766290327,0.0,0.0,0.0,0.0,0.0,0.66553078140724,0.10651333062098836,0.07394786460080442,4.542184542449135,185.74561229250207,521.5620216693131,7.23861831676108,184.89962031587305,0.66553078140724,11.091070472151653,0.0,0.0,-1174.0162979997335,0.0,1.0913936421275139e-11,0.0,0.0
closure_hypothesis,recirculating,421.2578521452273,421.2578521452273,19813.54887650927,90000.0,0.0,0.0,0.0,0.0,279.46147955411186,0.0,0.0,1039999.9999999977,156.0,0.11924136355476211,0.03100275452423815,0.019855324825915927,0.3189972454757618,1.0,0.6206639702446486,0.9088154278698877,0.6897403641989409,0.8492052789825207,0.8492052789825207,0.8492052789825207,0.0,0.0,0.0,0.0,0.0,0.6684282384188979,0.1065072362948564,0.0742698042687664,4.542346278344059,186.45112349073804,521.2949717408493,7.249104531974087,185.60191821175553,0.6684282384188979,11.139356593250932,0.0,0.0,-1176.0407381855323,0.0,7.275957614183426e-12,0.0,1.1102230246251565e-16
closure_hypothesis,recirculating,422.8451067153317,422.8451067153317,19812.84634860064,90000.0,0.0,0.0,0.0,0.0,281.53721797955154,0.0,0.0,1046666.6666666643,157.0,0.11969065227017467,0.031119569590245415,0.022142565242684924,0.31888043040975456,1.0,0.6195495426724819,0.908471854146337,0.6887465970108838,0.8524049937253029,0.8524049937253029,0.8524049937253029,0.0,0.0,0.0,0.0,0.0,0.6713134432509887,0.10650116789087088,0.07459038258344318,4.54250734177609,187.15365139936858,521.0290510464469,7.259563998863559,186.30124640564327,0.6713134432509887,11.187438531777726,0.0,0.0,-1178.068394672445,0.0,7.275957614183426e-12,0.0,1.1102230246251565e-16
closure_hypothesis,recirculating,424.4256805938434,424.4256805938434,19812.14677760414,90000.0,0.0,0.0,0.0,0.0,283.61596087951494,0.0,0.0,1053333.333333331,158.0,0.12013804994718652,0.031235892986268495,0.024414874942724093,0.3187641070137315,1.0,0.6184417940716844,0.908129726510975,0.687758200395024,0.855591240995517,0.855591240995517,0.855591240995517,0.0,0.0,0.0,0.0,0.0,0.6741865042346229,0.1064951251792693,0.07490961158162475,4.542667738648946,187.85322239586844,520.7642496017104,7.26999692206967,186.99763115487292,0.6741865042346229,11.23531809306999,0.0,0.0,-1180.0992580111163,0.0,7.275957614183426e-12,0.0,0.0
closure_hypothesis,recirculating,425.99963256897803,425.99963256897803,19811.45013749977,90000.0,0.0,0.0,0.0,0.0,285.69770066828795,0.0,0.0,1059999.9999999977,159.0,0.12058357322640616,0.0313517290388656,0.026672417482019862,0.31864827096113435,1.0,0.6173406546651795,0.9077890322386305,0.686775121390527,0.8587641393031513,0.8587641393031513,0.8587641393031513,0.0,0.0,0.0,0.0,0.0,0.6770475282327697,0.10648910793340736,0.07522750313697439,4.542827474786664,188.5498625002365,520.5005575575562,7.280403503662745,187.69109836093332,0.6770475282327697,11.282997057999106,0.0,0.0,-1182.1333188349602,0.0,7.275957614183426e-12,0.0,-1.1102230246251565e-16
closure_hypothesis,recirculating,427.5670206360517,427.5670206360517,19810.756402618477,90000.0,0.0,0.0,0.0,0.0,287.7824298177305,0.0,0.0,1066666.6666666644,160.0,0.12102723852400374,0.031467082016240974,0.028915353885358354,0.318532917983759,1.0,0.6162460557225058,0.9074497587757618,0.6857973078013975,0.8619238055598039,0.8619238055598039,0.8619238055598039,0.0,0.0,0.0,0.0,0.0,0.6798966206670919,0.10648311592970189,0.07554406896301019,4.542986555935052,189.24359738152984,520.237965197739,7.290783943188019,188.38167357597004,0.6798966206670919,11.330477183417086,0.0,0.0,-1184.1705678589847,0.0,7.275957614183426e-12,0.0,-1.1102230246251565e-16
closure_hypothesis,recirculating,429.1279020119041,429.1279020119041,19810.06554763576,90000.0,0.0,0.0,0.0,0.0,289.87014085655886,0.0,0.0,1073333.3333333312,161.0,0.12146906203579362,0.031581956129306345,0.0311438426970351,0.3184180438706936,1.0,0.6151579295393196,0.9071118937373343,0.6848247081819007,0.8650703551077572,0.8650703551077572,0.8650703551077572,0.0,0.0,0.0,0.0,0.0,0.6827338855441637,0.10647714894757532,0.07585932061601817,4.543144987763106,189.93445236424745,519.9764629364356,7.301138437709403,189.0693820091397,0.6827338855441637,11.377760202593487,0.0,0.0,-1186.2109958786366,0.0,7.275957614183426e-12,0.0,0.0
closure_hypothesis,recirculating,430.68233314899135,430.68233314899135,19809.377547565444,90000.0,0.0,0.0,0.0,0.0,291.9608263696405,0.0,0.0,1079999.999999998,162.0,0.12190905974122361,0.03169635553271814,0.033358040030318496,0.3183036444672818,1.0,0.6140762094173903,0.9067754249037702,0.6838572718223332,0.8682039017483886,0.8682039017483886,0.8682039017483886,0.0,0.0,0.0,0.0,0.0,0.685559425481089,0.10647120676940094,0.07617326949789875,4.5433027758644,190.62245243456778,519.7160413158837,7.311467181852246,189.7542485328194,0.685559425481089,11.424847825642347,0.0,0.0,-1188.2545937686693,0.0,1.0913936421275139e-11,0.0,0.0
closure_hypothesis,recirculating,432.23036974915834,432.23036974915834,19808.692377753567,90000.0,0.0,0.0,0.0,0.0,294.0544789973013,0.0,0.0,1086666.6666666646,163.0,0.12234724740727322,0.03181028432589104,0.03555809961570084,0.3181897156741089,1.0,0.61300082964508,0.9064403402179675,0.6828949487351252,0.8713245577699332,0.8713245577699332,0.8713245577699332,0.0,0.0,0.0,0.0,0.0,0.6883733417305352,0.10646528918044973,0.07648592685894834,4.54345992575844,191.30762224644445,519.4566910040747,7.32177036784519,190.43629768867453,0.6883733417305352,11.471741739939368,0.0,0.0,-1190.3013524820333,0.0,1.0913936421275139e-11,0.0,-1.1102230246251565e-16
closure_hypothesis,recirculating,433.7720667770986,433.7720667770986,19808.010013872445,90000.0,0.0,0.0,0.0,0.0,296.15109143464446,0.0,0.0,1093333.3333333314,164.0,0.12278364059226374,0.03192374655398857,0.03774417284797485,0.3180762534460114,1.0,0.6119317254782877,0.9061066277823866,0.6819376896412683,0.8744324339746175,0.8744324339746175,0.8744324339746175,0.0,0.0,0.0,0.0,0.0,0.691175734205201,0.10645939596883866,0.07679730380057787,4.543616442891988,191.98998612756372,519.1984027924988,7.332048185561114,191.1155536935891,0.691175734205201,11.518443610529673,0.0,0.0,-1192.351263048786,0.0,7.275957614183426e-12,0.0,0.0
closure_hypothesis,recirculating,435.30747847351057,435.30747847351057,19807.33043191484,90000.0,0.0,0.0,0.0,0.0,298.25065643088084,0.0,0.0,1099999.9999999981,165.0,0.12321825464958219,0.032036746208891374,0.03991640883216649,0.3179632537911086,1.0,0.6108688331218508,0.9057742758562018,0.6809854459570639,0.8775276397051804,0.8775276397051804,0.8775276397051804,0.0,0.0,0.0,0.0,0.0,0.6939667015017307,0.1064535269254797,0.07710741127797005,4.543772332640356,192.66956808516755,518.9411675939403,7.342300822557153,191.79204044546236,0.6939667015017307,11.56495508052634,0.0,0.0,-1194.4043165750259,0.0,7.275957614183426e-12,0.0,0.0
closure_hypothesis,recirculating,436.83665836795893,436.83665836795893,19806.653608188262,90000.0,0.0,0.0,0.0,0.0,300.3531667886709,0.0,0.0,1106666.6666666649,166.0,0.12365110473132189,0.032149287230143694,0.042074954428360234,0.31785071276985627,1.0,0.6098120897113853,0.9054432728525185,0.6800381697811776,0.880610282870801,0.880610282870801,0.880610282870801,0.0,0.0,0.0,0.0,0.0,0.6967463409240942,0.1064476818440297,0.0774162601026771,4.543927600308672,193.34639181174595,518.6849764403239,7.352528464113857,192.46578152887514,0.6967463409240942,11.611277771500028,0.0,0.0,-1196.460504241842,0.0,7.275957614183426e-12,0.0,1.1102230246251565e-16
closure_hypothesis,recirculating,438.35965929144794,438.35965929144794,19805.979519309407,90000.0,0.0,0.0,0.0,0.0,302.4586153634776,0.0,0.0,1113333.3333333316,167.0,0.12408220579184143,0.03226137350587877,0.0442199542954461,0.3177386264941212,1.0,0.6087614332955568,0.9051136073356507,0.6790958138819924,0.883680469972444,0.883680469972444,0.883680469972444,0.0,0.0,0.0,0.0,0.0,0.6995147485064415,0.10644186052084245,0.07772386094516015,4.544082251133122,194.02048069060217,518.4298204806073,7.362731293273527,193.13680022062974,0.6995147485064415,11.657413283859846,0.0,0.0,-1198.519817304289,0.0,7.275957614183426e-12,0.0,-1.1102230246251565e-16
closure_hypothesis,recirculating,439.87653338871536,439.87653338871536,19805.308142198715,90000.0,0.0,0.0,0.0,0.0,304.5669950629304,0.0,0.0,1119999.9999999984,168.0,0.12451157259124464,0.03237300887372361,0.04635155093382001,0.31762699112627635,1.0,0.6077168028187669,0.9047852680184599,0.6781583316852516,0.8867383061276435,0.8867383061276435,0.8867383061276435,0.0,0.0,0.0,0.0,0.0,0.7022720190354504,0.10643606275492073,0.07803022433727225,4.544236290282153,194.69185780129402,518.1756909787215,7.372909490877731,193.80511949516637,0.7022720190354504,11.703363197225782,0.0,0.0,-1200.5822470903759,0.0,1.0913936421275139e-11,0.0,1.1102230246251565e-16
closure_hypothesis,recirculating,441.3873321302544,441.3873321302544,19804.63945407505,90000.0,0.0,0.0,0.0,0.0,306.6782988461995,0.0,0.0,1126666.666666665,169.0,0.12493921969878348,0.032484197121683704,0.04846988472706693,0.31751580287831627,1.0,0.6066781381042466,0.9044582437597538,0.6772256772619917,0.8897838950947371,0.8897838950947371,0.8897838950947371,0.0,0.0,0.0,0.0,0.0,0.7050182460721802,0.10643028834787023,0.07833536067468667,4.54438972285766,195.36054592495475,517.9225793115578,7.383063235603955,194.47076202986003,0.7050182460721802,11.749129070792883,0.0,0.0,-1202.6477850000779,0.0,7.275957614183426e-12,0.0,-1.1102230246251565e-16
closure_hypothesis,recirculating,442.8921063240706,442.8921063240706,19803.97343245051,90000.0,0.0,0.0,0.0,0.0,308.7925197233806,0.0,0.0,1133333.3333333319,170.0,0.12536516149618598,0.03259494198900836,0.050575093982656825,0.3174050580109916,1.0,0.605645379837542,0.9041325235617401,0.676297805316741,0.8928173392965674,0.8928173392965674,0.8928173392965674,0.0,0.0,0.0,0.0,0.0,0.7077535219734425,0.10642453710385345,0.07863928021927137,4.544542553896142,196.0265675494969,517.6704769669968,7.393192704001565,195.13375021020033,0.7077535219734425,11.79471244368742,0.0,0.0,-1204.7164225043643,0.0,7.275957614183426e-12,0.0,0.0
closure_hypothesis,recirculating,444.39090612718087,444.39090612718087,19803.310055125305,90000.0,0.0,0.0,0.0,0.0,310.90965075489044,0.0,0.0,1139999.9999999986,171.0,0.1257894121809112,0.03270524716703691,0.052667314971678654,0.31729475283296305,1.0,0.6046184695503829,0.9038080965675385,0.6753746711759941,0.8958387398436612,0.8958387398436612,0.8958387398436612,0.0,0.0,0.0,0.0,0.0,0.7104779379127036,0.10641880882954621,0.07894199310141149,4.5446947883698385,196.68994487470167,517.4193755419827,7.403298070526934,195.794106134858,0.7104779379127036,11.840114835315205,0.0,0.0,-1206.7881511442465,0.0,7.275957614183426e-12,0.0,-1.1102230246251565e-16
closure_hypothesis,recirculating,445.88378105686127,445.88378105686127,19802.64930018281,90000.0,0.0,0.0,0.0,0.0,313.0296850508711,0.0,0.0,1146666.6666666653,172.0,0.12621198576933285,0.032815116300026544,0.05474668196764096,0.31718488369997344,1.0,0.6035973496049261,0.9034849520587455,0.6744562307769429,0.8988481965569054,0.8988481965569054,0.8988481965569054,0.0,0.0,0.0,0.0,0.0,0.7131915839005307,0.1064131033340935,0.07924350932228118,4.544846431187829,197.35069981719732,517.1692667406387,7.41337950757787,196.4518516206404,0.7131915839005307,11.885337745702344,0.0,0.0,-1208.86296252984,0.0,7.275957614183426e-12,0.0,0.0
closure_hypothesis,recirculating,447.37078000165053,447.37078000165053,19801.991145984677,90000.0,0.0,0.0,0.0,0.0,315.1526157706053,0.0,0.0,1153333.333333332,173.0,0.1266328960998542,0.03292455298596209,0.05681332728436566,0.3170754470140379,1.0,0.602581963178358,0.9031630794530526,0.6735424406564631,0.9018458079897272,0.9018458079897272,0.9018458079897272,0.0,0.0,0.0,0.0,0.0,0.715894548804594,0.10640742042906717,0.07954383875606598,4.544997487197121,198.00885401532946,516.9201423724235,7.423437185527296,197.10700820733973,0.715894548804594,11.93038265582856,0.0,0.0,-1210.940848339448,0.0,7.275957614183426e-12,0.0,1.1102230246251565e-16
closure_hypothesis,recirculating,448.85195123211577,448.85195123211577,19801.33557116608,90000.0,0.0,0.0,0.0,0.0,317.2784361219405,0.0,0.0,1159999.9999999988,174.0,0.12705215683595528,0.03303356077734837,0.05886738131299912,0.3169664392226516,1.0,0.6015722542478517,0.9028424683019165,0.6726332579403451,0.9048316714497975,0.9048316714497975,0.9048316714497975,0.0,0.0,0.0,0.0,0.0,0.7185869203692358,0.10640175992842439,0.07984299115213729,4.5451479611837104,198.66442883392583,516.6719943503274,7.4334712727562495,197.75959716247604,0.7185869203692358,11.975251027953313,0.0,0.0,-1213.0218003186585,0.0,7.275957614183426e-12,0.0,0.0
closure_hypothesis,recirculating,450.32734241138553,450.32734241138553,19800.682554631047,90000.0,0.0,0.0,0.0,0.0,319.40713936072274,0.0,0.0,1166666.6666666656,175.0,0.12746978146917431,0.03314214318198532,0.06090897255816366,0.31685785681801465,1.0,0.6005681675758653,0.9025231082882784,0.6717286403327689,0.9078058830202638,0.9078058830202638,0.9078058830202638,0.0,0.0,0.0,0.0,0.0,0.7212687852346173,0.10639612164846673,0.08014097613717969,4.545297857873617,199.31744536895846,516.4248146891084,7.443481935686173,198.4096394859382,0.7212687852346173,12.019944305934898,0.0,0.0,-1215.105810279459,0.0,3.637978807091713e-12,0.0,0.0
closure_hypothesis,recirculating,451.7970006054578,451.7970006054578,19800.032075547897,90000.0,0.0,0.0,0.0,0.0,321.53871879023905,0.0,0.0,1173333.3333333323,176.0,0.1278857833220257,0.03325030366372668,0.0629382276732765,0.3167496963362733,1.0,0.5995696486957749,0.9022049892243333,0.6708285461060086,0.9107685375805302,0.9107685375805302,0.9107685375805302,0.0,0.0,0.0,0.0,0.0,0.7239402289554565,0.10639050540780082,0.08043780321727292,4.545447181933899,199.96792445210605,516.1785955035646,7.453469338810558,199.0571559145255,0.7239402289554565,12.064463915542682,0.0,0.0,-1217.1928700993676,0.0,3.637978807091713e-12,0.0,0.0
closure_hypothesis,recirculating,453.2609722932875,453.2609722932875,19799.384113344786,90000.0,0.0,0.0,0.0,0.0,323.6731677606699,0.0,0.0,1179999.999999999,177.0,0.12830017555085518,0.033358045643222346,0.0649552714950557,0.3166419543567776,1.0,0.5985766438978312,0.901888101049346,0.6699329340903679,0.9137197288265924,0.9137197288265924,0.9137197288265924,0.0,0.0,0.0,0.0,0.0,0.7266013360193643,0.10638491102729873,0.08073348177992934,4.545595937973646,200.6158866552186,515.933329006844,7.463433644725914,199.702166926392,0.7266013360193643,12.108811264762705,0.0,0.0,-1219.2829717205784,0.0,3.637978807091713e-12,0.0,0.0
closure_hypothesis,recirculating,454.71930337665987,454.71930337665987,19798.738647705315,90000.0,0.0,0.0,0.0,0.0,325.81047966854925,0.0,0.0,1186666.6666666658,178.0,0.12871297114863472,0.03346537249864503,0.0669602270772369,0.31653462750135497,1.0,0.597589100215432,0.9015724338275147,0.6690417636643355,0.9166595492909411,0.9166595492909411,0.9166595492909411,0.0,0.0,0.0,0.0,0.0,0.7292521898647925,0.1063793383300605,0.08102802109608803,4.545744130544955,201.26135229468755,515.6890075087912,7.473375014162115,200.3446927453966,0.7292521898647925,12.152987744096766,0.0,0.0,-1221.3761071491238,0.0,3.637978807091713e-12,0.0,0.0
closure_hypothesis,recirculating,456.17203918985484,456.17203918985484,19798.095658564278,90000.0,0.0,0.0,0.0,0.0,327.9506479562341,0.0,0.0,1193333.3333333326,179.0,0.12912418294769806,0.033572287566401494,0.06895321572352177,0.31642771243359846,1.0,0.5966069654117026,0.9012579777458779,0.6681549947449547,0.9195880903620445,0.9195880903620445,0.9195880903620445,0.0,0.0,0.0,0.0,0.0,0.7318928728986017,0.10637378714137596,0.08132143032206683,4.545891764143877,201.90434143572332,515.4456234143275,7.483293606012149,200.98475334536127,0.7318928728986017,12.196994726855197,0.0,0.0,-1223.4722684540502,0.0,0.0,0.0,-1.1102230246251565e-16
closure_hypothesis,recirculating,457.6192245091079,457.6192245091079,19797.45512610346,90000.0,0.0,0.0,0.0,0.0,330.09366611138165,0.0,0.0,1199999.9999999993,180.0,0.12953382362241878,0.03367879414182888,0.07093435701977967,0.3163212058581711,1.0,0.5956301879663736,0.9009447231122679,0.6672725877784075,0.9225054423034204,0.9225054423034204,0.9225054423034204,0.0,0.0,0.0,0.0,0.0,0.734523466513258,0.10636825728868925,0.08161371850147309,4.546038843211351,202.5448738965426,515.2031692218666,7.493189577361201,201.6223684542392,0.734523466513258,12.240833569443444,0.0,0.0,-1225.5714477666095,0.0,3.637978807091713e-12,0.0,1.1102230246251565e-16
closure_hypothesis,recirculating,459.0609035618723,459.0609035618723,19796.817030747534,90000.0,0.0,0.0,0.0,0.0,332.23952766643595,0.0,0.0,1206666.666666666,181.0,0.12994190569183195,0.03378489547987631,0.07290376886552023,0.3162151045201237,1.0,0.5946587170629524,0.900632660353305,0.6663945037308001,0.9254116942723071,0.9254116942723071,0.9254116942723071,0.0,0.0,0.0,0.0,0.0,0.7371440511036704,0.10636274860156208,0.08190489456707448,4.546185372134117,203.18296925246804,514.9616375217616,7.503063083515202,202.25755755819574,0.7371440511036704,12.284505611642667,0.0,0.0,-1227.6736372794646,0.0,3.637978807091713e-12,0.0,0.0
closure_hypothesis,recirculating,460.49712003588854,460.49712003588854,19796.181353160064,90000.0,0.0,0.0,0.0,0.0,334.3882261981211,0.0,0.0,1213333.3333333328,182.0,0.13034844152220137,0.03389059479577236,0.07486156750465982,0.3161094052042276,1.0,0.5936925025761761,0.9003217800124341,0.6655207040791444,0.928306934337947,0.928306934337947,0.928306934337947,0.0,0.0,0.0,0.0,0.0,0.7397547060836768,0.10635726091163936,0.08219496734263074,4.546331355245607,203.81864683994223,514.7210209947873,7.512914278028824,202.8903399056043,0.7397547060836768,12.328012176884473,0.0,0.0,-1229.778829245908,0.0,7.275957614183426e-12,0.0,1.1102230246251565e-16
closure_hypothesis,recirculating,461.9279170880645,461.9279170880645,19795.548074239545,90000.0,0.0,0.0,0.0,0.0,336.53975532694386,0.0,0.0,1219999.9999999995,183.0,0.13075344332953334,0.03399589526567867,0.07680786755559862,0.3160041047343213,1.0,0.5927314950597412,0.9000120727480038,0.6646511508025452,0.9311912494994874,0.9311912494994874,0.9311912494994874,0.0,0.0,0.0,0.0,0.0,0.7423555099021856,0.10635179405261441,0.08248394554468727,4.546476796826823,204.45192576045827,514.4813124106511,7.52274331273279,203.5207345109588,0.7423555099021856,12.371354572519921,0.0,0.0,-1231.8870159790952,0.0,3.637978807091713e-12,0.0,1.1102230246251565e-16
closure_hypothesis,recirculating,463.3533373531724,463.3533373531724,19794.917175115595,90000.0,0.0,0.0,0.0,0.0,338.69410871670266,0.0,0.0,1226666.6666666663,184.0,0.13115692318203817,0.034100800027329924,0.07874278204062611,0.3158991999726701,1.0,0.5917756457343022,0.8997035293313826,0.6637858063735623,0.9340647257035131,0.9340647257035131,0.9340647257035131,0.0,0.0,0.0,0.0,0.0,0.7449465400589859,0.10634634786019548,0.08277183778433174,4.54662170110719,205.0828248844091,514.2425046265363,7.532550337760797,204.14876015870558,0.7449465400589859,12.414534090082999,0.0,0.0,-1233.998189851291,0.0,3.637978807091713e-12,0.0,0.0
closure_hypothesis,recirculating,464.77342295236605,464.77342295236605,19794.288637145146,90000.0,0.0,0.0,0.0,0.0,340.8512800740056,0.0,0.0,1233333.333333333,185.0,0.13155889300254126,0.034205312180660724,0.08066642241467444,0.3157946878193393,1.0,0.5908249064757316,0.8993961406451156,0.6629246337497645,0.9369274478612156,0.9369274478612156,0.9369274478612156,0.0,0.0,0.0,0.0,0.0,0.7475278731202282,0.10634092217207328,0.08305865256891422,4.546766072265396,205.71136285485719,514.0045905856753,7.542335501575825,204.77443540699596,0.7475278731202282,12.457552005548601,0.0,0.0,-1236.1123432931283,0.0,3.637978807091713e-12,0.0,0.0
closure_hypothesis,recirculating,466.18821550152387,466.18821550152387,19793.662441908775,90000.0,0.0,0.0,0.0,0.0,343.0112631477948,0.0,0.0,1239999.9999999998,186.0,0.1319593645708446,0.03430943478841959,0.08257889859343576,0.3156905652115804,1.0,0.5898792298036358,0.8990898976811189,0.6620675963654653,0.9397794998652119,0.9397794998652119,0.9397794998652119,0.0,0.0,0.0,0.0,0.0,0.7500995847335913,0.10633551682788825,0.08334439830373234,4.546909914430215,206.33755809122718,513.7675633159522,7.552098950995889,205.39777859136197,0.7500995847335913,12.500409579585298,0.0,0.0,-1238.2294687928807,0.0,3.637978807091713e-12,0.0,1.1102230246251565e-16
closure_hypothesis,recirculating,467.5977561194208,467.5977561194208,19793.038571207082,90000.0,0.0,0.0,0.0,0.0,345.1740517288785,0.0,0.0,1246666.6666666665,187.0,0.13235834952603995,0.034413170876770385,0.08448031898085999,0.3155868291232296,1.0,0.5889385688701183,0.8987847915389107,0.6612146581236283,0.942620964606018,0.942620964606018,0.942620964606018,0.0,0.0,0.0,0.0,0.0,0.7526617496431369,0.10633013166919908,0.08362908329368186,4.547053231681311,206.961428792923,513.5314159285327,7.561840831219356,206.01880782831697,0.7526617496431369,12.543108057802876,0.0,0.0,-1240.349558895747,0.0,3.637978807091713e-12,0.0,0.0
closure_hypothesis,recirculating,469.0020854357346,469.0020854357346,19792.417007057134,90000.0,0.0,0.0,0.0,0.0,347.33963964947054,0.0,0.0,1253333.3333333333,188.0,0.13275585936877507,0.03451652343588152,0.08637079049605031,0.31548347656411846,1.0,0.5880028774487855,0.8984808134238779,0.6603657833879464,0.9454519239881887,0.9454519239881887,0.9454519239881887,0.0,0.0,0.0,0.0,0.0,0.7552144417038632,0.10632476653945176,0.08391271574487368,4.547196028050027,207.5829929428713,513.2961416165242,7.571561285849724,206.6375410188831,0.7552144417038632,12.58564867099488,0.0,0.0,-1242.4726062031468,0.0,7.275957614183426e-12,0.0,0.0
closure_hypothesis,recirculating,470.4012435988893,470.4012435988893,19791.79773168901,90000.0,0.0,0.0,0.0,0.0,349.5080207827366,0.0,0.0,1260000.0,189.0,0.1331519054634739,0.034619495420503216,0.08825041859957053,0.31538050457949673,1.0,0.5870721099239886,0.8981779546455787,0.6595209369750851,0.9482724589461289,0.9482724589461289,0.9482724589461289,0.0,0.0,0.0,0.0,0.0,0.7577577338959615,0.10631942128394964,0.08419530376621791,4.547338307520158,208.20226831099308,513.06173365366,7.5812604569199395,207.25399585204696,0.7577577338959615,12.628032635376197,0.0,0.0,-1244.5986033720317,0.0,3.637978807091713e-12,0.0,-1.1102230246251565e-16
closure_hypothesis,recirculating,471.79527028374105,471.79527028374105,19791.1807275424,90000.0,0.0,0.0,0.0,0.0,351.6791890423472,0.0,0.0,1266666.6666666667,190.0,0.1335464990405122,0.03472208975053317,0.0901193073191814,0.31527791024946683,1.0,0.5861462212802946,0.8978762066160789,0.6586800841470911,0.9510826494595879,0.9510826494595879,0.9510826494595879,0.0,0.0,0.0,0.0,0.0,0.760291698338788,0.10631409574982345,0.08447685537097642,4.547480074028705,208.81927245760556,512.8281853930133,7.590938484916208,207.86818980814598,0.760291698338788,12.6702611528159,0.0,0.0,-1246.7275431142025,0.0,3.637978807091713e-12,0.0,1.1102230246251565e-16
closure_hypothesis,recirculating,473.18420469910916,473.18420469910916,19790.565977263246,90000.0,0.0,0.0,0.0,0.0,353.8531383820381,0.0,0.0,1273333.3333333335,191.0,0.13393965119834908,0.03482430931157076,0.09197755927501831,0.3151756906884292,1.0,0.585225167092182,0.8975755608483212,0.6578431906039549,0.9538825745688401,0.9538825745688401,0.9538825745688401,0.0,0.0,0.0,0.0,0.0,0.7628164063045543,0.10630878978600201,0.08475737847828378,4.547621331466626,209.4340227367554,512.5954902657347,7.600595508801395,208.48014016218656,0.7628164063045543,12.712335411065396,0.0,0.0,-1248.859418195644,0.0,0.0,0.0,0.0
closure_hypothesis,recirculating,474.56808559515656,474.56808559515656,19789.953463700516,90000.0,0.0,0.0,0.0,0.0,356.0298627951765,0.0,0.0,1280000.0000000002,192.0,0.13433137290561636,0.03492615695546025,0.09382527570422676,0.3150738430445397,1.0,0.5843089035139543,0.8972760089545286,0.657010222476333,0.9566723123895642,0.9566723123895642,0.9566723123895642,0.0,0.0,0.0,0.0,0.0,0.7653319282317418,0.10630350324318429,0.08503688091463796,4.547762083679551,210.04653629948527,512.3636417798153,7.610231666037907,209.0898639870957,0.7653319282317418,12.754256583981975,0.0,0.0,-1250.9942214358657,0.0,0.0,0.0,2.220446049250313e-16
closure_hypothesis,recirculating,475.94695127062323,475.94695127062323,19789.343169902964,90000.0,0.0,0.0,0.0,0.0,358.20935631433434,0.0,0.0,1286666.666666667,193.0,0.13472167500316592,0.03502763550082314,0.09566255648506837,0.3149723644991768,1.0,0.5833973872698668,0.8969775426446378,0.6561811463184148,0.9594519401274239,0.9594519401274239,0.9594519401274239,0.0,0.0,0.0,0.0,0.0,0.7678383337382518,0.1062982359738107,0.08531537041536129,4.547902334468502,210.65683009703554,512.1326335188761,7.619847092610198,209.69737815690812,0.7678383337382518,12.796025831747967,0.0,0.0,-1253.1319457072577,0.0,0.0,0.0,0.0
closure_hypothesis,recirculating,477.3208395799165,477.3208395799165,19788.735079116017,90000.0,0.0,0.0,0.0,0.0,360.3916130108678,0.0,0.0,1293333.3333333337,194.0,0.1351105682060767,0.03512874773357994,0.09748950016051126,0.31487125226642004,1.0,0.58249057564446,0.8966801537247648,0.6553559291009399,0.962221534092362,0.962221534092362,0.962221534092362,0.0,0.0,0.0,0.0,0.0,0.7703356916342929,0.10629298783203654,0.08559285462603253,4.548042087590592,211.26492088398234,511.90245914097864,7.629441923046804,210.30269934989,0.7703356916342929,12.837644301085492,0.0,0.0,-1255.2725839344535,0.0,0.0,0.0,0.0
closure_hypothesis,recirculating,478.68978794006034,478.68978794006034,19788.12917477869,90000.0,0.0,0.0,0.0,0.0,362.576626994503,0.0,0.0,1300000.0000000005,195.0,0.13549806310562182,0.035229496407461675,0.09930620396131766,0.31477050359253833,1.0,0.5815884264730968,0.896383834095701,0.654534538204355,0.9649811697126087,0.9649811697126087,0.9649811697126087,0.0,0.0,0.0,0.0,0.0,0.7728240699350136,0.10628775867370464,0.08586934110389038,4.548181346759708,211.87082522131357,511.6731123774619,7.639016290442,210.90584405160095,0.7728240699350136,12.879113125467,0.0,0.0,-1257.4161290937072,0.0,3.637978807091713e-12,0.0,0.0
closure_hypothesis,recirculating,480.0538333375093,480.0538333375093,19787.52544052056,90000.0,0.0,0.0,0.0,0.0,364.76439241292786,0.0,0.0,1306666.6666666672,196.0,0.13588417017119728,0.03532988424451129,0.10111276382864186,0.3146701157554887,1.0,0.5806908981326948,0.8960885757514374,0.6537169414121166,0.9677309215484181,0.9677309215484181,0.9677309215484181,0.0,0.0,0.0,0.0,0.0,0.7753035358728892,0.10628254835631908,0.0861448373192099,4.54832011564718,212.47455947944448,511.4445870318003,7.648570326476972,211.50682855789606,0.7753035358728892,12.920433425321699,0.0,0.0,-1259.5625742122775,0.0,3.637978807091713e-12,0.0,-1.1102230246251565e-16
closure_hypothesis,recirculating,481.4130123348274,481.4130123348274,19786.92386015883,90000.0,0.0,0.0,0.0,0.0,366.9549034513901,0.0,0.0,1313333.333333334,197.0,0.1362688997522125,0.03542991393557526,0.10290927443614999,0.3145700860644247,1.0,0.5797979495326531,0.8957943707777198,0.6529031069041221,0.9704708633055318,0.9704708633055318,0.9704708633055318,0.0,0.0,0.0,0.0,0.0,0.7777741559098611,0.1062773567390195,0.08641935065665121,4.548458397882447,213.07613984117413,511.21687697848466,7.6581041614406695,212.1056689778686,0.7777741559098611,12.961606308237835,0.0,0.0,-1261.7119123678235,0.0,3.637978807091713e-12,0.0,0.0
closure_hypothesis,recirculating,482.767361077238,482.767361077238,19786.324417695418,90000.0,0.0,0.0,0.0,0.0,369.14815433230115,0.0,0.0,1320000.0000000007,198.0,0.13665226207994435,0.03552958814078553,0.10469582921167432,0.3144704118592144,1.0,0.5789095401059655,0.8955012113506308,0.6520930032502795,0.9732010678483825,0.9732010678483825,0.9732010678483825,0.0,0.0,0.0,0.0,0.0,0.7802359957492441,0.10627218368255575,0.08669288841658265,4.548596197053693,213.67558230458408,510.98997616192486,7.667617924250219,212.7023812367357,0.7802359957492441,13.002632869161152,0.0,0.0,-1263.8641366878112,0.0,0.0,0.0,0.0
closure_hypothesis,recirculating,484.1169152990455,484.1169152990455,19785.72709731412,90000.0,0.0,0.0,0.0,0.0,371.34413931484534,0.0,0.0,1326666.6666666674,199.0,0.1370342672693549,0.03562890949003227,0.1064725203584148,0.3143710905099677,1.0,0.5780256298005169,0.8952090897351992,0.6512865994042044,0.9759216072130398,0.9759216072130398,0.9759216072130398,0.0,0.0,0.0,0.0,0.0,0.7826891203473989,0.10626702904926318,0.08696545781637764,4.5487335167084835,214.27290268588092,510.76387859537436,7.677111742470963,213.29698107866787,0.7826891203473989,13.043514190589402,0.0,0.0,-1266.0192403489273,0.0,0.0,0.0,0.0
closure_hypothesis,recirculating,485.4617103299333,485.4617103299333,19785.131883377817,90000.0,0.0,0.0,0.0,0.0,373.5428526945958,0.0,0.0,1333333.3333333342,200.0,0.13741492532087402,0.03572788058342725,0.10823943887569536,0.31427211941657274,1.0,0.577146179070558,0.8949179982840375,0.6504838646970419,0.9786325526199058,0.9786325526199058,0.9786325526199058,0.0,0.0,0.0,0.0,0.0,0.7851335939251808,0.10626189270303832,0.08723706599168672,4.548870360354391,214.86811662218366,510.5385783598745,7.686585742336151,213.88948406956376,0.7851335939251808,13.084251342763137,0.0,0.0,-1268.177216576504,0.0,0.0,0.0,0.0
closure_hypothesis,recirculating,486.80178110113985,486.80178110113985,19784.538760425745,90000.0,0.0,0.0,0.0,0.0,375.74428880313496,0.0,0.0,1340000.000000001,201.0,0.1377942461221477,0.0358265039917584,0.1099966745792901,0.31417349600824157,1.0,0.5762711488683553,0.8946279294360047,0.6496847688314156,0.9813339744861658,0.9813339744861658,0.9813339744861658,0.0,0.0,0.0,0.0,0.0,0.7875694799791659,0.10625677450931481,0.08750771999768507,4.549006731459595,215.46123957425726,510.3140696032204,7.696040048766223,214.4799055997711,0.7875694799791659,13.124845383852799,0.0,0.0,-1270.3380586439534,0.0,3.637978807091713e-12,0.0,0.0
closure_hypothesis,recirculating,488.1371621515165,488.1371621515165,19783.947713170808,90000.0,0.0,0.0,0.0,0.0,377.9484420076812,0.0,0.0,1346666.6666666677,202.0,0.13817223944975265,0.03592478225693569,0.1117443161213284,0.3140752177430643,1.0,0.5754005006360094,0.894338875714895,0.6488892818754965,0.984025942437999,0.984025942437999,0.984025942437999,0.0,0.0,0.0,0.0,0.0,0.789996841292663,0.10625167433504015,0.08777742681029586,4.54914263345349,216.05228682919397,510.0903465389457,7.705474785387746,215.06826088675598,0.789996841292663,13.165297360142228,0.0,0.0,-1272.5017598722102,0.0,3.637978807091713e-12,0.0,0.0
closure_hypothesis,recirculating,489.4678876334695,489.4678876334695,19783.35872649696,90000.0,0.0,0.0,0.0,0.0,380.15530671072025,0.0,0.0,1353333.3333333344,203.0,0.13854891497087848,0.036022717892428405,0.11348245100978893,0.3139772821075716,1.0,0.5745341962974401,0.8940508297281518,0.6480973742571849,0.9867085253225584,0.9867085253225584,0.9867085253225584,0.0,0.0,0.0,0.0,0.0,0.7924157399465149,0.10624659204865296,0.08804619332739053,4.549278069727258,216.6412735030432,509.86740344532666,7.714890074552048,215.65456497772064,0.7924157399465149,13.20560830620867,0.0,0.0,-1274.6683136291829,0.0,3.637978807091713e-12,0.0,0.0
closure_hypothesis,recirculating,490.7939913187883,490.7939913187883,19782.77178545661,90000.0,0.0,0.0,0.0,0.0,382.36487734964265,0.0,0.0,1360000.0000000012,204.0,0.13892428224497713,0.03612031338369406,0.1152111656275916,0.31387968661630594,1.0,0.5736721982505333,0.8937637841656058,0.6473090167584143,0.9893817912197189,0.9893817912197189,0.9893817912197189,0.0,0.0,0.0,0.0,0.0,0.7948262373296932,0.10624152752005989,0.08831402636996588,4.5494130436344555,217.22821454339123,509.64523466440676,7.724286037353434,216.2388327521715,0.7948262373296932,13.245779245099335,0.0,0.0,-1276.8377133292147,0.0,3.637978807091713e-12,0.0,0.0
closure_hypothesis,recirculating,492.1155066043641,492.1155066043641,19782.18687526811,90000.0,0.0,0.0,0.0,0.0,384.57714839638567,0.0,0.0,1366666.666666668,205.0,0.13929835072538185,0.036217571188599286,0.11693054525130094,0.31378242881140067,1.0,0.5728144693594451,0.8934777317982373,0.6465241805095605,0.9920458074536054,0.9920458074536054,0.9920458074536054,0.0,0.0,0.0,0.0,0.0,0.7972283941496919,0.10623648062061437,0.08858093268329909,4.549547558491569,217.81312473189223,509.42383460103775,7.733662793647147,216.82107892443864,0.7972283941496919,13.285811188504615,0.0,0.0,-1279.0099524325524,0.0,3.637978807091713e-12,0.0,0.0
closure_hypothesis,recirculating,493.4324665177996,493.4324665177996,19781.603981313252,90000.0,0.0,0.0,0.0,0.0,386.79211435708083,0.0,0.0,1373333.3333333347,206.0,0.1396711297608949,0.03631449373783268,0.11864067406944577,0.3136855062621673,1.0,0.5719609729470616,0.8931926654769626,0.645742836983968,0.9947006406039017,0.9947006406039017,0.9947006406039017,0.0,0.0,0.0,0.0,0.0,0.7996222704427269,0.10623145122309413,0.08884691893808075,4.549681617578572,218.39601868675118,509.20319772194046,7.743020462066909,217.40131804614728,0.7996222704427269,13.325705136928043,0.0,0.0,-1281.1850244448242,0.0,3.637978807091713e-12,0.0,-1.1102230246251565e-16
closure_hypothesis,recirculating,494.74490372291336,494.74490372291336,19781.023089134844,90000.0,0.0,0.0,0.0,0.0,389.009769771706,0.0,0.0,1380000.0000000014,207.0,0.14004262859734584,0.03641108343530992,0.1203416352004681,0.31358891656469007,1.0,0.5711116727876071,0.8929085781314414,0.6449649579925736,0.9973463565169465,0.9973463565169465,0.9973463565169465,0.0,0.0,0.0,0.0,0.0,0.8020079255837393,0.10622643920168053,0.08911199173152658,4.549815224139466,218.9769108651601,508.98331855478165,7.752359160042261,217.97956450864316,0.8020079255837393,13.365462079853016,0.0,0.0,-1283.3629229165242,0.0,3.637978807091713e-12,0.0,0.0
closure_hypothesis,recirculating,496.0528505251415,496.0528505251415,19780.444184434316,90000.0,0.0,0.0,0.0,0.0,391.2301092137428,0.0,0.0,1386666.6666666681,208.0,0.14041285637912024,0.036507342658571265,0.122033510710308,0.3134926573414287,1.0,0.5702665330994009,0.8926254627689081,0.644190515678643,0.9999830203166221,0.9999830203166221,0.9999830203166221,0.0,0.0,0.0,0.0,0.0,0.8043854182962163,0.10622144443193728,0.08937615758846847,4.549948381382813,219.55581556568893,508.7641916872704,7.761679003815495,218.5558325453723,0.8043854182962163,13.405082995906445,0.0,0.0,-1285.5436414425076,0.0,3.637978807091713e-12,0.0,0.0
closure_hypothesis,recirculating,497.35633887683747,497.35633887683747,19779.867253069373,90000.0,0.0,0.0,0.0,0.0,393.4531272898388,0.0,0.0,1393333.333333335,209.0,0.14078182215066007,0.03660327375917162,0.12371638162963311,0.31339672624082837,1.0,0.5694255185377568,0.8923433124730247,0.6434194825126064,1.002610696415039,1.002610696415039,1.002610696415039,0.0,0.0,0.0,0.0,0.0,0.8067548066618239,0.10621646679079032,0.08963942296242486,4.5500810924822614,220.1327469306312,508.54581176626897,7.770980108458304,219.13013623421617,0.8067548066618239,13.444568853019295,0.0,0.0,-1287.7271736614907,0.0,3.637978807091713e-12,0.0,0.0
closure_hypothesis,recirculating,498.6554003824742,498.6554003824742,19779.292281051698,90000.0,0.0,0.0,0.0,0.0,395.67881863947366,0.0,0.0,1400000.0000000016,210.0,0.14114953485793616,0.036698879063063405,0.12539032797072408,0.3133011209369366,1.0,0.5685885941880229,0.8920621204027547,0.6426518312869924,1.005229448523022,1.005229448523022,1.005229448523022,0.0,0.0,0.0,0.0,0.0,0.8091161481298631,0.10621150615650754,0.08990179423665144,4.550213360577053,220.70771894830662,508.3281734969221,7.780262587888158,219.7024894997836,0.8091161481298631,13.483920608584167,0.0,0.0,-1289.9135132555607,0.0,3.637978807091713e-12,0.0,0.0
closure_hypothesis,recirculating,499.95006630374945,499.95006630374945,19778.719254544685,90000.0,0.0,0.0,0.0,0.0,397.90717793463125,0.0,0.0,1406666.6666666684,211.0,0.14151600334989323,0.03679416087097224,0.12705542874401973,0.3132058391290277,1.0,0.5677557255587578,0.891781879791258,0.6418875351114608,1.0078393396604024,1.0078393396604024,1.0078393396604024,0.0,0.0,0.0,0.0,0.0,0.811469499526551,0.1062065624086791,0.09016327772517231,4.550345188772529,221.28074545532047,508.11127164180124,7.789526554884374,220.27290611566008,0.811469499526551,13.523139209609973,0.0,0.0,-1292.1026539496925,0.0,7.275957614183426e-12,0.0,0.0
closure_hypothesis,recirculating,501.2403675645967,501.2403675645967,19778.148159861223,90000.0,0.0,0.0,0.0,0.0,400.1381998794754,0.0,0.0,1413333.3333333351,212.0,0.14188123637986846,0.0368891214587658,0.1287117619743349,0.3131108785412342,1.0,0.5669268785750408,0.8915025839448065,0.6411265674079308,1.0104404321661191,1.0104404321661191,1.0104404321661191,0.0,0.0,0.0,0.0,0.0,0.813814917064129,0.10620163542819801,0.09042387967379209,4.55047658014063,221.8518401387818,507.89510102006517,7.798772121103882,220.84139970661568,0.813814917064129,13.562225592873709,0.0,0.0,-1294.294589511273,0.0,3.637978807091713e-12,0.0,0.0
closure_hypothesis,recirculating,502.5263347561042,502.5263347561042,19777.57898346152,90000.0,0.0,0.0,0.0,0.0,402.3718792100301,0.0,0.0,1420000.0000000019,213.0,0.14224524260698365,0.03698376307781575,0.1303594047167527,0.3130162369221842,1.0,0.5661020195719125,0.8912242262417184,0.6403689019057994,1.0130327877081353,1.0130327877081353,1.0130327877081353,0.0,0.0,0.0,0.0,0.0,0.8161524563498045,0.10619672509724128,0.09068360626108937,4.550607537720372,222.42101653848044,507.6796565066361,7.807999397096766,221.4079837507723,0.8161524563498045,13.60118068506949,0.0,0.0,-1296.489313749632,0.0,0.0,0.0,2.220446049250313e-16
closure_hypothesis,recirculating,503.807998141344,503.807998141344,19777.011711950978,90000.0,0.0,0.0,0.0,0.0,404.6082106938648,0.0,0.0,1426666.6666666686,214.0,0.14260803059751237,0.037078087955353216,0.13199843307220652,0.31292191204464676,1.0,0.5652811152879427,0.890946800131314,0.6396145126372565,1.0156164672931725,1.0156164672931725,1.0156164672931725,0.0,0.0,0.0,0.0,0.0,0.8184821723945293,0.10619183129925121,0.0909424635993921,4.550738064518323,222.98828804902436,507.46493303138993,7.817208492321439,221.9726715817312,0.8184821723945293,13.640005402954829,0.0,0.0,-1298.6868205155813,0.0,3.637978807091713e-12,0.0,-2.220446049250313e-16
closure_hypothesis,recirculating,505.0853876601124,505.0853876601124,19776.446332078063,90000.0,0.0,0.0,0.0,0.0,406.84718912978326,0.0,0.0,1433333.3333333354,215.0,0.14296960882622156,0.03717209829481761,0.13362892220275108,0.3128279017051824,1.0,0.5644641328589226,0.8906702991328894,0.6388633739326824,1.0181915312762673,1.0181915312762673,1.0181915312762673,0.0,0.0,0.0,0.0,0.0,0.8208041196216153,0.10618695391891705,0.09120045773573501,4.550868163509081,223.5536679219378,507.250925578363,7.826399515159643,222.53547639066153,0.8208041196216153,13.678700653494218,0.0,0.0,-1300.8871037009603,0.0,0.0,0.0,0.0
closure_hypothesis,recirculating,506.35853293358485,506.35853293358485,19775.88283073228,90000.0,0.0,0.0,0.0,0.0,409.0888093475172,0.0,0.0,1440000.000000002,216.0,0.1433299856776893,0.03726579627619921,0.1352509463465358,0.3127342037238008,1.0,0.5636510398116793,0.8903947168347083,0.638115460416135,1.020758039370155,1.020758039370155,1.020758039370155,0.0,0.0,0.0,0.0,0.0,0.823118351875198,0.10618209284215716,0.09145759465279976,4.550997837635721,224.1171692677217,507.0376291849719,7.83557257293115,223.09641122835154,0.823118351875198,13.717267334000175,0.0,0.0,-1303.0901572381883,0.0,0.0,0.0,0.0
closure_hypothesis,recirculating,507.62746326888566,507.62746326888566,19775.321194942124,90000.0,0.0,0.0,0.0,0.0,411.3330662074238,0.0,0.0,1446666.6666666688,217.0,0.14368916944759824,0.03735918405637555,0.13686457883248476,0.3126408159436244,1.0,0.5628418040580088,0.890120046893013,0.6373707470009221,1.0233160506544812,1.0233160506544812,1.0233160506544812,0.0,0.0,0.0,0.0,0.0,0.8254249224285422,0.10617724795610099,0.091713880269838,4.5511270898102545,224.67880505787605,506.82503894124716,7.844727771908186,223.65548900722158,0.8254249224285422,13.755706332271654,0.0,0.0,-1305.2959750998234,0.0,0.0,0.0,0.0
closure_hypothesis,recirculating,508.8922076635764,508.8922076635764,19774.761411873114,90000.0,0.0,0.0,0.0,0.0,413.57995460018765,0.0,0.0,1453333.3333333356,218.0,0.14404716834400616,0.0374522637694416,0.13846989209468938,0.31254773623055837,1.0,0.5620363938887242,0.8898462830310541,0.6366292088852569,1.0258656235848505,1.0258656235848505,1.0258656235848505,0.0,0.0,0.0,0.0,0.0,0.8277238839922002,0.10617241914907234,0.09196932044357778,4.5512559229140646,225.23858812688673,506.61314998908273,7.853865217329632,224.21272250330188,0.8277238839922002,13.794018526730015,0.0,0.0,-1307.504551298129,0.0,0.0,0.0,0.0
closure_hypothesis,recirculating,510.1527948100627,510.1527948100627,19774.203468825825,90000.0,0.0,0.0,0.0,0.0,415.8294694465262,0.0,0.0,1460000.0000000023,219.0,0.14440399048859331,0.03754503752703426,0.1400669576865238,0.3124549624729657,1.0,0.5612347779678191,0.8895734190381346,0.635890821547992,1.028406816001709,1.028406816001709,1.028406816001709,0.0,0.0,0.0,0.0,0.0,0.8300152887220236,0.10616760631057187,0.0922239209691137,4.5513843397983464,225.79653117417578,506.4019575214961,7.862985013414979,224.76812435817408,0.8300152887220236,13.832204786552522,0.0,0.0,-1309.715879884645,0.0,0.0,0.0,-2.220446049250313e-16
closure_hypothesis,recirculating,511.4092530999224,511.4092530999224,19773.64735323398,90000.0,0.0,0.0,0.0,0.0,418.0816056968998,0.0,0.0,1466666.666666669,220.0,0.1447596439178875,0.037637507418650754,0.14165584629448422,0.31236249258134924,1.0,0.5604369253267409,0.8893014487686742,0.6351555607444358,1.0309396851390715,1.0309396851390715,1.0309396851390715,0.0,0.0,0.0,0.0,0.0,0.83229918822703,0.10616280933126043,0.09247768758078109,4.551512343284533,226.35264676601722,506.19145678190444,7.872087263378024,225.32170708087816,0.83229918822703,13.870265971803454,0.0,0.0,-1311.9299549497678,0.0,-3.637978807091713e-12,0.0,0.0
closure_hypothesis,recirculating,512.6616106281567,512.6616106281567,19773.09305266258,90000.0,0.0,0.0,0.0,0.0,420.336358331225,0.0,0.0,1473333.3333333358,221.0,0.1451141365844675,0.037729675511961554,0.1432366277517635,0.31227032448803843,1.0,0.5596428053587726,0.8890303661412896,0.6344234025022442,1.0334642876330884,1.0334642876330884,1.0334642876330884,0.0,0.0,0.0,0.0,0.0,0.8345756335771309,0.10615802810294309,0.09273062595301453,4.551639936164711,226.9069473374185,505.98164306341164,7.881172069440351,225.87348304978542,0.8345756335771309,13.908202933562887,0.0,0.0,-1314.1467706223334,0.0,0.0,0.0,-2.220446049250313e-16
closure_hypothesis,recirculating,513.9098951973656,513.9098951973656,19772.540554806033,90000.0,0.0,0.0,0.0,0.0,422.59372235859223,0.0,0.0,1480000.0000000026,222.0,0.14546747635814494,0.03782154385311769,0.14480937105156472,0.3121784561468823,1.0,0.5588523878135202,0.8887601651378891,0.6336943231173899,1.0359806795304654,1.0359806795304654,1.0359806795304654,0.0,0.0,0.0,0.0,0.0,0.8368446753107216,0.10615326251855242,0.09298274170119127,4.551767121202038,227.4594451939686,505.77251170810933,7.890239532844553,226.42346451443814,0.8368446753107216,13.946016514053175,0.0,0.0,-1316.3663210692102,0.0,3.637978807091713e-12,0.0,0.0
closure_hypothesis,recirculating,515.1541343218491,515.1541343218491,19771.989847486348,90000.0,0.0,0.0,0.0,0.0,424.85369281698695,0.0,0.0,1486666.6666666693,223.0,0.14581967102712515,0.03791311446705254,0.1463741443601588,0.31208688553294744,1.0,0.5580656427915045,0.8884908398027866,0.6329682991502038,1.0384889162967292,1.0384889162967292,1.0384889162967292,0.0,0.0,0.0,0.0,0.0,0.8391063634421367,0.10614851247213278,0.09323404038245962,4.551893901131144,228.01015251365345,505.564058106389,7.899289753867273,226.97166359735672,0.8391063634421367,13.983707546763208,0.0,0.0,-1318.5886004948952,0.0,0.0,0.0,2.220446049250313e-16
closure_hypothesis,recirculating,516.3943552316368,516.3943552316368,19771.440918651362,90000.0,0.0,0.0,0.0,0.0,427.1162647730146,0.0,0.0,1493333.333333336,224.0,0.14617072829914776,0.03800438935777842,0.14793101502969422,0.3119956106422216,1.0,0.5572825407388541,0.8882223842418282,0.6322453074214904,1.040989052824352,1.040989052824352,1.040989052824352,0.0,0.0,0.0,0.0,0.0,0.8413607474689739,0.10614377785882538,0.09348452749655264,4.552020278658528,228.55908134863907,505.3562776962677,7.908322831831977,227.5180922958147,0.8413607474689739,14.02127685657045,0.0,0.0,-1320.8136031411154,0.0,0.0,0.0,0.0
closure_hypothesis,recirculating,517.6305848764457,517.6305848764457,19770.893756372978,90000.0,0.0,0.0,0.0,0.0,429.381433321629,0.0,0.0,1500000.0000000028,225.0,0.14652065580260712,0.03809537050867785,0.14948004961076272,0.31190462949132214,1.0,0.5565030524420961,0.8879547926215358,0.631525325008713,1.0434811434407294,1.0434811434407294,1.0434811434407294,0.0,0.0,0.0,0.0,0.0,0.8436078763792895,0.10613905857485212,0.0937342084865877,4.552146256462952,229.10624362702364,505.1491659627247,7.917338865121548,228.0627624835829,0.8436078763792895,14.058725259860859,0.0,0.0,-1323.0413232864394,0.0,0.0,0.0,0.0
closure_hypothesis,recirculating,518.8628499295694,518.8628499295694,19770.348348845444,90000.0,0.0,0.0,0.0,0.0,431.6491935858647,0.0,0.0,1506666.6666666695,226.0,0.14686946108765306,0.038186059882789794,0.15102131386472697,0.3118139401172102,1.0,0.5557271490230458,0.8876880591682653,0.63080832924225,1.0459652419160204,1.0459652419160204,1.0459652419160204,0.0,0.0,0.0,0.0,0.0,0.8458477986586672,0.10613435451750124,0.09398308873985188,4.55227183719582,229.65165115455875,504.9427184370495,7.926337951190629,228.60568591264274,0.8458477986586672,14.096053564646688,0.0,0.0,-1325.2717552458894,0.0,3.637978807091713e-12,0.0,0.0
closure_hypothesis,recirculating,520.0911767916991,520.0911767916991,19769.80468438366,90000.0,0.0,0.0,0.0,0.0,433.91954071657227,0.0,0.0,1513333.3333333363,227.0,0.14721715162727247,0.038276459423090846,0.15255487277581617,0.31172354057690915,1.0,0.554954801933789,0.8874221781673799,0.6300942977017173,1.0484414014708503,1.0484414014708503,1.0484414014708503,0.0,0.0,0.0,0.0,0.0,0.8480805622971646,0.10612966558511204,0.09423117358857382,4.552397023481562,230.19531561634068,504.7369306962027,7.935320186577801,229.14687421486983,0.8480805622971646,14.133262570682247,0.0,0.0,-1327.5048933705614,0.0,0.0,0.0,-2.220446049250313e-16
closure_hypothesis,recirculating,521.3155915946785,521.3155915946785,19769.26275142153,90000.0,0.0,0.0,0.0,0.0,436.1924698921578,0.0,0.0,1520000.000000003,228.0,0.14756373481835222,0.03836657105277158,0.15408079056299348,0.3116334289472284,1.0,0.5541859829517584,0.8871571439624365,0.6293832082123566,1.0509096747838804,1.0509096747838804,1.0509096747838804,0.0,0.0,0.0,0.0,0.0,0.8503062147961377,0.10612499167706083,0.09447846831068193,4.5525218179179925,230.7372485784721,504.53179836218544,7.944285666917536,229.68633890368824,0.8503062147961377,14.170353069577633,0.0,0.0,-1329.7407320472516,0.0,3.637978807091713e-12,0.0,0.0
closure_hypothesis,recirculating,522.5361202051932,522.5361202051932,19768.722538510305,90000.0,0.0,0.0,0.0,0.0,438.46797631832527,0.0,0.0,1526666.6666666698,229.0,0.1479092179827235,0.03845639667550811,0.1555991306916024,0.3115436033244919,1.0,0.5534206641748989,0.8868929509543879,0.6286750388414913,1.0533701139992449,1.0533701139992449,1.0533701139992449,0.0,0.0,0.0,0.0,0.0,0.8525248031749485,0.10612033269374652,0.09472497813054981,4.5526462230766915,231.27746148969547,504.3273171014229,7.953234486951941,230.22409137569622,0.8525248031749485,14.207325844910516,0.0,0.0,-1331.979265698086,0.0,0.0,0.0,0.0
closure_hypothesis,recirculating,523.7527882283965,523.7527882283965,19768.184034317004,90000.0,0.0,0.0,0.0,0.0,440.746055227822,0.0,0.0,1533333.3333333365,230.0,0.148253608368188,0.03854593817572888,0.15710995588479346,0.3114540618242711,1.0,0.5526588180169242,0.8866295936007974,0.627969767895044,1.0558227707338599,1.0558227707338599,1.0558227707338599,0.0,0.0,0.0,0.0,0.0,0.854736373977555,0.10611568853657663,0.0949707082197283,4.552770241503345,231.81596568299724,504.12348262415554,7.962166740542321,230.76014291226338,0.854736373977555,14.244181672335953,0.0,0.0,-1334.2204887801572,0.0,0.0,0.0,0.0
closure_hypothesis,recirculating,524.9656210114732,524.9656210114732,19767.647227622816,90000.0,0.0,0.0,0.0,0.0,443.02670188018834,0.0,0.0,1540000.0000000033,231.0,0.1485969131495268,0.03863519741887697,0.158613328134741,0.311364802581123,1.0,0.5519004172026568,0.8863670664150677,0.6272673739141158,1.0582676960846085,1.0582676960846085,1.0582676960846085,0.0,0.0,0.0,0.0,0.0,0.8569409732789895,0.10611105910795345,0.09521566369766549,4.5528938757181106,232.3527723771858,503.9202906838428,7.971082520680551,231.2945046811012,0.8569409732789895,14.280921319694361,0.0,0.0,-1336.4643957851654,0.0,0.0,0.0,0.0
closure_hypothesis,recirculating,526.1746436471421,526.1746436471421,19767.112107321558,90000.0,0.0,0.0,0.0,0.0,445.30991156150964,0.0,0.0,1546666.66666667,232.0,0.14893913942949188,0.038724176251667894,0.16010930871365045,0.31127582374833207,1.0,0.5511454347634551,0.8861053639656826,0.626567835671628,1.0607049406354008,1.0607049406354008,1.0607049406354008,0.0,0.0,0.0,0.0,0.0,0.8591386466917262,0.1061064443112605,0.09545984963241401,4.553017128215953,232.88789267844132,503.717737076576,7.979981919500258,231.82718773780593,0.8591386466917262,14.317545547117618,0.0,0.0,-1338.7109812390634,0.0,0.0,0.0,0.0
closure_hypothesis,recirculating,527.3798809770985,527.3798809770985,19766.57866241816,90000.0,0.0,0.0,0.0,0.0,447.5956795841719,0.0,0.0,1553333.3333333367,233.0,0.14928029423978026,0.03881287650234287,0.16159795818456174,0.3111871234976571,1.0,0.5503938440327227,0.8858444808754621,0.6258711321690223,1.0631345544641133,1.0631345544641133,1.0631345544641133,0.0,0.0,0.0,0.0,0.0,0.8613294393719374,0.10610184405084955,0.09570327104132635,4.55314000146699,233.4213375818395,503.5158176405017,7.988865028287809,232.3582030273754,0.8613294393719374,14.354055107133336,0.0,0.0,-1340.9602397017097,0.0,0.0,0.0,0.0
closure_hypothesis,recirculating,528.581357595398,528.581357595398,19766.04688202715,90000.0,0.0,0.0,0.0,0.0,449.88400128662033,0.0,0.0,1560000.0000000035,234.0,0.14962038454199214,0.03890129998091796,0.16307933641195546,0.311098700019082,1.0,0.5496456186414987,0.8855844118208295,0.62517724263302,1.0655565871494108,1.0655565871494108,1.0655565871494108,0.0,0.0,0.0,0.0,0.0,0.8635133960256455,0.10609725823202704,0.09594593289173836,4.553262497916824,233.95311797284944,503.3145282552549,7.997731937493137,232.88756138570002,0.8635133960256455,14.390450744767382,0.0,0.0,-1343.2121657665243,0.0,0.0,0.0,0.0
closure_hypothesis,recirculating,529.779097851784,529.779097851784,19765.516755371194,90000.0,0.0,0.0,0.0,0.0,452.17487203312123,0.0,0.0,1566666.6666666702,235.0,0.14995941722857256,0.03898944847942887,0.16455350257216372,0.3110105515205711,1.0,0.5489007325141274,0.8853251515310916,0.6244861465124361,1.0679710877774542,1.0679710877774542,1.0679710877774542,0.0,0.0,0.0,0.0,0.0,0.865690560914771,0.10609268676104192,0.09618784010164119,4.553384619986871,234.48324462880612,503.1138648414014,8.00658273674039,233.41527354102865,0.865690560914771,14.426733197644658,0.0,0.0,-1345.4667540601479,0.0,0.0,0.0,0.0
closure_hypothesis,recirculating,530.9731258549572,530.9731258549572,19764.988271779643,90000.0,0.0,0.0,0.0,0.0,454.4682872135267,0.0,0.0,1573333.333333337,236.0,0.150297399123737,0.03907732377217162,0.16602051516358973,0.3109226762278284,1.0,0.5481591598640059,0.8850666947877306,0.6237978234750536,1.070378104948491,1.070378104948491,1.070378104948491,0.0,0.0,0.0,0.0,0.0,0.867860977863077,0.10608812954507207,0.09642899754034187,4.5535063700746825,235.01172822035778,502.9138233598897,8.015417514838372,233.94135011540928,0.867860977863077,14.462903196088178,0.0,0.0,-1347.7239992421098,0.0,0.0,0.0,0.0
closure_hypothesis,recirculating,532.163465475792,532.163465475792,19764.461420687112,90000.0,0.0,0.0,0.0,0.0,456.7642422430423,0.0,0.0,1580000.0000000037,237.0,0.15063433698438172,0.039164927615939246,0.167480432016743,0.3108350723840607,1.0,0.5474208751894077,0.884809036423708,0.6231122534045487,1.0727776867833394,1.0727776867833394,1.0727776867833394,0.0,0.0,0.0,0.0,0.0,0.8700246902620138,0.10608358649221308,0.09666941002911263,4.553627750554265,235.5385793128893,502.7143998115131,8.024236359790867,234.46580162610599,0.8700246902620138,14.498961463216459,0.0,0.0,-1349.9838960044972,0.0,0.0,0.0,0.0
closure_hypothesis,recirculating,533.3501403504973,533.3501403504973,19763.936191632078,90000.0,0.0,0.0,0.0,0.0,459.0627325619977,0.0,0.0,1586666.6666666705,238.0,0.15097023750097852,0.03925226175025442,0.16893331030409103,0.31074773824974555,1.0,0.5466858532693809,0.8845521713227811,0.6224294163974708,1.0751698809297605,1.0751698809297605,1.0751698809297605,0.0,0.0,0.0,0.0,0.0,0.8721817410764661,0.10607905751146493,0.09690908234182953,4.5537487637763885,236.06380836792127,502.51559023637935,8.033039358806752,234.9886384869915,0.8721817410764661,14.534908715039306,0.0,0.0,-1352.2464390716295,0.0,0.0,0.0,0.0
closure_hypothesis,recirculating,534.5331738837255,534.5331738837255,19763.41257425551,90000.0,0.0,0.0,0.0,0.0,461.3637536356202,0.0,0.0,1593333.3333333372,239.0,0.1513051072984547,0.039339327897598225,0.1703792065497327,0.3106606721024018,1.0,0.5459540691597187,0.8842960944188288,0.6217492927602749,1.0775547345687244,1.0775547345687244,1.0775547345687244,0.0,0.0,0.0,0.0,0.0,0.8743321728504033,0.10607454251272072,0.09714801920560034,4.553869412068897,236.58742574448607,502.31739071338995,8.041826598309983,235.50987100991733,0.8743321728504033,14.570745660551971,0.0,0.0,-1354.5116231997395,0.0,-3.637978807091713e-12,0.0,0.0
closure_hypothesis,recirculating,535.7125892516284,535.7125892516284,19762.890558299518,90000.0,0.0,0.0,0.0,0.0,463.6673009538113,0.0,0.0,1600000.000000004,240.0,0.15163895293705826,0.039426127763635146,0.1718181766388978,0.31057387223636485,1.0,0.5452254981890018,0.8840408006951908,0.6210718630064054,1.0799322944205725,1.0799322944205725,1.0799322944205725,0.0,0.0,0.0,0.0,0.0,0.8764760277124363,0.10607004140675455,0.09738622530138177,4.553989697737008,237.1094417004805,502.1197973597284,8.050598163949399,236.02950940605993,0.8764760277124363,14.60647300182775,0.0,0.0,-1356.779443176655,0.0,-3.637978807091713e-12,0.0,-2.220446049250313e-16
closure_hypothesis,recirculating,536.8884094048649,536.8884094048649,19762.370133606,90000.0,0.0,0.0,0.0,0.0,465.9733700309257,0.0,0.0,1606666.6666666707,241.0,0.15197178091320898,0.03951266303743434,0.17325027582727656,0.31048733696256564,1.0,0.54450011595471,0.8837862851840167,0.6203971078534305,1.082302606751079,1.082302606751079,1.082302606751079,0.0,0.0,0.0,0.0,0.0,0.8786133473812819,0.1060655541052102,0.09762370526458686,4.554109623063612,237.62986639399674,501.92280633035585,8.059354140608367,236.54756378724565,0.8786133473812819,14.642091434109062,0.0,0.0,-1359.049893821488,0.0,-3.637978807091713e-12,0.0,0.0
closure_hypothesis,recirculating,538.0606570715556,538.0606570715556,19761.851290115366,90000.0,0.0,0.0,0.0,0.0,468.2819564055531,0.0,0.0,1613333.3333333374,242.0,0.1523035976603349,0.03959893539168708,0.17467555875017912,0.3104010646083129,1.0,0.5437778983194037,0.8835325429656262,0.6197250082202267,1.0846657173774075,1.0846657173774075,1.0846657173774075,0.0,0.0,0.0,0.0,0.0,0.8807441731711366,0.10606108052058907,0.09786046368568183,4.554229190309558,238.14870988463042,501.7264138175168,8.068094612414269,237.064044167253,0.8807441731711366,14.67760164589699,0.0,0.0,-1361.3229699843273,0.0,-3.637978807091713e-12,0.0,0.0
closure_hypothesis,recirculating,539.2293547601919,539.2293547601919,19761.334017865232,90000.0,0.0,0.0,0.0,0.0,470.593055640303,0.0,0.0,1620000.0000000042,243.0,0.15263440954969584,0.03968494648292092,0.17609407943153596,0.31031505351707905,1.0,0.5430588214069689,0.8832795691678796,0.6190555452242071,1.0870216716739756,1.0870216716739756,1.0870216716739756,0.0,0.0,0.0,0.0,0.0,0.8828685459969621,0.10605662056623998,0.09809650511077353,4.554348401713948,238.66598213476794,501.5306160502513,8.076819662747903,237.57896046309398,0.8828685459969621,14.713004319039372,0.0,0.0,-1363.598666545935,0.0,0.0,0.0,0.0
closure_hypothesis,recirculating,540.3945247624944,540.3945247624944,19760.81830698915,90000.0,0.0,0.0,0.0,0.0,472.90666332159196,0.0,0.0,1626666.666666671,244.0,0.15296422289119233,0.03977069795171,0.17750589129273397,0.31022930204828997,1.0,0.5423428615989326,0.8830273589655587,0.6183887001786043,1.089370514578217,1.089370514578217,1.089370514578217,0.0,0.0,0.0,0.0,0.0,0.8849865063796831,0.10605217415634692,0.098331834042187,4.554467259494419,239.18169301085177,501.33540929391546,8.085529374252618,238.09232249627357,0.8849865063796831,14.74830012881742,0.0,0.0,-1365.876978417446,0.0,0.0,0.0,0.0
closure_hypothesis,recirculating,541.5561891562267,541.5561891562267,19760.304147715375,90000.0,0.0,0.0,0.0,0.0,475.22277505943333,0.0,0.0,1633333.3333333377,245.0,0.15329304393416224,0.03985619142288218,0.17891104716129852,0.3101438085771178,1.0,0.5416299955308375,0.8827759075797583,0.6177244545897924,1.0917122905962542,1.0917122905962542,1.0917122905962542,0.0,0.0,0.0,0.0,0.0,0.8870980944513014,0.10604774120591923,0.09856645493903346,4.554585765847411,239.69585228462574,501.1407898497115,8.094223828843415,238.60413999402948,0.8870980944513014,14.783489744030938,0.0,0.0,-1368.1579005400736,0.0,0.0,0.0,2.220446049250313e-16
closure_hypothesis,recirculating,542.7143698079623,542.7143698079623,19759.79153036564,90000.0,0.0,0.0,0.0,0.0,477.5413864872298,0.0,0.0,1640000.0000000044,246.0,0.15362087886816386,0.039941428505722604,0.18030959927942092,0.3100585714942774,1.0,0.5409202000886831,0.8825252102772865,0.6170627901546601,1.0940470438084748,1.0940470438084748,1.0940470438084748,0.0,0.0,0.0,0.0,0.0,0.889203349959925,0.10604332163078056,0.09880037221776941,4.554703922948453,240.20846963435977,500.94675405422294,8.102903107715836,239.1144225905513,0.889203349959925,14.81857382708215,0.0,0.0,-1370.441427884819,0.0,0.0,0.0,-2.220446049250313e-16
closure_hypothesis,recirculating,543.8690883758063,543.8690883758063,19759.280445353947,90000.0,0.0,0.0,0.0,0.0,479.8624932615684,0.0,0.0,1646666.6666666712,247.0,0.1539477338237464,0.040026410794174065,0.181701599312336,0.3099735892058259,1.0,0.5402134524054267,0.8822752623700763,0.6164036887580231,1.0963748178750203,1.0963748178750203,1.0963748178750203,0.0,0.0,0.0,0.0,0.0,0.8913023122747161,0.10603891534755802,0.0990335902527462,4.554821732952424,240.71955464605452,500.7532982789592,8.11156729135476,239.6231798281795,0.8913023122747161,14.853553034058143,0.0,0.0,-1372.7275554521816,0.0,0.0,0.0,0.0
closure_hypothesis,recirculating,545.0203663120739,545.0203663120739,19758.770883185374,90000.0,0.0,0.0,0.0,0.0,482.186091062018,0.0,0.0,1653333.333333338,248.0,0.15427361487320806,0.0401111398670341,0.18308709835655307,0.3098888601329659,1.0,0.5395097298575445,0.8820260592146056,0.6157471324700856,1.0986956560411834,1.0986956560411834,1.0986956560411834,0.0,0.0,0.0,0.0,0.0,0.8933950203907599,0.10603452227367244,0.09926611337675108,4.554939197993819,241.22911681462668,500.56041892990663,8.12021645954301,240.1304211585855,0.8933950203907599,14.888428014812012,0.0,0.0,-1375.0162782718774,0.0,0.0,0.0,-2.220446049250313e-16
closure_hypothesis,recirculating,546.1682248659241,546.1682248659241,19758.262834454927,90000.0,0.0,0.0,0.0,0.0,484.5121755909293,0.0,0.0,1660000.0000000047,249.0,0.15459852803134172,0.04019561728814885,0.18446614694794153,0.3098043827118511,1.0,0.5388090100616527,0.8817775962113269,0.6150931035439384,1.101009601142719,1.101009601142719,1.101009601142719,0.0,0.0,0.0,0.0,0.0,0.8954815129338521,0.10603014232732776,0.09949794588153911,4.555056320187009,241.73716554507516,500.3681124470874,8.128850691369898,240.63615594393244,0.8954815129338521,14.923199413042646,0.0,0.0,-1377.307591402558,0.0,0.0,0.0,2.220446049250313e-16
closure_hypothesis,recirculating,547.3126850859531,547.3126850859531,19757.756289846377,90000.0,0.0,0.0,0.0,0.0,486.8407425732369,0.0,0.0,1666666.6666666714,250.0,0.15492247925616873,0.04027984460660387,0.18583879506967763,0.3097201553933961,1.0,0.538111270871186,0.8815298688041062,0.6144415844131051,1.1033166956110712,1.1033166956110712,1.1033166956110712,0.0,0.0,0.0,0.0,0.0,0.897561828165213,0.10602577542750118,0.09972909201835697,4.555173101626499,242.24371015362837,500.1763753041248,8.137470065239544,241.1403934580173,0.897561828165213,14.957867866373274,0.0,0.0,-1379.601489931535,0.0,3.637978807091713e-12,0.0,0.0
closure_hypothesis,recirculating,548.4537678227439,548.4537678227439,19757.251240131132,90000.0,0.0,0.0,0.0,0.0,489.1717877562645,0.0,0.0,1673333.3333333381,251.0,0.15524547444966086,0.04036382335691183,0.18720509216005046,0.3096361766430882,1.0,0.5374164903731323,0.8812828724796712,0.6137925576891231,1.1056169814785128,1.1056169814785128,1.1056169814785128,0.0,0.0,0.0,0.0,0.0,0.8996360039861216,0.10602142149393327,0.09995955599845793,4.55528954438718,242.748759868873,499.98520400781655,8.146074658879176,241.6431428873945,0.8996360039861216,14.992434006428716,0.0,0.0,-1381.897968974507,0.0,3.637978807091713e-12,0.0,0.0
closure_hypothesis,recirculating,549.5914937313764,549.5914937313764,19756.74767616714,90000.0,0.0,0.0,0.0,0.0,491.5053069095316,0.0,0.0,1680000.000000005,252.0,0.15556751945845076,0.0404475550591972,0.1885650871201351,0.3095524449408028,1.0,0.5367246468848235,0.8810366027670671,0.6131460061591697,1.107910500383207,1.107910500383207,1.107910500383207,0.0,0.0,0.0,0.0,0.0,0.9017040779424799,0.10601708044711843,0.10018934199360885,4.555405650524572,243.25232383286516,499.7945950977138,8.154664549347197,242.14441333248195,0.9017040779424799,15.026898458911425,0.0,0.0,-1384.1970236752913,0.0,3.637978807091713e-12,0.0,0.0
closure_hypothesis,recirculating,550.7258832738976,550.7258832738976,19756.245588897782,90000.0,0.0,0.0,0.0,0.0,493.8412958245631,0.0,0.0,1686666.6666666716,253.0,0.15588862007453105,0.040531041219378075,0.18991882832133186,0.3094689587806219,1.0,0.5360357189507806,0.8807910552371233,0.6125019127837247,1.1101972935741846,1.1101972935741846,1.1101972935741846,0.0,0.0,0.0,0.0,0.0,0.9037660872293005,0.10601275220829513,0.10041845413658892,4.555521422075072,243.75441110222314,499.60454514570745,8.163239813041216,242.64421380864897,0.9037660872293005,15.061261843676292,0.0,0.0,-1386.4986492055582,0.0,3.637978807091713e-12,0.0,0.0
closure_hypothesis,recirculating,551.8569567217517,551.8569567217517,19755.744969350802,90000.0,0.0,0.0,0.0,0.0,496.1797503147009,0.0,0.0,1693333.3333333384,254.0,0.1562087820359423,0.040614283329345,0.191266363612776,0.30938571667065495,1.0,0.5353496853396119,0.8805462255019264,0.6118602606942732,1.1124774019162447,1.1124774019162447,1.1124774019162447,0.0,0.0,0.0,0.0,0.0,0.9058220686951272,0.10600843669943674,0.10064689652168077,4.555636861056195,244.2550306492037,499.4150507556213,8.171800525705882,243.14255324728745,0.9058220686951272,15.095524774804293,0.0,0.0,-1388.802840764568,0.0,7.275957614183426e-12,0.0,0.0
closure_hypothesis,recirculating,552.9847341581723,552.9847341581723,19755.245808637246,90000.0,0.0,0.0,0.0,0.0,498.52066621491804,0.0,0.0,1700000.0000000051,255.0,0.15652801102745015,0.04069728286713704,0.19260774032862074,0.30930271713286295,1.0,0.5346665250409635,0.8803021092143029,0.6112210331910456,1.1147508658947762,1.1147508658947762,1.1147508658947762,0.0,0.0,0.0,0.0,0.0,0.9078720588463808,0.10600413384324212,0.10087467320515339,4.555751969466806,244.75419136276025,499.2261085628105,8.180346762440651,243.6394404968655,0.9078720588463808,15.129687860674935,0.0,0.0,-1391.1095935789144,0.0,7.275957614183426e-12,0.0,0.0
closure_hypothesis,recirculating,554.1092354805364,554.1092354805364,19754.74809795042,90000.0,0.0,0.0,0.0,0.0,500.86403938163426,0.0,0.0,1706666.6666666719,256.0,0.15684631268121163,0.04078004129711502,0.1939430052951949,0.30921995870288493,1.0,0.5339862172625209,0.8800587020673086,0.6105842137407932,1.1170177256205036,1.1170177256205036,1.1170177256205036,0.0,0.0,0.0,0.0,0.0,0.9099160938516393,0.1059998435631267,0.10110178820573767,4.5558667492873575,245.25190204958525,499.03771523376827,8.18887859770743,244.13488432396474,0.9099160938516393,15.163751704037567,0.0,0.0,-1393.418902902268,0.0,7.275957614183426e-12,0.0,0.0
closure_hypothesis,recirculating,555.2304804026825,555.2304804026825,19754.251828564873,90000.0,0.0,0.0,0.0,0.0,503.2098656925347,0.0,0.0,1713333.3333333386,257.0,0.15716369257743124,0.04086256007013212,0.19527220483803961,0.30913743992986786,1.0,0.5333087414270612,0.879815999793729,0.6099497859746026,1.1192780208341595,1.1192780208341595,1.1192780208341595,0.0,0.0,0.0,0.0,0.0,0.9119542095458515,0.10599556578321347,0.10132824550509459,4.555981202480115,245.7481714351357,498.8498674657365,8.197396105338076,244.62889341430153,0.9119542095458515,15.197716902081615,0.0,0.0,-1395.7307640151244,0.0,7.275957614183426e-12,0.0,0.0
closure_hypothesis,recirculating,556.3484884571906,556.3484884571906,19753.756991835366,90000.0,0.0,0.0,0.0,0.0,505.5581410463905,0.0,0.0,1720000.0000000054,258.0,0.1574801562450065,0.04094484062370169,0.19659538478882474,0.3090551593762983,1.0,0.5326340771695536,0.8795739981655832,0.6093177336857449,1.1215317909110811,1.1215317909110811,1.1215317909110811,0.0,0.0,0.0,0.0,0.0,0.9139864414344815,0.10599130042832412,0.1015540490482757,4.5560953309893835,246.2430081646428,498.66256198632453,8.205899358541803,245.1214763737317,0.9139864414344815,15.231584046505633,0.0,0.0,-1398.0451722245562,0.0,7.275957614183426e-12,0.0,0.0
closure_hypothesis,recirculating,557.4632789976278,557.4632789976278,19753.263579195904,90000.0,0.0,0.0,0.0,0.0,507.9088613628809,0.0,0.0,1726666.666666672,259.0,0.1577957091621634,0.04102688438216249,0.1979125904921477,0.30897311561783747,1.0,0.5319622043343087,0.8793326929936397,0.60868804082756,1.1237790748657377,1.1237790748657377,1.1237790748657377,0.0,0.0,0.0,0.0,0.0,0.9160128246975906,0.10598704742397033,0.1017792027441767,4.556209136741729,246.73642080410548,498.4757955531324,8.214388429912473,245.61264172923973,0.9160128246975906,15.265353723585347,0.0,0.0,-1400.3621228639668,0.0,1.0913936421275139e-11,0.0,2.220446049250313e-16
closure_hypothesis,recirculating,558.5748712007589,558.5748712007589,19752.77158215874,90000.0,0.0,0.0,0.0,0.0,510.26202258241796,0.0,0.0,1733333.3333333388,260.0,0.15811035675708232,0.041108692756841404,0.1992238668122192,0.30889130724315855,1.0,0.5312931029721754,0.879092080126937,0.6080606915113731,1.1260199113561857,1.1260199113561857,1.1260199113561857,0.0,0.0,0.0,0.0,0.0,0.9180333941938562,0.10598280669634558,0.102003710465984,4.5563226216461965,247.22841784126908,498.28956495338076,8.222863391435789,246.10239792991288,0.9180333941938562,15.299026514240612,0.0,0.0,-1402.6816112928486,0.0,1.0913936421275139e-11,0.0,-2.220446049250313e-16
closure_hypothesis,recirculating,559.6832840687221,559.6832840687221,19752.280992313426,90000.0,0.0,0.0,0.0,0.0,512.6176206659734,0.0,0.0,1740000.0000000056,261.0,0.15842410440851365,0.04119026714621355,0.2005292581394344,0.30880973285378643,1.0,0.5306267533377828,0.8788521554523131,0.6074356700044486,1.1282543386884554,1.1282543386884554,1.1282543386884554,0.0,0.0,0.0,0.0,0.0,0.9200481844645253,0.10597857817231617,0.1022275760516139,4.556435787594525,247.71900768658801,498.10386700354655,8.231324314496351,246.59075334789955,0.9200481844645253,15.332602994101313,0.0,0.0,-1405.0036328965434,0.0,1.4551915228366852e-11,0.0,0.0
closure_hypothesis,recirculating,560.7885364311712,560.7885364311712,19751.79180132584,90000.0,0.0,0.0,0.0,0.0,514.975651594907,0.0,0.0,1746666.6666666723,262.0,0.15873695744638444,0.04127160893605995,0.20182880839683523,0.30872839106394,1.0,0.5299631358868288,0.8786129148939412,0.6068129607279725,1.1304823948208693,1.1304823948208693,1.1304823948208693,0.0,0.0,0.0,0.0,0.0,0.9220572297373102,0.10597436177941366,0.10245080330414555,4.556548636461364,248.2081986741744,497.9186985490037,8.239771269884665,247.07771627935355,0.9220572297373102,15.366083733572273,0.0,0.0,-1407.328183086006,0.0,1.4551915228366852e-11,0.0,-2.220446049250313e-16
closure_hypothesis,recirculating,561.8906469473849,561.8906469473849,19751.30400093728,90000.0,0.0,0.0,0.0,0.0,517.3361113707977,0.0,0.0,1753333.333333339,263.0,0.1590489211523952,0.04135271949962275,0.20312256104646378,0.3086472805003772,1.0,0.5293022312734126,0.8783743544128741,0.6061925482550722,1.1327041173682941,1.1327041173682941,1.1327041173682941,0.0,0.0,0.0,0.0,0.0,0.9240605639302215,0.10597015744582594,0.10267339599224681,4.556661170104471,248.6959990627311,497.73405646366984,8.248204327803965,247.5632949453628,0.9240605639302215,15.399469297897141,0.0,0.0,-1409.6552572975718,0.0,1.4551915228366852e-11,0.0,0.0
closure_hypothesis,recirculating,562.9896341083438,562.9896341083438,19750.81758296354,90000.0,0.0,0.0,0.0,0.0,519.6989960152754,0.0,0.0,1760000.0000000058,264.0,0.15936000076060802,0.04143360019775809,0.20441055909561093,0.3085663998022419,1.0,0.5286440203474109,0.8781364700065938,0.6055744173088633,1.134919543606328,1.134919543606328,1.134919543606328,0.0,0.0,0.0,0.0,0.0,0.9260582206553443,0.10596596510038994,0.10289535785059378,4.556773390364928,249.1824170364714,497.5499376496586,8.256623557877003,248.0474974928651,0.9260582206553443,15.432760247221312,0.0,0.0,-1411.9848509927253,0.0,1.0913936421275139e-11,0.0,0.0
closure_hypothesis,recirculating,564.0855162387749,564.0855162387749,19750.33253929399,90000.0,0.0,0.0,0.0,0.0,522.0643015698562,0.0,0.0,1766666.6666666726,265.0,0.15967020145802518,0.04151425237908655,0.20569284510295902,0.3084857476209134,1.0,0.5279884841518971,0.8778992577085689,0.6049585527605307,1.1371287104754213,1.1371287104754213,1.1371287104754213,0.0,0.0,0.0,0.0,0.0,0.928050233222554,0.10596178467258362,0.10311669258028375,4.556885299067334,249.66746070602383,497.3663390369369,8.265029029152714,248.5303319955484,0.928050233222554,15.465957136653861,0.0,0.0,-1414.3169596578737,0.0,1.4551915228366852e-11,0.0,0.0
closure_hypothesis,recirculating,565.1783114991659,565.1783114991659,19749.84886189069,90000.0,0.0,0.0,0.0,0.0,524.4320240957787,0.0,0.0,1773333.3333333393,266.0,0.15997952838515933,0.04159467738014143,0.20696946118462564,0.30840532261985854,1.0,0.5273356039206017,0.8776627135878192,0.6043449396274378,1.1393316545849386,1.1393316545849386,1.1393316545849386,0.0,0.0,0.0,0.0,0.0,0.9300366346431792,0.10595761609251733,0.1033374038492421,4.5569968980200155,250.15113810932368,497.1832575829872,8.273420810112787,249.01180645473875,0.9300366346431792,15.49906051632858,0.0,0.0,-1416.6515788041215,0.0,1.0913936421275139e-11,0.0,0.0
closure_hypothesis,recirculating,566.2680378877476,566.2680378877476,19749.36654278752,90000.0,0.0,0.0,0.0,0.0,526.8021596738421,0.0,0.0,1780000.000000006,267.0,0.16028798663659458,0.04167487652551459,0.20824044902010433,0.3083251234744854,1.0,0.5266853610754153,0.8774268337484864,0.6037335630712686,1.1415284122171525,1.1415284122171525,1.1415284122171525,0.0,0.0,0.0,0.0,0.0,0.9320174576336028,0.10595345929092723,0.10355749529262251,4.557108189015209,250.63345721249024,497.00069027247616,8.281798968678123,249.4919288002731,0.9320174576336028,15.53207093146399,0.0,0.0,-1418.9887039670493,0.0,1.0913936421275139e-11,0.0,0.0
closure_hypothesis,recirculating,567.3547132424474,567.3547132424474,19748.88557408932,90000.0,0.0,0.0,0.0,0.0,529.1747044042462,0.0,0.0,1786666.6666666728,268.0,0.16059558126153958,0.041754851128000293,0.20950584985811102,0.30824514887199966,1.0,0.5260377372239301,0.8771916143294108,0.6031244083961956,1.1437190193311848,1.1437190193311848,1.1437190193311848,0.0,0.0,0.0,0.0,0.0,0.933992734618815,0.105949314199168,0.10377697051320164,4.557219173829264,251.11442591069178,496.81863411692655,8.290163572215226,249.9707068913606,0.933992734618815,15.564988922422552,0.0,0.0,-1421.3283307064949,0.0,1.0913936421275139e-11,0.0,0.0
closure_hypothesis,recirculating,568.4383552428121,568.4383552428121,19748.405947971016,90000.0,0.0,0.0,0.0,0.0,531.5496544064338,0.0,0.0,1793333.3333333395,269.0,0.1609023172643718,0.04183460248873667,0.21076570452233126,0.3081653975112633,1.0,0.5253927141570225,0.8769570515037157,0.6025174610470794,1.14590351156688,1.14590351156688,1.14590351156688,0.0,0.0,0.0,0.0,0.0,0.9359624977359089,0.1059451807492035,0.10399583308176763,4.557329854222829,251.5940520289964,496.6370861543955,8.298514687542493,250.44814851742953,0.9359624977359089,15.597815024768922,0.0,0.0,-1423.670454606336,0.0,1.0913936421275139e-11,0.0,0.0
closure_hypothesis,recirculating,569.5189814119028,569.5189814119028,19747.927656676802,90000.0,0.0,0.0,0.0,0.0,533.9270058189338,0.0,0.0,1800000.0000000063,270.0,0.1612081996051736,0.041914131897345136,0.2120200534170751,0.3080858681026548,1.0,0.5247502738464739,0.8767231414783966,0.601912706607695,1.1480819242486267,1.1480819242486267,1.1480819242486267,0.0,0.0,0.0,0.0,0.0,0.9379267788375224,0.10594105887360171,0.10421408653750246,4.557440231941039,252.07234332321065,496.4560434491568,8.306852380936393,250.92426139896202,0.9379267788375224,15.63054976932731,0.0,0.0,-1426.015071274278,0.0,1.4551915228366852e-11,0.0,0.0
closure_hypothesis,recirculating,570.5966091181602,570.5966091181602,19747.45069251931,90000.0,0.0,0.0,0.0,0.0,536.3067547992076,0.0,0.0,1806666.666666673,271.0,0.1615132332002607,0.04199344063206779,0.21326893653284015,0.3080065593679322,1.0,0.5241103984426296,0.8764898804939183,0.6013101307989874,1.1502542923891168,1.1502542923891168,1.1502542923891168,0.0,0.0,0.0,0.0,0.0,0.9398856094952314,0.10593694850552644,0.10443173438835902,4.557550308713703,252.54930748070527,496.2755030913889,8.315176718137575,251.39905318831615,0.9398856094952314,15.66319368223803,0.0,0.0,-1428.3621763416409,0.0,1.4551915228366852e-11,0.0,0.0
closure_hypothesis,recirculating,571.6712555772426,571.6712555772426,19746.975047878786,90000.0,0.0,0.0,0.0,0.0,538.6888975234956,0.0,0.0,1813333.3333333398,272.0,0.16181742292270201,0.04207252995990252,0.21451239345178172,0.30792747004009746,1.0,0.5234730702720952,0.8762572648238162,0.6007097194773514,1.1524206506930517,1.1524206506930517,1.1524206506930517,0.0,0.0,0.0,0.0,0.0,0.9418390210028897,0.10593284957872985,0.10464878011143217,4.557660086255478,253.0249521212286,496.09546219686666,8.3234877643569,251.87253147053556,0.9418390210028897,15.695747285013157,0.0,0.0,-1430.7117654631538,0.0,1.4551915228366852e-11,0.0,-2.220446049250313e-16
closure_hypothesis,recirculating,572.7429378538367,572.7429378538367,19746.500715202306,90000.0,0.0,0.0,0.0,0.0,541.0734301866661,0.0,0.0,1820000.0000000065,273.0,0.16212077360283247,0.04215140113673645,0.21575046335309844,0.30784859886326355,1.0,0.522838271835469,0.8760252907743046,0.6001114586329421,1.1545810335607922,1.1545810335607922,1.1545810335607922,0.0,0.0,0.0,0.0,0.0,0.9437870443799212,0.1059287620275464,0.10486522715332455,4.557769566266057,253.49928479770816,495.91591790665746,8.331785584281349,252.34470376414737,0.9437870443799212,15.728211094591387,0.0,0.0,-1433.0638343167461,0.0,1.4551915228366852e-11,0.0,0.0
closure_hypothesis,recirculating,573.8116728634403,573.8116728634403,19746.027687002974,90000.0,0.0,0.0,0.0,0.0,543.4603490020666,0.0,0.0,1826666.6666666733,274.0,0.16242329002875755,0.042230055407476964,0.21698318501832592,0.307769944592523,1.0,0.5222059858051117,0.8757939546838912,0.599515334388008,1.156735475091952,1.156735475091952,1.156735475091952,0.0,0.0,0.0,0.0,0.0,0.94572971037456,0.10592468578688537,0.10508107893050664,4.55787875043034,253.9723129970396,495.73686738682346,8.340070242079891,252.81557752194766,0.94572971037456,15.760585623392041,0.0,0.0,-1435.418378603346,0.0,1.4551915228366852e-11,0.0,2.220446049250313e-16
closure_hypothesis,recirculating,574.8774773741196,574.8774773741196,19745.55595585915,90000.0,0.0,0.0,0.0,0.0,545.8496502013754,0.0,0.0,1833333.33333334,275.0,0.16272497694685065,0.04230849400618117,0.21821059683654884,0.3076915059938188,1.0,0.5215761950229499,0.8755632529229964,0.5989213329952523,1.15888400908894,1.15888400908894,1.15888400908894,0.0,0.0,0.0,0.0,0.0,0.9476670494670438,0.10592062079222482,0.10529633882967152,4.557987640418606,254.4440441408644,495.55830782812683,8.348341801409227,253.28516013177546,0.9476670494670438,15.792871379368284,0.0,0.0,-1437.7753940466785,0.0,1.4551915228366852e-11,0.0,0.0
closure_hypothesis,recirculating,575.9403680082403,575.9403680082403,19745.085514413677,90000.0,0.0,0.0,0.0,0.0,548.241330034456,0.0,0.0,1840000.0000000068,276.0,0.1630258390622432,0.04238671815618323,0.2194327368095282,0.30761328184381675,1.0,0.5209488824983151,0.8753331818935788,0.5983294408362196,1.1610266690604514,1.1610266690604514,1.1610266690604514,0.0,0.0,0.0,0.0,0.0,0.9495990918727633,0.10591656697960343,0.10551101020808477,4.5580962378866925,254.9144855863363,495.3802364457395,8.356600325419466,253.75345891727585,0.9495990918727633,15.825068866059599,0.0,0.0,-1440.1348763930678,0.0,1.4551915228366852e-11,0.0,0.0
closure_hypothesis,recirculating,577.0003612441725,577.0003612441725,19744.61635537314,90000.0,0.0,0.0,0.0,0.0,550.6353847692125,0.0,0.0,1846666.6666666735,277.0,0.16332588103930717,0.042464729070219864,0.22064964255674557,0.3075352709297801,1.0,0.5203240314058162,0.8751037380287651,0.597739644419703,1.1631634882249025,1.1631634882249025,1.1631634882249025,0.0,0.0,0.0,0.0,0.0,0.9515258675453584,0.10591252428561537,0.10572509639392869,4.558204544476152,255.3836446268757,495.2026504789575,8.364845876759764,254.2204811386508,0.9515258675453584,15.857178582643396,0.0,0.0,-1442.4968214112405,0.0,1.4551915228366852e-11,0.0,0.0
closure_hypothesis,recirculating,578.0574734179709,578.0574734179709,19744.148471507102,90000.0,0.0,0.0,0.0,0.0,553.0318106914465,0.0,0.0,1853333.3333333402,278.0,0.16362510750213072,0.042542527950553986,0.22186135132036727,0.307457472049446,1.0,0.5197016250832464,0.8748749177924883,0.597151930380183,1.165294499513819,1.165294499513819,1.165294499513819,0.0,0.0,0.0,0.0,0.0,0.9534474061797743,0.10590849264740326,0.10593860068664156,4.55831256181443,255.8515284929134,495.02554719092024,8.373078517583789,254.68623399339958,0.9534474061797743,15.889201023985938,0.0,0.0,-1444.8612248921318,0.0,1.4551915228366852e-11,0.0,-2.220446049250313e-16
closure_hypothesis,recirculating,579.1117207250309,579.1117207250309,19743.68185564739,90000.0,0.0,0.0,0.0,0.0,555.4306041047163,0.0,0.0,1860000.000000007,279.0,0.16392352303498692,0.0426201159890966,0.22306789997013074,0.3073798840109034,1.0,0.5190816470295206,0.8746467176791276,0.5965662854762822,1.1674197355751752,1.1674197355751752,1.1674197355751752,0.0,0.0,0.0,0.0,0.0,0.9553637372152708,0.10590447200265195,0.1061515263572523,4.55842029151502,256.3181443526236,494.84892386833195,8.381298309555218,255.15072461704844,0.9553637372152708,15.921136680692486,0.0,0.0,-1447.2280826486951,0.0,1.4551915228366852e-11,0.0,2.220446049250313e-16
closure_hypothesis,recirculating,580.1631192217193,580.1631192217193,19743.21650068737,90000.0,0.0,0.0,0.0,0.0,557.8317613301969,0.0,0.0,1866666.6666666737,280.0,0.16422113218279535,0.042697494367526796,0.22426932500815083,0.3073025056324732,1.0,0.5184640809026477,0.8744191342131565,0.5959826965892514,1.1695392287766795,1.1695392287766795,1.1695392287766795,0.0,0.0,0.0,0.0,0.0,0.9572748898383879,0.10590046228958164,0.10636387664870973,4.55852773517763,256.7834993126457,494.6727778211892,8.389505313853059,255.61396008386902,0.9572748898383879,15.952986039156734,0.0,0.0,-1449.5973905157116,0.0,1.4551915228366852e-11,0.0,0.0
closure_hypothesis,recirculating,581.2116848269822,581.2116848269822,19742.75239958122,90000.0,0.0,0.0,0.0,0.0,560.2352787065417,0.0,0.0,1873333.3333333405,281.0,0.16451793945157728,0.04277466425741009,0.22546566257365255,0.30722533574258987,1.0,0.5178489105177319,0.8741921639487937,0.5954011507214727,1.1716530112090167,1.1716530112090167,1.1716530112090167,0.0,0.0,0.0,0.0,0.0,0.9591808929858668,0.10589646344694241,0.10657565477620741,4.558634894388336,257.24760041879574,494.49710638251145,8.397699591176956,256.07594740758674,0.9591808929858668,15.98474958160947,0.0,0.0,-1451.9691443496035,0.0,1.4551915228366852e-11,0.0,0.0
closure_hypothesis,recirculating,582.2574333239291,582.2574333239291,19742.289545343247,90000.0,0.0,0.0,0.0,0.0,562.6411525897462,0.0,0.0,1880000.0000000072,282.0,0.16481394930890408,0.04285162682031506,0.22665694844762824,0.3071483731796849,1.0,0.5172361198450061,0.8739658034696616,0.5948216349949869,1.173761114689042,1.173761114689042,1.173761114689042,0.0,0.0,0.0,0.0,0.0,0.9610817753475309,0.10589247541400801,0.1067868639275034,4.558741770719746,257.71045465676804,494.3219069080755,8.40588120175242,256.536693542079,0.9610817753475309,16.016427786166602,0.0,0.0,-1454.343340028251,0.0,1.4551915228366852e-11,0.0,-2.220446049250313e-16
closure_hypothesis,recirculating,583.3003803613944,583.3003803613944,19741.827931047188,90000.0,0.0,0.0,0.0,0.0,565.0493793530122,0.0,0.0,1886666.666666674,283.0,0.16510916618433905,0.042928383207928154,0.22784321805742003,0.30707161679207184,1.0,0.5166256930078962,0.8737400493884466,0.594244136650044,1.1758635707629277,1.1758635707629277,1.1758635707629277,0.0,0.0,0.0,0.0,0.0,0.9629775653691226,0.10588849813056922,0.10699750726323583,4.558848365731148,258.1720689528256,494.1471767761538,8.414050205335972,256.99620538206267,0.9629775653691226,16.048021126876428,0.0,0.0,-1456.7199734508072,0.0,1.4551915228366852e-11,0.0,0.0
closure_hypothesis,recirculating,584.3405414554752,584.3405414554752,19741.367549825532,90000.0,0.0,0.0,0.0,0.0,567.4599553866145,0.0,0.0,1893333.3333333407,284.0,0.16540359446987293,0.04300493456216697,0.22902450648123257,0.306995065437833,1.0,0.5160176142811141,0.8735148983465677,0.5936686430436757,1.1779604107092632,1.1779604107092632,1.1779604107092632,0.0,0.0,0.0,0.0,0.0,0.9648682912551013,0.10588453153692855,0.10720758791723346,4.5589546809686645,258.6324501744814,493.9729133872569,8.422206661220196,257.45448976377213,0.9648682912551013,16.079530073766264,0.0,0.0,-1459.0990405375196,0.0,1.4551915228366852e-11,0.0,0.0
closure_hypothesis,recirculating,585.3779319910489,585.3779319910489,19740.908394868842,90000.0,0.0,0.0,0.0,0.0,569.8728770977685,0.0,0.0,1900000.0000000075,285.0,0.16569723852035334,0.04308128201529187,0.23020084845257424,0.3069187179847081,1.0,0.5154118680887803,0.8732903470138474,0.5930951416482877,1.1800516655421154,1.1800516655421154,1.1800516655421154,0.0,0.0,0.0,0.0,0.0,0.966753980971399,0.10588057557389434,0.10741710899682208,4.559060717965403,259.09160513116973,493.79911416387955,8.430350628238763,257.9115534656276,0.966753980971399,16.110955092888364,0.0,0.0,-1461.4805372295514,0.0,1.0913936421275139e-11,0.0,0.0
closure_hypothesis,recirculating,586.4125672232668,586.4125672232668,19740.450459425105,90000.0,0.0,0.0,0.0,0.0,572.2881409104995,0.0,0.0,1906666.6666666742,286.0,0.16599010265390768,0.043157426690015994,0.231372278364629,0.306842573309984,1.0,0.5148084390025751,0.8730663920881883,0.5925236200502744,1.182137366014039,1.182137366014039,1.182137366014039,0.0,0.0,0.0,0.0,0.0,0.968634662248138,0.10587663018277478,0.10762607358312641,4.559166478241604,259.5495405749075,493.62577655025,8.438482164771356,258.36740320889345,0.968634662248138,16.142296646365217,0.0,0.0,-1463.8644594888056,0.0,1.0913936421275139e-11,0.0,-2.220446049250313e-16
closure_hypothesis,recirculating,587.444462279028,587.444462279028,19739.993736799064,90000.0,0.0,0.0,0.0,0.0,574.7057432655126,0.0,0.0,1913333.333333341,287.0,0.16628219115236006,0.04323336969961362,0.23253883027455977,0.30676663030038637,1.0,0.5142073117399194,0.8728430302952541,0.5919540659486542,1.1842175426190469,1.1842175426190469,1.1842175426190469,0.0,0.0,0.0,0.0,0.0,0.9705103625823075,0.10587269530537188,0.10783448473136747,4.559271963304783,260.00626320094625,493.45289801208304,8.446601328748534,258.8220456583272,0.9705103625823075,16.173555192434154,0.0,0.0,-1466.2508032977498,0.0,1.0913936421275139e-11,0.0,0.0
closure_hypothesis,recirculating,588.4736321584318,588.4736321584318,19739.5382203516,90000.0,0.0,0.0,0.0,0.0,577.1256806200653,0.0,0.0,1920000.0000000077,288.0,0.1665735082616428,0.04330911214802713,0.233700537907747,0.30669088785197285,1.0,0.5136084711621803,0.8726202583881555,0.5913864671537231,1.1862922255955393,1.1862922255955393,1.1862922255955393,0.0,0.0,0.0,0.0,0.0,0.9723811092404063,0.1058687708839768,0.10804234547115622,4.559377174649881,260.46177964841536,493.2804760363371,8.454708177656551,259.2754874228198,0.9723811092404063,16.204731185491372,0.0,0.0,-1468.6395646592453,0.0,1.4551915228366852e-11,0.0,-2.220446049250313e-16
closure_hypothesis,recirculating,589.5000917362084,589.5000917362084,19739.083903499057,90000.0,0.0,0.0,0.0,0.0,579.5479494478404,0.0,0.0,1926666.6666666744,289.0,0.1668640581922011,0.043384655129972284,0.2348574346619588,0.3066153448700277,1.0,0.5130119022729069,0.8723980731471402,0.5908208115857325,1.1883614449291877,1.1883614449291877,1.1883614449291877,0.0,0.0,0.0,0.0,0.0,0.974246929261042,0.1058648568613635,0.1082496588067824,4.559482113759398,260.9160965009551,493.1085081309742,8.462802768542053,259.72773505602595,0.974246929261042,16.235825076135264,0.0,0.0,-1471.0307395963764,0.0,1.0913936421275139e-11,0.0,-2.220446049250313e-16
closure_hypothesis,recirculating,590.5238557631312,590.5238557631312,19738.630779712672,90000.0,0.0,0.0,0.0,0.0,581.9725462388209,0.0,0.0,1933333.3333333412,290.0,0.1671538451193929,0.043459999731042157,0.23600955361145998,0.30654000026895784,1.0,0.5124175902160907,0.8721764713792878,0.5902570872735815,1.190425230355781,1.190425230355781,1.190425230355781,0.0,0.0,0.0,0.0,0.0,0.9761078494574975,0.10586095318078362,0.1084564277174997,4.5595867821035405,261.36922028734176,492.93699182472375,8.470885158016786,260.17879505698596,0.9761078494574975,16.266837311209194,0.0,0.0,-1473.4243241522831,0.0,1.4551915228366852e-11,0.0,0.0
closure_hypothesis,recirculating,591.544938867407,591.544938867407,19738.17884251791,90000.0,0.0,0.0,0.0,0.0,584.3994674991657,0.0,0.0,1940000.000000008,291.0,0.16744287318388248,0.043535147027809445,0.23715692751105483,0.3064648529721905,1.0,0.5118255202744535,0.8719554499182074,0.5896952823535309,1.1924836113640285,1.1924836113640285,1.1924836113640285,0.0,0.0,0.0,0.0,0.0,0.9779638964202604,0.10585705978596131,0.10866265515780668,4.559691181140352,261.821157482103,492.76592466684895,8.478955402262194,260.62867387073896,0.9779638964202604,16.29776833384364,0.0,0.0,-1475.8203143899932,0.0,1.4551915228366852e-11,0.0,0.0
closure_hypothesis,recirculating,592.5633555560482,592.5633555560482,19737.72808549389,90000.0,0.0,0.0,0.0,0.0,586.828709751087,0.0,0.0,1946666.6666666747,292.0,0.16773114649202878,0.043610098087927485,0.23829958880007066,0.3063899019120725,1.0,0.5112356778677601,0.8717350056237427,0.5891353850679387,1.1945366171983265,1.1945366171983265,1.1945366171983265,0.0,0.0,0.0,0.0,0.0,0.9798150965195151,0.10585317662108736,0.10886834405772387,4.559795312315853,262.2719145061249,492.5953042269174,8.48701355703393,261.0773778889266,0.9798150965195151,16.328618583497718,0.0,0.0,-1478.2187063922606,0.0,1.4551915228366852e-11,0.0,2.220446049250313e-16
closure_hypothesis,recirculating,593.5791202162251,593.5791202162251,19737.278502272762,90000.0,0.0,0.0,0.0,0.0,589.2602695327288,0.0,0.0,1953333.3333333414,293.0,0.16801866911626812,0.04368485397022971,0.2394375696062783,0.3063151460297703,1.0,0.5106480485511571,0.8715151353816774,0.5885773837640083,1.1965842768614836,1.1965842768614836,1.1965842768614836,0.0,0.0,0.0,0.0,0.0,0.981661475907602,0.10584930363081481,0.10907349732306686,4.559899177064175,262.7214977272511,492.4251280945747,8.495059677666385,261.52491345038965,0.981661475907602,16.359388496000186,0.0,0.0,-1480.6194962614,0.0,1.4551915228366852e-11,0.0,-2.220446049250313e-16
closure_hypothesis,recirculating,594.5922471165991,594.5922471165991,19736.830086539143,90000.0,0.0,0.0,0.0,0.0,591.6941433980468,0.0,0.0,1960000.0000000081,294.0,0.16830544509549178,0.04375941572482787,0.2405709017497549,0.3062405842751721,1.0,0.5100626180135356,0.8712958361034474,0.5880212668925587,1.1986266191174098,1.1986266191174098,1.1986266191174098,0.0,0.0,0.0,0.0,0.0,0.9835030605214412,0.10584544076025276,0.10927811783571566,4.560002776807687,263.1699134608724,492.25539387932054,8.503093819077097,261.971286841755,0.9835030605214412,16.390078503589816,0.0,0.0,-1483.0226801191284,0.0,1.4551915228366852e-11,0.0,2.220446049250313e-16
closure_hypothesis,recirculating,595.6027504086371,595.6027504086371,19736.382832029507,90000.0,0.0,0.0,0.0,0.0,594.1303279166895,0.0,0.0,1966666.666666675,295.0,0.16859147843541789,0.043833784393208654,0.24169961674668564,0.3061662156067913,1.0,0.5094793720759195,0.8710771047258569,0.5874670230068152,1.2006636724937634,1.2006636724937634,1.2006636724937634,0.0,0.0,0.0,0.0,0.0,0.9853398760849208,0.1058415879549625,0.10948220845388006,4.5601061129571345,263.61716797050855,492.08609921028886,8.511116035771074,262.4165042980148,0.9853398760849208,16.420689034955203,0.0,0.0,-1485.4282541064056,0.0,1.4551915228366852e-11,0.0,0.0
closure_hypothesis,recirculating,596.6106441279088,596.6106441279088,19735.936732531634,90000.0,0.0,0.0,0.0,0.0,596.5688196738803,0.0,0.0,1973333.3333333416,296.0,0.1688767731089586,0.043907961008329235,0.24282374581311036,0.30609203899167076,1.0,0.5088982966898769,0.8708589382107964,0.5869146407612105,1.2026954652845687,1.2026954652845687,1.2026954652845687,0.0,0.0,0.0,0.0,0.0,0.9871719481112556,0.10583774516095126,0.10968577201236171,4.5602091869117585,264.06326746838255,491.91724173603075,8.519126381845155,262.86057200309796,0.9871719481112556,16.451220515274073,0.0,0.0,-1487.8362143832776,0.0,1.8189894035458565e-11,0.0,2.220446049250313e-16
closure_hypothesis,recirculating,597.6159421953635,597.6159421953635,19735.49178188403,90000.0,0.0,0.0,0.0,0.0,599.0096152703015,0.0,0.0,1980000.0000000084,297.0,0.16916133305658168,0.04398194659471124,0.24394331986861134,0.30601805340528876,1.0,0.5083193779359547,0.870641333544967,0.5863641089102076,1.2047220255527893,1.2047220255527893,1.2047220255527893,0.0,0.0,0.0,0.0,0.0,0.9889993019053087,0.10583391232466839,0.10988881132281204,4.5603120000594295,264.5082181159858,491.7488191242997,8.527124910992242,263.30349609043304,0.9889993019053087,16.481673366251968,0.0,0.0,-1490.246557128721,0.0,1.4551915228366852e-11,0.0,2.220446049250313e-16
closure_hypothesis,recirculating,598.6186584185916,598.6186584185916,19735.04797397538,90000.0,0.0,0.0,0.0,0.0,601.452711321979,0.0,0.0,1986666.6666666751,298.0,0.16944516218666753,0.04405574216853356,0.2450583695399471,0.3059442578314664,1.0,0.5077426020221377,0.8704242877396071,0.5858154163071423,1.2067433811328703,1.2067433811328703,1.2067433811328703,0.0,0.0,0.0,0.0,0.0,0.9908219625658837,0.1058300893929996,0.11009132917398705,4.560414553776766,264.95202602463655,491.5808290618412,8.535111676505466,263.7452826435037,0.9908219625658837,16.51204800616045,0.0,0.0,-1492.65927854049,0.0,1.4551915228366852e-11,0.0,-2.220446049250313e-16
closure_hypothesis,recirculating,599.6188064930681,599.6188064930681,19734.605302743985,90000.0,0.0,0.0,0.0,0.0,603.8981044601678,0.0,0.0,1993333.3333333419,299.0,0.16972826437586097,0.04412934873772385,0.24616892516463104,0.30587065126227614,1.0,0.507167955282329,0.870207797830224,0.5852685519030774,1.2087595596332459,1.2087595596332459,1.2087595596332459,0.0,0.0,0.0,0.0,0.0,0.9926399549879845,0.10582627631326326,0.11029332833199824,4.560516849429262,265.3946972560299,491.41326925418383,8.543086731282324,264.18593769639665,0.9926399549879845,16.542344849874763,0.0,0.0,-1495.0743748349644,0.0,1.4551915228366852e-11,0.0,-2.220446049250313e-16
closure_hypothesis,recirculating,600.6164000033777,600.6164000033777,19734.163762177235,90000.0,0.0,0.0,0.0,0.0,606.3457913312395,0.0,0.0,2000000.0000000086,300.0,0.17001064346941835,0.04420276730204877,0.24727501679445643,0.3057972326979512,1.0,0.5065954241748534,0.8699918608763272,0.5847235047456736,1.2107705884388091,1.2107705884388091,1.2107705884388091,0.0,0.0,0.0,0.0,0.0,0.9944533038650444,0.10582247303320405,0.11049481154056047,4.560618888371405,265.8362378227804,491.2461374254341,8.551050127828807,264.62546723434156,0.9944533038650444,16.572564308910962,0.0,0.0,-1497.491842247,0.0,1.4551915228366852e-11,0.0,2.220446049250313e-16
closure_hypothesis,recirculating,601.6114524244243,601.6114524244243,19733.723346311057,90000.0,0.0,0.0,0.0,0.0,608.7957685965708,0.0,0.0,2006666.6666666754,301.0,0.17029230328154968,0.044275998853202915,0.24837667419896858,0.30572400114679704,1.0,0.5060249952809827,0.8697764739611679,0.5841802639780806,1.2127764947133484,1.2127764947133484,1.2127764947133484,0.0,0.0,0.0,0.0,0.0,0.9962620336911227,0.10581867950098993,0.11069578152123583,4.560720671946799,266.2766536889572,491.07943131807394,8.55900191826338,265.06387719424384,0.9962620336911227,16.60270679146256,0.0,0.0,-1499.9116770297796,0.0,1.4551915228366852e-11,0.0,0.0
closure_hypothesis,recirculating,602.6039771226236,602.6039771226236,19733.284049229405,90000.0,0.0,0.0,0.0,0.0,611.2480329324326,0.0,0.0,2013333.333333342,302.0,0.1705732475957562,0.04434904437489662,0.24947392686888561,0.30565095562510336,1.0,0.5054566553034827,0.8695616341914805,0.5836388188378424,1.2147773054019544,1.2147773054019544,1.2147773054019544,0.0,0.0,0.0,0.0,0.0,0.9980661687630731,0.10581489566520662,0.11089624097367476,4.560822201488279,266.715950770612,490.9131486927612,8.56694215432095,265.50117346521,0.9980661687630731,16.63277270243661,0.0,0.0,-1502.3338754546673,0.0,1.8189894035458565e-11,0.0,0.0
closure_hypothesis,recirculating,603.5939873570793,603.5939873570793,19732.845865063715,90000.0,0.0,0.0,0.0,0.0,613.7025810298805,0.0,0.0,2020000.0000000088,303.0,0.17085348016516352,0.04442190484294252,0.25056680401946824,0.30557809515705747,1.0,0.5048903910651806,0.8693473386972279,0.5830991586558142,1.2167730472333889,1.2167730472333889,1.2167730472333889,0.0,0.0,0.0,0.0,0.0,0.9998657331826823,0.10581112147485311,0.11109619257585357,4.560923478318032,267.15413493629956,490.74728732813173,8.574870887356825,265.93736188906615,0.9998657331826823,16.6627624434894,0.0,0.0,-1504.7584338110623,0.0,1.4551915228366852e-11,0.0,-2.220446049250313e-16
closure_hypothesis,recirculating,604.5814962807434,604.5814962807434,19732.408787992423,90000.0,0.0,0.0,0.0,0.0,616.1594095946472,0.0,0.0,2026666.6666666756,304.0,0.17113300471284984,0.04449458122534096,0.2516553345938401,0.30550541877465903,1.0,0.5043261895075541,0.8691335846313502,0.5825612728550998,1.2187637467224248,1.2187637467224248,1.2187637467224248,0.0,0.0,0.0,0.0,0.0,1.0016607508587783,0.10580735687933787,0.11129563898430868,4.5610245037477055,267.5912120075913,490.58184502060556,8.582788168350572,266.3724482608689,1.0016607508587783,16.692676413061537,0.0,0.0,-1507.185348406257,0.0,1.4551915228366852e-11,0.0,0.0
closure_hypothesis,recirculating,605.5665169415603,605.5665169415603,19731.972812240434,90000.0,0.0,0.0,0.0,0.0,618.6185153470343,0.0,0.0,2033333.3333333423,305.0,0.1714118249321699,0.044567074482364175,0.25273954726625786,0.3054329255176358,1.0,0.5037640376893406,0.8689203691695171,0.5820251509500028,1.2207494301721524,1.2207494301721524,1.2207494301721524,0.0,0.0,0.0,0.0,0.0,1.003451245509311,0.1058036018284737,0.11149458283436786,4.561125279078524,268.02718775958175,490.41681958419565,8.590694047909814,266.8064383294096,1.003451245509311,16.722515006412667,0.0,0.0,-1509.614615565293,0.0,1.4551915228366852e-11,0.0,-2.220446049250313e-16
closure_hypothesis,recirculating,606.5490622835961,606.5490622835961,19731.537932078623,90000.0,0.0,0.0,0.0,0.0,621.0798950218073,0.0,0.0,2040000.000000009,306.0,0.17168994448707456,0.044639385566639385,0.2538194704453342,0.3053606144333606,1.0,0.5032039227851667,0.8687076895098842,0.5814907825449914,1.2227301236762556,1.2227301236762556,1.2227301236762556,0.0,0.0,0.0,0.0,0.0,1.0052372406634043,0.10579985627247306,0.11169302674037822,4.5612258056014054,268.46206792138827,490.25220885031774,8.598588576274015,267.23933779771204,1.0052372406634043,16.75227861565563,0.0,0.0,-1512.046231630823,0.0,1.0913936421275139e-11,0.0,0.0
closure_hypothesis,recirculating,607.529145148152,607.529145148152,19731.10414182337,90000.0,0.0,0.0,0.0,0.0,623.5435453680893,0.0,0.0,2046666.6666666758,307.0,0.17196736701242613,0.04471151542323079,0.25489513227721355,0.30528848457676916,1.0,0.5026458320841964,0.8684955428728505,0.5809581573336771,1.2247058531212565,1.2247058531212565,1.2247058531212565,0.0,0.0,0.0,0.0,0.0,1.0070187596633804,0.1057961201619451,0.11189097329593112,4.561326084597059,268.8958581766438,490.08801066760424,8.606471803318216,267.67115232352256,1.0070187596633804,16.781967629790234,0.0,0.0,-1514.4801929629705,0.0,1.4551915228366852e-11,0.0,0.0
closure_hypothesis,recirculating,608.5067782748631,608.5067782748631,19730.67143583603,90000.0,0.0,0.0,0.0,0.0,626.0094631492585,0.0,0.0,2053333.3333333426,308.0,0.1722440961143092,0.04478346498972039,0.2559665606487004,0.30521653501027957,1.0,0.5020897529888007,0.8682839265008223,0.5804272650978108,1.226676644188731,1.226676644188731,1.226676644188731,0.0,0.0,0.0,0.0,0.0,1.0087958256667566,0.10579239344789022,0.11208842507408405,4.561426117336109,269.32856416398334,489.9242229017208,8.614343778556687,268.1018875197946,1.0087958256667566,16.811582434736497,0.0,0.0,-1516.9164959391933,0.0,1.4551915228366852e-11,0.0,0.0
closure_hypothesis,recirculating,609.4819743027823,609.4819743027823,19730.23980852249,90000.0,0.0,0.0,0.0,0.0,628.4776451428438,0.0,0.0,2060000.0000000093,309.0,0.17252013537033753,0.04485523519628776,0.25703378319034237,0.3051447648037122,1.0,0.501535673013244,0.8680728376579772,0.5798980957062904,1.2286425223574926,1.2286425223574926,1.2286425223574926,0.0,0.0,0.0,0.0,0.0,1.010568461648217,0.10578867608169634,0.11228538462757962,4.56152590507919,269.76019147752373,489.76084343518323,8.62220455114656,268.5315489551662,1.010568461648217,16.841123413367534,0.0,0.0,-1519.3551369541476,0.0,1.0913936421275139e-11,0.0,-2.220446049250313e-16
closure_hypothesis,recirculating,610.4547457714492,610.4547457714492,19729.809254332675,90000.0,0.0,0.0,0.0,0.0,630.948088140424,0.0,0.0,2066666.666666676,310.0,0.17279548832995673,0.04492682696578875,0.25809682727946875,0.3050731730342112,1.0,0.5009835797823914,0.8678622736300331,0.5793706391141821,1.2306035129057489,1.2306035129057489,1.2306035129057489,0.0,0.0,0.0,0.0,0.0,1.0123366904015525,0.10578496801513501,0.11248185448906135,4.5616254490770585,270.19074566733656,489.59787016718013,8.630054169891412,268.9601421544308,1.0123366904015525,16.87059094554187,0.0,0.0,-1521.7961124195535,0.0,1.0913936421275139e-11,0.0,0.0
closure_hypothesis,recirculating,611.4251051219459,611.4251051219459,19729.3797677601,90000.0,0.0,0.0,0.0,0.0,633.4207889475265,0.0,0.0,2073333.3333333428,311.0,0.17307015851474286,0.04499824121383315,0.25915572004318416,0.3050017587861668,1.0,0.5004334610304326,0.8676522317240201,0.5788448853617577,1.2325596409132282,1.2325596409132282,1.2325596409132282,0.0,0.0,0.0,0.0,0.0,1.0141005345415843,0.10578126920035665,0.11267783717128711,4.561724750570697,270.6202322399156,489.43530101339474,8.637892683244797,269.38767259900237,1.0141005345415843,16.899985408135503,0.0,0.0,-1524.2394187640623,0.0,1.4551915228366852e-11,0.0,2.220446049250313e-16
closure_hypothesis,recirculating,612.3930646979372,612.3930646979372,19728.951343341378,90000.0,0.0,0.0,0.0,0.0,635.8957443835272,0.0,0.0,2080000.0000000095,312.0,0.1733441494186971,0.04506947884886125,0.26021048836131905,0.3049305211511387,1.0,0.49988530459962544,0.8674427092680551,0.5783208245735432,1.2345109312632776,1.2345109312632776,1.2345109312632776,0.0,0.0,0.0,0.0,0.0,1.0158600165060512,0.1057775795898875,0.112873335167339,4.561823810791417,271.0486566586371,489.27313390583095,8.645720139313722,269.81414572737384,1.0158600165060512,16.92930717507334,0.0,0.0,-1526.6850524331253,0.0,1.4551915228366852e-11,0.0,0.0
closure_hypothesis,recirculating,613.3586367466982,613.3586367466982,19728.523975655797,90000.0,0.0,0.0,0.0,0.0,638.3729512815521,0.0,0.0,2086666.6666666763,313.0,0.1736174645085365,0.04514054077221949,0.26126115886933815,0.30485945922778046,1.0,0.49933909843905594,0.8672337036111191,0.5777984469573803,1.2364574086449338,1.2364574086449338,1.2364574086449338,0.0,0.0,0.0,0.0,0.0,1.0176151585574784,0.10577389913662462,0.1130683509508309,4.561922630960956,271.4760243442148,489.11136679264183,8.653536585862113,270.2395669355699,1.0176151585574784,16.958556617360376,0.0,0.0,-1529.133009888863,0.0,1.0913936421275139e-11,0.0,-2.220446049250313e-16
closure_hypothesis,recirculating,614.3218334201275,614.3218334201275,19728.097659324863,90000.0,0.0,0.0,0.0,0.0,640.8524064883792,0.0,0.0,2093333.333333343,314.0,0.17389010722398085,0.045211427878235025,0.2623077579612061,0.30478857212176497,1.0,0.4987948306034169,0.8670252121228382,0.5772777428035031,1.2383990975549666,1.2383990975549666,1.2383990975549666,0.0,0.0,0.0,0.0,0.0,1.0193659827850206,0.10577022779383269,0.11326288697611338,4.562021212291586,271.9023406751482,488.9499976379589,8.661342070314197,270.6639415775932,1.0193659827850206,16.987734103112366,0.0,0.0,-1531.583287609938,0.0,1.0913936421275139e-11,0.0,0.0
closure_hypothesis,recirculating,615.2826667757479,615.2826667757479,19727.67238901185,90000.0,0.0,0.0,0.0,0.0,643.3341068643415,0.0,0.0,2100000.00000001,315.0,0.17416208097803582,0.045282141054289314,0.2633503117922123,0.3047178589457107,1.0,0.49825248925180304,0.8668172321932668,0.576758702483625,1.2403360222998945,1.2403360222998945,1.2403360222998945,0.0,0.0,0.0,0.0,0.0,1.021112511106279,0.10576656551513984,0.11345694567847543,4.562119555986203,272.32761098816553,488.7890244217251,8.669136639757866,271.0872749658656,1.021112511106279,17.01683999758614,0.0,0.0,-1534.0358820914266,0.0,1.4551915228366852e-11,0.0,0.0
closure_hypothesis,recirculating,616.2411487776927,616.2411487776927,19727.248159421357,90000.0,0.0,0.0,0.0,0.0,645.8180492832312,0.0,0.0,2106666.6666666763,316.0,0.1744333891572723,0.0453526811808908,0.2643888462817559,0.30464731881910917,1.0,0.49771206264652357,0.8666097612326741,0.5762413164500394,1.2422682069979751,1.2422682069979751,1.2422682069979751,0.0,0.0,0.0,0.0,0.0,1.022854765269097,0.10576291225453427,0.11365052947434406,4.562217663238434,272.7518405786603,488.6284451395292,8.676920340948,271.50957237166233,1.022854765269097,17.0458746632095,0.0,0.0,-1536.4907898446932,0.0,1.8189894035458565e-11,0.0,-2.220446049250313e-16
closure_hypothesis,recirculating,617.19729129768,617.19729129768,19726.824965298892,90000.0,0.0,0.0,0.0,0.0,648.3042306322042,0.0,0.0,2113333.333333343,317.0,0.17470403512210209,0.045423049131746544,0.2654233871160896,0.3045769508682534,1.0,0.4971735391519308,0.8664027966713337,0.5757255752347334,1.244195675581167,1.244195675581167,1.244195675581167,0.0,0.0,0.0,0.0,0.0,1.0245927668533261,0.10575926796636008,0.11384364076148065,4.56231553523273,273.1750347011224,488.46825780244313,8.684693220309715,271.9308390255412,1.0245927668533261,17.074838459610678,0.0,0.0,-1538.948007397265,0.0,1.4551915228366852e-11,0.0,0.0
closure_hypothesis,recirculating,618.151106008808,618.151106008808,19726.402801477885,90000.0,0.0,0.0,0.0,0.0,650.7926478117496,0.0,0.0,2120000.0000000093,318.0,0.1749740221767156,0.04549324576594606,0.2664539596353169,0.30450675423405393,1.0,0.4966369072935265,0.8661963359825117,0.5752114695062532,1.2461184515810357,1.2461184515810357,1.2461184515810357,0.0,0.0,0.0,0.0,0.0,1.026326537077783,0.10575563260572156,0.11403628189753141,4.562413173133486,273.59719852213175,488.3084604548143,8.692455323069048,272.3510800705507,1.026326537077783,17.10373174040125,0.0,0.0,-1541.4075312960197,0.0,1.8189894035458565e-11,0.0,-2.220446049250313e-16
closure_hypothesis,recirculating,619.1027829591989,619.1027829591989,19725.981583841945,90000.0,0.0,0.0,0.0,0.0,653.2832978231041,0.0,0.0,2126666.666666676,319.0,0.17524340411618652,0.0455632850702085,0.2674807813748441,0.30443671492979146,1.0,0.49610205545093145,0.8659903380287984,0.5746988939243207,1.2480369181117896,1.2480369181117896,1.2466438430582478,0.001393075053541838,0.0,0.0,0.0,0.0,1.0280564213975134,0.10575200544788588,0.11422849126639036,4.562510596366028,274.018416158069,488.1490212569306,8.700208148753502,272.7703792399572,1.0280564213975134,17.13256026258956,0.0,0.0,-1543.869352785186,0.0,1.4551915228366852e-11,0.0,0.0
closure_hypothesis,recirculating,620.0528789924242,620.0528789924242,19725.56106592895,90000.0,0.0,0.0,0.0,0.0,655.7761787488957,0.0,0.0,2133333.3333333423,320.0,0.17551233856080953,0.04563320802581048,0.2685044635951766,0.3043667919741895,1.0,0.49556866667256205,0.8657846822770279,0.5741875461204656,1.249952197703248,1.249952197703248,1.2466011481256887,0.0033510495775593415,0.0,0.0,0.0,0.0,1.0297834319997283,0.10574838437021665,0.11442038133330312,4.562607861910344,274.43893407106896,487.98984691800416,8.707956196164155,273.1889818733657,1.0297834319997283,17.161340894275472,0.0,0.0,-1546.3334530792918,0.0,1.8189894035458565e-11,0.0,-2.220446049250313e-16
closure_hypothesis,recirculating,621.00141993202,621.00141993202,19725.14123630924,90000.0,0.0,0.0,0.0,0.0,658.2712892735906,0.0,0.0,2140000.000000009,321.0,0.17578083282020182,0.045703016533252476,0.2695250432099344,0.3042969834667475,1.0,0.4950367230027901,0.8655793631374927,0.5736774100978823,1.2518643424125604,1.2518643424125604,1.246558523719171,0.00530581869338947,0.0,0.0,0.0,0.0,1.0315076158246828,0.10574476927402411,0.11461195731385361,4.562704972389838,274.8587636907757,487.8309331116889,8.7156996458112,273.60689934836313,1.0315076158246828,17.190074417718336,0.0,0.0,-1548.7998300805436,0.0,1.4551915228366852e-11,0.0,0.0
closure_hypothesis,recirculating,621.9484107068672,621.9484107068672,19724.722092801276,90000.0,0.0,0.0,0.0,0.0,660.7686280839256,0.0,0.0,2146666.6666666754,322.0,0.17604888828953377,0.04577271095527878,0.2705425345088755,0.3042272890447212,1.0,0.49450621825852725,0.8653743795432977,0.5731684811311035,1.2537733621757594,1.2537733621757594,1.2465159696140686,0.007257392561690828,0.0,0.0,0.0,0.0,1.0332289818319518,0.10574116014025729,0.11480322020355017,4.562801928289086,275.2779071987399,487.672279012225,8.72343850822517,274.02413383656415,1.0332289818319518,17.218760982229476,0.0,0.0,-1551.2684823263676,0.0,1.4551915228366852e-11,0.0,0.0
closure_hypothesis,recirculating,622.893856222634,622.893856222634,19724.303633233776,90000.0,0.0,0.0,0.0,0.0,663.2681938696389,0.0,0.0,2153333.333333342,323.0,0.1763165063574052,0.04584229165292535,0.2715569516936596,0.3041577083470746,1.0,0.4939771462927612,0.8651697304325725,0.5726607545203509,1.2556792668820833,1.2556792668820833,1.246473485586815,0.009205781295268297,0.0,0.0,0.0,0.0,1.0349475389389153,0.10573755694995529,0.11499417099321278,4.562898730090407,275.69636676623827,487.51388379774096,8.731172793895924,274.44068749935616,1.0349475389389153,17.247400736417024,0.0,0.0,-1553.7394083578934,0.0,1.4551915228366852e-11,0.0,0.0
closure_hypothesis,recirculating,623.8377613619193,623.8377613619193,19723.88585544568,90000.0,0.0,0.0,0.0,0.0,665.7699853234576,0.0,0.0,2160000.0000000084,324.0,0.17658368840588587,0.04591175898553033,0.27256830887852584,0.30408824101446963,1.0,0.49344950099429025,0.8649654147484401,0.5721542255913561,1.2575820663742658,1.2575820663742658,1.246431071414901,0.011150994959364774,0.0,0.0,0.0,0.0,1.0366632960210176,0.10573395968424638,0.11518481066900192,4.562995378273871,276.114144554337,487.35574665023086,8.73890251327288,274.8565624879627,1.0366632960210176,17.275993828190256,0.0,0.0,-1556.2126067199388,0.0,1.4551915228366852e-11,0.0,0.0
closure_hypothesis,recirculating,624.7801309843982,624.7801309843982,19723.46875728606,90000.0,0.0,0.0,0.0,0.0,668.2740011410865,0.0,0.0,2166666.666666675,325.0,0.17685043581055673,0.04598111331074475,0.2735766200909681,0.30401888668925525,1.0,0.4929232762874585,0.8647614314389861,0.5716488896951819,1.2594817704488286,1.2594817704488286,1.2463887268768632,0.013093043571965298,0.0,0.0,0.0,0.0,1.0383762619120327,0.10573036832434772,0.11537514021244806,4.563091873317316,276.5312427139557,487.1978667555288,8.746627676765243,275.2717609435069,1.0383762619120327,17.304540404764023,0.0,0.0,-1558.688075960994,0.0,1.4551915228366852e-11,0.0,0.0
closure_hypothesis,recirculating,625.7209699269636,625.7209699269636,19723.052336614084,90000.0,0.0,0.0,0.0,0.0,670.7802400211967,0.0,0.0,2173333.3333333414,326.0,0.17711674994055007,0.04605035498454302,0.2745818992724011,0.30394964501545696,1.0,0.492398466131895,0.8645577794572264,0.5711447422080465,1.2613783888563672,1.2613783888563672,1.2463464517522815,0.015031937104085583,0.0,0.0,0.0,0.0,1.040086445404322,0.10572678285156518,0.11556516060048018,4.563188215696362,276.9476633859309,487.04024330328605,8.754348294742227,275.68628499707455,1.040086445404322,17.333040612663023,0.0,0.0,-1561.1658146332052,0.0,1.4551915228366852e-11,0.0,0.0
closure_hypothesis,recirculating,626.6602830038686,626.6602830038686,19722.63659129894,90000.0,0.0,0.0,0.0,0.0,673.2887006654144,0.0,0.0,2180000.000000008,327.0,0.17738263215858968,0.046119484361233316,0.2755841602788219,0.30388051563876667,1.0,0.49187506452225366,0.8643544577610784,0.5706417785311507,1.2632719313018386,1.2632719313018386,1.2463042458217701,0.01696768548006835,0.0,0.0,0.0,0.0,1.0417938552490917,0.10572320324729219,0.1157548728054546,4.563284405884425,277.36340870107847,486.88287548694683,8.762064377533227,276.1001367697766,1.0417938552490917,17.361494597726114,0.0,0.0,-1563.6458212923594,0.0,1.8189894035458565e-11,0.0,2.220446049250313e-16
closure_hypothesis,recirculating,627.5980750068671,627.5980750068671,19722.221519219762,90000.0,0.0,0.0,0.0,0.0,675.7993817783087,0.0,0.0,2186666.6666666744,328.0,0.17764808382103073,0.04618850179346799,0.2765834168814648,0.30381149820653197,1.0,0.4913530654879569,0.8641514653133294,0.5701399940905016,1.2651624074448433,1.2651624074448433,1.2462621088669716,0.01890029857787163,0.0,0.0,0.0,0.0,1.0434985001566501,0.10571962949300968,0.11594427779518332,4.5633804443527275,277.7784807802558,486.7257625037245,8.769775935428099,276.51331837281094,1.0434985001566501,17.389902505110573,0.0,0.0,-1566.1280944978694,0.0,1.8189894035458565e-11,0.0,2.220446049250313e-16
closure_hypothesis,recirculating,628.5343507053528,628.5343507053528,19721.807118265595,90000.0,0.0,0.0,0.0,0.0,678.3122820673817,0.0,0.0,2193333.333333341,329.0,0.1779131062778991,0.04625740763225377,0.2775796827674498,0.3037425923677462,1.0,0.49083246309294076,0.8639488010816065,0.5696393843367444,1.2670498268999066,1.2670498268999066,1.2462200406705517,0.020829786229354774,0.0,0.0,0.0,0.0,1.0452003887966599,0.10571606157028457,0.11613337653296218,4.563476331570315,278.1928817344238,486.5689035545787,8.777482978677316,276.9258319075239,1.0452003887966599,17.418264479296337,0.0,0.0,-1568.6126328127566,0.0,1.8189894035458565e-11,0.0,0.0
closure_hypothesis,recirculating,629.4691148464976,629.4691148464976,19721.39338633531,90000.0,0.0,0.0,0.0,0.0,680.8274002430563,0.0,0.0,2200000.0000000075,330.0,0.1781777008729306,0.04632620222696196,0.27857297154042593,0.30367379777303805,1.0,0.49031325143540255,0.8637464640383472,0.5691399447449902,1.2689341992367575,1.2689341992367575,1.246178041016191,0.022756158220566557,0.0,0.0,0.0,0.0,1.0468995297983883,0.10571249946077062,0.11632216997759867,4.56357206800407,278.6066136647077,486.4122978441919,8.785185517492202,277.33767946547096,1.0468995297983883,17.44658066409014,0.0,0.0,-1571.0994348036375,0.0,1.4551915228366852e-11,0.0,0.0
closure_hypothesis,recirculating,630.4023721553898,630.4023721553898,19720.98032133756,90000.0,0.0,0.0,0.0,0.0,683.3447350186655,0.0,0.0,2206666.666666674,331.0,0.17844186894361,0.0463948859253386,0.2795632967212083,0.3036051140746614,1.0,0.48979542464755055,0.8635444531607689,0.5686416708146464,1.270815533980607,1.270815533980607,1.246136109688582,0.024679424292025194,0.0,0.0,0.0,0.0,1.0485959317509599,0.1057089431462073,0.11651065908343995,4.563667654118719,279.01967866245855,486.25594458094673,8.79288356204516,277.7488631284779,1.0485959317509599,17.474851202629747,0.0,0.0,-1573.5884990407071,0.0,1.8189894035458565e-11,0.0,0.0
closure_hypothesis,recirculating,631.3341273351693,631.3341273351693,19720.567921190705,90000.0,0.0,0.0,0.0,0.0,685.8642851104408,0.0,0.0,2213333.3333333405,332.0,0.1787056118212094,0.04646345907351444,0.2805506717484092,0.3035365409264855,1.0,0.48927897689535593,0.8633427674308398,0.5681445580692517,1.272693840612421,1.272693840612421,1.2460942464734168,0.026599594139004167,0.0,0.0,0.0,0.0,1.0502896032036024,0.10570539260841844,0.11669884480040024,4.563763090376857,279.4320788093128,486.0998429769024,8.80057712246985,278.1593849687004,1.0502896032036024,17.503076237388033,0.0,0.0,-1576.0798240977242,0.0,1.8189894035458565e-11,0.0,0.0
closure_hypothesis,recirculating,632.2643850671639,632.2643850671639,19720.156183822764,90000.0,0.0,0.0,0.0,0.0,688.3860492375022,0.0,0.0,2220000.000000007,333.0,0.17896893083082668,0.04653192201601494,0.28153510997906384,0.303468077983985,1.0,0.48876390237830697,0.8631414058352501,0.5676486020563096,1.2745691285691942,1.2745691285691942,1.2460524511573885,0.0285166774118056,0.0,0.0,0.0,0.0,1.0519805526658927,0.1057018478293133,0.11688672807398805,4.56385837723895,279.8438161772528,485.94399224777266,8.808266208861394,278.5692470486836,1.0519805526658927,17.5312559101771,0.0,0.0,-1578.5734085519964,0.0,1.8189894035458565e-11,0.0,2.220446049250313e-16
closure_hypothesis,recirculating,633.1931500110222,633.1931500110222,19719.74510717135,90000.0,0.0,0.0,0.0,0.0,690.910026121846,0.0,0.0,2226666.6666666735,334.0,0.17923182729142334,0.04660027509577007,0.2825166246892491,0.3033997249042299,1.0,0.4882501953291658,0.862940367365382,0.5671537983471224,1.2764414072442194,1.2764414072442194,1.2460107235281799,0.03043068371603943,0.0,0.0,0.0,0.0,1.0536687886080012,0.10569830879088461,0.11707430984533344,4.563953515163352,280.2548928286656,485.7883916129033,8.81595083127661,278.9784514214214,1.0536687886080012,17.55939036215234,0.0,0.0,-1581.069250984365,0.0,1.8189894035458565e-11,0.0,0.0
closure_hypothesis,recirculating,634.1204268048484,634.1204268048484,19719.334689183615,90000.0,0.0,0.0,0.0,0.0,693.436214488335,0.0,0.0,2233333.33333334,335.0,0.17949430251586238,0.04666851865412422,0.2834952290746993,0.30333148134587573,1.0,0.48773785001372627,0.8627396510172816,0.5666601425366287,1.2783106859873576,1.2783106859873576,1.2459690633744573,0.03234162261290046,0.0,0.0,0.0,0.0,1.055354319460934,0.10569477547520877,0.11726159105121488,4.564048504606319,280.66531081640244,485.63304029524966,8.823630999734204,279.38700013041506,1.055354319460934,17.587479733816465,0.0,0.0,-1583.5673499791899,0.0,1.8189894035458565e-11,0.0,0.0
closure_hypothesis,recirculating,635.0462200653332,635.0462200653332,19718.924927816184,90000.0,0.0,0.0,0.0,0.0,695.964613064687,0.0,0.0,2240000.0000000065,336.0,0.1797563578109455,0.046736653030845836,0.28447093625141306,0.30326334696915414,1.0,0.487226860730575,0.8625392557916298,0.5661676302432428,1.2801769741053037,1.2801769741053037,1.245927470485868,0.0342495036194356,0.0,0.0,0.0,0.0,1.0570371536167724,0.10569124786444552,0.11744857262408578,4.564143346022021,281.0750721838369,485.4779375213543,8.831306724214961,279.7948952097316,1.0570371536167724,17.615524165023512,0.0,0.0,-1586.0677041243348,0.0,2.1827872842550278e-11,0.0,0.0
closure_hypothesis,recirculating,635.970534387885,635.970534387885,19718.5158210351,90000.0,0.0,0.0,0.0,0.0,698.4952205814639,0.0,0.0,2246666.666666673,337.0,0.1800179944774504,0.04680467856413711,0.285443759256257,0.30319532143586286,1.0,0.486717221810854,0.8623391806937144,0.565676257108693,1.2820402808618494,1.2820402808618494,1.2458859446530315,0.03615433620881795,0.0,0.0,0.0,0.0,1.0587172994289116,0.10568772594083672,0.11763525549210126,4.564238039862554,281.48417896492293,485.3230825213256,8.838978014661954,280.2021386840611,1.0587172994289116,17.643523794982812,0.0,0.0,-1588.5703120111525,0.0,2.1827872842550278e-11,0.0,0.0
closure_hypothesis,recirculating,636.893374346761,636.893374346761,19718.107366815766,90000.0,0.0,0.0,0.0,0.0,701.0280357720616,0.0,0.0,2253333.3333333395,338.0,0.18027921381016745,0.04687259559064354,0.2864137110475631,0.3031274044093564,1.0,0.48620892761802537,0.8621394247334013,0.5651860187978626,1.2839006154781485,1.2839006154781485,1.245844485667532,0.038056129810616554,0.0,0.0,0.0,0.0,1.060394765212298,0.10568420968670625,0.1178216405791442,4.564332586577954,281.8926331842529,485.1684745288154,8.84664488098075,280.6087325687747,1.060394765212298,17.671478762262947,0.0,0.0,-1591.0751722344698,0.0,1.8189894035458565e-11,0.0,0.0
closure_hypothesis,recirculating,637.8147444951954,637.8147444951954,19717.699563142905,90000.0,0.0,0.0,0.0,0.0,703.5630573726988,0.0,0.0,2260000.000000006,339.0,0.18054001709793643,0.04694040444546348,0.28738080450572107,0.3030595955545365,1.0,0.4857019725476383,0.8619399869251073,0.5646969109986328,1.2857579871329745,1.2857579871329745,1.245803093321919,0.039954893811055374,0.0,0.0,0.0,0.0,1.0620695592436633,0.10568069908445958,0.11800772880485146,4.564426986616203,282.30043685711405,485.0141127809973,8.854307333039591,281.0146788699811,1.0620695592436633,17.699389204795647,0.0,0.0,-1593.5822833925745,0.0,1.8189894035458565e-11,0.0,0.0
closure_hypothesis,recirculating,638.7346493655283,638.7346493655283,19717.292408010475,90000.0,0.0,0.0,0.0,0.0,706.1002841224068,0.0,0.0,2266666.6666666726,340.0,0.18080040562368274,0.047008105462157515,0.2883450524337646,0.3029918945378425,1.0,0.48519635102709757,0.861740866287772,0.5642089294217253,1.2876124049629811,1.2876124049629811,1.2457617674096948,0.04185063755328623,0.0,0.0,0.0,0.0,1.063741689761758,0.10567719411658352,0.11819352108463974,4.564521240423255,282.70759198954596,484.8599965185462,8.861965380669623,281.41997958458296,1.063741689761758,17.727255259879694,0.0,0.0,-1596.0916440871983,0.0,2.1827872842550278e-11,0.0,0.0
closure_hypothesis,recirculating,639.653093469332,639.653093469332,19716.885899421624,90000.0,0.0,0.0,0.0,0.0,708.6397147630186,0.0,0.0,2273333.333333339,341.0,0.18106038066445335,0.04707569897275787,0.2893064675579533,0.3029243010272421,1.0,0.4846920575154349,0.8615420618448297,0.563722069800548,1.289463878062957,1.289463878062957,1.2457205077253095,0.04374337033764733,0.0,0.0,0.0,0.0,1.065411164967581,0.1056736947656449,0.11837901832973119,4.564615348443035,283.1141005783962,484.7061249856155,8.869619033665053,281.8246367003332,1.065411164967581,17.755077064184736,0.0,0.0,-1598.6032529235051,0.0,2.1827872842550278e-11,0.0,0.0
closure_hypothesis,recirculating,640.5700812975385,640.5700812975385,19716.480035388642,90000.0,0.0,0.0,0.0,0.0,711.181348039158,0.0,0.0,2280000.0000000056,342.0,0.18131994349145264,0.04714318530777769,0.29026506252834844,0.3028568146922223,1.0,0.48418908650308157,0.8613435726241833,0.5632363278910407,1.2913124154860818,1.2913124154860818,1.24567931406416,0.045633101421921986,0.0,0.0,0.0,0.0,1.067077993024612,0.10567020101429073,0.11856422144717908,4.564709311117458,283.51996461137685,484.5524974298168,8.877268301783369,282.2286521958908,1.067077993024612,17.782854753755156,0.0,0.0,-1601.117108510074,0.0,1.8189894035458565e-11,0.0,0.0
closure_hypothesis,recirculating,641.4856173205634,641.4856173205634,19716.0748139329,90000.0,0.0,0.0,0.0,0.0,713.7251826982306,0.0,0.0,2286666.666666672,343.0,0.1815790953700777,0.0472105647962202,0.29122084991938374,0.30278943520377977,1.0,0.4836874325116433,0.8611453976581759,0.5627516994715217,1.2931580262441773,1.2931580262441773,1.2456381862225778,0.047519840021599466,0.0,0.0,0.0,0.0,1.0687421820590366,0.10566671284524778,0.11874913133989293,4.564803128886438,283.92518606711934,484.39911310219935,8.88491319474554,282.6320280408752,1.0687421820590366,17.810588464013843,0.0,0.0,-1603.6332094588881,0.0,2.1827872842550278e-11,0.0,0.0
closure_hypothesis,recirculating,642.399705988431,642.399705988431,19715.67023308479,90000.0,0.0,0.0,0.0,0.0,716.2712174904116,0.0,0.0,2293333.3333333386,344.0,0.1818378375599536,0.04727783776558794,0.2921738422304319,0.30272216223441206,1.0,0.4831870900936773,0.860947535983565,0.5622681803425396,1.2950007193079582,1.2950007193079582,1.2455971239978287,0.04940359531012955,0.0,0.0,0.0,0.0,1.070403740159973,0.10566323024132146,0.11893374890666365,4.564896802187904,284.3297669152297,484.2459712572282,8.892553722236155,283.03476619592175,1.070403740159973,17.838278329765952,0.0,0.0,-1606.151554385317,0.0,2.1827872842550278e-11,0.0,0.0
closure_hypothesis,recirculating,643.312351730898,643.312351730898,19715.266290883676,90000.0,0.0,0.0,0.0,0.0,718.8194511686369,0.0,0.0,2300000.000000005,345.0,0.18209617131496855,0.047345004541891826,0.29312405188636503,0.30265499545810814,1.0,0.4826880538324703,0.8607499866414946,0.5617857663267174,1.2968405036072825,1.2968405036072825,1.2455561271881037,0.051284376419178816,0.0,0.0,0.0,0.0,1.072062675379698,0.10565975318539597,0.11911807504218863,4.564990331457807,284.73370911634345,484.09307115276386,8.900189893903708,283.4368686127362,1.072062675379698,17.865924485202665,0.0,0.0,-1608.6721419081055,0.0,1.8189894035458565e-11,0.0,0.0
closure_hypothesis,recirculating,644.2235589575752,644.2235589575752,19714.86298537784,90000.0,0.0,0.0,0.0,0.0,721.3698824885918,0.0,0.0,2306666.6666666716,346.0,0.1823540978833082,0.04741206544966013,0.2940714912381105,0.30258793455033983,1.0,0.4821903183418201,0.8605527486774701,0.5613044532686104,1.2986773880313964,1.2986773880313964,1.2455151955925152,0.053162192438881324,0.0,0.0,0.0,0.0,1.0737189957338664,0.10565628166043392,0.11930211063709623,4.565083717130136,285.13701462217955,483.9404120500426,8.90782171936068,283.8383372341481,1.0737189957338664,17.893527063904884,0.0,0.0,-1611.1949706493583,0.0,1.8189894035458565e-11,0.0,0.0
closure_hypothesis,recirculating,645.1333320580494,645.1333320580494,19714.460314624426,90000.0,0.0,0.0,0.0,0.0,723.9225102087016,0.0,0.0,2313333.333333338,347.0,0.18261161850749016,0.047479020811947444,0.2950161725632012,0.30252097918805254,1.0,0.4816938782658175,0.860355821141331,0.5608242370345535,1.3005113814291804,1.3005113814291804,1.2454743290110915,0.05503705241808911,0.0,0.0,0.0,0.0,1.075372709201735,0.1056528156494747,0.11948585657797055,4.565176959636927,285.539685375594,483.7879932136547,8.91544920818381,284.2391739941648,1.075372709201735,17.921086198846915,0.0,0.0,-1613.7200392345262,0.0,2.1827872842550278e-11,0.0,0.0
closure_hypothesis,recirculating,646.0416754020042,646.0416754020042,19714.058276689386,90000.0,0.0,0.0,0.0,0.0,726.4773330901207,0.0,0.0,2320000.0000000047,348.0,0.18286873442439827,0.04754587095034355,0.29595810806632195,0.3024541290496564,1.0,0.48119872827863097,0.8601592030872248,0.5603451135125167,1.302342492609392,1.302342492609392,1.2454335272447685,0.0569089653646236,0.0,0.0,0.0,0.0,1.0770238237263807,0.10564935513563582,0.1196693137473756,4.565270059408277,285.9417233106336,483.63581391152513,8.923072369914246,284.6393808180242,1.0770238237263807,17.948602022400134,0.0,0.0,-1616.247346292392,0.0,1.8189894035458565e-11,0.0,-2.220446049250313e-16
closure_hypothesis,recirculating,646.9485933393396,646.9485933393396,19713.656869647428,90000.0,0.0,0.0,0.0,0.0,729.034349896723,0.0,0.0,2326666.666666671,349.0,0.18312544686531643,0.047612616184982276,0.29689730987985075,0.30238738381501773,1.0,0.48070486308429267,0.8599628935735816,0.5598670786119608,1.3041707303409078,1.3041707303409078,1.2453927900953878,0.05877794024551993,0.0,0.0,0.0,0.0,1.0786723472149173,0.1056459001021109,0.11985248302387967,4.565363016872355,286.343130352589,483.48387341489365,8.930691214057717,285.0389596222481,1.0786723472149173,17.976074666336597,0.0,0.0,-1618.7768904550578,0.0,1.8189894035458565e-11,0.0,0.0
closure_hypothesis,recirculating,647.8540902002904,647.8540902002904,19713.25609158197,90000.0,0.0,0.0,0.0,0.0,731.5935593950917,0.0,0.0,2333333.3333333377,350.0,0.18338175705596213,0.047679256834550154,0.29783379006439376,0.3023207431654498,1.0,0.48021227741648687,0.8597668916630877,0.5593901282636901,1.3059961033529615,1.3059961033529615,1.2453521173656907,0.06064398598727077,0.0,0.0,0.0,0.0,1.080318287538712,0.10564245053217011,0.12003536528207909,4.565455832455408,286.74390841804666,483.3321709982943,8.938305750084774,285.4379123146937,1.080318287538712,18.003504261832635,0.0,0.0,-1621.3086703579304,0.0,1.8189894035458565e-11,0.0,2.220446049250313e-16
closure_hypothesis,recirculating,648.7581702955449,648.7581702955449,19712.855940585076,90000.0,0.0,0.0,0.0,0.0,734.154960354509,0.0,0.0,2340000.000000004,351.0,0.18363766621651992,0.04774579321629518,0.29876756060931775,0.3022542067837048,1.0,0.47972096603833975,0.8595711964226612,0.5589142584197145,1.307818620335383,1.307818620335383,1.2453115088593096,0.0625071114760734,0.0,0.0,0.0,0.0,1.0819616525336018,0.10563900640915876,0.12021796139262239,4.565548506581782,287.1440594149418,483.1807059395358,8.945915987430883,285.8362407946064,1.0819616525336018,18.030890939472474,0.0,0.0,-1623.8426846397078,0.0,1.8189894035458565e-11,0.0,0.0
closure_hypothesis,recirculating,649.6608379163614,649.6608379163614,19712.456414757406,90000.0,0.0,0.0,0.0,0.0,736.7185515469462,0.0,0.0,2346666.6666666707,352.0,0.1838931755616746,0.04781222564603539,0.29969863343327663,0.3021877743539646,1.0,0.479230923742211,0.8593758069234253,0.5584394650531028,1.3096382899388346,1.3096382899388346,1.2452709643807665,0.064367325558068,0.0,0.0,0.0,0.0,1.0836024500001027,0.10563556771649829,0.1204002722222336,4.565641039673928,287.54358524260977,483.0294775196823,8.953521935496703,286.2339469526709,1.0836024500001027,18.05823482925171,0.0,0.0,-1626.3789319423659,0.0,1.4551915228366852e-11,0.0,-2.220446049250313e-16
closure_hypothesis,recirculating,650.5620973346847,650.5620973346847,19712.05751220818,90000.0,0.0,0.0,0.0,0.0,739.2843317470542,0.0,0.0,2353333.333333337,353.0,0.184148286300644,0.047878554438167444,0.3006270203847331,0.3021214455618325,1.0,0.47874214534948734,0.8591807222406839,0.5579657441578456,1.3114551207750442,1.3114551207750442,1.2452304837354657,0.0662246370395784,0.0,0.0,0.0,0.0,1.0852406877036236,0.10563213443768459,0.12058229863373593,4.565733432152412,287.9424877918376,482.8784850230336,8.961123603648195,286.63103267106254,1.0852406877036236,18.085536060580885,0.0,0.0,-1628.9174109111445,0.0,1.8189894035458565e-11,0.0,2.220446049250313e-16
closure_hypothesis,recirculating,651.4619528032612,651.4619528032612,19711.6592310551,90000.0,0.0,0.0,0.0,0.0,741.8522997321535,0.0,0.0,2360000.0000000037,354.0,0.18440299963721174,0.047944779905675056,0.30155273324247617,0.30205522009432495,1.0,0.4782546257103779,0.858985941453897,0.5574930917487144,1.313269121417038,1.313269121417038,1.245190066729689,0.06807905468734918,0.0,0.0,0.0,0.0,1.0868763733746751,0.10562870655628805,0.12076404148607497,4.565825684435932,288.34076894491517,482.72772773710557,8.968721001216837,287.02749982349815,1.0868763733746751,18.11279476228896,0.0,0.0,-1631.4581201945357,0.0,1.4551915228366852e-11,0.0,0.0
closure_hypothesis,recirculating,652.3604085557532,652.3604085557532,19711.26156942433,90000.0,0.0,0.0,0.0,0.0,744.4224542822238,0.0,0.0,2366666.6666666702,355.0,0.18465731676975944,0.048010902360137456,0.30247578371613354,0.30198909763986254,1.0,0.4777683597037113,0.8587914636466546,0.5570215038611231,1.3150803003993716,1.3150803003993716,1.2451497131705902,0.06993058722878151,0.0,0.0,0.0,0.0,1.088509514709077,0.10562528405595262,0.12094550163434187,4.565917796941318,288.7384305756854,482.5772049526119,8.976314137499802,287.42335027528605,1.088509514709077,18.14001106262677,0.0,0.0,-1634.0010584442684,0.0,1.4551915228366852e-11,0.0,0.0
closure_hypothesis,recirculating,653.2574688068535,653.2574688068535,19710.864525450423,90000.0,0.0,0.0,0.0,0.0,746.9947941798952,0.0,0.0,2373333.3333333367,356.0,0.18491123889129912,0.04807692211173777,0.303396183446681,0.3019230778882622,1.0,0.4772833422367339,0.8585972879066537,0.5565509765509925,1.3168886662183596,1.3168886662183596,1.2451094228661905,0.07177924335216904,0.0,0.0,0.0,0.0,1.0901401193681666,0.10562186692039673,0.12112667992979625,4.566009770083555,289.1354745495954,482.4269159634438,8.983903021760106,287.81858588337707,1.0901401193681666,18.167185089270497,0.0,0.0,-1636.546224315296,0.0,1.8189894035458565e-11,0.0,0.0
closure_hypothesis,recirculating,654.1531377523963,654.1531377523963,19710.468097276273,90000.0,0.0,0.0,0.0,0.0,749.5693182104374,0.0,0.0,2380000.0000000033,357.0,0.18516476718950486,0.04814283946927127,0.3043139440069447,0.3018571605307287,1.0,0.4767995682449112,0.8584034133256727,0.5560815058946121,1.3186942273323006,1.3186942273323006,1.2450691956253719,0.0736250317069288,0.0,0.0,0.0,0.0,1.0917681949790008,0.10561845513341078,0.12130757721988895,4.566101604275792,289.5319027237453,482.2768600666522,8.991487663226826,288.213208496413,1.0917681949790008,18.194316969325047,0.0,0.0,-1639.0936164657837,0.0,1.8189894035458565e-11,0.0,0.0
closure_hypothesis,recirculating,655.0474195694713,655.0474195694713,19710.07228305308,90000.0,0.0,0.0,0.0,0.0,752.146025161751,0.0,0.0,2386666.66666667,358.0,0.18541790284674478,0.04820865474015364,0.3052290769021018,0.30179134525984636,1.0,0.4763170326917288,0.8582098389995482,0.5556130879885076,1.3204969921617058,1.3204969921617058,1.2450290312578738,0.07546796090383211,0.0,0.0,0.0,0.0,1.0933937491345624,0.10561504867885875,0.12148819434828467,4.566193299929342,289.9277169469387,482.12703656242854,8.999068071095223,288.607219954777,1.0933937491345624,18.22140682932748,0.0,0.0,-1641.6432335570948,0.0,1.8189894035458565e-11,0.0,0.0
closure_hypothesis,recirculating,655.9403184165332,655.9403184165332,19709.677080940284,90000.0,0.0,0.0,0.0,0.0,754.7249138243574,0.0,0.0,2393333.3333333363,359.0,0.18567064704011219,0.04827436823042917,0.3061415935701745,0.3017256317695708,1.0,0.47583573056849715,0.8580165640281494,0.5551457189493034,1.3222969690895208,1.3222969690895208,1.2449889295742866,0.07730803951523411,0.0,0.0,0.0,0.0,1.09501678939396,0.10561164754067631,0.12166853215488442,4.566284857453707,290.32291905973125,481.97744475408604,9.006644254526993,289.00062209064174,1.09501678939396,18.248454795250343,0.0,0.0,-1644.1950742537783,0.0,1.4551915228366852e-11,0.0,0.0
closure_hypothesis,recirculating,656.8318384335128,656.8318384335128,19709.282489105535,90000.0,0.0,0.0,0.0,0.0,757.3059829913893,0.0,0.0,2400000.000000003,360.0,0.18592300094145706,0.048339980244778834,0.30705150538252146,0.30166001975522116,1.0,0.47535565689415654,0.8578235875153564,0.5546793949135954,1.3240941664613497,1.3240941664613497,1.2449488903860484,0.07914527607530122,0.0,0.0,0.0,0.0,1.096637323282631,0.1056082517028709,0.12184859147584785,4.566376277256579,290.7175108944801,481.8280839480413,9.01421622265033,289.39341672801874,1.096637323282631,18.275460992505046,0.0,0.0,-1646.7491372235556,0.0,1.4551915228366852e-11,0.0,0.0
closure_hypothesis,recirculating,657.7219837419259,657.7219837419259,19708.888505724626,90000.0,0.0,0.0,0.0,0.0,759.8892314585813,0.0,0.0,2406666.6666666693,361.0,0.1861749657174168,0.04840549108652837,0.3079588236443231,0.3015945089134716,1.0,0.4748768067150845,0.8576309085690342,0.5542141120378129,1.3258885925856734,1.3258885925856734,1.2449089135054388,0.08097967908023466,0.0,0.0,0.0,0.0,1.0982553582925365,0.10560486114952192,0.12202837314361514,4.566467559743852,291.11149427539146,481.6789534537965,9.021783984560214,289.7856056828058,1.0982553582925365,18.30242554594512,0.0,0.0,-1649.3054211373076,0.0,1.8189894035458565e-11,0.0,-2.220446049250313e-16
closure_hypothesis,recirculating,658.6107584449826,658.6107584449826,19708.49512898145,90000.0,0.0,0.0,0.0,0.0,762.4746580242602,0.0,0.0,2413333.333333336,362.0,0.18642654252944718,0.048470901057656265,0.30886355959506434,0.3015290989423437,1.0,0.47439917510490415,0.8574385263010109,0.553749866498093,1.3276802557340714,1.3276802557340714,1.2448689987455714,0.08281125698850002,0.0,0.0,0.0,0.0,1.0998709018823634,0.10560147586477887,0.12220787798692923,4.566558705319642,291.5048710185695,481.5300525839199,9.029347549318496,290.1771907628354,1.0998709018823634,18.329348579869585,0.0,0.0,-1651.8639246690618,0.0,1.8189894035458565e-11,0.0,-2.220446049250313e-16
closure_hypothesis,recirculating,659.4981666276948,659.4981666276948,19708.102357067954,90000.0,0.0,0.0,0.0,0.0,765.0622614893358,0.0,0.0,2420000.0000000023,363.0,0.18667773253385278,0.04853621045880172,0.3097657244090127,0.30146378954119823,1.0,0.47392275716429527,0.8572464398270537,0.5532866544901488,1.3294691641414373,1.3294691641414373,1.2448291459203937,0.0846400182210435,0.0,0.0,0.0,0.0,1.1014839614777172,0.10559809583286257,0.12238710683085745,4.5666497143862825,291.8976429320638,481.38138065402916,9.036906925954103,290.56817376792236,1.1014839614777172,18.356230218026155,0.0,0.0,-1654.424646495981,0.0,1.8189894035458565e-11,0.0,0.0
closure_hypothesis,recirculating,660.3842123569832,660.3842123569832,19707.7101881841,90000.0,0.0,0.0,0.0,0.0,767.6520406572914,0.0,0.0,2426666.666666669,364.0,0.18692853688181732,0.048601419589272506,0.3106653291956911,0.3013985804107275,1.0,0.4734475480208054,0.8570546482668456,0.5528244722291418,1.3312553260061952,1.3312553260061952,1.2447893548446802,0.08646597116151493,0.0,0.0,0.0,0.0,1.103094544471319,0.10559472103806324,0.12256606049681318,4.566740587344345,292.2898118159165,481.2329369827727,9.04446212346319,290.9585564899103,1.103094544471319,18.38307058361453,0.0,0.0,-1656.9875852983482,0.0,1.8189894035458565e-11,0.0,-2.220446049250313e-16
closure_hypothesis,recirculating,661.2688996817839,661.2688996817839,19707.318620537808,90000.0,0.0,0.0,0.0,0.0,770.2439943341748,0.0,0.0,2433333.3333333354,365.0,0.18717895671943371,0.04866652874705277,0.3115623850003479,0.3013334712529472,1.0,0.47297354282866416,0.8568631507439624,0.5523633159495518,1.3330387494905143,1.3330387494905143,1.244749625334026,0.08828912415648828,0.0,0.0,0.0,0.0,1.1047026582231958,0.10559135146474125,0.12274473980257729,4.566831324592647,292.68137946220986,481.08472089181225,9.052013150809344,291.34834071271933,1.1047026582231958,18.409869799289556,0.0,0.0,-1659.5527397595565,0.0,1.8189894035458565e-11,0.0,-2.220446049250313e-16
