scenario,mode,extent_mol,reactor_h2_mol,water_kg,salt_mol,export_h2_mol,export_water_kg,export_salt_mol,outlet_separator_gas_mol,flow_pump_kwh,feed_water_kg,feed_salt_mol,circulated_water_kg,time_days,altered_fraction_proxy,expansion_loading,crack_opening_fraction,porosity,area_factor,passivation_factor,pore_access_factor,permeability_ratio,generated_h2_kg,retained_h2_kg,dissolved_h2_kg,free_h2_kg,exported_h2_kg,outlet_collected_h2_kg,outlet_uncollected_gas_h2_kg,outlet_residual_dissolved_h2_kg,endpoint_collected_h2_kg,endpoint_residual_h2_kg,endpoint_uncollected_gas_h2_kg,salt_molality,water_consumed_kg,remaining_reactive_fe_kg,flow_head_bar,solid_mass_gain_kg,total_deliverable_h2_kg,gross_electricity_kwh,outlet_delivered_electricity_kwh,new_feed_heater_kwh,standalone_engineering_balance_kwh,h2_balance_error_kg,water_balance_error_kg,salt_balance_error_kg,hydrogen_recovery_balance_error_kg
closure_hypothesis,once_through,0.0,0.0,20000.0,90000.0,0.0,0.0,0.0,0.0,0.0,0.0,0.0,0.0,0.0,0.0,0.0,0.0,0.35,1.0,1.0,1.0,1.0,0.0,0.0,0.0,0.0,0.0,0.0,0.0,0.0,0.0,0.0,0.0,4.5,0.0,591.8704059999999,5.0,0.0,0.0,0.0,0.0,0.0,-907.7186152246713,0.0,0.0,0.0,0.0
closure_hypothesis,once_through,5.323720909987355,4.525285374069623,19997.643690818433,89998.40973548916,0.7984355359177331,6666.666666666668,30001.590264510844,0.0,35.414829698590175,6666.666666666668,29999.999999999985,0.0,1.0,0.0015069339058231804,0.00039180281551402693,0.0,0.34960819718448594,1.0,0.9939903947284661,0.9988476387778998,0.9954450305895718,0.010731982508025307,0.00912243227987947,0.00912243227987947,0.0,0.0016095502281458396,0.0,0.0,0.0016095502281458396,0.0,0.00912243227987947,0.0,4.50045070944085,2.3563091815700474,590.9784964173452,5.022879060472734,2.345577199062022,0.0,0.0,0.0,243.73541403508773,-1186.8688589583492,-2.2380763908813603e-18,3.637978807091713e-12,8.504546713083983e-13,-3.469446951953614e-18
closure_hypothesis,once_through,10.570170153633592,7.702119476825851,19995.321582516277,89994.2876299946,2.8680506768077425,13333.333333333336,60005.71237000541,0.0,70.83618657262024,13333.333333333336,59999.99999999998,0.0,2.0,0.002991995272507347,0.0007779187708519102,0.0,0.34922208122914805,1.0,0.9881033503476454,0.9977120036151413,0.9909735241514164,0.021308194609306885,0.015526548610943696,0.015526548610943696,0.0,0.005781645998363192,0.0,0.0,0.005781645998363192,0.0,0.015526548610943696,0.0,4.500767204898808,4.678417483726372,590.0995325433109,5.0455434763320905,4.657109289117066,0.0,0.0,0.0,487.47082807017546,-1466.0256298674672,-3.580922225410177e-18,7.275957614183426e-12,1.2756820069625973e-12,-3.469446951953614e-18
closure_hypothesis,once_through,15.750448413335217,9.921942231431336,19993.028761868314,89988.3912149255,5.828506181903878,20000.000000000007,90011.60878507452,0.0,106.2640085965625,20000.000000000007,89999.99999999997,0.0,3.0,0.004458326262266466,0.0011591648281892811,0.0,0.3488408351718107,1.0,0.9823247672899131,0.9965906916817963,0.986575254115075,0.0317510139474742,0.0200014449054978,0.0200014449054978,0.0,0.011749569041976387,0.0,0.0,0.011749569041976387,0.0,0.0200014449054978,0.0,4.500988433856294,6.971238131691489,589.2316546250718,5.068037110341707,6.939487117744015,0.0,0.0,0.0,731.2062421052632,-1745.1888659264969,7.161844450820353e-18,7.275957614183426e-12,3.401818685233593e-12,1.3877787807814457e-17
closure_hypothesis,once_through,20.87242780739372,11.462592254261967,19990.761744630167,89981.25818947196,9.409835553131748,26666.666666666675,120018.74181052804,0.0,141.69824638725913,26666.666666666675,119999.99999999996,0.0,4.0,0.005908155159073297,0.0015361203413590573,0.0,0.3484638796586409,1.0,0.9766444428722931,0.9954819989960026,0.9822428769161222,0.04207630976836885,0.02310721047352161,0.02310721047352161,0.0,0.018969099294847226,0.0,0.0,0.018969099294847226,0.0,0.02310721047352161,0.0,4.501142044456728,9.23825536983993,588.3735438072883,5.090390694100162,9.196179060071561,0.0,0.0,0.0,974.9416561403509,-2024.3585177522814,1.074276667623053e-17,1.0913936421275139e-11,2.5513640139251947e-12,1.3877787807814457e-17
closure_hypothesis,once_through,25.94176949492328,12.521333996304683,19988.51802514058,89973.27017481886,13.42043549861859,33333.33333333334,150026.7298251812,0.0,177.13885947565493,33333.33333333334,149999.99999999994,0.0,5.0,0.007343084412184603,0.001909201947167997,0.0,0.348090798052832,1.0,0.9710548368722415,0.9943847001553883,0.9779710198586987,0.05229549428942594,0.025241506776470683,0.025241506776470683,0.0,0.02705398751295524,0.0,0.0,0.02705398751295524,0.0,0.025241506776470683,0.0,4.501247669369729,11.481974859423406,587.5242516476679,5.112625935196342,11.42967936513398,0.0,0.0,0.0,1218.6770701754388,-2303.5345448757653,1.7904611127050882e-17,0.0,6.803637370467186e-12,1.3877787807814457e-17
closure_hypothesis,once_through,30.9626060089853,13.238252779694925,19986.295774316906,89964.69795161887,17.724353229290365,40000.000000000015,180035.30204838116,0.0,212.5858137191262,40000.000000000015,179999.99999999994,0.0,6.0,0.00876428377754598,0.002278713782161955,0.0,0.34772128621783804,1.0,0.9655502478617556,0.9932979006407002,0.973755671457136,0.06241689820139328,0.026686729013531404,0.026686729013531404,0.0,0.03573016918786186,0.0,0.0,0.03573016918786186,0.0,0.026686729013531404,0.0,4.50131925232622,13.704225683100523,586.6830858022845,5.134758283377142,13.64180878489913,0.0,0.0,0.0,1462.4124842105264,-2582.716913154324,2.148553335246106e-17,7.275957614183426e-12,3.401818685233593e-12,2.0816681711721685e-17
closure_hypothesis,once_through,35.93800523110259,13.712841935735788,19984.093634297307,89955.73357291057,22.225163295366794,46666.666666666686,210044.26642708946,0.0,248.0390794934402,46666.666666666686,209999.99999999994,0.0,7.0,0.01017262165054553,0.002644881629141838,0.0,0.34735511837085814,1.0,0.9601262559029936,0.992220936384877,0.969593768228743,0.07244670598527508,0.02764344380141106,0.02764344380141106,0.0,0.04480326218386401,0.0,0.0,0.04480326218386401,0.0,0.02764344380141106,0.0,4.5013666978884554,15.906365702698075,585.8495322936071,5.156798820122386,15.8339189967128,0.0,0.0,0.0,1706.1478982456144,-2861.905592963726,2.148553335246106e-17,0.0,3.401818685233593e-12,1.3877787807814457e-17
closure_hypothesis,once_through,40.87028912913807,14.015770540303636,19981.910577365594,89946.51316737985,26.854518588834416,53333.33333333336,240053.48683262017,0.0,283.49863042331555,53333.33333333336,239999.99999999994,0.0,8.0,0.011568755288045518,0.0030078763748918346,0.0,0.3469921236251081,1.0,0.9547793415646596,0.9911533047797298,0.965482911750362,0.08238959844964686,0.028254111516787292,0.028254111516787292,0.0,0.05413548693285952,0.0,0.0,0.05413548693285952,0.0,0.028254111516787292,0.0,4.501397042045934,18.089422634410656,585.0232021107497,5.178755562783916,18.00703303596101,0.0,0.0,0.0,1949.8833122807025,-3141.1005579286893,4.297106670492212e-17,0.0,3.401818685233593e-12,4.163336342344337e-17
closure_hypothesis,once_through,45.76125436378229,14.197235733414796,19979.745808309515,89937.13313550131,31.564018630367485,60000.00000000003,270062.86686449876,0.0,318.96444248792665,60000.00000000003,269999.99999999994,0.0,9.0,0.012953193253315435,0.003367830245862013,0.0,0.34663216975413796,1.0,0.9495066234659514,0.9900946169239353,0.9614211734399933,0.09224919744686144,0.028619923570276217,0.028619923570276217,0.0,0.06362927387658521,0.0,0.0,0.06362927387658521,0.0,0.028619923570276217,0.0,4.501415283176262,20.25419169048791,584.2037942501636,5.200634371416902,20.16194249304105,0.0,0.0,0.0,2193.6187263157904,-3420.3017840283883,2.148553335246106e-17,0.0,6.803637370467186e-12,1.3877787807814457e-17
closure_hypothesis,once_through,50.61232581590426,14.29289278030746,19977.59869646869,89927.6616548084,36.31943303559679,66666.66666666669,300072.3383451917,0.0,354.4364933888599,66666.66666666669,299999.99999999994,0.0,10.0,0.014326338873526178,0.0037248481071168065,0.0,0.34627515189288316,1.0,0.9443056764111711,0.9890445643908329,0.9574069590975424,0.10202837536576508,0.0288127566979662,0.0288127566979662,0.0,0.07321561866779884,0.0,0.0,0.07321561866779884,0.0,0.0288127566979662,0.0,4.501424972096588,22.40130353131401,583.3910699944324,5.222439582759071,22.299275155948244,0.0,0.0,0.0,2437.3541403508775,-3699.5092489644085,2.864737780328141e-17,0.0,6.803637370467186e-12,4.163336342344337e-17
closure_hypothesis,once_through,55.42466386828685,14.328066324544585,19975.46872825109,89918.14685387832,41.09659754374225,73333.33333333336,330081.8531461217,0.0,389.91476210250545,73333.33333333336,329999.99999999994,0.0,11.0,0.015688520606947594,0.004079015357806375,0.0,0.3459209846421936,1.0,0.939174404782468,0.9880028960064519,0.9534389144987171,0.11172947139880209,0.028883662342322935,0.028883662342322935,0.0,0.08284580905647912,0.0,0.0,0.08284580905647912,0.0,0.028883662342322935,0.0,4.501428631144362,24.53127174891446,582.5848349388266,5.24417445519183,24.419542277515657,0.0,0.0,0.0,2681.0895543859656,-3978.7229317131423,2.864737780328141e-17,0.0,6.803637370467186e-12,2.7755575615628914e-17
closure_hypothesis,once_through,60.19923960563825,14.320741532661788,19973.355473849093,89908.62262009374,45.87849807297644,80000.00000000003,360091.3773799063,0.0,425.3992285624307,80000.00000000003,359999.99999999994,0.0,12.0,0.017040013329084416,0.004430403465561948,0.0,0.34556959653443803,1.0,0.9341109540559611,0.9869694015718766,0.9495158593664308,0.12135444313621402,0.028868896440862244,0.028868896440862244,0.0,0.09248554669535174,0.0,0.0,0.09248554669535174,0.0,0.028868896440862244,0.0,4.50142805187692,26.644526150909286,581.7849263926694,5.265841481927722,26.523171707773074,0.0,0.0,0.0,2924.8249684210527,-4257.9428122081545,2.864737780328141e-17,0.0,6.803637370467186e-12,4.163336342344337e-17
closure_hypothesis,once_through,64.93688765749754,14.283688898736536,19971.25856385092,89899.11272642178,50.65319875876099,86666.6666666667,390100.88727357826,0.0,460.8898734335467,86666.6666666667,389999.99999999994,0.0,13.0,0.01838105329040366,0.004779073855504952,0.0,0.345220926144495,1.0,0.9291136487402227,0.9859439004249854,0.945636741047123,0.13090497309099614,0.028794202777185005,0.028794202777185005,0.0,0.1021107703138111,0.0,0.0,0.1021107703138111,0.0,0.028794202777185005,0.0,4.501424506572867,28.741436149083853,580.991204526301,5.287442611909724,28.610531175992858,0.0,0.0,0.0,3168.560382456141,-4537.168871114359,1.4323688901640707e-17,0.0,6.803637370467186e-12,2.7755575615628914e-17
closure_hypothesis,once_through,69.63834340921353,14.225973778879197,19969.17767277082,89889.63376387858,55.412369630334325,93333.33333333337,420110.36623612145,0.0,496.3866779512,93333.33333333337,419999.99999999994,0.0,14.0,0.019711848649284536,0.00512508064881398,0.0,0.34487491935118597,1.0,0.9241809486902743,0.9849262333858412,0.9418006019160059,0.14038254371176537,0.028677856021366993,0.028677856021366993,0.0,0.11170468769039835,0.0,0.0,0.11170468769039835,0.0,0.028677856021366993,0.0,4.5014188985082,30.82232722917994,580.2035461369373,5.308979405861457,30.681944685468174,0.0,0.0,0.0,3412.295796491229,-4816.4010896671,2.864737780328141e-17,0.0,3.401818685233593e-12,2.7755575615628914e-17
closure_hypothesis,once_through,74.30426925653238,14.154028898406779,19967.112507428676,89880.19722537741,60.1502403581256,100000.00000000004,450119.8027746226,0.0,531.889623806238,100000.00000000004,449999.99999999994,0.0,15.0,0.02103258690364923,0.0054684725949488006,0.0,0.34453152740505116,1.0,0.9193114182345661,0.9839162570736799,0.9380065563718759,0.1497884903088585,0.028532823775720254,0.028532823775720254,0.0,0.12125566653313823,0.0,0.0,0.12125566653313823,0.0,0.028532823775720254,0.0,4.501411868738551,32.887492571325666,579.4218402501068,5.330453146659812,32.73770408101681,0.0,0.0,0.0,3656.0312105263165,-5095.639449557226,0.0,0.0,3.401818685233593e-12,0.0
closure_hypothesis,once_through,78.93527316690417,14.072416402149546,19965.062798734623,89870.81098655469,64.8628567647546,106666.66666666672,480129.1890134454,0.0,567.3986930626588,106666.66666666672,479999.99999999994,0.0,16.0,0.022343440144931476,0.0058092944376821835,0.0,0.3441907055623178,1.0,0.9145037042551305,0.98291383988917,0.9342537745433911,0.15912403847169876,0.028368302776765227,0.028368302776765227,0.0,0.13075573569493348,0.0,0.0,0.13075573569493348,0.0,0.028368302776765227,0.0,4.50140387198034,34.93720126537548,578.6459850099826,5.351864917477812,34.77807722690378,0.0,0.0,0.0,3899.766624561405,-5374.883932848735,5.729475560656283e-17,0.0,1.0205456055700779e-11,5.551115123125783e-17
closure_hypothesis,once_through,83.53192183126346,13.98436934165207,19963.028295868036,89861.48035806911,69.54755248961138,113333.3333333334,510138.519641931,0.0,602.9138680983734,113333.3333333334,509999.99999999994,0.0,17.0,0.023644568780823154,0.00614758788301402,0.0,0.343852412116986,1.0,0.9097565205351094,0.9819188591676059,0.9305414707000531,0.16839033058120736,0.02819081046844957,0.02819081046844957,0.0,0.14019952011275777,0.0,0.0,0.14019952011275777,0.0,0.02819081046844957,0.0,4.5013952305356755,36.97170413196305,577.8758854759992,5.3732156571576155,36.80331380138184,0.0,0.0,0.0,4143.502038596494,-5654.134521919538,2.864737780328141e-17,0.0,1.0205456055700779e-11,2.7755575615628914e-17
closure_hypothesis,once_through,88.09475000789061,13.892176452798683,19961.00876214185,89852.20883336279,74.20257355509192,120000.00000000007,540147.7911666373,0.0,638.4351315623736,120000.00000000007,539999.9999999999,0.0,18.0,0.024936124180150263,0.006483392286839068,0.0,0.3435166077131609,1.0,0.9050686365008708,0.9809311991563556,0.9268688949658072,0.1775884446459065,0.028004960667667805,0.028004960667667805,0.0,0.14958348397823867,0.0,0.0,0.14958348397823867,0.0,0.028004960667667805,0.0,4.501386172615532,38.99123785814755,577.111452057428,5.394506199481916,38.81364941350164,0.0,0.0,0.0,4387.237452631581,-5933.391199418626,2.864737780328141e-17,-1.4551915228366852e-11,1.3607274740934373e-11,2.7755575615628914e-17
closure_hypothesis,once_through,92.62426718325369,13.797455585133843,19959.00397205446,89842.99861999086,78.82681159811983,126666.66666666674,570157.0013800092,0.0,673.9624663435521,126666.66666666674,569999.9999999999,0.0,19.0,0.026218250558292668,0.006816745145156094,0.0,0.3431832548548439,1.0,0.9004388690507749,0.9799507495730704,0.9232353273541332,0.18671940772937745,0.027814014764959608,0.027814014764959608,0.0,0.1589053929644178,0.0,0.0,0.1589053929644178,0.0,0.027814014764959608,0.0,4.501376859575973,40.99602794554013,576.3525993974534,5.415737301051206,40.80930853781075,0.0,0.0,0.0,4630.972866666669,-6212.653948234893,2.864737780328141e-17,0.0,1.3607274740934373e-11,5.551115123125783e-17
closure_hypothesis,once_through,97.12096234079422,13.701348009963983,19957.013709179002,89833.85101713179,83.41961433083021,133333.3333333334,600166.1489828682,0.0,709.4958555478081,133333.3333333334,599999.9999999999,0.0,20.0,0.027491086327037884,0.0071476824450298505,0.0,0.34285231755497014,1.0,0.895866076555994,0.9789774045734416,0.9196400734372523,0.19578420556356024,0.02762027342632619,0.02762027342632619,0.0,0.168163932137234,0.0,0.0,0.168163932137234,0.0,0.02762027342632619,0.0,4.501367405275356,42.98629082099569,575.5992455742349,5.43690966109379,42.79050661543213,0.0,0.0,0.0,4874.708280701756,-6491.922751474235,5.729475560656283e-17,0.0,6.803637370467186e-12,5.551115123125783e-17
closure_hypothesis,once_through,101.58530739428299,13.604656504618573,19955.037764643763,89824.76668377503,87.98065088966439,140000.00000000006,630175.233316225,0.0,745.0352824810452,140000.00000000006,629999.9999999999,0.0,21.0,0.028754765066427736,0.007476238917271212,0.0,0.34252376108272875,1.0,0.8913491543931956,0.9780110620080258,0.9160824611674531,0.20478378946998718,0.02742535495453049,0.02742535495453049,0.0,0.17735843451545663,0.0,0.0,0.17735843451545663,0.0,0.02742535495453049,0.0,4.501357889832016,44.96223535623569,574.8513115256987,5.458023935561449,44.7574515667657,0.0,0.0,0.0,5118.443694736844,-6771.197592442561,5.729475560656283e-17,0.0,6.803637370467186e-12,5.551115123125783e-17
closure_hypothesis,once_through,106.01775967771941,13.507943482379453,19953.075936030105,89815.74582920961,92.50981619533994,146666.66666666672,660184.2541707904,0.0,780.5807306363713,146666.66666666672,659999.9999999999,0.0,22.0,0.03000941622954996,0.00780244821968299,0.0,0.34219755178031697,1.0,0.886887031560564,0.9770516228832853,0.9125618385122479,0.213719081379121,0.02723039310725909,0.02723039310725909,0.0,0.18648868827186185,0.0,0.0,0.18648868827186185,0.0,0.02723039310725909,0.0,4.5013483694023115,46.92406396989176,574.1087206323932,5.479080747176009,46.710344888512644,0.0,0.0,0.0,5362.179108771931,-7050.478454632974,5.729475560656283e-17,0.0,6.803637370467186e-12,5.551115123125783e-17
closure_hypothesis,once_through,110.41876376794598,13.411600728766055,19951.12802656579,89806.78834828977,97.0071630391799,153333.33333333337,690193.2116517103,0.0,816.132183684293,153333.33333333337,689999.9999999999,0.0,23.0,0.03125516565844792,0.00812634307119646,0.0,0.3418736569288035,1.0,0.8824786680626623,0.9760989909670692,0.9090775716658155,0.22259097750452692,0.027036177677104915,0.027036177677104915,0.0,0.19555479982742197,0.0,0.0,0.19555479982742197,0.0,0.027036177677104915,0.0,4.501338883130225,48.87197343420529,573.3713984121371,5.500080692605671,48.649382456700764,0.0,0.0,0.0,5605.914522807019,-7329.765321715983,2.864737780328141e-17,0.0,1.3607274740934373e-11,2.7755575615628914e-17
closure_hypothesis,once_through,114.78875283464942,13.315898959237316,19949.19384452745,89797.89391745122,101.47285387541207,160000.00000000003,720202.1060825489,0.0,851.689625465053,160000.00000000003,719999.9999999999,0.0,24.0,0.03249213596625237,0.008447955351225616,0.0,0.34155204464877437,1.0,0.8781230528434081,0.9751530724963953,0.9056290436697726,0.23140035106431303,0.02684325439394732,0.02684325439394732,0.0,0.20455709667036567,0.0,0.0,0.20455709667036567,0.0,0.02684325439394732,0.0,4.501329458086597,50.806155472545555,572.6392722938468,5.521024347606053,50.57475512148124,0.0,0.0,0.0,5849.649936842105,-7609.058177531829,5.729475560656283e-17,0.0,1.3607274740934373e-11,2.7755575615628914e-17
closure_hypothesis,once_through,119.12814965502872,13.221023036173033,19947.27320279149,89789.06206283295,105.90712661885566,166666.6666666667,750210.9379371672,0.0,887.2530399825032,166666.6666666667,749999.9999999999,0.0,25.0,0.03372044682439358,0.008767316174342331,0.0,0.34123268382565763,1.0,0.8738192021121072,0.9742137759578167,0.9022156533258716,0.2401480543265793,0.026651995918160493,0.026651995918160493,0.0,0.21349605840841873,0.0,0.0,0.21349605840841873,0.0,0.026651995918160493,0.0,4.501320112779503,52.72679720850761,571.9122714475448,5.54191227071744,52.48664915418103,0.0,0.0,0.0,6093.385350877194,-7888.357006084368,5.729475560656283e-17,0.0,2.0410912111401557e-11,5.551115123125783e-17
closure_hypothesis,once_through,123.43736738998022,13.127096993828678,19945.36591849054,89780.29220857398,110.31027039615152,173333.33333333334,780219.7077914262,0.0,922.8224113990833,173333.33333333334,779999.9999999999,0.0,26.0,0.034940215182308575,0.00908445594740023,0.0,0.3409155440525998,1.0,0.8695661579534865,0.9732810119194112,0.8988368143179906,0.24883492017411332,0.026462652287919355,0.026462652287919355,0.0,0.2223722678861939,0.0,0.0,0.2223722678861939,0.0,0.026462652287919355,0.0,4.501310859648973,54.63408150945622,571.1903266543196,5.562745005937306,54.38524658928211,0.0,0.0,0.0,6337.120764912281,-8167.661791536036,5.729475560656283e-17,0.0,2.0410912111401557e-11,5.551115123125783e-17
closure_hypothesis,once_through,127.71681019015831,13.034201819635573,19943.471812745225,89771.5837110219,114.68260837052273,180000.0,810228.4162889782,0.0,958.3977240315977,180000.0,809999.9999999999,0.0,27.0,0.036151555438992795,0.009399404414138127,0.0,0.34060059558586187,1.0,0.8653629871449151,0.9723546928995938,0.895491954485198,0.2574617633261363,0.026275386764166957,0.026275386764166957,0.0,0.23118637656196933,0.0,0.0,0.23118637656196933,0.0,0.026275386764166957,0.0,4.501301706839819,56.52818725477175,570.4733702047918,5.583523084665131,56.27072549144562,0.0,0.0,0.0,6580.856178947369,-8446.972518203638,2.864737780328141e-17,0.0,1.3607274740934373e-11,0.0
closure_hypothesis,once_through,131.96687368018658,12.942388087238287,19941.590710449833,89762.93588292977,119.02448559294827,186666.66666666666,840237.0641170704,0.0,993.9789623475743,186666.66666666666,839999.9999999999,0.0,28.0,0.03735457958006108,0.009712190690815881,0.0,0.3402878093091841,1.0,0.8612087801266123,0.9714347332623063,0.8921805152048277,0.2660293813144145,0.026090301297301915,0.026090301297301915,0.0,0.23993908001711253,0.0,0.0,0.23993908001711253,0.0,0.026090301297301915,0.0,4.501292659461314,58.40928955016481,569.7613358179899,5.604247027130037,58.14326016885039,0.0,0.0,0.0,6824.591592982456,-8726.2891705547,5.729475560656283e-17,0.0,2.0410912111401557e-11,5.551115123125783e-17
closure_hypothesis,once_through,136.18794535513337,12.851684930492544,19939.72244009684,89754.3480105404,123.3362604246408,193333.3333333333,870245.6519894598,0.0,1029.5661109620494,193333.3333333333,869999.9999999999,0.0,29.0,0.0385493972899741,0.010022843295393265,0.0,0.3399771567046067,1.0,0.8571026500865035,0.9705210491311963,0.8889019508565537,0.2745385552825062,0.02590745461768131,0.02590745461768131,0.0,0.24863110066482488,0.0,0.0,0.24863110066482488,0.0,0.02590745461768131,0.0,4.501283720482144,60.277559903158576,569.0541585749277,5.624917343450486,60.00302134787607,0.0,0.0,0.0,7068.327007017543,-9005.611733204263,5.729475560656283e-17,0.0,1.3607274740934373e-11,0.0
closure_hypothesis,once_through,140.3804049133786,12.762106416859718,19937.86683362958,89745.81936561734,127.61829849651889,199999.99999999997,900254.1806343828,0.0,1065.1591546346676,199999.99999999997,899999.9999999999,0.0,30.0,0.039736116046259776,0.010331390172027543,0.0,0.3396686098279724,1.0,0.8530437321325269,0.969613558317566,0.8856557283469335,0.2829900506567817,0.025726875083619167,0.025726875083619167,0.0,0.2572631755731625,0.0,0.0,0.2572631755731625,0.0,0.025726875083619167,0.0,4.501274891366079,62.133166370417555,568.351774862837,5.645534534431843,61.85017631976078,0.0,0.0,0.0,7312.062421052629,-9284.940190911968,0.0,0.0,1.3607274740934373e-11,5.551115123125783e-17
closure_hypothesis,once_through,144.54462454295404,12.673656072478027,19936.023726315514,89737.34921388727,131.87096847047601,206666.66666666663,930262.6507861129,0.0,1100.758078267022,206666.66666666663,929999.9999999999,0.0,31.0,0.04091484120056479,0.010637858712146845,0.0,0.33936214128785314,1.0,0.8490311825330129,0.9687121802583917,0.8824413266798365,0.29138461772365015,0.025548569803387003,0.025548569803387003,0.0,0.26583604792026316,0.0,0.0,0.26583604792026316,0.0,0.025548569803387003,0.0,4.501266172523367,63.97627368448337,567.6541223271961,5.666099092176899,63.684889066759716,0.0,0.0,0.0,7555.797835087718,-9564.27452857941,0.0,0.0,1.3607274740934373e-11,0.0
closure_hypothesis,once_through,148.68096917346742,12.586330093601333,19934.19295663472,89728.9368209345,136.09463907986608,213333.33333333328,960271.0631790657,0.0,1136.3628669001712,213333.33333333328,959999.9999999999,0.0,32.0,0.042085676049964334,0.010942275772990727,0.0,0.33905772422700925,1.0,0.845064178011261,0.967816835961792,0.8792582365623831,0.2997229921374095,0.025372531109089054,0.025372531109089054,0.0,0.27435046102832045,0.0,0.0,0.27435046102832045,0.0,0.025372531109089054,0.0,4.501257563631133,65.80704336527788,566.9611398295232,5.686611500562556,65.50732037314047,0.0,0.0,0.0,7799.5332491228055,-9843.614731247648,0.0,0.0,2.0410912111401557e-11,0.0
closure_hypothesis,once_through,152.7897967022133,12.500119624449775,19932.374366179818,89720.58145628753,140.2896770777635,219999.99999999994,990279.4185437127,0.0,1171.9735057123014,219999.99999999994,989999.9999999999,0.0,33.0,0.0432487219009651,0.011244667694250926,0.0,0.33875533230574906,1.0,0.8411419150843105,0.9669274479580855,0.8761059600389671,0.3080058953760577,0.025198741148535812,0.025198741148535812,0.0,0.2828071542275219,0.0,0.0,0.2828071542275219,0.0,0.025198741148535812,0.0,4.501249063860681,67.62563382018111,566.2727674094946,5.707072235620463,67.31762792480505,0.0,0.0,0.0,8043.268663157893,-10122.960784094865,0.0,0.0,2.0410912111401557e-11,0.0
closure_hypothesis,once_through,156.87145820059513,12.415012371601945,19930.567799564604,89712.28239622335,144.45644582899314,226666.6666666666,1020287.717603777,0.0,1207.5899800164973,226666.6666666666,1019999.9999999999,0.0,34.0,0.04440407812793517,0.011545060313263144,0.0,0.33845493968673684,1.0,0.837263609438629,0.9660439402551084,0.872984010148012,0.31623403515741566,0.025027175139664928,0.025027175139664928,0.0,0.29120686001775065,0.0,0.0,0.29120686001775065,0.0,0.025027175139664928,0.0,4.501240672038615,69.43220043539476,565.5889462503633,5.727481765848454,69.11596640023734,0.0,0.0,0.0,8287.00407719298,-10402.312672434147,1.1458951121312565e-16,0.0,2.0410912111401557e-11,1.1102230246251565e-16
closure_hypothesis,once_through,160.92629810523366,12.330993746934487,19928.77310433947,89704.03892566315,148.59530435829913,233333.33333333326,1050295.9610743371,0.0,1243.2122752586065,233333.33333333326,1050000.0,0.0,35.0,0.04555184222719918,0.011843478979071786,0.0,0.3381565210209282,1.0,0.8334284953373688,0.9651662382968477,0.8698919105975896,0.3244081058243784,0.024857803674570293,0.024857803674570293,0.0,0.29955030214980805,0.0,0.0,0.29955030214980805,0.0,0.024857803674570293,0.0,4.501232386760938,71.22689566052803,564.9096186469396,5.747840552471801,70.90248755470365,0.0,0.0,0.0,8530.739491228069,-10681.670381711347,5.729475560656283e-17,0.0,1.3607274740934373e-11,5.551115123125783e-17
closure_hypothesis,once_through,164.95465439690025,12.248047675586818,19926.990130912203,89695.85033942526,152.7066067213134,239999.9999999999,1080304.1496605752,0.0,1278.8403770151783,239999.9999999999,1079999.9999999998,0.0,36.0,0.04669210986768729,0.012139948565598696,0.0,0.3378600514344013,1.0,0.8296358250552038,0.9642942689247097,0.8668291954570655,0.33252878870562325,0.024690594348261954,0.024690594348261954,0.0,0.3078381943573612,0.0,0.0,0.3078381943573612,0.0,0.024690594348261954,0.0,4.5012242064737364,73.00986908779433,564.2347279756152,5.768149049667827,72.67734029908871,0.0,0.0,0.0,8774.474905263156,-10961.033897503004,1.1458951121312565e-16,0.0,4.0821824222803115e-11,1.1102230246251565e-16
closure_hypothesis,once_through,168.9568587695382,12.166157165958866,19925.218732473175,89687.71594302375,156.79070160357932,246666.66666666657,1110312.2840569767,0.0,1314.4742709914685,246666.66666666657,1109999.9999999998,0.0,37.0,0.04782497493877838,0.01243449348408238,0.0,0.3375655065159176,1.0,0.8258848683377283,0.9634279603409341,0.8637954088626563,0.34059675245633664,0.024525512907713157,0.024525512907713157,0.0,0.3160712395486235,0.0,0.0,0.3160712395486235,0.0,0.024525512907713157,0.0,4.5012161295301105,74.78126752682125,563.5642186660453,5.788407704763573,74.44067077436492,0.0,0.0,0.0,9018.210319298241,-11240.40320551438,0.0,0.0,4.0821824222803115e-11,0.0
closure_hypothesis,once_through,172.9332367910167,12.085304710695063,19923.4587649242,89679.63505314694,160.8479320803216,253333.33333333323,1140320.3649468534,0.0,1350.1139430195012,253333.33333333323,1139999.9999999998,0.0,38.0,0.04895052959580308,0.012727137694908802,0.0,0.3372728623050912,1.0,0.8221749118830872,0.9625672420737976,0.8607901047353345,0.3486126533822747,0.02436252406019596,0.02436252406019596,0.0,0.3242501293220787,0.0,0.0,0.3242501293220787,0.0,0.02436252406019596,0.0,4.501208154230249,76.54123507580108,562.898036174217,5.808616958413272,76.19262242241881,0.0,0.0,0.0,9261.94573333333,-11519.778291577502,5.729475560656283e-17,2.9103830456733704e-11,2.7214549481868745e-11,5.551115123125783e-17
closure_hypothesis,once_through,176.88410805682287,12.00547256766511,19921.71008681048,89671.60699791087,164.87863548915772,259999.99999999988,1170328.3930020896,0.0,1385.7593790561807,259999.99999999988,1169999.9999999998,0.0,39.0,0.050068864303547934,0.013017904718922464,0.0,0.33698209528107753,1.0,0.8185052588439985,0.9617120449443457,0.8578128465098548,0.35657713574958805,0.02420159203970474,0.02420159203970474,0.0,0.3323755437098832,0.0,0.0,0.3323755437098832,0.0,0.02420159203970474,0.0,4.501200278849533,78.28991318951581,562.2361269567002,5.828777244760648,77.93333605376623,0.0,0.0,0.0,9505.681147368417,-11799.159141649268,5.729475560656283e-17,0.0,4.0821824222803115e-11,1.1102230246251565e-16
closure_hypothesis,once_through,180.80978633758582,11.926642955776677,19919.972559255366,89663.63111695542,168.88314338180908,266666.66666666657,1200336.368883045,0.0,1421.4105651814507,266666.66666666657,1199999.9999999998,0.0,40.0,0.05118006787801355,0.013306817648283524,0.0,0.33669318235171647,1.0,0.8148752283486881,0.9608623010344602,0.8548632068739644,0.36449083208221245,0.024042681001691085,0.024042681001691085,0.0,0.34044815108052123,0.0,0.0,0.34044815108052123,0.0,0.024042681001691085,0.0,4.501192501658103,80.02744074463212,561.5784384459325,5.848888991589467,79.6629499125499,0.0,0.0,0.0,9749.416561403506,-12078.545741809628,1.1458951121312565e-16,0.0,4.0821824222803115e-11,1.1102230246251565e-16
closure_hypothesis,once_through,184.71057972110486,11.8487981903788,19918.24604589743,89655.70676143128,172.861781530726,273333.33333333326,1230344.293238569,0.0,1457.0674875964962,273333.33333333326,1229999.9999999998,0.0,41.0,0.05228422752661721,0.013593899156920474,0.0,0.3364061008430795,1.0,0.8112841550395133,0.9600179436561161,0.8519407675170462,0.37235436344818085,0.023885755296020814,0.023885755296020814,0.0,0.3484686081521599,0.0,0.0,0.3484686081521599,0.0,0.023885755296020814,0.0,4.501184820934457,81.75395410256385,560.9249190264247,5.868952620464846,81.38159973911567,0.0,0.0,0.0,9993.151975438594,-12357.93807825976,1.1458951121312565e-16,0.0,2.7214549481868745e-11,1.1102230246251565e-16
closure_hypothesis,once_through,188.5867907493966,11.771920775851404,19916.530412829867,89647.83329391132,176.81486997354511,279999.99999999994,1260352.166706089,0.0,1492.7301326219851,279999.99999999994,1259999.9999999998,0.0,42.0,0.053381428886985376,0.013879171510616198,0.0,0.3361208284893838,1.0,0.8077313886282402,0.9591789073217171,0.84904511888757,0.3801683397358936,0.023730779653623326,0.023730779653623326,0.0,0.3564375600822701,0.0,0.0,0.3564375600822701,0.0,0.023730779653623326,0.0,4.501177234974713,83.46958717012986,560.2755180117998,5.888968546867174,83.08941883039397,0.0,0.0,0.0,10236.887389473684,-12637.33613732034,1.718842668196885e-16,0.0,2.7214549481868745e-11,1.6653345369377348e-16
closure_hypothesis,once_through,192.43871655116132,11.695993467884907,19914.825528541813,89640.01008825074,180.74272308327633,286666.6666666666,1290359.9899117495,0.0,1528.398486696349,286666.6666666666,1289999.9999999998,0.0,43.0,0.05447175606444971,0.014162656576756926,0.0,0.33583734342324306,1.0,0.8042162934670829,0.9583451277154208,0.8461758599588374,0.3879333599211551,0.023577719312039825,0.023577719312039825,0.0,0.3643556406091151,0.0,0.0,0.3643556406091151,0.0,0.023577719312039825,0.0,4.50116974209888,85.17447145818437,559.6301856226012,5.908937180319972,84.78653809826322,0.0,0.0,0.0,10480.62280350877,-12916.73990542979,1.718842668196885e-16,0.0,2.7214549481868745e-11,1.6653345369377348e-16
closure_hypothesis,once_through,196.26664896998872,11.620999314334172,19913.131263861636,89632.23652941312,184.64564965565447,293333.3333333333,1320367.763470587,0.0,1564.0725363740974,293333.3333333333,1319999.9999999998,0.0,44.0,0.055555291668337045,0.014444375833767632,0.0,0.33555562416623236,1.0,0.8007382481347182,0.9575165416653894,0.8433325980025909,0.39565001232562086,0.02342654009777997,0.02342654009777997,0.0,0.3722234722278407,0.0,0.0,0.3722234722278407,0.0,0.02342654009777997,0.0,4.501162340654971,86.86873613836163,558.9888729648129,5.928858924512531,86.47308612603601,0.0,0.0,0.0,10724.358217543857,-13196.149369142624,1.718842668196885e-16,0.0,2.7214549481868745e-11,2.220446049250313e-16
closure_hypothesis,once_through,200.07087468856398,11.546921680958265,19911.44749190195,89624.51201327445,188.52395300760557,300000.0,1350375.487986726,0.0,1599.7522683241707,300000.0,1349999.9999999998,0.0,45.0,0.05663211684712712,0.014724350380253052,0.0,0.33527564961974693,1.0,0.7972966450365717,0.9566930871169028,0.8405149483700859,0.4033188748671823,0.023277208478210146,0.023277208478210146,0.0,0.3800416663889719,0.0,0.0,0.3800416663889719,0.0,0.023277208478210146,0.0,4.501155029021623,88.55250809805007,558.3515320090514,5.948734177418172,88.14918922318289,0.0,0.0,0.0,10968.093631578948,-13475.56451512779,2.864737780328141e-16,0.0,4.0821824222803115e-11,2.7755575615628914e-16
closure_hypothesis,once_through,203.8516753490911,11.47374426652821,19909.774088006307,89616.83594641309,192.37793108256275,306666.6666666667,1380383.1640535872,0.0,1635.437669328323,306666.6666666667,1379999.9999999998,0.0,46.0,0.057702311322539716,0.015002600943860326,0.0,0.3349973990561397,1.0,0.7938908900187356,0.9558747031062932,0.8377225342802938,0.41094051530272574,0.023129691592008884,0.023129691592008884,0.0,0.38781082371071657,0.0,0.0,0.38781082371071657,0.0,0.023129691592008884,0.0,4.501147805609632,90.22591199369255,557.71811557039,5.9685633314085464,89.81497147838982,0.0,0.0,0.0,11211.829045614033,-13754.985330167026,2.864737780328141e-16,0.0,2.7214549481868745e-11,2.7755575615628914e-16
closure_hypothesis,once_through,207.6093276701207,11.401451110485354,19908.110929697505,89609.20774589264,196.20787655963522,313333.3333333334,1410390.7922541075,0.0,1671.1287262795397,313333.3333333334,1409999.9999999998,0.0,47.0,0.05876595342260393,0.015279147889877021,0.0,0.334720852110123,1.0,0.7905204019949276,0.9550613297356558,0.8349549866149188,0.4185154914636429,0.022983957264605212,0.022983957264605212,0.0,0.3955315341990374,0.0,0.0,0.3955315341990374,0.0,0.022983957264605212,0.0,4.501140668862759,91.88907030249486,557.0885772887863,5.988346773364442,91.47055481103122,0.0,0.0,0.0,11455.564459649124,-14034.411801153334,2.291790224262513e-16,0.0,2.7214549481868745e-11,2.7755575615628914e-16
closure_hypothesis,once_through,211.344103559944,11.330026595408428,19906.457896627384,89601.62683904075,200.01407696453543,320000.00000000006,1440398.3731609595,0.0,1706.825426180484,320000.00000000006,1439999.9999999998,0.0,48.0,0.05982312011375547,0.015554011229576423,0.0,0.33444598877042353,1.0,0.7871846125859481,0.9542529081483045,0.8322119437199518,0.4260443514844199,0.02283997401315194,0.02283997401315194,0.0,0.40320437747126764,0.0,0.0,0.40320437747126764,0.0,0.02283997401315194,0.0,4.501133617258013,93.5421033726146,556.4628716100848,6.008084884783333,93.11605902113018,0.0,0.0,0.0,11699.29987368421,-14313.843915089363,2.291790224262513e-16,0.0,2.7214549481868745e-11,2.7755575615628914e-16
closure_hypothesis,once_through,215.05627022669762,11.25945544589078,19904.814870528102,89594.09266322762,203.79681478080673,326666.66666666674,1470405.9073367727,0.0,1742.5277561419762,326666.66666666674,1469999.9999999998,0.0,49.0,0.06087388703200306,0.015827210628320796,0.0,0.33417278937167916,1.0,0.783882965771122,0.9534493805049388,0.8294930512134934,0.43352763402459515,0.0226977110442623,0.0226977110442623,0.0,0.4108299229803326,0.0,0.0,0.4108299229803326,0.0,0.0226977110442623,0.0,4.501126649305559,95.18512947189421,555.8409537675702,6.027778041883933,94.75160183786961,0.0,0.0,0.0,11943.035287719302,-14593.28165908595,2.291790224262513e-16,0.0,2.7214549481868745e-11,2.220446049250313e-16
closure_hypothesis,once_through,218.7460902853108,11.189722724962458,19903.1817351648,89586.6046656461,207.55636756034824,333333.33333333343,1500413.3953343541,0.0,1778.2357033815003,333333.33333333343,1499999.9999999998,0.0,50.0,0.061918328513200824,0.016098765413432213,0.0,0.3339012345865678,1.0,0.7806149175512468,0.9526506899604935,0.8267979617995999,0.4409658684843523,0.022557138246797316,0.022557138246797316,0.0,0.41840873023755476,0.0,0.0,0.41840873023755476,0.0,0.022557138246797316,0.0,4.501119763548414,96.81826483519639,555.2227797640504,6.047426615707968,96.37729896671203,0.0,0.0,0.0,12186.770701754389,-14872.72502036056,2.291790224262513e-16,0.0,2.7214549481868745e-11,2.220446049250313e-16
closure_hypothesis,once_through,222.413821861414,11.12081382886023,19901.558376289602,89579.16230309404,211.29300803255364,340000.0000000001,1530420.8376969062,0.0,1813.9492552217419,340000.0000000001,1529999.9999999998,0.0,51.0,0.06295651762246074,0.01636869458183979,0.0,0.33363130541816016,1.0,0.7773799356225919,0.9518567806416476,0.8241263350879212,0.4483595752139872,0.02241822618132276,0.02241822618132276,0.0,0.42594134903266423,0.0,0.0,0.42594134903266423,0.0,0.02241822618132276,0.0,4.501112958561939,98.44162371039461,554.608306354448,6.0670309722193005,97.99326413518062,0.0,0.0,0.0,12430.506115789478,-15152.17398623589,2.291790224262513e-16,0.0,2.7214549481868745e-11,2.220446049250313e-16
closure_hypothesis,once_through,226.05971869232076,11.052714480712622,19899.944681596924,89571.76504176075,215.00700421160803,346666.6666666668,1560428.2349582396,0.0,1849.6683990891506,346666.6666666668,1559999.9999999998,0.0,52.0,0.06398852618273664,0.016637016807511527,0.0,0.33336298319248847,1.0,0.774177499061521,0.9510675976249662,0.8214778374189249,0.45570926571747555,0.02228094606737896,0.02228094606737896,0.0,0.43342831965009637,0.0,0.0,0.43342831965009637,0.0,0.02228094606737896,0.0,4.501106232953248,100.05531840306834,553.9974910288819,6.08659147240046,99.59960913735087,0.0,0.0,0.0,12674.241529824563,-15431.628544138384,2.291790224262513e-16,0.0,4.0821824222803115e-11,2.220446049250313e-16
closure_hypothesis,once_through,229.6840302251872,10.985410723540085,19898.340540680045,89564.41235701746,218.69861950164704,353333.3333333335,1590435.5876429828,0.0,1885.3931225125332,353333.3333333335,1589999.9999999998,0.0,53.0,0.06501442480260913,0.016903750448678374,0.0,0.3330962495513216,1.0,0.771007098019327,0.9502830869156519,0.8188521416944727,0.46301544285035034,0.022145269769369983,0.022145269769369983,0.0,0.4408701730809802,0.0,0.0,0.4408701730809802,0.0,0.022145269769369983,0.0,4.5010995853605245,101.65945931994892,553.3902919962233,6.106108472346871,101.19644387709857,0.0,0.0,0.0,12917.976943859652,-15711.088681596855,1.1458951121312565e-16,0.0,2.7214549481868745e-11,1.6653345369377348e-16
closure_hypothesis,once_through,233.28700171244665,10.918888912851234,19896.745844988836,89557.10373321257,222.36811279959534,360000.0000000002,1620442.8962667878,0.0,1921.1234131216709,360000.0000000002,1619999.9999999998,0.0,54.0,0.06603428290329953,0.01716891355485788,0.0,0.3328310864451421,1.0,0.7678682334268911,0.9495031954268885,0.8162489272135867,0.4702786010120869,0.022011169781638543,0.022011169781638543,0.0,0.4482674312304482,0.0,0.0,0.4482674312304482,0.0,0.022011169781638543,0.0,4.501093014452325,103.25415501115951,552.7866681681052,6.125582323358641,102.78387641014743,0.0,0.0,0.0,13161.712357894743,-15990.554386241085,1.718842668196885e-16,0.0,4.0821824222803115e-11,1.6653345369377348e-16
closure_hypothesis,once_through,236.86887430461263,10.853135709031744,19895.160487788708,89549.83866347147,226.0157385955808,366666.66666666686,1650450.1613365288,0.0,1956.859258645963,366666.66666666686,1649999.9999999998,0.0,55.0,0.06704816874493853,0.01743252387368402,0.0,0.332567476126316,1.0,0.7647604167087979,0.948727870959753,0.8136678795131902,0.4774992263331825,0.02187861921312291,0.02187861921312291,0.0,0.4556206071200594,0.0,0.0,0.4556206071200594,0.0,0.02187861921312291,0.0,4.501086518926829,104.8395122112902,552.1865791433767,6.145013372030186,104.36201298495702,0.0,0.0,0.0,13405.44777192983,-16270.025645800464,1.718842668196885e-16,0.0,2.7214549481868745e-11,1.6653345369377348e-16
closure_hypothesis,once_through,240.42988514053897,10.788138069662764,19893.58436412065,89542.61664950181,229.64174707087614,373333.33333333355,1680457.3833504985,0.0,1992.6006469130973,373333.33333333355,1679999.9999999998,0.0,56.0,0.06805614945211537,0.017694598857549995,0.0,0.33230540114245,1.0,0.7616831695065462,0.9479570621836765,0.8111086902136546,0.48467779685710966,0.02174759177187177,0.02174759177187177,0.0,0.46293020508523774,0.0,0.0,0.46293020508523774,0.0,0.02174759177187177,0.0,4.501080097511117,106.4156358793477,551.5899851929797,6.164401960337704,105.93095808249059,0.0,0.0,0.0,13649.183185964917,-16549.502448102685,1.1458951121312565e-16,0.0,2.7214549481868745e-11,1.1102230246251565e-16
closure_hypothesis,once_through,243.97026743522085,10.723883241863238,19892.017370762384,89535.43720140301,233.24638419335753,380000.00000000023,1710464.5627985972,0.0,2028.3475658477432,380000.00000000023,1709999.9999999998,0.0,57.0,0.06905829103873075,0.017955155670069996,0.0,0.33204484432993,1.0,0.7586360234105237,0.9471907186174412,0.8085710568689896,0.49181478271731294,0.021618061749607263,0.021618061749607263,0.0,0.47019672096770554,0.0,0.0,0.47019672096770554,0.0,0.021618061749607263,0.0,4.501073748960408,107.98262923761651,550.9968472452402,6.183748425724488,107.4908144548992,0.0,0.0,0.0,13892.918600000005,-16828.98478107242,1.718842668196885e-16,0.0,2.7214549481868745e-11,1.1102230246251565e-16
closure_hypothesis,once_through,247.4902505652176,10.660358754720257,19890.45940619053,89528.29983748132,236.82989181049726,386666.6666666669,1740471.700162519,0.0,2064.10000347027,386666.6666666669,1739999.9999999998,0.0,58.0,0.07005465843217668,0.018214211192365937,0.0,0.33178578880763404,1.0,0.7556185197004175,0.9464287906106884,0.806054682821496,0.4989106463094108,0.02149000400646547,0.02149000400646547,0.0,0.4774206423029452,0.0,0.0,0.4774206423029452,0.0,0.02149000400646547,0.0,4.501067472057349,109.54059380946757,550.4071268715562,6.20305310118429,109.04168316315815,0.0,0.0,0.0,14136.654014035097,-17108.472632730038,1.718842668196885e-16,0.0,2.7214549481868745e-11,1.6653345369377348e-16
closure_hypothesis,once_through,250.990060151775,10.597552411850735,19888.910370543847,89521.20408406922,240.39250773992418,393333.3333333336,1770478.795915931,0.0,2099.8579478954885,393333.3333333336,1769999.9999999998,0.0,59.0,0.07104531549686507,0.01847178202918492,0.0,0.33152821797081505,1.0,0.7526302090937517,0.9456712293259267,0.8035592770607353,0.5059658424587602,0.021363393956001658,0.021363393956001658,0.0,0.48460244850275835,0.0,0.0,0.48460244850275835,0.0,0.021363393956001658,0.0,4.501061265611271,111.08962945614869,549.8207862724722,6.222316315342702,110.58366361368992,0.0,0.0,0.0,14380.389428070184,-17387.965991190344,1.718842668196885e-16,0.0,2.7214549481868745e-11,2.220446049250313e-16
closure_hypothesis,once_through,254.46991814172065,10.535452284122325,19887.37016558741,89514.14947534999,243.93446585759824,400000.0000000003,1800485.8505246502,0.0,2135.621387331415,400000.0000000003,1799999.9999999998,0.0,60.0,0.07203032505712606,0.018727884514852775,0.0,0.3312721154851472,1.0,0.7496706515022565,0.9449179867210211,0.8010845540866672,0.5129808185835318,0.02123820755051651,0.02123820755051651,0.0,0.4917426110330151,0.0,0.0,0.4917426110330151,0.0,0.02123820755051651,0.0,4.501055128457505,112.62983441258926,549.2377882641268,6.241538392536605,112.11685359400573,0.0,0.0,0.0,14624.12484210527,-17667.464844661357,1.718842668196885e-16,0.0,2.7214549481868745e-11,2.220446049250313e-16
closure_hypothesis,once_through,257.9300428862041,10.474046702551073,19885.838694677746,89507.13555318666,247.45599618365293,406666.666666667,1830492.8644468135,0.0,2171.3903100780585,406666.666666667,1829999.9999999998,0.0,61.0,0.07300974891949608,0.01898253471906898,0.0,0.331017465280931,1.0,0.7467394157957837,0.94416901553215,0.7986302337767988,0.5199560148534411,0.021114421266738657,0.021114421266738657,0.0,0.4988415935867022,0.0,0.0,0.4988415935867022,0.0,0.021114421266738657,0.0,4.501049059456687,114.1613053222511,548.6580962650598,6.260719652891829,113.64134930739766,0.0,0.0,0.0,14867.86025614036,-17946.96918144309,1.718842668196885e-16,0.0,2.7214549481868745e-11,2.220446049250313e-16
closure_hypothesis,once_through,261.37064921735004,10.413324251386014,19884.31586272894,89500.16186695546,250.95732496596392,413333.33333333366,1860499.8381330448,0.0,2207.1647045262303,413333.33333333366,1859999.9999999998,0.0,62.0,0.07398364789441549,0.019235748452548027,0.0,0.3307642515474519,1.0,0.7438360795734946,0.9434242692572116,0.7961960412572204,0.5268918643442716,0.020992012091884036,0.020992012091884036,0.0,0.5058998522523873,0.0,0.0,0.5058998522523873,0.0,0.020992012091884036,0.0,4.501043057494077,115.68413727105558,548.0816742833712,6.279860412398976,115.15724540671131,0.0,0.0,0.0,15111.595670175446,-18226.47898992635,2.291790224262513e-16,0.0,2.7214549481868745e-11,2.220446049250313e-16
closure_hypothesis,once_through,264.79194852289066,10.353273761385616,19882.801576179583,89493.22797338408,254.43867476150496,420000.00000000035,1890506.7720266161,0.0,2242.9445591563726,420000.00000000035,1889999.9999999998,0.0,63.0,0.07495208181735394,0.019487541272512024,0.0,0.33051245872748797,1.0,0.7409602289420633,0.9426837021396706,0.7937817067773899,0.5337887931883248,0.020870957510102033,0.020870957510102033,0.0,0.5129178356782226,0.0,0.0,0.5129178356782226,0.0,0.020870957510102033,0.0,4.50103712147893,117.19842382041637,547.5084869042174,6.298960982987496,116.66463502722804,0.0,0.0,0.0,15355.331084210538,-18505.994258591585,1.718842668196885e-16,0.0,2.7214549481868745e-11,2.220446049250313e-16
closure_hypothesis,once_through,268.19414881884046,10.293884303287332,19881.295742960592,89486.33343639356,257.90026451555303,426666.66666666704,1920513.6665636066,0.0,2278.7298625374106,426666.66666666704,1919999.9999999998,0.0,64.0,0.07591510956938172,0.019737928488039246,0.0,0.33026207151196074,1.0,0.738111458300641,0.9419472691528258,0.7913869655885298,0.5406472207209241,0.020751235489310862,0.020751235489310862,0.0,0.519895985231613,0.0,0.0,0.519895985231613,0.0,0.020751235489310862,0.0,4.501031250343839,118.70425703940565,546.9384992776355,6.318021672598127,118.16360981868472,0.0,0.0,0.0,15599.066498245626,-18785.514976007707,2.291790224262513e-16,0.0,2.7214549481868745e-11,2.220446049250313e-16
closure_hypothesis,once_through,271.57745482027474,10.235145181469315,19879.79827246392,89479.47782694484,261.3423096388053,433333.3333333337,1950520.5221730552,0.0,2314.520603325624,433333.3333333337,1949999.9999999998,0.0,65.0,0.07687278909720438,0.019986925165273138,0.0,0.33001307483472686,1.0,0.7352893701323435,0.9412149259844909,0.7890115578255301,0.5474675596230953,0.020632824468420363,0.020632824468420363,0.0,0.5268347351546748,0.0,0.0,0.5268347351546748,0.0,0.020632824468420363,0.0,4.5010254430441305,120.20172753608118,546.3716771066852,6.337042785253626,119.65425997645808,0.0,0.0,0.0,15842.80191228071,-19065.041130831007,2.291790224262513e-16,0.0,1.3607274740934373e-11,1.1102230246251565e-16
closure_hypothesis,once_through,274.94206801027065,10.177045927801514,19878.309075512,89472.6607228893,264.765022082469,440000.0000000004,1980527.3392771108,0.0,2350.316770263539,440000.0000000004,1979999.9999999998,0.0,66.0,0.07782517743267721,0.020234546132496076,0.0,0.3297654538675039,1.0,0.7324935748020306,0.9404866290220704,0.7866552283922235,0.5542502160605444,0.020515703344936513,0.020515703344936513,0.0,0.5337345127156076,0.0,0.0,0.5337345127156076,0.0,0.020515703344936513,0.0,4.501019698557272,121.69092448799988,545.8079866358993,6.356024621127946,121.13667427193934,0.0,0.0,0.0,16086.5373263158,-19344.572711804012,3.43768533639377e-16,0.0,1.3607274740934373e-11,3.3306690738754696e-16
closure_hypothesis,once_through,278.28818670706727,10.119576295682116,19876.82806432806,89465.88170882304,268.16861041138503,446666.6666666671,2010534.118291177,0.0,2386.1183521788384,446666.6666666671,2009999.9999999998,0.0,67.0,0.07877233071181551,0.020480805985072032,0.0,0.32951919401492796,1.0,0.7297236903601564,0.9397623353380234,0.784317726849934,0.5609955898190427,0.020399851462939662,0.020399851462939662,0.0,0.5405957383561029,0.0,0.0,0.5405957383561029,0.0,0.020399851462939662,0.0,4.50101401588229,123.17193567194337,545.2473946400314,6.374967476613806,122.61094008212433,0.0,0.0,0.0,16330.272740350892,-19624.109707754404,2.291790224262513e-16,0.0,1.3607274740934373e-11,2.220446049250313e-16
closure_hypothesis,once_through,281.61600612950036,10.06272625425507,19875.35515250712,89459.14037594497,271.55327987524515,453333.3333333338,2040540.859624055,0.0,2421.9253379832903,453333.3333333338,2039999.9999999998,0.0,68.0,0.07971430419331668,0.02072571909026234,0.0,0.32927428090973765,1.0,0.7269793423524784,0.939042002675699,0.7819988073091714,0.5677040744363372,0.02028524860142771,0.02028524860142771,0.0,0.5474188258349092,0.0,0.0,0.5474188258349092,0.0,0.02028524860142771,0.0,4.501008394039208,124.64484749287969,544.6898684130941,6.3938716443888355,124.07714341844336,0.0,0.0,0.0,16574.008154385978,-19903.65210759394,2.291790224262513e-16,0.0,1.3607274740934373e-11,3.3306690738754696e-16
closure_hypothesis,once_through,284.9257184607628,10.0064859828034,19873.89025498782,89452.43632191868,274.91923247795927,460000.00000000047,2070547.5636780814,0.0,2457.737716671701,460000.00000000047,2069999.9999999998,0.0,69.0,0.08065115227660817,0.020969299591918126,0.0,0.32903070040808186,1.0,0.7242601636354218,0.9383255894355349,0.7796982283243895,0.5743760573306825,0.020171874963013713,0.020171874963013713,0.0,0.5542041823676684,0.0,0.0,0.5542041823676684,0.0,0.020171874963013713,0.0,4.501002832068497,126.10974501218406,544.1353757576761,6.412737413480149,125.53536895485338,0.0,0.0,0.0,16817.743568421065,-20183.19990031744,3.43768533639377e-16,0.0,1.3607274740934373e-11,3.3306690738754696e-16
closure_hypothesis,once_through,288.21751291054375,9.95084586531328,19872.43328802486,89445.769150738,278.2666670452303,466666.66666666715,2100554.230849262,0.0,2493.5554773208783,466666.66666666715,2099999.9999999995,0.0,70.0,0.08158292851943665,0.02121156141505353,0.0,0.32878843858494644,1.0,0.7215657941969024,0.9376130546616073,0.7774157527916887,0.5810119199261069,0.020059711162967734,0.020059711162967734,0.0,0.5609522087631388,0.0,0.0,0.5609522087631388,0.0,0.020059711162967734,0.0,4.500997329030566,127.56671197514204,543.5838849745319,6.431565069327541,126.98570005521593,0.0,0.0,0.0,17061.478982456152,-20462.753075001703,3.43768533639377e-16,0.0,2.7214549481868745e-11,3.3306690738754696e-16
closure_hypothesis,once_through,291.49157577559345,9.895796485203494,19870.984169162246,89439.13847259566,281.59577929038977,473333.33333333384,2130560.8615274043,0.0,2529.3786090886174,473333.33333333384,2129999.9999999995,0.0,71.0,0.08250968565501153,0.021452518270303,0.0,0.328547481729697,1.0,0.7188958809824216,0.9369043580285207,0.7751511478493724,0.5876120377745033,0.019948738218592017,0.019948738218592017,0.0,0.5676632995559109,0.0,0.0,0.5676632995559109,0.0,0.019948738218592017,0.0,4.500991884005229,129.01583083775583,543.0353648524359,6.450354893845298,128.42821879998132,0.0,0.0,0.0,17305.214396491243,-20742.311620804532,3.43768533639377e-16,0.0,2.7214549481868745e-11,4.440892098500626e-16
closure_hypothesis,once_through,294.7480904987631,9.841328620214883,19869.542817207126,89432.54390375559,284.9067618785481,480000.0000000005,2160567.4560962445,0.0,2565.2071012127035,480000.0000000005,2159999.9999999995,0.0,72.0,0.08343147560871675,0.021692183658266355,0.0,0.3283078163417336,1.0,0.7162500777262515,0.9361994598286283,0.7729041847812664,0.5941767806746464,0.019838937538918775,0.019838937538918775,0.0,0.5743378431357274,0.0,0.0,0.5743378431357274,0.0,0.019838937538918775,0.0,4.500986496091221,130.45718279287567,542.4897846582896,6.469107165482628,129.86300601220103,0.0,0.0,0.0,17548.949810526334,-21021.87552696371,2.291790224262513e-16,0.0,2.7214549481868745e-11,2.220446049250313e-16
closure_hypothesis,once_through,297.987237726564,9.78743323745467,19868.109152204324,89425.98506642846,288.19980448910917,486666.6666666672,2190574.014933571,0.0,2601.0409430099317,486666.6666666672,2189999.9999999995,0.0,73.0,0.0843483495144035,0.02193057087374491,0.0,0.3280694291262551,1.0,0.7136280447875367,0.9354983209595739,0.77067463892271,0.6007065127882257,0.019730290914720117,0.019730290914720117,0.0,0.5809762218735054,0.0,0.0,0.5809762218735054,0.0,0.019730290914720117,0.0,4.500981164405715,131.89084779567585,541.9471141274801,6.4878221592827625,131.29014128288762,0.0,0.0,0.0,17792.685224561417,-21301.44478279602,3.43768533639377e-16,0.0,0.0,2.220446049250313e-16
closure_hypothesis,once_through,301.2091953652905,9.734101488590246,19866.683095411503,89419.46158865035,291.4750938767001,493333.3333333339,2220580.5384113495,0.0,2636.8801238751403,493333.3333333339,2219999.9999999995,0.0,74.0,0.08526035773027643,0.022167693009871873,0.0,0.3278323069901281,1.0,0.7110294489911477,0.9348009029121416,0.7684622895691265,0.6072015927529818,0.019622780508819306,0.019622780508819306,0.0,0.5875788122441622,0.0,0.0,0.5875788122441622,0.0,0.019622780508819306,0.0,4.5009758880838575,133.31690458849505,541.407323454476,6.506500146940819,132.70970299574208,0.0,0.0,0.0,18036.420638596508,-21581.01937769632,3.43768533639377e-16,0.0,2.7214549481868745e-11,3.3306690738754696e-16
closure_hypothesis,once_through,304.4141386357498,9.681324705187611,19865.26456927494,89412.97310416427,294.73281393056203,500000.0000000006,2250587.026895836,0.0,2672.724633280267,500000.0000000006,2249999.9999999995,0.0,75.0,0.08616754985438543,0.022403562962140213,0.0,0.3275964370378598,1.0,0.708453963473123,0.9341071677584112,0.766266919887102,0.6136623737930352,0.0195163888466936,0.0195163888466936,0.0,0.5941459849463413,0.0,0.0,0.5941459849463413,0.0,0.0195163888466936,0.0,4.500970666278307,134.73543072505998,540.8703832836596,6.525141396860346,134.12176835126695,0.0,0.0,0.0,18280.15605263159,-21860.59930113653,3.43768533639377e-16,0.0,5.442909896373749e-11,3.3306690738754696e-16
closure_hypothesis,once_through,307.6022401266391,9.629094394189432,19863.853497405886,89406.51925230511,297.9731457324495,506666.66666666727,2280593.480747695,0.0,2708.5744607734146,506666.66666666727,2279999.9999999995,0.0,76.0,0.08706997473973464,0.02263819343233101,0.0,0.32736180656766894,1.0,0.7059012675305468,0.9334170781402028,0.7640883168278759,0.6200892038264892,0.01941109880735859,0.01941109880735859,0.0,0.6006781050191302,0.0,0.0,0.6006781050191302,0.0,0.01941109880735859,0.0,4.50096549815881,136.14650259411061,540.3362647003835,6.543746174208729,135.52641339028412,0.0,0.0,0.0,18523.891466666682,-22140.18454266477,3.43768533639377e-16,-5.820766091346741e-11,2.7214549481868745e-11,4.440892098500626e-16
closure_hypothesis,once_through,310.77366984661074,9.577402233527964,19862.449804557553,89400.09967788699,301.19626761308257,513333.33333333395,2310599.9003221137,0.0,2744.4295959779347,513333.33333333395,2309999.9999999995,0.0,77.0,0.08796768050901997,0.022871596932345195,0.0,0.3271284030676548,1.0,0.7033710464757159,0.9327305972578083,0.7619262710431851,0.6264824255703856,0.01930689361452435,0.01930689361452435,0.0,0.6071755319558608,0.0,0.0,0.6071755319558608,0.0,0.01930689361452435,0.0,4.500960382911761,137.5501954424442,539.804939222248,6.562314740971316,136.92371301687382,0.0,0.0,0.0,18767.626880701773,-22419.77509190438,4.583580448525026e-16,0.0,5.442909896373749e-11,4.440892098500626e-16
closure_hypothesis,once_through,313.92859527506204,9.526240067868324,19861.053416602605,89393.71403109375,304.4023552071936,520000.00000000064,2340606.2859689067,0.0,2780.29002859153,520000.00000000064,2339999.9999999995,0.0,78.0,0.08886071456900571,0.023103785787941485,0.0,0.3268962142120585,1.0,0.7008629914944494,0.9320476888589957,0.7597805768033665,0.6328423766430921,0.019203756828014396,0.019203756828014396,0.0,0.6136386198150774,0.0,0.0,0.6136386198150774,0.0,0.019203756828014396,0.0,4.500955319739797,138.94658339739547,539.2763787905925,6.5808473560044884,138.3137410207524,0.0,0.0,0.0,19011.36229473686,-22699.370938553064,2.291790224262513e-16,5.820766091346741e-11,5.442909896373749e-11,3.3306690738754696e-16
closure_hypothesis,once_through,317.06718141168943,9.475599904477592,19859.66426051123,89387.36196737185,307.5915815072117,526666.6666666673,2370612.638032628,0.0,2816.1557483853635,526666.6666666673,2369999.9999999995,0.0,79.0,0.08974912362455134,0.02333477214238335,0.0,0.32666522785761665,1.0,0.6983767995084066,0.9313683172282843,0.7576510319176649,0.6391693896641965,0.01910167233543829,0.01910167233543829,0.0,0.6200677173287579,0.0,0.0,0.6200677173287579,0.0,0.01910167233543829,0.0,4.500950307861389,140.33573948876938,538.7505557621926,6.599344275087528,139.69657009910517,0.0,0.0,0.0,19255.097708771948,-22978.972072381985,3.43768533639377e-16,0.0,2.7214549481868745e-11,3.3306690738754696e-16
closure_hypothesis,once_through,320.1895908248399,9.425473909215585,19858.282264329755,89381.0431473264,310.7641169156242,533333.333333334,2400618.956852674,0.0,2852.026745203193,533333.333333334,2399999.9999999995,0.0,80.0,0.0906329536922979,0.023564567959997455,0.0,0.3264354320400025,1.0,0.6959121730412813,0.930692447176478,0.7555374376566657,0.6454637923519783,0.019000624344109512,0.019000624344109512,0.0,0.6264631680078684,0.0,0.0,0.6264631680078684,0.0,0.019000624344109512,0.0,4.50094534651047,141.71773567024178,538.2274429011604,6.617805750973415,141.0722718778898,0.0,0.0,0.0,19498.83312280703,-23258.578483234895,2.291790224262513e-16,0.0,5.442909896373749e-11,3.3306690738754696e-16
closure_hypothesis,once_through,323.2959836986969,9.375854402643009,19856.907357159755,89374.757236619,313.9201292960538,540000.0000000006,2430625.2427633815,0.0,2887.90300896051,540000.0000000006,2429999.9999999995,0.0,81.0,0.09151225011402443,0.023793185029646353,0.0,0.32620681497035364,1.0,0.6934688200887434,0.9300200440304519,0.7534395986767899,0.651725907618529,0.018900597373199986,0.018900597373199986,0.0,0.6328253102453288,0.0,0.0,0.6328253102453288,0.0,0.018900597373199986,0.0,4.500940434936026,143.0926428402441,537.7070133710388,6.636232033438552,142.44091693262558,0.0,0.0,0.0,19742.56853684212,-23538.1901610273,1.1458951121312565e-16,0.0,5.442909896373749e-11,2.220446049250313e-16
closure_hypothesis,once_through,326.38651787933236,9.326733856243203,19855.539469137653,89368.5039058689,317.05978402308904,546666.6666666672,2460631.4960941314,0.0,2923.784529643699,546666.6666666672,2459999.9999999995,0.0,82.0,0.0923870575696835,0.02402063496811771,0.0,0.3259793650318823,1.0,0.6910464539920074,0.9293510736231833,0.7513573229467826,0.6579560536625885,0.01880157624612355,0.01880157624612355,0.0,0.6391544774164647,0.0,0.0,0.6391544774164647,0.0,0.01880157624612355,0.0,4.500935572401764,144.46053086234645,537.1892407270859,6.654623369331481,143.80257480868386,0.0,0.0,0.0,19986.303950877213,-23817.807095745586,2.291790224262513e-16,0.0,5.442909896373749e-11,2.220446049250313e-16
closure_hypothesis,once_through,329.46134891965823,9.278104888753562,19854.178531414847,89362.28283055597,320.1832440309045,553333.3333333338,2490637.7171694445,0.0,2959.671297309208,553333.3333333338,2489999.9999999995,0.0,83.0,0.09325742009012518,0.024246929223432547,0.0,0.32575307077656745,1.0,0.6886447933149085,0.928685502284022,0.7492904216761429,0.6641545440601606,0.01870354608314053,0.01870354608314053,0.0,0.6454509979770198,0.0,0.0,0.6454509979770198,0.0,0.01870354608314053,0.0,4.500930758185735,145.8214685851531,536.674098908745,6.6729800026205215,145.15731404109295,0.0,0.0,0.0,20230.039364912296,-24097.429277446176,3.43768533639377e-16,0.0,5.442909896373749e-11,3.3306690738754696e-16
closure_hypothesis,once_through,332.52063012330825,9.229960262602944,19852.824476138274,89356.09369092615,323.2906698607052,560000.0000000005,2520643.9063090743,0.0,2995.5633020827327,560000.0000000005,2519999.9999999995,0.0,84.0,0.0941233810695182,0.024472079078074735,0.0,0.32552792092192523,1.0,0.6862635617243744,0.9280232968291919,0.7472387092454245,0.6703216878529746,0.018606492294176023,0.018606492294176023,0.0,0.6517151955587983,0.0,0.0,0.6517151955587983,0.0,0.018606492294176023,0.0,4.50092599157999,147.17552386172514,536.1615622322914,6.691302174440471,146.50520217387216,0.0,0.0,0.0,20473.77477894738,-24377.056696254785,2.291790224262513e-16,0.0,5.442909896373749e-11,3.3306690738754696e-16
closure_hypothesis,once_through,335.56451258748103,9.182292880451596,19851.477236431452,89349.93617189932,326.3822197070293,566666.6666666671,2550650.0638281014,0.0,3031.460534158415,566666.6666666671,2549999.9999999995,0.0,85.0,0.0949849832774772,0.024696095652144073,0.0,0.3253039043478559,1.0,0.683902487874182,0.9273644245525173,0.7452020031383569,0.6764577896348513,0.018510400571844762,0.018510400571844762,0.0,0.6579473890630062,0.0,0.0,0.6579473890630062,0.0,0.018510400571844762,0.0,4.500921271890246,148.52276356854279,535.6516053836563,6.709590123138305,147.84630577890795,0.0,0.0,0.0,20717.51019298247,-24656.689342365557,2.291790224262513e-16,0.0,8.164364844560623e-11,3.3306690738754696e-16
closure_hypothesis,once_through,338.5931452447724,9.135095781830145,19850.136746375978,89343.80996297929,329.4580494629422,573333.3333333337,2580656.1900370214,0.0,3067.3629837980534,573333.3333333337,2579999.9999999995,0.0,86.0,0.09584226887090373,0.02491898990643497,0.0,0.325081010093565,1.0,0.6815613052918952,0.9267088532163676,0.7431801238757249,0.6825631496360318,0.01841525688467575,0.01841525688467575,0.0,0.6641478927513559,0.0,0.0,0.6641478927513559,0.0,0.01841525688467575,0.0,4.50091659843556,149.86325362402084,535.1442034114169,6.727844084317981,149.18069047438482,0.0,0.0,0.0,20961.245607017554,-24936.32720604028,1.1458951121312565e-16,0.0,8.164364844560623e-11,2.220446049250313e-16
closure_hypothesis,once_through,341.6066749040267,9.088362139874363,19848.802940993406,89337.71475816584,332.51831276415226,580000.0000000003,2610662.285241835,0.0,3103.270641330324,580000.0000000003,2609999.9999999995,0.0,87.0,0.09669527940554966,0.025140772645442913,0.0,0.3248592273545571,1.0,0.6792397522688809,0.926056551042815,0.7411728949509605,0.6886380638055293,0.018321047470529928,0.018321047470529928,0.0,0.6703170163349992,0.0,0.0,0.6703170163349992,0.0,0.018321047470529928,0.0,4.500911970548014,151.1970590065895,534.6393317199538,6.74606429088428,150.50842094278397,0.0,0.0,0.0,21204.98102105264,-25215.970277607637,2.291790224262513e-16,0.0,5.442909896373749e-11,1.1102230246251565e-16
closure_hypothesis,once_through,344.6052462902336,9.042085258152557,19847.475756227643,89331.65025586907,335.5631610320809,586666.666666667,2640668.349744132,0.0,3139.1834971500202,586666.666666667,2639999.9999999995,0.0,88.0,0.09754405584731042,0.02536145452030071,0.0,0.3246385454796993,1.0,0.676937571753307,0.925407486704998,0.7391801427673899,0.694682823891556,0.018227758830204575,0.018227758830204575,0.0,0.6764550650613512,0.0,0.0,0.6764550650613512,0.0,0.018227758830204575,0.0,4.500907387572398,152.52424377235315,534.1369660627656,6.764250973085776,151.8295609484616,0.0,0.0,0.0,21448.71643508773,-25495.61854746242,2.291790224262513e-16,0.0,8.164364844560623e-11,2.220446049250313e-16
closure_hypothesis,once_through,347.58900208349706,8.996258567582622,19846.155128927658,89325.61615882558,338.59274351591444,593333.3333333336,2670674.383841175,0.0,3175.101541717297,593333.3333333336,2669999.9999999995,0.0,89.0,0.09838863858325547,0.025581046031646425,0.0,0.3244189539683536,1.0,0.6746545112460277,0.924761629318687,0.7372016965770867,0.70069771752008,0.018135377721218454,0.018135377721218454,0.0,0.6825623397988615,0.0,0.0,0.6825623397988615,0.0,0.018135377721218454,0.0,4.500902848865925,153.844871072338,533.6370825359412,6.782404358556935,153.14417335481792,0.0,0.0,0.0,21692.451849122812,-25775.27200606478,0.0,0.0,8.164364844560623e-11,1.1102230246251565e-16
closure_hypothesis,once_through,350.55808295710284,8.950875623435671,19844.840996830655,89319.61217401663,341.6072073336671,600000.0000000002,2700680.387825984,0.0,3211.024765556933,600000.0000000002,2699999.9999999995,0.0,90.0,0.09922906743240383,0.025799557532424994,0.0,0.32420044246757496,1.0,0.6723903226992638,0.9241189484340441,0.7352373884212845,0.7066830282715644,0.018043891151771498,0.018043891151771498,0.0,0.6886391371197927,0.0,0.0,0.6886391371197927,0.0,0.018043891151771498,0.0,4.500898353797923,155.15900316934116,533.1396575717818,6.80052467235935,154.4523201410696,0.0,0.0,0.0,21936.1872631579,-26054.930643939504,2.291790224262513e-16,0.0,5.442909896373749e-11,1.1102230246251565e-16
closure_hypothesis,once_through,353.51262761470775,8.905930102423573,19843.533298545604,89313.6380125883,344.6066975122841,606666.6666666669,2730686.361987412,0.0,3246.953159257599,606666.6666666669,2729999.9999999995,0.0,91.0,0.10006538165625073,0.02601699923062519,0.0,0.3239830007693748,1.0,0.6701447624179934,0.923479414027573,0.7332870530723016,0.712639035755937,0.01795328637487363,0.01795328637487363,0.0,0.6946857493810632,0.0,0.0,0.6946857493810632,0.0,0.01795328637487363,0.0,4.500893901749563,156.46670145439077,532.6446679325697,6.818612137022149,155.75406241863485,0.0,0.0,0.0,22179.922677192986,-26334.594451675257,2.291790224262513e-16,0.0,5.442909896373749e-11,2.220446049250313e-16
closure_hypothesis,once_through,356.4527728266767,8.861415799867611,19842.231973537168,89307.69338977354,347.591357026809,613333.3333333335,2760692.3066102266,0.0,3282.886713471144,613333.3333333335,2759999.9999999995,0.0,92.0,0.1008976199690533,0.02623338119195386,0.0,0.32376661880804614,1.0,0.6679175909639663,0.9228429964942534,0.7313505279769282,0.718566015685841,0.01786355088263712,0.01786355088263712,0.0,0.7007024648032038,0.0,0.0,0.7007024648032038,0.0,0.01786355088263712,0.0,4.50088949211358,157.76802646282894,532.1520907044827,6.836666972581626,157.0494604471431,0.0,0.0,0.0,22423.658091228077,-26614.263419923893,2.291790224262513e-16,0.0,2.7214549481868745e-11,1.1102230246251565e-16
closure_hypothesis,once_through,359.37865346558965,8.817326626945668,19840.93696210997,89301.77802481598,350.561326838644,620000.0000000001,2790698.2219751845,0.0,3318.825418911886,620000.0000000001,2789999.9999999995,0.0,93.0,0.10172582054788117,0.026448713342449102,0.0,0.3235512866575509,1.0,0.665708573062261,0.9222096666398556,0.7294276532012445,0.7244642399482129,0.01777467240072723,0.01777467240072723,0.0,0.7066895675474856,0.0,0.0,0.7066895675474856,0.0,0.01777467240072723,0.0,4.500885124294012,159.06303789002732,531.6619032916424,6.854689396620026,158.3385736500791,0.0,0.0,0.0,22667.39350526316,-26893.937539399718,0.0,0.0,5.442909896373749e-11,0.0
closure_hypothesis,once_through,362.29040254094076,8.773656608015374,19839.64820539325,89295.89164089535,353.51674593292535,626666.6666666667,2820704.108359105,0.0,3354.76926635592,626666.6666666667,2819999.9999999995,0.0,94.0,0.10255002104243832,0.026663005471033965,0.0,0.323336994528966,1.0,0.6635174775103075,0.9215793956734295,0.7275182713768127,0.7303339766742316,0.01768663888296603,0.01768663888296603,0.0,0.7126473377912655,0.0,0.0,0.7126473377912655,0.0,0.01768663888296603,0.0,4.500880797705928,160.35179460674524,531.1740834103034,6.872679624303603,159.621460630071,0.0,0.0,0.0,22911.128919298248,-27173.61680087884,1.1458951121312565e-16,0.0,5.442909896373749e-11,0.0
closure_hypothesis,once_through,365.18815123305245,8.730399878010857,19838.36564532585,89290.0339650548,356.4577513550416,633333.3333333334,2850709.9660349456,0.0,3390.7182466404306,633333.3333333334,2849999.9999999995,0.0,95.0,0.10337025858466295,0.026876267232012366,0.0,0.3231237327679876,1.0,0.6613440770892969,0.9209521551999637,0.7256222276482155,0.7361754903076857,0.017599438506084527,0.017599438506084527,0.0,0.7185760518016011,0.0,0.0,0.7185760518016011,0.0,0.017599438506084527,0.0,4.50087651177518,161.6343546741402,530.6886090831705,6.890637868419901,160.89817918383253,0.0,0.0,0.0,23154.864333333335,-27453.301195198437,0.0,0.0,5.442909896373749e-11,1.1102230246251565e-16
closure_hypothesis,once_through,368.0720289262252,8.687550679910723,19837.089224641553,89284.20472812987,359.3844782463144,640000.0,2880715.79527187,0.0,3426.6723506630196,640000.0,2879999.9999999995,0.0,96.0,0.10418656979811074,0.027088508147508794,0.0,0.3229114918524912,1.0,0.6591881484779081,0.9203279172132094,0.7237393696218916,0.7419890416717988,0.017513059664618427,0.017513059664618427,0.0,0.7244759820071802,0.0,0.0,0.7244759820071802,0.0,0.017513059664618427,0.0,4.50087226593816,162.91077535844016,530.2054586338448,6.908564339414321,162.16878631676838,0.0,0.0,0.0,23398.59974736842,-27732.99071325611,1.1458951121312565e-16,0.0,2.7214549481868745e-11,1.1102230246251565e-16
closure_hypothesis,once_through,370.94216324114325,8.645103362274995,19835.818886854708,89278.40366467912,362.2970598788682,646666.6666666666,2910721.5963353207,0.0,3462.631569381044,646666.6666666666,2909999.9999999995,0.0,97.0,0.1049989908071277,0.027299737609853204,0.0,0.32270026239014676,1.0,0.6570494721682796,0.919706654088667,0.7218695473162383,0.7477748880345558,0.017427490965942916,0.017427490965942916,0.0,0.7303473970686127,0.0,0.0,0.7303473970686127,0.0,0.017427490965942916,0.0,4.500868059641558,164.18111314528645,529.724610681395,6.926459245425944,163.43333825725188,0.0,0.0,0.0,23642.335161403505,-28012.68534600922,1.1458951121312565e-16,0.0,2.7214549481868745e-11,2.220446049250313e-16
closure_hypothesis,once_through,373.79868006655664,8.603052376848874,19834.554576246235,89272.63051291605,365.1956276897077,653333.3333333333,2940727.369487084,0.0,3498.5958938109584,653333.3333333333,2939999.9999999995,0.0,98.0,0.10580755724581806,0.027509964883912694,0.0,0.32249003511608726,1.0,0.6549278323841569,0.9190883385767273,0.7200126131129388,0.7535332831725702,0.017342721225442108,0.017342721225442108,0.0,0.7361905619471278,0.0,0.0,0.7361905619471278,0.0,0.017342721225442108,0.0,4.500863892342131,165.4454237537565,529.2460441350494,6.94432279232269,164.69189047058393,0.0,0.0,0.0,23886.070575438596,-28292.385084474226,1.1458951121312565e-16,0.0,2.7214549481868745e-11,2.220446049250313e-16
closure_hypothesis,once_through,376.6417035902582,8.561392276231159,19833.296237849918,89266.88501464298,368.080311314027,659999.9999999999,2970733.1149853575,0.0,3534.5653150276776,659999.9999999999,2969999.9999999995,0.0,99.0,0.1066123042668126,0.02771919910937128,0.0,0.3222808008906287,1.0,0.6528230170011524,0.9184729437959669,0.7181684217094813,0.7592644774335296,0.017258739461808868,0.017258739461808868,0.0,0.7420057379717208,0.0,0.0,0.7420057379717208,0.0,0.017258739461808868,0.0,4.5008597635064715,166.70376215007443,528.769738189006,6.962155183735768,165.9444976726409,0.0,0.0,0.0,24129.805989473683,-28572.089919726033,0.0,0.0,5.442909896373749e-11,0.0
closure_hypothesis,once_through,379.47135632937477,8.520117711605396,19832.04381743897,89261.16691518601,370.9512386177694,666666.6666666665,3000738.8330848143,0.0,3570.539824163937,666666.6666666665,2999999.9999999995,0.0,100.0,0.10741326654984303,0.02792744930295919,0.0,0.32207255069704077,1.0,0.6507348174690529,0.9178604432265905,0.7163368300728361,0.76496871779726,0.017175534892471082,0.017175534892471082,0.0,0.7477931829047889,0.0,0.0,0.7477931829047889,0.0,0.017175534892471082,0.0,4.500855672610793,167.95618256101798,528.2956723173581,6.97995662109347,167.1912138432207,0.0,0.0,0.0,24373.541403508767,-28851.799842897377,0.0,0.0,5.442909896373749e-11,0.0
closure_hypothesis,once_through,382.28775915999023,8.479223430531698,19830.797261512962,89255.47596333172,373.80853572945847,673333.3333333331,3030744.5240366687,0.0,3606.5194124096715,673333.3333333331,3029999.9999999995,0.0,101.0,0.10821047831012684,0.028134724360632978,0.0,0.321865275639367,1.0,0.6486630287361125,0.9172508107040207,0.71451769739426,0.770646247935441,0.01709309692914024,0.01709309692914024,0.0,0.7535531510063007,0.0,0.0,0.7535531510063007,0.0,0.01709309692914024,0.0,4.5008516191407075,169.20273848703005,527.823826269131,6.997727303654281,168.4320922390946,0.0,0.0,0.0,24617.276817543854,-29131.514845178197,1.1458951121312565e-16,0.0,5.442909896373749e-11,0.0
closure_hypothesis,once_through,385.0910313461181,8.4387042747975,19829.556517284953,89249.81191126519,376.65232707132054,679999.9999999998,3060750.188088735,0.0,3642.504071011401,679999.9999999998,3059999.9999999995,0.0,102.0,0.10900397330656857,0.028341033059707827,0.0,0.32165896694029217,1.0,0.646607449175274,0.916644020412624,0.7127108850451842,0.7762973082700124,0.017011415173478782,0.017011415173478782,0.0,0.7592858930965336,0.0,0.0,0.7592858930965336,0.0,0.017011415173478782,0.0,4.500847602591024,170.44348271504194,527.3541800634281,7.015467428539431,169.66718540677192,0.0,0.0,0.0,24861.012231578938,-29411.23491781501,1.1458951121312565e-16,0.0,5.442909896373749e-11,0.0
closure_hypothesis,once_through,387.881290568041,8.398555178325255,19828.32153266898,89244.17451450937,379.4827353897157,686666.6666666664,3090755.8254854907,0.0,3678.4937912716236,686666.6666666664,3089999.9999999995,0.0,103.0,0.10979378484978138,0.028546384060943158,0.0,0.3214536159390568,1.0,0.6445678805122596,0.9160400468795789,0.7109162565341735,0.7819221360303024,0.016930479412882313,0.016930479412882313,0.0,0.76499165661742,0.0,0.0,0.76499165661742,0.0,0.016930479412882313,0.0,4.500843622465543,171.6784673310167,526.8867139846832,7.033177190764736,170.8965451949864,0.0,0.0,0.0,25104.74764561402,-29690.960052110317,1.1458951121312565e-16,0.0,2.7214549481868745e-11,1.1102230246251565e-16
closure_hypothesis,once_through,390.6586529500326,8.358771165135423,19827.092256267773,89238.56353186576,382.2998817848971,693333.333333333,3120761.4364681346,0.0,3714.4885645482204,693333.333333333,3119999.9999999995,0.0,104.0,0.11057994580993413,0.028750785910582874,0.0,0.3212492140894171,1.0,0.6425441277554761,0.9154388649688738,0.7091336774649101,0.7875209653089117,0.016850279616373195,0.016850279616373195,0.0,0.7706706856925383,0.0,0.0,0.7706706856925383,0.0,0.016850279616373195,0.0,4.500839678276854,172.90774373221888,526.4214085780162,7.050856783271888,172.12022276690996,0.0,0.0,0.0,25348.483059649112,-29970.690239422005,2.291790224262513e-16,0.0,5.442909896373749e-11,2.220446049250313e-16
closure_hypothesis,once_through,393.423233087479,8.319347347363125,19825.868637360774,89232.9787253565,385.10388574011574,699999.9999999997,3150767.0212746435,0.0,3750.4883822538654,699999.9999999997,3149999.9999999995,0.0,105.0,0.11136248862442837,0.028954247042351375,0.0,0.3210457529576486,1.0,0.6405359991276827,0.9148404498754371,0.707363015495183,0.7930940271163871,0.016770805930602376,0.016770805930602376,0.0,0.7763232211857845,0.0,0.0,0.7763232211857845,0.0,0.016770805930602376,0.0,4.500835769546147,174.13136263921874,525.9582446446891,7.068506396959128,173.33826861210235,0.0,0.0,0.0,25592.2184736842,-30250.425471162736,2.291790224262513e-16,0.0,2.7214549481868745e-11,2.220446049250313e-16
closure_hypothesis,once_through,396.17514407341463,8.280278923326662,19824.65062589236,89227.41986016763,387.8948651500878,706666.6666666663,3180772.5801398326,0.0,3786.4932358554483,706666.6666666663,3179999.9999999995,0.0,106.0,0.11214144530540951,0.029156775779406473,0.0,0.3208432242205935,1.0,0.6385433059993667,0.9142447771193928,0.7056041402968485,0.798641549434715,0.01669204867595575,0.01669204867595575,0.0,0.7819495007587589,0.0,0.0,0.7819495007587589,0.0,0.01669204867595575,0.0,4.50083189580302,175.34937410763717,525.4972032376604,7.086126220711367,174.55073255820247,0.0,0.0,0.0,25835.953887719286,-30530.165738799406,3.43768533639377e-16,0.0,2.7214549481868745e-11,3.3306690738754696e-16
closure_hypothesis,once_through,398.91449752448744,8.241561175646462,19823.43817246036,89221.88670459372,390.6729363488409,713333.3333333329,3210778.1132954066,0.0,3822.503116873505,713333.3333333329,3209999.9999999995,0.0,107.0,0.11291684744711668,0.029358380336250336,0.0,0.32064161966374966,1.0,0.6365658628237809,0.9136518225404402,0.703856923516741,0.8041637572696637,0.016613998342762188,0.016613998342762188,0.0,0.7875497589269013,0.0,0.0,0.7875497589269013,0.0,0.016613998342762188,0.0,4.500828056585306,176.56182753963796,525.0382656572349,7.1037164414297,175.7576637823683,0.0,0.0,0.0,26079.68930175437,-30809.911033852546,2.291790224262513e-16,0.0,5.442909896373749e-11,2.220446049250313e-16
closure_hypothesis,once_through,401.6414036063686,8.203189469412855,19822.23122830482,89216.37902998352,393.4382141369557,719999.9999999995,3240783.620970017,0.0,3858.5180168816523,719999.9999999995,3239999.9999999995,0.0,108.0,0.11368872623307504,0.02955906882059951,0.0,0.3204409311794005,1.0,0.6346034870735913,0.9130615622923544,0.7021212387385032,0.8096608727020063,0.016536645587599985,0.016536645587599985,0.0,0.7931242271144062,0.0,0.0,0.7931242271144062,0.0,0.016536645587599985,0.0,4.5008242514388845,177.76877169517428,524.581413446807,7.121277244060397,176.95911082247227,0.0,0.0,0.0,26323.424715789464,-31089.661347895788,1.1458951121312565e-16,0.0,5.442909896373749e-11,0.0
closure_hypothesis,once_through,404.35597105862036,8.165159250401274,19821.029745297,89210.89661068686,396.190811808219,726666.6666666662,3270789.1033893134,0.0,3894.537927506036,726666.6666666662,3269999.9999999995,0.0,109.0,0.114457112443135,0.0297588492352151,0.0,0.3202411507647849,1.0,0.6326559991790901,0.9124739728376027,0.7003969614453093,0.8151331149376515,0.016459981229698918,0.016459981229698918,0.0,0.7986731337079525,0.0,0.0,0.7986731337079525,0.0,0.016459981229698918,0.0,4.500820479917508,178.97025470299545,524.126628388694,7.138808811623359,178.1551215880578,0.0,0.0,0.0,26567.160129824548,-31369.416672555257,2.291790224262513e-16,0.0,5.442909896373749e-11,1.1102230246251565e-16
closure_hypothesis,once_through,407.0583072190358,8.127466043333404,19819.833675928574,89205.4392240028,398.93084117570226,733333.3333333328,3300794.5607759976,0.0,3930.562840424785,733333.3333333328,3299999.9999999995,0.0,110.0,0.11522203646036185,0.029957729479694082,0.0,0.32004227052030587,1.0,0.6307232224679297,0.9118890309420762,0.6986839689834643,0.8205807003567098,0.016383996247434942,0.016383996247434942,0.0,0.8041967041092746,0.0,0.0,0.8041967041092746,0.0,0.016383996247434942,0.0,4.500816741582644,180.16632407141972,523.6738925000589,7.156311325240003,179.345743371063,0.0,0.0,0.0,26810.89554385963,-31649.176999509087,2.291790224262513e-16,0.0,5.442909896373749e-11,3.3306690738754696e-16
closure_hypothesis,once_through,409.74851804746436,8.090105450182937,19818.642973301114,89200.00665012878,401.6584125972813,739999.9999999994,3330799.9933498716,0.0,3966.592747367473,739999.9999999994,3329999.9999999995,0.0,111.0,0.11598352827777969,0.030155717352222722,0.0031095024962042666,0.31984428264777726,1.0,0.6288049831063313,0.9113067136699332,0.6969821405268434,0.8260038425615224,0.01630868177491478,0.01630868177491478,0.0,0.8096951607866074,0.0,0.0,0.8096951607866074,0.0,0.01630868177491478,0.0,4.500813036003296,181.35702669887965,523.223188028918,7.173784964160687,180.53102285631812,0.0,0.0,0.0,27054.63095789472,-31928.942320486865,2.291790224262513e-16,0.0,5.442909896373749e-11,2.220446049250313e-16
closure_hypothesis,once_through,412.4267081491358,8.053073148524566,19817.45759111575,89194.59867211072,404.37363500061116,746666.666666666,3360805.4013278894,0.0,4002.6276401145874,746666.666666666,3359999.9999999995,0.0,112.0,0.11674161750497367,0.030352820551293153,0.007031573014324478,0.3196471794487068,1.0,0.6269011100417289,0.9107269983785494,0.6952913570421602,0.8314027524236798,0.0162340290986477,0.0162340290986477,0.0,0.815168723325032,0.0,0.0,0.815168723325032,0.0,0.0162340290986477,0.0,4.500809362755848,182.54240888424545,522.7744974502345,7.19122990579159,181.71100613182176,0.0,0.0,0.0,27298.366371929806,-32208.712627269066,1.1458951121312565e-16,0.0,2.7214549481868745e-11,1.1102230246251565e-16
closure_hypothesis,once_through,415.0929807974944,8.016364889925022,19816.277483663063,89189.21507579462,407.0766159075693,753333.3333333327,3390810.7849242054,0.0,4038.667510497007,753333.3333333327,3389999.9999999995,0.0,113.0,0.11749633337455334,0.03054904667738387,0.010920863174204407,0.3194509533226161,1.0,0.6250114349468066,0.9101498627135768,0.6936115012550328,0.836777638130053,0.016160029654302053,0.016160029654302053,0.0,0.8206176084757507,0.0,0.0,0.8206176084757507,0.0,0.016160029654302053,0.0,4.500805721423915,183.72251633693148,522.3278034620918,7.208646325721117,182.88573869880142,0.0,0.0,0.0,27542.101785964893,-32488.48791168657,2.291790224262513e-16,0.0,2.7214549481868745e-11,2.220446049250313e-16
closure_hypothesis,once_through,417.74743795655735,7.979976498374857,19815.1026058132,89183.85564977859,409.7674614581824,759999.9999999993,3420816.1443502214,0.0,4074.712350395488,759999.9999999993,3419999.9999999995,0.0,114.0,0.11824770474848144,0.030744403234605176,0.014777785416948606,0.3192555967653948,1.0,0.6231357921648886,0.9095752846041023,0.6919424576168316,0.8421287052278648,0.016086675023543905,0.016086675023543905,0.0,0.8260420302043208,0.0,0.0,0.8260420302043208,0.0,0.016086675023543905,0.0,4.500802111598177,184.89739418679218,521.883088981948,7.2260343977458135,184.0552654815643,0.0,0.0,0.0,27785.83719999998,-32768.26816562014,1.1458951121312565e-16,0.0,2.7214549481868745e-11,1.1102230246251565e-16
closure_hypothesis,once_through,420.39018030280727,7.943903868759762,19813.93291300618,89178.5201853665,412.4462764340474,766666.6666666659,3450821.4798146337,0.0,4110.762151740154,766666.6666666659,3449999.9999999995,0.0,115.0,0.11899576012427089,0.030938897632310433,0.01860274528588526,0.31906110236768953,1.0,0.6212740186566467,0.9090032422579104,0.6902841122722846,0.847456156668823,0.016013956930955427,0.016013956930955427,0.0,0.8314421997378674,0.0,0.0,0.8314421997378674,0.0,0.016013956930955427,0.0,4.500798532876242,186.0670869938119,521.4403371429692,7.2433942938958085,185.2196308371431,0.0,0.0,0.0,28029.572614035067,-33048.05338099989,2.291790224262513e-16,0.0,2.7214549481868745e-11,2.220446049250313e-16
closure_hypothesis,once_through,423.0213072466315,7.90814296537031,19812.7683612424,89173.20847652208,415.1131642812611,773333.3333333326,3480826.791523478,0.0,4146.816906509997,773333.3333333326,3479999.9999999995,0.0,116.0,0.11974052764105327,0.031132537186673852,0.022396141570078375,0.3188674628133261,1.0,0.6194259539480849,0.9084337141568416,0.6886363530278204,0.8527601928523395,0.015941867241030697,0.015941867241030697,0.0,0.8368183256113085,0.0,0.0,0.8368183256113085,0.0,0.015941867241030697,0.0,4.500794984862494,187.231638757594,520.9995312904355,7.260726184459802,186.37887856474165,0.0,0.0,0.0,28273.308028070154,-33327.84354980482,2.291790224262513e-16,0.0,2.7214549481868745e-11,2.220446049250313e-16
closure_hypothesis,once_through,425.64091695331973,7.872689820448997,19811.60890707334,89167.92031982436,417.76822713287066,779999.9999999992,3510832.0796801755,0.0,4182.876606732382,779999.9999999992,3509999.9999999995,0.0,117.0,0.12048203508552247,0.031325329122235845,0.026158366444278516,0.31867467087776413,1.0,0.617591440079768,0.9078666790522475,0.6869990693206299,0.8580410116678581,0.015870397955246723,0.015870397955246723,0.0,0.8421706137126113,0.0,0.0,0.8421706137126113,0.0,0.015870397955246723,0.0,4.500791467167956,188.3910929266545,520.5606549782254,7.278030238009603,187.53305191498663,0.0,0.0,0.0,28517.043442105238,-33607.63866406229,1.1458951121312565e-16,0.0,2.7214549481868745e-11,1.1102230246251565e-16
closure_hypothesis,once_through,428.24910636362915,7.83754053277346,19810.454507592473,89162.65551442376,420.41156583085564,786666.6666666658,3540837.3444855763,0.0,4218.941244482565,786666.6666666658,3539999.9999999995,0.0,118.0,0.12122030989775592,0.03151728057341654,0.029889805605409943,0.31848271942658346,1.0,0.6157703215572576,0.9073021159605397,0.6853721521884285,0.8632988085363127,0.01579954120920736,0.01579954120920736,0.0,0.8474992673271052,0.0,0.0,0.8474992673271052,0.0,0.01579954120920736,0.0,4.5007879794101475,189.54549240752445,520.1236919653693,7.295306621424205,188.68219359898814,0.0,0.0,0.0,28760.77885614032,-33887.43871584756,1.1458951121312565e-16,0.0,2.7214549481868745e-11,1.1102230246251565e-16
closure_hypothesis,once_through,430.8459712139295,7.802691266274885,19809.30512042633,89157.41386199927,423.0432799476545,793333.3333333324,3570842.5861380007,0.0,4255.010811883204,793333.3333333324,3569999.9999999995,0.0,119.0,0.12195537917691678,0.03170839858599836,0.033590838405696814,0.3182916014140016,1.0,0.6139624453027237,0.9067400041588283,0.6837554942398953,0.8685337764507362,0.015729289269858213,0.015729289269858213,0.0,0.8528044871808778,0.0,0.0,0.8528044871808778,0.0,0.015729289269858213,0.0,4.500784521212951,190.69487957366604,519.6886262126742,7.31255549991347,189.8263457972153,0.0,0.0,0.0,29004.51427017541,-34167.24369728329,1.1458951121312565e-16,0.0,2.7214549481868745e-11,2.220446049250313e-16
closure_hypothesis,once_through,433.4316060559372,7.768138248690543,19808.16070372579,89152.19516671654,425.6634678072466,799999.9999999991,3600847.804833283,0.0,4291.085301103895,799999.9999999991,3599999.9999999995,0.0,120.0,0.12268726968683993,0.031898690118578384,0.037261837982522625,0.3181013098814216,1.0,0.6121676606076978,0.9061803231806518,0.6821489896257823,0.8737461060160426,0.015659634532770292,0.015659634532770292,0.0,0.8580864714832722,0.0,0.0,0.8580864714832722,0.0,0.015659634532770292,0.0,4.500781092206485,191.8392962742073,519.2554418794185,7.329777037041325,190.96555016819127,0.0,0.0,0.0,29248.2496842105,-34447.05360053907,1.1458951121312565e-16,0.0,0.0,1.1102230246251565e-16
closure_hypothesis,once_through,436.0061042760489,7.73387777024952,19807.021216157496,89146.99923518664,428.2722265057994,806666.6666666657,3630853.000764813,0.0,4327.164704360701,806666.6666666657,3629999.9999999995,0.0,121.0,0.1234160078615045,0.03208816204399117,0.040903171385116385,0.3179118379560088,1.0,0.6103858190869373,0.9056230528117907,0.6805525340106571,0.8789359854880014,0.0155905695194906,0.0155905695194906,0.0,0.8633454159685108,0.0,0.0,0.8633454159685108,0.0,0.0155905695194906,0.0,4.500777692026974,192.97878384249896,518.8241233201121,7.346971394748643,192.09984785701096,0.0,0.0,0.0,29491.985098245586,-34726.86841783096,0.0,0.0,0.0,1.1102230246251565e-16
closure_hypothesis,once_through,438.56955811428423,7.69990618239067,19805.8866168955,89141.82587642586,430.86965193189354,813333.3333333323,3660858.1741235736,0.0,4363.249013915693,813333.3333333323,3659999.9999999995,0.0,122.0,0.12414161981039581,0.03227682115070291,0.04451519969815734,0.31772317884929707,1.0,0.6086167746333704,0.9050681730861679,0.6789660245452867,0.8841036008114233,0.015522086874957703,0.015522086874957703,0.0,0.8685815139364654,0.0,0.0,0.8685815139364654,0.0,0.015522086874957703,0.0,4.500774320316619,194.11338310449884,518.3946550813233,7.364138733375609,193.22927950368742,0.0,0.0,0.0,29735.720512280674,-35006.68814142104,0.0,0.0,0.0,1.1102230246251565e-16
closure_hypothesis,once_through,441.1220586828465,7.6662198965118735,19804.75686561301,89136.67490181609,433.45583878633454,819999.999999999,3690863.3250981835,0.0,4399.3382220764925,819999.999999999,3689999.9999999995,0.0,123.0,0.12486413132375923,0.0324646741441774,0.04809827816238119,0.31753532585582256,1.0,0.6068603833740909,0.9045156642818312,0.6773893598396227,0.8892491356575766,0.015454179364980355,0.015454179364980355,0.0,0.873794956292596,0.0,0.0,0.873794956292596,0.0,0.015454179364980355,0.0,4.500770976723479,195.24313438698675,517.9670218985693,7.381279211683794,194.3538852513292,0.0,0.0,0.0,29979.455926315757,-35286.51276361692,2.291790224262513e-16,0.0,0.0,2.220446049250313e-16
closure_hypothesis,once_through,443.66369598431163,7.632815382749712,19803.631922474382,89131.54612506648,436.0308806015619,826666.6666666656,3720868.453874933,0.0,4435.4323211958335,826666.6666666656,3719999.9999999995,0.0,124.0,0.12558356787774866,0.032651727648214654,0.051652756292277,0.3173482723517853,1.0,0.6051165036273762,0.9039655069170157,0.675822439936391,0.894372771460854,0.015386839873777487,0.015386839873777487,0.0,0.8789859315870765,0.0,0.0,0.8789859315870765,0.0,0.015386839873777487,0.0,4.500767660901357,196.36807752561523,517.5412086932683,7.398392986877743,195.47370475415437,0.0,0.0,0.0,30223.191340350844,-35566.34227677135,1.1458951121312565e-16,0.0,0.0,0.0
closure_hypothesis,once_through,446.1945589294532,7.599689168788759,19802.5117481272,89126.43936217518,438.5948697606644,833333.3333333322,3750873.5606378242,0.0,4471.531303671109,833333.3333333322,3749999.9999999995,0.0,125.0,0.1262999546394721,0.03283798820626275,0.05517897799095165,0.3171620117937372,1.0,0.6033849958606998,0.903417681746286,0.6742651662852557,0.899474687454706,0.015320061401577881,0.015320061401577881,0.0,0.884154626053128,0.0,0.0,0.884154626053128,0.0,0.015320061401577881,0.0,4.500764372509675,197.48825187279877,517.117200569754,7.415480214626262,196.58877718534407,0.0,0.0,0.0,30466.926754385928,-35846.176673281705,1.1458951121312565e-16,0.0,0.0,1.1102230246251565e-16
closure_hypothesis,once_through,448.71473535471284,7.566837838699533,19801.39630369455,89121.3544313926,441.14789751601324,839999.9999999988,3780878.645568607,0.0,4507.635161943944,839999.9999999988,3779999.9999999995,0.0,126.0,0.12701331647193698,0.033023462282703614,0.05867728166224597,0.3169765377172964,1.0,0.6016657226497103,0.9028721697567541,0.6727174417175504,0.9045550607068584,0.015253837062277615,0.015253837062277615,0.0,0.8893012236445808,0.0,0.0,0.8893012236445808,0.0,0.015253837062277615,0.0,4.50076111121337,198.6036963054465,516.6949828123481,7.432541049083306,197.69914124473965,0.0,0.0,0.0,30710.66216842102,-36126.015945589636,1.1458951121312565e-16,0.0,0.0,1.1102230246251565e-16
closure_hypothesis,once_through,451.22431203932393,7.534258031804446,19800.285550767454,89116.29115318466,443.6900540075194,846666.6666666655,3810883.708846815,0.0,4543.743888499761,846666.6666666655,3809999.9999999995,0.0,127.0,0.12772367793889688,0.03320815626411319,0.062148000320172675,0.31679184373588676,1.0,0.599958548638154,0.9023289521643729,0.6711791704215608,0.9096140661538322,0.015188160081153944,0.015188160081153944,0.0,0.8944259060726781,0.0,0.0,0.8944259060726781,0.0,0.015188160081153944,0.0,4.50075787668277,199.7144492325411,516.2745408824918,7.449575642908511,198.80483516638728,0.0,0.0,0.0,30954.39758245611,-36405.860086180546,2.291790224262513e-16,0.0,0.0,1.1102230246251565e-16
closure_hypothesis,once_through,453.72337472209745,7.5019464415709,19799.179451397427,89111.24935019756,446.2214282805264,853333.3333333321,3840888.750649802,0.0,4579.857475867361,853333.3333333321,3839999.9999999995,0.0,128.0,0.1284310633096033,0.033392076460496856,0.0655914616957569,0.3166079235395031,1.0,0.5982633404987121,0.9017880104103033,0.6696502579183473,0.9146518766347818,0.015123023792633946,0.015123023792633946,0.0,0.8995288528421476,0.0,0.0,0.8995288528421476,0.0,0.015123023792633946,0.0,4.500754668593505,200.82054860256844,515.8558604159333,7.466584147287324,199.90589672593364,0.0,0.0,0.0,31198.13299649119,-36685.70908758322,2.291790224262513e-16,0.0,0.0,2.220446049250313e-16
closure_hypothesis,once_through,456.212008117877,7.469899814530768,19798.077968089197,89106.22884722245,448.74210830334613,859999.9999999987,3870893.7711527767,0.0,4615.975916618502,859999.9999999987,3869999.9999999995,0.0,129.0,0.12913549656346313,0.03357522910650041,0.06900798834134579,0.3164247708934996,1.0,0.5965799668947311,0.9012493261573518,0.6681306110380835,0.9196686629246659,0.015058421638116283,0.015058421638116283,0.0,0.9046102412865493,0.0,0.0,0.9046102412865493,0.0,0.015058421638116283,0.0,4.50075148662638,201.92203191080054,515.4389272199714,7.483566711950876,201.00236324787588,0.0,0.0,0.0,31441.868410526284,-36965.562942369455,2.291790224262513e-16,0.0,-2.7214549481868745e-11,2.220446049250313e-16
closure_hypothesis,once_through,458.69029593367196,7.43811494922557,19796.981063793562,89101.22947116163,451.25218098444634,866666.6666666653,3900898.7705288376,0.0,4652.0992033674875,866666.6666666653,3899999.9999999995,0.0,130.0,0.12983700139460552,0.03375762036259744,0.0723978977324601,0.31624237963740254,1.0,0.594908298442821,0.9007128812864781,0.6666201378969113,0.9246645937667706,0.01499434716384484,0.01499434716384484,0.0,0.9096702466029256,0.0,0.0,0.9096702466029256,0.0,0.01499434716384484,0.0,4.5007483304672995,203.01893620643625,515.0237272707523,7.500523485195431,202.09427161266947,0.0,0.0,0.0,31685.60382456136,-37245.42164315352,1.1458951121312565e-16,0.0,-2.7214549481868745e-11,1.1102230246251565e-16
closure_hypothesis,once_through,461.15832088447513,7.406588695176599,19795.888701900396,89096.25105099453,453.7517321892985,873333.333333332,3930903.748949005,0.0,4688.227328770759,873333.333333332,3929999.9999999995,0.0,131.0,0.1305356012163591,0.033939256316253365,0.07576150236725189,0.3160607436837466,1.0,0.5932482076762985,0.9001786578933724,0.66511874787429,0.9296398359045956,0.014930794018832601,0.014930794018832601,0.0,0.914709041885763,0.0,0.0,0.914709041885763,0.0,0.014930794018832601,0.0,4.500745199807136,204.1112980996023,514.6102467106194,7.517454613901545,203.1816582636977,0.0,0.0,0.0,31929.339238596454,-37525.285182591884,1.1458951121312565e-16,0.0,0.0,1.1102230246251565e-16
closure_hypothesis,once_through,463.6161647087727,7.3753179518793255,19794.800846231778,89091.29341774524,456.24084675689335,879999.9999999986,3960908.7065822543,0.0,4724.360285526496,879999.9999999986,3959999.9999999995,0.0,132.0,0.1312313191656422,0.034120142983066974,0.07909910986363757,0.315879857016933,1.0,0.5915995690094545,0.8996466382850971,0.6636263515908308,0.9345945541131206,0.014867755952834493,0.014867755952834493,0.0,0.9197267981602861,0.0,0.0,0.9197267981602861,0.0,0.014867755952834493,0.0,4.500742094341659,205.199153768218,514.1984718455157,7.534360243552878,204.26455921410488,0.0,0.0,0.0,32173.074652631534,-37805.153553382705,1.1458951121312565e-16,0.0,0.0,0.0
closure_hypothesis,once_through,466.0639081837538,7.344299667821456,19793.71746103527,89086.35640445001,458.7196085159323,886666.6666666652,3990913.6435955493,0.0,4760.49806637422,886666.6666666652,3989999.9999999995,0.0,133.0,0.1319241781072683,0.03430028630788976,0.08241102305416559,0.3156997136921102,1.0,0.589962258702621,0.8991168049767948,0.6621428608866009,0.9395289112294656,0.014805226814367916,0.014805226814367916,0.0,0.9247236844150976,0.0,0.0,0.9247236844150976,0.0,0.014805226814367916,0.0,4.50073901377142,206.28253896472708,513.7883891424348,7.551240518254721,205.3430100534976,0.0,0.0,0.0,32416.81006666662,-38085.02674826551,1.1458951121312565e-16,0.0,-2.7214549481868745e-11,1.1102230246251565e-16
closure_hypothesis,once_through,468.5016311402264,7.313530839523923,19792.638510977296,89081.43984612556,461.18810030070244,893333.3333333319,4020918.560153874,0.0,4796.640664094399,893333.3333333319,4019999.9999999995,0.0,134.0,0.13261420063816778,0.03447969216592363,0.08569754007868162,0.31552030783407636,1.0,0.5883361548280206,0.89858914068846,0.6606681887998936,0.9444430681829595,0.014743200548779485,0.014743200548779485,0.0,0.92969986763418,0.0,0.0,0.92969986763418,0.0,0.014743200548779485,0.0,4.500735957801667,207.3614890226996,513.3799852269221,7.568095580752146,206.41704595451665,0.0,0.0,0.0,32660.545480701712,-38364.904760020785,0.0,0.0,0.0,0.0
closure_hypothesis,once_through,470.9294124772464,7.283008510604271,19791.56396113669,89076.54357973846,463.6464039666421,899999.9999999985,4050923.456420261,0.0,4832.788071508068,899999.9999999985,4049999.9999999995,0.0,135.0,0.1333014090915292,0.0346583663637976,0.08895895447485269,0.3153416336362024,1.0,0.5867211372363736,0.8980636283417718,0.6592022495464402,0.9493371840246314,0.014681671196356936,0.014681671196356936,0.0,0.9346555128282744,0.0,0.0,0.9346555128282744,0.0,0.014681671196356936,0.0,4.500732926142261,208.4360388633069,512.9732468806245,7.584925572447935,207.48670167928225,0.0,0.0,0.0,32904.2808947368,-38644.78758146954,1.1458951121312565e-16,0.0,0.0,1.1102230246251565e-16
closure_hypothesis,once_through,473.3473301764663,7.25272977086175,19790.493776998323,89071.66744417419,466.0946004056045,906666.6666666651,4080928.3325558254,0.0,4868.940281476448,906666.6666666651,4079999.9999999995,0.0,136.0,0.13398582554086053,0.034836314640623735,0.09219555526660267,0.3151636853593762,1.0,0.5851170875242486,0.897540251056989,0.6577449584990678,0.9542114159561348,0.014620632890484783,0.014620632890484783,0.0,0.93959078306565,0.0,0.0,0.93959078306565,0.0,0.014620632890484783,0.0,4.500729918507568,209.50622300167228,512.5681610388857,7.6017306334201065,208.55201158571614,0.0,0.0,0.0,33148.01630877189,-38924.67520547301,0.0,0.0,0.0,0.0
closure_hypothesis,once_through,475.7554613162099,7.2226917553836065,19789.427924446896,89066.8112802078,468.53276956082624,913333.3333333317,4110933.188719792,0.0,4905.097286900563,913333.3333333317,4109999.9999999995,0.0,137.0,0.13466747180397332,0.03501354266903306,0.09540762705052111,0.3149864573309669,1.0,0.5835238890021309,0.8970189921499028,0.6562962321677759,0.9590659193581211,0.014560079855842704,0.014560079855842704,0.0,0.9445058395022783,0.0,0.0,0.9445058395022783,0.0,0.014560079855842704,0.0,4.500726934616386,210.57207555310066,512.1647147883888,7.6185109024392474,209.61300963374254,0.0,0.0,0.0,33391.75172280697,-39204.567624932206,1.1458951121312565e-16,0.0,2.7214549481868745e-11,1.1102230246251565e-16
closure_hypothesis,once_through,478.1538820852797,7.192891643671977,19788.366369760806,89061.97493047452,470.96099044160775,919999.9999999984,4140938.025069525,0.0,4941.259080720876,919999.9999999984,4139999.9999999995,0.0,138.0,0.13534636944689094,0.035190056056191646,0.09859545008029387,0.31480994394380835,1.0,0.581941426663196,0.8964998351288481,0.654855988180235,0.9639008478180735,0.014500006406645465,0.014500006406645465,0.0,0.9494008414114281,0.0,0.0,0.9494008414114281,0.0,0.014500006406645465,0.0,4.500723974191866,211.63363023918973,511.7628953648426,7.6352665169854985,210.66972939137165,0.0,0.0,0.0,33635.48713684206,-39484.464832787606,-1.1458951121312565e-16,0.0,-2.7214549481868745e-11,-1.1102230246251565e-16
closure_hypothesis,once_through,480.54266779650214,7.163326658790772,19787.30907960617,89057.15823944089,473.3793411377114,926666.666666665,4170942.8417605585,0.0,4977.4256559169235,926666.666666665,4169999.9999999995,0.0,139.0,0.13602253978768283,0.03536586034479754,0.10175930034921205,0.3146341396552024,1.0,0.5803695871527663,0.8959827636917719,0.6534241452626897,0.9687163531576126,0.014440406944923139,0.014440406944923139,0.0,0.9542759462126895,0.0,0.0,0.9542759462126895,0.0,0.014440406944923139,0.0,4.500721036961404,212.69092039382522,511.362690150713,7.651997613265269,211.7222040406676,0.0,0.0,0.0,33879.222550877144,-39764.36682201874,0.0,0.0,-2.7214549481868745e-11,0.0
closure_hypothesis,once_through,482.9218929000178,7.133994066532159,19786.25602103093,89052.36105337687,475.78789883348554,933333.3333333316,4200947.638946623,0.0,5013.597005506948,933333.3333333316,4200000.0,0.0,140.0,0.13669600390022624,0.03554096101405882,0.10489944967080812,0.3144590389859412,1.0,0.5788082587384356,0.8954677617233565,0.6520006232212588,0.9735125854592878,0.014381275958840848,0.014381275958840848,0.0,0.9591313095004468,0.0,0.0,0.9591313095004468,0.0,0.014381275958840848,0.0,4.500718122656584,213.7439789690632,510.9640866729955,7.668704326227663,212.77046638360392,0.0,0.0,0.0,34122.957964912224,-40044.273585643845,1.1458951121312565e-16,0.0,-5.442909896373749e-11,1.1102230246251565e-16
closure_hypothesis,once_through,485.29163099632063,7.10489117460196,19785.207161459097,89047.58322032818,478.1867398217186,939999.9999999983,4230952.416779671,0.0,5049.773122547547,939999.9999999983,4230000.0,0.0,141.0,0.13736678261789725,0.03571536348065329,0.10801616575766863,0.3142846365193467,1.0,0.5772573312808428,0.8949548132921962,0.6505853429236189,0.9782896930928627,0.014322608021056598,0.014322608021056598,0.0,0.9639670850718061,0.0,0.0,0.9639670850718061,0.0,0.014322608021056598,0.0,4.500715231013087,214.79283854090127,510.5670726010313,7.685386789580684,213.8145488478084,0.0,0.0,0.0,34366.69337894732,-40324.18511671954,1.1458951121312565e-16,0.0,-5.442909896373749e-11,1.1102230246251565e-16
closure_hypothesis,once_through,487.65195484905433,7.076015331823605,19784.162468685052,89042.82459008922,480.5759395172307,946666.6666666649,4260957.175409909,0.0,5085.954000133319,946666.6666666649,4260000.0,0.0,142.0,0.13803489653719284,0.03588907309967014,0.11110971229847215,0.3141109269003298,1.0,0.5757166962050806,0.894443902648029,0.649178226281071,0.9830478227411116,0.014264397787116568,0.014264397787116568,0.0,0.9687834249539949,0.0,0.0,0.9687834249539949,0.0,0.014264397787116568,0.0,4.500712361770623,215.83753131494234,510.17163574436364,7.702045135807094,214.85448349220124,0.0,0.0,0.0,34610.428792982406,-40604.1014083404,0.0,0.0,-1.0885819792747498e-10,1.1102230246251565e-16
closure_hypothesis,once_through,490.00293639756836,7.047363927360071,19783.12191086804,89038.08501417642,482.95557247020827,953333.3333333315,4290961.9149858225,0.0,5122.139631396517,953333.3333333315,4290000.0,0.0,143.0,0.1387003660212851,0.03606209516553413,0.11418034903329902,0.3139379048344658,1.0,0.5741862464727193,0.8939350142190172,0.6477791962309685,0.98778711942513,0.014206639993886619,0.014206639993886619,0.0,0.9735804794312434,0.0,0.0,0.9735804794312434,0.0,0.014206639993886619,0.0,4.500709514672835,216.87808913195204,509.7777640506333,7.718679496180097,215.89030201252692,0.0,0.0,0.0,34854.16420701749,-40884.02245363868,0.0,0.0,-5.442909896373749e-11,0.0
closure_hypothesis,once_through,492.3446467692412,7.018934389953326,19782.08545652668,89033.36434580236,485.32571237928784,959999.9999999981,4320966.635654196,0.0,5158.330009506701,959999.9999999981,4320000.0,0.0,144.0,0.13936321120350936,0.036234434912912436,0.11722833182725577,0.31376556508708753,1.0,0.5726658765544353,0.893428132609081,0.6463881767195115,0.9925077265291778,0.014149329458019111,0.014149329458019111,0.0,0.9783583970711587,0.0,0.0,0.9783583970711587,0.0,0.014149329458019111,0.0,4.500706689467246,217.91454347331302,509.3854456035151,7.73529000077868,216.92203574678385,0.0,0.0,0.0,35097.89962105258,-41163.948245783955,1.1458951121312565e-16,0.0,-1.0885819792747498e-10,1.1102230246251565e-16
closure_hypothesis,once_through,494.67715629157493,6.990724187180926,19781.053074533615,89028.66243985001,487.68643210439404,966666.6666666648,4350971.337560149,0.0,5194.525127670406,966666.6666666648,4350000.0,0.0,145.0,0.14002345199078767,0.0364060975176048,0.12025391274246103,0.31359390248239516,1.0,0.5711554824032244,0.8929232425952799,0.6450050926848837,0.99720978582506,0.014092461074454284,0.014092461074454284,0.0,0.9831173247506058,0.0,0.0,0.9831173247506058,0.0,0.014092461074454284,0.0,4.500703885905178,218.946925466378,508.99466862069096,7.7518767785028055,217.94971568055294,0.0,0.0,0.0,35341.63503508767,-41443.87877798275,-1.1458951121312565e-16,0.0,-5.442909896373749e-11,0.0
closure_hypothesis,once_through,497.00053450406676,6.962730824729166,19780.02473411027,89023.97915284785,490.0378036793376,973333.3333333314,4380976.020847151,0.0,5230.724979130802,973333.3333333314,4380000.0,0.0,146.0,0.1406811080669893,0.03657708809741722,0.12325734010843369,0.31342291190258276,1.0,0.5696549614281878,0.8924203291252435,0.6436298700407391,1.001893437496058,0.01403602981495503,0.01403602981495503,0.0,0.9878574076811031,0.0,0.0,0.9878574076811031,0.0,0.01403602981495503,0.0,4.500701103741681,219.97526588972437,508.60542145186116,7.768439957088257,218.97337245222832,0.0,0.0,0.0,35585.37044912275,-41723.814043478225,-1.1458951121312565e-16,0.0,-5.442909896373749e-11,-2.220446049250313e-16
closure_hypothesis,once_through,499.3148501698615,6.934951845682469,19779.00040482168,89019.31434294503,492.37989832417895,979999.999999998,4410980.685657053,0.0,5266.929557167368,979999.999999998,4410000.0,0.0,147.0,0.1413361988962289,0.03674741171301951,0.12623885859092335,0.31325258828698044,1.0,0.5681642124688765,0.8919193773146484,0.6422624356600176,1.0065588201604203,0.013980030726674374,0.013980030726674374,0.0,0.9925787894337458,0.0,0.0,0.9925787894337458,0.0,0.013980030726674374,0.0,4.500698342735465,220.99959517831144,508.21769257679216,7.784979663121316,219.99303635815102,0.0,0.0,0.0,35829.105863157834,-42003.75403554988,1.1458951121312565e-16,0.0,-1.0885819792747498e-10,2.220446049250313e-16
closure_hypothesis,once_through,501.62017128719083,6.907384829828586,19777.980056571447,89014.6678698873,494.71278645736226,986666.6666666646,4440985.332130111,0.0,5303.1388550955635,986666.6666666646,4440000.0,0.0,148.0,0.14198874372610468,0.03691707336878722,0.12919870925922633,0.31308292663121273,1.0,0.5666831357701788,0.8914203724447434,0.6409027173590898,1.0112060708944222,0.013924458930754849,0.013924458930754849,0.0,0.9972816119636674,0.0,0.0,0.9972816119636674,0.0,0.013924458930754849,0.0,4.500695602648826,222.0199434285437,507.8314706034005,7.80149602205316,221.0087373576493,0.0,0.0,0.0,36072.84127719293,-42283.69874751316,0.0,0.0,-1.0885819792747498e-10,0.0
closure_hypothesis,once_through,503.916565100604,6.8800273929791125,19776.96365959675,89010.03959499336,497.0365377076248,993333.3333333313,4470989.960405005,0.0,5339.352866266505,993333.3333333313,4470000.0,0.0,149.0,0.1426387615908772,0.03708607801362808,0.13213712965202232,0.3129139219863719,1.0,0.5652116329577395,0.8909232999599175,0.6395506438822179,1.0158353252550054,0.013869309620958732,0.013869309620958732,0.0,1.0019660156340466,0.0,0.0,1.0019660156340466,0.0,0.013869309620958732,0.0,4.500692883247593,223.0363404032414,507.4467442658703,7.817989158214059,222.0205050779864,0.0,0.0,0.0,36316.576691228016,-42563.64817271919,1.1458951121312565e-16,0.0,-1.0885819792747498e-10,0.0
closure_hypothesis,once_through,506.20409811199266,6.852877186305053,19775.95118446347,89005.42938113144,499.3512209256876,999999.9999999979,4500994.570618867,0.0,5375.571584066649,999999.9999999979,4500000.0,0.0,150.0,0.14328627131459026,0.03725443054179347,0.1350543538417715,0.31274556945820653,1.0,0.563749607013895,0.8904281454653133,0.6382061448863281,1.0204467173020038,0.013814578062328628,0.013814578062328628,0.0,1.006632139239675,0.0,0.0,1.006632139239675,0.0,0.013814578062328628,0.0,4.50069018430105,224.04881553652044,507.0635024228073,7.834459194827335,223.02836881921843,0.0,0.0,0.0,36560.3121052631,-42843.60230455443,0.0,0.0,-1.0885819792747498e-10,0.0
closure_hypothesis,once_through,508.48283609141754,6.825931895686931,19774.94260206141,89000.83709269657,501.6569041957306,1006666.6666666645,4530999.162907302,0.0,5411.795001917481,1006666.6666666645,4530000.0,0.0,151.0,0.14393129151413536,0.0374221357936752,0.13795061249770987,0.3125778642063248,1.0,0.5622969622541149,0.8899348947244847,0.6368691509260874,1.0250403796199667,0.013760259589877368,0.013760259589877368,0.0,1.0112801200300894,0.0,0.0,1.0112801200300894,0.0,0.013760259589877368,0.0,4.500687505581878,225.05739793858402,506.68173405542433,7.850906254023098,224.03235755896404,0.0,0.0,0.0,36804.04751929818,-43123.56113644034,0.0,0.0,-5.442909896373749e-11,0.0
closure_hypothesis,once_through,510.752844087738,6.79918924107914,19773.937883599567,88996.262595588,503.9536548466588,1013333.3333333312,4561003.737404411,0.0,5448.023113275204,1013333.3333333312,4560000.0,0.0,152.0,0.14457384060226047,0.037589198556587725,0.14082613294747323,0.31241080144341227,1.0,0.5608536043039342,0.8894435336570949,0.6355395934392775,1.0296164433395893,0.013706349607306616,0.013706349607306616,0.0,1.0159100937322825,0.0,0.0,1.0159100937322825,0.0,0.013706349607306616,0.0,4.500684846866096,226.06211640042767,506.3014282657607,7.86733045685174,225.03249995708808,0.0,0.0,0.0,37047.78293333327,-43403.524661833144,1.1458951121312565e-16,0.0,-5.442909896373749e-11,2.220446049250313e-16
closure_hypothesis,once_through,513.0141864390507,6.7726469758881995,19772.937000601534,88991.70575718734,506.24153946316255,1019999.9999999978,4591008.294242811,0.0,5484.255911630427,1019999.9999999978,4590000.0,0.0,153.0,0.145213936790525,0.0377556235655365,0.1436811392373917,0.31224437643446346,1.0,0.5594194400763678,0.8889540483366573,0.6342174047324545,1.0341750381587536,0.013652843585753503,0.013652843585753503,0.0,1.020522194573,0.0,0.0,1.020522194573,0.0,0.013652843585753503,0.0,4.5006822079329964,227.0629993984592,505.9225742749336,7.883731923297276,226.02882436030043,0.0,0.0,0.0,37291.51834736836,-43683.492874223455,-1.1458951121312565e-16,0.0,-5.442909896373749e-11,0.0
closure_hypothesis,once_through,515.2669267829411,6.746302886364477,19771.93992490096,88987.16644633675,508.5206238965767,1026666.6666666644,4621012.8335536625,0.0,5520.493390507869,1026666.6666666644,4620000.0,0.0,154.0,0.14585159809220136,0.03792141550397236,0.14651585219148144,0.3120785844960276,1.0,0.5579943777497919,0.8884664249883165,0.6329025179668962,1.0387162923631954,0.013599737062564421,0.013599737062564421,0.0,1.025116555300631,0.0,0.0,1.025116555300631,0.0,0.013599737062564421,0.0,4.500679588565081,228.06007509903625,505.54516142141995,7.900110772290407,227.02135880667305,0.0,0.0,0.0,37535.253761403445,-43963.46576713599,-1.1458951121312565e-16,0.0,-5.442909896373749e-11,0.0
closure_hypothesis,once_through,517.5111280665511,6.720154791007123,19770.94662863707,88982.6445333179,510.79097327554405,1033333.333333331,4651017.355466681,0.0,5556.735543466058,1033333.333333331,4650000.0,0.0,155.0,0.14648684232512488,0.03808657900453247,0.14933048946917038,0.3119134209954675,1.0,0.5565783267462835,0.8879806499866691,0.6315948671448225,1.043240332846799,0.013547025640095437,0.013547025640095437,0.0,1.0296933072067036,0.0,0.0,1.0296933072067036,0.0,0.013547025640095437,0.0,4.500676988548019,229.0533713629221,505.16917915937034,7.916467121721427,228.01013103007529,0.0,0.0,0.0,37778.98917543853,-44243.44333412926,-1.1458951121312565e-16,-1.1641532182693481e-10,-1.0885819792747498e-10,0.0
closure_hypothesis,once_through,519.7468525564676,6.694200539981826,19769.95708425033,88978.1398898309,513.0526520164859,1039999.9999999977,4681021.860110168,0.0,5592.982364097034,1039999.9999999977,4680000.0,0.0,156.0,0.14711968711449278,0.03825111864976812,0.15212526562178819,0.3117488813502319,1.0,0.555171197710407,0.8874967098536232,0.6302943870958857,1.047747285131532,0.013494704984538562,0.013494704984538562,0.0,1.0342525801469935,0.0,0.0,1.0342525801469935,0.0,0.013494704984538562,0.0,4.500674407670568,230.04291574966265,504.79461705695206,7.932801088452907,228.99516846453113,0.0,0.0,0.0,38022.72458947362,-44523.42556879533,-2.291790224262513e-16,0.0,-5.442909896373749e-11,-2.220446049250313e-16
closure_hypothesis,once_through,521.9741618484354,6.668438014551104,19768.97126447811,88973.65238897403,515.3057238338845,1046666.6666666643,4711026.347611025,0.0,5629.233846026061,1046666.6666666643,4710000.0,0.0,157.0,0.14775014989561353,0.03841503897285952,0.15490039214785062,0.31158496102714045,1.0,0.5537729024884347,0.8870145912562954,0.6290010134639259,1.052237273387024,0.013442770824773279,0.013442770824773279,0.0,1.038794502562251,0.0,0.0,1.038794502562251,0.0,0.013442770824773279,0.0,4.500671845724537,231.02873552188518,504.4214647947223,7.9491127883321875,229.97649824849816,0.0,0.0,0.0,38266.4600035087,-44803.41246475943,-4.583580448525026e-16,-1.1641532182693481e-10,-5.442909896373749e-11,-2.220446049250313e-16
closure_hypothesis,once_through,524.1931168768982,6.642865126516798,19767.98914235047,88969.18190522346,517.5502517503817,1053333.333333331,4741030.818094776,0.0,5665.489982911334,1053333.333333331,4740000.0,0.0,158.0,0.14837824791660753,0.03857834445831796,0.1576560775471694,0.311421655541682,1.0,0.5523833541079936,0.8865342810049471,0.6277146826939846,1.0567104204498015,0.013391218951242682,0.013391218951242682,0.0,1.0433192014985593,0.0,0.0,1.0433192014985593,0.0,0.013391218951242682,0.0,4.500669302504725,232.01085764952134,504.0497121640288,7.965402336203654,230.95414722907154,0.0,0.0,0.0,38510.195417543786,-45083.40401567979,-4.583580448525026e-16,0.0,-5.442909896373749e-11,-4.440892098500626e-16
closure_hypothesis,once_through,526.4037779243711,6.617479817674496,19767.01069118604,88964.72831441356,519.7862981066968,1059999.9999999977,4771035.271685585,0.0,5701.750768443698,1059999.9999999977,4770000.0,0.0,159.0,0.1490039982410601,0.038741039542675625,0.16039252737381587,0.3112589604573244,1.0,0.5510024667581269,0.886055766050954,0.6264353320195667,1.061166847842181,0.013340045214853661,0.013340045214853661,0.0,1.0478268026273279,0.0,0.0,1.0478268026273279,0.0,0.013340045214853661,0.0,4.50066677780886,232.9893088139555,503.6793490654404,7.981669845920864,231.92814196611332,0.0,0.0,0.0,38753.93083157888,-45363.40021524725,-4.583580448525026e-16,0.0,-5.442909896373749e-11,-6.661338147750939e-16
closure_hypothesis,once_through,528.6062046306482,6.592280059279536,19766.035884587895,88960.29149371757,522.013924571369,1066666.6666666644,4801039.7085062815,0.0,5738.016196346368,1066666.6666666644,4800000.0,0.0,160.0,0.14962741775062777,0.03890312861516322,0.16310994428796605,0.31109687138483677,1.0,0.5496301557697607,0.885579033484814,0.6251628994501507,1.0656066757908311,0.013289245525900429,0.013289245525900429,0.0,1.0523174302649312,0.0,0.0,1.0523174302649312,0.0,0.013289245525900429,0.0,4.500664271437566,233.96411541210006,503.31036550720427,7.997915430358469,232.89850873630922,0.0,0.0,0.0,38997.66624561397,-45643.40105718501,-6.87537067278754e-16,0.0,-5.442909896373749e-11,-4.440892098500626e-16
closure_hypothesis,once_through,530.8004560018503,6.567263851524364,19765.064696439593,88955.8713216284,524.2331921503262,1073333.3333333312,4831044.12867837,0.0,5774.286260374645,1073333.3333333312,4830000.0,0.0,161.0,0.15024852314759932,0.039064616018375825,0.1658085281066566,0.3109353839816241,1.0,0.5482663375965657,0.8851040705341886,0.623897323758941,1.07003002324501,0.013238815853010935,0.013238815853010935,0.0,1.0567912073919996,0.0,0.0,1.0567912073919996,0.0,0.013238815853010935,0.0,4.500661783194293,234.93530356039997,502.94275160372996,8.01413920142392,233.86527353715496,0.0,0.0,0.0,39241.401659649055,-45923.406535248374,-4.583580448525026e-16,0.0,-5.442909896373749e-11,-6.661338147750939e-16
closure_hypothesis,once_through,532.9865904193122,6.542429223026921,19764.097100901225,88951.46767793993,526.4441611962856,1079999.999999998,4861048.532322058,0.0,5810.560954315651,1079999.999999998,4860000.0,0.0,162.0,0.15086733095741142,0.039225506048926974,0.16848847585347496,0.310774493951073,1.0,0.5469109297962056,0.8846308645619794,0.6226385444708523,1.074437007894483,0.013188752222115508,0.013188752222115508,0.0,1.0612482556723681,0.0,0.0,1.0612482556723681,0.0,0.013188752222115508,0.0,4.500659312885274,235.90289909876637,502.5764975741005,8.030341270069036,234.82846209087188,0.0,0.0,0.0,39485.13707368415,-46203.416643224475,-6.87537067278754e-16,0.0,-1.0885819792747498e-10,-6.661338147750939e-16
closure_hypothesis,once_through,535.1646656483177,6.517774230329824,19763.133072405548,88947.08044372883,528.6468914179882,1086666.6666666646,4891052.91955627,0.0,5846.840271988047,1086666.6666666646,4890000.0,0.0,163.0,0.15148385753112129,0.039385802958091534,0.17114998180721364,0.31061419704190846,1.0,0.5455638510119619,0.8841594030644367,0.6213865018507229,1.0788277461871307,0.013139050715437283,0.013139050715437283,0.0,1.065688695471694,0.0,0.0,1.065688695471694,0.0,0.013139050715437283,0.0,4.50065686031948,236.86692759444276,502.2115937406091,8.046521746301405,235.78809984825563,0.0,0.0,0.0,39728.87248771924,-46483.43137493196,-4.583580448525026e-16,0.0,-5.442909896373749e-11,-4.440892098500626e-16
closure_hypothesis,once_through,537.3347388466818,6.493296957410049,19762.17258565419,88942.7095013362,530.8414418892722,1093333.3333333314,4921057.290498663,0.0,5883.124207241775,1093333.3333333314,4920000.0,0.0,164.0,0.15209811904783568,0.03954551095243728,0.17379323754950995,0.3104544890475627,1.0,0.5442250209547279,0.8836896736693021,0.6201411368917551,1.083202353346249,0.013089707470503769,0.013089707470503769,0.0,1.070112645875746,0.0,0.0,1.070112645875746,0.0,0.013089707470503769,0.0,4.500654425308569,237.8274143458034,501.84803052732116,8.062680739195574,236.74421199245714,0.0,0.0,0.0,39972.60790175433,-46763.45072422078,-9.167160897050052e-16,0.0,-5.442909896373749e-11,-8.881784197001252e-16
closure_hypothesis,once_through,539.4968665731853,6.468995515198889,19761.215615613906,88938.35473434991,533.0278710579869,1099999.9999999981,4951061.645265648,0.0,5919.412753957786,1099999.9999999981,4950000.0,0.0,165.0,0.15271013151709872,0.03970463419444567,0.17641843201149876,0.3102953658055543,1.0,0.5428943603853609,0.8832216641339832,0.6189023913041769,1.0875609433875528,0.013040718679179136,0.013040718679179136,0.0,1.0745202247083745,0.0,0.0,1.0745202247083745,0.0,0.013040718679179136,0.0,4.500652007666834,238.78438438608666,501.4857984586613,8.078818356904053,237.6968234426991,0.0,0.0,0.0,40216.34331578942,-47043.47468497188,-9.167160897050052e-16,0.0,-1.0885819792747498e-10,-8.881784197001252e-16
closure_hypothesis,once_through,541.6511047958636,6.4448680411118815,19760.262137512927,88934.0160275873,535.2062367547521,1106666.6666666649,4981065.983972411,0.0,5955.705906047781,1106666.6666666649,4980000.0,0.0,166.0,0.15331991078123783,0.03986317680312184,0.17902575151949962,0.31013682319687813,1.0,0.5415717910973868,0.8827553623437593,0.6176702075041122,1.0919036291358855,0.01299208058671662,0.01299208058671662,0.0,1.0789115485491696,0.0,0.0,1.0789115485491696,0.0,0.01299208058671662,0.0,4.5006496072111695,239.73786248706358,501.12488815802504,8.094934706668221,238.6459588579277,0.0,0.0,0.0,40460.07872982451,-47323.50325109697,-9.167160897050052e-16,0.0,-1.0885819792747498e-10,-6.661338147750939e-16
closure_hypothesis,once_through,543.7975089001533,6.420912698588542,19759.31212683735,88929.69326707785,537.3765962015651,1113333.3333333316,5011070.306732921,0.0,5992.003657453954,1113333.3333333316,5010000.0,0.0,167.0,0.15392747251767,0.040021142854594204,0.18161537983976364,0.3099788571454058,1.0,0.5402572359000474,0.8822907563100171,0.6164445286026645,1.0962305222416409,0.012943789490830668,0.012943789490830668,0.0,1.083286732750811,0.0,0.0,1.083286732750811,0.0,0.012943789490830668,0.0,4.500647223761013,240.68787316264377,500.76529034641277,8.111029894829029,239.5916426404021,0.0,0.0,0.0,40703.8141438596,-47603.53641653823,-6.87537067278754e-16,0.0,-5.442909896373749e-11,-8.881784197001252e-16
closure_hypothesis,once_through,545.9361336969001,6.397127676641628,19758.365559327573,88925.38634004635,539.539006020259,1119999.9999999984,5041074.613659953,0.0,6028.306002148732,1119999.9999999984,5040000.0,0.0,168.0,0.1545328322411683,0.04017853638270376,0.18418749822230107,0.30982146361729623,1.0,0.538950618601682,0.8818278341685184,0.615225298395206,1.100541733196907,0.012895841740788325,0.012895841740788325,0.0,1.0876458914561196,0.0,0.0,1.0876458914561196,0.0,0.012895841740788325,0.0,4.50064485713831,241.63444067241954,500.4069958410898,8.12710402683753,240.53389893922264,0.0,0.0,0.0,40947.54955789469,-47883.57417526809,-9.167160897050052e-16,0.0,-5.442909896373749e-11,-8.881784197001252e-16
closure_hypothesis,once_through,548.0670334302297,6.37351118941569,19757.422410974843,88921.09513489647,541.6935222408143,1126666.666666665,5071078.904865102,0.0,6064.612934134529,1126666.666666665,5070000.0,0.0,169.0,0.1551360053060898,0.04033536137958335,0.18674228544381208,0.3096646386204166,1.0,0.5376518639934372,0.881366584177696,0.6140124613508671,1.1048373713513313,0.0128482337365193,0.0128482337365193,0.0,1.0919891376148128,0.0,0.0,1.0919891376148128,0.0,0.0128482337365193,0.0,4.5006425071674645,242.57758902514968,500.0499955542664,8.143157207265268,241.47275165379835,0.0,0.0,0.0,41191.284971929774,-48163.616521288975,-6.87537067278754e-16,0.0,-1.0885819792747498e-10,-6.661338147750939e-16
closure_hypothesis,once_through,550.1902617852843,6.350061475754697,19756.48265801781,88916.81954119439,543.84020030953,1133333.3333333319,5101083.180458805,0.0,6100.924447443489,1133333.3333333319,5100000.0,0.0,170.0,0.15573700690856573,0.04049162179622709,0.1892799178497418,0.30950837820377286,1.0,0.5363608978332965,0.8809069947169791,0.6128059626022228,1.1091175449277189,0.012800961927744377,0.012800961927744377,0.0,1.0963165829999753,0.0,0.0,1.0963165829999753,0.0,0.012800961927744377,0.0,4.500640173675303,243.5173419821838,499.6942804918023,8.15918953981448,242.40822443725608,0.0,0.0,0.0,41435.02038596487,-48443.66344863303,-9.167160897050052e-16,0.0,-5.442909896373749e-11,-6.661338147750939e-16
closure_hypothesis,once_through,552.3058718958296,6.326776798778557,19755.546276939163,88912.55944965284,545.9790950970514,1139999.9999999986,5131087.440550346,0.0,6137.240536137245,1139999.9999999986,5130000.0,0.0,171.0,0.1563358520886544,0.04064732154305014,0.19180056939548124,0.30935267845694986,1.0,0.535077646830422,0.8804490542851467,0.6116057479351654,1.1133823610373648,0.012754022813121716,0.012754022813121716,0.0,1.1006283382242439,0.0,0.0,1.1006283382242439,0.0,0.012754022813121716,0.0,4.50063785649103,244.45372306082908,499.3398417519321,8.175201127328247,243.3403406997917,0.0,0.0,0.0,41678.755799999955,-48723.71495136187,-9.167160897050052e-16,0.0,-5.442909896373749e-11,-8.881784197001252e-16
closure_hypothesis,once_through,554.4139163517319,6.303655445468261,19754.613244462333,88908.3147521154,548.1102609062641,1146666.6666666653,5161091.685247882,0.0,6173.561194306672,1146666.6666666653,5160000.0,0.0,172.0,0.1569325557324578,0.040802464490439026,0.1943044116867325,0.309197535509561,1.0,0.5338020386298016,0.8799927514987088,0.6104117637789743,1.1176319256951293,0.012707412939410558,0.012707412939410558,0.0,1.1049245127557197,0.0,0.0,1.1049245127557197,0.0,0.012707412939410558,0.0,4.50063555544619,245.3867555376597,498.9866705240125,8.191192071800346,244.26912361196457,0.0,0.0,0.0,41922.49121403504,-49003.77102356638,-9.167160897050052e-16,0.0,-1.0885819792747498e-10,-8.881784197001252e-16
closure_hypothesis,once_through,556.5144472063107,6.280695726259487,19753.68353754822,88904.08534154095,550.2337514800516,1153333.333333332,5191095.914658457,0.0,6209.886416071649,1153333.333333332,5190000.0,0.0,173.0,0.15752713257420287,0.04095705446929274,0.19679161401906034,0.3090429455307072,1.0,0.532534001797194,0.8795380750903153,0.6092239571965608,1.1218663438342575,0.012661128900651974,0.012661128900651974,0.0,1.1092052149336065,0.0,0.0,1.1092052149336065,0.0,0.012661128900651974,0.0,4.500633270374621,246.3164624517712,498.63475808729066,8.207162474385088,245.19459610793695,0.0,0.0,0.0,42166.22662807014,-49283.83165936646,-9.167160897050052e-16,0.0,-1.0885819792747498e-10,-8.881784197001252e-16
closure_hypothesis,once_through,558.6075159835665,6.257895974644445,19752.75713339201,88899.87111198863,552.3496200089226,1159999.9999999988,5221100.128888009,0.0,6246.216195580816,1159999.9999999988,5220000.0,0.0,174.0,0.1581195971982874,0.04111109527155472,0.1992623434166469,0.30888890472844527,1.0,0.5312734658043672,0.8790850139071921,0.6080422758749006,1.126085719320952,0.012615167337366243,0.012615167337366243,0.0,1.1134705519835868,0.0,0.0,1.1134705519835868,0.0,0.012615167337366243,0.0,4.500631001112422,247.2428666079795,498.28409580969316,8.223112435406888,246.11678088865855,0.0,0.0,0.0,42409.96204210524,-49563.89685291073,-1.1458951121312565e-15,0.0,-1.0885819792747498e-10,-1.1102230246251565e-15
closure_hypothesis,once_through,560.6931736852896,6.2352545467818095,19751.83400942002,88895.67195860279,554.4579191385083,1166666.6666666656,5251104.328041395,0.0,6282.55052701134,1166666.6666666656,5250000.0,0.0,175.0,0.15870996404129217,0.04126459065073597,0.20171676467026967,0.308735409349264,1.0,0.530020361014619,0.8786335569096001,0.6068666681156311,1.1302901549687014,0.012569524935766513,0.012569524935766513,0.0,1.1177206300329359,0.0,0.0,1.1177206300329359,0.0,0.012569524935766513,0.0,4.500628747497917,248.16599057996737,497.93467514663496,8.23904205436986,247.03570042499868,0.0,0.0,0.0,42653.69745614032,-49843.96659837633,-9.167160897050052e-16,0.0,-1.0885819792747498e-10,-8.881784197001252e-16
closure_hypothesis,once_through,562.7714707980488,6.2127698211144535,19750.914143286613,88891.48777759833,556.5587009769347,1173333.3333333323,5281108.5122224,0.0,6318.889404568687,1173333.3333333323,5280000.0,0.0,176.0,0.15929824739395926,0.04141754432242941,0.20415504037451984,0.3085824556775706,1.0,0.5287746186685797,0.8781836931693253,0.6056970828258337,1.1344797525523704,0.012524198426988204,0.012524198426988204,0.0,1.121955554125383,0.0,0.0,1.121955554125383,0.0,0.012524198426988204,0.0,4.500626509371607,249.08585671337755,497.5864876398489,8.254951429967072,247.95137696082517,0.0,0.0,0.0,42897.432870175406,-50124.04088996876,-6.87537067278754e-16,0.0,-1.0885819792747498e-10,-6.661338147750939e-16
closure_hypothesis,once_through,564.8424573000651,6.190440197994932,19749.997512871134,88887.31846624627,558.6520171020705,1179999.999999999,5311112.681533752,0.0,6355.232822486384,1179999.999999999,5310000.0,0.0,177.0,0.15988446140313767,0.04156995996481579,0.20657733096427996,0.3084300400351842,1.0,0.5275361708702833,0.8777354118681889,0.6045334695089736,1.1386546128220552,0.012479184586334022,0.012479184586334022,0.0,1.126175428235722,0.0,0.0,1.126175428235722,0.0,0.012479184586334022,0.0,4.500624286576144,250.00248712885522,497.23952491623345,8.27084066008984,248.86383251603317,0.0,0.0,0.0,43141.16828421051,-50404.11972192156,-6.87537067278754e-16,0.0,-1.0885819792747498e-10,-8.881784197001252e-16
closure_hypothesis,once_through,566.9061826679714,6.168264099318426,19749.08409627495,88883.16392285959,560.7379185686534,1186666.6666666658,5341116.836077138,0.0,6391.5807750258,1186666.6666666658,5340000.0,0.0,178.0,0.16046862007369667,0.041721841219161136,0.20898379475047646,0.30827815878083886,1.0,0.5263049505735082,0.877288702296585,0.6033757782560096,1.14281483551671,0.012434480232534028,0.012434480232534028,0.0,1.130380355284177,0.0,0.0,1.130380355284177,0.0,0.012434480232534028,0.0,4.500622078956291,250.91590372503964,496.89377868672136,8.286709841836778,249.77308888952294,0.0,0.0,0.0,43384.90369824559,-50684.20308849606,-9.167160897050052e-16,0.0,-1.6328729689121246e-10,-8.881784197001252e-16
closure_hypothesis,once_through,568.9626958834607,6.146239968163035,19748.173871818482,88879.02404677928,562.8164559152981,1193333.3333333326,5371120.9759532185,0.0,6427.933256475912,1193333.3333333326,5370000.0,0.0,179.0,0.1610507372704078,0.04187319169030603,0.21137458795512543,0.30812680830969397,1.0,0.5250808915683762,0.8768435538520412,0.6022239597366648,1.1469605193775507,0.012390082227020498,0.012390082227020498,0.0,1.134570437150531,0.0,0.0,1.134570437150531,0.0,0.012390082227020498,0.0,4.500619886358889,251.8261281815071,496.5492407451644,8.302559071522754,250.67916766212954,0.0,0.0,0.0,43628.63911228068,-50964.290983981264,-9.167160897050052e-16,0.0,-1.0885819792747498e-10,-6.661338147750939e-16
closure_hypothesis,once_through,571.0120454398244,6.124366268437211,19747.266818038323,88874.89873836048,564.8876791713876,1199999.9999999993,5401125.101261637,0.0,6464.290261153087,1199999.9999999993,5400000.0,0.0,180.0,0.16163082671979548,0.042024014947146825,0.21374986474568572,0.3079759850528532,1.0,0.523863928468207,0.8763999560378035,0.6010779651908518,1.151091762161233,0.012345987473217204,0.012345987473217204,0.0,1.1387457746880167,0.0,0.0,1.1387457746880167,0.0,0.012345987473217204,0.0,4.5006177086328165,252.73318196166437,496.205902967239,8.318388444687738,251.58209019950314,0.0,0.0,0.0,43872.37452631577,-51244.38340269353,-9.167160897050052e-16,0.0,-1.6328729689121246e-10,-8.881784197001252e-16
closure_hypothesis,once_through,573.0542793483845,6.1026414845342005,19746.362913684392,88870.78789895917,566.9516378638507,1206666.666666666,5431129.212101039,0.0,6500.6517834008655,1206666.666666666,5430000.0,0.0,181.0,0.16220890201195767,0.042174314523109,0.2161097772687381,0.307825685476891,1.0,0.5226539966966205,0.8759578984614441,0.5999377464202562,1.1552086606528214,0.012302192915842803,0.012302192915842803,0.0,1.1429064677369793,0.0,0.0,1.1429064677369793,0.0,0.012302192915842803,0.0,4.500615545628961,253.63708631559587,495.86375730936834,8.334198056105476,252.48187765494305,0.0,0.0,0.0,44116.109940350856,-51524.48033897639,-6.87537067278754e-16,0.0,-1.0885819792747498e-10,-8.881784197001252e-16
closure_hypothesis,once_through,575.0894451448198,6.081064120993324,19745.462137717124,88866.69143091876,569.0083810238269,1213333.3333333328,5461133.308569079,0.0,6537.017817589737,1213333.3333333328,5460000.0,0.0,182.0,0.16278497660235675,0.04232409391661276,0.21845447568300322,0.30767590608338724,1.0,0.521451032474884,0.8755173708334919,0.5988032557800689,1.1593113106785393,0.012258695540228022,0.012258695540228022,0.0,1.1470526151383122,0.0,0.0,1.1470526151383122,0.0,0.012258695540228022,0.0,4.500613397200188,254.5378622828637,495.52279580766253,8.349987999792075,253.37855097218517,0.0,0.0,0.0,44359.84535438596,-51804.58178720037,-9.167160897050052e-16,0.0,-1.0885819792747498e-10,-8.881784197001252e-16
closure_hypothesis,once_through,577.1175898953895,6.059632702167902,19744.564469304725,88862.60923755706,571.057957193222,1219999.9999999995,5491137.390762441,0.0,6573.3883581169275,1219999.9999999995,5490000.0,0.0,183.0,0.163359063813581,0.042473356591531064,0.2207841081917153,0.3075266434084689,1.0,0.5202549728094956,0.8750783629660851,0.5976744461708662,1.1633998071183178,0.012215492371646229,0.012215492371646229,0.0,1.1511843147466723,0.0,0.0,1.1511843147466723,0.0,0.012215492371646229,0.0,4.500611263201301,255.43553069526212,495.1830105768759,8.36575836901445,254.2721308881438,0.0,0.0,0.0,44603.580768421045,-52084.687741762646,-6.87537067278754e-16,0.0,-1.0885819792747498e-10,-6.661338147750939e-16
closure_hypothesis,once_through,579.1387602030557,6.038345771899747,19743.66988782046,88858.54122315352,573.1004144311564,1226666.6666666663,5521141.458776845,0.0,6609.76339940619,1226666.6666666663,5520000.0,0.0,184.0,0.16393117683707764,0.04262210597764019,0.22309882107436432,0.30737789402235977,1.0,0.5190657554800023,0.8746408647716464,0.5965512710306359,1.1674742439181358,0.012172580474657262,0.012172580474657262,0.0,1.1553016634434796,0.0,0.0,1.1553016634434796,0.0,0.012172580474657262,0.0,4.500609143489016,256.33011217952736,494.844393809381,8.381509256298651,255.1626379356092,0.0,0.0,0.0,44847.316182456125,-52364.79819708699,-1.1458951121312565e-15,0.0,-1.0885819792747498e-10,-1.1102230246251565e-15
closure_hypothesis,once_through,581.1530022135065,6.017201893199979,19742.778372839985,88854.48729293654,575.1358003203071,1233333.333333333,5551145.512707061,0.0,6646.142935907589,1233333.333333333,5550000.0,0.0,185.0,0.16450132873485793,0.042770345471063065,0.225398758717824,0.3072296545289369,1.0,0.5178833190270433,0.8742048662615792,0.5954336843269443,1.1715347141021635,0.012129956952463973,0.012129956952463973,0.0,1.1594047571497006,0.0,0.0,1.1594047571497006,0.0,0.012129956952463973,0.0,4.500607037921932,257.22162716000383,494.50693777416006,8.397240753438076,256.05009244590167,0.0,0.0,0.0,45091.05159649123,-52644.91314762349,-1.1458951121312565e-15,0.0,-1.0885819792747498e-10,-1.1102230246251565e-15
closure_hypothesis,once_through,583.160361621083,5.99619964793615,19741.88990413872,88850.44735307092,577.1641619731474,1239999.9999999998,5581149.552646928,0.0,6682.526962097298,1239999.9999999998,5580000.0,0.0,186.0,0.16506953244117453,0.04291807843470538,0.22768406364687543,0.30708192156529457,1.0,0.5167076027406188,0.8737703575449841,0.5943216405492411,1.1755813097847088,0.012087618946281525,0.012087618946281525,0.0,1.1634936908384284,0.0,0.0,1.1634936908384284,0.0,0.012087618946281525,0.0,4.500604946360489,258.11009586126687,494.17063481581187,8.412952951501582,256.93451455148215,0.0,0.0,0.0,45334.787010526314,-52925.03258784828,-1.1458951121312565e-15,0.0,-1.0885819792747498e-10,-1.1102230246251565e-15
closure_hypothesis,once_through,585.1608836746092,5.975337636525352,19741.00446168928,88846.4213106459,579.1855460380843,1246666.6666666665,5611153.578689352,0.0,6718.915472477388,1246666.6666666665,5610000.0,0.0,187.0,0.16563580076417211,0.04306530819868475,0.22995487655414373,0.3069346918013152,1.0,0.5155385466485738,0.8733373288273978,0.5932150947013025,1.1796141221819711,0.012045563634718726,0.012045563634718726,0.0,1.1675685585472533,0.0,0.0,1.1675685585472533,0.0,0.012045563634718726,0.0,4.500602868666953,258.9955383107037,493.8354773535743,8.428645940841433,257.8159241885217,0.0,0.0,0.0,45578.52242456139,-53205.15651226346,-9.167160897050052e-16,0.0,-1.6328729689121246e-10,-8.881784197001252e-16
closure_hypothesis,once_through,587.1546131831301,5.9546144776333545,19740.122025658937,88842.40907366287,581.1999987054974,1253333.3333333333,5641157.590926335,0.0,6755.30846157563,1253333.3333333333,5640000.0,0.0,188.0,0.16620014638751124,0.043212038060752925,0.23221133632945778,0.30678796193924707,1.0,0.514376091505298,0.8729057704095502,0.5921140022938057,1.1836332416236082,0.012003788233171525,0.012003788233171525,0.0,1.171629453390438,0.0,0.0,1.171629453390438,0.0,0.012003788233171525,0.0,4.500600804705373,259.8779743410526,493.5014578803643,8.444319811101192,258.694341099429,0.0,0.0,0.0,45822.25783859649,-53485.28491539679,-1.1458951121312565e-15,0.0,-1.0885819792747498e-10,-1.3322676295501878e-15
closure_hypothesis,once_through,589.1415945215573,5.93402880787955,19739.242576407087,88838.41055102374,583.2075657136784,1260000.0,5671161.5894489745,0.0,6791.7059239452865,1260000.0,5670000.0,0.0,189.0,0.1667625818719666,0.04335827128671132,0.23445358008864858,0.30664172871328865,1.0,0.5132201787806311,0.8724756726861431,0.5910183193370324,1.1876387575641167,0.011962289993228225,0.011962289993228225,0.0,1.17567646757089,0.0,0.0,1.17567646757089,0.0,0.011962289993228225,0.0,4.500598754341566,260.7574235929022,493.1685689618309,8.459974651223483,259.5697848353381,0.0,0.0,0.0,46065.993252631575,-53765.417791801534,-1.375074134557508e-15,0.0,-1.0885819792747498e-10,-1.3322676295501878e-15
closure_hypothesis,once_through,591.121871636225,5.91357928154756,19738.366094482837,88834.42565251914,585.2082923546782,1266666.6666666667,5701165.574347478,0.0,6828.10785416492,1266666.6666666667,5700000.0,0.0,190.0,0.16732311965699964,0.04350401111081991,0.23668174320179708,0.30649598888918006,1.0,0.5120707506489749,0.8720470261446472,0.5899280023337048,1.1916307585940331,0.011921066202086094,0.011921066202086094,0.0,1.1797096923919486,0.0,0.0,1.1797096923919486,0.0,0.011921066202086094,0.0,4.500596717443075,261.63390551715014,492.836803235425,8.475610549457606,260.4422747585561,0.0,0.0,0.0,46309.72866666667,-54045.55513605626,-1.375074134557508e-15,0.0,-1.6328729689121246e-10,-1.5543122344752192e-15
closure_hypothesis,once_through,593.0954880503574,5.89326457030142,19737.492560622562,88830.4542888171,587.2022234800567,1273333.3333333335,5731169.54571118,0.0,6864.514246838193,1273333.3333333335,5730000.0,0.0,191.0,0.1678817720623062,0.04364926073619961,0.2388959593209436,0.30635073926380035,1.0,0.510927749978603,0.8716198213641188,0.5888430082719395,1.1956093324509545,0.011880114181979226,0.011880114181979226,0.0,1.1837292182689765,0.0,0.0,1.1837292182689765,0.0,0.011880114181979226,0.0,4.50059469387915,262.50743937742317,492.5061534094833,8.491227593367126,261.3118300449722,0.0,0.0,0.0,46553.46408070176,-54325.696942764625,-1.375074134557508e-15,0.0,-1.6328729689121246e-10,-1.3322676295501878e-15
closure_hypothesis,once_through,595.0624868694496,5.8730833629071855,19736.621955747527,88826.4963714517,589.189403506543,1280000.0000000002,5761173.503628545,0.0,6900.925096593669,1280000.0000000002,5760000.0,0.0,192.0,0.16843855128933957,0.04379402333522829,0.24109636040727186,0.3062059766647717,1.0,0.5097911203211668,0.8711940490140344,0.5877632946183311,1.1995745660303858,0.011839431289617336,0.011839431289617336,0.0,1.1877351347407699,0.0,0.0,1.1877351347407699,0.0,0.011839431289617336,0.0,4.500592683520719,263.37804425245884,492.1766122623268,8.506825869837263,262.17846968642846,0.0,0.0,0.0,46797.19949473684,-54605.843206555175,-1.375074134557508e-15,0.0,-1.6328729689121246e-10,-1.3322676295501878e-15
closure_hypothesis,once_through,597.022910786564,5.853034364959883,19735.754260961534,88822.55181281194,591.1698764216048,1286666.666666667,5791177.448187185,0.0,6937.340398084628,1286666.666666667,5790000.0,0.0,193.0,0.16899346942280977,0.04393830204993054,0.24328307675777838,0.30606169795006943,1.0,0.5086608059013928,0.8707696998531455,0.5866888193111496,1.2035265453964186,0.011799014915635328,0.011799014915635328,0.0,1.1917275304807846,0.0,0.0,1.1917275304807846,0.0,0.011799014915635328,0.0,4.500590686240359,264.24573903844964,491.848172641373,8.52240546508226,263.0422124930532,0.0,0.0,0.0,47040.93490877194,-54885.99392208124,-1.375074134557508e-15,0.0,-1.6328729689121246e-10,-1.3322676295501878e-15
closure_hypothesis,once_through,598.9768020875433,5.833116298615613,19734.889457548634,88818.62052613091,593.1436857889285,1293333.3333333337,5821181.379473866,0.0,6973.76014598887,1293333.3333333337,5820000.0,0.0,194.0,0.16954653843215906,0.04408209999236135,0.24545623703143954,0.30591790000763863,1.0,0.5075367516069664,0.8703467647283489,0.5856195407536591,1.2074653557922368,0.01175886248405324,0.01175886248405324,0.0,1.195706493308185,0.0,0.0,1.195706493308185,0.0,0.01175886248405324,0.0,4.500588701912268,265.1105424513502,491.5208274622634,8.537966464652603,263.903077095558,0.0,0.0,0.0,47284.67032280703,-55166.14908402057,-1.6042531569837592e-15,0.0,-1.6328729689121246e-10,-1.3322676295501878e-15
closure_hypothesis,once_through,600.9242026561408,5.813327902328791,19734.027526970836,88814.70242547498,595.1108747538127,1300000.0000000005,5851185.297574522,0.0,7010.18433500853,1300000.0000000005,5850000.0,0.0,195.0,0.1700977701730141,0.044225420244983674,0.24761596827488472,0.3057745797550163,1.0,0.5064189029785997,0.8699252345735775,0.5845554178075507,1.211391081650461,0.011718971451746564,0.011718971451746564,0.0,1.1996721101987158,0.0,0.0,1.1996721101987158,0.0,0.011718971451746564,0.0,4.500586730412248,265.97247302914826,491.1945697080034,8.553508953442147,264.7610819474978,0.0,0.0,0.0,47528.405736842105,-55446.30868707531,-1.375074134557508e-15,0.0,-1.6328729689121246e-10,-1.3322676295501878e-15
closure_hypothesis,once_through,602.865153979072,5.793667930594317,19733.168450865887,88810.79742573336,597.0714860484784,1306666.6666666672,5881189.202574263,0.0,7046.612959869886,1306666.6666666672,5880000.0,0.0,196.0,0.17064717638861612,0.044368265861040194,0.24976239594759062,0.3056317341389598,1.0,0.505307206200277,0.8695051004087053,0.583496409786487,1.2153038066033317,0.011679339307926471,0.011679339307926471,0.0,1.2036244672954066,0.0,0.0,1.2036244672954066,0.0,0.011679339307926471,0.0,4.500584771617675,266.83154913410027,490.86939242811604,8.569033015695162,265.6162453274969,0.0,0.0,0.0,47772.141150877214,-55726.47272597178,-1.375074134557508e-15,0.0,-2.1771639585494996e-10,-1.3322676295501878e-15
closure_hypothesis,once_through,604.7996971509863,5.77413515369462,19732.312211045057,88806.9054426075,599.0255619972924,1313333.333333334,5911193.094557389,0.0,7083.046015323183,1313333.333333334,5910000.0,0.0,197.0,0.1711947687112278,0.04451063986491923,0.25189564394660313,0.30548936013508077,1.0,0.504201608089678,0.869086353338473,0.5824424764497589,1.2192036134927302,0.011639963573629909,0.011639963573629909,0.0,1.2075636499191016,0.0,0.0,1.2075636499191016,0.0,0.011639963573629909,0.0,4.500582825407471,267.68778895493193,490.5452887378095,8.584538735013254,266.4685853414392,0.0,0.0,0.0,48015.8765649123,-56006.64119546016,-1.375074134557508e-15,0.0,-2.1771639585494996e-10,-1.3322676295501878e-15
closure_hypothesis,once_through,606.7278728793616,5.75472835745145,19731.458789490982,88803.02639260095,600.9731445219109,1320000.0000000007,5941196.973607396,0.0,7119.483496142445,1320000.0000000007,5940000.0,0.0,198.0,0.1717405586635191,0.04465254525251496,0.2540158346307989,0.30534745474748504,1.0,0.5031020560887708,0.8686689845514266,0.5813935779960484,1.2230905843800473,0.011600841801219227,0.011600841801219227,0.0,1.2114897425788296,0.0,0.0,1.2114897425788296,0.0,0.011600841801219227,0.0,4.500580891662082,268.5412105090047,490.2222518171561,8.600026194362236,267.3181199246247,0.0,0.0,0.0,48259.611978947396,-56286.81409031451,-1.375074134557508e-15,0.0,-2.1771639585494996e-10,-1.5543122344752192e-15
closure_hypothesis,once_through,608.6497214893237,5.735446342982348,19730.60816835554,88799.16019300926,602.9142751463421,1326666.6666666674,5971200.839806987,0.0,7155.925397125293,1326666.6666666674,5970000.0,0.0,199.0,0.17228455765993114,0.044793984991582096,0.25612308884469676,0.3052060150084179,1.0,0.5020084982545748,0.8682529853188762,0.5803496750573004,1.2269648005558977,0.011561971573891255,0.011561971573891255,0.0,1.215402828982008,0.0,0.0,1.215402828982008,0.0,0.011561971573891255,0.0,4.5005789702634535,269.3918316444489,489.9002749102861,8.615495476078847,268.16486684389304,0.0,0.0,0.0,48503.34739298248,-56566.99140533245,-1.375074134557508e-15,0.0,-2.1771639585494996e-10,-1.5543122344752192e-15
closure_hypothesis,once_through,610.5652829283906,5.716287926461656,19729.760329957724,88795.30676191013,604.8489950019298,1333333.3333333342,6001204.693238086,0.0,7192.37171309277,1333333.3333333342,6000000.0,0.0,200.0,0.17282677700801943,0.04493496202208505,0.25821752594182806,0.30506503797791495,1.0,0.5009208832500864,0.8678383469938675,0.5793107286926955,1.230826342549684,0.011523350505195522,0.011523350505195522,0.0,1.2193029920444902,0.0,0.0,1.2193029920444902,0.0,0.011523350505195522,0.0,4.500577061095014,270.23967004226336,489.5793513245921,8.630946661877427,269.0088436997137,0.0,0.0,0.0,48747.08280701757,-56847.17313533501,-1.6042531569837592e-15,0.0,-2.1771639585494996e-10,-1.7763568394002505e-15
closure_hypothesis,once_through,612.474596771144,5.697251938885939,19728.915256781605,88791.46601815346,606.7773448322588,1340000.000000001,6031208.533981843,0.0,7228.822438889163,1340000.000000001,6030000.0,0.0,201.0,0.17336722790977593,0.04507547925654175,0.2602992638076756,0.3049245207434582,1.0,0.4998391603353676,0.8674250610101712,0.578276700382726,1.2346752901390137,0.011484976238561387,0.011484976238561387,0.0,1.2231903139004539,0.0,0.0,1.2231903139004539,0.0,0.011484976238561387,0.0,4.5005751640416385,271.08474321838315,489.2594744299464,8.646379832856494,269.85006792824413,0.0,0.0,0.0,48990.818221052665,-57127.3592751665,-1.6042531569837592e-15,0.0,-2.1771639585494996e-10,-1.5543122344752192e-15
closure_hypothesis,once_through,614.3777022238286,5.678337225843837,19728.07293147427,88787.63788135194,608.6993649979855,1346666.6666666677,6061212.362118645,0.0,7265.277569381828,1346666.6666666677,6060000.0,0.0,202.0,0.17390592146293107,0.045215539580362084,0.2623684188821896,0.3047844604196379,1.0,0.49876327935879206,0.8670131188812881,0.5772475520233752,1.2385117223589714,0.011446846446834073,0.011446846446834073,0.0,1.227064875912139,0.0,0.0,1.227064875912139,0.0,0.011446846446834073,0.0,4.500573278989641,271.9270685257155,488.94063765793084,8.66179506950517,270.68855680335656,0.0,0.0,0.0,49234.55363508775,-57407.54981969425,-1.6042531569837592e-15,0.0,-2.1771639585494996e-10,-1.5543122344752192e-15
closure_hypothesis,once_through,616.2746381288822,5.659542647290106,19727.23333684384,88783.82227187144,610.6150954815928,1353333.3333333344,6091216.177728126,0.0,7301.737099461018,1353333.3333333344,6090000.0,0.0,203.0,0.174442868662236,0.04535514585218136,0.2644251061818929,0.3046448541478186,1.0,0.4976931907484449,0.8666025121994666,0.576223245920384,1.242335717511251,0.011408958831819178,0.011408958831819178,0.0,1.2309267586794332,0.0,0.0,1.2309267586794332,0.0,0.011408958831819178,0.0,4.500571405826741,272.7666631561445,488.62283450107776,8.677192451709669,271.52432743863324,0.0,0.0,0.0,49478.28904912283,-57687.74476380852,-1.375074134557508e-15,0.0,-1.6328729689121246e-10,-1.3322676295501878e-15
closure_hypothesis,once_through,618.1654429693955,5.640867077323878,19726.39645585748,88780.01911082168,612.5245758920723,1360000.0000000012,6121219.980889175,0.0,7338.201024039709,1360000.0000000012,6120000.0,0.0,204.0,0.17497808040072488,0.04549430090418847,0.26646943932157935,0.3045056990958115,1.0,0.4966288455036755,0.8661932326347397,0.5752037447836286,1.2461473531731448,0.011371311123835659,0.011371311123835659,0.0,1.2347760420493106,0.0,0.0,1.2347760420493106,0.0,0.011371311123835659,0.0,4.500569544442046,273.60354414250503,488.30605851212226,8.692572058759499,272.35739678933186,0.0,0.0,0.0,49722.02446315793,-57967.94410242231,-1.375074134557508e-15,0.0,-1.6328729689121246e-10,-1.3322676295501878e-15
closure_hypothesis,once_through,620.0501548735041,5.622309403970994,19725.562271639457,88776.22832004717,614.4278454695338,1366666.666666668,6151223.77167995,0.0,7374.6693380534325,1366666.666666668,6150000.0,0.0,205.0,0.17551156747095836,0.04563300754244918,0.268501530535618,0.3043669924575508,1.0,0.495570195186797,0.8657852719339729,0.5741890117215791,1.2499467062063994,0.011333901081277046,0.011333901081277046,0.0,1.2386128051251237,0.0,0.0,1.2386128051251237,0.0,0.011333901081277046,0.0,4.500567694726032,274.43772836052705,487.9903033032674,8.707933969353755,273.18778165432064,0.0,0.0,0.0,49965.75987719302,-58248.14783047113,-1.6042531569837592e-15,0.0,-1.6328729689121246e-10,-1.3322676295501878e-15
closure_hypothesis,once_through,621.9288116187148,5.6038685289703105,19724.730767469235,88772.44982211801,616.3249430897454,1373333.3333333347,6181227.55017788,0.0,7411.14203646011,1373333.3333333347,6180000.0,0.0,206.0,0.17604334056624787,0.04577126854722445,0.27052149069886905,0.3042287314527755,1.0,0.49451719191493265,0.865378621919928,0.573179010235857,1.2537338527659347,0.011296726490180669,0.011296726490180669,0.0,1.2424371262757559,0.0,0.0,1.2424371262757559,0.0,0.011296726490180669,0.0,4.5005658565705176,275.2692325307502,487.6755625454585,8.72327826160723,274.0154986779842,0.0,0.0,0.0,50209.4952912281,-58528.35594291288,-1.8334321794100104e-15,0.0,-1.6328729689121246e-10,-1.7763568394002505e-15
closure_hypothesis,once_through,623.8014506361653,5.5855433675639246,19723.901926779577,88768.68354032114,618.2159072686023,1380000.0000000014,6211231.316459676,0.0,7447.619114239881,1380000.0000000014,6210000.0,0.0,207.0,0.17657341028186155,0.04590908667328401,0.2725294293472217,0.30409091332671595,1.0,0.49346978835200317,0.8649732744903411,0.5721737042158825,1.2575088683084328,0.011259785163804763,0.011259785163804763,0.0,1.24624908314463,0.0,0.0,1.24624908314463,0.0,0.011259785163804763,0.0,4.500564029868651,276.098073220409,487.36182996767,8.738605013056468,274.84056435210056,0.0,0.0,0.0,50453.230705263195,-58808.56843472775,-1.8334321794100104e-15,0.0,-1.6328729689121246e-10,-1.9984014443252818e-15
closure_hypothesis,once_through,625.6681090148209,5.567332848291253,19723.075733154696,88764.92939865145,620.1007761665305,1386666.6666666681,6241235.070601346,0.0,7484.1005663949445,1386666.6666666681,6240000.0,0.0,208.0,0.17710178711621208,0.04604646465021514,0.27452545469776046,0.30395353534978486,1.0,0.49242793770085413,0.8645692216170143,0.5711730579336083,1.261271827600797,0.01122307494221337,0.01122307494221337,0.0,1.2500487526585855,0.0,0.0,1.2500487526585855,0.0,0.01122307494221337,0.0,4.500562214514884,276.9242668452907,487.04909935620196,8.753914300665748,275.66299501768987,0.0,0.0,0.0,50696.96611929829,-59088.78530091791,-1.8334321794100104e-15,0.0,-1.6328729689121246e-10,-1.7763568394002505e-15
closure_hypothesis,once_through,627.5288235056063,5.549235912786816,19722.252170328422,88761.18732180321,621.9795875928204,1393333.333333335,6271238.812678195,0.0,7520.5863879493945,1393333.333333335,6270000.0,0.0,209.0,0.17762848147202642,0.04618340518272687,0.2765096736685676,0.3038165948172731,1.0,0.49139159369552005,0.8641664553449209,0.5701770360383404,1.2650228047284815,0.011186593691868685,0.011186593691868685,0.0,1.2538362110366146,0.0,0.0,1.2538362110366146,0.0,0.011186593691868685,0.0,4.500560410404951,277.7478296715637,486.7373645539882,8.769206200833008,276.48280686683523,0.0,0.0,0.0,50940.701533333384,-59369.00653650745,-1.8334321794100104e-15,0.0,-1.0885819792747498e-10,-1.7763568394002505e-15
closure_hypothesis,once_through,629.3836305254778,5.531251515581684,19721.431222182408,88757.45723516152,623.852379009897,1400000.0000000016,6301242.542764836,0.0,7557.076573949058,1400000.0000000016,6300000.0,0.0,210.0,0.17815350365749816,0.04631991095094952,0.27848219189817036,0.3036800890490505,1.0,0.49036071059362196,0.863764967791325,0.5691856035516504,1.2687618731037,0.011150339305230805,0.011150339305230805,0.0,1.2576115337984712,0.0,0.0,1.2576115337984712,0.0,0.011150339305230805,0.0,4.500558617435853,278.56877781758027,486.4266194599141,8.784480789395579,277.30001594447657,0.0,0.0,0.0,51184.436947368464,-59649.232136542196,-1.8334321794100104e-15,0.0,-1.6328729689121246e-10,-1.9984014443252818e-15
closure_hypothesis,once_through,631.2325661614326,5.513378623908581,19720.61287274434,88753.73906479398,625.7191875375249,1406666.6666666684,6331246.260935204,0.0,7593.571119461337,1406666.6666666684,6330000.0,0.0,211.0,0.1786768638874227,0.0464559846107299,0.28044311376464043,0.30354401538927006,1.0,0.48933524316889615,0.863364751144912,0.5681987258623586,1.2724891054735086,0.01111430970036483,0.01111430970036483,0.0,1.2613747957731456,0.0,0.0,1.2613747957731456,0.0,0.01111430970036483,0.0,4.500556835505839,279.3871272556508,486.1168580281443,8.799738141636045,278.1146381501773,0.0,0.0,0.0,51428.17236140356,-59929.46209608957,-1.8334321794100104e-15,0.0,-1.0885819792747498e-10,-1.7763568394002505e-15
closure_hypothesis,once_through,633.0756661744592,5.495616217510415,19719.797106186197,88750.03273744253,627.5800499569498,1413333.3333333351,6361249.967262555,0.0,7630.070019575051,1413333.3333333351,6360000.0,0.0,212.0,0.1791985722843153,0.04659162879392198,0.28239254240435097,0.303408371206078,1.0,0.4883151467038516,0.8629657976649353,0.5672163687216135,1.2762045739277688,0.011078502820554895,0.011078502820554895,0.0,1.2651260711072159,0.0,0.0,1.2651260711072159,0.0,0.011078502820554895,0.0,4.5005550645143915,280.20289381379234,485.8080742674619,8.814978332287817,278.9266892398646,0.0,0.0,0.0,51671.90777543865,-60209.69641023838,-1.8334321794100104e-15,0.0,-1.6328729689121246e-10,-1.9984014443252818e-15
closure_hypothesis,once_through,634.9129660034297,5.4779632884522895,19718.983906822537,88746.33818051501,629.4350027149783,1420000.0000000019,6391253.661819482,0.0,7666.573269400281,1420000.0000000019,6390000.0,0.0,213.0,0.17971863887951275,0.046726846108673316,0.28433057973040105,0.30327315389132664,1.0,0.48730037698255285,0.8625680996803725,0.5662384982380414,1.2799083499069936,0.0110429166339252,0.0110429166339252,0.0,1.2688654332730702,0.0,0.0,1.2688654332730702,0.0,0.0110429166339252,0.0,4.50055330436219,281.0160931774514,485.5002622406154,8.830201435540765,279.73618482754443,0.0,0.0,0.0,51915.64318947374,-60489.93507409869,-1.8334321794100104e-15,0.0,-1.6328729689121246e-10,-1.7763568394002505e-15
closure_hypothesis,once_through,636.7445007689327,5.460418840936907,19718.173259108786,88742.65532207754,631.2840819279966,1426666.6666666686,6421257.3446779195,0.0,7703.0808640682135,1426666.6666666686,6420000.0,0.0,214.0,0.1802370736142586,0.04686163913970724,0.28625732645071283,0.3031383608602927,1.0,0.4862908902835267,0.8621716495890963,0.5652650808729784,1.2836005042100758,0.011007549133067892,0.011007549133067892,0.0,1.2725929550770096,0.0,0.0,1.2725929550770096,0.0,0.011007549133067892,0.0,4.500551554951115,281.8267408912005,485.19341606367686,8.845407525046744,280.5431403869904,0.0,0.0,0.0,52159.37860350883,-60770.178082801714,-1.6042531569837592e-15,0.0,-1.6328729689121246e-10,-1.7763568394002505e-15
closure_hypothesis,once_through,638.5703052770511,5.4429818911232255,19717.365147639575,88738.98409084648,633.1273233859287,1433333.3333333354,6451261.01590915,0.0,7739.592798730989,1433333.3333333354,6450000.0,0.0,215.0,0.18075388634077233,0.04699601044860081,0.288172882085807,0.3030039895513992,1.0,0.4852866433727895,0.8617764398570564,0.5642960834357814,1.2872811070019017,0.010972398334677487,0.010972398334677487,0.0,1.2763087086672258,0.0,0.0,1.2763087086672258,0.0,0.010972398334677487,0.0,4.500549816184223,282.63485236041004,484.8875299054092,8.86059667392502,281.34757125340815,0.0,0.0,0.0,52403.114017543914,-61050.42543149958,-1.6042531569837592e-15,0.0,-2.1771639585494996e-10,-1.5543122344752192e-15
closure_hypothesis,once_through,640.3904140230844,5.425651466948363,19716.55955714709,88735.32441618048,634.9647625561369,1440000.000000002,6481264.675583817,0.0,7776.109068561551,1440000.000000002,6480000.0,0.0,216.0,0.18126908682330276,0.047129962574058715,0.2900773449862669,0.30287003742594126,1.0,0.4842875934969932,0.8613824630174743,0.5633314730792107,1.2909502278208553,0.010937462279191864,0.010937462279191864,0.0,1.280012765541665,0.0,0.0,1.280012765541665,0.0,0.010937462279191864,0.0,4.500548087965715,283.44044285289596,484.5825979866425,8.875768954767674,282.1494926250751,0.0,0.0,0.0,52646.84943157901,-61330.67711536523,-1.6042531569837592e-15,0.0,-1.6328729689121246e-10,-1.5543122344752192e-15
closure_hypothesis,once_through,642.2048611952146,5.408426607952684,19715.756472499444,88731.67622807318,636.7964345872628,1446666.6666666688,6511268.323771924,0.0,7812.629668753498,1446666.6666666688,6510000.0,0.0,217.0,0.18178268473916617,0.04726349803218321,0.2919708123498937,0.30273650196781676,1.0,0.4832936983766869,0.8609897116700493,0.5623712172948924,1.294607935586209,0.010902739030439656,0.010902739030439656,0.0,1.283705196555771,0.0,0.0,1.283705196555771,0.0,0.010902739030439656,0.0,4.500546370200945,284.24352750054214,484.27861457965963,8.89092443964488,282.94891956495593,0.0,0.0,0.0,52890.5848456141,-61610.933129592275,-1.8334321794100104e-15,0.0,-1.6328729689121246e-10,-1.7763568394002505e-15
closure_hypothesis,once_through,644.0136806781201,5.391306365107955,19714.95587869909,88728.0394571453,638.622374313013,1453333.3333333356,6541271.960542852,0.0,7849.15459452093,1453333.3333333356,6540000.0,0.0,218.0,0.18229468967976895,0.04739661931673993,0.2938533802385602,0.30260338068326004,1.0,0.4823049161996934,0.8605981784801766,0.5614152839088479,1.2982542986054086,0.010868226675293823,0.010868226675293823,0.0,1.2873860719301164,0.0,0.0,1.2873860719301164,0.0,0.010868226675293823,0.0,4.50054466279638,285.0441213009003,483.9755740075911,8.906063200110182,283.7458670022949,0.0,0.0,0.0,53134.32025964918,-61891.193469394784,-1.8334321794100104e-15,0.0,-1.6328729689121246e-10,-1.5543122344752192e-15
closure_hypothesis,once_through,645.8169060565361,5.374289800648551,19714.157760881226,88724.4140346376,640.4426162558884,1460000.0000000023,6571275.58596536,0.0,7885.683841098305,1460000.0000000023,6570000.0,0.0,219.0,0.1828051111516155,0.04752932889942003,0.29572514359477214,0.30247067110057996,1.0,0.48132120561459585,0.8602078561781764,0.5604636410771014,1.30188938458125,0.0108339233233314,0.0108339233233314,0.0,1.2910554612579201,0.0,0.0,1.2910554612579201,0.0,0.0108339233233314,0.0,4.500542965659599,285.84223911876546,483.6734706438182,8.921185307205617,284.5403497341842,0.0,0.0,0.0,53378.05567368428,-62171.45813000725,-1.6042531569837592e-15,0.0,-1.6328729689121246e-10,-1.5543122344752192e-15
closure_hypothesis,once_through,647.6145706187635,5.357375987905624,19713.36210431226,88720.7998924031,642.2571946308587,1466666.666666669,6601279.200107594,0.0,7922.217403740296,1466666.666666669,6600000.0,0.0,220.0,0.1833139585773014,0.04766162923009837,0.2975861962579383,0.3023383707699016,1.0,0.480342525724335,0.8598187375585342,0.5595162572813505,1.305513260618953,0.01079982710649919,0.01079982710649919,0.0,1.2947134335124555,0.0,0.0,1.2947134335124555,0.0,0.01079982710649919,0.0,4.500541278699264,286.63789568772887,483.37229891138537,8.936290831466888,285.3323824271099,0.0,0.0,0.0,53621.791087719364,-62451.72710668433,-1.6042531569837592e-15,0.0,-1.6328729689121246e-10,-1.7763568394002505e-15
closure_hypothesis,once_through,649.406707360126,5.340564011144208,19712.56889438828,88717.19696290042,644.0661433489827,1473333.3333333358,6631282.803037097,0.0,7958.7552777216415,1473333.3333333358,6630000.0,0.0,221.0,0.18382124129649205,0.04779352273708794,0.2994366309803579,0.30220647726291205,1.0,0.47936883607991343,0.8594308154791531,0.5585731013247128,1.3091259932331307,0.010765936178785384,0.010765936178785384,0.0,1.2983600570543472,0.0,0.0,1.2983600570543472,0.0,0.010765936178785384,0.0,4.500539601825117,287.4311056117088,483.0720532824213,8.951379842928333,286.1219796184757,0.0,0.0,0.0,53865.52650175446,-62732.00039470077,-1.8334321794100104e-15,0.0,-1.6328729689121246e-10,-1.7763568394002505e-15
closure_hypothesis,once_through,651.1933489863783,5.32385296540314,19711.778116633534,88713.60517918614,645.869496020976,1480000.0000000026,6661286.394820811,0.0,7995.29745833701,1480000.0000000026,6660000.0,0.0,222.0,0.1843269685668874,0.04792501182739073,0.3012765394429326,0.30207498817260925,1.0,0.47840009667420413,0.8590440828606155,0.5576341423275352,1.3127276483546602,0.010732248715896881,0.010732248715896881,0.0,1.301995399638765,0.0,0.0,1.301995399638765,0.0,0.010732248715896881,0.0,4.500537934947953,288.2218833664584,482.77272827756707,8.96645241112796,286.90915571810376,0.0,0.0,0.0,54109.261915789546,-63012.27798935123,-1.8334321794100104e-15,0.0,-1.6328729689121246e-10,-1.7763568394002505e-15
closure_hypothesis,once_through,652.9745279170643,5.307241956337805,19710.98975669894,88710.02447490818,647.6672859607273,1486666.6666666693,6691289.975525089,0.0,8031.8439409008515,1486666.6666666693,6690000.0,0.0,223.0,0.1848311495651725,0.04805609888694485,0.30310601227060474,0.30194390111305514,1.0,0.47743626793586325,0.8586585326854563,0.5566993497232721,1.3163182913374514,0.010698762914942253,0.010698762914942253,0.0,1.305619528422511,0.0,0.0,1.305619528422511,0.0,0.010698762914942253,0.0,4.500536277979616,289.01024330105247,482.4743184654146,8.98150860511232,287.69392500971503,0.0,0.0,0.0,54352.99732982464,-63292.55988595016,-1.6042531569837592e-15,0.0,-1.6328729689121246e-10,-1.7763568394002505e-15
closure_hypothesis,once_through,654.750276288827,5.290730100065594,19710.203800360636,88706.45478429871,649.4595461887623,1493333.333333336,6721293.545215698,0.0,8068.394720747264,1493333.333333336,6720000.0,0.0,224.0,0.1853337933879543,0.04818678628086812,0.3049251390475303,0.30181321371913183,1.0,0.4764773107233435,0.8582741579974467,0.5557686932544268,1.3198979869651204,0.010665476994120229,0.010665476994120229,0.0,1.309232509971002,0.0,0.0,1.309232509971002,0.0,0.010665476994120229,0.0,4.500534630832973,289.79619963935204,482.17681846195126,8.996548493441384,288.4763016523869,0.0,0.0,0.0,54596.732743859735,-63572.846079831674,-1.8334321794100104e-15,0.0,-2.1771639585494996e-10,-1.7763568394002505e-15
closure_hypothesis,once_through,656.5206259586715,5.2743165230140745,19709.42023351854,88702.8960421674,651.2463094356583,1500000.0000000028,6751297.103957829,0.0,8104.949793229853,1500000.0000000028,6750000.0,0.0,225.0,0.1858349090526855,0.04831707635369823,0.30673400833199094,0.3016829236463017,1.0,0.47552318631900625,0.8578909519008875,0.5548421429685596,1.3234667994575666,0.010632389192413612,0.010632389192413612,0.0,1.3128344102651548,0.0,0.0,1.3128344102651548,0.0,0.010632389192413612,0.0,4.500532993421902,290.579766481449,481.8802229300139,9.011572144193321,289.25629968199144,0.0,0.0,0.0,54840.46815789482,-63853.13656634935,-1.6042531569837592e-15,0.0,-2.1771639585494996e-10,-1.7763568394002505e-15
closure_hypothesis,once_through,658.2856085071807,5.258000361771751,19708.6390421949,88699.34818389463,653.0276081454097,1506666.6666666695,6781300.651816102,0.0,8141.509153721592,1506666.6666666695,6780000.0,0.0,226.0,0.1863345054985745,0.04844697142962937,0.30853270767105034,0.3015530285703706,1.0,0.47457385642333144,0.8575089075599135,0.5539196692143563,1.3270247924774552,0.010599497769288438,0.010599497769288438,0.0,1.3164252947081683,0.0,0.0,1.3164252947081683,0.0,0.010599497769288438,0.0,4.5005313656612795,291.36095780508896,481.58452657874943,9.026579624969223,290.0339330126115,0.0,0.0,0.0,55084.20357192991,-64133.43134087617,-1.6042531569837592e-15,0.0,-2.1771639585494996e-10,-1.5543122344752192e-15
closure_hypothesis,once_through,660.0452552416845,5.24178076294146,19707.860212532916,88695.81114542519,654.8034744787439,1513333.3333333363,6811304.1888545705,0.0,8178.072797614692,1513333.3333333363,6810000.0,0.0,227.0,0.18683259158748278,0.048576473812745526,0.31032132361495973,0.30142352618725443,1.0,0.47362928314922287,0.8571280181978072,0.553001242637758,1.3305720291366068,0.010566801004398428,0.010566801004398428,0.0,1.32000522813221,0.0,0.0,1.32000522813221,0.0,0.010566801004398428,0.0,4.500529747466974,292.1397874670746,481.2897241630843,9.041571002897795,290.809215437938,0.0,0.0,0.0,55327.938985965,-64413.73039880436,-1.6042531569837592e-15,0.0,-2.7214549481868747e-10,-1.7763568394002505e-15
closure_hypothesis,once_through,661.7995971993857,5.225656882996215,19707.08373079534,88692.28486326137,656.5739403163903,1520000.000000003,6841307.715136734,0.0,8214.640720320464,1520000.000000003,6840000.0,0.0,228.0,0.1873291761048095,0.048705585787250476,0.3120999417313186,0.3012944142127495,1.0,0.4726894290164061,0.8567482770963221,0.5520868341781545,1.3341085720022976,0.010534297197294408,0.010534297197294408,0.0,1.3235742748050048,0.0,0.0,1.3235742748050048,0.0,0.010534297197294408,0.0,4.500528138755816,292.9162692046484,480.9958104832009,9.056546344639937,291.5821606326461,0.0,0.0,0.0,55571.6744000001,-64694.033735545236,-1.6042531569837592e-15,0.0,-2.7214549481868747e-10,-1.5543122344752192e-15
closure_hypothesis,once_through,663.5486651504399,5.209627888137564,19706.309583363134,88688.76927445679,658.339037262303,1526666.6666666698,6871311.230725538,0.0,8251.212917269186,1526666.6666666698,6870000.0,0.0,229.0,0.18782426776036332,0.048834309617694464,0.31386864661899344,0.3011656903823055,1.0,0.47175425694591905,0.8563696775950163,0.5511764150646331,1.3376344831034686,0.010501984667138751,0.010501984667138751,0.0,1.3271324984363313,0.0,0.0,1.3271324984363313,0.0,0.010501984667138751,0.0,4.500526539445592,293.6904166368564,480.70278038402097,9.071505716393327,292.35278215375297,0.0,0.0,0.0,55815.40981403518,-64974.341346529036,-1.375074134557508e-15,0.0,-3.265745937824249e-10,-1.5543122344752192e-15
closure_hypothesis,once_through,665.2924896009919,5.193692954156392,19705.5377567341,88685.26431660987,660.0987966468363,1533333.3333333365,6901314.735683385,0.0,8287.789383909972,1533333.3333333365,6900000.0,0.0,230.0,0.18831787518922205,0.048962647549197734,0.3156275219218022,0.30103735245080226,1.0,0.47082373025469215,0.8559922130905949,0.5502699568122886,1.3411498239368473,0.010469861752424786,0.010469861752424786,0.0,1.330679962184424,0.0,0.0,1.330679962184424,0.0,0.010469861752424786,0.0,4.500524949455028,294.462243265892,480.41062875469777,9.086449183896896,293.12109344195517,0.0,0.0,0.0,56059.145228070265,-65254.65322720491,-1.6042531569837592e-15,0.0,-2.7214549481868747e-10,-1.5543122344752192e-15
closure_hypothesis,once_through,667.0311007961704,5.177851266296072,19704.76823752157,88681.76992785798,661.853249529875,1540000.0000000033,6931318.230072137,0.0,8324.370115710644,1540000.0000000033,6930000.0,0.0,231.0,0.18881000695258013,0.04909060180767084,0.31737665034196577,0.30090939819232915,1.0,0.4698978126502165,0.8556158770362623,0.5493674312185888,1.344654655472984,0.010437926810700925,0.010437926810700925,0.0,1.3342167286622844,0.0,0.0,1.3342167286622844,0.0,0.010437926810700925,0.0,4.500523368703788,295.23176247842144,480.1193505281135,9.101376812435285,293.88710782294845,0.0,0.0,0.0,56302.88064210537,-65534.96937304069,-1.375074134557508e-15,0.0,-2.7214549481868747e-10,-1.3322676295501878e-15
closure_hypothesis,once_through,668.7645287230395,5.162102019117926,19704.001012453104,88678.28604687081,663.6024267039222,1546666.66666667,6961321.713953124,0.0,8360.9551081576,1546666.66666667,6960000.0,0.0,232.0,0.18930067153858413,0.049218174600031875,0.3191161136533336,0.3007818253999681,1.0,0.46897646822529904,0.8552406629410827,0.548468810359797,1.3481490381622008,0.010406178218299443,0.010406178218299443,0.0,1.3377428599439025,0.0,0.0,1.3377428599439025,0.0,0.010406178218299443,0.0,4.500521797112442,295.9989875468898,479.82894068038553,9.11628866684322,294.6508385087276,0.0,0.0,0.0,56546.61605614045,-65815.28977952272,-1.375074134557508e-15,0.0,-2.7214549481868747e-10,-1.1102230246251565e-15
closure_hypothesis,once_through,670.4928031135084,5.146444416369025,19703.23606836918,88674.81261284469,665.3463586971401,1553333.3333333367,6991325.18738715,0.0,8397.544356755681,1553333.3333333367,6990000.0,0.0,233.0,0.1897898773631565,0.04934536811442069,0.32084599271438713,0.3006546318855793,1.0,0.4680596614529022,0.8548665643693509,0.54757406658745,1.3516330319404593,0.01037461437006999,0.01037461437006999,0.0,1.3412584175703905,0.0,0.0,1.3412584175703905,0.0,0.01037461437006999,0.0,4.500520234602469,296.76393163080945,479.5393942303783,9.131184811509838,295.412298598869,0.0,0.0,0.0,56790.351470175534,-66095.61444215589,-1.375074134557508e-15,0.0,-3.265745937824249e-10,-1.3322676295501878e-15
closure_hypothesis,once_through,672.2159534472022,5.13087767085218,19702.473392221964,88671.34956549633,667.0850757763507,1560000.0000000035,7021328.650434498,0.0,8434.137857028063,1560000.0000000035,7020000.0,0.0,234.0,0.19027763277080798,0.04947218452041008,0.32256636748102513,0.3005278154795899,1.0,0.46714735718106687,0.8544935749399704,0.5466831725248883,1.355106696235146,0.010343233679117492,0.010343233679117492,0.0,1.3447634625560296,0.0,0.0,1.3447634625560296,0.0,0.010343233679117492,0.0,4.500518681096229,297.52660777803027,479.25070623922295,9.14606531038299,296.1715010817951,0.0,0.0,0.0,57034.08688421062,-66375.94335646335,-1.375074134557508e-15,0.0,-3.265745937824249e-10,-1.1102230246251565e-15
closure_hypothesis,once_through,673.9340089542902,5.115401004298131,19701.712971074,88667.89684505727,668.8186079499927,1566666.6666666702,7051332.103154937,0.0,8470.735604516109,1566666.6666666702,7050000.0,0.0,235.0,0.19076394603543842,0.049598625969213994,0.3242773170191348,0.300401374030786,1.0,0.4662395206279177,0.8541216883258412,0.5457961010638424,1.3585700899707744,0.010312034576544516,0.010312034576544516,0.0,1.3482580553942312,0.0,0.0,1.3482580553942312,0.0,0.010312034576544516,0.0,4.500517136516973,298.28702892599165,478.96287180984297,9.160930226973433,296.92845883602087,0.0,0.0,0.0,57277.822298245716,-66656.2765179865,-1.375074134557508e-15,0.0,-3.265745937824249e-10,-1.3322676295501878e-15
closure_hypothesis,once_through,675.6469986182767,5.100013647239932,19700.954792097033,88664.4543922677,670.5469849710374,1573333.333333337,7081335.545607727,0.0,8507.337594779256,1573333.333333337,7080000.0,0.0,236.0,0.19124882536112642,0.04972469459389287,0.32597891951695357,0.3002753054061071,1.0,0.46533611737674796,0.8537508982532562,0.5449128253610672,1.3620232715746114,0.010281015511198033,0.010281015511198033,0.0,1.351742256063415,0.0,0.0,1.351742256063415,0.0,0.010281015511198033,0.0,4.500515600788806,299.04520790295754,478.67588608648686,9.175779624359047,297.6831846313829,0.0,0.0,0.0,57521.55771228081,-66936.61392228474,-1.375074134557508e-15,0.0,-3.265745937824249e-10,-1.5543122344752192e-15
closure_hypothesis,once_through,677.3549511787525,5.0847148388893775,19700.198842570757,88661.02214837095,672.2702363398636,1580000.0000000037,7111338.977851624,0.0,8543.943823394893,1580000.0000000037,7110000.0,0.0,237.0,0.19173227888290853,0.04985039250955622,0.32767125229722693,0.3001496074904438,1.0,0.46443711337118265,0.8533811985013053,0.5440333188350338,1.3654662989822235,0.010250174949420317,0.010250174949420317,0.0,1.355216124032804,0.0,0.0,1.355216124032804,0.0,0.010250174949420317,0.0,4.5005140738366896,299.80115742923437,478.3897442542677,9.190613565188901,298.43569113025217,0.0,0.0,0.0,57765.29312631589,-67216.95556493546,-9.167160897050052e-16,0.0,-3.265745937824249e-10,-8.881784197001252e-16
closure_hypothesis,once_through,679.0578951341071,5.0695038270155495,19699.44510988162,88657.60005510782,673.9883913070921,1586666.6666666705,7141342.3999448875,0.0,8580.554285958235,1586666.6666666705,7140000.0,0.0,238.0,0.19221431466754674,0.049975721813562156,0.32935439182916154,0.30002427818643784,1.0,0.46354247491042067,0.8530125829012878,0.5431575551626643,1.3688992296429436,0.010219511374804105,0.010219511374804105,0.0,1.3586797182681407,0.0,0.0,1.3586797182681407,0.0,0.010219511374804105,0.0,4.5005125555864245,300.55489011837165,478.10444153870725,9.205432111687381,299.1859908887287,0.0,0.0,0.0,58009.02854035098,-67497.30144153388,-1.1458951121312565e-15,0.0,-2.7214549481868747e-10,-1.1102230246251565e-15
closure_hypothesis,once_through,680.7558587442059,5.054379867825367,19698.693581521642,88654.18805471098,675.701478876381,1593333.3333333372,7171345.811945285,0.0,8617.168978082207,1593333.3333333372,7170000.0,0.0,239.0,0.19269494071428625,0.05010068458571443,0.33102841374018355,0.29989931541428555,1.0,0.46265216864455033,0.852645045336134,0.5422855082761213,1.3723221205252696,0.0101890232879518,0.0101890232879518,0.0,1.3621330972373187,0.0,0.0,1.3621330972373187,0.0,0.0101890232879518,0.0,4.500511045964643,301.3064184783467,477.8199732052894,9.220235325658189,299.93409635782143,0.0,0.0,0.0,58252.763954386086,-67777.65154769296,-9.167160897050052e-16,0.0,-2.7214549481868747e-10,-8.881784197001252e-16
closure_hypothesis,once_through,682.4488700330279,5.039342225846145,19697.944245087256,88650.78608989951,677.4095278071823,1600000.000000004,7201349.213910095,0.0,8653.78789539732,1600000.000000004,7200000.0,0.0,240.0,0.19317416495560236,0.05022528288845662,0.33269339282750215,0.29977471711154335,1.0,0.46176616156994116,0.8522785797398335,0.5414171523596456,1.37573502812218,0.010158709206238726,0.010158709206238726,0.0,1.3655763189159424,0.0,0.0,1.3655763189159424,0.0,0.010158709206238726,0.0,4.500509544898796,302.05575491273214,477.53633455901655,9.235023268488296,300.68001988461,0.0,0.0,0.0,58496.49936842116,-68058.00587904315,-9.167160897050052e-16,0.0,-2.7214549481868747e-10,-1.1102230246251565e-15
closure_hypothesis,once_through,684.1369567912692,5.024390173810084,19697.197088278142,88647.39410387336,679.1125666174597,1606666.6666666707,7231352.605896122,0.0,8690.411033551549,1606666.6666666707,7230000.0,0.0,241.0,0.19365199525793708,0.050349518767063645,0.3343494030694827,0.29965048123293636,1.0,0.46088442102470756,0.8519131800968717,0.5405524618464386,1.3791380084563836,0.010128567663580272,0.010128567663580272,0.0,1.3690094407928046,0.0,0.0,1.3690094407928046,0.0,0.010128567663580272,0.0,4.500508052317133,302.80291172184826,477.25352094397465,9.249796001151896,301.4237737133919,0.0,0.0,0.0,58740.23478245625,-68338.36443123248,-1.1458951121312565e-15,0.0,-2.7214549481868747e-10,-1.3322676295501878e-15
closure_hypothesis,once_through,685.8201465789098,5.009522992540664,19696.452098896094,88644.01204030833,680.8106235863696,1613333.3333333374,7261355.987959687,0.0,8727.03838821023,1613333.3333333374,7260000.0,0.0,242.0,0.19412843942242597,0.05047339424983075,0.3359965176368338,0.2995266057501692,1.0,0.46000691468424454,0.8515488404416742,0.539691411415592,1.3825311170854926,0.010098597210202873,0.010098597210202873,0.0,1.3724325198752907,0.0,0.0,1.3724325198752907,0.0,0.010098597210202873,0.0,4.500506568148711,303.54790110389905,476.97152774290225,9.264553584214307,302.1653699868136,0.0,0.0,0.0,58983.97019649135,-68618.72719992624,-9.167160897050052e-16,0.0,-2.7214549481868747e-10,-8.881784197001252e-16
closure_hypothesis,once_through,687.4984667277447,4.9947399708409534,19695.7092648439,88640.63984335042,682.5037267569043,1620000.0000000042,7291359.360156645,0.0,8763.66995505593,1620000.0000000042,7290000.0,0.0,243.0,0.19460350518561442,0.05059691134825975,0.33763480890361075,0.29940308865174026,1.0,0.45913361055683405,0.8511855548580596,0.5388339759890697,1.3859144091071258,0.01006879641241886,0.01006879641241886,0.0,1.375845612694708,0.0,0.0,1.375845612694708,0.0,0.01006879641241886,0.0,4.500505092323364,304.29073515609264,476.69035037676724,9.279296077835719,302.90482074698554,0.0,0.0,0.0,59227.705610526435,-68899.09418080703,-1.1458951121312565e-15,0.0,-2.7214549481868747e-10,-1.1102230246251565e-15
closure_hypothesis,once_through,689.1719443438826,4.980040405383705,19694.968574124247,88637.2774576109,684.1919039384994,1626666.666666671,7321362.722542385,0.0,8800.305729788339,1626666.666666671,7320000.0,0.0,244.0,0.19507720022016506,0.05072007205724292,0.3392643484580409,0.29927992794275704,1.0,0.4582644769793195,0.8508233174786972,0.537980130728724,1.3892879391639459,0.010039163852404902,0.010039163852404902,0.0,1.379248775311542,0.0,0.0,1.379248775311542,0.0,0.010039163852404902,0.0,4.5005036247717,305.03142587574706,476.4099843043475,9.294023541775088,303.64213793658314,0.0,0.0,0.0,59471.441024561536,-69179.46536957455,-1.1458951121312565e-15,0.0,-2.7214549481868747e-10,-1.1102230246251565e-15
closure_hypothesis,once_through,690.8406063102086,4.965423600603321,19694.230014838613,88633.92482816102,685.8751827096057,1633333.3333333377,7351366.075171834,0.0,8836.945708124147,1633333.3333333377,7350000.0,0.0,245.0,0.1955495321355547,0.050842878355244224,0.34088520711317116,0.2991571216447558,1.0,0.45739948261284863,0.8504621224845759,0.5371298510333674,1.3926517614486231,0.010009698127984223,0.010009698127984223,0.0,1.3826420633206398,0.0,0.0,1.3826420633206398,0.0,0.010009698127984223,0.0,4.500502165425092,305.76998516138025,476.1304250218192,9.30873603539378,304.3773333999316,0.0,0.0,0.0,59715.17643859662,-69459.84076194544,-9.167160897050052e-16,0.0,-3.265745937824249e-10,-8.881784197001252e-16
closure_hypothesis,once_through,692.5044792888144,4.950888868589526,19693.493575186207,88630.5819005271,687.5535904202253,1640000.0000000044,7381369.418099468,0.0,8873.589885796946,1640000.0000000044,7380000.0,0.0,246.0,0.19602050847876237,0.05096533220447822,0.34249745491734485,0.29903466779552174,1.0,0.456538596438683,0.8501019641044757,0.5362831125358788,1.396005929708735,0.009980397852412252,0.009980397852412252,0.0,1.3860255318563237,0.0,0.0,1.3860255318563237,0.0,0.009980397852412252,0.0,4.500500714215663,306.50642481378577,475.85166806234844,9.323433617659342,305.11041888407703,0.0,0.0,0.0,59958.9118526317,-69740.22035365332,-9.167160897050052e-16,0.0,-3.265745937824249e-10,-8.881784197001252e-16
closure_hypothesis,once_through,694.1635897233956,4.936435528982806,19692.759243462897,88627.24862068544,689.2271541944133,1646666.6666666712,7411372.751379309,0.0,8910.238258557107,1646666.6666666712,7410000.0,0.0,247.0,0.19649013673494783,0.05108743555108644,0.34410116116450695,0.29891256444891356,1.0,0.4556817877540721,0.8497428366144517,0.5354398911003597,1.3993504972515987,0.009951261654165858,0.009951261654165858,0.0,1.3893992355974338,0.0,0.0,1.3893992355974338,0.0,0.009951261654165858,0.0,4.50049927107628,307.24075653709383,475.5737089956909,9.338116347149095,305.84140603984224,0.0,0.0,0.0,60202.647266666805,-70020.60414044859,-9.167160897050052e-16,0.0,-3.265745937824249e-10,-1.1102230246251565e-15
closure_hypothesis,once_through,695.8179638416167,4.922062908871559,19692.027008060173,88623.92493505748,690.8959009327455,1653333.333333338,7441376.075064938,0.0,8946.890822171667,1653333.333333338,7440000.0,0.0,248.0,0.19695842432812102,0.05120919032531147,0.3456963944043451,0.2987908096746885,1.0,0.45482902616819226,0.8493847343373192,0.5346001628193272,1.4026855169490382,0.009922288176735997,0.009922288176735997,0.0,1.3927632287723029,0.0,0.0,1.3927632287723029,0.0,0.009922288176735997,0.0,4.50049783594054,307.97299193981814,475.29654342779463,9.35278428205379,306.5703064228691,0.0,0.0,0.0,60446.38268070189,-70300.99211809823,-6.87537067278754e-16,0.0,-2.7214549481868747e-10,-6.661338147750939e-16
closure_hypothesis,once_through,697.4676276574438,4.90777034269089,19691.296857464105,88620.61079050502,692.5598573147533,1660000.0000000047,7471379.389209489,0.0,8983.54757242423,1660000.0000000047,7470000.0,0.0,249.0,0.19742537862180232,0.0513305984416686,0.3472832224522655,0.2986694015583314,1.0,0.4539802815981484,0.8490276516421512,0.5337639040109521,1.4060110412420876,0.00989347607842371,0.00989347607842371,0.0,1.3961175651636648,0.0,0.0,1.3961175651636648,0.0,0.00989347607842371,0.0,4.500496408742771,308.70314253588805,475.02016700041014,9.367437480181138,307.29713149464595,0.0,0.0,0.0,60690.11809473697,-70581.38428238587,-9.167160897050052e-16,0.0,-3.265745937824249e-10,-8.881784197001252e-16
closure_hypothesis,once_through,699.112606973447,4.893557172123092,19690.56878025432,88617.30613432507,694.2190498013244,1666666.6666666714,7501382.693865669,0.0,9020.20850511485,1666666.6666666714,7500000.0,0.0,250.0,0.19789100691967432,0.051451661799115325,0.3488617123992109,0.29854833820088467,1.0,0.4531355242650368,0.8486715829437785,0.5329310912163358,1.4093271221456323,0.009864824032139499,0.009864824032139499,0.0,1.3994622981134939,0.0,0.0,1.3994622981134939,0.0,0.009864824032139499,0.0,4.500494989418,309.4312197456681,474.7445753907035,9.382075998959351,308.0218926235225,0.0,0.0,0.0,60933.853508772074,-70861.7806291116,-1.1458951121312565e-15,0.0,-3.265745937824249e-10,-1.1102230246251565e-15
closure_hypothesis,once_through,700.7529273830712,4.879422745999673,19689.84276510303,88614.01091424566,695.873504637072,1673333.3333333381,7531385.989085749,0.0,9056.873616059924,1673333.3333333381,7530000.0,0.0,251.0,0.19835531646622462,0.0515723822812184,0.3504319306213195,0.29842761771878157,1.0,0.4522947246900694,0.8483165227022987,0.5321017011968264,1.4126338112529855,0.00983633072520582,0.00983633072520582,0.0,1.4027974805277805,0.0,0.0,1.4027974805277805,0.0,0.00983633072520582,0.0,4.500493577901966,310.1572348969626,474.46976431087717,9.39669989544063,308.74460108570963,0.0,0.0,0.0,61177.58892280716,-71142.18115409176,-9.167160897050052e-16,0.0,-3.265745937824249e-10,-8.881784197001252e-16
closure_hypothesis,once_through,702.3886142728766,4.865366420205014,19689.118800773984,88610.7250784208,697.5232478526721,1680000.000000005,7561389.274921575,0.0,9093.542901092087,1680000.000000005,7560000.0,0.0,252.0,0.19881831444737985,0.05169276175631876,0.3519939427894305,0.2983072382436812,1.0,0.4514578536907579,0.8479624654225919,0.5312757109313777,1.4159311597404063,0.009807994859162882,0.009807994859162882,0.0,1.4061231648812444,0.0,0.0,1.4061231648812444,0.0,0.009807994859162882,0.0,4.500492174131099,310.88119922600765,474.1957295077936,9.41130922630458,309.46526806626724,0.0,0.0,0.0,61421.324336842255,-71422.58585315902,-9.167160897050052e-16,0.0,-2.7214549481868747e-10,-1.1102230246251565e-15
closure_hypothesis,once_through,704.0196928247497,4.851387557581557,19688.39687612154,88607.44857542601,699.1683052671684,1686666.6666666716,7591392.551424569,0.0,9130.216356060106,1686666.6666666716,7590000.0,0.0,253.0,0.19928000799113182,0.05181280207769427,0.3535478138784388,0.2981871979223057,1.0,0.45062488237715514,0.8476094056538404,0.5304530976139414,1.4192192183715562,0.009779815149577507,0.009779815149577507,0.0,1.4094394032219795,0.0,0.0,1.4094394032219795,0.0,0.009779815149577507,0.0,4.500490778042513,311.6031238784496,473.9224667626055,9.425904047861646,310.18390466007804,0.0,0.0,0.0,61665.059750877335,-71702.99472216211,-6.87537067278754e-16,0.0,-2.7214549481868747e-10,-8.881784197001252e-16
closure_hypothesis,once_through,705.6461880180849,4.8374855278365105,19687.67698008968,88604.18135425386,700.8087024902487,1693333.3333333384,7621395.818645742,0.0,9166.893976828775,1693333.3333333384,7620000.0,0.0,254.0,0.19974040416815478,0.05193250508372024,0.35509360817650026,0.2980674949162797,1.0,0.4497957821481552,0.847257337989058,0.5296338386509031,1.422498037501897,0.009751790325855065,0.009751790325855065,0.0,1.4127462471760426,0.0,0.0,1.4127462471760426,0.0,0.009751790325855065,0.0,4.500489389573998,312.3230199103106,473.6499718903901,9.440484416056437,310.9005218728087,0.0,0.0,0.0,61908.79516491242,-71983.40775696587,-6.87537067278754e-16,0.0,-2.7214549481868747e-10,-6.661338147750939e-16
closure_hypothesis,once_through,707.2681246319373,4.82365970745005,19686.95910171105,88600.92336430935,702.4444649244878,1700000.0000000051,7651399.076635686,0.0,9203.575759278807,1700000.0000000051,7650000.0,0.0,255.0,0.20019950999241484,0.05205187259802786,0.35663138929409166,0.29794812740197213,1.0,0.4489705246878493,0.846906257064624,0.52881791165855,1.4257676670830297,0.009723919131054406,0.009723919131054406,0.0,1.4160437479519763,0.0,0.0,1.4160437479519763,0.0,0.009723919131054406,0.0,4.500488008664009,313.0408982889415,473.37824073978834,9.455050386471076,311.61513062185844,0.0,0.0,0.0,62152.53057894752,-72263.824953451,-9.167160897050052e-16,0.0,-2.7214549481868747e-10,-8.881784197001252e-16
closure_hypothesis,once_through,708.8855272471471,4.809909479584996,19686.24323010603,88597.67455540565,704.0756177675626,1706666.6666666719,7681402.325444589,0.0,9240.26169930674,1706666.6666666719,7680000.0,0.0,256.0,0.20065733242177142,0.05217090642966057,0.358161220172928,0.29782909357033943,1.0,0.448149081961937,0.8465561575598219,0.5280052944605788,1.429028156666979,0.009696200321705801,0.009696200321705801,0.0,1.419331956345274,0.0,0.0,1.419331956345274,0.0,0.009696200321705801,0.0,4.50048663525166,313.7567698939621,473.10726919264914,9.469602014328482,312.3277417372951,0.0,0.0,0.0,62396.26599298261,-72544.24630751403,-9.167160897050052e-16,0.0,-2.7214549481868747e-10,-8.881784197001252e-16
closure_hypothesis,once_through,710.4984202484354,4.796234233997905,19685.5293544818,88594.43487775969,705.7021860144379,1713333.3333333386,7711405.565122236,0.0,9276.951792824824,1713333.3333333386,7710000.0,0.0,257.0,0.20111387835857034,0.05228960837322829,0.3596831630947385,0.2977103916267717,1.0,0.44733142621419264,0.8462070341963874,0.5271959650856399,1.432279555410416,0.009668632667631695,0.009668632667631695,0.0,1.422610922742785,0.0,0.0,1.422610922742785,0.0,0.009668632667631695,0.0,4.500485269276714,314.47064551818875,472.8370531636784,9.48413935449559,313.03836596277836,0.0,0.0,0.0,62640.001407017684,-72824.67181506718,-6.87537067278754e-16,0.0,-2.7214549481868747e-10,-6.661338147750939e-16
closure_hypothesis,once_through,712.1068278264732,4.782633366951585,19684.81746413144,88591.20428198774,707.324194459522,1720000.0000000054,7741408.795718007,0.0,9313.646035760928,1720000.0000000054,7740000.0,0.0,258.0,0.20156915465022965,0.05240798020905971,0.3611972796899052,0.2975920197909403,1.0,0.44651752996298427,0.8458588817380598,0.5263899017649138,1.4355219120788307,0.00964121495177036,0.00964121495177036,0.0,1.425880697127061,0.0,0.0,1.425880697127061,0.0,0.00964121495177036,0.0,4.500483910679569,315.1825358685502,472.5675886000917,9.498662461486589,313.74701395647133,0.0,0.0,0.0,62883.73682105279,-73105.1014720384,-6.87537067278754e-16,0.0,-3.265745937824249e-10,-6.661338147750939e-16
closure_hypothesis,once_through,713.7107739799231,4.769106281128999,19684.107548433,88587.98271910135,708.9416676987945,1726666.666666672,7771412.017280894,0.0,9350.344424058441,1726666.666666672,7770000.0,0.0,259.0,0.20202316808981735,0.05252602370335251,0.362703630945966,0.29747397629664746,1.0,0.4457073659978459,0.8455116949901397,0.525587082929726,1.4387552750506474,0.009613945970002325,0.009613945970002325,0.0,1.4291413290806458,0.0,0.0,1.4291413290806458,0.0,0.009613945970002325,0.0,4.500482559401257,315.89245156699104,472.2988714812735,9.51317138946607,314.4536962919404,0.0,0.0,0.0,63127.47223508787,-73385.53527437098,-6.87537067278754e-16,0.0,-2.7214549481868747e-10,-8.881784197001252e-16
closure_hypothesis,once_through,715.3102825174544,4.755652385548534,19683.399596848627,88584.7701405032,710.5546301319064,1733333.3333333388,7801415.229859492,0.0,9387.046953676158,1733333.3333333388,7800000.0,0.0,260.0,0.20247592541662193,0.05264374060832171,0.36420227721598536,0.29735625939167826,1.0,0.4449009073761006,0.8451654687990537,0.5247874872091944,1.441979692321286,0.009586824530979579,0.009586824530979579,0.0,1.4323928677903073,0.0,0.0,1.4323928677903073,0.0,0.009586824530979579,0.0,4.500481215383439,316.60040315136393,472.0308978184383,9.527666192252152,315.15842345904264,0.0,0.0,0.0,63371.20764912296,-73665.97321802379,-9.167160897050052e-16,0.0,-2.7214549481868747e-10,-8.881784197001252e-16
closure_hypothesis,once_through,716.9053770597316,4.742271095480565,19682.69359892368,88581.56649798276,712.1631059642514,1740000.0000000056,7831418.433502012,0.0,9423.753620588202,1740000.0000000056,7830000.0,0.0,261.0,0.20292743331671517,0.052761132662345944,0.3656932782267933,0.29723886733765403,1.0,0.44409812741953525,0.8448201980519237,0.5239910934279076,1.4451952115071716,0.009559849455957361,0.009559849455957361,0.0,1.435635362051215,0.0,0.0,1.435635362051215,0.0,0.009559849455957361,0.0,4.500479878568384,317.3064010763094,471.7636636542979,9.542146923319635,315.86120586480223,0.0,0.0,0.0,63614.943063158054,-73946.41529897093,-6.87537067278754e-16,0.0,-3.265745937824249e-10,-8.881784197001252e-16
closure_hypothesis,once_through,718.4960810413769,4.728961832365393,19681.989544285865,88578.37174371228,713.767119209012,1746666.6666666723,7861421.628256283,0.0,9460.46442078391,1746666.6666666723,7860000.0,0.0,262.0,0.20337769842350775,0.052878201590112014,0.36717669308709816,0.29712179840988795,1.0,0.4432989997111242,0.8444758776761411,0.5231978806036434,1.4484018798496907,0.009533019578628748,0.009533019578628748,0.0,1.4388688602710629,0.0,0.0,1.4388688602710629,0.0,0.009533019578628748,0.0,4.5004785488989665,318.0104557141247,471.4971650627329,9.556613635802984,316.562053834275,0.0,0.0,0.0,63858.67847719315,-74226.86151320173,-9.167160897050052e-16,0.0,-2.7214549481868747e-10,-8.881784197001252e-16
closure_hypothesis,once_through,720.0824177129086,4.715724023732408,19681.287422644367,88575.18583024295,715.3666936891767,1753333.333333339,7891424.814169752,0.0,9497.179350267748,1753333.333333339,7890000.0,0.0,263.0,0.2038267273182977,0.052994949102757406,0.3686525802954714,0.29700505089724255,1.0,0.44250349809180234,0.8441325026389487,0.5224078279451115,1.4515997442190982,0.009506333744961685,0.009506333744961685,0.0,1.4420934104741374,0.0,0.0,1.4420934104741374,0.0,0.009506333744961685,0.0,4.500477226318665,318.7125773556216,471.23139814846786,9.571066382499424,317.2609776114025,0.0,0.0,0.0,64102.41389122824,-74507.31185672067,-9.167160897050052e-16,0.0,-2.7214549481868747e-10,-8.881784197001252e-16
closure_hypothesis,once_through,721.6644101426526,4.702557103120558,19680.587223789018,88572.00871050077,716.9618530395327,1760000.0000000058,7921427.991289495,0.0,9533.898405059208,1760000.0000000058,7920000.0,0.0,264.0,0.20427452653081174,0.053111376898011056,0.3701209977482106,0.29688862310198894,1.0,0.44171159665728615,0.8437900679470264,0.5216209148497357,1.4547888511183704,0.00947979081303867,0.00947979081303867,0.0,1.4453090603053331,0.0,0.0,1.4453090603053331,0.0,0.00947979081303867,0.0,4.500475910771548,319.41277621097237,470.96635904675065,9.585505215871873,317.957987359854,0.0,0.0,0.0,64346.14930526332,-74787.7663255472,-1.1458951121312565e-15,0.0,-2.7214549481868747e-10,-1.3322676295501878e-15
closure_hypothesis,once_through,723.2420812186303,4.689460510000029,19679.888937589443,88568.84033778272,718.5526207086308,1766666.6666666726,7951431.159662212,0.0,9570.62158119271,1766666.6666666726,7950000.0,0.0,265.0,0.2047211025397395,0.05322748666033227,0.37158200274708036,0.2967725133396677,1.0,0.44092326975494195,0.8434485686460815,0.5208371209014596,1.4579692466870124,0.009453389652898858,0.009453389652898858,0.0,1.4485158570341146,0.0,0.0,1.4485158570341146,0.0,0.009453389652898858,0.0,4.500474602202271,320.1110624105456,470.7020439230366,9.599930188051978,318.6530931638586,0.0,0.0,0.0,64589.8847192984,-75068.22491571578,-9.167160897050052e-16,0.0,-2.7214549481868747e-10,-8.881784197001252e-16
closure_hypothesis,once_through,724.8154536504219,4.676433689695162,19679.19255399426,88565.68066575266,720.1390199607272,1773333.3333333393,7981434.3193342425,0.0,9607.348874717523,1773333.3333333393,7980000.0,0.0,266.0,0.20516646177326095,0.05334328006104785,0.373035652006934,0.29665671993895215,1.0,0.4401384919807008,0.8431079998204476,0.5200564258685931,1.4611409767048125,0.009427129146382681,0.009427129146382681,0.0,1.4517138475584306,0.0,0.0,1.4517138475584306,0.0,0.009427129146382681,0.0,4.500473300556053,320.8074460057308,470.4384489726765,9.614341350842938,319.346305029026,0.0,0.0,0.0,64833.620133333505,-75348.6876232757,-9.167160897050052e-16,0.0,-2.7214549481868747e-10,-8.881784197001252e-16
closure_hypothesis,once_through,726.3845499710059,4.663476093308566,19678.498063030238,88562.52964843794,721.7210738776978,1780000.000000006,8011437.470351557,0.0,9644.080281697652,1780000.000000006,8010000.0,0.0,267.0,0.20561061060956726,0.05345875875848749,0.37448200166321893,0.2965412412415125,1.0,0.4393572381760185,0.8427683565926838,0.5192788097016783,1.4643040865955512,0.009401008186978872,0.009401008186978872,0.0,1.4549030784085732,0.0,0.0,1.4549030784085732,0.0,0.009401008186978872,0.0,4.500472005778699,321.50193696975253,470.1755704206074,9.628738755722503,320.03763288315696,0.0,0.0,0.0,65077.3555473686,-75629.15444429092,-9.167160897050052e-16,0.0,-2.7214549481868747e-10,-8.881784197001252e-16
closure_hypothesis,once_through,727.9493925385755,4.6505871776463765,19677.805454801517,88559.38724022516,723.2988053609296,1786666.6666666728,8041440.612759771,0.0,9680.815798211757,1786666.6666666728,8040000.0,0.0,268.0,0.20605355537737471,0.05357392439811743,0.3759211072793665,0.29642607560188255,1.0,0.43857948342488096,0.8424296341231841,0.5185042525313953,1.4674586214306633,0.009375025679673776,0.009375025679673776,0.0,1.4580835957509906,0.0,0.0,1.4580835957509906,0.0,0.009375025679673776,0.0,4.500470717816557,322.19454519847443,469.9134045210497,9.64312245384574,320.7270865770438,0.0,0.0,0.0,65321.09096140368,-75909.6253748401,-9.167160897050052e-16,0.0,-2.1771639585494996e-10,-1.1102230246251565e-15
closure_hypothesis,once_through,729.5100035383302,4.637766405144703,19677.1147194888,88556.2533958569,724.872237133186,1793333.3333333395,8071443.746604139,0.0,9717.555420353061,1793333.3333333395,8070000.0,0.0,269.0,0.20649530235643201,0.05368877861267233,0.3773530238540689,0.29631122138732763,1.0,0.4378052030508533,0.8420918276097872,0.5177327346664892,1.4706046259328491,0.009349180540803102,0.009349180540803102,0.0,1.4612554453920468,0.0,0.0,1.4612554453920468,0.0,0.009349180540803102,0.0,4.500469436616545,322.88528051119204,469.6519475572058,9.657492496047944,321.4146758852592,0.0,0.0,0.0,65564.82637543877,-76190.10041101651,-9.167160897050052e-16,0.0,-2.1771639585494996e-10,-6.661338147750939e-16
closure_hypothesis,once_through,731.066404984247,4.625013243797186,19676.425847348575,88553.12807042773,726.4413917404503,1800000.0000000063,8101446.871929567,0.0,9754.299144229259,1800000.0000000063,8100000.0,0.0,270.0,0.20693585777802148,0.05380332302228559,0.3787778058284458,0.2961966769777144,1.0,0.43703437261417244,0.8417549322873954,0.5169642365917337,1.4737421444796437,0.00932347169790587,0.00932347169790587,0.0,1.4644186727817388,0.0,0.0,1.4644186727817388,0.0,0.00932347169790587,0.0,4.50046816212612,323.57415265141685,469.3911958409641,9.67184893284734,322.10041050693724,0.0,0.0,0.0,65808.56178947387,-76470.5795489278,-9.167160897050052e-16,0.0,-2.7214549481868747e-10,-8.881784197001252e-16
closure_hypothesis,once_through,732.6186187208266,4.612327167083691,19675.738828712343,88550.01121938069,728.0062915537433,1806666.666666673,8131449.988780615,0.0,9791.04696596242,1806666.666666673,8130000.0,0.0,271.0,0.20737522782545356,0.053917559234617926,0.38019550709310185,0.29608244076538204,1.0,0.43626696790888214,0.8414189434275943,0.5161987389659141,1.4768712211069397,0.009297898089580672,0.009297898089580672,0.0,1.4675733230173598,0.0,0.0,1.4675733230173598,0.0,0.009297898089580672,0.0,4.500466894293277,324.2611712876493,469.1311457126064,9.686191814447968,322.78430006654236,0.0,0.0,0.0,66052.29720350896,-76751.06278469606,-6.87537067278754e-16,0.0,-2.7214549481868747e-10,-6.661338147750939e-16
closure_hypothesis,once_through,734.1666664248193,4.599707653900042,19675.053653985848,88546.90279850378,729.5669587709198,1813333.3333333398,8161453.097201492,0.0,9827.798881688908,1813333.3333333398,8160000.0,0.0,272.0,0.2078134186345551,0.05403148884498433,0.38160618099507687,0.29596851115501566,1.0,0.43550296496000984,0.8410838563382814,0.5154362226198487,1.4799918995124646,0.009272458665344017,0.009272458665344017,0.0,1.4707194408471216,0.0,0.0,1.4707194408471216,0.0,0.009272458665344017,0.0,4.500465633066551,324.9463460141424,468.8717935405179,9.700521190742284,323.46635411462995,0.0,0.0,0.0,66296.03261754404,-77031.55011445763,-1.1458951121312565e-15,0.0,-2.7214549481868747e-10,-1.1102230246251565e-15
closure_hypothesis,once_through,735.7105696069284,4.5871541884889,19674.37031364834,88543.80276392633,731.1234154184399,1820000.0000000065,8191456.197236069,0.0,9864.55488755929,1820000.0000000065,8190000.0,0.0,273.0,0.2082504362941518,0.05414511343647947,0.383009880344692,0.2958548865635205,1.0,0.43474234002078443,0.8407496663632956,0.5146766685544284,1.4831042230592146,0.009247152385491004,0.009247152385491004,0.0,1.4738570706737244,0.0,0.0,1.4738570706737244,0.0,0.009247152385491004,0.0,4.500464378394996,325.629686351656,468.6131357209032,9.714837111313969,324.1465821285968,0.0,0.0,0.0,66539.76803157915,-77312.04153436312,-6.87537067278754e-16,0.0,-3.265745937824249e-10,-6.661338147750939e-16
closure_hypothesis,once_through,737.2503496134917,4.57466626037163,19673.68879825179,88540.71107211559,732.6756833531206,1826666.6666666733,8221459.28892788,0.0,9901.314979738247,1826666.6666666733,8220000.0,0.0,274.0,0.2086862868465438,0.05425843458010139,0.3844066574222903,0.2957415654198986,1.0,0.4339850695698953,0.8404163688820547,0.5139200579386902,1.4862082347788457,0.00922197822095796,0.00922197822095796,0.0,1.4769862565578886,0.0,0.0,1.4769862565578886,0.0,0.00922197822095796,0.0,4.5004631302281926,326.3112017482007,468.35516867750357,9.729139625440522,324.8249935134218,0.0,0.0,0.0,66783.50344561422,-77592.53704057714,-9.167160897050052e-16,0.0,-2.7214549481868747e-10,-8.881784197001252e-16
closure_hypothesis,once_through,738.7860276281428,4.562243364281255,19673.00909842022,88537.6276798731,734.2237842638621,1833333.33333334,8251462.372320122,0.0,9938.079154404482,1833333.33333334,8250000.0,0.0,275.0,0.20912097628797632,0.054371453834873844,0.3857965639848794,0.2956285461651261,1.0,0.4332311303087897,0.8400839593091946,0.5131663721079114,1.4893039773750205,0.009196935153187296,0.009196935153187296,0.0,1.480107042221834,0.0,0.0,1.480107042221834,0.0,0.009196935153187296,0.0,4.500461888516223,326.9909015797732,468.09788886131906,9.74342878209598,325.5015976023982,0.0,0.0,0.0,67027.23885964933,-77873.03662927847,-9.167160897050052e-16,0.0,-2.7214549481868747e-10,-8.881784197001252e-16
closure_hypothesis,once_through,740.3176246734506,4.549885000096386,19672.331204848913,88534.55254433167,735.7677396733549,1840000.0000000068,8281465.447455663,0.0,9974.847407750645,1840000.0000000068,8280000.0,0.0,276.0,0.20955451056910346,0.0544841727479669,0.3871796512726714,0.29551582725203307,1.0,0.4324804991590103,0.839752433094215,0.5124155925617361,1.4923914932267155,0.009172022173994302,0.009172022173994302,0.0,1.4832194710527224,0.0,0.0,1.4832194710527224,0.0,0.009172022173994302,0.0,4.5004606532096885,327.6687951510823,467.8412927503334,9.757704629953464,326.1764036578556,0.0,0.0,0.0,67270.9742736844,-78153.54029665972,-1.375074134557508e-15,0.0,-2.7214549481868747e-10,-1.3322676295501878e-15
closure_hypothesis,once_through,741.8451616125391,4.537590672776166,19671.65510830373,88531.4856229517,737.3075709397635,1846666.6666666735,8311468.514377044,0.0,10011.61973598324,1846666.6666666735,8310000.0,0.0,277.0,0.20998689559544687,0.05459659285481619,0.388555970015527,0.29540340714518376,1.0,0.43173315325957085,0.8394217857211288,0.5116677009623224,1.4954708243914852,0.009147238285436017,0.009147238285436017,0.0,1.4863235861060504,0.0,0.0,1.4863235861060504,0.0,0.009147238285436017,0.0,4.500459424259685,328.34489169626545,467.5853768492433,9.771967217387802,326.849420871874,0.0,0.0,0.0,67514.7096877195,-78434.04803892742,-1.375074134557508e-15,0.0,-3.265745937824249e-10,-1.3322676295501878e-15
closure_hypothesis,once_through,743.368659150686,4.525359892296214,19670.9807996204,88528.4268735179,738.8432992583904,1853333.3333333402,8341471.573126476,0.0,10048.396135322542,1853333.3333333402,8340000.0,0.0,278.0,0.21041813722784813,0.054708715679240516,0.38992557043930126,0.29529128432075946,1.0,0.4309890699643692,0.8390920127081161,0.5109226791325179,1.4985420126086848,0.009122582499682091,0.009122582499682091,0.0,1.489419430109004,0.0,0.0,1.489419430109004,0.0,0.009122582499682091,0.0,4.500458201617801,329.0192003795964,467.3301376891897,9.786216592478079,327.5206583669877,0.0,0.0,0.0,67758.44510175458,-78714.5598523018,-1.375074134557508e-15,0.0,-3.265745937824249e-10,-1.3322676295501878e-15
closure_hypothesis,once_through,744.8881378369023,4.513192173585503,19670.30826970381,88525.37625413618,740.3749456633175,1860000.000000007,8371474.623745859,0.0,10085.17660200251,1860000.000000007,8370000.0,0.0,279.0,0.21084824128291596,0.05482054273355815,0.39128850227209744,0.29517945726644185,1.0,0.43024822683963804,0.8387631096071819,0.5101805090540595,1.5016050993026544,0.009098053838887545,0.009098053838887545,0.0,1.4925070454637683,0.0,0.0,1.4925070454637683,0.0,0.009098053838887545,0.0,4.500456985236112,329.69173029618435,467.07557182749446,9.800452803010144,328.1901251968817,0.0,0.0,0.0,68002.18051578967,-78995.07573301686,-1.375074134557508e-15,0.0,-3.265745937824249e-10,-1.5543122344752192e-15
closure_hypothesis,once_through,746.403618065492,4.501087036464197,19669.637509527332,88522.33372323032,741.9025310290284,1866666.6666666737,8401477.666276766,0.0,10121.96113227071,1866666.6666666737,8399999.999999998,0.0,280.0,0.21127721353346768,0.0549320755187016,0.392644814750426,0.29506792448129837,1.0,0.42951060166143135,0.8384350720038188,0.5094411728657954,1.5046601255858638,0.009073651335067445,0.009073651335067445,0.0,1.4955864742507976,0.0,0.0,1.4955864742507976,0.0,0.009073651335067445,0.0,4.500455775067181,330.36249047266443,466.8216758473978,9.81467589647917,328.85783034707856,0.0,0.0,0.0,68245.91592982475,-79275.59567732013,-1.375074134557508e-15,0.0,-1.0885819792747498e-10,-1.3322676295501878e-15
closure_hypothesis,once_through,747.9151200775921,4.489044005582438,19668.96851013212,88519.29923953873,743.4260760720103,1873333.3333333405,8431480.700760458,0.0,10158.749722388227,1873333.3333333405,8429999.999999998,0.0,281.0,0.21170505970896505,0.055043315524330914,0.39399455662527283,0.2949566844756691,1.0,0.42877617241314775,0.8381078955166739,0.5087046528619376,1.5077071322620161,0.009049374029973524,0.009049374029973524,0.0,1.4986577582320442,0.0,0.0,1.4986577582320442,0.0,0.009049374029973524,0.0,4.500454571064038,331.03148986787903,466.5684463578006,9.828885920092027,329.52378273561703,0.0,0.0,0.0,68489.65134385986,-79556.11968147276,-1.375074134557508e-15,0.0,-1.0885819792747498e-10,-1.5543122344752192e-15
closure_hypothesis,once_through,749.4226639626942,4.477062610360018,19668.301262626446,88516.27276211137,744.9456013523347,1880000.0000000072,8461483.727237886,0.0,10195.542368629584,1880000.0000000072,8459999.999999998,0.0,282.0,0.21213178549594516,0.055154264228945746,0.39533777616807875,0.2948457357710542,1.0,0.42804491728308797,0.8377815757972183,0.5079709314903283,1.5107461598291159,0.009025220974972551,0.009025220974972551,0.0,1.5017209388541444,0.0,0.0,1.5017209388541444,0.0,0.009025220974972551,0.0,4.500453373180189,331.6987373735516,466.31587999300996,9.843082920769845,330.18799121372246,0.0,0.0,0.0,68733.38675789493,-79836.64774174918,-1.1458951121312565e-15,0.0,-1.0885819792747498e-10,-1.1102230246251565e-15
closure_hypothesis,once_through,750.9262696601462,4.46514238492695,19667.635758185046,88513.25425030672,746.4611272752198,1886666.666666674,8491486.74574969,0.0,10232.339067282663,1886666.666666674,8489999.999999998,0.0,283.0,0.21255739653844527,0.05526492309999577,0.3966745211766283,0.2947350769000042,1.0,0.4273168146620482,0.8374561085294242,0.5072399913507413,1.5137772484824954,0.009001191230926539,0.009001191230926539,0.0,1.50477605725157,0.0,0.0,1.50477605725157,0.0,0.009001191230926539,0.0,4.500452181369605,332.36424181495096,466.06397341248737,9.857266945150327,330.8504645664685,0.0,0.0,0.0,68977.12217193002,-80117.17985443736,-1.1458951121312565e-15,0.0,-1.0885819792747498e-10,-1.1102230246251565e-15
closure_hypothesis,once_through,752.4259569606373,4.453282868064966,19666.971988048448,88510.2436637885,747.9726740925729,1893333.3333333407,8521489.756336208,0.0,10269.139814648619,1893333.3333333407,8519999.999999998,0.0,284.0,0.21298189843842333,0.055375293593990065,0.3980048389808557,0.2946247064060099,1.0,0.4265918431409463,0.8371314894294409,0.5065118151931949,1.5168004381178095,0.008977283868074804,0.008977283868074804,0.0,1.5078231542497358,0.0,0.0,1.5078231542497358,0.0,0.008977283868074804,0.0,4.500450995586706,333.0280119515488,465.8127233005996,9.87143803959023,331.511211513431,0.0,0.0,0.0,69220.85758596512,-80397.7160158384,-1.1458951121312565e-15,0.0,-1.0885819792747498e-10,-1.1102230246251565e-15
closure_hypothesis,once_through,753.921745507663,4.441483603149826,19666.309943522327,88507.24096252276,749.4802619045138,1900000.0000000075,8551492.759037476,0.0,10305.944607041809,1900000.0000000075,8549999.999999998,0.0,285.0,0.21340529675617254,0.05548537715660486,0.3993287764485619,0.29451462284339514,1.0,0.42586998150848276,0.8368077142452799,0.5057863859162965,1.5198157683339875,0.00895349796591767,0.00895349796591767,0.0,1.5108622703680712,0.0,0.0,1.5108622703680712,0.0,0.00895349796591767,0.0,4.500449815786372,333.6900564776681,465.56212636637366,9.885596250167671,332.1702407093341,0.0,0.0,0.0,69464.59300000021,-80678.25622226669,-1.1458951121312565e-15,0.0,0.0,-1.3322676295501878e-15
closure_hypothesis,once_through,755.4136547989727,4.429744138094511,19665.649615976872,88504.24610677491,750.9839106608788,1906666.6666666742,8581495.753893223,0.0,10342.753440789706,1906666.6666666742,8579999.999999998,0.0,286.0,0.21382759701073129,0.05559517522279014,0.4006463799910501,0.29440482477720986,1.0,0.42515120874883383,0.8364847787564996,0.5050636865656049,1.522823278436153,0.008929832613101962,0.008929832613101962,0.0,1.5138934458230522,0.0,0.0,1.5138934458230522,0.0,0.008929832613101962,0.0,4.500448641923927,334.35038402312375,465.312179343254,9.899741622684507,332.8275607446876,0.0,0.0,0.0,69708.32841403528,-80958.80047004965,-1.1458951121312565e-15,0.0,0.0,-1.1102230246251565e-15
closure_hypothesis,once_through,756.901704188001,4.41806402529326,19664.99099684614,88501.25905710671,752.4836401627083,1913333.333333341,8611498.740942892,0.0,10379.566312232819,1913333.333333341,8609999.999999998,0.0,287.0,0.21424880468028798,0.055704689216874874,0.4019576955686785,0.2942953107831251,1.0,0.4244355040393773,0.8361626787738974,0.5043437003320153,1.5258230074385073,0.008906286907308176,0.008906286907308176,0.0,1.5169167205312002,0.0,0.0,1.5169167205312002,0.0,0.008906286907308176,0.0,4.500447473955137,335.009003153856,465.0628789888632,9.913874202668621,333.48318014641745,0.0,0.0,0.0,69952.06382807039,-81239.34875552787,-1.1458951121312565e-15,0.0,0.0,-1.1102230246251565e-15
closure_hypothesis,once_through,758.3859128852787,4.4064428215664,19664.334077627438,88498.2797743734,753.979470063713,1920000.0000000077,8641501.720225625,0.0,10416.383217724622,1920000.0000000077,8639999.999999998,0.0,288.0,0.21466892520258088,0.05581392055267103,0.4032627686963323,0.29418607944732894,1.0,0.4237228467484504,0.8358414101392028,0.5036264105501663,1.5288149940671756,0.008882859955139273,0.008882859955139273,0.0,1.5199321341120378,0.0,0.0,1.5199321341120378,0.0,0.008882859955139273,0.0,4.500446311836204,335.6659223725552,464.8142220847648,9.927994035376246,334.13710737848805,0.0,0.0,0.0,70195.79924210548,-81519.90107505477,-1.6042531569837592e-15,0.0,0.0,-1.5543122344752192e-15
closure_hypothesis,once_through,759.8662999598298,4.39488008810603,19663.67884988071,88495.30821972071,755.4714198717245,1926666.6666666744,8671504.691780277,0.0,10453.204153631475,1926666.6666666744,8669999.999999998,0.0,289.0,0.2150879639752931,0.055922870633576205,0.4045616444488155,0.2940771293664238,1.0,0.4230132164331388,0.8355209687247759,0.5029118006968685,1.5317992767630215,0.008859550872011183,0.008859550872011183,0.0,1.5229397258910118,0.0,0.0,1.5229397258910118,0.0,0.008859550872011183,0.0,4.500445155523762,336.32115011927993,464.56620543622984,9.942101165794208,334.7893508425169,0.0,0.0,0.0,70439.53465614056,-81800.45742499671,-1.375074134557508e-15,0.0,0.0,-1.5543122344752192e-15
closure_hypothesis,once_through,761.342884340549,4.383375390422463,19663.025305227926,88492.34435458209,756.9595089501272,1933333.3333333412,8701507.655645415,0.0,10490.029116332538,1933333.3333333412,8699999.999999998,0.0,290.0,0.21550592635644275,0.056031540852675116,0.4058543674661649,0.29396845914732483,1.0,0.4223065928370968,0.8352013504333083,0.5021998543895528,1.5347758936844258,0.008836358782044834,0.008836358782044834,0.0,1.5259395349023823,0.0,0.0,1.5259395349023823,0.0,0.008836358782044834,0.0,4.500444004974866,336.97469477206675,464.318825872006,9.956195638642173,335.43991887838234,0.0,0.0,0.0,70683.27007017565,-82081.01780173287,-1.375074134557508e-15,0.0,0.0,-1.3322676295501878e-15
closure_hypothesis,once_through,762.8156848175638,4.37192829829146,19662.373435352456,88489.38814067582,758.4437565192732,1940000.000000008,8731510.611859322,0.0,10526.858102219709,1940000.000000008,8729999.999999998,0.0,291.0,0.2159228176647686,0.056139932592839836,0.40714098195888804,0.29386006740716014,1.0,0.4216029558883977,0.8348825511975299,0.5014905553847406,1.5377448827100304,0.008813282817959787,0.008813282817959787,0.0,1.5289315998920723,0.0,0.0,1.5289315998920723,0.0,0.008813282817959787,0.0,4.500442860146991,337.6265646475331,464.0720802440894,9.970277498374879,336.08881976482303,0.0,0.0,0.0,70927.00548421075,-82361.58220165512,-1.6042531569837592e-15,0.0,0.0,-1.5543122344752192e-15
closure_hypothesis,once_through,764.2847200435806,4.360538385702253,19661.723231998516,88486.43954000242,759.9241816578791,1946666.6666666747,8761513.560459994,0.0,10563.691107697541,1946666.6666666747,8759999.999999998,0.0,292.0,0.21633864318011076,0.0562480472268288,0.40842153171312445,0.2937519527731712,1.0,0.4209022856974139,0.8345645669799153,0.5007838875765336,1.5407062814414532,0.008790322120969458,0.008790322120969458,0.0,1.5319159593204852,0.0,0.0,1.5319159593204852,0.0,0.008790322120969458,0.0,4.500441720998034,338.2767680014729,463.8259654274987,9.984346789184311,336.73606172003144,0.0,0.0,0.0,71170.74089824586,-82642.15062116807,-1.6042531569837592e-15,0.0,-1.0885819792747498e-10,-1.5543122344752192e-15
closure_hypothesis,once_through,765.750008535213,4.349205230806296,19661.074686970544,88483.49851484159,761.4008033044074,1953333.3333333414,8791516.501485154,0.0,10600.528129183165,1953333.3333333414,8789999.999999998,0.0,293.0,0.21675340814378702,0.056355886117384624,0.40969606009573295,0.29364411388261535,1.0,0.4202045625547266,0.8342473937723982,0.5000798349951229,1.5436601272059651,0.008767475840677795,0.008767475840677795,0.0,1.5348926513652887,0.0,0.0,1.5348926513652887,0.0,0.008767475840677795,0.0,4.500440587486293,338.9253130294448,463.58047832005303,9.9984035550019,337.38165290223884,0.0,0.0,0.0,71414.47631228094,-82922.72305668877,-1.375074134557508e-15,0.0,-1.0885819792747498e-10,-1.3322676295501878e-15
closure_hypothesis,once_through,767.2115686742954,4.33792841586679,19660.427792132636,88480.56502774984,762.8736402584293,1960000.0000000081,8821519.434972245,0.0,10637.369163106223,1960000.0000000081,8819999.999999998,0.0,294.0,0.21716711775896444,0.056463450617330754,0.4109646100593061,0.2935365493826692,1.0,0.4195097669290648,0.833931027596086,0.49937838180531957,1.5466064570591387,0.008744743134977544,0.008744743134977544,0.0,1.5378617139241624,0.0,0.0,1.5378617139241624,0.0,0.008744743134977544,0.0,4.5004394595704795,339.5722078673533,463.33561584215187,10.012447839500645,338.0256014102942,0.0,0.0,0.0,71658.21172631603,-83203.29950464693,-1.375074134557508e-15,0.0,-2.1771639585494996e-10,-1.3322676295501878e-15
closure_hypothesis,once_through,768.6694187091806,4.326707527208899,19659.782539407966,88477.63904155744,764.3427111819724,1966666.666666675,8851522.360958438,0.0,10674.21420590879,1966666.666666675,8849999.999999998,0.0,295.0,0.2175797771910268,0.056570742069666974,0.41222722414711316,0.29342925793033303,1.0,0.4188178794652716,0.8336154645009796,0.49867951230510305,1.5495453077874628,0.008722123169949874,0.008722123169949874,0.0,1.5408231846175144,0.0,0.0,1.5408231846175144,0.0,0.008722123169949874,0.0,4.500438337209698,340.2174605920234,463.0913749365574,10.026479686097252,338.6679152842359,0.0,0.0,0.0,71901.94714035111,-83483.87996148458,-1.375074134557508e-15,0.0,-1.0885819792747498e-10,-1.5543122344752192e-15
closure_hypothesis,once_through,770.1235767560219,4.315542155170733,19659.138920778223,88474.72051936609,765.8080346008518,1973333.3333333416,8881525.279480629,0.0,10711.0632540453,1973333.3333333416,8879999.999999998,0.0,296.0,0.21799139156793748,0.05667776180766375,0.41348394449797127,0.2933222381923362,1.0,0.41812888098229956,0.8333007005656948,0.497983210924188,1.5524767159109292,0.008699615119765577,0.008699615119765577,0.0,1.543777100791165,0.0,0.0,1.543777100791165,0.0,0.008699615119765577,0.0,4.500437220363452,340.86107922176745,462.8477525681798,10.040499137954251,339.3086025058565,0.0,0.0,0.0,72145.6825543862,-83764.46442365617,-1.375074134557508e-15,0.0,-2.1771639585494996e-10,-1.3322676295501878e-15
closure_hypothesis,once_through,771.5740608000391,4.304431894054997,19658.496928283043,88471.80942454608,767.2696289059846,1980000.0000000084,8911528.19057545,0.0,10747.916303982482,1980000.0000000084,8909999.999999998,0.0,297.0,0.21840196598059772,0.056784511154955405,0.41473481285104813,0.29321548884504456,1.0,0.4174427524712335,0.83298673189719,0.49728946222261344,1.5554007176855826,0.008677218166587588,0.008677218166587588,0.0,1.5467234995189962,0.0,0.0,1.5467234995189962,0.0,0.008677218166587588,0.0,4.500436108991631,341.5030717169463,462.6047457238654,10.054506237982038,339.9476709992607,0.0,0.0,0.0,72389.4179684213,-84045.05288762845,-1.1458951121312565e-15,0.0,-1.0885819792747498e-10,-1.1102230246251565e-15
closure_hypothesis,once_through,773.020888696771,4.293376342081343,19657.856554019465,88468.90572073389,768.7275123546902,1986666.6666666751,8941531.094279263,0.0,10784.773352199269,1986666.6666666751,8939999.999999998,0.0,298.0,0.21881150548320122,0.056890991425632316,0.4159798705505967,0.29310900857436767,1.0,0.4167594750933399,0.8326735546304932,0.49659825088934517,1.5583173491060465,0.008654931500474937,0.008654931500474937,0.0,1.5496624176055729,0.0,0.0,1.5496624176055729,0.0,0.008654931500474937,0.0,4.500435003054519,342.143445980523,462.3623514121865,10.068501028840974,340.5851286314169,0.0,0.0,0.0,72633.15338245638,-84325.64534988032,-1.375074134557508e-15,0.0,-1.0885819792747498e-10,-1.3322676295501878e-15
closure_hypothesis,once_through,774.4640781733117,4.282375101339432,19657.217790141378,88466.0093718295,770.1817030719728,1993333.3333333419,8971533.990628168,0.0,10821.634395186755,1993333.3333333419,8969999.999999998,0.0,299.0,0.21922001509358416,0.056997203924331885,0.41721915855062164,0.2930027960756681,1.0,0.4160790301781428,0.8323611649284356,0.49590956174089945,1.5612266459080155,0.008632754319288134,0.008632754319288134,0.0,1.5525938915887285,0.0,0.0,1.5525938915887285,0.0,0.008632754319288134,0.0,4.500433902512774,342.7822098586103,462.1205666632341,10.082483552943424,341.2209832127023,0.0,0.0,0.0,72876.88879649148,-84606.24180690291,-1.1458951121312565e-15,0.0,0.0,-1.1102230246251565e-15
closure_hypothesis,once_through,775.9036468295326,4.2714277777426375,19656.58062885898,88463.12034199385,771.6322190517906,2000000.0000000086,9001536.879658004,0.0,10858.4994294481,2000000.0000000086,8999999.999999998,0.0,300.0,0.21962749979357093,0.057103149946328445,0.41845271741948,0.29289685005367155,1.0,0.4154013992215271,0.832049558981387,0.49522337971998587,1.564128643570718,0.008610685828595827,0.008610685828595827,0.0,1.5555179577421234,0.0,0.0,1.5555179577421234,0.0,0.008610685828595827,0.0,4.5004328073274324,343.41937114101154,461.87938852841415,10.096453852455733,341.8552424974408,0.0,0.0,0.0,73120.62421052657,-84886.84225519934,-1.1458951121312565e-15,0.0,0.0,-1.3322676295501878e-15
closure_hypothesis,once_through,777.33961213929,4.260533980982421,19655.945062438237,88460.23859564643,773.0790781583082,2006666.6666666754,9031539.76140435,0.0,10895.368451498472,2006666.6666666754,9029999.999999998,0.0,301.0,0.22003396452931617,0.057208830777622205,0.41968058734441793,0.2927911692223778,1.0,0.41472656388386625,0.8317387330069936,0.4945396898941644,1.5670233773193518,0.008588725241582842,0.008588725241582842,0.0,1.5584346520777703,0.0,0.0,1.5584346520777703,0.0,0.008588725241582842,0.0,4.500431717459904,344.05493756175497,461.63881408024395,10.110411969300262,342.4879141844356,0.0,0.0,0.0,73364.35962456165,-85167.4466912848,-1.375074134557508e-15,0.0,-1.0885819792747498e-10,-1.3322676295501878e-15
closure_hypothesis,once_through,778.771991451619,4.249693324483363,19655.31108320037,88457.36409746276,774.5222981271362,2013333.333333342,9061542.635902533,0.0,10932.241457864979,2013333.333333342,9059999.999999998,0.0,302.0,0.22043941421164245,0.05731424769502704,0.4209028081360421,0.29268575230497296,1.0,0.41405450598817656,0.8314286832499205,0.4938584774545213,1.5699108821274896,0.00856687177895952,0.00856687177895952,0.0,1.5613440103485312,0.0,0.0,1.5613440103485312,0.0,0.00856687177895952,0.0,4.500430632871963,344.68891679962223,461.39884041215294,10.12435794515736,343.11900591749475,0.0,0.0,0.0,73608.09503859673,-85448.05511168638,-1.1458951121312565e-15,0.0,-1.0885819792747498e-10,-1.1102230246251565e-15
closure_hypothesis,once_through,780.200801991912,4.238905425358812,19654.67868352132,88454.49681237202,775.9618965665538,2020000.0000000088,9091545.503187623,0.0,10969.118445086586,2020000.0000000088,9089999.999999998,0.0,303.0,0.2208438537163742,0.05741940196625729,0.4221194192327291,0.2925805980337427,1.0,0.41338520751829544,0.8311194059815963,0.49317972771436364,1.5727911927194556,0.008545124668872322,0.008545124668872322,0.0,1.5642460680505845,0.0,0.0,1.5642460680505845,0.0,0.008545124668872322,0.0,4.500429553525755,345.3213164786701,461.15946463828493,10.138291821467295,343.7485252859506,0.0,0.0,0.0,73851.83045263182,-85728.66751294308,-1.1458951121312565e-15,0.0,-2.1771639585494996e-10,-1.3322676295501878e-15
closure_hypothesis,once_through,781.6260608630853,4.228169904367197,19654.047855831242,88451.63670555447,777.3978909587187,2026666.6666666756,9121548.363294441,0.0,11005.999409714066,2026666.6666666756,9119999.999999998,0.0,304.0,0.22124728788466744,0.057524294850013535,0.42333045970497285,0.29247570514998644,1.0,0.412718650617085,0.8308108974999602,0.4925034261079285,1.5756643435726763,0.008523483146815745,0.008523483146815745,0.0,1.5671408604258616,0.0,0.0,1.5671408604258616,0.0,0.008523483146815745,0.0,4.500428479383771,345.9521441687467,460.920683893303,10.1522136394322,344.37647982517404,0.0,0.0,0.0,74095.56586666692,-86009.28389160565,-1.1458951121312565e-15,0.0,-1.0885819792747498e-10,-1.1102230246251565e-15
closure_hypothesis,once_through,783.0477850467297,4.2174863858689315,19653.41859261399,88448.78374243932,778.8302986608614,2033333.3333333423,9151551.216257555,0.0,11042.88434830992,2033333.3333333423,9149999.999999998,0.0,305.0,0.2216497215233361,0.057628927596067386,0.42453596825967105,0.29237107240393256,1.0,0.4120548175846596,0.8305031541292135,0.49182955818910934,1.5785303689200014,0.00850194645554546,0.00850194645554546,0.0,1.5700284224644572,0.0,0.0,1.5700284224644572,0.0,0.00850194645554546,0.0,4.50042741040887,346.58140738600076,460.68249533219614,10.166123440017998,345.0028770170808,0.0,0.0,0.0,74339.30128070201,-86289.9042442366,-1.375074134557508e-15,0.0,-2.1771639585494996e-10,-1.1102230246251565e-15
closure_hypothesis,once_through,784.4659914042501,4.206854497783914,19652.790886406605,88445.93788870222,780.2591369064667,2040000.000000009,9181554.062111292,0.0,11079.773257448316,2040000.000000009,9179999.999999998,0.0,306.0,0.22205115940517398,0.057733301445345234,0.4257359832443519,0.29226669855465476,1.0,0.41139369087663724,0.8301961722195729,0.4911581096301996,1.5813893027519996,0.008480513844992637,0.008480513844992637,0.0,1.572908788907008,0.0,0.0,1.572908788907008,0.0,0.008480513844992637,0.0,4.500426346564257,347.2091135933861,460.444896130089,10.180021263956275,345.62772429063415,0.0,0.0,0.0,74583.03669473711,-86570.5285674101,-9.167160897050052e-16,0.0,-2.1771639585494996e-10,-8.881784197001252e-16
closure_hypothesis,once_through,785.8806966779896,4.19627387154967,19652.16472979883,88443.09911026295,781.6844228064404,2046666.6666666758,9211556.90088973,0.0,11116.666133715013,2046666.6666666758,9209999.999999998,0.0,307.0,0.2224516062692734,0.05783741763001109,0.4269305426513423,0.2921625823699889,1.0,0.4107352531024144,0.8298899481470262,0.49048906622065,1.5842411788192254,0.008459184572179548,0.008459184572179548,0.0,1.5757819942470468,0.0,0.0,1.5757819942470468,0.0,0.008459184572179548,0.0,4.500425287813487,347.8352702011592,460.2078834820529,10.1939071517462,346.25102902233994,0.0,0.0,0.0,74826.77210877219,-86851.15685771187,-9.167160897050052e-16,0.0,-3.265745937824249e-10,-8.881784197001252e-16
closure_hypothesis,once_through,787.2919174923422,4.185744142080038,19651.54011543262,88440.26737328304,783.1061733502627,2053333.3333333426,9241559.732626712,0.0,11153.56297370731,2053333.3333333426,9239999.999999998,0.0,308.0,0.22285106682133987,0.057941277373548365,0.42811968412187673,0.2920587226264516,1.0,0.41007948702346414,0.829584478313093,0.4898224138658459,1.5870860306344627,0.008437957901136307,0.008437957901136307,0.0,1.5786480727333274,0.0,0.0,1.5786480727333274,0.0,0.008437957901136307,0.0,4.500424234120445,348.45988456737126,459.9714546029204,10.207781143656312,346.8727985367368,0.0,0.0,0.0,75070.50752280728,-87131.78911173926,-9.167160897050052e-16,0.0,-2.1771639585494996e-10,-8.881784197001252e-16
closure_hypothesis,once_through,788.6996703548518,4.175264947724473,19650.91703600164,88437.44264416378,784.5244054071278,2060000.0000000093,9271562.55735583,0.0,11190.463774033964,2060000.0000000093,9269999.999999998,0.0,309.0,0.22324954573400332,0.058044881890840866,0.42930344495015194,0.2919551181091591,1.0,0.4094263755516564,0.8292797591445856,0.4891581385858954,1.5899238914749385,0.008416833102818811,0.008416833102818811,0.0,1.5815070583721207,0.0,0.0,1.5815070583721207,0.0,0.008416833102818811,0.0,4.500423185449369,349.08296399835535,459.7356067270999,10.221643279726415,347.4930401068804,0.0,0.0,0.0,75314.24293684238,-87412.42532610102,-9.167160897050052e-16,0.0,-2.1771639585494996e-10,-8.881784197001252e-16
closure_hypothesis,once_through,790.1039716572984,4.164835930227874,19650.29548425079,88434.62488954363,785.939135727071,2066666.666666676,9301565.37511045,0.0,11227.368531315135,2066666.666666676,9299999.999999998,0.0,310.0,0.22364704764712548,0.058148232388252626,0.43048186208732214,0.29185176761174736,1.0,0.40877590174760153,0.8289757870933746,0.48849622651443636,1.5927547943845146,0.008395809455027766,0.008395809455027766,0.0,1.5843589849294877,0.0,0.0,1.5843589849294877,0.0,0.008395809455027766,0.0,4.500422141764826,349.7045157492065,459.50033710839443,10.235493599769367,348.111760954822,0.0,0.0,0.0,75557.97835087746,-87693.06549741726,-9.167160897050052e-16,0.0,-3.265745937824249e-10,-8.881784197001252e-16
closure_hypothesis,once_through,791.5048376767721,4.15445673469101,19649.675452975735,88431.81407629626,787.3503809420815,2073333.3333333428,9331568.185923697,0.0,11264.27724218232,2073333.3333333428,9329999.999999998,0.0,311.0,0.22404357716810397,0.05825133006370704,0.4316549721454422,0.29174866993629295,1.0,0.4081280488190151,0.8286725586361557,0.4878366638974565,1.5955787721758512,0.008374886242328912,0.008374886242328912,0.0,1.5872038859335231,0.0,0.0,1.5872038859335231,0.0,0.008374886242328912,0.0,4.500421103031714,350.3245470242576,459.2656430198219,10.249332143372895,348.72896825208176,0.0,0.0,0.0,75801.71376491255,-87973.70962231954,-9.167160897050052e-16,0.0,-2.1771639585494996e-10,-8.881784197001252e-16
closure_hypothesis,once_through,792.9022845767346,4.144127009531491,19649.056935022443,88429.01017152824,788.7581575672035,2080000.0000000095,9361570.989828466,0.0,11301.18990327829,2080000.0000000095,9359999.999999998,0.0,312.0,0.2244391388721727,0.0583541761067649,0.43282281140135404,0.29164582389323507,1.0,0.40748280011910454,0.8283700702742208,0.4871794370921296,1.5983958574325476,0.008354062755974343,0.008354062755974343,0.0,1.5900417946765741,0.0,0.0,1.5900417946765741,0.0,0.008354062755974343,0.0,4.500420069215258,350.9430649775486,459.03152175343666,10.263158949901367,349.34466912011607,0.0,0.0,0.0,76045.44917894762,-88254.35769745058,-9.167160897050052e-16,-2.3283064365386963e-10,-2.1771639585494996e-10,-8.881784197001252e-16
closure_hypothesis,once_through,794.2963284080682,4.133846406445252,19648.439923286704,88426.21314257685,790.1624820016234,2086666.6666666763,9391573.786857417,0.0,11338.10651125702,2086666.6666666763,9389999.999999998,0.0,313.0,0.22483373730269887,0.058456771698701705,0.43398541580052197,0.29154322830129825,1.0,0.40684013914497763,0.8280683185332302,0.4865245325656656,1.6012060825112564,0.008333338293824854,0.008333338293824854,0.0,1.5928727442174324,0.0,0.0,1.5928727442174324,0.0,0.008333338293824854,0.0,4.500419040281001,351.5600767132916,458.7979706201542,10.276974058497567,349.9588706307803,0.0,0.0,0.0,76289.18459298274,-88535.00971946443,-9.167160897050052e-16,0.0,-2.1771639585494996e-10,-8.881784197001252e-16
closure_hypothesis,once_through,795.6869851101136,4.123614580368614,19647.824410713663,88423.4229570081,791.5633705297454,2093333.333333343,9421576.577042984,0.0,11375.027062783633,2093333.333333343,9419999.999999998,0.0,314.0,0.22522737697147657,0.05855911801258391,0.43514282096081314,0.2914408819874161,1.0,0.40620004953607125,0.8277672999629885,0.48587193689417707,1.6040094795437756,0.008312712160273482,0.008312712160273482,0.0,1.595696767383503,0.0,0.0,1.595696767383503,0.0,0.008312712160273482,0.0,4.500418016194818,352.1755892863294,458.5649869495771,10.2907775080844,350.5715798067856,0.0,0.0,0.0,76532.92000701783,-88815.66568502614,-9.167160897050052e-16,-2.3283064365386963e-10,-3.265745937824249e-10,-8.881784197001252e-16
closure_hypothesis,once_through,797.0742705116945,4.113431189440838,19647.210390297405,88420.63958261436,792.9608393222542,2100000.00000001,9451579.360417377,0.0,11411.951554534335,2100000.00000001,9449999.999999998,0.0,315.0,0.22562006235901708,0.05866121621334444,0.43629506217622815,0.29133878378665556,1.0,0.40556251507260144,0.8274670111372223,0.4852216367615553,1.6068060804391147,0.008292183666169997,0.008292183666169997,0.0,1.5985138967729455,0.0,0.0,1.5985138967729455,0.0,0.008292183666169997,0.0,4.500416996922885,352.78960970258953,458.3325680898232,10.30456933736669,351.1828036221504,0.0,0.0,0.0,76776.65542105291,-89096.32559081192,-9.167160897050052e-16,0.0,-4.354327917098999e-10,-8.881784197001252e-16
closure_hypothesis,once_through,798.4582003321319,4.103295894967196,19646.597855080458,88417.86298741246,794.3549044371653,2106666.6666666763,9481582.137012579,0.0,11448.879983196357,2106666.6666666763,9479999.999999998,0.0,316.0,0.22601179791483567,0.058763067457857275,0.43744217442057987,0.2912369325421427,1.0,0.4049275196740334,0.827167448653361,0.48457361895836587,1.609595916885538,0.00827175212874647,0.00827175212874647,0.0,1.6013241647567926,0.0,0.0,1.6013241647567926,0.0,0.00827175212874647,0.0,4.500415982431701,353.40214491953293,458.1007114073562,10.318349584832838,351.7925490026474,0.0,0.0,0.0,77020.390835088,-89376.98943350902,-1.1458951121312565e-15,0.0,-4.354327917098999e-10,-1.1102230246251565e-15
closure_hypothesis,once_through,799.8387901822458,4.093208361382578,19645.986798153393,88415.09313964158,795.7455818208637,2113333.333333343,9511584.90686035,0.0,11485.812345467883,2113333.333333343,9509999.999999998,0.0,317.0,0.22640258805773533,0.05886467289501119,0.4385841923511226,0.2911353271049888,1.0,0.40429504739757194,0.8268686091323201,0.483927870380756,1.6123790203525856,0.008251416871543911,0.008251416871543911,0.0,1.6041276034810426,0.0,0.0,1.6041276034810426,0.0,0.008251416871543911,0.0,4.5004149726880645,354.0132018465974,457.8694142868174,10.332118288756512,352.4008228262448,0.0,0.0,0.0,77264.12624912307,-89657.65720981563,-9.167160897050052e-16,0.0,-4.354327917098999e-10,-8.881784197001252e-16
closure_hypothesis,once_through,801.2160555653459,4.083168256215564,19645.377212654355,88412.33000776124,797.1328873091309,2120000.0000000093,9541587.66999223,0.0,11522.748638057996,2120000.0000000093,9539999.999999998,0.0,318.0,0.2267924371760872,0.05896603366578268,0.4397211503121314,0.2910339663342173,1.0,0.40366508243667126,0.8265704892182862,0.4832843780293734,1.6151554220930693,0.00823117722433983,0.00823117722433983,0.0,1.6069242448687306,0.0,0.0,1.6069242448687306,0.0,0.00823117722433983,0.0,4.500413967659089,354.6227873456361,457.6386741308597,10.34587548719836,353.007631923543,0.0,0.0,0.0,77507.86166315815,-89938.32891644082,-1.1458951121312565e-15,0.0,-3.265745937824249e-10,-1.1102230246251565e-15
closure_hypothesis,once_through,802.5900118782113,4.073175250053005,19644.76909176864,88409.57356044915,798.5168366281588,2126666.666666676,9571590.426439544,0.0,11559.68885768662,2126666.666666676,9569999.999999998,0.0,319.0,0.22718134962810785,0.059067150903308045,0.44085308233843357,0.2909328490966919,1.0,0.4030376091195646,0.8262730855785058,0.4826431290083017,1.6179251531450485,0.008211032523076851,0.008211032523076851,0.0,1.6097141206219725,0.0,0.0,1.6097141206219725,0.0,0.008211032523076851,0.0,4.500412967312182,355.23090823135107,457.4084883599838,10.359621218007637,353.612983078206,0.0,0.0,0.0,77751.59707719326,-90219.00455010455,-1.1458951121312565e-15,0.0,-3.265745937824249e-10,-8.881784197001252e-16
closure_hypothesis,once_through,803.9606744120586,4.063229016505086,19644.16242872827,88406.82376659932,799.897445395554,2133333.3333333423,9601593.176233394,0.0,11596.633001084456,2133333.3333333423,9599999.999999998,0.0,320.0,0.22756932974213318,0.05916802573295463,0.44198002215889204,0.2908319742670453,1.0,0.40241261190781263,0.8259763949030745,0.48200411052400677,1.6206882443337804,0.008190982109792272,0.008190982109792272,0.0,1.6124972622239893,0.0,0.0,1.6124972622239893,0.0,0.008190982109792272,0.0,4.500411971615052,355.83757127172186,457.1788544123757,10.373355518823878,354.21688302738806,0.0,0.0,0.0,77995.33249122833,-90499.68410753745,-9.167160897050052e-16,0.0,-3.265745937824249e-10,-1.1102230246251565e-15
closure_hypothesis,once_through,805.3280583534993,4.053329232170883,19643.55721681156,88404.08059532009,801.274729121329,2140000.000000009,9631595.919404672,0.0,11633.58106499292,2140000.000000009,9629999.999999998,0.0,321.0,0.22795638181688968,0.05926865927239132,0.44310200319984194,0.29073134072760864,1.0,0.40179007539487116,0.8256804139047313,0.48136730988429893,1.623444726273652,0.00817102533254864,0.00817102533254864,0.0,1.6152737009411045,0.0,0.0,1.6152737009411045,0.0,0.00817102533254864,0.0,4.500410980535702,356.44278318842913,456.94976974374646,10.387078427078475,354.8193384621555,0.0,0.0,0.0,78239.06790526341,-90780.367585481,-1.1458951121312565e-15,0.0,-3.265745937824249e-10,-1.1102230246251565e-15
closure_hypothesis,once_through,806.6921787854869,4.043475576604347,19642.953449342716,88401.34401593209,802.6487032088831,2146666.6666666754,9661598.655984059,0.0,11670.533046164095,2146666.6666666754,9659999.999999998,0.0,322.0,0.2283425101217623,0.059369052631658197,0.44421905858848076,0.2906309473683418,1.0,0.40116998430467676,0.8253851393186523,0.4807327144973036,1.6261946293700873,0.00815116154536517,0.00815116154536517,0.0,1.6180434678247233,0.0,0.0,1.6180434678247233,0.0,0.00815116154536517,0.0,4.500409994042426,357.04655065727405,456.7212318271734,10.400789979996347,355.42035602790395,0.0,0.0,0.0,78482.80331929849,-91061.05498068726,-1.1458951121312565e-15,0.0,-4.354327917098999e-10,-1.1102230246251565e-15
closure_hypothesis,once_through,808.0530506882524,4.0336677322807875,19642.351119691397,88398.61399796636,804.0193829559722,2153333.333333342,9691601.386002025,0.0,11707.488941360652,2153333.333333342,9689999.999999998,0.0,323.0,0.2287277188970593,0.05946920691323542,0.44533122115621315,0.29053079308676455,1.0,0.4005523234902516,0.8250905679022488,0.4801003118704492,1.628937983821434,0.008131390108150192,0.008131390108150192,0.0,1.6208065937132852,0.0,0.0,1.6208065937132852,0.0,0.008131390108150192,0.0,4.500409012103801,357.648880308592,456.4932381529436,10.414490214597498,356.01994232477057,0.0,0.0,0.0,78726.53873333358,-91341.74628991891,-1.375074134557508e-15,0.0,-4.354327917098999e-10,-1.3322676295501878e-15
closure_hypothesis,once_through,809.4106889402298,4.023905384563795,19641.750221272327,88395.89051116252,805.3867835556665,2160000.0000000084,9721604.109488828,0.0,11744.448747355813,2160000.0000000084,9719999.999999998,0.0,324.0,0.2291120123542744,0.059569123212111344,0.4464385234419508,0.29043087678788865,1.0,0.3999370779323253,0.8247966964349667,0.47947008960946497,1.6316748196208302,0.008111710386634463,0.008111710386634463,0.0,1.6235631092341969,0.0,0.0,1.6235631092341969,0.0,0.008111710386634463,0.0,4.500408034688699,358.2497787276627,456.26578622839855,10.428179167698593,356.61810390804186,0.0,0.0,0.0,78970.27414736866,-91622.44150994915,-1.1458951121312565e-15,0.0,-4.354327917098999e-10,-1.1102230246251565e-15
closure_hypothesis,once_through,810.7651083189712,4.014188221672612,19641.150747544874,88393.17352546667,806.7509200972992,2166666.666666675,9751606.826474525,0.0,11781.412460933278,2166666.666666675,9749999.999999998,0.0,325.0,0.2294953946763455,0.05966880261584983,0.44754099769536776,0.29033119738415014,1.0,0.3993242327379755,0.8245035217180887,0.4788420354173902,1.6344051665580475,0.008092121752305384,0.008092121752305384,0.0,1.6263130448057432,0.0,0.0,1.6263130448057432,0.0,0.008092121752305384,0.0,4.500407061766263,358.8492524551149,456.03887357778115,10.441856875914562,357.2148472885568,0.0,0.0,0.0,79214.00956140374,-91903.1406375617,-1.1458951121312565e-15,0.0,-3.265745937824249e-10,-1.1102230246251565e-15
closure_hypothesis,once_through,812.1163235020522,4.004515934649946,19640.55269201266,88390.4630110299,808.1118075674028,2173333.3333333414,9781609.53698896,0.0,11818.38007888718,2173333.3333333414,9779999.999999998,0.0,326.0,0.22987787001791118,0.05976824620465691,0.448638675880114,0.29023175379534305,1.0,0.39871377313928497,0.8242110405745384,0.4782161370936003,1.6371290542213168,0.008072623582342134,0.008072623582342134,0.0,1.6290564306389759,0.0,0.0,1.6290564306389759,0.0,0.008072623582342134,0.0,4.5004060933059264,359.44730798732684,455.8124977420836,10.455523375660073,357.81017893310553,0.0,0.0,0.0,79457.74497543882,-92183.84366955067,-1.1458951121312565e-15,0.0,-4.354327917098999e-10,-1.1102230246251565e-15
closure_hypothesis,once_through,813.4643490679662,3.9948882173302125,19639.95604822317,88387.75893820595,809.4694608506364,2180000.000000008,9811612.241061786,0.0,11855.351598022018,2180000.000000008,9809999.999999998,0.0,327.0,0.23025944250556382,0.0598674550514466,0.4497315896769842,0.2901325449485534,1.0,0.39810568449201644,0.8239192498486865,0.47759238253283826,1.6398465119991315,0.008053215259551627,0.008053215259551627,0.0,1.631793296739581,0.0,0.0,1.631793296739581,0.0,0.008053215259551627,0.0,4.500405129277385,360.0439517768229,455.58665627889826,10.469178703151135,358.4041052648238,0.0,0.0,0.0,79701.48038947392,-92464.55060272061,-9.167160897050052e-16,0.0,-3.265745937824249e-10,-1.1102230246251565e-15
closure_hypothesis,once_through,814.8091994970092,3.9853047663082077,19639.360809767328,88385.06127754973,810.8238947307015,2186666.6666666744,9841614.938722441,0.0,11892.327015152603,2186666.6666666744,9839999.999999998,0.0,328.0,0.23064011623810002,0.05996643022190601,0.4508197704870452,0.29003356977809397,1.0,0.3974999522743046,0.8236281464061588,0.4769707597242622,1.6425575690820309,0.00803389617230539,0.00803389617230539,0.0,1.6345236729097263,0.0,0.0,1.6345236729097263,0.0,0.00803389617230539,0.0,4.500404169650613,360.63919023266453,455.3613467622685,10.482822894406588,358.9966326635825,0.0,0.0,0.0,79945.215803509,-92745.26143388628,-9.167160897050052e-16,0.0,-4.354327917098999e-10,-8.881784197001252e-16
closure_hypothesis,once_through,816.1508891721554,3.975765280908189,19638.76697027915,88382.36999981548,812.1751238912476,2193333.333333341,9871617.630000176,0.0,11929.306327104005,2193333.333333341,9869999.999999998,0.0,329.0,0.23101989528676833,0.06006517277455977,0.45190324943472254,0.28993482722544023,1.0,0.39689656208536445,0.8233377271336478,0.4763512567505046,1.6452622544643645,0.0080146657144772,0.0080146657144772,0.0,1.637247588749888,0.0,0.0,1.637247588749888,0.0,0.0080146657144772,0.0,4.500403214395857,361.23302972083786,455.1365667825429,10.496455985249593,359.5877674663735,0.0,0.0,0.0,80188.95121754406,-93025.97615987273,-6.87537067278754e-16,0.0,-4.354327917098999e-10,-8.881784197001252e-16
closure_hypothesis,once_through,817.4894323799218,3.9662694631533966,19638.174523435355,88379.6850759549,813.5231629167688,2200000.0000000075,9901620.314924037,0.0,11966.289530711496,2200000.0000000075,9899999.999999998,0.0,330.0,0.23139878369551428,0.06016368376083372,0.452982057370846,0.2898363162391663,1.0,0.3962954996442156,0.8230479889387244,0.4757338617867395,1.6479605969460367,0.007995523285381669,0.007995523285381669,0.0,1.6399650736606557,0.0,0.0,1.6399650736606557,0.0,0.007995523285381669,0.0,4.500402263483624,361.82547656463674,454.91231394622974,10.510078011309156,360.1775159676907,0.0,0.0,0.0,80432.68663157914,-93306.69477751531,-6.87537067278754e-16,0.0,-3.265745937824249e-10,-6.661338147750939e-16
closure_hypothesis,once_through,818.8248433112246,3.9568170177359487,19637.583462954946,88377.0064771154,814.8680262934892,2206666.666666674,9931622.993522877,0.0,12003.276622820491,2206666.666666674,9929999.999999998,0.0,331.0,0.23177678548122244,0.060261964225117835,0.45405622487565395,0.28973803577488216,1.0,0.3956967507884244,0.8227589287496535,0.4751185630997663,1.6506526251342315,0.007976468289713544,0.007976468289713544,0.0,1.6426761568445187,0.0,0.0,1.6426761568445187,0.0,0.007976468289713544,0.0,4.5004013168846875,362.4165370450415,454.68858587585396,10.523689008021542,360.76588441990725,0.0,0.0,0.0,80676.42204561426,-93587.41728365942,-9.167160897050052e-16,0.0,-3.265745937824249e-10,-6.661338147750939e-16
closure_hypothesis,once_through,820.1571360622254,3.9474076519871635,19636.993782598893,88374.3341746384,816.2097284102387,2213333.3333333405,9961625.665825356,0.0,12040.267600286497,2213333.3333333405,9959999.999999998,0.0,332.0,0.23215390463395622,0.060360015204828615,0.4551257822617599,0.2896399847951714,1.0,0.39510030147285996,0.82247054351521,0.47450534904709857,1.6533383674451188,0.007957500137487883,0.007957500137487883,0.0,1.6453808673076318,0.0,0.0,1.6453808673076318,0.0,0.007957500137487883,0.0,4.500400374570081,363.0062174010934,454.46538020981507,10.537289010631804,361.35287903364826,0.0,0.0,0.0,80920.15745964933,-93868.1436751605,-9.167160897050052e-16,0.0,-2.1771639585494996e-10,-8.881784197001252e-16
closure_hypothesis,once_through,821.4863246351678,3.9380410758482522,19636.405476169723,88371.66814005749,817.5482835593199,2220000.000000007,9991628.331859935,0.0,12077.262459975063,2220000.000000007,9989999.999999998,0.0,333.0,0.23253014511719453,0.06045783773047058,0.45619075957707844,0.2895421622695294,1.0,0.39450613776846744,0.8221828302044982,0.47389420807606886,1.6560178521055418,0.007938618243980974,0.007938618243980974,0.0,1.6480792338615617,0.0,0.0,1.6480792338615617,0.0,0.007938618243980974,0.0,4.500399436511089,363.59452383026525,454.2426946022471,10.550878054195183,361.9385059781597,0.0,0.0,0.0,81163.89287368442,-94148.87394888417,-6.87537067278754e-16,0.0,-3.265745937824249e-10,-8.881784197001252e-16
closure_hypothesis,once_through,822.8124229392057,3.928717001841429,19635.81853751116,88369.0083450969,818.8837059373647,2226666.6666666735,10021630.991654895,0.0,12114.261198761717,2226666.6666666735,10019999.999999998,0.0,334.0,0.23290551086806635,0.06055543282569725,0.4572511866077139,0.2894445671743027,1.0,0.3939142458610562,0.8218957858067728,0.47328512872294315,1.658691107154686,0.0079198220296721,0.0079198220296721,0.0,1.6507712851250145,0.0,0.0,1.6507712851250145,0.0,0.0079198220296721,0.0,4.500398502679261,364.1814624888277,454.02052672288016,10.564456173578517,362.522771381673,0.0,0.0,0.0,81407.62828771948,-94429.60810170586,-6.87537067278754e-16,0.0,-3.265745937824249e-10,-6.661338147750939e-16
closure_hypothesis,once_through,824.1354447912224,3.9194351450413674,19635.232960507776,88366.3547616697,820.2160096461813,2233333.33333334,10051633.645238323,0.0,12151.263813531914,2233333.33333334,10049999.999999998,0.0,335.0,0.23328000579758243,0.060652801507371436,0.4583070928808112,0.2893471984926285,1.0,0.39332461205010344,0.8216094073312604,0.47267809961204194,1.6613581604457293,0.007901110920185991,0.007901110920185991,0.0,1.6534570495255438,0.0,0.0,1.6534570495255438,0.0,0.007901110920185991,0.0,4.500397573046391,364.76703949221206,453.79887425690254,10.578023403461742,363.10568133176633,0.0,0.0,0.0,81651.36370175458,-94710.34613051117,-4.583580448525026e-16,0.0,-3.265745937824249e-10,-6.661338147750939e-16
closure_hypothesis,once_through,825.4554039166393,3.9101952230470687,19634.64873908462,88363.70736187614,821.5452086935926,2240000.0000000065,10081636.292638116,0.0,12188.270301180988,2240000.0000000065,10079999.999999998,0.0,336.0,0.2336536337908643,0.06074994478562472,0.459358507667368,0.28925005521437525,1.0,0.39273722274757267,0.8213236918069861,0.47207310945487857,1.6640190396474748,0.007882484346236123,0.007882484346236123,0.0,1.6561365553012393,0.0,0.0,1.6561365553012393,0.0,0.007882484346236123,0.0,4.500396647584525,365.3512609153678,453.57773490482583,10.5915797783392,363.6872418757203,0.0,0.0,0.0,81895.09911578965,-94991.08803219532,-6.87537067278754e-16,0.0,-3.265745937824249e-10,-6.661338147750939e-16
closure_hypothesis,once_through,826.7723139502181,3.9009969559540756,19634.06586720687,88361.06611800208,822.8713169942644,2246666.666666673,10111638.933881989,0.0,12225.280658614096,2246666.666666673,10109999.999999998,0.0,337.0,0.2340263987073714,0.06084686366391657,0.46040545998501364,0.2891531363360834,1.0,0.3921520644767469,0.8210386362825983,0.4714701470493021,1.6666737722459655,0.0078639417435687,0.0078639417435687,0.0,1.6588098305023975,0.0,0.0,1.6588098305023975,0.0,0.0078639417435687,0.0,4.500395726265956,365.9341327931182,453.35710638235014,10.605125332521096,364.2674590208722,0.0,0.0,0.0,82138.83452982476,-95271.83380366353,-6.87537067278754e-16,0.0,-4.354327917098999e-10,-6.661338147750939e-16
closure_hypothesis,once_through,828.0861884368522,3.8918400663270583,19633.48433887948,88358.43100251713,824.1943483705254,2253333.3333333395,10141641.568997474,0.0,12262.294882746168,2253333.3333333395,10139999.999999998,0.0,338.0,0.23439830438112502,0.06094355913909251,0.4614479786007474,0.2890564408609075,1.0,0.3915691238710769,0.8207542378261985,0.4708692012786537,1.6693223855460815,0.007845482552907389,0.007845482552907389,0.0,1.6614769029931746,0.0,0.0,1.6614769029931746,0.0,0.007845482552907389,0.0,4.500394809063215,366.5156611205102,453.1369864202319,10.618660100134838,364.8463387349641,0.0,0.0,0.0,82382.56994385984,-95552.58344183068,-4.583580448525026e-16,0.0,-4.354327917098999e-10,-4.440892098500626e-16
closure_hypothesis,once_through,829.397040832351,3.8827242791727676,19632.90414814683,88355.8019880734,825.5143165531787,2260000.000000006,10171644.19801192,0.0,12299.312970501851,2260000.000000006,10169999.999999998,0.0,339.0,0.23476935462093018,0.06104003220144185,0.4624860920336451,0.28895996779855815,1.0,0.39098838767304367,0.8204704935251711,0.4702702611109316,1.6719649066731195,0.007827106219898797,0.007827106219898797,0.0,1.6641378004532217,0.0,0.0,1.6641378004532217,0.0,0.007827106219898797,0.0,4.500393895949082,367.09585185316155,452.91737276415205,10.632184115126417,365.42388694648844,0.0,0.0,0.0,82626.30535789492,-95833.33694362144,-9.167160897050052e-16,0.0,-3.265745937824249e-10,-1.1102230246251565e-15
closure_hypothesis,once_through,830.7048845042148,3.8736493219133425,19632.325289092387,88353.17904750357,826.8312351823017,2266666.6666666726,10201646.820952488,0.0,12336.334918815459,2266666.6666666726,10199999.999999998,0.0,340.0,0.23513955321059526,0.06113628383475477,0.4635198285575294,0.2888637161652452,1.0,0.3904098427330346,0.8201874004860153,0.46967331559796693,1.6746013625743563,0.007808812195058668,0.007808812195058668,0.0,1.6667925503792982,0.0,0.0,1.6667925503792982,0.0,0.007808812195058668,0.0,4.50039298689657,367.674710907604,452.6982631745863,10.645697411261752,366.0001095450296,0.0,0.0,0.0,82870.04077192998,-96114.09430597011,-6.87537067278754e-16,0.0,-3.265745937824249e-10,-4.440892098500626e-16
closure_hypothesis,once_through,832.0097327324013,3.8646149243599366,19631.74775583837,88350.56215381942,828.1451178080417,2273333.333333339,10231649.437846174,0.0,12373.360724630922,2273333.333333339,10229999.999999998,0.0,341.0,0.23550890390914875,0.06123231501637868,0.46454921620360434,0.2887676849836213,1.0,0.38983347600823426,0.8199049558341804,0.46907835387460883,1.677231780020593,0.007790599933718709,0.007790599933718709,0.0,1.6694411800868751,0.0,0.0,1.6694411800868751,0.0,0.007790599933718709,0.0,4.500392081878929,368.2522441616225,452.4796554266771,10.659200022128008,366.57501238160194,0.0,0.0,0.0,83113.77618596506,-96394.85552582066,-6.87537067278754e-16,0.0,-2.1771639585494996e-10,-8.881784197001252e-16
closure_hypothesis,once_through,833.3115987100848,3.8556208186867242,19631.1715425454,88347.95128021039,829.4559778913984,2280000.0000000056,10261652.048719782,0.0,12410.390384901733,2280000.0000000056,10259999.999999998,0.0,342.0,0.23587741045105415,0.061328126717274084,0.46557428276305834,0.2886718732827259,1.0,0.3892592745615287,0.8196231567138998,0.468485365157918,1.6798561856076857,0.007772468895974193,0.007772468895974193,0.0,1.6720837167117122,0.0,0.0,1.6720837167117122,0.0,0.007772468895974193,0.0,4.5003911808696415,368.82845745459105,452.26154731010587,10.672691981134971,367.1486012689834,0.0,0.0,0.0,83357.51160000016,-96675.62060012657,-6.87537067278754e-16,0.0,-3.265745937824249e-10,-6.661338147750939e-16
closure_hypothesis,once_through,834.6104955444059,3.846666739405239,19630.596643412184,88345.34640004182,830.763828805001,2286666.666666672,10291654.653599951,0.0,12447.42389659091,2286666.666666672,10289999.999999998,0.0,343.0,0.23624507654642232,0.06142371990206981,0.4665950557896317,0.2885762800979302,1.0,0.3886872255604232,0.81934200028803,0.4678943387463724,1.6824746057580569,0.007754418546632233,0.007754418546632233,0.0,1.6747201872114252,0.0,0.0,1.6747201872114252,0.0,0.007754418546632233,0.0,4.50039028384242,369.4033565878047,452.04393662896797,10.68617332151631,367.72088198204665,0.0,0.0,0.0,83601.24701403524,-96956.38952585083,-6.87537067278754e-16,0.0,-3.265745937824249e-10,-6.661338147750939e-16
closure_hypothesis,once_through,835.9064362572141,3.837752423339024,19630.02305267518,88342.74748685364,832.0686838338754,2293333.3333333386,10321657.25251314,0.0,12484.461256670924,2293333.3333333386,10319999.999999998,0.0,344.0,0.23661190588122152,0.0615190955291176,0.46761156260215225,0.28848090447088237,1.0,0.3881173162759737,0.8190614837378893,0.4673052640190808,1.6850870667221927,0.007736448355160671,0.007736448355160671,0.0,1.6773506183670326,0.0,0.0,1.6773506183670326,0.0,0.007736448355160671,0.0,4.5003893907712085,369.9769473248081,451.8268212016476,10.69964407633089,368.29186025808593,0.0,0.0,0.0,83844.98242807033,-97237.16229996593,-6.87537067278754e-16,0.0,-2.1771639585494996e-10,-6.661338147750939e-16
closure_hypothesis,once_through,837.1994337858021,3.828877609598624,19629.450764608267,88340.15451435866,833.3705561762038,2300000.000000005,10351659.845485635,0.0,12521.502462123666,2300000.000000005,10349999.999999998,0.0,345.0,0.23697790211748543,0.06161425455054621,0.46862383028703863,0.2883857454494538,1.0,0.3875495340817308,0.8187816042630994,0.4667181304350051,1.6876935945801226,0.007718557795637673,0.007718557795637673,0.0,1.6799750367844855,0.0,0.0,1.6799750367844855,0.0,0.007718557795637673,0.0,4.500388501630173,370.5492353917208,451.6101988606956,10.71310427846406,368.86154179714066,0.0,0.0,0.0,84088.7178421054,-97517.93891945374,-6.87537067278754e-16,0.0,-2.1771639585494996e-10,-4.440892098500626e-16
closure_hypothesis,once_through,838.4895009836321,3.8200420395569035,19628.879773522433,88337.56745644117,834.6694589440756,2306666.6666666716,10381662.432543552,0.0,12558.547509940392,2306666.6666666716,10379999.999999998,0.0,346.0,0.23734306889351858,0.061709197912314835,0.46963188570077086,0.28829080208768515,1.0,0.3869838664526978,0.818502359081427,0.46613292753219115,1.6902942152428841,0.00770074634670197,0.00770074634670197,0.0,1.682593468896183,0.0,0.0,1.682593468896183,0.0,0.00770074634670197,0.0,4.500387616393702,371.1202264775583,451.39406745270713,10.726553960628966,369.4299322623154,0.0,0.0,0.0,84332.4532561405,-97798.71938130556,-9.167160897050052e-16,0.0,-3.265745937824249e-10,-8.881784197001252e-16
closure_hypothesis,once_through,839.7766506210548,3.811245456824685,19628.31007376544,88334.98628715552,835.9654051642307,2313333.333333338,10411665.013712838,0.0,12595.596397121675,2313333.333333338,10409999.999999998,0.0,347.0,0.23770740982409996,0.06180392655426599,0.4706357554723298,0.288196073445734,1.0,0.38642030096430013,0.8182237454286294,0.4655496449270135,1.6928889544539718,0.0076830134915037455,0.0076830134915037455,0.0,1.6852059409624691,0.0,0.0,1.6852059409624691,0.0,0.0076830134915037455,0.0,4.50038673503641,371.6899262345504,451.17842483820147,10.739993155367726,369.99703728009644,0.0,0.0,0.0,84576.18867017557,-98079.50368252191,-1.1458951121312565e-15,0.0,-2.1771639585494996e-10,-1.1102230246251565e-15
closure_hypothesis,once_through,841.0608953860205,3.8024876072266833,19627.741659721534,88332.41098072455,837.2584077787942,2320000.0000000047,10441667.589019269,0.0,12632.64912067736,2320000.0000000047,10439999.999999998,0.0,348.0,0.23807092850068426,0.06189844141017791,0.47163546600560646,0.28810155858982206,1.0,0.3858588252913688,0.8179457605583003,0.4649682723134205,1.6954778377907709,0.007665358717656126,0.007665358717656126,0.0,1.6878124790731155,0.0,0.0,1.6878124790731155,0.0,0.007665358717656126,0.0,4.500385857533126,372.2583402784563,450.963268891503,10.753421895052782,370.5628624406655,0.0,0.0,0.0,84819.92408421065,-98360.29182011269,-6.87537067278754e-16,0.0,-3.265745937824249e-10,-6.661338147750939e-16
closure_hypothesis,once_through,842.342247884782,3.7937682387777616,19627.174525811115,88329.8415115382,838.5484796460046,2326666.666666671,10471670.158488454,0.0,12669.705677626504,2326666.666666671,10469999.999999998,0.0,349.0,0.23843362849160082,0.061992743407816214,0.4726310434817786,0.28800725659218374,1.0,0.3852994272071353,0.817668401741717,0.46438879946219686,1.6980608906659742,0.007647781517187313,0.007647781517187313,0.0,1.6904131091487875,0.0,0.0,1.6904131091487875,0.0,0.007647781517187313,0.0,4.500384983858896,372.82547418887503,450.748597500623,10.766840211888058,371.12741329820904,0.0,0.0,0.0,85063.65949824573,-98641.08379109691,-6.87537067278754e-16,0.0,-3.265745937824249e-10,-6.661338147750939e-16
closure_hypothesis,once_through,843.6207206425911,3.7850871016595034,19626.608666490432,88327.277854152,839.835633540932,2333333.3333333377,10501672.72214584,0.0,12706.766064997339,2333333.3333333377,10499999.999999998,0.0,350.0,0.238795513342251,0.06208683346898526,0.4736225138616599,0.28791316653101473,1.0,0.38474209458223907,0.8173916662676904,0.46381121622022864,1.7006381383289864,0.007630281386493359,0.007630281386493359,0.0,1.6930078569424938,0.0,0.0,1.6930078569424938,0.0,0.007630281386493359,0.0,4.50038411398898,373.39133350955456,450.53440856714343,10.780248137910233,371.69069537122556,0.0,0.0,0.0,85307.39491228083,-98921.87959250284,-9.167160897050052e-16,0.0,-3.265745937824249e-10,-8.881784197001252e-16
closure_hypothesis,once_through,844.8963261043872,3.776443948197046,19626.04407625129,88324.71998328567,841.1198821561906,2340000.000000004,10531675.280016707,0.0,12743.830279827225,2340000.000000004,10529999.999999998,0.0,351.0,0.23915658657530264,0.06218071250957869,0.47460990288801697,0.2878192874904213,1.0,0.3841868153837477,0.8171155514424157,0.4632355125097795,1.7032096058673118,0.007612857826291461,0.007612857826291461,0.0,1.6955967480410212,0.0,0.0,1.6955967480410212,0.0,0.007612857826291461,0.0,4.500383247898845,373.9559237486958,450.32070000610145,10.79364570498995,372.2527141428285,0.0,0.0,0.0,85551.1303263159,-99202.6792213678,-9.167160897050052e-16,0.0,-3.265745937824249e-10,-8.881784197001252e-16
closure_hypothesis,once_through,846.1690766354787,3.767838532836259,19625.480749620736,88322.16787382193,842.4012381026429,2346666.6666666707,10561677.83212617,0.0,12780.898319162594,2346666.6666666707,10559999.999999998,0.0,352.0,0.23951685169088338,0.062274381439629684,0.47559323608785936,0.28772561856037027,1.0,0.3836335776741875,0.8168400545893244,0.4626616783277746,1.7057753182079287,0.007595510341573957,0.007595510341573957,0.0,1.6981798078663557,0.0,0.0,1.6981798078663557,0.0,0.007595510341573957,0.0,4.500382385564174,374.5192503792547,450.107469745875,10.807032944833026,372.81347506104674,0.0,0.0,0.0,85794.86574035099,-99483.48267473825,-6.87537067278754e-16,0.0,-3.265745937824249e-10,-8.881784197001252e-16
closure_hypothesis,once_through,847.4389845222173,3.7592706121211727,19624.918681160747,88319.62150080482,843.6797139100964,2353333.333333337,10591680.378499188,0.0,12817.970180058912,2353333.333333337,10589999.999999998,0.0,353.0,0.23987631216677133,0.06236784116336055,0.4765725387746991,0.28763215883663945,1.0,0.3830823696105872,0.8165651730489396,0.4620897037450951,1.7083353001186472,0.007578238441562829,0.007578238441562829,0.0,1.700757061677085,0.0,0.0,1.700757061677085,0.0,0.007578238441562829,0.0,4.500381526960855,375.0813188392404,449.8947157280703,10.820409888981589,373.3729835391218,0.0,0.0,0.0,86038.60115438608,-99764.28994966966,-6.87537067278754e-16,0.0,-3.265745937824249e-10,-6.661338147750939e-16
closure_hypothesis,once_through,848.7060619726645,3.750739944671716,19624.357865467977,88317.08083943847,844.9553220279931,2360000.0000000037,10621682.919160554,0.0,12855.045859580623,2360000.0000000037,10619999.999999998,0.0,354.0,0.24023497145858372,0.06246109257923177,0.47754783605078244,0.2875389074207682,1.0,0.38253317944353316,0.8162909041787301,0.4615195789058744,1.710889576209455,0.007561041639664818,0.007561041639664818,0.0,1.7033285345697906,0.0,0.0,1.7033285345697906,0.0,0.007561041639664818,0.0,4.50038067206498,375.6421345320105,449.6824359074096,10.833776568815374,373.93124495580105,0.0,0.0,0.0,86282.33656842115,-100045.10104322644,-6.87537067278754e-16,0.0,-3.265745937824249e-10,-4.440892098500626e-16
closure_hypothesis,once_through,849.9703211172524,3.742246291161715,19623.798297173424,88314.54586508567,846.228074826091,2366666.6666666702,10651685.454134908,0.0,12892.125354801115,2366666.6666666702,10649999.999999998,0.0,355.0,0.240592832999964,0.06255413657999065,0.478519152809294,0.28744586342000933,1.0,0.38198599551623474,0.8160172453529687,0.46095129402681156,1.7134381709338466,0.007543919453427078,0.007543919453427078,0.0,1.70589425148042,0.0,0.0,1.70589425148042,0.0,0.007543919453427078,0.0,4.500379820852844,376.20170282656323,449.47062825162106,10.84713301555277,374.4882646556294,0.0,0.0,0.0,86526.07198245624,-100325.91595248203,-4.583580448525026e-16,0.0,-3.265745937824249e-10,-4.440892098500626e-16
closure_hypothesis,once_through,851.2317740094365,3.7337894142972026,19623.239970942162,88312.0165532667,847.4979845951397,2373333.3333333367,10681687.983446727,0.0,12929.208662802663,2373333.3333333367,10679999.999999998,0.0,356.0,0.24094990020276663,0.06264697405271932,0.47948651373653267,0.2873530259472806,1.0,0.3814408062636026,0.8157441939625901,0.4603848393964841,1.7159811085901429,0.007526871404493444,0.007526871404493444,0.0,1.70845423718565,0.0,0.0,1.70845423718565,0.0,0.007526871404493444,0.0,4.5003789733009425,376.76002905782667,449.25929074132904,10.86047926025208,375.04404794923653,0.0,0.0,0.0,86769.80739649132,-100606.73467451865,-6.87537067278754e-16,0.0,-3.265745937824249e-10,-4.440892098500626e-16
closure_hypothesis,once_through,852.4904326263425,3.725369078794972,19622.682881473047,88309.4928796577,848.7650635475478,2380000.0000000033,10711690.507120335,0.0,12966.29578067639,2380000.0000000033,10709999.999999998,0.0,357.0,0.24130617645724003,0.06273960587888242,0.4804499433140614,0.2872603941211176,1.0,0.38089760021133656,0.8154717474150518,0.4598202053746758,1.718518413322791,0.007509897018561208,0.007509897018561208,0.0,1.7110085163042306,0.0,0.0,1.7110085163042306,0.0,0.007509897018561208,0.0,4.500378129385966,377.31711852694474,449.04842136994563,10.873815333812582,375.59860011362196,0.0,0.0,0.0,87013.54281052641,-100887.55720642747,-6.87537067278754e-16,0.0,-3.265745937824249e-10,-6.661338147750939e-16
closure_hypothesis,once_through,853.7463088694049,3.716985051361415,19622.12702349843,88306.97482008973,850.0293238180438,2386666.66666667,10741693.025179904,0.0,13003.386705522218,2386666.66666667,10739999.999999998,0.0,358.0,0.2416616651322076,0.06283203293437398,0.48140946582082833,0.287167967065626,1.0,0.3803563659750257,0.8151999031341941,0.4592573823917041,1.7210501091236556,0.007492995825338448,0.007492995825338448,0.0,1.713557113298318,0.0,0.0,1.713557113298318,0.0,0.007492995825338448,0.0,4.500377289084814,377.87297650156023,448.8380181435642,10.887141266975785,376.15192639243656,0.0,0.0,0.0,87257.27822456148,-101168.38354530837,-9.167160897050052e-16,0.0,-2.1771639585494996e-10,-8.881784197001252e-16
closure_hypothesis,once_through,854.999414565001,3.7086371006716203,19621.57239178389,88304.46235054707,851.2907774643296,2393333.3333333363,10771695.537649447,0.0,13040.481434448828,2393333.3333333363,10769999.999999998,0.0,359.0,0.24201636957524691,0.0629242560895642,0.48236510533526433,0.2870757439104358,1.0,0.3798170922592583,0.8149286585601053,0.4586963609477661,1.723576219833294,0.007476167358501906,0.007476167358501906,0.0,1.7161000524747927,0.0,0.0,1.7161000524747927,0.0,0.007476167358501906,0.0,4.500376452374564,378.42760821609494,448.6280790808525,10.90045709032641,376.7040319962616,0.0,0.0,0.0,87501.01363859657,-101449.21368827007,-4.583580448525026e-16,0.0,-2.1771639585494996e-10,-6.661338147750939e-16
closure_hypothesis,once_through,856.2497614650765,3.7003249973487304,19621.01898112796,88301.95544716624,852.5494364677281,2400000.000000003,10801698.044552827,0.0,13077.579964573606,2400000.000000003,10799999.999999998,0.0,360.0,0.242370293112867,0.06301627620934543,0.48331688573735165,0.28698372379065457,1.0,0.3792797678567429,0.8146580111489841,0.4581371316122798,1.7260967691422182,0.007459411155655358,0.007459411155655358,0.0,1.7186373579865637,0.0,0.0,1.7186373579865637,0.0,0.007459411155655358,0.0,4.500375619232493,378.9810188720271,448.4186022129483,10.913762834293655,377.2549221028849,0.0,0.0,0.0,87744.74905263165,-101730.04763242994,-6.87537067278754e-16,0.0,-2.1771639585494996e-10,-8.881784197001252e-16
closure_hypothesis,once_through,857.4973612477662,3.6920485139435817,19620.466786361823,88299.4540862346,853.805312733823,2406666.6666666693,10831700.54591376,0.0,13114.682293022612,2406666.6666666693,10829999.999999998,0.0,361.0,0.2427234390506839,0.06310809415317781,0.4842648307106692,0.28689190584682217,1.0,0.37874438164743934,0.8143879583730065,0.45757968502324303,1.7286117805921468,0.007442726758288587,0.007442726758288587,0.0,1.721169053833859,0.0,0.0,1.721169053833859,0.0,0.007442726758288587,0.0,4.500374789636071,379.5332136381655,448.2095855833554,10.92705852915219,377.80460185757335,0.0,0.0,0.0,87988.48446666673,-102010.88537491401,-9.167160897050052e-16,0.0,-2.1771639585494996e-10,-8.881784197001252e-16
closure_hypothesis,once_through,858.7422255180064,3.6838074249145585,19619.915802349067,88296.95824418907,855.0584180930923,2413333.333333336,10861703.041755805,0.0,13151.788416930522,2413333.333333336,10859999.999999998,0.0,362.0,0.243075810673594,0.06319971077513444,0.4852089637444113,0.28680028922486556,1.0,0.3782109225977013,0.8141184977201928,0.45702401188659336,1.7311212775772387,0.00742611371173676,0.00742611371173676,0.0,1.7236951638655027,0.0,0.0,1.7236951638655027,0.0,0.00742611371173676,0.0,4.500373963562952,380.08419765092106,448.00102724784074,10.940344205023319,378.3530763733438,0.0,0.0,0.0,88232.21988070183,-102291.72691285702,-9.167160897050052e-16,0.0,-2.1771639585494996e-10,-8.881784197001252e-16
closure_hypothesis,once_through,859.9843658081429,3.675601506607729,19619.366023985414,88294.46789761494,856.3087643015356,2420000.0000000023,10891705.532102378,0.0,13188.898333440598,2420000.0000000023,10889999.999999998,0.0,363.0,0.24342741124594636,0.06329112692394606,0.4861493081353823,0.2867088730760539,1.0,0.37767937975942706,0.8138496266942763,0.4564701029755778,1.733625283345319,0.007409571565140388,0.007409571565140388,0.0,1.7262157117801793,0.0,0.0,1.7262157117801793,0.0,0.007409571565140388,0.0,4.5003731409909795,380.63397601457564,447.7929252743327,10.953619891876055,378.90035073123033,0.0,0.0,0.0,88475.9552947369,-102572.57224340216,-6.87537067278754e-16,0.0,-3.265745937824249e-10,-6.661338147750939e-16
closure_hypothesis,once_through,861.2237935785311,3.667430537237214,19618.81744619844,88291.98302324455,857.5563630412943,2426666.666666669,10921708.016976748,0.0,13226.012039704634,2426666.666666669,10919999.999999998,0.0,364.0,0.24377824401171228,0.06338234344304519,0.4870858869899653,0.2866176565569548,1.0,0.3771497422692227,0.8135813428145731,0.45591794913013006,1.736123820999089,0.007393099871405754,0.007393099871405754,0.0,1.7287307211276841,0.0,0.0,1.7287307211276841,0.0,0.007393099871405754,0.0,4.500372321898177,381.18255380154784,447.5852777428207,10.966885619528172,379.44642998054877,0.0,0.0,0.0,88719.690708772,-102853.42136370132,-9.167160897050052e-16,0.0,-3.265745937824249e-10,-8.881784197001252e-16
closure_hypothesis,once_through,862.4605202181313,3.6592942968658093,19618.270063947333,88289.50359795618,858.8012259212658,2433333.3333333354,10951710.496402035,0.0,13263.129532882916,2433333.3333333354,10949999.999999998,0.0,365.0,0.24412831219465403,0.06347336117061005,0.4880187232260694,0.28652663882938995,1.0,0.37662199934757307,0.8133136436158528,0.455367541256252,1.7386169134973264,0.007376698187165847,0.007376698187165847,0.0,1.7312402153101611,0.0,0.0,1.7312402153101611,0.0,0.007376698187165847,0.0,4.500371506262756,381.72993605265634,447.3780827452553,10.980141417647326,379.99131913915903,0.0,0.0,0.0,88963.42612280707,-103134.27427091466,-6.87537067278754e-16,0.0,-4.354327917098999e-10,-6.661338147750939e-16
