scenario,mode,extent_mol,reactor_h2_mol,water_kg,salt_mol,export_h2_mol,export_water_kg,export_salt_mol,outlet_separator_gas_mol,flow_pump_kwh,feed_water_kg,feed_salt_mol,circulated_water_kg,time_days,altered_fraction_proxy,expansion_loading,crack_opening_fraction,porosity,area_factor,passivation_factor,pore_access_factor,permeability_ratio,generated_h2_kg,retained_h2_kg,dissolved_h2_kg,free_h2_kg,exported_h2_kg,outlet_collected_h2_kg,outlet_uncollected_gas_h2_kg,outlet_residual_dissolved_h2_kg,endpoint_collected_h2_kg,endpoint_residual_h2_kg,endpoint_uncollected_gas_h2_kg,salt_molality,water_consumed_kg,remaining_reactive_fe_kg,flow_head_bar,solid_mass_gain_kg,total_deliverable_h2_kg,gross_electricity_kwh,outlet_delivered_electricity_kwh,new_feed_heater_kwh,standalone_engineering_balance_kwh,h2_balance_error_kg,water_balance_error_kg,salt_balance_error_kg,hydrogen_recovery_balance_error_kg
contact_inhibition_hypothesis,stationary,0.0,0.0,20000.0,90000.0,0.0,0.0,0.0,0.0,0.0,0.0,0.0,0.0,0.0,0.0,0.0,0.0,0.35,1.0,1.0,1.0,1.0,0.0,0.0,0.0,0.0,0.0,0.0,0.0,0.0,0.0,0.0,0.0,4.5,0.0,591.8704059999999,0.0,0.0,0.0,0.0,0.0,0.0,-907.7186152246713,0.0,0.0,0.0,0.0
contact_inhibition_hypothesis,stationary,3.3396758977021785,3.3396758977021785,19998.521840435613,90000.0,0.0,0.0,0.0,0.0,0.0,0.0,0.0,0.0,1.0,0.0009453295786536327,0.0002457856904499445,0.0,0.34975421430955006,1.0,0.9981111270128603,0.9992771009104414,0.9971405009050383,0.006732385848659867,0.006732385848659867,0.006732385848659867,0.0,0.0,0.0,0.0,0.0,0.0,0.006732385848659867,0.0,4.500332610484556,1.478159564386805,591.3108933984784,0.0,1.4714271785381452,0.0,0.0,0.0,0.0,-907.7186152246713,0.0,0.0,0.0,0.0
contact_inhibition_hypothesis,stationary,6.6501668773172,6.6501668773172,19997.056598282114,90000.0,0.0,0.0,0.0,0.0,0.0,0.0,0.0,0.0,2.0,0.0018823980663620764,0.0004894234972541399,0.0,0.34951057650274586,1.0,0.9962422818270917,0.9985605191257232,0.994312887041812,0.013405938404646196,0.013405938404646196,0.013405938404646196,0.0,0.0,0.0,0.0,0.0,0.0,0.013405938404646196,0.0,4.5006623628665245,2.9434017178847096,590.7562702922087,0.0,2.9299957794800635,0.0,0.0,0.0,0.0,-907.7186152246713,0.0,0.0,0.0,0.0
contact_inhibition_hypothesis,stationary,9.932057951927995,9.932057951927995,19995.604014609384,90000.0,0.0,0.0,0.0,0.0,0.0,0.0,0.0,0.0,3.0,0.002811371057089576,0.0007309564748432899,0.0,0.3492690435251567,1.0,0.9943930359144824,0.9978501280151668,0.9915164640789788,0.020021836984132603,0.020021836984132603,0.020021836984132603,0.0,0.0,0.0,0.0,0.0,0.0,0.020021836984132603,0.0,4.500989314163419,4.395985390614574,590.2064386710236,0.0,4.3759635536304415,0.0,0.0,0.0,0.0,-907.7186152246713,0.0,0.0,0.0,0.0
contact_inhibition_hypothesis,stationary,13.185915542909603,13.185915542909603,19994.1638387161,90000.0,0.0,0.0,0.0,0.0,0.0,0.0,0.0,0.0,4.0,0.003732408882226425,0.0009704263093788705,0.0,0.3490295736906211,1.0,0.992562974789228,0.997145804972415,0.9887505606321962,0.02658122342464061,0.02658122342464061,0.02658122342464061,0.0,0.0,0.0,0.0,0.0,0.0,0.02658122342464061,0.0,4.5013135195844844,5.8361612839015065,589.6613036395186,0.0,5.809580060476866,0.0,0.0,0.0,0.0,-907.7186152246713,0.0,0.0,0.0,0.0
contact_inhibition_hypothesis,stationary,16.412288287558727,16.412288287558727,19992.735827772263,90000.0,0.0,0.0,0.0,0.0,0.0,0.0,0.0,0.0,5.0,0.004645666839196808,0.0012078733781911702,0.0,0.3487921266218088,1.0,0.990751697387246,0.9964474312406142,0.98601452724484,0.03308520371312389,0.03308520371312389,0.03308520371312389,0.0,0.0,0.0,0.0,0.0,0.0,0.03308520371312389,0.0,4.5016350326091645,7.264172227736303,589.1207732817438,0.0,7.2310870240231795,0.0,0.0,0.0,0.0,-907.7186152246713,0.0,0.0,0.0,0.0
contact_inhibition_hypothesis,stationary,19.61170780238104,19.61170780238104,19991.31974648139,90000.0,0.0,0.0,0.0,0.0,0.0,0.0,0.0,0.0,6.0,0.0055512954075151175,0.0014433368059539307,0.0,0.34855666319404605,1.0,0.9889588154799451,0.9957548917471943,0.9833077354254831,0.03953484952466389,0.03953484952466389,0.03953484952466389,0.0,0.0,0.0,0.0,0.0,0.0,0.03953484952466389,0.0,4.501953905061251,8.680253518610755,588.584758533328,0.0,8.640718669086091,0.0,0.0,0.0,0.0,-907.7186152246713,0.0,0.0,0.0,0.0
contact_inhibition_hypothesis,stationary,22.78468940496886,22.78468940496886,19989.915366760975,90000.0,0.0,0.0,0.0,0.0,0.0,0.0,0.0,0.0,7.0,0.0064494404531208445,0.0016768545178114196,0.0,0.34832314548218857,1.0,0.9871839531201568,0.9950680749476135,0.9806295767383579,0.04593119967768862,0.04593119967768862,0.04593119967768862,0.0,0.0,0.0,0.0,0.0,0.0,0.04593119967768862,0.0,4.502270187179035,10.084633239024814,588.0531730605385,0.0,10.038702039347125,0.0,0.0,0.0,0.0,-907.7186152246713,0.0,0.0,0.0,0.0
contact_inhibition_hypothesis,stationary,25.93173279717574,25.93173279717574,19988.522467440136,90000.0,0.0,0.0,0.0,0.0,0.0,0.0,0.0,0.0,8.0,0.0073402434217581716,0.0019084632896571247,0.0,0.3480915367103429,1.0,0.9854267461181084,0.9943868726774792,0.9779794619432852,0.05227526151117063,0.05227526151117063,0.05227526151117063,0.0,0.0,0.0,0.0,0.0,0.0,0.05227526151117063,0.0,4.502583927681674,11.477532559863562,587.5259331458251,0.0,11.425257298352392,0.0,0.0,0.0,0.0,-907.7186152246713,0.0,0.0,0.0,0.0
contact_inhibition_hypothesis,stationary,29.053322712087866,29.053322712087866,19987.140833973248,90000.0,0.0,0.0,0.0,0.0,0.0,0.0,0.0,0.0,9.0,0.008223841522107866,0.002138198795748045,0.0,0.3478618012042519,1.0,0.9836868415454837,0.9937111800125057,0.9753568201818574,0.05856801218884368,0.05856801218884368,0.05856801218884368,0.0,0.0,0.0,0.0,0.0,0.0,0.05856801218884368,0.0,4.502895173832068,12.859166026750422,587.0029575794304,0.0,12.80059801456158,0.0,0.0,0.0,0.0,-907.7186152246713,0.0,0.0,0.0,0.0
contact_inhibition_hypothesis,stationary,32.14992952710421,32.14992952710421,19985.7702581686,90000.0,0.0,0.0,0.0,0.0,0.0,0.0,0.0,0.0,10.0,0.00910036789932593,0.0023660956538247417,0.0,0.34763390434617525,1.0,0.9819638972657626,0.9930408951358096,0.972761098206888,0.06481039993509884,0.06481039993509884,0.06481039993509884,0.0,0.0,0.0,0.0,0.0,0.0,0.06481039993509884,0.0,4.5032039714964265,14.229741831399943,586.4841675566765,0.0,14.164931431464845,0.0,0.0,0.0,0.0,-907.7186152246713,0.0,0.0,0.0,0.0
contact_inhibition_hypothesis,stationary,35.22200984526483,35.22200984526483,19984.41053793108,90000.0,0.0,0.0,0.0,0.0,0.0,0.0,0.0,0.0,11.0,0.009969951799594527,0.002592187467894577,0.0,0.3474078125321054,1.0,0.9802575814891679,0.9923759192120748,0.9701917596523612,0.07100334520687246,0.07100334520687246,0.07100334520687246,0.0,0.0,0.0,0.0,0.0,0.0,0.07100334520687246,0.0,4.503510365200764,15.589462068916994,585.9694865805735,0.0,15.518458723710122,0.0,0.0,0.0,0.0,-907.7186152246713,0.0,-3.637978807091713e-12,0.0,0.0
contact_inhibition_hypothesis,stationary,38.27000704680928,38.27000704680928,19983.061477018076,90000.0,0.0,0.0,0.0,0.0,0.0,0.0,0.0,0.0,12.0,0.010832718726246289,0.002816506868824035,0.0,0.34718349313117597,1.0,0.9785675723506702,0.9917161562681647,0.9676482843413401,0.07714774180552189,0.07714774180552189,0.07714774180552189,0.0,0.0,0.0,0.0,0.0,0.0,0.07714774180552189,0.0,4.503814398184498,16.938522981919675,585.4588403694128,0.0,16.861375240114153,0.0,0.0,0.0,0.0,-907.7186152246713,0.0,-3.637978807091713e-12,0.0,0.0
contact_inhibition_hypothesis,stationary,41.29435181280286,41.29435181280286,19981.722884807696,90000.0,0.0,0.0,0.0,0.0,0.0,0.0,0.0,0.0,13.0,0.011688790587982072,0.003039085552875339,0.0,0.3469609144471246,1.0,0.9768935575096176,0.9910615130797784,0.9651301676294534,0.08324445793239302,0.08324445793239302,0.08324445793239302,0.0,0.0,0.0,0.0,0.0,0.0,0.08324445793239302,0.0,4.50411611245134,18.27711519229926,584.9521567690421,0.0,18.193870734366865,0.0,0.0,0.0,0.0,-907.7186152246713,0.0,-3.637978807091713e-12,0.0,0.0
contact_inhibition_hypothesis,stationary,44.29546262253565,44.29546262253565,19980.394576078623,90000.0,0.0,0.0,0.0,0.0,0.0,0.0,0.0,0.0,14.0,0.012538285839664893,0.0032599543183128724,0.0,0.3467400456816871,1.0,0.975235233769658,0.9904118990637857,0.9626369197817767,0.08929433719151716,0.08929433719151716,0.08929433719151716,0.0,0.0,0.0,0.0,0.0,0.0,0.08929433719151716,0.0,4.50441554881763,19.60542392137185,584.4493656695334,0.0,19.516129584180334,0.0,0.0,0.0,0.0,-907.7186152246713,0.0,-3.637978807091713e-12,0.0,0.0
contact_inhibition_hypothesis,stationary,47.273746226278426,47.273746226278426,19979.07637080087,90000.0,0.0,0.0,0.0,0.0,0.0,0.0,0.0,0.0,15.0,0.013381319616138329,0.0034791431001959658,0.0,0.346520856899804,1.0,0.9735923067177181,0.9897672261758942,0.9601680653810576,0.09529819954263015,0.09529819954263015,0.09529819954263015,0.0,0.0,0.0,0.0,0.0,0.0,0.09529819954263015,0.0,4.5047127469582975,20.923629199122843,583.9503989259804,0.0,20.828330999580214,0.0,0.0,0.0,0.0,-907.7186152246713,0.0,-7.275957614183426e-12,0.0,0.0
contact_inhibition_hypothesis,stationary,50.229598094867185,50.229598094867185,19977.768093936797,90000.0,0.0,0.0,0.0,0.0,0.0,0.0,0.0,0.0,16.0,0.014218003859486048,0.003696681003466373,0.0,0.3463033189965336,1.0,0.9719644903808935,0.9891274088133342,0.9577231427654089,0.10125684220748085,0.10125684220748085,0.10125684220748085,0.0,0.0,0.0,0.0,0.0,0.0,0.10125684220748085,0.0,4.505007745450543,22.231906063195574,583.4551902831764,0.0,22.130649220988094,0.0,0.0,0.0,0.0,-907.7186152246713,0.0,-7.275957614183426e-12,0.0,0.0
contact_inhibition_hypothesis,stationary,53.16340284748596,53.16340284748596,19976.469575251762,90000.0,0.0,0.0,0.0,0.0,0.0,0.0,0.0,0.0,17.0,0.015048447440120129,0.0039125963344312335,0.0,0.3460874036655687,1.0,0.9703515069001792,0.988492363722261,0.9553017034936903,0.10717104053219,0.10717104053219,0.10717104053219,0.0,0.0,0.0,0.0,0.0,0.0,0.10717104053219,0.0,4.50530058181543,23.530424748230452,582.9636753039464,0.0,23.42325370769826,0.0,0.0,0.0,0.0,-907.7186152246713,0.0,-7.275957614183426e-12,0.0,0.0
contact_inhibition_hypothesis,stationary,56.07553465892293,56.07553465892293,19975.180649133876,90000.0,0.0,0.0,0.0,0.0,0.0,0.0,0.0,0.0,18.0,0.015872756272059082,0.004126916630735361,0.0,0.3458730833692646,1.0,0.9687530862200512,0.9878620099096018,0.9529033118369592,0.11304154880822956,0.11304154880822956,0.11304154880822956,0.0,0.0,0.0,0.0,0.0,0.004620717352992361,0.10790741841601582,0.0005134130392213733,4.505591292557467,24.81935086611882,582.4757913009172,0.0,24.70630931731059,0.004620717352992361,0.0770042546876177,0.0,0.0,-907.6416109699837,0.0,-7.275957614183426e-12,0.0,0.0
contact_inhibition_hypothesis,stationary,58.966357647487385,58.966357647487385,19973.901154422296,90000.0,0.0,0.0,0.0,0.0,0.0,0.0,0.0,0.0,19.0,0.016691033422731733,0.004339668689910251,0.0,0.3456603313100897,1.0,0.9671689657929694,0.9872362685590875,0.9505275442944539,0.11886910105441686,0.11886910105441686,0.11886910105441686,0.0,0.0,0.0,0.0,0.0,0.009875518099793376,0.10789630316575756,0.0010972797888659305,4.5058799132023175,26.098845577697226,581.9914772715281,0.0,25.979976476642808,0.009875518099793376,0.1645755091330566,0.0,0.0,-907.5540397155382,0.0,-7.275957614183426e-12,0.0,0.0
contact_inhibition_hypothesis,stationary,61.836226244695695,61.836226244695695,19972.630934243618,90000.0,0.0,0.0,0.0,0.0,0.0,0.0,0.0,0.0,20.0,0.017503379217620647,0.004550878596581368,0.0,0.3454491214034186,1.0,0.9655988902979448,0.9866150629512312,0.9481739891326904,0.12465441176215715,0.12465441176215715,0.12465441176215715,0.0,0.0,0.0,0.0,0.0,0.015092228506893485,0.10788526897671995,0.0016769142785437203,4.506166478332735,27.36906575637251,581.5106738360948,0.0,27.244411344610352,0.015092228506893485,0.2515119880673799,0.0,0.0,-907.4671032366039,0.0,-1.0913936421275139e-11,0.0,0.0
contact_inhibition_hypothesis,stationary,64.68548554775933,64.68548554775933,19971.369835855858,90000.0,0.0,0.0,0.0,0.0,0.0,0.0,0.0,0.0,21.0,0.01830989134003747,0.004760571748409742,0.0,0.34523942825159026,1.0,0.9640426113723624,0.9859983183870302,0.9458422459463546,0.13039817660601707,0.13039817660601707,0.13039817660601707,0.0,0.0,0.0,0.0,0.0,0.020271475885090193,0.1078743145114724,0.0022523862094544654,4.50645102162283,28.630164144135037,581.0333231787561,0.0,28.49976596752902,0.020271475885090193,0.33782414562502805,0.0,0.0,-907.3807910790463,0.0,-7.275957614183426e-12,0.0,0.0
contact_inhibition_hypothesis,stationary,67.5144716558404,67.5144716558404,19970.117710499606,90000.0,0.0,0.0,0.0,0.0,0.0,0.0,0.0,0.0,22.0,0.019110664926303516,0.004968772880838915,0.0,0.34503122711916107,1.0,0.9624998873563126,0.9853859621151797,0.9435319252397414,0.13610107312157552,0.13610107312157552,0.13610107312157552,0.0,0.0,0.0,0.0,0.0,0.02541387118868173,0.10786343846748472,0.0028237634654090806,4.506733575870766,29.8822895003873,580.5593689911387,0.0,29.746188427265725,0.02541387118868173,0.42352216335938103,0.0,0.0,-907.295093061312,0.0,-7.275957614183426e-12,0.0,-2.7755575615628914e-17
contact_inhibition_hypothesis,stationary,70.32351199097643,70.32351199097643,19968.874413256006,90000.0,0.0,0.0,0.0,0.0,0.0,0.0,0.0,0.0,23.0,0.019905792656590836,0.005175506090713618,0.0,0.3448244939092864,1.0,0.9609704830487283,0.984777923262607,0.9412426480275997,0.14176376135236954,0.14176376135236954,0.14176376135236954,0.0,0.0,0.0,0.0,0.0,0.030520009598838764,0.10785263957588204,0.0033911121776487507,4.507014173029953,31.125586743987053,580.0887564185917,0.0,30.983822982634685,0.030520009598838764,0.5086159599646479,0.0,0.0,-907.2099992647067,0.0,-7.275957614183426e-12,0.0,-2.7755575615628914e-17
contact_inhibition_hypothesis,stationary,73.1129256045177,73.1129256045177,19967.639802911115,90000.0,0.0,0.0,0.0,0.0,0.0,0.0,0.0,0.0,24.0,0.02069536484166244,0.005380794858832234,0.0,0.34461920514116773,1.0,0.9594541694746723,0.9841741327681405,0.9389740454542898,0.14738688446763512,0.14738688446763512,0.14738688446763512,0.0,0.0,0.0,0.0,0.0,0.03559047108064153,0.10784191660025565,0.0039544967867379465,4.507292844238845,32.360197088878216,579.621432008847,0.0,32.21281020441058,0.03559047108064153,0.593115200558891,0.0,0.0,-907.1255000241124,0.0,-7.275957614183426e-12,0.0,0.0
contact_inhibition_hypothesis,stationary,75.88302346986629,75.88302346986629,19966.413741826334,90000.0,0.0,0.0,0.0,0.0,0.0,0.0,0.0,0.0,25.0,0.021479469505735094,0.0055846620714911244,0.0,0.34441533792850887,1.0,0.9579507236631635,0.9835745233191437,0.9367257584302556,0.15297106935243404,0.15297106935243404,0.15297106935243404,0.0,0.0,0.0,0.0,0.0,0.040625820915216215,0.10783126833552713,0.00451398010169069,4.507569619849401,33.586258173658855,579.1573436629759,0.0,33.43328710430642,0.040625820915216215,0.6770293055520782,0.0,0.0,-907.0415859191193,0.0,-7.275957614183426e-12,0.0,0.0
contact_inhibition_hypothesis,stationary,78.63410876225578,78.63410876225578,19965.19609581458,90000.0,0.0,0.0,0.0,0.0,0.0,0.0,0.0,0.0,26.0,0.02225819246567385,0.005787130041075201,0.0,0.34421286995892475,1.0,0.9564599284349674,0.9829790292909553,0.9344974372848561,0.15851692717165616,0.15851692717165616,0.15851692717165616,0.0,0.0,0.0,0.0,0.0,0.045626610208314315,0.10782069360686247,0.005069623356479367,4.507844529454295,34.803904185413266,578.6964405885154,0.0,34.64538725824161,0.045626610208314315,0.760367459121558,0.0,0.0,-906.9582477655497,0.0,-7.275957614183426e-12,0.0,0.0
contact_inhibition_hypothesis,stationary,81.36647712626397,81.36647712626397,19963.986734021877,90000.0,0.0,0.0,0.0,0.0,0.0,0.0,0.0,0.0,27.0,0.02303161740671426,0.005988220525745708,0.0,0.34401177947425426,1.0,0.9549815721998142,0.9823875866889832,0.9322887414346878,0.164025053909293,0.164025053909293,0.164025053909293,0.0,0.0,0.0,0.0,0.0,0.05059337637659272,0.10781019126863443,0.005621486264065856,4.508117601912917,36.01326597811463,578.2386732546514,0.0,35.84924092420534,0.05059337637659272,0.8431386173159175,0.0,0.0,-906.8754766073554,0.0,-7.275957614183426e-12,0.0,0.0
contact_inhibition_hypothesis,stationary,84.08041693170763,84.08041693170763,19962.785528814104,90000.0,0.0,0.0,0.0,0.0,0.0,0.0,0.0,0.0,28.0,0.02379982595489601,0.0061879547482729625,0.0,0.34381204525172704,1.0,0.9535154487625396,0.9818001330933149,0.9300993390665439,0.16949603088429077,0.16949603088429077,0.16949603088429077,0.0,0.0,0.0,0.0,0.0,0.055526643612775296,0.10779976020342932,0.006169627068086143,4.5083888653762685,37.21447118588547,577.7839933493462,0.0,37.04497515500118,0.055526643612775296,0.9253515158069002,0.0,0.0,-906.7932637088644,0.0,-1.0913936421275139e-11,0.0,2.7755575615628914e-17
contact_inhibition_hypothesis,stationary,86.77620951852846,86.77620951852846,19961.592355668603,90000.0,0.0,0.0,0.0,0.0,0.0,0.0,0.0,0.0,29.0,0.024562897746380423,0.00638635341405891,0.0,0.34361364658594107,1.0,0.9520613571376789,0.9812166076057091,0.9279289068342628,0.17493042524421115,0.17493042524421115,0.17493042524421115,0.0,0.0,0.0,0.0,0.0,0.06042692333080265,0.10778939932109709,0.0067141025923114035,4.508658347310765,38.40764433138559,577.3323537383134,0.0,38.23271390614138,0.06042692333080265,1.0070146773078261,0.0,0.0,-906.7116005473634,0.0,-1.0913936421275139e-11,0.0,2.7755575615628914e-17
contact_inhibition_hypothesis,stationary,89.45412943124168,89.45412943124168,19960.407093070407,90000.0,0.0,0.0,0.0,0.0,0.0,0.0,0.0,0.0,30.0,0.025320910493813534,0.006583436728391519,0.0,0.34341656327160847,1.0,0.9506191013720687,0.9806369507988485,0.925777129568714,0.18032879043785147,0.18032879043785147,0.18032879043785147,0.0,0.0,0.0,0.0,0.0,0.06529471459200915,0.1077791075578413,0.007254968288001015,4.508926074521046,39.59290692958036,576.8837084257369,0.0,39.412578139142504,0.06529471459200915,1.0881364186758324,0.0,0.0,-906.6304788059955,0.0,-1.0913936421275139e-11,0.0,0.0
contact_inhibition_hypothesis,stationary,92.1144446434845,92.1144446434845,19959.229622412862,90000.0,0.0,0.0,0.0,0.0,0.0,0.0,0.0,0.0,31.0,0.026073940049886828,0.006779224412970576,0.0,0.3432207755870294,1.0,0.9491884903750417,0.9800611046677336,0.9236437000002434,0.18569166666790754,0.18569166666790754,0.18569166666790754,0.0,0.0,0.0,0.0,0.0,0.0701305045133034,0.1077688838753482,0.007792278279255931,4.509192073171807,40.770377587127115,576.4380125166538,0.0,40.58468592045921,0.0701305045133034,1.168724857714201,0.0,0.0,-906.5498903669571,0.0,-1.0913936421275139e-11,0.0,0.0
contact_inhibition_hypothesis,stationary,94.75741677316907,94.75741677316907,19958.059827902387,90000.0,0.0,0.0,0.0,0.0,0.0,0.0,0.0,0.0,32.0,0.026822060468238516,0.006973735721742014,0.0,0.34302626427825794,1.0,0.947769337755824,0.9794890125831116,0.9215283184929433,0.19101958132469604,0.19101958132469604,0.19101958132469604,0.0,0.0,0.0,0.0,0.0,0.07493476865826987,0.10775872725995175,0.00832608540647443,4.509456368808726,41.94017209760311,575.995222180907,0.0,41.749152516278414,0.07493476865826987,1.2487879196900673,0.0,0.0,-906.4698273049812,0.0,-1.0913936421275139e-11,0.0,0.0
contact_inhibition_hypothesis,stationary,97.3833012887143,97.3833012887143,19956.897596467203,90000.0,0.0,0.0,0.0,0.0,0.0,0.0,0.0,0.0,33.0,0.027565344061829564,0.007166989456075687,0.0,0.3428330105439243,1.0,0.9463614616677669,0.9789206192468362,0.919430692790129,0.19631304940189337,0.19631304940189337,0.19631304940189337,0.0,0.0,0.0,0.0,0.0,0.07970797141205387,0.10774863672183353,0.008856441268005983,4.5097189863785205,43.10240353278489,575.5552946185952,0.0,42.906090483383,0.07970797141205387,1.3283333435818776,0.0,0.0,-906.3902818810894,0.0,-1.0913936421275139e-11,0.0,0.0
contact_inhibition_hypothesis,stationary,99.99234770680366,99.99234770680366,19955.742817669812,90000.0,0.0,0.0,0.0,0.0,0.0,0.0,0.0,0.0,34.0,0.028303861458921047,0.007359003979319472,0.0,0.3426409960206805,1.0,0.9449646846590684,0.9783558706490604,0.9173505377704648,0.20157257389519134,0.20157257389519134,0.20157257389519134,0.0,0.0,0.0,0.0,0.0,0.08445056634084223,0.10773861129425553,0.009383396260093579,4.509979950248181,44.257182330176995,575.1181880269406,0.0,44.055609756281804,0.08445056634084223,1.4073686880701357,0.0,0.0,-906.3112465366012,0.0,-1.0913936421275139e-11,0.0,0.0
contact_inhibition_hypothesis,stationary,102.58479978208875,102.58479978208875,19954.59538362301,90000.0,0.0,0.0,0.0,0.0,0.0,0.0,0.0,0.0,35.0,0.029037681656771737,0.0075497972307606515,0.0,0.3424502027692393,1.0,0.9435788335296581,0.9777947140271745,0.9152875752142008,0.20679864618471705,0.20679864618471705,0.20679864618471705,0.0,0.0,0.0,0.0,0.0,0.0891629965367039,0.10772865003282385,0.00990699961518932,4.510239284223429,45.40461637697587,574.6838615685077,0.0,45.19781773079116,0.0891629965367039,1.4859013372841703,0.0,0.0,-906.2327138873871,0.0,-1.4551915228366852e-11,0.0,0.0
contact_inhibition_hypothesis,stationary,105.16089568923542,105.16089568923542,19953.45518890934,90000.0,0.0,0.0,0.0,0.0,0.0,0.0,0.0,0.0,36.0,0.029766872073168086,0.0077393867390237025,0.0,0.3422606132609763,1.0,0.9422037391939418,0.9772370978264009,0.913241533579011,0.21199174640201587,0.21199174640201587,0.21199174640201587,0.0,0.0,0.0,0.0,0.0,0.09384569494850975,0.10771875201478283,0.010427299438723303,4.510497011566417,46.5448110906445,574.2522753407038,0.0,46.33281934424249,0.09384569494850975,1.563938506316915,0.0,0.0,-906.1546767183544,0.0,-1.4551915228366852e-11,0.0,0.0
contact_inhibition_hypothesis,stationary,107.72086819768501,107.72086819768501,19952.322130503726,90000.0,0.0,0.0,0.0,0.0,0.0,0.0,0.0,0.0,37.0,0.03049149859589222,0.007927789634931978,0.0,0.342072210365068,1.0,0.940839236549115,0.9766829716619648,0.9112121477849736,0.21715234378234924,0.21715234378234924,0.21715234378234924,0.0,0.0,0.0,0.0,0.0,0.09849908469961127,0.10770891633833672,0.01094434274440125,4.51075315501273,47.67786949626272,573.8233903465009,0.0,47.46071715248037,0.09849908469961127,1.6414872465190218,0.0,0.0,-906.0771279781522,0.0,-1.0913936421275139e-11,0.0,-2.7755575615628914e-17
contact_inhibition_hypothesis,stationary,110.26494483948336,110.26494483948336,19951.19610769918,90000.0,0.0,0.0,0.0,0.0,0.0,0.0,0.0,0.0,38.0,0.03121162563022765,0.00811502266385919,0.0,0.34188497733614076,1.0,0.9394851643487742,0.976132286282767,0.9091991590082276,0.2222808970030177,0.2222808970030177,0.2222808970030177,0.0,0.0,0.0,0.0,0.0,0.10312357939291723,0.10769914212199858,0.011458175488101912,4.511007736787718,48.80389230080932,573.3971684663171,0.0,48.581611403806306,0.10312357939291723,1.7185544505829655,0.0,0.0,-906.0000607740883,0.0,-1.0913936421275139e-11,0.0,-2.7755575615628914e-17
contact_inhibition_hypothesis,stationary,112.79334807050935,112.79334807050935,19950.077022035464,90000.0,0.0,0.0,0.0,0.0,0.0,0.0,0.0,0.0,39.0,0.03192731614459667,0.008301102197595136,0.0,0.34169889780240487,1.0,0.9381413650815703,0.975584993536485,0.9072023144829028,0.22737785450837839,0.22737785450837839,0.22737785450837839,0.0,0.0,0.0,0.0,0.0,0.10771958340397213,0.10768942850396492,0.011968842600441345,4.511260778622171,49.922977964522694,572.9735724310071,0.0,49.69560011001432,0.10771958340397213,1.7951468574271954,0.0,0.0,-905.9234683672441,0.0,-1.4551915228366852e-11,0.0,0.0
contact_inhibition_hypothesis,stationary,115.30629542541641,115.30629542541641,19948.96477723051,90000.0,0.0,0.0,0.0,0.0,0.0,0.0,0.0,0.0,40.0,0.03263863171441814,0.008486044245748716,0.0,0.34151395575425125,1.0,0.9368076848546627,0.9750410463360332,0.9052213673109061,0.2324436548221884,0.2324436548221884,0.2324436548221884,0.0,0.0,0.0,0.0,0.0,0.11228749216260646,0.10767977464151457,0.012476388018067382,4.511512301767399,51.0352227694788,572.5525657959028,0.0,50.80277911465661,0.11228749216260646,1.8712710568898365,0.0,0.0,-905.8473441677814,0.0,-1.0913936421275139e-11,0.0,-2.7755575615628914e-17
contact_inhibition_hypothesis,stationary,117.80399966658348,117.80399966658348,19947.85927911447,90000.0,0.0,0.0,0.0,0.0,0.0,0.0,0.0,0.0,41.0,0.03334563256426959,0.008669864466710094,0.0,0.3413301355332899,1.0,0.9354839732817429,0.9745003986273233,0.9032560762792113,0.23747872684787227,0.23747872684787227,0.23747872684787227,0.0,0.0,0.0,0.0,0.0,0.11682769242369757,0.10767017971043052,0.012980854713744171,4.511762327009723,52.140720885517794,572.134112915859,0.0,51.90324215866992,0.11682769242369757,1.94693349424092,0.0,0.0,-905.7716817304304,0.0,-1.4551915228366852e-11,0.0,2.7755575615628914e-17
contact_inhibition_hypothesis,stationary,120.28666892735491,120.28666892735491,19946.760435566346,90000.0,0.0,0.0,0.0,0.0,0.0,0.0,0.0,0.0,42.0,0.03404837760843276,0.008852578178192518,0.0,0.34114742182180746,1.0,0.934170083375416,0.9739630053582573,0.9013062056842756,0.2424834901572762,0.2424834901572762,0.2424834901572762,0.0,0.0,0.0,0.0,0.0,0.1213405625275482,0.10766064290444485,0.013482284725283131,4.512010874684405,53.23956443364274,571.7181789212556,0.0,52.997080943485464,0.1213405625275482,2.0221404745215907,0.0,0.0,-905.6964747501497,0.0,-1.0913936421275139e-11,0.0,2.7755575615628914e-17
contact_inhibition_hypothesis,stationary,122.75450684983383,122.75450684983383,19945.66815645298,90000.0,0.0,0.0,0.0,0.0,0.0,0.0,0.0,0.0,43.0,0.03474692448989739,0.009034200367373322,0.0,0.34096579963262663,1.0,0.9328658714437326,0.9734288224489019,0.899371525163264,0.247458355268443,0.247458355268443,0.247458355268443,0.0,0.0,0.0,0.0,0.0,0.12582647265036564,0.10765116343470339,0.013980719183373957,4.512257964689065,54.331843547007765,571.304729694913,0.0,54.08438519173932,0.12582647265036564,2.0968981667183435,0.0,0.0,-905.621717057953,0.0,-1.4551915228366852e-11,0.0,0.0
contact_inhibition_hypothesis,stationary,125.20771271747923,125.20771271747923,19944.582353570382,90000.0,0.0,0.0,0.0,0.0,0.0,0.0,0.0,0.0,44.0,0.03544132961789423,0.0092147457006525,0.0,0.3407852542993475,1.0,0.9315711969906809,0.9728978067627867,0.8974518095317582,0.252403723912912,0.252403723912912,0.252403723912912,0.0,0.0,0.0,0.0,0.0,0.1302857850452939,0.10764174052925213,0.014476198338365984,4.512503616496569,55.41764642960629,570.8937318498771,0.0,55.16524270569338,0.1302857850452939,2.1712126077798226,0.0,0.0,-905.5474026168915,0.0,-1.0913936421275139e-11,0.0,0.0
contact_inhibition_hypothesis,stationary,127.64648158274349,127.64648158274349,19943.502940587223,90000.0,0.0,0.0,0.0,0.0,0.0,0.0,0.0,0.0,45.0,0.036131648204024126,0.009394228533046273,0.0,0.3406057714669537,1.0,0.9302859226204565,0.9723699160792757,0.8955468386276503,0.2573199892930209,0.2573199892930209,0.2573199892930209,0.0,0.0,0.0,0.0,0.0,0.1347188542744317,0.10763237343254128,0.014968761586047962,4.512747849167464,56.49705941276416,570.485152708035,0.0,56.239739423471136,0.1347188542744317,2.2450897064834043,0.0,0.0,-905.4735255181879,0.0,-1.4551915228366852e-11,0.0,-5.551115123125783e-17
contact_inhibition_hypothesis,stationary,130.0710043899745,130.0710043899745,19942.42983299045,90000.0,0.0,0.0,0.0,0.0,0.0,0.0,0.0,0.0,46.0,0.03681793429704674,0.009572662917232152,0.0,0.34042733708276784,1.0,0.929009913945335,0.9718451090669643,0.8936563971609405,0.26220753632966176,0.26220753632966176,0.26220753632966176,0.0,0.0,0.0,0.0,0.0,0.13912602743224126,0.10762306140494926,0.015458447492471246,4.512990681361928,57.570167009536725,570.0789602795255,0.0,57.30795947320706,0.13912602743224126,2.3185352471583003,0.0,0.0,-905.400079977513,0.0,-1.4551915228366852e-11,0.0,0.0
contact_inhibition_hypothesis,stationary,132.48146809379438,132.48146809379438,19941.362948032882,90000.0,0.0,0.0,0.0,0.0,0.0,0.0,0.0,0.0,47.0,0.037500240816388856,0.009750062612261103,0.0,0.3402499373877389,1.0,0.9277430394969882,0.9713233452580556,0.891780274569169,0.26706674190091817,0.26706674190091817,0.26706674190091817,0.0,0.0,0.0,0.0,0.0,0.14350764436073576,0.10761380372232289,0.015945293817859526,4.513232131351286,58.63705196710405,569.6751232429061,0.0,58.36998522520313,0.14350764436073576,2.3915548932716613,0.0,0.0,-905.3270603313996,0.0,-1.4551915228366852e-11,0.0,0.0
contact_inhibition_hypothesis,stationary,134.8780557731564,134.8780557731564,19940.302204682735,90000.0,0.0,0.0,0.0,0.0,0.0,0.0,0.0,0.0,48.0,0.03817861958442936,0.009926441091951635,0.0,0.34007355890804836,1.0,0.9264851706410849,0.9708045850236717,0.8899182648782289,0.27189797507199054,0.27189797507199054,0.27189797507199054,0.0,0.0,0.0,0.0,0.0,0.14786403785680968,0.10760459967553532,0.016429337539645514,4.513472217029118,59.697795317253075,569.2736109260442,0.0,59.42589734218108,0.14786403785680968,2.4641541908837334,0.0,0.0,-905.2544610337876,0.0,-1.0913936421275139e-11,0.0,0.0
contact_inhibition_hypothesis,stationary,137.26094674127043,137.26094674127043,19939.247523574955,90000.0,0.0,0.0,0.0,0.0,0.0,0.0,0.0,0.0,49.0,0.0388531213576148,0.01010181155297985,0.0,0.33989818844702013,1.0,0.9252361814950341,0.9702887895500593,0.8880701665683209,0.2767015973167922,0.2767015973167922,0.2767015973167922,0.0,0.0,0.0,0.0,0.0,0.15219553387205964,0.10759544857005926,0.01691061487467329,4.5137109559219555,60.752476425031276,568.8743932877012,0.0,60.47577482771448,0.15219553387205964,2.5363385719778737,0.0,0.0,-905.1822766526934,0.0,-1.4551915228366852e-11,0.0,5.551115123125783e-17
contact_inhibition_hypothesis,stationary,139.63031665157763,139.63031665157763,19938.198826964337,90000.0,0.0,0.0,0.0,0.0,0.0,0.0,0.0,0.0,50.0,0.03952379585645656,0.010276186922678706,0.0,0.33972381307732125,1.0,0.9239959488487276,0.9697759208156508,0.8862357824448159,0.28147796273158227,0.28147796273158227,0.28147796273158227,0.0,0.0,0.0,0.0,0.0,0.15650245170542335,0.10758634972555635,0.017389161300602588,4.513948365199587,61.80117303565167,568.4774408997778,0.0,61.519695072920086,0.15650245170542335,2.60811335767088,0.0,0.0,-905.1105018670004,0.0,-1.0913936421275139e-11,0.0,0.0
contact_inhibition_hypothesis,stationary,141.98633759994644,141.98633759994644,19937.156038680263,90000.0,0.0,0.0,0.0,0.0,0.0,0.0,0.0,0.0,51.0,0.040190691794458513,0.010449579866559214,0.0,0.3395504201334408,1.0,0.9227643520881539,0.9692659415689435,0.8844149195138179,0.28622741824098,0.28622741824098,0.28622741824098,0.0,0.0,0.0,0.0,0.0,0.16078510418894976,0.1075773024754803,0.017865011576549968,4.514184461685015,62.84396131972533,568.0827249301929,0.0,62.55773390148435,0.16078510418894976,2.6794837613088474,0.0,0.0,-905.0391314633624,0.0,-1.0913936421275139e-11,0.0,0.0
contact_inhibition_hypothesis,stationary,144.32917822325223,144.32917822325223,19936.119084083093,90000.0,0.0,0.0,0.0,0.0,0.0,0.0,0.0,0.0,52.0,0.040853856906021016,0.010622002795565464,0.0,0.3393779972044345,1.0,0.9215412731217546,0.9687588153071603,0.8826073888622131,0.2909503037966897,0.2909503037966897,0.2909503037966897,0.0,0.0,0.0,0.0,0.0,0.16504379786699536,0.10756830616669484,0.01833819976299948,4.51441926186404,63.88091591689332,567.6902171263674,0.0,63.58996561309663,0.16504379786699536,2.7504548914534777,0.0,0.0,-904.9681603332178,0.0,-1.4551915228366852e-11,0.0,0.0
contact_inhibition_hypothesis,stationary,146.65900379449556,146.65900379449556,19935.08789002206,90000.0,0.0,0.0,0.0,0.0,0.0,0.0,0.0,0.0,53.0,0.041513337973365094,0.010793467873074924,0.0,0.33920653212692503,1.0,0.9203265963094093,0.9682545062556619,0.8808130055420205,0.29564695256924767,0.29564695256924767,0.29564695256924767,0.0,0.0,0.0,0.0,0.0,0.1692788331691288,0.10755936015910458,0.018808759241014307,4.514652781894528,64.91210997792655,567.2998897992892,0.0,64.6164630253573,0.1692788331691288,2.8210317547635313,0.0,0.0,-904.8975834699078,0.0,-1.4551915228366852e-11,0.0,-5.551115123125783e-17
contact_inhibition_hypothesis,stationary,148.97597631460562,148.97597631460562,19934.062384794626,90000.0,0.0,0.0,0.0,0.0,0.0,0.0,0.0,0.0,54.0,0.042169180852518334,0.010963987021654768,0.0,0.33903601297834524,1.0,0.9191202083939312,0.9677529793480742,0.879031588458848,0.30031769113308715,0.30031769113308715,0.30031769113308715,0.0,0.0,0.0,0.0,0.0,0.1734905045770094,0.10755046382529894,0.01927672273077882,4.514885037615339,65.9376152053585,566.9117158081325,0.0,65.63729751422541,0.1734905045770094,2.8912192587758616,0.0,0.0,-904.8273959658954,0.0,-1.4551915228366852e-11,0.0,0.0
contact_inhibition_hypothesis,stationary,151.28025460106892,151.28025460106892,19933.042498107272,90000.0,0.0,0.0,0.0,0.0,0.0,0.0,0.0,0.0,55.0,0.04282143049840218,0.011133571929584567,0.0,0.3388664280704154,1.0,0.9179219984349714,0.9672542002071042,0.8772629602642869,0.30496283964520277,0.30496283964520277,0.30496283964520277,0.0,0.0,0.0,0.0,0.0,0.17767910078549498,0.10754161655020839,0.019742122309499437,4.515116044554959,66.95750189271283,566.5256685454099,0.0,66.65253905306763,0.17767910078549498,2.961022214590274,0.0,0.0,-904.757593010081,0.0,-1.4551915228366852e-11,0.0,-5.551115123125783e-17
contact_inhibition_hypothesis,stationary,153.57199437351548,153.57199437351548,19932.0281610376,90000.0,0.0,0.0,0.0,0.0,0.0,0.0,0.0,0.0,56.0,0.04347013098905796,0.01130223405715507,0.0,0.3386977659428449,1.0,0.9167318577452257,0.9667581351260145,0.8755069472520756,0.30958271201768234,0.30958271201768234,0.30958271201768234,0.0,0.0,0.0,0.0,0.0,0.18184490485821886,0.10753281773077253,0.020204989428690978,4.515345817939828,67.97183896238425,566.141721922633,0.0,67.66225625036657,0.18184490485821886,3.0304453394622173,0.0,0.0,-904.688169885209,0.0,-1.4551915228366852e-11,0.0,-5.551115123125783e-17
contact_inhibition_hypothesis,stationary,155.851348336389,155.851348336389,19931.019305997757,90000.0,0.0,0.0,0.0,0.0,0.0,0.0,0.0,0.0,57.0,0.04411532554904753,0.011469984642752357,0.0,0.33853001535724764,1.0,0.915549679828851,0.9662647510507284,0.8737633792578711,0.31417761608435985,0.31417761608435985,0.31417761608435985,0.0,0.0,0.0,0.0,0.0,0.18598819437786646,0.10752406677561935,0.020665354930874045,4.515574372702388,68.98069400222887,565.7598503564631,0.0,68.66651638614451,0.18598819437786646,3.0994932593071445,0.0,0.0,-904.6191219653641,0.0,-1.4551915228366852e-11,0.0,-5.551115123125783e-17
contact_inhibition_hypothesis,stationary,158.11846625882114,158.11846625882114,19930.01586669907,90000.0,0.0,0.0,0.0,0.0,0.0,0.0,0.0,0.0,58.0,0.044757056572062505,0.011636834708736252,0.0,0.3383631652912637,1.0,0.9143753603219965,0.9657740155625404,0.8720320895624804,0.31874785376183234,0.31874785376183234,0.31874785376183234,0.0,0.0,0.0,0.0,0.0,0.19010924159136922,0.10751536310475546,0.021123249065707683,4.515801723488861,69.98413330091697,565.3800287553283,0.0,69.66538544715513,0.19010924159136922,3.168170511120168,0.0,0.0,-904.5504447135511,0.0,-1.4551915228366852e-11,0.0,0.0
contact_inhibition_hypothesis,stationary,160.37349505182388,160.37349505182388,19929.017778117886,90000.0,0.0,0.0,0.0,0.0,0.0,0.0,0.0,0.0,59.0,0.04539536564277437,0.011802795067121336,0.0,0.33819720493287864,1.0,0.9132087969353642,0.9652858968614079,0.8703129147984103,0.3232937212050707,0.3232937212050707,0.3232937212050707,0.0,0.0,0.0,0.0,0.0,0.19420831355022358,0.10750670614926673,0.021578701505580392,4.516027884666761,70.98222188209877,565.0022325064926,0.0,70.6589281608937,0.19420831355022358,3.2364815453144757,0.0,0.0,-904.4821336793568,0.0,-1.4551915228366852e-11,0.0,0.0
contact_inhibition_hypothesis,stationary,162.61657884290935,162.61657884290935,19928.02497646255,90000.0,0.0,0.0,0.0,0.0,0.0,0.0,0.0,0.0,60.0,0.04603029355795637,0.011967876325068657,0.0,0.3380321236749313,1.0,0.9120498893987137,0.9648003637497979,0.868605694859592,0.32781550895784406,0.32781550895784406,0.32781550895784406,0.0,0.0,0.0,0.0,0.0,0.19828567224613375,0.10749809535102879,0.022031741360681523,4.516252870332162,71.97502353743164,564.6264374635531,0.0,71.6472080284738,0.19828567224613375,3.304430727981819,0.0,0.0,-904.4141844966895,0.0,-1.8189894035458565e-11,0.0,0.0
contact_inhibition_hypothesis,stationary,164.8478590482403,164.8478590482403,19927.037399141467,90000.0,0.0,0.0,0.0,0.0,0.0,0.0,0.0,0.0,61.0,0.04666188034690645,0.012132088890195677,0.0,0.3378679111098043,1.0,0.9108985394072344,0.9643173856170715,0.8669102728141588,0.3323135020981666,0.3323135020981666,0.3323135020981666,0.0,0.0,0.0,0.0,0.0,0.20234157474216546,0.10748953016242724,0.022482397193573936,4.516476694316715,72.96260085851426,564.252619934353,0.0,72.6302873564161,0.20234157474216546,3.3720223430781875,0.0,0.0,-904.3465928815931,0.0,-1.8189894035458565e-11,0.0,0.0
contact_inhibition_hypothesis,stationary,167.0674744424102,167.0674744424102,19926.05498473221,90000.0,0.0,0.0,0.0,0.0,0.0,0.0,0.0,0.0,62.0,0.047290165291199227,0.0122954429757118,0.0,0.3377045570242882,1.0,0.909754650569707,0.9638369324243771,0.8652264948201456,0.33678798037896585,0.33678798037896585,0.33678798037896585,0.0,0.0,0.0,0.0,0.0,0.20637627329959088,0.10748101004608711,0.02293069703328787,4.516699370194452,73.94501526777171,563.8807566692908,0.0,73.60822728739274,0.20637627329959088,3.4392605945376817,0.0,0.0,-904.2793546301336,0.0,-1.8189894035458565e-11,0.0,0.0
contact_inhibition_hypothesis,stationary,169.275561225947,169.275561225947,19925.077672951647,90000.0,0.0,0.0,0.0,0.0,0.0,0.0,0.0,0.0,63.0,0.047915186943793625,0.012457948605386343,0.0,0.33754205139461363,1.0,0.9086181283583835,0.9633589746900402,0.8635542100439997,0.341239218364162,0.341239218364162,0.341239218364162,0.0,0.0,0.0,0.0,0.0,0.21039001550059616,0.10747253447461072,0.023376668388955125,4.516920911288355,74.92232704833302,563.510824850011,0.0,74.58108782996885,0.21039001550059616,3.506149608317435,0.0,0.0,-904.2124656163538,0.0,-1.8189894035458565e-11,0.0,-5.551115123125783e-17
contact_inhibition_hypothesis,stationary,171.47225309063063,171.47225309063063,19924.10540462704,90000.0,0.0,0.0,0.0,0.0,0.0,0.0,0.0,0.0,64.0,0.04853698314752166,0.012619615618355631,0.0,0.33738038438164436,1.0,0.9074888800605188,0.9628834834754246,0.8618932705817859,0.34566748556034044,0.34566748556034044,0.34566748556034044,0.0,0.0,0.0,0.0,0.0,0.21438304436701405,0.10746410293032484,0.023820338263001554,4.517141330676709,75.89459537294107,563.1428020784612,0.0,75.54892788738073,0.21438304436701405,3.572693434376289,0.0,0.0,-904.145921790295,0.0,-1.8189894035458565e-11,0.0,0.0
contact_inhibition_hypothesis,stationary,173.65768128270935,173.65768128270935,19923.13812166805,90000.0,0.0,0.0,0.0,0.0,0.0,0.0,0.0,0.0,65.0,0.049155591052982485,0.012780453673775446,0.0,0.33721954632622453,1.0,0.9063668147314843,0.9624104303712486,0.8602435313829784,0.3500730465441881,0.3500730465441881,0.3500730465441881,0.0,0.0,0.0,0.0,0.0,0.21835559847523778,0.107455714905035,0.024261733163915302,4.51736064119927,76.8618783319325,562.7766663663012,0.0,76.51180528538832,0.21835559847523778,3.6388960485898374,0.0,0.0,-904.0797191760814,0.0,-1.8189894035458565e-11,0.0,0.0
contact_inhibition_hypothesis,stationary,175.83197466409732,175.83197466409732,19922.17576703966,90000.0,0.0,0.0,0.0,0.0,0.0,0.0,0.0,0.0,66.0,0.049771047135864985,0.012940472255324896,0.0,0.33705952774467507,1.0,0.9052518431494067,0.9619397874843385,0.8586048501767376,0.3544561610858605,0.3544561610858605,0.3544561610858605,0.0,0.0,0.0,0.0,0.0,0.22230791206746464,0.10744736989978863,0.024700879118607178,4.517578855463214,77.8242329603241,562.4123961246504,0.0,77.46977679923823,0.22230791206746464,3.704761354604298,0.0,0.0,-904.013853870067,0.0,-1.8189894035458565e-11,0.0,0.0
contact_inhibition_hypothesis,stationary,177.9952597716304,177.9952597716304,19921.218284735944,90000.0,0.0,0.0,0.0,0.0,0.0,0.0,0.0,0.0,67.0,0.05038338721372074,0.013099680675567393,0.0,0.3369003193244326,1.0,0.9041438777712673,0.9614715274248018,0.85697708740058,0.3588170842684343,0.3588170842684343,0.3588170842684343,0.0,0.0,0.0,0.0,0.0,0.22624021515941053,0.1074390674246448,0.02513780168437894,4.517795985848912,78.78171526403976,562.0499701541598,0.0,78.42289817977132,0.22624021515941053,3.7702931856315764,0.0,0.0,-903.9483220390397,0.0,-1.8189894035458565e-11,0.0,0.0
contact_inhibition_hypothesis,stationary,180.1476608744559,180.1476608744559,19920.265619754668,90000.0,0.0,0.0,0.0,0.0,0.0,0.0,0.0,0.0,68.0,0.05099264646220878,0.013258088080174283,0.0,0.3367419119198257,1.0,0.9030428326904086,0.9610056232936052,0.8553601061313376,0.36315606660359817,0.36315606660359817,0.36315606660359817,0.0,0.0,0.0,0.0,0.0,0.23015273364463149,0.10743080699845209,0.025572525960514604,4.51801204451552,79.73438024531154,561.689367635398,0.0,79.37122417870795,0.23015273364463149,3.8354953061877834,0.0,0.0,-903.8831199184835,0.0,-2.1827872842550278e-11,0.0,-5.551115123125783e-17
contact_inhibition_hypothesis,stationary,182.2893000296262,182.2893000296262,19919.317718072696,90000.0,0.0,0.0,0.0,0.0,0.0,0.0,0.0,0.0,69.0,0.051598859430831936,0.013415703452016304,0.0,0.33658429654798366,1.0,0.9019486235953926,0.9605420486705403,0.8537537720183296,0.36747335414372284,0.36747335414372284,0.36747335414372284,0.0,0.0,0.0,0.0,0.0,0.23404568939558118,0.1074225881486326,0.026005076599509014,4.518227043406384,80.68228192728563,561.3305681195365,0.0,80.3148085731419,0.23404568939558118,3.90037141377736,0.0,0.0,-903.8182438108939,0.0,-1.8189894035458565e-11,0.0,5.551115123125783e-17
contact_inhibition_hypothesis,stationary,184.42029713596486,184.42029713596486,19918.374526622116,90000.0,0.0,0.0,0.0,0.0,0.0,0.0,0.0,0.0,70.0,0.052202060058184216,0.013572535615127897,0.0,0.3364274643848721,1.0,0.9008611677301589,0.960080777602565,0.8521579532186532,0.37176918859044883,0.37176918859044883,0.37176918859044883,0.0,0.0,0.0,0.0,0.0,0.23791930036152792,0.10741441041097337,0.02643547781794754,4.518440994254302,81.62547337786393,560.973551519326,0.0,81.25370418927348,0.23791930036152792,3.9649251405248624,0.0,0.0,-903.7536900841465,0.0,-2.1827872842550278e-11,0.0,0.0
contact_inhibition_hypothesis,stationary,186.54076998626996,186.54076998626996,19917.435993267172,90000.0,0.0,0.0,0.0,0.0,0.0,0.0,0.0,0.0,71.0,0.05280228168672745,0.013728593238549138,0.0,0.33627140676145084,1.0,0.8997803838554335,0.9596217845925026,0.8505725203345132,0.3760438073999219,0.3760438073999219,0.3760438073999219,0.0,0.0,0.0,0.0,0.0,0.2417737806634484,0.10740627332942365,0.026863753407049818,4.518653908586593,82.56400673280943,560.6182981003502,0.0,82.18796292540951,0.2417737806634484,4.0291600547563675,0.0,0.0,-903.6894551699149,0.0,-1.8189894035458565e-11,0.0,0.0
contact_inhibition_hypothesis,stationary,188.65083431791683,188.65083431791683,19916.50206678184,90000.0,0.0,0.0,0.0,0.0,0.0,0.0,0.0,0.0,72.0,0.05339955707711495,0.013883884840049886,0.0,0.3361161151599501,1.0,0.8987061922113415,0.9591650445880886,0.8489973463525228,0.38029744388480213,0.38029744388480213,0.38029744388480213,0.0,0.0,0.0,0.0,0.0,0.24560934068601298,0.10739817645589887,0.027289926742890325,4.518865797730035,83.4979332181433,560.2647884725478,0.0,83.1176357742585,0.24560934068601298,4.093079662532406,0.0,0.0,-903.6255355621389,0.0,-1.8189894035458565e-11,0.0,-5.551115123125783e-17
contact_inhibition_hypothesis,stationary,190.75060386191927,190.75060386191927,19915.57269682812,90000.0,0.0,0.0,0.0,0.0,0.0,0.0,0.0,0.0,73.0,0.053993918422078784,0.014038418789740484,0.0,0.3359615812102595,1.0,0.8976385144811776,0.9587105329713514,0.8474323065848836,0.3845303273131658,0.3845303273131658,0.3845303273131658,0.0,0.0,0.0,0.0,0.0,0.24942618716676798,0.10739011935009027,0.027714020796307547,4.519076672815639,84.42730317185973,559.9130035819933,0.0,84.04277284454656,0.24942618716676798,4.1566874091341885,0.0,0.0,-903.561927815537,0.0,-2.1827872842550278e-11,0.0,0.0
contact_inhibition_hypothesis,stationary,192.84019039050622,192.84019039050622,19914.647833935,90000.0,0.0,0.0,0.0,0.0,0.0,0.0,0.0,0.0,74.0,0.05458539735989683,0.014192203313573177,0.0,0.3358077966864268,1.0,0.8965772737562919,0.9582582255483142,0.8458772786123943,0.38874268300441367,0.38874268300441367,0.38874268300441367,0.0,0.0,0.0,0.0,0.0,0.25322452328261985,0.10738210157928052,0.02813605814251331,4.5192865447832835,85.35216606498352,559.5629247029265,0.0,84.96342338197911,0.25322452328261985,4.21998668050486,0.0,0.0,-903.4986285441664,0.0,-1.8189894035458565e-11,0.0,0.0
contact_inhibition_hypothesis,stationary,194.9197037632684,194.9197037632684,19913.72742947799,90000.0,0.0,0.0,0.0,0.0,0.0,0.0,0.0,0.0,75.0,0.05517402498745506,0.014345246496738316,0.0,0.3356547535032617,1.0,0.8955223945020495,0.9578080985390051,0.8443321422292046,0.39293473242229743,0.39293473242229743,0.39293473242229743,0.0,0.0,0.0,0.0,0.0,0.2570045487337196,0.10737412271816457,0.028556060970413282,4.519495424386213,86.27257052199492,559.2145334300208,0.0,85.87963578957262,0.2570045487337196,4.282980804647437,0.0,0.0,-903.4356344200239,0.0,-1.4551915228366852e-11,0.0,-5.551115123125783e-17
contact_inhibition_hypothesis,stationary,196.98925197192645,196.98925197192645,19912.81143565934,90000.0,0.0,0.0,0.0,0.0,0.0,0.0,0.0,0.0,76.0,0.05575983187291966,0.014497556286959113,0.0,0.3355024437130409,1.0,0.894473802524824,0.9573601285677674,0.8427967793892573,0.39710669326516707,0.39710669326516707,0.39710669326516707,0.0,0.0,0.0,0.0,0.0,0.26076645982484176,0.10736618234867623,0.028974051091649078,4.519703322195396,87.1885643406443,558.8678116708833,0.0,86.79145764737913,0.26076645982484176,4.345673052980987,0.0,0.0,-903.3729421716903,0.0,-1.4551915228366852e-11,0.0,0.0
contact_inhibition_hypothesis,stationary,199.0489411837708,199.0489411837708,19911.899805488803,90000.0,0.0,0.0,0.0,0.0,0.0,0.0,0.0,0.0,77.0,0.056342848068033066,0.014649140497688598,0.0,0.33535085950231136,1.0,0.8934314249399883,0.956914292653857,0.8412710741543571,0.4012587795535399,0.4012587795535399,0.4012587795535399,0.0,0.0,0.0,0.0,0.0,0.26451044954434816,0.1073582800598197,0.02939004994937201,4.5199102486037575,88.10019451117876,558.5227416387769,0.0,87.69893573162521,0.26451044954434816,4.4080666416565615,0.0,0.0,-903.3105485830147,0.0,-1.8189894035458565e-11,0.0,5.551115123125783e-17
contact_inhibition_hypothesis,stationary,201.09887578382063,201.09887578382063,19910.99249276498,90000.0,0.0,0.0,0.0,0.0,0.0,0.0,0.0,0.0,78.0,0.056923103120047516,0.014800006811212355,0.0,0.3351999931887876,1.0,0.8923951901408644,0.9564705682023166,0.839754912643805,0.4053912017150883,0.4053912017150883,0.4053912017150883,0.0,0.0,0.0,0.0,0.0,0.26823670764082413,0.10735041544750598,0.029804078626758226,4.520116213830281,89.00750723500202,558.1793058455576,0.0,88.60211603328693,0.26823670764082413,4.470164732834334,0.0,0.0,-903.2484504918369,0.0,-1.8189894035458565e-11,0.0,0.0
contact_inhibition_hypothesis,stationary,203.13915841574786,203.13915841574786,19910.089452057196,90000.0,0.0,0.0,0.0,0.0,0.0,0.0,0.0,0.0,79.0,0.05750062608330905,0.014950162781660354,0.0,0.33504983721833964,1.0,0.8913650277686003,0.9560289329951166,0.838248182985536,0.40950416666713774,0.40950416666713774,0.40950416666713774,0.0,0.0,0.0,0.0,0.0,0.27194542069746913,0.10734258811439432,0.030216157855274338,4.520321227924007,89.91054794278763,557.8374870948177,0.0,89.5010437761205,0.27194542069746913,4.531970435923323,0.0,0.0,-903.186644788748,0.0,-1.4551915228366852e-11,0.0,0.0
contact_inhibition_hypothesis,stationary,205.16989002160966,205.16989002160966,19909.190638687916,90000.0,0.0,0.0,0.0,0.0,0.0,0.0,0.0,0.0,80.0,0.05807544553050415,0.015099615837931079,0.0,0.3349003841620689,1.0,0.8903408686829377,0.9555893651825557,0.8367507752687188,0.41359787789676244,0.41359787789676244,0.41359787789676244,0.0,0.0,0.0,0.0,0.0,0.2756367722043221,0.1073347976697379,0.030626308022702445,4.5205253007678925,90.80936131206472,557.4972684752296,0.0,90.39576343416796,0.2756367722043221,4.593486808785028,0.0,0.0,-903.1251284158863,0.0,-1.8189894035458565e-11,0.0,0.0
contact_inhibition_hypothesis,stationary,207.1911698804317,207.1911698804317,19908.296008715686,90000.0,0.0,0.0,0.0,0.0,0.0,0.0,0.0,0.0,81.0,0.058647589563581126,0.015248373286531093,0.0,0.33475162671346886,1.0,0.8893226449338418,0.9551518432749084,0.8352625814977541,0.4176725355385646,0.4176725355385646,0.4176725355385646,0.0,0.0,0.0,0.0,0.0,0.27931094262839695,0.1073270437292347,0.031034549180932985,4.520728442082574,91.70399128429524,557.1586333540819,0.0,91.28631874875667,0.27931094262839695,4.654716858902235,0.0,0.0,-903.0638983657691,0.0,-1.8189894035458565e-11,0.0,-5.551115123125783e-17
contact_inhibition_hypothesis,stationary,209.20309564568205,209.20309564568205,19907.405518918524,90000.0,0.0,0.0,0.0,0.0,0.0,0.0,0.0,0.0,82.0,0.05921708582435754,0.015396442314332962,0.0,0.334603557685667,1.0,0.8883102897339599,0.9547163461343148,0.833783495547626,0.4217283364502175,0.4217283364502175,0.4217283364502175,0.0,0.0,0.0,0.0,0.0,0.28296810948180234,0.10731932591488158,0.03144090105353359,4.520930661430023,92.59448108146006,556.8215653710006,0.0,92.17275274500984,0.28296810948180234,4.715663544514236,0.0,0.0,-903.002951680157,0.0,-1.4551915228366852e-11,0.0,0.0
contact_inhibition_hypothesis,stationary,211.20576338167473,211.20576338167473,19906.519126777814,90000.0,0.0,0.0,0.0,0.0,0.0,0.0,0.0,0.0,83.0,0.059783961504824554,0.015543829991254384,0.0,0.3344561700087456,1.0,0.8873037374318814,0.954282852966899,0.8323134131205592,0.42576547428585043,0.42576547428585043,0.42576547428585043,0.0,0.0,0.0,0.0,0.0,0.28660844738791513,0.10731164385483359,0.03184538304310167,4.521131968217084,93.48087322217144,556.486048431851,0.0,93.05510774788559,0.28660844738791513,4.7763297757196055,0.0,0.0,-902.9422854489517,0.0,-1.4551915228366852e-11,0.0,0.0
contact_inhibition_hypothesis,stationary,213.19926759893943,213.19926759893943,19905.636790462657,90000.0,0.0,0.0,0.0,0.0,0.0,0.0,0.0,0.0,84.0,0.060348243357158694,0.015690543272861263,0.0,0.33430945672713874,1.0,0.8863029234861708,0.953851343315114,0.8308522317039315,0.42978413956734995,0.42978413956734995,0.42978413956734995,0.0,0.0,0.0,0.0,0.0,0.290232128145675,0.10730399718326661,0.032248014238408326,4.5213323716989295,94.36320953732786,556.1520667028117,0.0,93.93342539776052,0.290232128145675,4.836718415547674,0.0,0.0,-902.8818968091236,0.0,-1.4551915228366852e-11,0.0,0.0
contact_inhibition_hypothesis,stationary,215.1837012885932,215.1837012885932,19904.758468814656,90000.0,0.0,0.0,0.0,0.0,0.0,0.0,0.0,0.0,85.0,0.06090995770345116,0.015836589002897302,0.0,0.3341634109971027,1.0,0.8853077844401462,0.9534217970503021,0.8293998505294085,0.43378451975364923,0.43378451975364923,0.43378451975364923,0.0,0.0,0.0,0.0,0.0,0.29383932079206454,0.10729638554024418,0.032648813421340496,4.521531880982406,95.2415311853271,555.8196046046155,0.0,94.80774666557346,0.29383932079206454,4.896832280999755,0.0,0.0,-902.8217829436716,0.0,-1.8189894035458565e-11,0.0,0.0
contact_inhibition_hypothesis,stationary,217.15915595574808,217.15915595574808,19903.884121333132,90000.0,0.0,0.0,0.0,0.0,0.0,0.0,0.0,0.0,86.0,0.06146913044516413,0.015981973915742676,0.0,0.3340180260842573,1.0,0.8843182578973788,0.9529941943654627,0.8279561705332443,0.4377667993080734,0.4377667993080734,0.4377667993080734,0.0,0.0,0.0,0.0,0.0,0.2974301916628369,0.10728880857158798,0.033047799073648534,4.521730505029283,96.11587866685267,555.4886468069537,0.0,95.67811186754459,0.2974301916628369,4.956674144061177,0.0,0.0,-902.7619410806101,0.0,-1.4551915228366852e-11,0.0,0.0
contact_inhibition_hypothesis,stationary,219.12572165198756,219.12572165198756,19903.013708160735,90000.0,0.0,0.0,0.0,0.0,0.0,0.0,0.0,0.0,87.0,0.06202578707232363,0.016126704638804144,0.0,0.3338732953611958,1.0,0.8833342824978861,0.952568515768223,0.8265210943177179,0.44173115976380867,0.44173115976380867,0.44173115976380867,0.0,0.0,0.0,0.0,0.0,0.3010049044515513,0.10728126592875162,0.033444989383505694,4.521928252659432,96.98629183924807,555.1591782230342,0.0,96.54456067948426,0.3010049044515513,5.016246732685103,0.0,0.0,-902.7023684919861,0.0,-1.8189894035458565e-11,0.0,5.551115123125783e-17
contact_inhibition_hypothesis,stationary,221.08348700694282,221.08348700694282,19902.147190069492,90000.0,0.0,0.0,0.0,0.0,0.0,0.0,0.0,0.0,88.0,0.06257995267245743,0.01627078769483893,0.0,0.33372921230516106,1.0,0.882355797894999,0.9521447420740031,0.8250945261136637,0.44567777978755585,0.44567777978755585,0.44567777978755585,0.0,0.0,0.0,0.0,0.0,0.30456362026697137,0.1072737572686988,0.0338404022518857,4.522125132553889,97.8528099304926,554.8311840042917,0.0,97.40713215070504,0.30456362026697137,5.075552731749077,0.0,0.0,-902.6430624929222,0.0,-1.4551915228366852e-11,0.0,0.0
contact_inhibition_hypothesis,stationary,223.03253925899958,223.03253925899958,19901.28452844719,90000.0,0.0,0.0,0.0,0.0,0.0,0.0,0.0,0.0,89.0,0.06313165193928702,0.016414229504214627,0.0,0.33358577049578536,1.0,0.8813827447328755,0.9517228543993688,0.8236763717440548,0.449606835241432,0.449606835241432,0.449606835241432,0.0,0.0,0.0,0.0,0.0,0.30810649768888365,0.10726628225378354,0.03423405529876484,4.522321153257854,98.71547155279241,554.5046495352434,0.0,98.26586471755098,0.30810649768888365,5.1345947839852455,0.0,0.0,-902.584020440686,0.0,-1.4551915228366852e-11,0.0,0.0
contact_inhibition_hypothesis,stationary,224.97296428516378,224.97296428516378,19900.425685284186,90000.0,0.0,0.0,0.0,0.0,0.0,0.0,0.0,0.0,90.0,0.06368090918118133,0.016557036387107146,0.0,0.33344296361289283,1.0,0.8804150646246435,0.9513028341555672,0.8222665385886115,0.45351849924317594,0.45351849924317594,0.45351849924317594,0.0,0.0,0.0,0.0,0.0,0.3116336928223869,0.10725884055163495,0.03462596586915409,4.522516323183605,99.5743147157992,554.179560428485,0.0,99.12079621655603,0.3116336928223869,5.193375490885077,0.0,0.0,-902.5252397337862,0.0,-1.4551915228366852e-11,0.0,-5.551115123125783e-17
contact_inhibition_hypothesis,stationary,226.90484663011472,226.90484663011472,19899.570623160515,90000.0,0.0,0.0,0.0,0.0,0.0,0.0,0.0,0.0,91.0,0.06422774832938052,0.016699214565638935,0.0,0.33330078543436104,1.0,0.8794527001311474,0.9508846630422384,0.8208649355493944,0.4574129422247156,0.4574129422247156,0.4574129422247156,0.0,0.0,0.0,0.0,0.0,0.3151453593507042,0.10725143183504432,0.035016151038967123,4.52271065061332,100.42937683946936,553.8559025198238,0.0,99.97196389724463,0.3151453593507042,5.251897413579485,0.0,0.0,-902.4667178110918,0.0,-1.4551915228366852e-11,0.0,0.0
contact_inhibition_hypothesis,stationary,228.82826953447184,228.82826953447184,19898.71930523341,90000.0,0.0,0.0,0.0,0.0,0.0,0.0,0.0,0.0,92.0,0.06477219294599727,0.016840770165959293,0.0,0.33315922983404067,1.0,0.8784955947402825,0.9504683230412961,0.819471473017348,0.46129033198915104,0.46129033198915104,0.46129033198915104,0.0,0.0,0.0,0.0,0.0,0.3186416485865659,0.10724405578185559,0.03540462762072954,4.52290414370184,101.2806947665749,553.5336618635422,0.0,100.81940443458575,0.3186416485865659,5.31016307369512,0.0,0.0,-902.4084521509761,0.0,-1.4551915228366852e-11,0.0,0.0
contact_inhibition_hypothesis,stationary,230.74331496230113,230.74331496230113,19897.87169522511,90000.0,0.0,0.0,0.0,0.0,0.0,0.0,0.0,0.0,93.0,0.06531426623180264,0.016981709220268686,0.0,0.3330182907797313,1.0,0.8775436928468935,0.9500537964109744,0.8180860628397697,0.4651508337662036,0.4651508337662036,0.4651508337662036,0.0,0.0,0.0,0.0,0.0,0.32212270952221045,0.10723671207485863,0.035791412169134486,4.523096810479348,102.12830477487802,553.2128247277908,0.0,101.66315394111182,0.32212270952221045,5.368174954187637,0.0,0.0,-902.3504402704837,0.0,-1.4551915228366852e-11,0.0,0.0
contact_inhibition_hypothesis,stationary,232.65006362788577,232.65006362788577,19897.027757411008,90000.0,0.0,0.0,0.0,0.0,0.0,0.0,0.0,0.0,94.0,0.06585399103380385,0.017122037668789003,0.0,0.332877962331211,1.0,0.8765969397332225,0.9496410656800324,0.8167086182886666,0.46899461026618233,0.46899461026618233,0.46899461026618233,0.0,0.0,0.0,0.0,0.0,0.3255886888780471,0.10722940040168555,0.03617652098644967,4.523288658853978,102.97224258897995,552.8933775901021,0.0,102.50324797871377,0.3255886888780471,5.425935500152654,0.0,0.0,-902.2926797245186,0.0,-1.0913936421275139e-11,0.0,0.0
contact_inhibition_hypothesis,stationary,234.54859502178522,234.54859502178522,19896.18745660813,90000.0,0.0,0.0,0.0,0.0,0.0,0.0,0.0,0.0,95.0,0.06639138985262052,0.017261761361681338,0.0,0.33273823863831864,1.0,0.8756552815498856,0.9492301136421137,0.8153390540299754,0.47282182173251636,0.47282182173251636,0.47282182173251636,0.0,0.0,0.0,0.0,0.0,0.32903973115002594,0.10722212045470972,0.03655997012778065,4.523479696614351,103.81254339185485,552.5753071330251,0.0,103.33972157012234,0.32903973115002594,5.483447119615182,0.0,0.0,-902.2351681050561,0.0,-1.4551915228366852e-11,0.0,5.551115123125783e-17
contact_inhibition_hypothesis,stationary,236.438987436205,236.438987436205,19895.35075816391,90000.0,0.0,0.0,0.0,0.0,0.0,0.0,0.0,0.0,96.0,0.0669264848496659,0.017400886060913136,0.0,0.33259911393908687,1.0,0.8747186652973618,0.9488209233502556,0.813977286093617,0.4766326259928969,0.4766326259928969,0.4766326259928969,0.0,0.0,0.0,0.0,0.0,0.3324759786557546,0.10721487193094734,0.03694177540619495,4.523669931432054,104.64924183607857,552.2586002398754,0.0,104.17260921008568,0.3324759786557546,5.54071218429815,0.0,0.0,-902.1779030403732,0.0,-1.0913936421275139e-11,0.0,0.0
contact_inhibition_hypothesis,stationary,238.3213179896997,238.3213179896997,19894.517627945224,90000.0,0.0,0.0,0.0,0.0,0.0,0.0,0.0,0.0,97.0,0.06745929785413927,0.01753941744207621,0.0,0.33246058255792377,1.0,0.8737870388079783,0.9484134781115405,0.812623231844353,0.4804271785090758,0.4804271785090758,0.4804271785090758,0.0,0.0,0.0,0.0,0.0,0.335897571579403,0.10720765453196145,0.03732195239771143,4.523859370864049,105.4823720547624,551.9432439905956,0.0,105.00194487625332,0.335897571579403,5.59773303037075,0.0,0.0,-902.1208821943005,0.0,-1.4551915228366852e-11,0.0,-5.551115123125783e-17
contact_inhibition_hypothesis,stationary,240.19566265123046,240.19566265123046,19893.688032327787,90000.0,0.0,0.0,0.0,0.0,0.0,0.0,0.0,0.0,98.0,0.0679898503698357,0.017677361096157283,0.0,0.33232263890384267,1.0,0.8728603507283751,0.9480077614818903,0.8112768099534293,0.4842056324253624,0.4842056324253624,0.4842056324253624,0.0,0.0,0.0,0.0,0.0,0.33930464801543403,0.10720046796376907,0.03770051644615933,4.524048022355007,106.31196767220099,551.629225657726,0.0,105.82776203977564,0.33930464801543403,5.654511959177208,0.0,0.0,-902.064103265494,0.0,-1.0913936421275139e-11,0.0,-5.551115123125783e-17
contact_inhibition_hypothesis,stationary,242.0620962635968,242.0620962635968,19892.861938185746,90000.0,0.0,0.0,0.0,0.0,0.0,0.0,0.0,0.0,99.0,0.06851816358177856,0.017814722531262428,0.0,0.33218527746873755,1.0,0.8719385505024342,0.9476037572609929,0.8099379403709674,0.48796813861585947,0.48796813861585947,0.48796813861585947,0.0,0.0,0.0,0.0,0.0,0.34269734401119833,0.1071933119367502,0.03807748266791092,4.5242358932396085,107.1380618142435,551.3165327024783,0.0,106.65009367562764,0.34269734401119833,5.71105123794662,0.0,0.0,-902.0075639867247,0.0,-1.0913936421275139e-11,0.0,5.551115123125783e-17
contact_inhibition_hypothesis,stationary,243.92069256626303,243.92069256626303,19892.03931288159,90000.0,0.0,0.0,0.0,0.0,0.0,0.0,0.0,0.0,100.0,0.06904425836268097,0.01795150717429705,0.0,0.3320484928257029,1.0,0.8710215883546581,0.9472014494873616,0.8086065442990914,0.4917148457304783,0.4917148457304783,0.4917148457304783,0.0,0.0,0.0,0.0,0.0,0.34607579360842733,0.10718618616555901,0.038452865956491916,4.524422990744757,107.96068711839659,551.0051527709111,0.0,107.46897227266611,0.34607579360842733,5.767353100484441,0.0,0.0,-901.9512621241869,0.0,-1.4551915228366852e-11,0.0,0.0
contact_inhibition_hypothesis,stationary,245.77152421759808,245.77152421759808,19891.220124256317,90000.0,0.0,0.0,0.0,0.0,0.0,0.0,0.0,0.0,101.0,0.0695681552792408,0.01808772037260261,0.0,0.3319122796273974,1.0,0.8701094152739844,0.9468008224335218,0.8072825441657618,0.4954459002397716,0.4954459002397716,0.4954459002397716,0.0,0.0,0.0,0.0,0.0,0.34944012888366005,0.10717909036903824,0.03882668098707333,4.524609321991749,108.77987574366801,550.6950736902046,0.0,108.28442984342824,0.34944012888366005,5.823419747846194,0.0,0.0,-901.8951954768252,0.0,-1.4551915228366852e-11,0.0,0.0
contact_inhibition_hypothesis,stationary,247.6146628165468,247.6146628165468,19890.404340619825,90000.0,0.0,0.0,0.0,0.0,0.0,0.0,0.0,0.0,102.0,0.0700898745982751,0.01822336739555153,0.0,0.33177663260444845,1.0,0.869201982998021,0.946401860601319,0.805965863599292,0.4991614464786203,0.4991614464786203,0.4991614464786203,0.0,0.0,0.0,0.0,0.0,0.352790479987637,0.10717202427013471,0.03919894222084855,4.52479489399839,109.59565938015832,550.3862834650298,0.0,109.0964979336797,0.352790479987637,5.879253348993971,0.0,0.0,-901.8393618756774,0.0,-1.8189894035458565e-11,0.0,5.551115123125783e-17
contact_inhibition_hypothesis,stationary,249.4501789237503,249.4501789237503,19889.591930741575,90000.0,0.0,0.0,0.0,0.0,0.0,0.0,0.0,0.0,103.0,0.07060943629269835,0.018358453436101572,0.0,0.3316415465638984,1.0,0.8682992439976904,0.9460045487173483,0.8046564274035345,0.5028616266888097,0.5028616266888097,0.5028616266888097,0.0,0.0,0.0,0.0,0.0,0.3561269751836929,0.10716498759581757,0.0395696639092992,4.524979713681053,110.40806925840899,550.0787702740095,0.0,109.90520763172017,0.3561269751836929,5.934856041436242,0.0,0.0,-901.783759183235,0.0,-1.4551915228366852e-11,0.0,1.1102230246251565e-16
contact_inhibition_hypothesis,stationary,251.2781420821324,251.2781420821324,19888.782863841472,90000.0,0.0,0.0,0.0,0.0,0.0,0.0,0.0,0.0,104.0,0.07112686004734972,0.01849298361231093,0.0,0.33150701638768904,1.0,0.8674011514622696,0.9456088717284972,0.8033541615337021,0.5065465810605291,0.5065465810605291,0.5065465810605291,0.0,0.0,0.0,0.0,0.0,0.35944974088517745,0.10715798007699853,0.03993886009835304,4.525163787856685,111.21713615851397,549.7725224662698,0.0,110.71058957745343,0.35944974088517745,5.990229931851482,0.0,0.0,-901.7283852928198,0.0,-1.4551915228366852e-11,0.0,1.1102230246251565e-16
contact_inhibition_hypothesis,stationary,253.09862083696893,253.09862083696893,19887.97710958098,90000.0,0.0,0.0,0.0,0.0,0.0,0.0,0.0,0.0,105.0,0.07164216526467382,0.018626962968815195,0.0,0.33137303703118476,1.0,0.8665076592848132,0.9452148147976023,0.8020589930728201,0.5102164477728289,0.5102164477728289,0.5102164477728289,0.0,0.0,0.0,0.0,0.0,0.3627589016919374,0.10715100144845396,0.040306544632437484,4.525347123244764,112.02289041900256,549.4675285580784,0.0,111.51267397122973,0.3627589016919374,6.045377096696137,0.0,0.0,-901.6732381279752,0.0,-1.8189894035458565e-11,0.0,1.1102230246251565e-16
contact_inhibition_hypothesis,stationary,254.91168275545445,254.91168275545445,19887.174638054486,90000.0,0.0,0.0,0.0,0.0,0.0,0.0,0.0,0.0,106.0,0.07215537107025936,0.018760396478267435,0.0,0.33123960352173254,1.0,0.8656187220479482,0.9448223632992134,0.8007708502087745,0.5138713630330655,0.5138713630330655,0.5138713630330655,0.0,0.0,0.0,0.0,0.0,0.36605458042588457,0.10714405144874929,0.04067273115843161,4.525529726469204,112.82536194549974,549.163777229565,0.0,112.31149058246667,0.36605458042588457,6.100299582797366,0.0,0.0,-901.6183156418739,0.0,-1.4551915228366852e-11,0.0,0.0
contact_inhibition_hypothesis,stationary,256.7173944457828,256.7173944457828,19886.375419780812,90000.0,0.0,0.0,0.0,0.0,0.0,0.0,0.0,0.0,107.0,0.07266649631824003,0.018893289042742407,0.0,0.3311067109572576,1.0,0.864734295010029,0.9444315028154635,0.7994896622119506,0.5175114611153646,0.5175114611153646,0.5175114611153646,0.0,0.0,0.0,0.0,0.0,0.36933689816567983,0.10713712982016484,0.04103743312951997,4.5257116040602225,113.62458021917125,548.8612573215257,0.0,113.10706875805589,0.36933689816567983,6.154999407931054,0.0,0.0,-901.5636158167403,0.0,-1.8189894035458565e-11,0.0,0.0
contact_inhibition_hypothesis,stationary,258.515821575756,258.515821575756,19885.579425695025,90000.0,0.0,0.0,0.0,0.0,0.0,0.0,0.0,0.0,108.0,0.07317555959656188,0.019025645495106092,0.0,0.3309743545048939,1.0,0.8638543340916411,0.9440422191320409,0.7982153594134367,0.5211368743981349,0.5211368743981349,0.5211368743981349,0.0,0.0,0.0,0.0,0.0,0.3726059742805602,0.10713023630862359,0.041400663808951126,4.525892762456148,114.42057430496011,548.5599578323057,0.0,113.89943743056197,0.3726059742805602,6.209478561385535,0.0,0.0,-901.5091366632857,0.0,-1.4551915228366852e-11,0.0,0.0
contact_inhibition_hypothesis,stationary,260.30702889093396,260.30702889093396,19884.786627140365,90000.0,0.0,0.0,0.0,0.0,0.0,0.0,0.0,0.0,109.0,0.073682579232121,0.019157470600351462,0.0,0.33084252939964853,1.0,0.862978795862445,0.9436544982342604,0.79694787318378,0.524747733400656,0.524747733400656,0.524747733400656,0.0,0.0,0.0,0.0,0.0,0.37586192646333144,0.10712337066362103,0.041762436273703483,4.5260732080051955,115.21337285961977,548.2598679147574,0.0,114.68862512621911,0.37586192646333144,6.263739004511418,0.0,0.0,-901.4548762201599,0.0,-1.4551915228366852e-11,0.0,0.0
contact_inhibition_hypothesis,stationary,262.09108023234194,262.09108023234194,19883.996995860434,90000.0,0.0,0.0,0.0,0.0,0.0,0.0,0.0,0.0,110.0,0.07418757329577551,0.019288769056901633,0.0,0.33071123094309834,1.0,0.8621076375283457,0.9432683263032304,0.7956871359122705,0.5283441668187734,0.5283441668187734,0.5283441668187734,0.0,0.0,0.0,0.0,0.0,0.37910487076255517,0.10711653263815661,0.04212276341806167,4.526252946967188,116.00300413955136,547.9609768732746,0.0,115.4746599727326,0.37910487076255517,6.317782671257982,0.0,0.0,-901.4008325534134,0.0,-1.4551915228366852e-11,0.0,-1.1102230246251565e-16
contact_inhibition_hypothesis,stationary,263.86803855374484,263.86803855374484,19883.210503991537,90000.0,0.0,0.0,0.0,0.0,0.0,0.0,0.0,0.0,111.0,0.07469055960723545,0.019419545497881215,0.0,0.33058045450211876,1.0,0.8612408169189836,0.942883689712114,0.7944330809867463,0.5319263015597231,0.5319263015597231,0.5319263015597231,0.0,0.0,0.0,0.0,0.0,0.3823349216139511,0.1071097219886663,0.04248165795710567,4.526431985515246,116.78949600844967,547.6632741608984,0.0,116.25756970688995,0.3823349216139511,6.371611468696495,0.0,0.0,-901.3470037559748,0.0,-1.4551915228366852e-11,0.0,0.0
contact_inhibition_hypothesis,stationary,265.6379659385048,265.6379659385048,19882.427124055223,90000.0,0.0,0.0,0.0,0.0,0.0,0.0,0.0,0.0,112.0,0.07519155573983438,0.01954980449235694,0.0,0.33045019550764304,1.0,0.8603782924755322,0.9425005750224796,0.7931856427739011,0.535494262776113,0.535494262776113,0.535494262776113,0.0,0.0,0.0,0.0,0.0,0.3855521918710396,0.1071029384749579,0.0428391324301155,4.526610329737428,117.5728759447642,547.3667493764926,0.0,117.0373816819881,0.3855521918710396,6.425227277530875,0.0,0.0,-901.2933879471404,0.0,-1.4551915228366852e-11,0.0,0.0
contact_inhibition_hypothesis,stationary,267.4009236160316,267.4009236160316,19881.646828951005,90000.0,0.0,0.0,0.0,0.0,0.0,0.0,0.0,0.0,113.0,0.07569057902518589,0.01967955054654833,0.0,0.3303204494534516,1.0,0.8595200232387972,0.9421189689807401,0.7919447566000731,0.5390481738990858,0.5390481738990858,0.5390481738990858,0.0,0.0,0.0,0.0,0.0,0.38875679283504516,0.10709618186014667,0.0431951992038939,4.5267879856383395,118.35317104898026,547.0713922619882,0.0,117.81412287508117,0.38875679283504516,6.478631952596027,0.0,0.0,-901.2399832720753,0.0,-1.4551915228366852e-11,0.0,0.0
contact_inhibition_hypothesis,stationary,269.15697197783936,269.15697197783936,19880.869591949264,90000.0,0.0,0.0,0.0,0.0,0.0,0.0,0.0,0.0,114.0,0.07618764655772858,0.019808788105009432,0.0,0.33019121189499057,1.0,0.8586659688376052,0.9417388585146782,0.7907103587325139,0.5425881566706867,0.5425881566706867,0.5425881566706867,0.0,0.0,0.0,0.0,0.0,0.39194883428408384,0.10708945191059363,0.043549870476009306,4.526964959140691,119.1304080507258,546.7771926996926,0.0,118.58781989405512,0.39194883428408384,6.531827323344257,0.0,0.0,-901.1867879013271,0.0,-1.0913936421275139e-11,0.0,-1.1102230246251565e-16
contact_inhibition_hypothesis,stationary,270.9061705932201,270.9061705932201,19880.09538668428,90000.0,0.0,0.0,0.0,0.0,0.0,0.0,0.0,0.0,115.0,0.07668277519916265,0.01993752155178229,0.0,0.3300624784482177,1.0,0.8578160894774757,0.941360230730052,0.789482386361106,0.5461143311754605,0.5461143311754605,0.5461143311754605,0.0,0.0,0.0,0.0,0.0,0.3951284245016547,0.10708274839584422,0.04390315827796162,4.527141256086837,119.90461331570862,546.4841407096649,0.0,119.35849898453316,0.3951284245016547,6.5848151943200754,0.0,0.0,-901.1338000303513,0.0,-1.0913936421275139e-11,0.0,-1.1102230246251565e-16
contact_inhibition_hypothesis,stationary,272.6485782245457,272.6485782245457,19879.3241871475,90000.0,0.0,0.0,0.0,0.0,0.0,0.0,0.0,0.0,116.0,0.07717598158278126,0.020065755211523126,0.0,0.3299342447884768,1.0,0.8569703459295667,0.9409830729072849,0.788260777580535,0.5496268158712971,0.5496268158712971,0.5496268158712971,0.0,0.0,0.0,0.0,0.0,0.3982956703044548,0.10707607108856962,0.044255074478272746,4.527316882240259,120.67581285248899,546.1922264471506,0.0,120.1261860366177,0.3982956703044548,6.637597345623739,0.0,0.0,-901.0810178790475,0.0,-1.0913936421275139e-11,0.0,0.0
contact_inhibition_hypothesis,stationary,274.3842528422088,274.3842528422088,19878.5559676809,90000.0,0.0,0.0,0.0,0.0,0.0,0.0,0.0,0.0,117.0,0.07766728211769969,0.02019349335060192,0.0,0.32980650664939803,1.0,0.8561286995198869,0.9406073724982296,0.7870454713728863,0.5531257276195518,0.5531257276195518,0.5531257276195518,0.0,0.0,0.0,0.0,0.0,0.4014506770695392,0.10706941976450834,0.04460563078550434,4.527491843287031,121.44403231909273,545.9014402000804,0.0,120.89090659147317,0.4014506770695392,6.69017553336387,0.0,0.0,-901.0284396913074,0.0,-7.275957614183426e-12,0.0,-1.1102230246251565e-16
contact_inhibition_hypothesis,stationary,276.11325163921236,276.11325163921236,19877.79070297052,90000.0,0.0,0.0,0.0,0.0,0.0,0.0,0.0,0.0,118.0,0.0781566929929851,0.020320740178176127,0.0,0.32967925982182383,1.0,0.8552911121187659,0.9402331171230114,0.7858364075906642,0.5566111817144553,0.5566111817144553,0.5566111817144553,0.0,0.0,0.0,0.0,0.0,0.4045935487608409,0.10706279420240991,0.04495483875120453,4.527666144837236,122.20929702946852,545.6117723866245,0.0,121.65268584775406,0.4045935487608409,6.742551490099413,0.0,0.0,-900.9760637345719,0.0,-1.0913936421275139e-11,0.0,0.0
contact_inhibition_hypothesis,stationary,277.8356310454193,277.8356310454193,19877.028368040195,90000.0,0.0,0.0,0.0,0.0,0.0,0.0,0.0,0.0,119.0,0.07864423018169002,0.020447499847239405,0.0,0.32955250015276055,1.0,0.8544575461305751,0.9398602945669429,0.7846335269402166,0.5600832919118398,0.5600832919118398,0.5600832919118398,0.0,0.0,0.0,0.0,0.0,0.40772438795507415,0.10705619418397962,0.045302709772786005,4.52783979242636,122.97163195979495,545.3232135528057,0.0,122.41154866788311,0.40772438795507415,6.79472692527131,0.0,0.0,-900.9238882994,0.0,-1.0913936421275139e-11,0.0,0.0
contact_inhibition_hypothesis,stationary,279.55144674146993,279.55144674146993,19876.26893824535,90000.0,0.0,0.0,0.0,0.0,0.0,0.0,0.0,0.0,120.0,0.07912990944479181,0.020573776455645874,0.0,0.3294262235443541,1.0,0.8536279644836936,0.939488892777512,0.7834367709655566,0.5635421704571943,0.5635421704571943,0.5635421704571943,0.0,0.0,0.0,0.0,0.0,0.4108432958670328,0.10704961949382456,0.045649255096336966,4.52801279151665,123.7310617546404,545.0357543701678,0.0,123.1675195841832,0.4108432958670328,6.8467035256241005,0.0,0.0,-900.8719116990471,0.0,-1.0913936421275139e-11,0.0,0.0
contact_inhibition_hypothesis,stationary,281.2607536723785,281.2607536723785,19875.51238926701,90000.0,0.0,0.0,0.0,0.0,0.0,0.0,0.0,0.0,121.0,0.07961374633504134,0.020699574047110748,0.0,0.3293004259528892,1.0,0.8528023306207091,0.9391188998614389,0.7822460820325673,0.5669879281130743,0.5669879281130743,0.5669879281130743,0.0,0.0,0.0,0.0,0.0,0.41395037237430604,0.10704306991940093,0.045994485819367326,4.5281851474984345,124.48761073298094,544.749385633498,0.0,123.92062280486786,0.41395037237430604,6.89848295561781,0.0,0.0,-900.8201322690535,0.0,-1.0913936421275139e-11,0.0,0.0
contact_inhibition_hypothesis,stationary,282.9636060608159,282.9636060608159,19874.75869710591,90000.0,0.0,0.0,0.0,0.0,0.0,0.0,0.0,0.0,122.0,0.08009575620072275,0.020824896612187914,0.0,0.3291751033878121,1.0,0.8519806084888508,0.9387503040818003,0.7810614033135796,0.5704206741858775,0.5704206741858775,0.5704206741858775,0.0,0.0,0.0,0.0,0.0,0.4170457160414236,0.10703654525096241,0.0463384128934915,4.528356865691429,125.24130289407942,544.4640982586011,0.0,124.67088221989354,0.4170457160414236,6.950066857830324,0.0,0.0,-900.768548366841,0.0,-1.0913936421275139e-11,0.0,0.0
contact_inhibition_hypothesis,stationary,284.66005742008906,284.66005742008906,19874.00783807676,90000.0,0.0,0.0,0.0,0.0,0.0,0.0,0.0,0.0,123.0,0.08057595418932742,0.02094974808922513,0.0,0.32905025191077486,1.0,0.8511627625306443,0.9383830938552202,0.779882678772311,0.5738405165520091,0.5738405165520091,0.5738405165520091,0.0,0.0,0.0,0.0,0.0,0.42012942414344895,0.10703004528151028,0.04668104712704987,4.528527951345995,125.99216192323011,544.1798832801254,0.0,125.4183214066781,0.42012942414344895,7.001456853350576,0.0,0.0,-900.7171583713207,0.0,-1.0913936421275139e-11,0.0,-1.1102230246251565e-16
contact_inhibition_hypothesis,stationary,286.35016056682406,286.35016056682406,19873.259788802618,90000.0,0.0,0.0,0.0,0.0,0.0,0.0,0.0,0.0,124.0,0.08105435525114407,0.021074132365297458,0.0,0.3289258676347025,1.0,0.8503487576747846,0.938017257749125,0.7787098531491599,0.5772475616834493,0.5772475616834493,0.5772475616834493,0.0,0.0,0.0,0.0,0.0,0.423201592689035,0.10702356980674368,0.047022399187670545,4.528698409644379,126.7402111973724,543.8967318494371,0.0,126.16296363568895,0.423201592689035,7.052654542162768,0.0,0.0,-900.6659606825085,0.0,-1.0913936421275139e-11,0.0,0.0
contact_inhibition_hypothesis,stationary,288.03396763336184,288.03396763336184,19872.514526209416,90000.0,0.0,0.0,0.0,0.0,0.0,0.0,0.0,0.0,125.0,0.08153097414276746,0.02119805327711954,0.0,0.32880194672288043,1.0,0.8495385593272201,0.9376527844790602,0.7775428719468408,0.5806419146727414,0.5806419146727414,0.5806419146727414,0.0,0.0,0.0,0.0,0.0,0.42626231644295637,0.10701711862501215,0.04736247960477292,4.528868245701922,127.48547379057715,543.6146352325446,0.0,126.9048318759044,0.42626231644295637,7.1036615035218675,0.0,0.0,-900.6149537211494,0.0,-7.275957614183426e-12,0.0,0.0
contact_inhibition_hypothesis,stationary,289.71153007987436,289.71153007987436,19871.772027520583,90000.0,0.0,0.0,0.0,0.0,0.0,0.0,0.0,0.0,126.0,0.08200582543052803,0.02132151461193729,0.0,0.3286784853880627,1.0,0.8487321333624424,0.9372896629060669,0.7763816814163494,0.584023679257417,0.584023679257417,0.584023679257417,0.0,0.0,0.0,0.0,0.0,0.4293116889481341,0.10701069153726811,0.047701298772014886,4.529037464568245,128.22797247940943,543.333584808068,0.0,127.64394880015202,0.4293116889481341,7.1544792963206545,0.0,0.0,-900.5641359283507,0.0,-7.275957614183426e-12,0.0,-1.1102230246251565e-16
contact_inhibition_hypothesis,stationary,291.38289870620855,291.38289870620855,19871.03227025182,90000.0,0.0,0.0,0.0,0.0,0.0,0.0,0.0,0.0,127.0,0.08247892349384445,0.02144452010839956,0.0,0.32855547989160044,1.0,0.8479294461149746,0.936927882034119,0.7752262285432552,0.5873929578438717,0.5873929578438717,0.5873929578438717,0.0,0.0,0.0,0.0,0.0,0.43234980254716526,0.10700428834702139,0.04803886694968502,4.5292060712283995,128.96772974817065,543.0535720652554,0.0,128.3803367903268,0.43234980254716526,7.205109459448509,0.0,0.0,-900.5135057652228,0.0,-7.275957614183426e-12,0.0,0.0
contact_inhibition_hypothesis,stationary,293.04812366346556,293.04812366346556,19870.29523220597,90000.0,0.0,0.0,0.0,0.0,0.0,0.0,0.0,0.0,128.0,0.08295028252850119,0.02156707345741031,0.0,0.32843292654258965,1.0,0.8471304643710549,0.9365674310076166,0.7740764610343073,0.5907498515307069,0.5907498515307069,0.5907498515307069,0.0,0.0,0.0,0.0,0.0,0.4353767484033714,0.10699790886029424,0.048375194267041254,4.529374070604,129.70476779402375,542.7745886020413,0.0,129.11401794249304,0.4353767484033714,7.255553512142185,0.0,0.0,-900.4630617125291,0.0,-7.275957614183426e-12,0.0,0.0
contact_inhibition_hypothesis,stationary,294.7072544653229,294.7072544653229,19869.56089146799,90000.0,0.0,0.0,0.0,0.0,0.0,0.0,0.0,0.0,129.0,0.08341991654985344,0.021689178302961895,0.0,0.32831082169703807,1.0,0.8463351553605086,0.9362082991089355,0.7729323273043458,0.594094460131555,0.594094460131555,0.594094460131555,0.0,0.0,0.0,0.0,0.0,0.43839261652137995,0.10699155288557732,0.04871029072459776,4.529541467554328,130.43910853200418,542.496626123152,0.0,129.84501407187264,0.43839261652137995,7.305812954328797,0.0,0.0,-900.4128022703425,0.0,-3.637978807091713e-12,0.0,0.0
contact_inhibition_hypothesis,stationary,296.3603399991052,296.3603399991052,19868.829226400074,90000.0,0.0,0.0,0.0,0.0,0.0,0.0,0.0,0.0,130.0,0.08388783939596076,0.021810838242949798,0.0,0.32818916175705015,1.0,0.8455434867488038,0.9358504757560299,0.7717937764635094,0.5974268821973961,0.5974268821973961,0.5974268821973961,0.0,0.0,0.0,0.0,0.0,0.44139749576724824,0.10698522023378691,0.04904416619636091,4.529708266877415,131.1707735999202,542.2196764382498,0.0,130.5733467177228,0.44139749576724824,7.355889266961191,0.0,0.0,-900.3627259577102,0.0,-7.275957614183426e-12,0.0,1.1102230246251565e-16
contact_inhibition_hypothesis,stationary,298.00742853661245,298.00742853661245,19868.10021563685,90000.0,0.0,0.0,0.0,0.0,0.0,0.0,0.0,0.0,131.0,0.08435406473065216,0.02193205682996956,0.0,0.3280679431700304,1.0,0.8447554266292847,0.9354939505000895,0.770660758304736,0.6007472150383862,0.6007472150383862,0.6007472150383862,0.0,0.0,0.0,0.0,0.0,0.444391473888147,0.10697891071822298,0.049376830432016315,4.529874473311094,131.8997843631453,541.9437314601186,0.0,131.29903714810692,0.444391473888147,7.405783912345969,0.0,0.0,-900.3128313123253,0.0,-7.275957614183426e-12,0.0,-1.1102230246251565e-16
contact_inhibition_hypothesis,stationary,299.64856774470945,299.64856774470945,19867.37383808069,90000.0,0.0,0.0,0.0,0.0,0.0,0.0,0.0,0.0,132.0,0.08481860604652347,0.022052837572096102,0.0,0.3279471624279039,1.0,0.8439709435155812,0.9351387130232468,0.7695332232915391,0.6040555547452049,0.6040555547452049,0.6040555547452049,0.0,0.0,0.0,0.0,0.0,0.4473746375316091,0.10697262415452809,0.04970829305906767,4.530040091534038,132.6261619193051,541.6687832028902,0.0,132.0221063645599,0.4473746375316091,7.455498334464266,0.0,0.0,-900.263116890207,0.0,-3.637978807091713e-12,0.0,0.0
contact_inhibition_hypothesis,stationary,301.2838046956851,301.2838046956851,19866.650072897133,90000.0,0.0,0.0,0.0,0.0,0.0,0.0,0.0,0.0,133.0,0.08528147666786977,0.022173183933646142,0.0,0.32782681606635383,1.0,0.8431900063341847,0.9347847531363349,0.7684111225460644,0.6073519962099376,0.6073519962099376,0.6073519962099376,0.0,0.0,0.0,0.0,0.0,0.4503470722643614,0.10696636036064718,0.05003856358492903,4.530205126166768,133.34992710286272,541.3948237803083,0.0,132.7425751066528,0.4503470722643614,7.505033959285582,0.0,0.0,-900.2135812653858,0.0,-3.637978807091713e-12,0.0,0.0
contact_inhibition_hypothesis,stationary,302.9131858773865,302.9131858773865,19865.92889951039,90000.0,0.0,0.0,0.0,0.0,0.0,0.0,0.0,0.0,134.0,0.08574268975355384,0.022293099335924,0.0,0.327706900664076,1.0,0.842412584417191,0.9344320607766942,0.7672944078374089,0.6106366331465058,0.6106366331465058,0.6106366331465058,0.0,0.0,0.0,0.0,0.0,0.4533088625907458,0.10696011915678831,0.050367651398971744,4.5303695817726455,134.07110048960394,541.121845404032,0.0,133.46046385645744,0.4533088625907458,7.5543921950747785,0.0,0.0,-900.1642230295965,0.0,-7.275957614183426e-12,0.0,0.0
contact_inhibition_hypothesis,stationary,304.53675720313424,304.53675720313424,19865.210297598966,90000.0,0.0,0.0,0.0,0.0,0.0,0.0,0.0,0.0,135.0,0.08620225829981285,0.02241258715795134,0.0,0.3275874128420486,1.0,0.8416386474952013,0.9340806260060254,0.7661830315701991,0.6139095581106542,0.6139095581106542,0.6139095581106542,0.0,0.0,0.0,0.0,0.0,0.4562600919707427,0.10695390036538459,0.050695565774526954,4.530533462858833,134.78970240102575,540.8498403819729,0.0,134.1757928429151,0.4562600919707427,7.603574432692427,0.0,0.0,-900.1150407919789,0.0,-7.275957614183426e-12,0.0,0.0
contact_inhibition_hypothesis,stationary,306.15456402142377,306.15456402142377,19864.494247091363,90000.0,0.0,0.0,0.0,0.0,0.0,0.0,0.0,0.0,136.0,0.08666019514300438,0.02253165073718114,0.0,0.3274683492628188,1.0,0.8408681656903811,0.9337304390082907,0.7650769467734245,0.6171708625195077,0.6171708625195077,0.6171708625195077,0.0,0.0,0.0,0.0,0.0,0.45920084283760654,0.10694770381105605,0.05102231587084516,4.530696773877248,135.50575290863046,540.5788011166707,0.0,134.88858204611094,0.45920084283760654,7.652582045888712,0.0,0.0,-900.0660331787826,0.0,-7.275957614183426e-12,0.0,0.0
contact_inhibition_hypothesis,stationary,307.7666511254195,307.7666511254195,19863.780728161866,90000.0,0.0,0.0,0.0,0.0,0.0,0.0,0.0,0.0,137.0,0.08711651296229392,0.02265029337019642,0.0,0.32734970662980356,1.0,0.8401011095096694,0.9333814900876576,0.7639761070895155,0.6204206366707107,0.6204206366707107,0.6204206366707107,0.0,0.0,0.0,0.0,0.0,0.4621311966151238,0.10694152932057305,0.05134791073501375,4.530859519225489,136.2192718381276,540.3087201037027,0.0,135.5988512014569,0.4621311966151238,7.701416391591038,0.0,0.0,-900.0171988330802,0.0,-7.275957614183426e-12,0.0,0.0
contact_inhibition_hypothesis,stationary,309.373062762247,309.373062762247,19863.069721226446,90000.0,0.0,0.0,0.0,0.0,0.0,0.0,0.0,0.0,138.0,0.08757122428228495,0.022768518313394086,0.0,0.3272314816866059,1.0,0.8393374498381366,0.9330337696664879,0.7628804667636568,0.6236589697611584,0.6236589697611584,0.6236589697611584,0.0,0.0,0.0,0.0,0.0,0.46505123373450424,0.10693537672282043,0.05167235930383379,4.5310217032477365,136.9302787735469,540.0395899301269,0.0,136.30661980378574,0.46505123373450424,7.750078810185513,0.0,0.0,-899.9685364144858,0.0,-7.275957614183426e-12,0.0,-1.1102230246251565e-16
contact_inhibition_hypothesis,stationary,310.9738426420867,310.9738426420867,19862.36120693873,90000.0,0.0,0.0,0.0,0.0,0.0,0.0,0.0,0.0,139.0,0.08802434147559322,0.02288632878365424,0.0,0.3271136712163457,1.0,0.8385771579324858,0.9326872682833698,0.7617899806333412,0.6268859499053298,0.6268859499053298,0.6268859499053298,0.0,0.0,0.0,0.0,0.0,0.46796103365091085,0.10692924584876218,0.051995670405656745,4.531183330235649,137.63879306126296,539.7714032729579,0.0,137.01190711135763,0.46796103365091085,7.798570625792429,0.0,0.0,-899.9200445988788,0.0,-7.275957614183426e-12,0.0,-1.1102230246251565e-16
contact_inhibition_hypothesis,stationary,312.56903394707695,312.56903394707695,19861.655166186058,90000.0,0.0,0.0,0.0,0.0,0.0,0.0,0.0,0.0,140.0,0.08847587676536667,0.023003727958995336,0.0,0.3269962720410046,1.0,0.8378202054146949,0.9323419765911901,0.7607046041181446,0.6301016641532334,0.6301016641532334,0.6301016641532334,0.0,0.0,0.0,0.0,0.0,0.47086067485964406,0.10692313653140675,0.05231785276218266,4.531344404429225,138.3448338139361,539.5041528976764,0.0,137.71473214978286,0.47086067485964406,7.846893146535968,0.0,0.0,-899.8717220781353,0.0,-7.275957614183426e-12,0.0,-1.1102230246251565e-16
contact_inhibition_hypothesis,stationary,314.1586793400289,314.1586793400289,19860.95158008562,90000.0,0.0,0.0,0.0,0.0,0.0,0.0,0.0,0.0,141.0,0.08892584222775239,0.023120718979215624,0.0,0.32687928102078434,1.0,0.8370665642657948,0.9319978853552481,0.7596242932097217,0.6333061985079774,0.6333061985079774,0.6333061985079774,0.0,0.0,0.0,0.0,0.0,0.47375023491198337,0.1069170486057737,0.052638914990220366,4.531504930017658,139.04841991436942,539.2378316567682,0.0,138.41511371586145,0.47375023491198337,7.895047664808202,0.0,0.0,-899.8235675598631,0.0,-1.0913936421275139e-11,0.0,0.0
contact_inhibition_hypothesis,stationary,315.7428209729598,315.7428209729598,19860.250429980704,90000.0,0.0,0.0,0.0,0.0,0.0,0.0,0.0,0.0,142.0,0.08937424979431194,0.023237304946521105,0.0,0.3267626950534789,1.0,0.836316206819781,0.9316549854514086,0.7585490044620223,0.6364996379429702,0.6364996379429702,0.6364996379429702,0.0,0.0,0.0,0.0,0.0,0.4766297904306991,0.1069109819088601,0.052958865603410996,4.531664911140169,139.74957001928564,538.9724324882952,0.0,139.11307038134268,0.4766297904306991,7.9430354575276,0.0,0.0,-899.7755797671437,0.0,-1.0913936421275139e-11,0.0,0.0
contact_inhibition_hypothesis,stationary,317.3215004954474,317.3215004954474,19859.551697436968,90000.0,0.0,0.0,0.0,0.0,0.0,0.0,0.0,0.0,143.0,0.0898211112543863,0.023353488926140437,0.0,0.32664651107385956,1.0,0.8355691057576541,0.9313132678642929,0.7574786949817098,0.6396820664187625,0.6396820664187625,0.6396820664187625,0.0,0.0,0.0,0.0,0.0,0.47949941712523847,0.10690493627960869,0.05327771301391537,4.531824351886816,140.44830256302507,538.7079484144951,0.0,139.8086204966063,0.47949941712523847,7.990857786392099,0.0,0.0,-899.7277574382792,0.0,-7.275957614183426e-12,0.0,-1.1102230246251565e-16
contact_inhibition_hypothesis,stationary,318.8947590628126,318.8947590628126,19858.855364238825,90000.0,0.0,0.0,0.0,0.0,0.0,0.0,0.0,0.0,144.0,0.0902664382574119,0.023469273946927095,0.0,0.3265307260530729,1.0,0.8348252341015876,0.9309727236855085,0.7564133224187902,0.6428535668995426,0.6428535668995426,0.6428535668995426,0.0,0.0,0.0,0.0,0.0,0.4823591898066004,0.1068989115588756,0.053595465534066696,4.531983256299306,141.14463576116697,538.4443725404117,0.0,140.50178219426743,0.4823591898066004,8.038515898126995,0.0,0.0,-899.6800993265443,0.0,-7.275957614183426e-12,0.0,-1.1102230246251565e-16
contact_inhibition_hypothesis,stationary,320.46263734413145,320.46263734413145,19858.161412385914,90000.0,0.0,0.0,0.0,0.0,0.0,0.0,0.0,0.0,145.0,0.09071024231518862,0.023584663001949044,0.0,0.3264153369980509,1.0,0.834084565209218,0.9306333441119146,0.7553528449574369,0.6460142213692877,0.6460142213692877,0.6460142213692877,0.0,0.0,0.0,0.0,0.0,0.4852091824018989,0.10689290758939993,0.05391213137798876,4.532141628371763,141.83858761407592,538.1816980525508,0.0,141.19257339270663,0.4852091824018989,8.086011024727645,0.0,0.0,-899.6326041999437,0.0,-1.0913936421275139e-11,0.0,0.0
contact_inhibition_hypothesis,stationary,322.0251755300838,322.0251755300838,19857.469824089614,90000.0,0.0,0.0,0.0,0.0,0.0,0.0,0.0,0.0,146.0,0.09115253480410135,0.023699659049066353,0.0,0.32630034095093363,1.0,0.8333470727680553,0.9302951204439225,0.7542972213070095,0.6491641108475853,0.6491641108475853,0.6491641108475853,0.0,0.0,0.0,0.0,0.0,0.48804946796863113,0.10688692421577294,0.05422771866318122,4.532299472051503,142.53017591037562,537.9199182175673,0.0,141.88101179952804,0.48804946796863113,8.133344383697237,0.0,0.0,-899.5852708409741,0.0,-1.0913936421275139e-11,0.0,0.0
contact_inhibition_hypothesis,stationary,323.5824133406406,323.5824133406406,19856.78058176964,90000.0,0.0,0.0,0.0,0.0,0.0,0.0,0.0,0.0,147.0,0.09159332696729598,0.023814265011496957,0.0,0.326185734988503,1.0,0.83261273079001,0.9299580440838324,0.7532464106932627,0.6523033154051305,0.6523033154051305,0.6523033154051305,0.0,0.0,0.0,0.0,0.0,0.49088011870865017,0.10688096128440816,0.054542235412072225,4.53245679123978,143.21941823035135,537.6590263809758,0.0,142.56711491494622,0.49088011870865017,8.180517178279654,0.0,0.0,-899.5380980463916,0.0,-1.0913936421275139e-11,0.0,-1.1102230246251565e-16
contact_inhibition_hypothesis,stationary,325.1343900325946,325.1343900325946,19856.093668050707,90000.0,0.0,0.0,0.0,0.0,0.0,0.0,0.0,0.0,148.0,0.0920326299168111,0.02392848377837089,0.0,0.3260715162216291,1.0,0.8318815136060342,0.9296221065342033,0.7522003728497404,0.6554319141789067,0.6554319141789067,0.6554319141789067,0.0,0.0,0.0,0.0,0.0,0.49370120598185463,0.10687501864351275,0.05485568955353939,4.532613589792528,143.90633194928307,537.3990159658892,0.0,143.25090003510417,0.49370120598185463,8.227530597687608,0.0,0.0,-899.4910846269837,0.0,-1.0913936421275139e-11,0.0,-1.1102230246251565e-16
contact_inhibition_hypothesis,stationary,326.68114440693876,326.68114440693876,19855.40906575928,90000.0,0.0,0.0,0.0,0.0,0.0,0.0,0.0,0.0,149.0,0.09247045463566646,0.02404231820527328,0.0,0.3259576817947267,1.0,0.8311533958608747,0.929287299396255,0.7511590680093426,0.6585499853870597,0.6585499853870597,0.6585499853870597,0.0,0.0,0.0,0.0,0.0,0.49651280031960116,0.10686909614305833,0.055168088924400116,4.532769871521071,144.59093424071114,537.1398804717835,0.0,143.93238425532408,0.49651280031960116,8.274385817326152,0.0,0.0,-899.4442294073451,0.0,-1.0913936421275139e-11,0.0,1.1102230246251565e-16
contact_inhibition_hypothesis,stationary,328.22271481609494,328.22271481609494,19854.726757920354,90000.0,0.0,0.0,0.0,0.0,0.0,0.0,0.0,0.0,150.0,0.0929068119799091,0.02415577111477637,0.0,0.32584422888522363,1.0,0.8304283525079325,0.9289536143683048,0.7501224568960818,0.6616576063434694,0.6616576063434694,0.6616576063434694,0.0,0.0,0.0,0.0,0.0,0.4993149714378445,0.10686319363475334,0.0554794412708716,4.532925640192838,145.27324207963576,536.8816134732854,0.0,144.61158447329228,0.4993149714378445,8.321083999011679,0.0,0.0,-899.3975312256596,0.0,-1.0913936421275139e-11,0.0,0.0
contact_inhibition_hypothesis,stationary,329.75913917099774,329.75913917099774,19854.04672775434,90000.0,0.0,0.0,0.0,0.0,0.0,0.0,0.0,0.0,151.0,0.09334171268061865,0.02426884529696085,0.0,0.32573115470303915,1.0,0.8297063588042295,0.9286210432442329,0.7490905007169905,0.6647548534720309,0.6647548534720309,0.6647548534720309,0.0,0.0,0.0,0.0,0.0,0.5021077882500142,0.10685731097201513,0.055789754250001565,4.533080899532051,145.95327224565247,536.6242086189868,0.0,145.28851739218044,0.5021077882500142,8.367626291186486,0.0,0.0,-899.3509889334848,0.0,-7.275957614183426e-12,0.0,0.0
contact_inhibition_hypothesis,stationary,331.29045494803614,331.29045494803614,19853.368958673967,90000.0,0.0,0.0,0.0,0.0,0.0,0.0,0.0,0.0,152.0,0.09377516734587206,0.024381543509926735,0.0,0.32561845649007326,1.0,0.8289873903054785,0.9282895779119802,0.7480631611542137,0.667841802320647,0.667841802320647,0.667841802320647,0.0,0.0,0.0,0.0,0.0,0.5048913188796329,0.1068514480099439,0.05609903543107031,4.5332356532204,146.63104132602436,536.3676596302807,0.0,145.9631995237037,0.5048913188796329,8.414013829129082,0.0,0.0,-899.3046013955422,0.0,-7.275957614183426e-12,0.0,0.0
contact_inhibition_hypothesis,stationary,332.8166991958569,332.8166991958569,19852.693434281297,90000.0,0.0,0.0,0.0,0.0,0.0,0.0,0.0,0.0,153.0,0.09420718646266948,0.024493868480294067,0.0,0.3255061315197059,1.0,0.8282714228612523,0.9279592103520763,0.7470404003572519,0.670918527574944,0.670918527574944,0.670918527574944,0.0,0.0,0.0,0.0,0.0,0.5076656306726837,0.10684560460529549,0.05640729229696484,4.533389904897716,147.30656571869338,536.111960300222,0.0,146.63564719111844,0.5076656306726837,8.460247735160273,0.0,0.0,-899.258367489511,0.0,-1.0913936421275139e-11,0.0,0.0
contact_inhibition_hypothesis,stationary,334.33790854203323,334.33790854203323,19852.020138364758,90000.0,0.0,0.0,0.0,0.0,0.0,0.0,0.0,0.0,154.0,0.09463778039882187,0.024605822903693685,0.0,0.3253941770963063,1.0,0.8275584326102516,0.9276299326361951,0.7460221809353673,0.6739851030717139,0.6739851030717139,0.6739851030717139,0.0,0.0,0.0,0.0,0.0,0.5104307902097321,0.10683978061645598,0.056714532245525785,4.533543658162611,147.9798616352319,535.8571044924104,0.0,147.3058765321602,0.5104307902097321,8.506329118845185,0.0,0.0,-899.2122861058261,0.0,-1.0913936421275139e-11,0.0,0.0
contact_inhibition_hypothesis,stationary,335.8541191996007,335.8541191996007,19851.349054896255,90000.0,0.0,0.0,0.0,0.0,0.0,0.0,0.0,0.0,155.0,0.09506695940480103,0.024717409445248268,0.0,0.3252825905547517,1.0,0.826848395975669,0.9273017369257405,0.7450084659501435,0.6770416018120909,0.6770416018120909,0.6770416018120909,0.0,0.0,0.0,0.0,0.0,0.5131868633178073,0.10683397590341635,0.057020762590867455,4.533696916573127,148.65094510373572,535.6030861398949,0.0,147.97390350192364,0.5131868633178073,8.552259077191257,0.0,0.0,-899.1663561474801,0.0,-1.0913936421275139e-11,0.0,-1.1102230246251565e-16
contact_inhibition_hypothesis,stationary,337.36536697346554,337.36536697346554,19850.680168028328,90000.0,0.0,0.0,0.0,0.0,0.0,0.0,0.0,0.0,156.0,0.09549473361555359,0.024828630740043933,0.0,0.32517136925995604,1.0,0.826141289660645,0.926974615470459,0.7439992189081944,0.6800880959744696,0.6800880959744696,0.6800880959744696,0.0,0.0,0.0,0.0,0.0,0.51593391508205,0.10682819032774742,0.05732599056467221,4.533849683647352,149.31983197166014,535.3498992441004,0.0,148.63974387568567,0.51593391508205,8.598038694842362,0.0,0.0,-899.1205765298289,0.0,-1.0913936421275139e-11,0.0,0.0
contact_inhibition_hypothesis,stationary,338.8716872666867,338.8716872666867,19850.01346209139,90000.0,0.0,0.0,0.0,0.0,0.0,0.0,0.0,0.0,157.0,0.09592111305227916,0.02493948939359258,0.0,0.3250605106064074,1.0,0.8254370906438171,0.9266485606070807,0.7429944037540233,0.6831246569271684,0.6831246569271684,0.6831246569271684,0.0,0.0,0.0,0.0,0.0,0.5186720098571334,0.1068224237525757,0.05763022331745925,4.534001962864041,149.98653790860052,535.0975378737755,0.0,149.30341325167336,0.5186720098571334,8.643669044269126,0.0,0.0,-899.0749461804022,0.0,-1.0913936421275139e-11,0.0,1.1102230246251565e-16
contact_inhibition_hypothesis,stationary,340.37311508663555,340.37311508663555,19849.34892159097,90000.0,0.0,0.0,0.0,0.0,0.0,0.0,0.0,0.0,158.0,0.09634610762417388,0.02504998798228521,0.0,0.3249500120177148,1.0,0.8247357761749551,0.9263235647579847,0.7419939848630233,0.6861513552408468,0.6861513552408468,0.6861513552408468,0.0,0.0,0.0,0.0,0.0,0.5214012112784585,0.10681667604255961,0.05793346791982871,4.5341537576632165,150.6510784090188,534.8459961639604,0.0,149.96492705377796,0.5214012112784585,8.689151185955511,0.0,0.0,-899.0294640387158,0.0,-1.0913936421275139e-11,0.0,0.0
contact_inhibition_hypothesis,stationary,341.8696850510357,341.8696850510357,19848.68653120507,90000.0,0.0,0.0,0.0,0.0,0.0,0.0,0.0,0.0,159.0,0.09676972713014015,0.02516012905383644,0.0,0.3248398709461635,1.0,0.8240373237706855,0.9259996204298927,0.7409979270346162,0.6891682607006817,0.6891682607006817,0.6891682607006817,0.0,0.0,0.0,0.0,0.0,0.5241215822731342,0.10681094706386594,0.05823573136368156,4.534305071446753,151.31346879491645,534.5952683149748,0.0,150.62430053421576,0.5241215822731342,8.734486168581782,0.0,0.0,-898.9841290560895,0.0,-1.4551915228366852e-11,0.0,0.0
contact_inhibition_hypothesis,stationary,343.36143139388594,343.36143139388594,19848.02627578153,90000.0,0.0,0.0,0.0,0.0,0.0,0.0,0.0,0.0,160.0,0.09719198126046309,0.025269915127720404,0.0,0.32473008487227956,1.0,0.8233417112102996,0.925676720212587,0.7400061954855335,0.6921754423183067,0.6921754423183067,0.6921754423183067,0.0,0.0,0.0,0.0,0.0,0.5268331850707438,0.10680523668414692,0.05853702056341596,4.534455907578961,151.97372421845628,534.3453485914252,0.0,151.28154877613798,0.5268331850707438,8.779675029203945,0.0,0.0,-898.9389401954674,0.0,-1.4551915228366852e-11,0.0,1.1102230246251565e-16
contact_inhibition_hypothesis,stationary,344.84838797126935,344.84838797126935,19847.36814033545,90000.0,0.0,0.0,0.0,0.0,0.0,0.0,0.0,0.0,161.0,0.0976128795984549,0.025379348695598273,0.0,0.3246206513044017,1.0,0.8226489165316437,0.9253548567776522,0.7390187558432235,0.6951729683435224,0.6951729683435224,0.6951729683435224,0.0,0.0,0.0,0.0,0.0,0.5295360812139044,0.10679954477251759,0.058837342357100475,4.5346062693871545,152.63185966453338,534.0962313212333,0.0,151.93668669618987,0.5295360812139044,8.824718793429716,0.0,0.0,-898.8938964312416,0.0,-1.8189894035458565e-11,0.0,-1.1102230246251565e-16
contact_inhibition_hypothesis,stationary,346.3305882670502,346.3305882670502,19846.712110046687,90000.0,0.0,0.0,0.0,0.0,0.0,0.0,0.0,0.0,162.0,0.09803243162206737,0.02548843222173752,0.0,0.32451156777826246,1.0,0.8219589180270911,0.9250340228772426,0.7380355741393946,0.6981609062757811,0.6981609062757811,0.6981609062757811,0.0,0.0,0.0,0.0,0.0,0.5322303315686224,0.10679387119953397,0.0591367035076247,4.534756160162202,153.28788995329668,533.8479108946797,0.0,152.5897290470209,0.5322303315686224,8.869618475591093,0.0,0.0,-898.8489967490802,0.0,-1.8189894035458565e-11,0.0,0.0
contact_inhibition_hypothesis,stationary,347.8080653984628,347.8080653984628,19846.05817025736,90000.0,0.0,0.0,0.0,0.0,0.0,0.0,0.0,0.0,163.0,0.09845064670547402,0.025597168143423246,0.0,0.32440283185657676,1.0,0.8212716942395917,0.9247142113428729,0.7370566168036827,0.7011393228754532,0.7011393228754532,0.7011393228754532,0.0,0.0,0.0,0.0,0.0,0.5349159963344536,0.1067882158371714,0.05943511070382816,4.53490558315908,153.94182974262264,533.6003817634685,0.0,153.24069041974718,0.5349159963344536,8.91437507891367,0.0,0.0,-898.8042401457576,0.0,-1.4551915228366852e-11,0.0,1.1102230246251565e-16
contact_inhibition_hypothesis,stationary,349.2808521215933,349.2808521215933,19845.406306469442,90000.0,0.0,0.0,0.0,0.0,0.0,0.0,0.0,0.0,164.0,0.09886753412062156,0.025705558871361608,0.0,0.32429444112863837,1.0,0.8205872239587995,0.9243954150842305,0.7360818506574418,0.7041082841748774,0.7041082841748774,0.7041082841748774,0.0,0.0,0.0,0.0,0.0,0.5375931350544672,0.10678257855880284,0.05973257056160744,4.535054541597404,154.59369353054143,533.3536384398088,0.0,153.88958524636655,0.5375931350544672,8.958989595682695,0.0,0.0,-898.7596256289886,0.0,-1.8189894035458565e-11,0.0,0.0
contact_inhibition_hypothesis,stationary,350.7489808367577,350.7489808367577,19844.756504342364,90000.0,0.0,0.0,0.0,0.0,0.0,0.0,0.0,0.0,165.0,0.09928310303875239,0.025813606790075622,0.0,0.3241863932099244,1.0,0.8199054862172749,0.9240776270880129,0.7351112429076613,0.707067855489203,0.707067855489203,0.707067855489203,0.0,0.0,0.0,0.0,0.0,0.5402618066250218,0.10677695923917886,0.060029089625002405,4.535203038661951,155.2434956576174,533.1076754955138,0.0,154.53642780212817,0.5402618066250218,9.003463007405987,0.0,0.0,-898.7151522172653,0.0,-1.8189894035458565e-11,0.0,0.0
contact_inhibition_hypothesis,stationary,352.2124835937787,352.2124835937787,19844.1087496907,90000.0,0.0,0.0,0.0,0.0,0.0,0.0,0.0,0.0,166.0,0.0996973625318981,0.02592131425829351,0.0,0.32407868574170645,1.0,0.8192264602867599,0.9237608404167837,0.7341447611409921,0.7100181014270266,0.7100181014270266,0.7100181014270266,0.0,0.0,0.0,0.0,0.0,0.542922069305358,0.10677135775440656,0.060324674367261986,4.53535107750318,155.8912503092845,532.8624875611162,0.0,155.18123220785745,0.542922069305358,9.04779628497379,0.0,0.0,-898.6708189396975,0.0,-1.8189894035458565e-11,0.0,0.0
contact_inhibition_hypothesis,stationary,353.6713920971627,353.6713920971627,19843.463028481845,90000.0,0.0,0.0,0.0,0.0,0.0,0.0,0.0,0.0,167.0,0.10011032157434505,0.026028683609329712,0.0,0.3239713163906703,1.0,0.8185501256745257,0.9234450482078538,0.7331823733179011,0.7129590859008283,0.7129590859008283,0.7129590859008283,0.0,0.0,0.0,0.0,0.0,0.5455739807270089,0.10676577398192946,0.060619331191889864,4.53549866123774,156.53697151813773,532.6180693250018,0.0,155.8240124322369,0.5455739807270089,9.091990388815603,0.0,0.0,-898.6266248358556,0.0,-1.8189894035458565e-11,0.0,1.1102230246251565e-16
contact_inhibition_hypothesis,stationary,355.1257377111805,355.1257377111805,19842.8193268338,90000.0,0.0,0.0,0.0,0.0,0.0,0.0,0.0,0.0,168.0,0.10052198904407231,0.0261357171514588,0.0,0.3238642828485412,1.0,0.8178764621197893,0.92313024367218,0.7322240477669224,0.7158908721372145,0.7158908721372145,0.7158908721372145,0.0,0.0,0.0,0.0,0.0,0.5482175979030356,0.10676020780050832,0.0609130664336706,4.535645792948958,157.18067316618192,532.3744155325574,0.0,156.4647822940447,0.5482175979030356,9.136046269054088,0.0,0.0,-898.5825689556173,0.0,-1.8189894035458565e-11,0.0,0.0
contact_inhibition_hypothesis,stationary,356.57555146485237,356.57555146485237,19842.177631012943,90000.0,0.0,0.0,0.0,0.0,0.0,0.0,0.0,0.0,169.0,0.10093237372416293,0.026242417168282364,0.0,0.3237575828317176,1.0,0.8172054495901998,0.9228164200932872,0.7312697531790348,0.7188135226869665,0.7188135226869665,0.7188135226869665,0.0,0.0,0.0,0.0,0.0,0.5508529772370886,0.10675465909020149,0.0612058863596765,4.535792475687332,157.82236898703812,532.131520985336,0.0,157.10355546435116,0.5508529772370886,9.17996486565608,0.0,0.0,-898.5386503590153,0.0,-1.8189894035458565e-11,0.0,0.0
contact_inhibition_hypothesis,stationary,358.02086405684145,358.02086405684145,19841.53792743187,90000.0,0.0,0.0,0.0,0.0,0.0,0.0,0.0,0.0,170.0,0.10134148430418895,0.026348785919089127,0.0,0.32365121408091085,1.0,0.8165370682783908,0.9225035708262085,0.7303194586021378,0.7217270994349054,0.7217270994349054,0.7217270994349054,0.0,0.0,0.0,0.0,0.0,0.5534801745323035,0.10674912773234602,0.06149779717025593,4.535938712471009,158.46207256810933,531.8893805402371,0.0,157.74034546867443,0.5534801745323035,9.223747108580836,0.0,0.0,-898.4948681160904,0.0,-2.1827872842550278e-11,0.0,0.0
contact_inhibition_hypothesis,stationary,359.46170586025596,359.46170586025596,19840.900202647274,90000.0,0.0,0.0,0.0,0.0,0.0,0.0,0.0,0.0,171.0,0.10174932938157072,0.02645482563920839,0.0,0.3235451743607916,1.0,0.8158712985985973,0.922191689296446,0.729373133435633,0.7246316636095728,0.7246316636095728,0.7246316636095728,0.0,0.0,0.0,0.0,0.0,0.5560992450000304,0.106743613609539,0.06178880500000336,4.536084506286249,159.09979735270622,531.647989108702,0.0,158.37516568909663,0.5560992450000304,9.267393917925506,0.0,0.0,-898.4512213067458,0.0,-2.1827872842550278e-11,0.0,0.0
contact_inhibition_hypothesis,stationary,360.89810692736324,360.89810692736324,19840.264443357843,90000.0,0.0,0.0,0.0,0.0,0.0,0.0,0.0,0.0,172.0,0.1021559174629113,0.02656053854035694,0.0,0.32343946145964303,1.0,0.8152081211833382,0.9218807689989501,0.7284307474251129,0.7275272757927329,0.7275272757927329,0.7275272757927329,0.0,0.0,0.0,0.0,0.0,0.5587102432684022,0.10673811660561947,0.06207891591871134,4.536229860087896,159.73555664213336,531.4073416559241,0.0,159.00802936634062,0.5587102432684022,9.310906204067923,0.0,0.0,-898.4077090206034,0.0,-2.546585164964199e-11,0.0,-2.220446049250313e-16
contact_inhibition_hypothesis,stationary,362.33009699421666,362.33009699421666,19839.630636402242,90000.0,0.0,0.0,0.0,0.0,0.0,0.0,0.0,0.0,173.0,0.10256125696530617,0.026665926810979606,0.0,0.32333407318902035,1.0,0.8145475168801595,0.9215708034971187,0.7274922706571473,0.7304139959287014,0.7304139959287014,0.7304139959287014,0.0,0.0,0.0,0.0,0.0,0.5613132233907462,0.1067326366056502,0.06236813593230511,4.536374776799815,160.36936359773722,531.1674332000739,0.0,159.63894960180852,0.5613132233907462,9.354284867806784,0.0,0.0,-898.3643303568645,0.0,-2.1827872842550278e-11,0.0,-1.1102230246251565e-16
contact_inhibition_hypothesis,stationary,363.7577054851989,363.7577054851989,19838.99876875706,90000.0,0.0,0.0,0.0,0.0,0.0,0.0,0.0,0.0,174.0,0.10296535621762917,0.026770992616583587,0.0,0.32322900738341637,1.0,0.813889466748439,0.9212617864218129,0.726557673554165,0.7332918833335027,0.7332918833335027,0.7332918833335027,0.0,0.0,0.0,0.0,0.0,0.563908238853842,0.10672717349590045,0.06265647098376022,4.536519259315354,161.00123124291716,530.9282588115371,0.0,160.26793935958366,0.563908238853842,9.397530800499277,0.0,0.0,-898.321084424172,0.0,-2.1827872842550278e-11,0.0,0.0
contact_inhibition_hypothesis,stationary,365.18096151748153,365.18096151748153,19838.36882753488,90000.0,0.0,0.0,0.0,0.0,0.0,0.0,0.0,0.0,175.0,0.1033682234617949,0.026875738100066677,0.0,0.3231242618999333,1.0,0.8132339520562515,0.9209537114703922,0.7256269268694397,0.7361609967038606,0.7361609967038606,0.7361609967038606,0.0,0.0,0.0,0.0,0.0,0.5664953425860288,0.10672172716382854,0.0629439269540032,4.5366633104977625,161.631172465099,530.6898136121687,0.0,160.89501146839515,0.5664953425860288,9.44064488419617,0.0,0.0,-898.2779703404751,0.0,-2.1827872842550278e-11,0.0,0.0
contact_inhibition_hypothesis,stationary,366.59989390540414,366.59989390540414,19837.740799982304,90000.0,0.0,0.0,0.0,0.0,0.0,0.0,0.0,0.0,176.0,0.10376986685399825,0.026980165382039546,0.0,0.3230198346179604,1.0,0.8125809542772902,0.920646572405766,0.7247000016821596,0.7390213941260261,0.7390213941260261,0.7390213941260261,0.0,0.0,0.0,0.0,0.0,0.5690745869651654,0.10671629749806455,0.06323050966279614,4.536806933180631,162.25920001767352,530.452092774558,0.0,161.5201786235475,0.5690745869651654,9.483627991774481,0.0,0.0,-898.2349872328969,0.0,-2.1827872842550278e-11,0.0,-1.1102230246251565e-16
contact_inhibition_hypothesis,stationary,368.0145311647744,368.0145311647744,19837.114673478078,90000.0,0.0,0.0,0.0,0.0,0.0,0.0,0.0,0.0,177.0,0.10417029446593158,0.027084276561142213,0.0,0.32291572343885777,1.0,0.8119304550878471,0.9203403630554641,0.7237768693925986,0.7418731330844454,0.7418731330844454,0.7418731330844454,0.0,0.0,0.0,0.0,0.0,0.5716460238264459,0.10671088438839436,0.06351622486960508,4.536950130168307,162.88532652189951,530.2150915213094,0.0,162.14345338881506,0.5716460238264459,9.526480987067721,0.0,0.0,-898.1921342376036,0.0,-2.1827872842550278e-11,0.0,0.0
contact_inhibition_hypothesis,stationary,369.4249015170903,369.4249015170903,19836.490435531203,90000.0,0.0,0.0,0.0,0.0,0.0,0.0,0.0,0.0,178.0,0.10456951428597991,0.027188073714354777,0.0,0.3228119262856452,1.0,0.811282436363848,0.9200350773107212,0.722857501717368,0.7447162704702719,0.7447162704702719,0.7447162704702719,0.0,0.0,0.0,0.0,0.0,0.5742097044700762,0.10670548772574275,0.0638010782744529,4.5370929042363075,163.50956446877265,529.9788051243343,0.0,162.7648481983024,0.5742097044700762,9.56920472499382,0.0,0.0,-898.1494104996775,0.0,-2.546585164964199e-11,0.0,0.0
contact_inhibition_hypothesis,stationary,370.8310328936871,370.8310328936871,19835.868073779115,90000.0,0.0,0.0,0.0,0.0,0.0,0.0,0.0,0.0,179.0,0.10496753422039465,0.02729155889730261,0.0,0.32270844110269736,1.0,0.8106368801779417,0.9197307091255805,0.7219418706847632,0.7475508625897259,0.7475508625897259,0.7475508625897259,0.0,0.0,0.0,0.0,0.0,0.5767656796688116,0.10670010740215745,0.06408507551875683,4.537235258131724,164.13192622086095,529.743228904156,0.0,163.38437535827123,0.5767656796688116,9.611800051680746,0.0,0.0,-898.1068151729905,0.0,-2.546585164964199e-11,0.0,0.0
contact_inhibition_hypothesis,stationary,372.2329529398101,372.2329529398101,19835.247575985868,90000.0,0.0,0.0,0.0,0.0,0.0,0.0,0.0,0.0,180.0,0.10536436209444655,0.027394734144556104,0.0,0.32260526585544386,1.0,0.8099937687966432,0.9194272525160114,0.7210299486301932,0.7503769651723043,0.7503769651723043,0.7503769651723043,0.0,0.0,0.0,0.0,0.0,0.5793139996753597,0.10669474331079369,0.06436822218615106,4.537377194573622,164.75242401410733,529.5083582292289,0.0,164.00204704893503,0.5793139996753597,9.65426780458987,0.0,0.0,-898.0643474200814,0.0,-2.546585164964199e-11,0.0,0.0
contact_inhibition_hypothesis,stationary,373.6306890186147,373.6306890186147,19834.628930040373,90000.0,0.0,0.0,0.0,0.0,0.0,0.0,0.0,0.0,181.0,0.10576000565355792,0.02749760146992506,0.0,0.3225023985300749,1.0,0.8093530846775284,0.9191247015590439,0.72012170819169,0.753194633378845,0.753194633378845,0.753194633378845,0.0,0.0,0.0,0.0,0.0,0.5818547142296523,0.10668939534589798,0.06465052380329468,4.537518716253433,165.37106995960013,529.2741885152664,0.0,164.61787532622128,0.5818547142296523,9.696608812637155,0.0,0.0,-898.0220064120341,0.0,-2.546585164964199e-11,0.0,0.0
contact_inhibition_hypothesis,stationary,375.0242682150956,375.0242682150956,19834.01212395466,90000.0,0.0,0.0,0.0,0.0,0.0,0.0,0.0,0.0,182.0,0.1061544725644148,0.02760016286674785,0.0,0.32239983713325215,1.0,0.8087148104664803,0.9188230503919181,0.7192171223055106,0.7560039218094469,0.7560039218094469,0.7560039218094469,0.0,0.0,0.0,0.0,0.0,0.584387872565988,0.1066840634027936,0.06493198584066531,4.537659825835334,165.98787604531225,529.0407152245839,0.0,165.2318721235028,0.584387872565988,9.738823896312189,0.0,0.0,-897.9797913283592,0.0,-2.546585164964199e-11,0.0,0.0
contact_inhibition_hypothesis,stationary,376.413717339947,376.413717339947,19833.397145862164,90000.0,0.0,0.0,0.0,0.0,0.0,0.0,0.0,0.0,183.0,0.10654777041605967,0.027702420308175515,0.0,0.3222975796918245,1.0,0.8080789289949839,0.9185222932112486,0.7183161642018053,0.7588048845112524,0.7588048845112524,0.7588048845112524,0.0,0.0,0.0,0.0,0.0,0.5869135234200482,0.1066787473778655,0.06521261371333867,4.537800525956627,166.60285413780952,528.8079338654519,0.0,165.84404925329827,0.5869135234200482,9.780913867795103,0.0,0.0,-897.9377013568762,0.0,-2.546585164964199e-11,0.0,0.0
contact_inhibition_hypothesis,stationary,377.7990629333545,377.7990629333545,19832.783984016045,90000.0,0.0,0.0,0.0,0.0,0.0,0.0,0.0,0.0,184.0,0.10693990672096478,0.027804375747450844,0.0,0.3221956242525491,1.0,0.8074454232774712,0.9182224242722034,0.7174188074003759,0.7615975749860906,0.7615975749860906,0.7615975749860906,0.0,0.0,0.0,0.0,0.0,0.5894317150357907,0.1066734471685453,0.06549241278175451,4.5379408192281145,167.21601598392917,528.5758399914604,0.0,166.45441840894307,0.5894317150357907,9.822879531071452,0.0,0.0,-897.8957356935998,0.0,-2.546585164964199e-11,0.0,0.0
contact_inhibition_hypothesis,stationary,379.1803312687203,379.1803312687203,19832.172626787546,90000.0,0.0,0.0,0.0,0.0,0.0,0.0,0.0,0.0,185.0,0.10733088891608657,0.027906031118182507,0.0,0.32209396888181746,1.0,0.8068142765087126,0.9179234378876985,0.7165250257065067,0.7643820461979878,0.7643820461979878,0.7643820461979878,0.0,0.0,0.0,0.0,0.0,0.5919424951722215,0.10666816267329729,0.06577138835246904,4.538080708234455,167.8273732124286,528.3444292008949,0.0,167.0629911662306,0.5919424951722215,9.86472168204507,0.0,0.0,-897.8538935426262,0.0,-2.546585164964199e-11,0.0,0.0
contact_inhibition_hypothesis,stationary,380.5575483563242,380.5575483563242,19831.56306266437,90000.0,0.0,0.0,0.0,0.0,0.0,0.0,0.0,0.0,186.0,0.10772072436390202,0.028007388334614528,0.0,0.32199261166538545,1.0,0.8061854720612561,0.9176253284276044,0.7156347932068674,0.7671583505805468,0.7671583505805468,0.7671583505805468,0.0,0.0,0.0,0.0,0.0,0.5944459111100489,0.10666289379160367,0.0660495456788943,4.538220195534527,168.43693733560576,528.1136971361232,0.0,167.6697789850252,0.5944459111100489,9.906441108648963,0.0,0.0,-897.8121741160223,0.0,-2.546585164964199e-11,0.0,0.0
contact_inhibition_hypothesis,stationary,381.9307399469201,381.9307399469201,19830.955280249083,90000.0,0.0,0.0,0.0,0.0,0.0,0.0,0.0,0.0,187.0,0.10810942035342659,0.028108449291890915,0.0,0.32189155070810904,1.0,0.8055589934829112,0.9173280903179678,0.7147480842654931,0.7699265400441972,0.7699265400441972,0.7699265400441972,0.0,0.0,0.0,0.0,0.0,0.5969420096582213,0.10665764042395125,0.06632688996202458,4.538359283661779,169.04471975089083,527.8836394829926,0.0,168.27479321084664,0.5969420096582213,9.948038590954258,0.0,0.0,-897.770576633717,0.0,-2.546585164964199e-11,0.0,1.1102230246251565e-16
contact_inhibition_hypothesis,stationary,383.2999315352703,383.2999315352703,19830.349268257563,90000.0,0.0,0.0,0.0,0.0,0.0,0.0,0.0,0.0,188.0,0.10849698410121474,0.02820921586631583,0.0,0.32179078413368417,1.0,0.8049348244942776,0.9170317180402476,0.7138648735198377,0.7726866659833206,0.7726866659833206,0.7726866659833206,0.0,0.0,0.0,0.0,0.0,0.5994308371603528,0.10665240247181744,0.06660342635115031,4.538497975124573,169.65073174241084,527.6542519702384,0.0,168.87804507642753,0.5994308371603528,9.98951490127728,0.0,0.0,-897.729100323394,0.0,-2.546585164964199e-11,0.0,0.0
contact_inhibition_hypothesis,stationary,384.6651483636195,384.6651483636195,19829.745015517445,90000.0,0.0,0.0,0.0,0.0,0.0,0.0,0.0,0.0,189.0,0.10888342275234318,0.02830968991560923,0.0,0.32169031008439075,1.0,0.8043129489863181,0.9167362061305611,0.7129851358768898,0.7754387792832532,0.7754387792832532,0.7754387792832532,0.0,0.0,0.0,0.0,0.0,0.6019124395010368,0.10664717983765679,0.06687915994455963,4.538636272406527,170.2549844825269,527.4255303689009,0.0,169.47954570324364,0.6019124395010368,10.030870804284778,0.0,0.0,-897.6877444203865,0.0,-2.9103830456733704e-11,0.0,0.0
contact_inhibition_hypothesis,stationary,386.02641542510787,386.02641542510787,19829.142510966627,90000.0,0.0,0.0,0.0,0.0,0.0,0.0,0.0,0.0,190.0,0.10926874338137706,0.028409873279158036,0.0,0.3215901267208419,1.0,0.8036933510179743,0.9164415491789468,0.7121088465093693,0.7781829303271663,0.7781829303271663,0.7781829303271663,0.0,0.0,0.0,0.0,0.0,0.6043868621120506,0.10664197242488797,0.06715409579022782,4.538774177966847,170.85748903334522,527.1974704917545,0.0,170.07930610301804,0.6043868621120506,10.072107057097323,0.0,0.0,-897.646508167574,0.0,-2.9103830456733704e-11,0.0,0.0
contact_inhibition_hypothesis,stationary,387.3837574671266,387.3837574671266,19828.54174365177,90000.0,0.0,0.0,0.0,0.0,0.0,0.0,0.0,0.0,191.0,0.10965295299331972,0.028509767778263126,0.0,0.32149023222173684,1.0,0.8030760148138232,0.9161477418286378,0.7112359808519809,0.7809191690028311,0.7809191690028311,0.7809191690028311,0.0,0.0,0.0,0.0,0.0,0.6068541499784554,0.10663678013788055,0.06742823888649503,4.538911694240654,171.45825634820196,526.9700681927449,0.0,170.67733717919913,0.6068541499784554,10.11322440939096,0.0,0.0,-897.6053908152803,0.0,-2.546585164964199e-11,0.0,0.0
contact_inhibition_hypothesis,stationary,388.7371989946156,388.7371989946156,19827.94270272685,90000.0,0.0,0.0,0.0,0.0,0.0,0.0,0.0,0.0,192.0,0.11003605852454622,0.02860937521638202,0.0,0.32139062478361796,1.0,0.8024609247617756,0.915854778775347,0.7103665145977374,0.7836475447092657,0.7836475447092657,0.7836475447092657,0.0,0.0,0.0,0.0,0.0,0.6093143476445912,0.106631602881942,0.06770159418273235,4.5390488236393125,172.05729727312303,526.743319366437,0.0,171.27364972841377,0.6093143476445912,10.154223603497112,0.0,0.0,-897.5643916211742,0.0,-2.546585164964199e-11,0.0,1.1102230246251565e-16
contact_inhibition_hypothesis,stationary,390.0867642733055,390.0867642733055,19827.34537745171,90000.0,0.0,0.0,0.0,0.0,0.0,0.0,0.0,0.0,193.0,0.11041806684372092,0.028708697379367442,0.0,0.32129130262063255,1.0,0.8018480654108144,0.9155626547665664,0.7095004236943474,0.786368106363271,0.786368106363271,0.786368106363271,0.0,0.0,0.0,0.0,0.0,0.6117674992199686,0.10662644056330588,0.06797416657999651,4.539185568550739,172.65462254825897,526.5172199474717,0.0,171.8682544418957,0.6117674992199686,10.195105374500777,0.0,0.0,-897.5235098501705,0.0,-2.9103830456733704e-11,0.0,0.0
contact_inhibition_hypothesis,stationary,391.43247733290417,391.43247733290417,19826.749757190675,90000.0,0.0,0.0,0.0,0.0,0.0,0.0,0.0,0.0,194.0,0.11079898475269957,0.02880773603570189,0.0,0.32119226396429806,1.0,0.8012374214687727,0.9152713646008768,0.7086376843406685,0.7890809024058548,0.7890809024058548,0.7890809024058548,0.0,0.0,0.0,0.0,0.0,0.6142136483850624,0.10662129308911883,0.06824596093167358,4.539321931339715,173.2502428092953,526.2917659100319,0.0,172.46116190688943,0.6142136483850624,10.235870450337066,0.0,0.0,-897.4827447743343,0.0,-2.9103830456733704e-11,0.0,0.0
contact_inhibition_hypothesis,stationary,392.77436197022985,392.77436197022985,19826.15583141113,90000.0,0.0,0.0,0.0,0.0,0.0,0.0,0.0,0.0,195.0,0.11117881898741608,0.02890649293672818,0.0,0.3210935070632718,1.0,0.8006289778001492,0.91498090312727,0.7077782729832185,0.7917859808085469,0.7917859808085469,0.7917859808085469,0.0,0.0,0.0,0.0,0.0,0.6166528383970062,0.10661616036742885,0.06851698204411179,4.539457914348201,173.84416858883915,526.0669532673174,0.0,173.0523826080306,0.6166528383970062,10.276519551886109,0.0,0.0,-897.4420956727852,0.0,-2.9103830456733704e-11,0.0,0.0
contact_inhibition_hypothesis,stationary,394.1124417522916,394.1124417522916,19825.563589682188,90000.0,0.0,0.0,0.0,0.0,0.0,0.0,0.0,0.0,196.0,0.1115575762187545,0.029004969816876173,0.0,0.3209950301831238,1.0,0.8000227194239621,0.9146912652444819,0.7069221663127492,0.7944833890796096,0.7944833890796096,0.7944833890796096,0.0,0.0,0.0,0.0,0.0,0.6190851120951929,0.1066110423071729,0.06878723467724364,4.53959351989563,174.436410317783,525.8427780710298,0.0,173.64192692870338,0.6190851120951929,10.31705339306639,0.0,0.0,-897.4015618316049,0.0,-2.9103830456733704e-11,0.0,1.1102230246251565e-16
contact_inhibition_hypothesis,stationary,395.4467400193176,395.4467400193176,19824.973021673326,90000.0,0.0,0.0,0.0,0.0,0.0,0.0,0.0,0.0,197.0,0.11193526305340629,0.029103168393885635,0.0,0.3208968316061143,1.0,0.7994186315116399,0.9144024459003363,0.7060693412608774,0.7971731742701419,0.7971731742701419,0.7971731742701419,0.0,0.0,0.0,0.0,0.0,0.6215105119067785,0.10660593881816573,0.0690567235451976,4.539728750279205,175.02697832664464,525.6192364108637,0.0,174.2298051523745,0.6215105119067785,10.357472680926463,0.0,0.0,-897.3611425437448,0.0,-2.9103830456733704e-11,0.0,1.1102230246251565e-16
contact_inhibition_hypothesis,stationary,396.7772798877333,396.7772798877333,19824.384117153088,90000.0,0.0,0.0,0.0,0.0,0.0,0.0,0.0,0.0,198.0,0.11231188603471315,0.02920109036902542,0.0,0.32079890963097457,1.0,0.798816699384948,0.9141144400911018,0.7052197749967797,0.7998553829800837,0.7998553829800837,0.7998553829800837,0.0,0.0,0.0,0.0,0.0,0.6239290798520963,0.10660084981108789,0.06932545331689957,4.539863607774191,175.61588284688563,525.3963244140086,0.0,174.81602746390556,0.6239290798520963,10.397778115735186,0.0,0.0,-897.3208371089361,0.0,-2.546585164964199e-11,0.0,0.0
contact_inhibition_hypothesis,stationary,398.10408425309,398.10408425309,19823.796865987766,90000.0,0.0,0.0,0.0,0.0,0.0,0.0,0.0,0.0,199.0,0.11268745164349615,0.029298737427309002,0.0,0.320701262572691,1.0,0.7982169085139507,0.9138272428608559,0.7043734449239342,0.802530061364119,0.802530061364119,0.802530061364119,0.0,0.0,0.0,0.0,0.0,0.62634085754998,0.10659577519747458,0.06959342861666443,4.539998094634206,176.20313401220724,525.1740382446585,0.0,175.40060395084313,0.62634085754998,10.437970391070417,0.0,0.0,-897.2806448336008,0.0,-2.546585164964199e-11,0.0,0.0
contact_inhibition_hypothesis,stationary,399.4271757929445,399.4271757929445,19823.211258140145,90000.0,0.0,0.0,0.0,0.0,0.0,0.0,0.0,0.0,200.0,0.11306196629887078,0.029396111237706402,0.0,0.32060388876229357,1.0,0.7976192445150077,0.9135408493008634,0.7035303286769279,0.805197255137481,0.805197255137481,0.805197255137481,0.0,0.0,0.0,0.0,0.0,0.6287458862229988,0.10659071488970456,0.06986065402477762,4.540132213091492,176.78874185982528,524.952374103529,0.0,175.9835446046878,0.6287458862229988,10.478050193906274,0.0,0.0,-897.2405650307651,0.0,-2.9103830456733704e-11,0.0,0.0
contact_inhibition_hypothesis,stationary,400.7465769696916,400.7465769696916,19822.62728366825,90000.0,0.0,0.0,0.0,0.0,0.0,0.0,0.0,0.0,201.0,0.11343543635904865,0.02949321345335265,0.0,0.3205067865466473,1.0,0.7970236931488053,0.9132552545489628,0.7026904041183154,0.8078570095816618,0.8078570095816618,0.8078570095816618,0.0,0.0,0.0,0.0,0.0,0.6311442067026054,0.10658566880098913,0.07012713407806725,4.5402659653572,177.37271633172352,524.7313282273827,0.0,176.56485932214187,0.6311442067026054,10.518018204698919,0.0,0.0,-897.2005970199724,0.0,-2.546585164964199e-11,0.0,0.0
contact_inhibition_hypothesis,stationary,402.0623100333493,402.0623100333493,19822.044932724086,90000.0,0.0,0.0,0.0,0.0,0.0,0.0,0.0,0.0,202.0,0.11380786812212601,0.029590045711752763,0.0,0.3204099542882472,1.0,0.7964302403184199,0.9129704537889625,0.7018536493355251,0.8105093695500282,0.8105093695500282,0.8105093695500282,0.0,0.0,0.0,0.0,0.0,0.6335358594342003,0.10658063684536118,0.07039287327046669,4.540399353621663,177.95506727588662,524.5108968885628,0.0,177.1445579063366,0.6335358594342003,10.557875097470948,0.0,0.0,-897.1607401272004,0.0,-2.9103830456733704e-11,0.0,0.0
contact_inhibition_hypothesis,stationary,403.3743970242992,403.3743970242992,19821.46419555246,90000.0,0.0,0.0,0.0,0.0,0.0,0.0,0.0,0.0,203.0,0.11417926782685933,0.029686609634983426,0.0,0.32031339036501655,1.0,0.7958388720674144,0.9126864422500487,0.7010200426378267,0.8131543794733441,0.8131543794733441,0.8131543794733441,0.0,0.0,0.0,0.0,0.0,0.6359208844821114,0.10657561893766497,0.07065787605356791,4.540532380054658,178.5358044475129,524.291076394534,0.0,177.72265006803957,0.6359208844821114,10.597621539894385,0.0,0.0,-897.1209936847769,0.0,-2.546585164964199e-11,0.0,-1.1102230246251565e-16
contact_inhibition_hypothesis,stationary,404.6828597759811,404.6828597759811,19820.885062489768,90000.0,0.0,0.0,0.0,0.0,0.0,0.0,0.0,0.0,204.0,0.1145496416534281,0.029782906829891306,0.0,0.32021709317010866,1.0,0.7952495745779671,0.912403215206202,0.7001895625533449,0.8157920833652047,0.8157920833652047,0.8157920833652047,0.0,0.0,0.0,0.0,0.0,0.6382993215344936,0.10657061499354524,0.07092214683716594,4.540665046805675,179.1149375102072,524.071863087431,0.0,178.299145426842,0.6382993215344936,10.637258193372336,0.0,0.0,-897.0813570312989,0.0,-2.546585164964199e-11,0.0,-1.1102230246251565e-16
contact_inhibition_hypothesis,stationary,405.9877199175446,405.9877199175446,19820.30752396282,90000.0,0.0,0.0,0.0,0.0,0.0,0.0,0.0,0.0,205.0,0.11491899572418533,0.029878938888288187,0.0,0.3201210611117118,1.0,0.7946623341690302,0.912120767975623,0.699362187826124,0.8184225248273798,0.8184225248273798,0.8184225248273798,0.0,0.0,0.0,0.0,0.0,0.6406712099081484,0.10656562492943711,0.07118568998979424,4.540797356004173,179.69247603715417,523.853253343614,0.0,178.87405351232678,0.6406712099081484,10.676785713119292,0.0,0.0,-897.041829511552,0.0,-2.546585164964199e-11,0.0,0.0
contact_inhibition_hypothesis,stationary,407.28899887645684,407.28899887645684,19819.7315704877,90000.0,0.0,0.0,0.0,0.0,0.0,0.0,0.0,0.0,206.0,0.1152873361043958,0.029974707387142908,0.0,0.32002529261285706,1.0,0.7940771372945213,0.9118390959201679,0.6985378974132422,0.8210457470550717,0.8210457470550717,0.8210457470550717,0.0,0.0,0.0,0.0,0.0,0.6430365885532638,0.10656064866255632,0.07144850983925152,4.540929309759839,180.26842951227277,523.6352435732327,0.0,179.4473837652177,0.6430365885532638,10.716204748240141,0.0,0.0,-897.0024104764311,0.0,-2.546585164964199e-11,0.0,0.0
contact_inhibition_hypothesis,stationary,408.5894402950658,408.5894402950658,19819.155987712686,90000.0,0.0,0.0,0.0,0.0,0.0,0.0,0.0,0.0,207.0,0.11565543941021754,0.03007041424665656,0.001407293765241646,0.3199507447065872,1.0056291750609665,0.7934927475980643,0.9116198373723153,0.6978968169884594,0.8236672809020171,0.8236672809020171,0.8236672809020171,0.0,0.0,0.0,0.0,0.0,0.64540044468152,0.10655567570032828,0.07171116052016888,4.541061186248165,180.8440122872852,523.4173741201662,0.0,180.0203450063832,0.64540044468152,10.75559841061753,0.0,0.0,-896.9630168140537,0.0,-2.9103830456733704e-11,0.0,-1.1102230246251565e-16
contact_inhibition_hypothesis,stationary,409.89599408321203,409.89599408321203,19818.57769956812,90000.0,0.0,0.0,0.0,0.0,0.0,0.0,0.0,0.0,208.0,0.11602527288504257,0.030166570950111066,0.0033258759830188007,0.3198835941867954,1.0133035039320752,0.7929060442471672,0.911422335843516,0.6973197717681717,0.8263011365524654,0.8263011365524654,0.8263011365524654,0.0,0.0,0.0,0.0,0.0,0.6477754113773456,0.10655067946652584,0.07197504570859393,4.541193690300049,181.42230043185126,523.198480631269,0.0,180.59599929529878,0.6477754113773456,10.795177230603464,0.0,0.0,-896.9234379940679,0.0,-2.9103830456733704e-11,0.0,0.0
contact_inhibition_hypothesis,stationary,411.2089932622713,411.2089932622713,19817.996558656843,90000.0,0.0,0.0,0.0,0.0,0.0,0.0,0.0,0.0,209.0,0.11639693079399314,0.030263202006438217,0.005250209348761566,0.3198162420666106,1.0210008373950463,0.7923168836356965,0.9112242413723841,0.6967413945245455,0.8289479853375474,0.8289479853375474,0.8289479853375474,0.0,0.0,0.0,0.0,0.0,0.650162093983541,0.10654565868916853,0.07224023266483787,4.541326855800994,182.00344134312766,522.9785073138053,0.0,181.1744933577901,0.650162093983541,10.83495129623571,0.0,0.0,-896.8836639284356,0.0,-2.9103830456733704e-11,0.0,0.0
contact_inhibition_hypothesis,stationary,412.5284079537654,412.5284079537654,19817.412578203242,90000.0,0.0,0.0,0.0,0.0,0.0,0.0,0.0,0.0,210.0,0.11677040467965903,0.03036030521671135,0.007180202618554796,0.3197486913547972,1.0287208104742191,0.7917252852793191,0.9110255628082272,0.6961617144245247,0.8316077670258365,0.8316077670258365,0.8316077670258365,0.0,0.0,0.0,0.0,0.0,0.6525604381876194,0.10654061348403712,0.07250671535417992,4.541460679836131,182.58742179672987,522.7574591734658,0.0,181.75581402970403,0.6525604381876194,10.874919702396678,0.0,0.0,-896.8436955222746,0.0,-2.9103830456733704e-11,0.0,0.0
contact_inhibition_hypothesis,stationary,413.85420839811076,413.85420839811076,19816.825771379074,90000.0,0.0,0.0,0.0,0.0,0.0,0.0,0.0,0.0,211.0,0.1171456861182843,0.03045787839075392,0.009115764992315046,0.31968094504003336,1.0364630599692601,0.7911312686225197,0.9108263089412747,0.6955807603974347,0.8342804216255835,0.8342804216255835,0.8342804216255835,0.0,0.0,0.0,0.0,0.0,0.6549703898932141,0.10653554396645668,0.07277448776591267,4.541595159502521,183.17422862089677,522.5353411960224,0.0,182.3399481992712,0.6549703898932141,10.915081547570413,0.0,0.0,-896.8035336771009,0.0,-2.9103830456733704e-11,0.0,0.0
contact_inhibition_hypothesis,stationary,415.18636421845946,415.18636421845946,19816.236151629306,90000.0,0.0,0.0,0.0,0.0,0.0,0.0,0.0,0.0,212.0,0.11752276651139001,0.030555919292961406,0.01105680504489147,0.31961300612833343,1.044227220179566,0.7905348533677456,0.9106264886127454,0.6949985614557227,0.836965887900708,0.836965887900708,0.836965887900708,0.0,0.0,0.0,0.0,0.0,0.6573918938819381,0.10653045025411018,0.07304354376465977,4.541730291834463,183.76384837066254,522.3121584706604,0.0,182.92688248276184,0.6573918938819381,10.955435911542498,0.0,0.0,-896.7631793131288,0.0,-3.2741809263825417e-11,0.0,0.0
contact_inhibition_hypothesis,stationary,416.52484442818275,416.52484442818275,19815.643732668803,90000.0,0.0,0.0,0.0,0.0,0.0,0.0,0.0,0.0,213.0,0.11790163708789252,0.030654425642852055,0.013003230750089023,0.31954487764222067,1.052012923000356,0.789936059470504,0.9104261107124137,0.6944151466869235,0.8396641033858849,0.8396641033858849,0.8396641033858849,0.0,0.0,0.0,0.0,0.0,0.6598248938269877,0.10652533246700974,0.07331387709188751,4.541866073804237,184.35626733116894,522.0879161887244,0.0,183.51660322778307,0.6598248938269877,10.99598185562675,0.0,0.0,-896.7226333690445,0.0,-2.9103830456733704e-11,0.0,0.0
contact_inhibition_hypothesis,stationary,417.8696174385306,417.8696174385306,19815.048528478914,90000.0,0.0,0.0,0.0,0.0,0.0,0.0,0.0,0.0,214.0,0.11828228890627154,0.0307533951156306,0.014954949504829876,0.31947656261989754,1.0598197980193196,0.7893349071343876,0.9102251841761693,0.6938305452456449,0.842375004401985,0.842375004401985,0.842375004401985,0.0,0.0,0.0,0.0,0.0,0.6622693323070661,0.10652019072746716,0.07358548136745177,4.542002502322854,184.9514715210553,521.8626196424358,0.0,184.10909651665332,0.6622693323070661,11.036718422897255,0.0,0.0,-896.6818968017741,0.0,-2.9103830456733704e-11,0.0,0.0
contact_inhibition_hypothesis,stationary,419.2206510664634,419.2206510664634,19814.450553304046,90000.0,0.0,0.0,0.0,0.0,0.0,0.0,0.0,0.0,215.0,0.11866471285678702,0.030852825342764626,0.016911868153438342,0.3194080641144143,1.0676474726137535,0.7887314168060305,0.9100237179835715,0.6932447863455726,0.8450985260718622,0.8450985260718622,0.8450985260718622,0.0,0.0,0.0,0.0,0.0,0.6647251508206188,0.10651502516006359,0.07385835009117984,4.542139574240808,185.54944669592516,521.63627422358,0.0,184.7043481698533,0.6647251508206188,11.077644638425612,0.0,0.0,-896.6409705862457,0.0,-2.9103830456733704e-11,0.0,0.0
contact_inhibition_hypothesis,stationary,420.57791254265,420.57791254265,19813.849821648088,90000.0,0.0,0.0,0.0,0.0,0.0,0.0,0.0,0.0,216.0,0.11904889966374306,0.030952713912573197,0.018873893012034935,0.3193393851928358,1.0754955720481398,0.7881256091700003,0.9098217211553994,0.6926578992514977,0.8478346023364772,0.8478346023364772,0.8478346023364772,0.0,0.0,0.0,0.0,0.0,0.6671922898003729,0.10650983589161844,0.07413247664448586,4.5422772863488845,186.15017835188596,521.408885422167,0.0,185.30234374954946,0.6671922898003729,11.118759509523214,0.0,0.0,-896.5998557151481,0.0,-2.546585164964199e-11,0.0,0.0
contact_inhibition_hypothesis,stationary,421.9413685196277,421.9413685196277,19813.24634827081,90000.0,0.0,0.0,0.0,0.0,0.0,0.0,0.0,0.0,217.0,0.11943483988779773,0.03105305837082741,0.020840929893024676,0.3192705289354078,1.0833637195720986,0.7875175051436243,0.9096192027511995,0.6920699132713779,0.850583165971347,0.850583165971347,0.850583165971347,0.0,0.0,0.0,0.0,0.0,0.66967068862817,0.10650462305115804,0.07440785429201888,4.542415635378939,186.75365172916085,521.1804588250642,0.0,185.9030685631895,0.66967068862817,11.160062025988452,0.0,0.0,-896.5585531986828,0.0,-2.9103830456733704e-11,0.0,0.0
contact_inhibition_hypothesis,stationary,423.3109850801193,423.3109850801193,19812.6401481842,90000.0,0.0,0.0,0.0,0.0,0.0,0.0,0.0,0.0,218.0,0.11982252392831716,0.031153856221362464,0.022812884129665634,0.3192014984347226,1.0912515365186626,0.7869071258717587,0.9094161718668313,0.6914808577484289,0.8533441486033108,0.8533441486033108,0.8533441486033108,0.0,0.0,0.0,0.0,0.0,0.6721602856500848,0.10649938676988323,0.07468447618334273,4.542554618004727,187.3598518157699,520.9510001146022,0.0,186.5065076671666,0.6721602856500848,11.201551160358662,0.0,0.0,-896.5170640643126,0.0,-2.9103830456733704e-11,0.0,0.0
contact_inhibition_hypothesis,stationary,424.6867277455013,424.6867277455013,19812.031236648694,90000.0,0.0,0.0,0.0,0.0,0.0,0.0,0.0,0.0,219.0,0.12021194202577272,0.03125510492670091,0.024789660600702628,0.3191322967948852,1.0991586424028106,0.7862944927215,0.9092126376320153,0.6908907620532603,0.8561174807276011,0.8561174807276011,0.8561174807276011,0.0,0.0,0.0,0.0,0.0,0.674661018191818,0.10649412718113656,0.07496233535464643,4.542694230842731,187.96876335127806,520.7205150671574,0.0,187.11264587055047,0.674661018191818,11.243225868166647,0.0,0.0,-896.4753893565046,0.0,-2.9103830456733704e-11,0.0,0.0
contact_inhibition_hypothesis,stationary,426.0685614844189,426.0685614844189,19811.419629169362,90000.0,0.0,0.0,0.0,0.0,0.0,0.0,0.0,0.0,220.0,0.1206030842641795,0.03135680190868667,0.026771163755052705,0.3190629271306794,1.107084655020211,0.7856796272768428,0.9090086092078806,0.6902996555760497,0.8589030917252104,0.8589030917252104,0.8589030917252104,0.0,0.0,0.0,0.0,0.0,0.6771728225743566,0.10648884442036971,0.07524142473048405,4.542834470453012,188.58037083060827,520.4890095517078,0.0,187.72146773888306,0.6771728225743566,11.285085088201653,0.0,0.0,-896.4335301364697,0.0,-2.9103830456733704e-11,0.0,1.1102230246251565e-16
contact_inhibition_hypothesis,stationary,427.4564507215426,427.4564507215426,19810.805341492054,90000.0,0.0,0.0,0.0,0.0,0.0,0.0,0.0,0.0,221.0,0.12099594057357489,0.031458944549129474,0.02875729763652714,0.31899339256673565,1.1150291905461085,0.7850625513332881,0.9088040957845167,0.6897075677187665,0.8617009098805432,0.8617009098805432,0.8617009098805432,0.0,0.0,0.0,0.0,0.0,0.6796956341298912,0.10648353862510854,0.07552173712554344,4.542975333340065,189.19465850791713,520.2564895283663,0.0,188.3329575980366,0.6796956341298912,11.327127742774636,0.0,0.0,-896.3914874818967,0.0,-2.9103830456733704e-11,0.0,0.0
contact_inhibition_hypothesis,stationary,428.8503593464598,428.8503593464598,19810.188389599443,90000.0,0.0,0.0,0.0,0.0,0.0,0.0,0.0,0.0,222.0,0.12139050073253561,0.031561530190459264,0.030747965908576192,0.3189236962367001,1.1229918636343048,0.7844432868924032,0.9085991065785297,0.6891145278874506,0.8645108623993414,0.8645108623993414,0.8645108623993414,0.0,0.0,0.0,0.0,0.0,0.6822293872179795,0.10647820993491963,0.07580326524644215,4.543116815953701,189.8116104005305,520.0229610468908,0.0,188.94709953813117,0.6822293872179795,11.36935273798763,0.0,0.0,-896.3492624866836,0.0,-2.546585164964199e-11,0.0,0.0
contact_inhibition_hypothesis,stationary,430.25025072269847,430.25025072269847,19809.568789707035,90000.0,0.0,0.0,0.0,0.0,0.0,0.0,0.0,0.0,223.0,0.12178675437073178,0.031664556136390264,0.032743071879042664,0.3188538412824056,1.1309722875161707,0.7838218561563389,0.9083936508306049,0.6885205654845417,0.8673328754268733,0.8673328754268733,0.8673328754268733,0.0,0.0,0.0,0.0,0.0,0.6847740152419483,0.10647285849137525,0.07608600169354979,4.543258914689935,190.4312102929373,519.7884302451725,0.0,189.5638774175104,0.6847740152419483,11.411758964007067,0.0,0.0,-896.3068562606643,0.0,-2.9103830456733704e-11,0.0,1.1102230246251565e-16
contact_inhibition_hypothesis,stationary,431.6560876968747,431.6560876968747,19808.946558259133,90000.0,0.0,0.0,0.0,0.0,0.0,0.0,0.0,0.0,224.0,0.12218469097151634,0.03176801965259425,0.03474251852491035,0.31878383085304574,1.1389700740996413,0.7831982815223052,0.9081877378030757,0.6879257099012756,0.8701668740663757,0.8701668740663757,0.8701668740663757,0.0,0.0,0.0,0.0,0.0,0.6873294506655223,0.10646748443801753,0.0763699389628358,4.543401625891885,191.05344174083825,519.552903347704,0.0,190.18327486677188,0.6873294506655223,11.454345295340929,0.0,0.0,-896.2642699293303,0.0,-2.9103830456733704e-11,0.0,0.0
contact_inhibition_hypothesis,stationary,433.06783260796107,433.06783260796107,19808.321711924724,90000.0,0.0,0.0,0.0,0.0,0.0,0.0,0.0,0.0,225.0,0.12258429987454848,0.031871917967382604,0.036746208517032156,0.318713668104351,1.1469848340681286,0.7825725855770091,0.9079813767775029,0.6873299905101401,0.8730127823977365,0.8730127823977365,0.8730127823977365,0.0,0.0,0.0,0.0,0.0,0.6898956250296716,0.10646208792032359,0.07665506944774127,4.5435449458506865,191.67828807524828,519.3163866640252,0.0,190.80527529285055,0.6898956250296716,11.497110591119476,0.0,0.0,-896.2215046335518,0.0,-2.9103830456733704e-11,0.0,0.0
contact_inhibition_hypothesis,stationary,434.48544729666895,434.48544729666895,19807.694267593324,90000.0,0.0,0.0,0.0,0.0,0.0,0.0,0.0,0.0,226.0,0.1229855702784495,0.031976248272396875,0.038754044244827444,0.3186433561977691,1.1550161769793097,0.7819447910910589,0.9077745770522622,0.6867334366574013,0.8758705234964089,0.8758705234964089,0.8758705234964089,0.0,0.0,0.0,0.0,0.0,0.6924724689696665,0.10645666908566827,0.07694138544107404,4.543688870806425,192.30573240664899,519.0788865871525,0.0,191.42986188315257,0.6924724689696665,11.540053695379491,0.0,0.0,-896.1785615292918,0.0,-2.546585164964199e-11,0.0,1.1102230246251565e-16
contact_inhibition_hypothesis,stationary,435.9088931149397,435.9088931149397,19807.064242370783,90000.0,0.0,0.0,0.0,0.0,0.0,0.0,0.0,0.0,227.0,0.12338849124348925,0.03208100772330721,0.04076592784092966,0.3185728982996491,1.1630637113637186,0.7813149210133354,0.9075673479401444,0.6861360776557031,0.8787400194525445,0.8787400194525445,0.8787400194525445,0.0,0.0,0.0,0.0,0.0,0.6950599122323307,0.10645122808328836,0.07722887913692561,4.543833396949065,192.9357576291896,518.8404095919885,0.0,192.05701760973704,0.6950599122323307,11.583173437351789,0.0,0.0,-896.1354417873195,0.0,-2.546585164964199e-11,0.0,0.0
contact_inhibition_hypothesis,stationary,437.3381309355393,437.3381309355393,19806.43165357504,90000.0,0.0,0.0,0.0,0.0,0.0,0.0,0.0,0.0,228.0,0.12379305169430212,0.032186193440518554,0.04278176120577765,0.31850229758042903,1.1711270448231106,0.7806829984653378,0.9073596987659678,0.6855379427767401,0.8816211913903349,0.8816211913903349,0.8816211913903349,0.0,0.0,0.0,0.0,0.0,0.6976578836934808,0.10644576506424526,0.07751754263260896,4.543978520419406,193.5683464249336,518.6009622337144,0.0,192.68672523354326,0.6976578836934808,11.626468631751857,0.0,0.0,-896.0921465929194,0.0,-2.546585164964199e-11,0.0,-2.220446049250313e-16
contact_inhibition_hypothesis,stationary,438.773121161751,438.773121161751,19805.796518731822,90000.0,0.0,0.0,0.0,0.0,0.0,0.0,0.0,0.0,229.0,0.12419924042263056,0.03229180250988395,0.044801446032131244,0.31843155721382943,1.179205784128525,0.7800490467355014,0.9071516388642042,0.6849390612440133,0.8845139594875506,0.8845139594875506,0.8845139594875506,0.0,0.0,0.0,0.0,0.0,0.7002663113755468,0.10644028018138751,0.0778073679306163,4.544124237310036,194.20348126814872,518.360551146166,0.0,193.31896730866117,0.7002663113755468,11.669938079073487,0.0,0.0,-896.0486771455978,0.0,-2.9103830456733704e-11,0.0,0.0
contact_inhibition_hypothesis,stationary,440.2138237371599,440.2138237371599,19805.158855570335,90000.0,0.0,0.0,0.0,0.0,0.0,0.0,0.0,0.0,230.0,0.12460704609009474,0.032397831983424635,0.04682488382950168,0.31836068037605114,1.1872995353180067,0.7794130892734955,0.906943177576621,0.6843394622256654,0.8874182429952658,0.8874182429952658,0.8874182429952658,0.0,0.0,0.0,0.0,0.0,0.7028851224653574,0.10643477358931311,0.07809834694059525,4.544270543666298,194.8411444296377,518.1191830401948,0.0,193.95372618664243,0.7028851224653574,11.71358056588518,0.0,0.0,-896.0050346587861,0.0,-2.9103830456733704e-11,0.0,1.1102230246251565e-16
contact_inhibition_hypothesis,stationary,441.6601981555244,441.6601981555244,19804.518682018865,90000.0,0.0,0.0,0.0,0.0,0.0,0.0,0.0,0.0,231.0,0.12501645723098678,0.03250427888005657,0.04885197594848306,0.31828967024497906,1.1954079037939322,0.7787751496845023,0.9067343242499385,0.6837391748274071,0.8903339602577585,0.8903339602577585,0.8903339602577585,0.0,0.0,0.0,0.0,0.0,0.7055142433320841,0.10642924544433165,0.07839047148134266,4.544417435487275,195.48131798110745,517.8768647020141,0.0,194.5909840208497,0.7055142433320841,11.757394865129182,0.0,0.0,-895.9612203595422,0.0,-2.9103830456733704e-11,0.0,0.0
contact_inhibition_hypothesis,stationary,443.11220347072924,443.11220347072924,19803.876016200396,90000.0,0.0,0.0,0.0,0.0,0.0,0.0,0.0,0.0,232.0,0.12542746225508802,0.032611140186322884,0.05088262360497205,0.31821852999939193,1.2035304944198881,0.7781352517234799,0.9065250882335057,0.6831382280855292,0.8932610287325736,0.8932610287325736,0.8932610287325736,0.0,0.0,0.0,0.0,0.0,0.7081535995453333,0.10642369590442552,0.07868373328281479,4.544564908726769,196.1239837995742,517.6336029915313,0.0,195.23072277084162,0.7081535995453333,11.801379736422978,0.0,0.0,-895.9172354882484,0.0,-2.9103830456733704e-11,0.0,1.1102230246251565e-16
contact_inhibition_hypothesis,stationary,444.56979830681314,444.56979830681314,19803.230876428166,90000.0,0.0,0.0,0.0,0.0,0.0,0.0,0.0,0.0,233.0,0.1258400494505075,0.03271841285713195,0.05291672790426351,0.3181472628181781,1.211666911617054,0.7774934192894118,0.9063154788769945,0.6825366509600097,0.8961993650107384,0.8961993650107384,0.8961993650107384,0.0,0.0,0.0,0.0,0.0,0.7108031158933741,0.10641812512921171,0.07897812398815265,4.544712959294294,196.769123571802,517.389404840668,0.0,195.87292420679125,0.7108031158933741,11.845533926363078,0.0,0.0,-895.8730812983082,0.0,-3.2741809263825417e-11,0.0,0.0
contact_inhibition_hypothesis,stationary,446.0329408680676,446.0329408680676,19802.583281201198,90000.0,0.0,0.0,0.0,0.0,0.0,0.0,0.0,0.0,234.0,0.1262542069865404,0.03282609381650051,0.05495418986500918,0.31807587187955877,1.2198167594600366,0.7768496764195495,0.9061055055281141,0.6819344723277179,0.8991488848371201,0.8991488848371201,0.8991488848371201,0.0,0.0,0.0,0.0,0.0,0.7134627164014958,0.10641253327990254,0.07927363515572174,4.5448615830560835,197.4167187987723,517.1442772516682,0.0,196.51756991393518,0.7134627164014958,11.889856168830928,0.0,0.0,-895.8287590558404,0.0,-2.9103830456733704e-11,0.0,0.0
contact_inhibition_hypothesis,stationary,447.50158894919974,447.50158894919974,19801.93324919979,90000.0,0.0,0.0,0.0,0.0,0.0,0.0,0.0,0.0,235.0,0.126669922916545,0.0329341799583017,0.05699491044303069,0.3180043603603173,1.2279796417721227,0.7762040472836457,0.9058951775303451,0.6813317209757135,0.9021095031309128,0.9021095031309128,0.9021095031309128,0.0,0.0,0.0,0.0,0.0,0.7161323243504815,0.10640692051926669,0.0795702582611646,4.54501077583609,198.0667508001822,516.8982272953958,0.0,197.1646412970513,0.7161323243504815,11.934345185300772,0.0,0.0,-895.7842700393705,0.0,-2.9103830456733704e-11,0.0,0.0
contact_inhibition_hypothesis,stationary,448.97569994555374,448.97569994555374,19801.280799281,90000.0,0.0,0.0,0.0,0.0,0.0,0.0,0.0,0.0,236.0,0.12708718518083562,0.033042668147017264,0.059038790554968634,0.31793273143503725,1.2361551622198745,0.775556556178186,0.9056845042206979,0.6807284255946549,0.9050811340062428,0.9050811340062428,0.9050811340062428,0.0,0.0,0.0,0.0,0.0,0.7188118622951878,0.10640128701158975,0.0798679846994653,4.545160533417008,198.71920071896855,516.6512621096217,0.0,197.8141195849623,0.7188118622951878,11.978999685149304,0.0,0.0,-895.739615539522,0.0,-2.9103830456733704e-11,0.0,-1.1102230246251565e-16
contact_inhibition_hypothesis,stationary,450.45523086338676,450.45523086338676,19800.625950474114,90000.0,0.0,0.0,0.0,0.0,0.0,0.0,0.0,0.0,237.0,0.1275059816095916,0.03315155521849381,0.061085731101764636,0.31786098827534726,1.2443429244070585,0.7749072275206195,0.905473494927492,0.6801246147723029,0.9080636907928841,0.9080636907928841,0.9080636907928841,0.0,0.0,0.0,0.0,0.0,0.7215012520832244,0.10639563292263474,0.08016680578702491,4.545310851541287,199.37404952585592,516.4033888973024,0.0,198.46598583506304,0.7215012520832244,12.023818365966934,0.0,0.0,-895.6947968587044,0.0,-2.9103830456733704e-11,0.0,0.0
contact_inhibition_hypothesis,stationary,451.9401383301917,451.9401383301917,19799.96872197604,90000.0,0.0,0.0,0.0,0.0,0.0,0.0,0.0,0.0,238.0,0.12792629992577914,0.033260837980702576,0.063135632991958,0.3177891340491747,1.252542531967832,0.7742560858435918,0.9052621589681609,0.6795203169871412,0.9110570860570668,0.9110570860570668,0.9110570860570668,0.0,0.0,0.0,0.0,0.0,0.7242004148737183,0.10638995841960197,0.08046671276374646,4.54546172591216,200.03127802392586,516.1546149248513,0.0,199.1202209378688,0.7242004148737183,12.068799913870516,0.0,0.0,-895.6498153108008,0.0,-3.2741809263825417e-11,0.0,0.0
contact_inhibition_hypothesis,stationary,453.4303786050636,453.4303786050636,19799.309133146762,90000.0,0.0,0.0,0.0,0.0,0.0,0.0,0.0,0.0,239.0,0.12834812774808568,0.03337051321450228,0.06518839716479001,0.3177171719200076,1.26075358865916,0.773603155789184,0.9050505056470812,0.6789155606020973,0.9140612316223755,0.9140612316223755,0.9140612316223755,0.0,0.0,0.0,0.0,0.0,0.7269092711561572,0.10638426367108973,0.08076769679512856,4.545613152194671,200.69086685320474,515.9049475204006,0.0,199.77680562158235,0.7269092711561572,12.11394300381736,0.0,0.0,-895.6046722208539,0.0,-3.2741809263825417e-11,0.0,0.0
contact_inhibition_hypothesis,stationary,454.92590758910245,454.92590758910245,19798.647203504697,90000.0,0.0,0.0,0.0,0.0,0.0,0.0,0.0,0.0,240.0,0.1287714525938644,0.033480577674404745,0.06724392461310354,0.31764510504616567,1.268975698452414,0.7729484621031588,0.9048385442534285,0.6783103738583848,0.9170760385907197,0.9170760385907197,0.9170760385907197,0.0,0.0,0.0,0.0,0.0,0.7296277407692994,0.10637854884705387,0.08106974897436658,4.545765126016715,201.35279649526842,515.6543940720596,0.0,200.4357204566777,0.7296277407692994,12.159246299920373,0.0,0.0,-895.559368924751,0.0,-3.2741809263825417e-11,0.0,-1.1102230246251565e-16
contact_inhibition_hypothesis,stationary,456.4266808358482,456.4266808358482,19797.982952722105,90000.0,0.0,0.0,0.0,0.0,0.0,0.0,0.0,0.0,241.0,0.12919626188208813,0.03359102808934292,0.06930211640603019,0.31757293658008,1.2772084656241207,0.7722920296292187,0.9046262840590589,0.6777047848694491,0.9201014173633696,0.9201014173633696,0.9201014173633696,0.0,0.0,0.0,0.0,0.0,0.7323557429201422,0.1063728141187672,0.08137286032446021,4.545917642970065,202.01704727786066,515.4029620261662,0.0,201.09694586049727,0.7323557429201422,12.204708455764168,0.0,0.0,-895.5139067689072,0.0,-3.637978807091713e-11,0.0,0.0
contact_inhibition_hypothesis,stationary,457.9326535617422,457.9326535617422,19797.316400620442,90000.0,0.0,0.0,0.0,0.0,0.0,0.0,0.0,0.0,242.0,0.12962254293631043,0.03370186116344071,0.07136287371145021,0.317500669667583,1.285451494845801,0.7716338833032779,0.9044137343164207,0.6770988216150411,0.9231372776620448,0.9231372776620448,0.9231372776620448,0.0,0.0,0.0,0.0,0.0,0.735093196202938,0.10636705965878034,0.08167702180032642,4.546070698611425,202.68359937952343,515.1506588855334,0.0,201.76046210186138,0.735093196202938,12.250328114721961,0.0,0.0,-895.4682871099493,0.0,-3.2741809263825417e-11,0.0,0.0
contact_inhibition_hypothesis,stationary,459.44378065660953,459.44378065660953,19796.64756716573,90000.0,0.0,0.0,0.0,0.0,0.0,0.0,0.0,0.0,243.0,0.13005028298763274,0.033813073576784515,0.0734260978182202,0.3174283074472073,1.2937043912728807,0.7709740481477503,0.9042009042564921,0.6764925119354003,0.9261835285500459,0.9261835285500459,0.9261835285500459,0.0,0.0,0.0,0.0,0.0,0.7378400186182492,0.10636128564088017,0.08198222429091656,4.546224288463464,203.3524328342365,514.8974922076949,0.0,202.42624930568647,0.7378400186182492,12.296103910273123,0.0,0.0,-895.4225113143982,0.0,-3.2741809263825417e-11,0.0,0.0
contact_inhibition_hypothesis,stationary,460.96001669415796,460.96001669415796,19795.976472463903,90000.0,0.0,0.0,0.0,0.0,0.0,0.0,0.0,0.0,244.0,0.1304794691776763,0.03392466198619584,0.07549169015815675,0.3173558530494952,1.301966760632627,0.7703125492658573,0.9039878030867506,0.675885883525563,0.929240078453419,0.929240078453419,0.929240078453419,0.0,0.0,0.0,0.0,0.0,0.7405961275920321,0.10635549224005005,0.08228845862133688,4.546378408015867,204.0235275360644,514.6434696031442,0.0,203.09428745761096,0.7405961275920321,12.342034466321214,0.0,0.0,-895.3765807583501,0.0,-3.2741809263825417e-11,0.0,1.1102230246251565e-16
contact_inhibition_hypothesis,stationary,462.48131594248673,462.48131594248673,19795.30313675616,90000.0,0.0,0.0,0.0,0.0,0.0,0.0,0.0,0.0,245.0,0.1309100885615567,0.03403662302600474,0.07755955232776648,0.3172833095963182,1.3102382093110658,0.7696494118359576,0.9037744399891712,0.675278963929788,0.9323068351821401,0.9323068351821401,0.9323068351821401,0.0,0.0,0.0,0.0,0.0,0.7433614399947392,0.10634967963242975,0.08259571555497101,4.546533052726376,204.6968632438074,514.3885987335755,0.0,203.76455640862525,0.7433614399947392,12.38811839751233,0.0,0.0,-895.330496827159,0.0,-3.2741809263825417e-11,0.0,1.1102230246251565e-16
contact_inhibition_hypothesis,stationary,464.0076323746021,464.0076323746021,19794.62758041431,90000.0,0.0,0.0,0.0,0.0,0.0,0.0,0.0,0.0,246.0,0.1313421281108604,0.034148953308823705,0.07962958610971572,0.3172106802002071,1.3185183444388628,0.7689846611059009,0.9035608241182562,0.6746717805361127,0.9353837059513128,0.9353837059513128,0.9353837059513128,0.0,0.0,0.0,0.0,0.0,0.7461358721604352,0.10634384799527379,0.08290398579560389,4.546688218021845,205.37241958565616,514.132887310121,0.0,204.43703587970484,0.7461358721604352,12.434354309553651,0.0,0.0,-895.2842609151177,0.0,-3.2741809263825417e-11,0.0,0.0
contact_inhibition_hypothesis,stationary,465.53891967893276,465.53891967893276,19793.94982393612,90000.0,0.0,0.0,0.0,0.0,0.0,0.0,0.0,0.0,247.0,0.13177557471662132,0.034261649426321546,0.08170169349402881,0.31713796796369303,1.3268067739761151,0.7683183223874093,0.9033469645990972,0.6740643605710255,0.9384705974023669,0.9384705974023669,0.9384705974023669,0.0,0.0,0.0,0.0,0.0,0.7489193399059091,0.10633799750691242,0.08321325998954543,4.5468438992992795,206.0501760638455,513.8763430915899,0.0,205.11170546644314,0.7489193399059091,12.480740799531974,0.0,0.0,-895.2378744251394,0.0,-3.2741809263825417e-11,0.0,0.0
contact_inhibition_hypothesis,stationary,467.07513126984117,467.07513126984117,19793.269887940656,90000.0,0.0,0.0,0.0,0.0,0.0,0.0,0.0,0.0,248.0,0.13221041519229607,0.03437470794999698,0.08377577669900829,0.3170651759786593,1.335103106796033,0.7676504210504882,0.9031328705254685,0.6734567310942723,0.9415674156242473,0.9415674156242473,0.9415674156242473,0.0,0.0,0.0,0.0,0.0,0.7517117585497836,0.10633212834671009,0.0835235287277537,4.547000091926894,206.73011205930706,513.6189738827071,0.0,205.78854464368283,0.7517117585497836,12.527276456232142,0.0,0.0,-895.1913387684392,0.0,-3.637978807091713e-11,0.0,-1.1102230246251565e-16
contact_inhibition_hypothesis,stationary,468.6162202981258,468.6162202981258,19792.58779316365,90000.0,0.0,0.0,0.0,0.0,0.0,0.0,0.0,0.0,249.0,0.13264663627673676,0.03448812543195156,0.08585173819186913,0.31699230732570455,1.3434069527674766,0.7669809825178691,0.9029185509579546,0.6728489189937844,0.9446740661745858,0.9446740661745858,0.9446740661745858,0.0,0.0,0.0,0.0,0.0,0.7545130429316043,0.10632624069502554,0.08383478254795601,4.547156791245153,207.41220683631755,513.3607875323535,0.0,206.46753277014295,0.7545130429316043,12.573959860455185,0.0,0.0,-895.1446553642161,0.0,-3.2741809263825417e-11,0.0,0.0
contact_inhibition_hypothesis,stationary,470.16213966150923,470.16213966150923,19791.903560452825,90000.0,0.0,0.0,0.0,0.0,0.0,0.0,0.0,0.0,250.0,0.13308422463715977,0.03460189840566154,0.08792948070907904,0.3169193650735175,1.351717922836316,0.7663100322594866,0.9027040149221103,0.672240950980741,0.9477904541008432,0.9477904541008432,0.9477904541008432,0.0,0.0,0.0,0.0,0.0,0.7573231074309045,0.10632033473317157,0.08414701193676714,4.547313992567821,208.09643954714085,513.1017919318091,0.0,207.14864909304,0.7573231074309045,12.620789585336022,0.0,0.0,-895.0978256393353,0.0,-3.2741809263825417e-11,0.0,0.0
contact_inhibition_hypothesis,stationary,471.71284201510707,471.71284201510707,19791.217210763305,90000.0,0.0,0.0,0.0,0.0,0.0,0.0,0.0,0.0,251.0,0.1335231668721091,0.03471602338674837,0.09000890727639725,0.31684635227826313,1.360035629105589,0.7656375957869928,0.9024892714066564,0.6716328535847573,0.9509164839614139,0.9509164839614139,0.9509164839614139,0.0,0.0,0.0,0.0,0.0,0.7601418659862357,0.10631441064337438,0.08446020733180394,4.547471691183005,208.78278923666159,512.841995012999,0.0,207.83187275270018,0.7601418659862357,12.667764196660617,0.0,0.0,-895.0508510280107,0.0,-3.2741809263825417e-11,0.0,0.0
contact_inhibition_hypothesis,stationary,473.268279781874,473.268279781874,19790.528765152958,90000.0,0.0,0.0,0.0,0.0,0.0,0.0,0.0,0.0,252.0,0.13396344951441325,0.034830496873747445,0.0920899212286054,0.31677327198298083,1.3683596849144215,0.7649636986483094,0.9022743293617084,0.6710246531492016,0.9540520598466841,0.9540520598466841,0.9540520598466841,0.0,0.0,0.0,0.0,0.0,0.7629692321141551,0.10630846860873391,0.084774359123795,4.547629882354202,209.47123484700867,512.5814047467437,0.0,208.517182787162,0.7629692321141551,12.714882253182395,0.0,0.0,-895.003732971489,0.0,-3.2741809263825417e-11,0.0,1.1102230246251565e-16
contact_inhibition_hypothesis,stationary,474.82840516302116,474.82840516302116,19789.8382447778,90000.0,0.0,0.0,0.0,0.0,0.0,0.0,0.0,0.0,253.0,0.13440505903413383,0.034945315348874795,0.09417242622892363,0.31670012721699436,1.3766897049156945,0.7642883664222228,0.9020591976970423,0.67041637582665,0.957197085400031,0.957197085400031,0.957197085400031,0.0,0.0,0.0,0.0,0.0,0.7658051189281629,0.10630250881318329,0.08508945765868475,4.547788561321337,210.16175522216602,512.3200291410132,0.0,209.204558136766,0.7658051189281629,12.762142306937834,0.0,0.0,-894.9564729177334,0.0,-3.637978807091713e-11,0.0,1.1102230246251565e-16
contact_inhibition_hypothesis,stationary,476.39317014840117,476.39317014840117,19789.145670887396,90000.0,0.0,0.0,0.0,0.0,0.0,0.0,0.0,0.0,254.0,0.13484798184150534,0.03506047527879139,0.0962563262881065,0.3166269209953343,1.385025305152426,0.7636116247130207,0.901843885280395,0.6698080475744682,0.9603514638387589,0.9603514638387589,0.9603514638387589,0.0,0.0,0.0,0.0,0.0,0.7686494391575786,0.10629653144144942,0.08540549323973093,4.5479477233017995,210.8543291125691,512.0578762391875,0.0,209.89397764873036,0.7686494391575786,12.809542903561045,0.0,0.0,-894.9090723211102,0.0,-3.637978807091713e-11,0.0,0.0
contact_inhibition_hypothesis,stationary,477.962526526856,477.962526526856,19788.45106482028,90000.0,0.0,0.0,0.0,0.0,0.0,0.0,0.0,0.0,255.0,0.13529220428986413,0.035175973115364675,0.09834152578321043,0.3165536563181724,1.3933661031328417,0.7629334991451759,0.9016284009358012,0.6691996941505256,0.9635150979749584,0.9635150979749584,0.9635150979749584,0.0,0.0,0.0,0.0,0.0,0.7715021051663512,0.1062905366790127,0.08572245612959455,4.548107363491483,211.54893517968492,511.7949541183232,0.0,210.58542008170997,0.7715021051663512,12.857082582597242,0.0,0.0,-894.861532642074,0.0,-3.2741809263825417e-11,0.0,0.0
contact_inhibition_hypothesis,stationary,479.5364258965236,479.5364258965236,19787.754447999392,90000.0,0.0,0.0,0.0,0.0,0.0,0.0,0.0,0.0,256.0,0.1357377126785658,0.03529180529642711,0.10042792947603063,0.31648033617026855,1.4017117179041225,0.7622540153580758,0.9014127534419664,0.6685913411090458,0.966687890236284,0.966687890236284,0.966687890236284,0.0,0.0,0.0,0.0,0.0,0.7743630289717943,0.10628452471206803,0.08604033655242158,4.548267477065813,212.24555200057384,511.5312708874258,0.0,211.27886411033757,0.7743630289717943,12.904759877814952,0.0,0.0,-894.8138553468564,0.0,-3.2741809263825417e-11,0.0,0.0
contact_inhibition_hypothesis,stationary,481.114819675099,481.114819675099,19787.055841927537,90000.0,0.0,0.0,0.0,0.0,0.0,0.0,0.0,0.0,257.0,0.13618449325588974,0.035407968246531335,0.10251544253119906,0.3164069635204305,1.4100617701247962,0.7615731990008024,0.901196951530678,0.6679830137965872,0.9698697426866385,0.9698697426866385,0.9698697426866385,0.0,0.0,0.0,0.0,0.0,0.7772321222632381,0.10627849572748502,0.08635912469591532,4.548428059180771,212.944158072431,511.26683468573225,0.0,211.97428832974438,0.7772321222632381,12.952573317516862,0.0,0.0,-894.7660419071544,0.0,-3.2741809263825417e-11,0.0,0.0
contact_inhibition_hypothesis,stationary,482.69765911004515,482.69765911004515,19786.35526818286,90000.0,0.0,0.0,0.0,0.0,0.0,0.0,0.0,0.0,258.0,0.13663253222192936,0.035524458377701636,0.10460397053393902,0.31633354132098596,1.418415882135756,0.7608910757269641,0.9009810038852528,0.667374737348159,0.9730605570467578,0.9730605570467578,0.9730605570467578,0.0,0.0,0.0,0.0,0.0,0.7801092964205906,0.10627244991276831,0.08667881071339893,4.548589104973926,213.64473181710608,511.00165368099846,0.0,212.67167126005933,0.7801092964205906,13.000521424849142,0.0,0.0,-894.7180937998221,0.0,-3.637978807091713e-11,0.0,0.0
contact_inhibition_hypothesis,stationary,484.2848952887504,484.2848952887504,19785.65274841437,90000.0,0.0,0.0,0.0,0.0,0.0,0.0,0.0,0.0,259.0,0.1370818157314674,0.03564127209018153,0.10669341950747459,0.31626007250726734,1.4267736780298983,0.7602076711895785,0.9007649191390217,0.6667665366834686,0.9762602347146861,0.9762602347146861,0.9762602347146861,0.0,0.0,0.0,0.0,0.0,0.7829944625327997,0.1062663874560198,0.08699938472586662,4.548750609565441,214.34725158559866,510.73573606779917,0.0,213.37099135088397,0.7829944625327997,13.048602718109107,0.0,0.0,-894.6700125065622,0.0,-3.2741809263825417e-11,0.0,0.0
contact_inhibition_hypothesis,stationary,485.87647914862816,485.87647914862816,19784.94830433744,90000.0,0.0,0.0,0.0,0.0,0.0,0.0,0.0,0.0,260.0,0.1375323298968346,0.035758405773176995,0.10878369593008559,0.31618655999710993,1.4351347837203423,0.759523011036013,0.9005487058738528,0.6661584365033063,0.9794686767861365,0.9794686767861365,0.9794686767861365,0.0,0.0,0.0,0.0,0.0,0.785887531416214,0.1062603085458986,0.08732083682402376,4.548912568059092,215.05169566252857,510.4690900658345,0.0,214.07222698574245,0.785887531416214,13.096815711051207,0.0,0.0,-894.6217995136201,0.0,-3.2741809263825417e-11,0.0,0.0
contact_inhibition_hypothesis,stationary,487.47236148715467,487.47236148715467,19784.241957729388,90000.0,0.0,0.0,0.0,0.0,0.0,0.0,0.0,0.0,261.0,0.13798406079075098,0.035875855805595255,0.11087470675180924,0.3161130066903625,1.4434988270072369,0.7588371209029796,0.9003323726187134,0.6655504612860582,0.9826857840747253,0.9826857840747253,0.9826857840747253,0.0,0.0,0.0,0.0,0.0,0.7887884136328278,0.10625421337158321,0.08764315707031418,4.549074975543273,215.75804227057878,510.20172391824946,0.0,214.77535648650405,0.7887884136328278,13.145158913191075,0.0,0.0,-894.5734563114802,0.0,-3.2741809263825417e-11,0.0,0.0
contact_inhibition_hypothesis,stationary,489.07249297184154,489.07249297184154,19783.533730425057,90000.0,0.0,0.0,0.0,0.0,0.0,0.0,0.0,0.0,262.0,0.13843699444914886,0.035993618556778705,0.11296635941078101,0.3160394154684111,1.4518654376431241,0.7581500264115895,0.9001159278482679,0.664942635284357,0.9859114571320758,0.9859114571320758,0.9859114571320758,0.0,0.0,0.0,0.0,0.0,0.7916970195084087,0.106248102122733,0.08796633550093427,4.549237827091991,216.46626957490903,509.9336458899624,0.0,215.48035811777697,0.7916970195084087,13.19363083010763,0.0,0.0,-894.5249843945637,0.0,-3.2741809263825417e-11,0.0,0.0
contact_inhibition_hypothesis,stationary,490.6768241501395,490.6768241501395,19782.823644312426,90000.0,0.0,0.0,0.0,0.0,0.0,0.0,0.0,0.0,263.0,0.138891116873976,0.03611169038723376,0.11505856184921336,0.3159657891937158,1.4602342473968535,0.7574617531624662,0.8998993799815171,0.6643349825218645,0.9891455962677832,0.9891455962677832,0.9891455962677832,0.0,0.0,0.0,0.0,0.0,0.7946132591504994,0.10624197498945048,0.08829036212783324,4.549401117765869,217.17635568753954,509.6648642660063,0.0,216.18721009127177,0.7946132591504994,13.242229963743071,0.0,0.0,-894.4763852609283,0.0,-3.2741809263825417e-11,0.0,1.1102230246251565e-16
contact_inhibition_hypothesis,stationary,492.28530545926907,492.28530545926907,19782.111721328263,90000.0,0.0,0.0,0.0,0.0,0.0,0.0,0.0,0.0,264.0,0.13934641403597842,0.03623006764935439,0.11715122252900874,0.31589213070936084,1.468604890116035,0.7567723267309218,0.8996827373804731,0.6637275267901843,0.9923881015692313,0.9923881015692313,0.9923881015692313,0.0,0.0,0.0,0.0,0.0,0.7975370424662895,0.1062358321622429,0.08861522694069882,4.549564842613121,217.8882786717019,509.3953873498812,0.0,216.89589057013268,0.7975370424662895,13.290954812700715,0.0,0.0,-894.4276604119706,0.0,-3.637978807091713e-11,0.0,1.1102230246251565e-16
contact_inhibition_hypothesis,stationary,493.89788723597536,493.89788723597536,19781.397983453808,90000.0,0.0,0.0,0.0,0.0,0.0,0.0,0.0,0.0,265.0,0.13980287187746154,0.036348746688140005,0.11924425044700386,0.3158184428386176,1.4769770017880155,0.7560817726621937,0.8994660083488754,0.6631202916459102,0.995638872921258,0.995638872921258,0.995638872921258,0.0,0.0,0.0,0.0,0.0,0.8004682791803451,0.10622967383198556,0.08894091990892722,4.549728996670543,218.60201654615682,509.12522346192077,0.0,217.60637767323556,0.8004682791803451,13.33980387254045,0.0,0.0,-894.3788113521308,0.0,-3.637978807091713e-11,0.0,0.0
contact_inhibition_hypothesis,stationary,495.51451972620396,495.51451972620396,19780.68245271049,90000.0,0.0,0.0,0.0,0.0,0.0,0.0,0.0,0.0,266.0,0.14026047631502897,0.03646772384190753,0.1213375551498426,0.3157447283845208,1.4853502205993703,0.7553901164667479,0.8992492011309435,0.6625133004078021,0.9988978100256599,0.9988978100256599,0.9988978100256599,0.0,0.0,0.0,0.0,0.0,0.803406878852198,0.10622350018988444,0.08926743098357753,4.549893574964475,219.31754728947655,508.8543809376703,0.0,218.3186494794509,0.803406878852198,13.388775636071879,0.0,0.0,-894.3298395885994,0.0,-3.2741809263825417e-11,0.0,-1.1102230246251565e-16
contact_inhibition_hypothesis,stationary,497.1351530946933,497.1351530946933,19779.965151155677,90000.0,0.0,0.0,0.0,0.0,0.0,0.0,0.0,0.0,267.0,0.1407192132422979,0.03658699544299746,0.12343104674847794,0.315670990129458,1.4937241869939117,0.7546973836156456,0.8990323239101706,0.6619065761540969,1.0021648124205302,1.0021648124205302,1.0021648124205302,0.0,0.0,0.0,0.0,0.0,0.8063527508937822,0.10621731142743893,0.0895947500993091,4.550058572511772,220.03484884429065,508.5828681262806,0.0,219.03268403187013,0.8063527508937822,13.43786859364488,0.0,0.0,-894.2807466310264,0.0,-3.2741809263825417e-11,0.0,0.0
contact_inhibition_hypothesis,stationary,498.75973743448225,498.75973743448225,19779.24610087847,90000.0,0.0,0.0,0.0,0.0,0.0,0.0,0.0,0.0,268.0,0.1411790685325902,0.036706557818473456,0.1255246359322958,0.3155972308347723,1.5020985437291832,0.7540035995359783,0.8988153848081539,0.6613001417199457,1.005439779499424,1.005439779499424,1.005439779499424,0.0,0.0,0.0,0.0,0.0,0.8093058045867161,0.10621110773640609,0.08992286717630177,4.5502239843207555,220.753899121494,508.31069338891393,0.0,219.74845934199456,0.8093058045867161,13.487081233437623,0.0,0.0,-894.2315339912336,0.0,-3.637978807091713e-11,0.0,2.220446049250313e-16
contact_inhibition_hypothesis,stationary,500.3882227763282,500.3882227763282,19778.52532399555,90000.0,0.0,0.0,0.0,0.0,0.0,0.0,0.0,0.0,269.0,0.14164002804159825,0.03682640729081555,0.12761823398286531,0.3155234532403782,1.5104729359314613,0.7533087896063695,0.8985983918834655,0.6606940196949835,1.0087226105303444,1.0087226105303444,1.0087226105303444,0.0,0.0,0.0,0.0,0.0,0.8122659490994221,0.10620488930876436,0.09025177212215799,4.550389805392159,221.47467600441533,508.0378650971678,0.0,220.46595339388497,0.8122659490994221,13.536412041741869,0.0,0.0,-894.1822031829295,0.0,-3.637978807091713e-11,0.0,0.0
contact_inhibition_hypothesis,stationary,502.02055909803386,502.02055909803386,19777.80284264702,90000.0,0.0,0.0,0.0,0.0,0.0,0.0,0.0,0.0,270.0,0.14210207761002516,0.036946540178606546,0.12971175278731023,0.31544966006439035,1.518847011149241,0.7526129791525459,0.8983813531305599,0.6600882324210232,1.0120132046745445,1.0120132046745445,1.0120132046745445,0.0,0.0,0.0,0.0,0.0,0.8152330935040805,0.10619865633667726,0.0905814548337867,4.550556030720073,222.1971573529454,507.7643916315108,0.0,221.18514414827087,0.8152330935040805,13.5858595032455,0.0,0.0,-894.1327557214258,0.0,-3.637978807091713e-11,0.0,0.0
contact_inhibition_hypothesis,stationary,503.6566963336796,503.6566963336796,19777.07867899234,90000.0,0.0,0.0,0.0,0.0,0.0,0.0,0.0,0.0,271.0,0.14256520306619794,0.037066952797211464,0.1318051048513018,0.31537585400276585,1.5272204194052073,0.7519161934429791,0.8981642764787232,0.659482801989881,1.015311461005138,1.015311461005138,1.015311461005138,0.0,0.0,0.0,0.0,0.0,0.8182071467934113,0.10619240901245865,0.09091190519926791,4.550722655292868,222.9213210076231,507.49028137973687,0.0,221.90600954661798,0.8182071467934113,13.6354221013122,0.0,0.0,-894.0831931233591,0.0,-3.637978807091713e-11,0.0,0.0
contact_inhibition_hypothesis,stationary,505.2965843827583,505.2965843827583,19776.352855206285,90000.0,0.0,0.0,0.0,0.0,0.0,0.0,0.0,0.0,272.0,0.1430293902286532,0.03718764145944984,0.1338982033116726,0.31530203772895965,1.5355928132466903,0.7512184576845976,0.8979471697910578,0.658877750241327,1.0186172785255148,1.0186172785255148,1.0186172785255148,0.0,0.0,0.0,0.0,0.0,0.8211880178972798,0.10618614752853721,0.09124311309969772,4.550889674094117,223.64714479367885,507.21554273543455,0.0,222.62852751515334,0.8211880178972798,13.685098318258166,0.0,0.0,-894.0335169064131,0.0,-3.637978807091713e-11,0.0,0.0
contact_inhibition_hypothesis,stationary,506.9401731192109,506.9401731192109,19775.62539347493,90000.0,0.0,0.0,0.0,0.0,0.0,0.0,0.0,0.0,273.0,0.14349462490869497,0.037308602476260694,0.13599096194865057,0.3152282138935925,1.5439638477946023,0.7505197970185711,0.8977300408635075,0.6582730987611551,1.0219305561875547,1.0219305561875547,1.0219305561875547,0.0,0.0,0.0,0.0,0.0,0.8241756156991191,0.10617987207742241,0.09157506841101322,4.5510570821035055,224.3746065250335,506.94018409647293,0.0,223.35267596884594,0.8241756156991191,13.73488663562582,0.0,0.0,-893.9837285890455,0.0,-3.637978807091713e-11,0.0,0.0
contact_inhibition_hypothesis,stationary,508.58741240035914,508.58741240035914,19774.89631599171,90000.0,0.0,0.0,0.0,0.0,0.0,0.0,0.0,0.0,274.0,0.14396089291292286,0.03742983215735994,0.1380832951977133,0.31515438512413285,1.5523331807908534,0.7498202365161678,0.8975128974239203,0.6576688688793901,1.025251192909636,1.025251192909636,1.025251192909636,0.0,0.0,0.0,0.0,0.0,0.8271698490521698,0.10617358285166942,0.09190776100579663,4.551224874297729,225.10368400825223,506.6642138635058,0.0,224.07843281534258,0.8271698490521698,13.784785534454409,0.0,0.0,-893.9338296902168,0.0,-3.637978807091713e-11,0.0,0.0
contact_inhibition_hypothesis,stationary,510.2382520757344,510.2382520757344,19774.16564495351,90000.0,0.0,0.0,0.0,0.0,0.0,0.0,0.0,0.0,275.0,0.14442818004573144,0.037551326811890176,0.14017511816106334,0.3150805540245905,1.5607004726442533,0.749119801174685,0.8972957471311486,0.6570650816685993,1.0285790875944314,1.0285790875944314,1.0285790875944314,0.0,0.0,0.0,0.0,0.0,0.8301706267955268,0.10616728004384614,0.09224118075505851,4.551393045651388,225.83435504645212,506.3876404384918,0.0,224.80577595885768,0.8301706267955268,13.834793495547453,0.0,0.0,-893.8838217291238,0.0,-3.637978807091713e-11,0.0,0.0
contact_inhibition_hypothesis,stationary,511.8926419957988,511.8926419957988,19773.4334025568,90000.0,0.0,0.0,0.0,0.0,0.0,0.0,0.0,0.0,276.0,0.14489647211177872,0.03767308274906247,0.1422663466187224,0.3150067231752245,1.5690653864748896,0.7484185159134542,0.8970785975741897,0.6564617579423432,1.0319141391464908,1.0319141391464908,1.0319141391464908,0.0,0.0,0.0,0.0,0.0,0.8331778577699923,0.10616096384649928,0.09257531752999913,4.5515615911378635,226.56659744316218,506.1104722232338,0.0,225.5346833040157,0.8331778577699923,13.884908999736922,0.0,0.0,-893.8337062249344,0.0,-4.001776687800884e-11,0.0,0.0
contact_inhibition_hypothesis,stationary,513.5505320205579,513.5505320205579,19772.699610993826,90000.0,0.0,0.0,0.0,0.0,0.0,0.0,0.0,0.0,277.0,0.1453657549184241,0.03779509627879027,0.14435689703924928,0.31493289513226264,1.577427588156997,0.7477164055699214,0.8968614562713607,0.6558589182537331,1.035256246489602,1.035256246489602,1.035256246489602,0.0,0.0,0.0,0.0,0.0,0.8361914508337324,0.1061546344521217,0.09291016120374802,4.551730505730187,227.30038900613545,505.8327176179357,0.0,226.26513275964584,0.8361914508337324,13.93513052814415,0.0,0.0,-893.7834846965271,0.0,-3.637978807091713e-11,0.0,0.0
contact_inhibition_hypothesis,stationary,515.2118720280624,515.2118720280624,19771.96429244885,90000.0,0.0,0.0,0.0,0.0,0.0,0.0,0.0,0.0,278.0,0.1458360142781348,0.03791736371231505,0.14644668659007856,0.31485907242763467,1.5857867463603141,0.7470134948958027,0.8966443306695138,0.6552565828941135,1.0386053085839304,1.0386053085839304,1.0386053085839304,0.0,0.0,0.0,0.0,0.0,0.8392113148777302,0.10614829205311914,0.0932457016530811,4.5518997844019005,228.03570755111193,505.5543850197786,0.0,226.997102242528,0.8392113148777302,13.985456562437372,0.0,0.0,-893.7331586622339,0.0,-3.637978807091713e-11,0.0,0.0
contact_inhibition_hypothesis,stationary,516.876611922796,516.876611922796,19771.227469094432,90000.0,0.0,0.0,0.0,0.0,0.0,0.0,0.0,0.0,279.0,0.14630723601086018,0.03803988136282365,0.14853563314748283,0.3147852575687174,1.5941425325899314,0.7463098085533167,0.8964272281432865,0.6546547718918582,1.041961224442926,1.041961224442926,1.041961224442926,0.0,0.0,0.0,0.0,0.0,0.842237358841032,0.10614193684177922,0.09358192876011465,4.552069422127902,228.77253090553077,505.2754828215143,0.0,227.73056968108784,0.842237358841032,14.035885585085797,0.0,0.0,-893.6827296395855,0.0,-3.637978807091713e-11,0.0,0.0
contact_inhibition_hypothesis,stationary,518.5447016439492,518.5447016439492,19770.48916308777,90000.0,0.0,0.0,0.0,0.0,0.0,0.0,0.0,0.0,280.0,0.14677940594637373,0.038162645546057174,0.15062365530616023,0.31471145303809306,1.602494621224641,0.7456053711114928,0.8962101559943914,0.654053505011287,1.0453238931500042,1.0453238931500042,1.0453238931500042,0.0,0.0,0.0,0.0,0.0,0.8452694917257889,0.10613556901023875,0.09391883241397653,4.552239413885283,229.51083691219281,504.9960194100809,0.0,228.46551301904282,0.8452694917257889,14.086416079610272,0.0,0.0,-893.632199145061,0.0,-4.001776687800884e-11,0.0,0.0
contact_inhibition_hypothesis,stationary,520.2160911735762,520.2160911735762,19769.74939656709,90000.0,0.0,0.0,0.0,0.0,0.0,0.0,0.0,0.0,281.0,0.14725250992658195,0.03828565258091131,0.15271067238844804,0.3146376612933194,1.6108426895537922,0.7449002070425573,0.8959931214509395,0.6534528017516876,1.0486932138749887,1.0486932138749887,1.0486932138749887,0.0,0.0,0.0,0.0,0.0,0.8483076226120819,0.10612918875045319,0.09425640251245351,4.552409754654149,230.25060343287043,504.71600316523484,0.0,229.20191021899544,0.8483076226120819,14.137046530830345,0.0,0.0,-893.581568693841,0.0,-4.001776687800884e-11,0.0,0.0
contact_inhibition_hypothesis,stationary,521.8907305446332,521.8907305446332,19769.008191648096,90000.0,0.0,0.0,0.0,0.0,0.0,0.0,0.0,0.0,282.0,0.1477265338077997,0.03840889879002793,0.15479660445316445,0.3145638847667128,1.6191864178126578,0.7441943407183965,0.8957761316668025,0.6528526813464571,1.0520690858903152,1.0520690858903152,1.0520690858903152,0.0,0.0,0.0,0.0,0.0,0.8513516606725349,0.10612279625416535,0.09459462896361495,4.552580439418438,230.99180835186567,504.4354424582048,0.0,229.93973926597536,0.8513516606725349,14.187775425107793,0.0,0.0,-893.5308397995635,0.0,-4.001776687800884e-11,0.0,0.0
contact_inhibition_hypothesis,stationary,523.568569848898,523.568569848898,19768.265570420448,90000.0,0.0,0.0,0.0,0.0,0.0,0.0,0.0,0.0,283.0,0.14820146346299184,0.03853238050037788,0.15688137230408022,0.31449012586514324,1.627525489216321,0.7434877964070983,0.8955591937210096,0.65225316276235,1.0554514085869966,1.0554514085869966,1.0554514085869966,0.0,0.0,0.0,0.0,0.0,0.8544015151867089,0.10611639171287551,0.09493350168741208,4.552751463166721,231.7344295795152,504.15434565036475,0.0,230.6789781709282,0.8544015151867089,14.238601250586504,0.0,0.0,-893.4800139740848,0.0,-3.637978807091713e-11,0.0,2.220446049250313e-16
contact_inhibition_hypothesis,stationary,525.2495592447665,525.2495592447665,19767.52155494432,90000.0,0.0,0.0,0.0,0.0,0.0,0.0,0.0,0.0,284.0,0.14867728478398015,0.03865609404383484,0.15896489749802276,0.3144163869698412,1.6358595899920911,0.7427805982695713,0.8953423146171801,0.651654264698835,1.0588400814903398,1.0588400814903398,1.0588400814903398,0.0,0.0,0.0,0.0,0.0,0.8574570955552755,0.10610997531781148,0.09527301061725281,4.552922820892986,232.4784450556413,503.87272109192804,0.0,231.41960497415096,0.8574570955552755,14.289522497428665,0.0,0.0,-893.4290927272426,0.0,-4.001776687800884e-11,0.0,0.0
contact_inhibition_hypothesis,stationary,526.9336489649287,526.9336489649287,19766.77616724701,90000.0,0.0,0.0,0.0,0.0,0.0,0.0,0.0,0.0,285.0,0.14915398368361626,0.03878003575774023,0.1610471023526165,0.3143426704362172,1.644188409410466,0.7420727703562424,0.8951255012829918,0.6510560055875614,1.0622350042754203,1.0622350042754203,1.0622350042754203,0.0,0.0,0.0,0.0,0.0,0.8605183113139692,0.10610354725989907,0.0956131457015521,4.5530945075974225,233.2238327529493,503.5905771206606,0.0,232.1615977486739,0.8605183113139692,14.340537658047296,0.0,0.0,-893.378077566624,0.0,-4.001776687800884e-11,0.0,0.0
contact_inhibition_hypothesis,stationary,528.6207893239198,528.6207893239198,19766.02942931959,90000.0,0.0,0.0,0.0,0.0,0.0,0.0,0.0,0.0,286.0,0.1496315460979188,0.03890420198545889,0.16312790995365806,0.3142689785936925,1.6525116398146322,0.7413643366038332,0.8949087605696839,0.6504584035919266,1.0656360767823034,1.0656360767823034,1.0656360767823034,0.0,0.0,0.0,0.0,0.0,0.8635850721473132,0.10609710772973319,0.09595389690525699,4.553266518287183,233.9705706803696,503.30792206061705,0.0,232.9049346035873,0.8635850721473132,14.391645227334973,0.0,0.0,-893.3269699973363,0.0,-4.001776687800884e-11,0.0,2.220446049250313e-16
contact_inhibition_hypothesis,stationary,530.3109307255464,530.3109307255464,19765.281363113616,90000.0,0.0,0.0,0.0,0.0,0.0,0.0,0.0,0.0,287.0,0.15010995798817559,0.039028589076925656,0.1652072441621337,0.31419531374554194,1.660828976648535,0.7406553208322142,0.894692099251594,0.6498614766067489,1.0690431990310145,1.0690431990310145,1.0690431990310145,0.0,0.0,0.0,0.0,0.0,0.866657287902118,0.10609065691754994,0.09629525421134642,4.553438847977135,234.7186368863447,503.0247642208956,0.0,233.6495936873137,0.866657287902118,14.442843702888796,0.0,0.0,-893.2757715217825,0.0,-4.001776687800884e-11,0.0,2.220446049250313e-16
contact_inhibition_hypothesis,stationary,532.0040236701873,532.0040236701873,19764.5319905379,90000.0,0.0,0.0,0.0,0.0,0.0,0.0,0.0,0.0,288.0,0.15058920534301024,0.03915319338918266,0.16728502962087943,0.31412167816874803,1.6691401184835177,0.7399457467413387,0.8944755240257296,0.6492652422580408,1.072456271236257,1.072456271236257,1.072456271236257,0.0,0.0,0.0,0.0,0.0,0.8697348686007532,0.10608419501319793,0.09663720762230589,4.5536114916906065,235.4680094620604,502.7411118944151,0.0,234.39555319082413,0.8697348686007532,14.494131585231552,0.0,0.0,-893.2244836394398,0.0,-4.001776687800884e-11,0.0,0.0
contact_inhibition_hypothesis,stationary,533.7000187619667,533.7000187619667,19763.78133345534,90000.0,0.0,0.0,0.0,0.0,0.0,0.0,0.0,0.0,289.0,0.15106927418041255,0.03927801128690726,0.16936119176088743,0.3140480741138668,1.6774447670435497,0.7392356379082549,0.894259041511373,0.6486697179028833,1.0758751938218734,1.0758751938218734,1.0758751938218734,0.0,0.0,0.0,0.0,0.0,0.8728177244541855,0.10607772220611184,0.09697974716157613,4.553784444460109,236.21866654462093,502.4569733567139,0.0,235.14279135079906,0.8728177244541855,14.545507378029,0.0,0.0,-893.1731078466423,0.0,-4.001776687800884e-11,0.0,0.0
contact_inhibition_hypothesis,stationary,535.3988667158006,535.3988667158006,19763.029413679793,90000.0,0.0,0.0,0.0,0.0,0.0,0.0,0.0,0.0,290.0,0.15155015054973311,0.03940303914293061,0.17143565680726247,0.31397450380490466,1.6857426272290499,0.7385250177841958,0.8940426582497196,0.648074920629394,1.079299867435048,1.079299867435048,1.079299867435048,0.0,0.0,0.0,0.0,0.0,0.8759057658747875,0.10607123868528423,0.09732286287497637,4.5539577013280566,236.9705863201675,502.1723568647683,0.0,235.89128645273246,0.8759057658747875,14.596969588303333,0.0,0.0,-893.1216456363679,0.0,-4.001776687800884e-11,0.0,0.0
contact_inhibition_hypothesis,stationary,537.1005183643136,537.1005183643136,19762.276252973017,90000.0,0.0,0.0,0.0,0.0,0.0,0.0,0.0,0.0,291.0,0.1520318205336411,0.039528273338746686,0.17350835178483046,0.31390096943920637,1.694033407139322,0.7378139096917494,0.8938263807035483,0.6474808672567945,1.0827301929602524,1.0827301929602524,1.0827301929602524,0.0,0.0,0.0,0.0,0.0,0.8789989034889109,0.10606474463924043,0.09766654483210119,4.554131257347467,237.7237470269399,501.88727065583464,0.0,236.64101683397965,0.8789989034889109,14.648516726642699,0.0,0.0,-893.0700984980286,0.0,-4.3655745685100555e-11,0.0,0.0
contact_inhibition_hypothesis,stationary,538.8049246646278,538.8049246646278,19761.52187304168,90000.0,0.0,0.0,0.0,0.0,0.0,0.0,0.0,0.0,292.0,0.15251427025004596,0.03965371026501195,0.17557920452340592,0.3138274731873542,1.7023168180936237,0.7371023368221059,0.8936102152569242,0.6468875743355701,1.0861660715329298,1.0861660715329298,1.0861660715329298,0.0,0.0,0.0,0.0,0.0,0.8820970481492264,0.10605824025601163,0.0980107831276918,4.5543051075826515,238.47812695828114,501.6017229463115,0.0,237.3919608867482,0.8820970481492264,14.700147307406857,0.0,0.0,-893.0184679172644,0.0,-4.001776687800884e-11,0.0,0.0
contact_inhibition_hypothesis,stationary,540.512036705021,540.512036705021,19760.766295534377,90000.0,0.0,0.0,0.0,0.0,0.0,0.0,0.0,0.0,293.0,0.1529974858539822,0.03977934632203538,0.17764814366271836,0.3137540171930776,1.7105925746508734,0.7363903222323831,0.8933941682149342,0.6462950581477175,1.0896074045529178,1.0896074045529178,1.0896074045529178,0.0,0.0,0.0,0.0,0.0,0.8852001109468272,0.1060517257231098,0.09835556788298078,4.554479247109895,239.23370446558454,501.31572193062425,0.0,238.14409706103163,0.8852001109468272,14.751859848928873,0.0,0.0,-892.9667553757424,0.0,-4.001776687800884e-11,0.0,0.0
contact_inhibition_hypothesis,stationary,542.2218057114549,542.2218057114549,19760.009542038777,90000.0,0.0,0.0,0.0,0.0,0.0,0.0,0.0,0.0,294.0,0.15348145353945708,0.03990517792025884,0.17971509865700297,0.3136806035731734,1.7188603946280119,0.735677888843031,0.8931782458034513,0.6457033347070871,1.0930540936976076,1.0930540936976076,1.0930540936976076,0.0,0.0,0.0,0.0,0.0,0.8883080032230942,0.10604520122750286,0.09870088924701045,4.55465367101812,239.99045796118307,501.0292757801314,0.0,238.89740386748545,0.8883080032230942,14.803652873712865,0.0,0.0,-892.9149623509584,0.0,-4.001776687800884e-11,0.0,2.220446049250313e-16
contact_inhibition_hypothesis,stationary,543.9341830539731,543.9341830539731,19759.251634078777,90000.0,0.0,0.0,0.0,0.0,0.0,0.0,0.0,0.0,295.0,0.1539661595412618,0.04003120148072807,0.18177999977926218,0.3136072344174371,1.7271199991170487,0.7349650594353128,0.8929624541689327,0.6451124197598113,1.0965060409348433,1.0965060409348433,1.0965060409348433,0.0,0.0,0.0,0.0,0.0,0.8914206365813275,0.10603866695559047,0.09904673739792526,4.554828374409536,240.7483659211813,500.74239264205255,0.0,239.65185988024643,0.8914206365813275,14.855524908627823,0.0,0.0,-892.8630903160434,0.0,-4.001776687800884e-11,0.0,0.0
contact_inhibition_hypothesis,stationary,545.649120252968,545.649120252968,19758.492593111732,90000.0,0.0,0.0,0.0,0.0,0.0,0.0,0.0,0.0,296.0,0.15445159013674525,0.04015741343555377,0.18384277812519703,0.31353391178860335,1.735371112500788,0.734251856648864,0.8927467993782452,0.6445223287848135,1.0999631485355532,1.0999631485355532,1.0999631485355532,0.0,0.0,0.0,0.0,0.0,0.8945379228981365,0.10603212309317919,0.09939310254423736,4.555003352400278,241.50740688822876,500.4550806384189,0.0,240.4074437396932,0.8945379228981365,14.907474485097444,0.0,0.0,-892.8111407395738,0.0,-4.001776687800884e-11,0.0,2.220446049250313e-16
contact_inhibition_hypothesis,stationary,547.366568985316,547.366568985316,19757.732440525724,90000.0,0.0,0.0,0.0,0.0,0.0,0.0,0.0,0.0,297.0,0.15493773164755076,0.0402838102283632,0.18590336561681753,0.3134606377222977,1.7436134624672701,0.7335383029793291,0.8925312874185227,0.6439330769944085,1.1034253190861187,1.1034253190861187,1.1034253190861187,0.0,0.0,0.0,0.0,0.0,0.8976597743345928,0.10602556982546021,0.09973997492606583,4.555178600121039,242.26755947423595,500.16734786504503,0.0,241.16413415514984,0.8976597743345928,14.959500139285987,0.0,0.0,-892.7591150853852,0.0,-4.001776687800884e-11,0.0,-2.220446049250313e-16
contact_inhibition_hypothesis,stationary,549.0864810903823,549.0864810903823,19756.97119763693,90000.0,0.0,0.0,0.0,0.0,0.0,0.0,0.0,0.0,298.0,0.15542457044131586,0.04041038831474213,0.1879616950057348,0.3133874142269973,1.7518467800229391,0.7328244207760735,0.8923159241970509,0.6433446793349767,1.1068924555004798,1.1068924555004798,1.1068924555004798,0.0,0.0,0.0,0.0,0.0,0.9007861033471448,0.10601900733698556,0.1000873448163494,4.555354112717673,243.02880236303173,499.8792023905227,0.0,241.92190990753124,0.9007861033471448,15.011600412280167,0.0,0.0,-892.7070148123911,0.0,-4.001776687800884e-11,0.0,0.0
contact_inhibition_hypothesis,stationary,550.8088085758934,550.8088085758934,19756.208885687,90000.0,0.0,0.0,0.0,0.0,0.0,0.0,0.0,0.0,299.0,0.1559120929333343,0.04053714416266692,0.19001769987613648,0.3133142432840017,1.760070799504546,0.7321102322399733,0.8921007155411815,0.6427571504877214,1.1103644610319718,1.1103644610319718,1.1103644610319718,0.0,0.0,0.0,0.0,0.0,0.903916822698293,0.10601243581164642,0.10043520252203253,4.555529885351804,243.79111431296258,499.59065225523767,0.0,242.6807498519306,0.903916822698293,15.063773850267053,0.0,0.0,-892.6548413744042,0.0,-3.637978807091713e-11,0.0,0.0
contact_inhibition_hypothesis,stationary,552.5335036236793,552.5335036236793,19755.44552584053,90000.0,0.0,0.0,0.0,0.0,0.0,0.0,0.0,0.0,300.0,0.1564002855881818,0.04066407425292727,0.19207131464745741,0.3132411268474135,1.7682852585898297,0.7313957594212795,0.8918856671982751,0.6421705048695028,1.1138412392849024,1.1138412392849024,1.1138412392849024,0.0,0.0,0.0,0.0,0.0,0.9070518454670269,0.10600585543265045,0.10078353838522518,4.555705913201408,244.5544741594343,499.30170547040683,0.0,243.4406329201494,0.9070518454670269,15.116019004708003,0.0,0.0,-892.6025962199633,0.0,-3.637978807091713e-11,0.0,0.0
contact_inhibition_hypothesis,stationary,554.2605185952825,554.2605185952825,19754.68113918257,90000.0,0.0,0.0,0.0,0.0,0.0,0.0,0.0,0.0,301.0,0.15688913492130346,0.0407911750795389,0.19412247457673978,0.3131680668441276,1.7764898983069592,0.7306810242175593,0.8916707848356695,0.6415847566337446,1.117322694225858,1.117322694225858,1.117322694225858,0.0,0.0,0.0,0.0,0.0,0.910191085059021,0.1059992663825014,0.10113234278433565,4.555882191461387,245.31886081739444,499.0123700171393,0.0,244.20153812316858,0.910191085059021,15.168334432508585,0.0,0.0,-892.5502807921628,0.0,-3.637978807091713e-11,0.0,0.0
contact_inhibition_hypothesis,stationary,555.9898060374384,555.9898060374384,19753.915746716204,90000.0,0.0,0.0,0.0,0.0,0.0,0.0,0.0,0.0,302.0,0.1573786275005651,0.04091844315014693,0.19617111576069873,0.31309506517383057,1.784684463042795,0.7299660483717101,0.8914560740406782,0.6409999196714187,1.1208087301947511,1.1208087301947511,1.1208087301947511,0.0,0.0,0.0,0.0,0.0,0.9133344552165966,0.10599266884297706,0.10148160613517739,4.55605871534413,246.08425328375782,498.72265384551764,0.0,244.96344455356308,0.9133344552165966,15.220718696184582,0.0,0.0,-892.4978965284868,0.0,-3.637978807091713e-11,0.0,2.220446049250313e-16
contact_inhibition_hypothesis,stationary,557.7213186874226,557.7213186874226,19753.149369360188,90000.0,0.0,0.0,0.0,0.0,0.0,0.0,0.0,0.0,303.0,0.15786874994776703,0.04104587498641943,0.1982171751374903,0.31302212370900784,1.792868700549961,0.729250853470049,0.8912415403206113,0.6404160076120947,1.1242992519156014,1.1242992519156014,1.1242992519156014,0.0,0.0,0.0,0.0,0.0,0.9164818700284424,0.10598606299510983,0.10183131889204913,4.556235480080063,246.8506306397737,498.4325648737026,0.0,245.7263313878581,0.9164818700284424,15.273170364023992,0.0,0.0,-892.4454448606473,0.0,-4.001776687800884e-11,0.0,0.0
contact_inhibition_hypothesis,stationary,559.4550094782679,559.4550094782679,19752.382027946627,90000.0,0.0,0.0,0.0,0.0,0.0,0.0,0.0,0.0,304.0,0.1583594889401205,0.04117346712443133,0.200260590488188,0.31294924429496096,1.801042361952752,0.7285354609404766,0.8910271891028264,0.6398330338250628,1.1277941645070506,1.1277941645070506,1.1277941645070506,0.0,0.0,0.0,0.0,0.0,0.9196332439390956,0.10597944901916669,0.10218147154878839,4.556412480918182,247.6179720533344,498.1421109870583,0.0,246.49017788882736,0.9196332439390956,15.325688010245027,0.0,0.0,-892.3929272144262,0.0,-4.001776687800884e-11,0.0,0.0
contact_inhibition_hypothesis,stationary,561.1908315438527,561.1908315438527,19751.61374321873,90000.0,0.0,0.0,0.0,0.0,0.0,0.0,0.0,0.0,305.0,0.1588508312116882,0.04130121611503893,0.20230130043797814,0.31287642874983224,1.8092052017519125,0.7278198920507117,0.8908130257348007,0.6392510114205202,1.1312933734926216,1.1312933734926216,1.1312933734926216,0.0,0.0,0.0,0.0,0.0,0.9227884917581934,0.10597282709462917,0.10253205463979924,4.556589713126577,248.38625678122764,497.85130003730063,0.0,247.25496340773503,0.9227884917581934,15.378270215150293,0.0,0.0,-892.340345009521,0.0,-4.001776687800884e-11,0.0,-2.220446049250313e-16
contact_inhibition_hypothesis,stationary,562.9287382238563,562.9287382238563,19750.84453582863,90000.0,0.0,0.0,0.0,0.0,0.0,0.0,0.0,0.0,306.0,0.15934276355478696,0.041429118524244614,0.20433924445707138,0.31280367886463867,1.8173569778282856,0.7271041679066006,0.8905990554842315,0.638669953250825,1.1347967848107072,1.1347967848107072,1.1347967848107072,0.0,0.0,0.0,0.0,0.0,0.9259475286694789,0.1059661974001752,0.10288305874105319,4.556767171992938,249.15546417132992,497.56013984166617,0.0,248.02066738651922,0.9259475286694789,15.430915565276866,0.0,0.0,-892.2876996593944,0.0,-4.001776687800884e-11,0.0,0.0
contact_inhibition_hypothesis,stationary,564.668683068588,564.668683068588,19750.074426335217,90000.0,0.0,0.0,0.0,0.0,0.0,0.0,0.0,0.0,307.0,0.1598352728213546,0.0415571709335522,0.20637436286134153,0.31273099640331364,1.8254974514453661,0.7263883094504967,0.8903852835391578,0.6380898719118117,1.1383043048243051,1.1383043048243051,1.1383043048243051,0.0,0.0,0.0,0.0,0.0,0.92911027023958,0.10595956011366077,0.10323447447106442,4.556944852825054,249.92557366474375,497.26863818210404,0.0,248.78726935991943,0.92911027023958,15.4836226535426,0.0,0.0,-892.2349925711287,0.0,-4.001776687800884e-11,0.0,-2.220446049250313e-16
contact_inhibition_hypothesis,stationary,566.4106198436856,566.4106198436856,19749.303435202084,90000.0,0.0,0.0,0.0,0.0,0.0,0.0,0.0,0.0,308.0,0.1603283459242797,0.04168536994031272,0.20840659681269377,0.3126583831027566,1.8336263872507752,0.7256723374597119,0.8901717150081078,0.6375107797441657,1.1418158403304888,1.1418158403304888,1.1418158403304888,0.0,0.0,0.0,0.0,0.0,0.932276632426549,0.10595291541210101,0.10358629249183875,4.5571227509512955,250.6965647978771,496.97680280448805,0.0,249.55474895754662,0.932276632426549,15.536390079388438,0.0,0.0,-892.1822251452828,0.0,-4.001776687800884e-11,0.0,0.0
contact_inhibition_hypothesis,stationary,568.1545025346852,568.1545025346852,19748.5315827955,90000.0,0.0,0.0,0.0,0.0,0.0,0.0,0.0,0.0,309.0,0.16082196983869557,0.04181371215806085,0.21043588831916915,0.3125858406728909,1.8417435532766766,0.7249562725450376,0.8899583549202674,0.6369326888348597,1.1453312985696211,1.1453312985696211,1.1453312985696211,0.0,0.0,0.0,0.0,0.0,0.9354465315881697,0.10594626347165485,0.10393850350979661,4.557300861721085,251.4684172044664,496.6846414178514,0.0,250.32308590589676,0.9354465315881697,15.589216448916847,0.0,0.0,-892.1293987757545,0.0,-3.637978807091713e-11,0.0,0.0
contact_inhibition_hypothesis,stationary,569.9002853514653,569.9002853514653,19747.75888938242,90000.0,0.0,0.0,0.0,0.0,0.0,0.0,0.0,0.0,310.0,0.16131613160323774,0.04194219421684181,0.21246218023478886,0.31251337079672875,1.8498487209391554,0.7242401351493357,0.8897452082256728,0.6363556110186429,1.1488505872343118,1.1488505872343118,1.1488505872343118,0.0,0.0,0.0,0.0,0.0,0.9386198844900356,0.10593960446760547,0.1042910982766706,4.557479180505358,252.24111061754314,496.39216169364227,0.0,251.09226003030884,0.9386198844900356,15.642100375026443,0.0,0.0,-892.0765148496448,0.0,-3.637978807091713e-11,0.0,0.0
contact_inhibition_hypothesis,stationary,571.6479227325613,571.6479227325613,19746.98537512862,90000.0,0.0,0.0,0.0,0.0,0.0,0.0,0.0,0.0,311.0,0.1618108183212655,0.04207081276352903,0.21448541625914525,0.312440975130444,1.857941665036581,0.7235239455461987,0.8895322797954236,0.6357795578795896,1.1523736144781156,1.1523736144781156,1.1523736144781156,0.0,0.0,0.0,0.0,0.0,0.9417966083133923,0.10593293857434624,0.1046440675903769,4.557657702697002,253.01462487134373,496.0993712650003,0.0,251.86225125686562,0.9417966083133923,15.695040477542682,0.0,0.0,-892.0235747471286,0.0,-3.637978807091713e-11,0.0,2.220446049250313e-16
contact_inhibition_hypothesis,stationary,573.3973693493565,573.3973693493565,19746.2110600968,90000.0,0.0,0.0,0.0,0.0,0.0,0.0,0.0,0.0,312.0,0.1623060171620482,0.042199564462132536,0.2165055409367447,0.312368655303452,1.8660221637469787,0.7228077238386764,0.8893195744219177,0.635204540752695,1.1559002889239807,1.1559002889239807,1.1559002889239807,0.0,0.0,0.0,0.0,0.0,0.9449766206627555,0.10592626596536357,0.1049974022958617,4.557836423711294,253.78893990316442,495.8062777260555,0.0,252.63303961424043,0.9449766206627555,15.748035383344819,0.0,0.0,-891.9705798413265,0.0,-3.637978807091713e-11,0.0,0.0
contact_inhibition_hypothesis,stationary,575.1485801101459,575.1485801101459,19745.435964244803,90000.0,0.0,0.0,0.0,0.0,0.0,0.0,0.0,0.0,313.0,0.16280171536191537,0.042328445994098,0.21852249965610565,0.31229641291849636,1.8740899986244226,0.7220914899580715,0.8891070968191069,0.6346305707255254,1.1594305196724408,1.1594305196724408,1.1594305196724408,0.0,0.0,0.0,0.0,0.0,0.9481598395732969,0.10591958681322196,0.10535109328592185,4.558015338986323,254.56403575515978,495.51288863124665,0.0,253.40460523548734,0.9481598395732969,15.801083726488992,0.0,0.0,-891.9175314981823,0.0,-3.637978807091713e-11,0.0,2.220446049250313e-16
contact_inhibition_hypothesis,stationary,576.9015101640761,576.9015101640761,19744.660107423875,90000.0,0.0,0.0,0.0,0.0,0.0,0.0,0.0,0.0,314.0,0.16329790022537213,0.04245745405859676,0.2205362386486207,0.312224249551743,1.8821449545944828,0.7213752636627999,0.8888948516227736,0.6340576586399171,1.1629642163095575,1.1629642163095575,1.1629642163095575,0.0,0.0,0.0,0.0,0.0,0.9513461835180083,0.10591290128954829,0.10570513150200089,4.558194443983391,255.33989257608687,495.2192114946614,0.0,254.17692835977732,0.9513461835180083,15.854184148327606,0.0,0.0,-891.8644310763436,0.0,-3.637978807091713e-11,0.0,0.0
contact_inhibition_hypothesis,stationary,578.6561149049621,578.6561149049621,19743.883509376967,90000.0,0.0,0.0,0.0,0.0,0.0,0.0,0.0,0.0,315.0,0.16379455912617946,0.042586585372806664,0.22254670498718482,0.3121521667528801,1.8901868199487393,0.7206590645373179,0.8886828433908239,0.6334858150937203,1.166501288914615,1.166501288914615,1.166501288914615,0.0,0.0,0.0,0.0,0.0,0.9545355714146366,0.10590620956501884,0.1060595079349596,4.558373734187414,256.11649062299426,494.9252537893971,0.0,254.94998933407965,0.9545355714146366,15.907335297624918,0.0,0.0,-891.8112799270464,0.0,-4.001776687800884e-11,0.0,-2.220446049250313e-16
contact_inhibition_hypothesis,stationary,580.4123499749808,580.4123499749808,19743.106189737104,90000.0,0.0,0.0,0.0,0.0,0.0,0.0,0.0,0.0,316.0,0.1642916795083997,0.04271583667218393,0.22455384658459732,0.3120801660452252,1.8982153863383893,0.7199429119911128,0.8884710766036036,0.6329150504425879,1.1700416480675642,1.1700416480675642,1.1700416480675642,0.0,0.0,0.0,0.0,0.0,0.9577279226323988,0.10589951180934319,0.10641421362582205,4.558553205107308,256.89381026285685,494.6310229469416,0.0,255.7237686147893,0.9577279226323988,15.960535830668926,0.0,0.0,-891.7580793940024,0.0,-4.001776687800884e-11,0.0,0.0
contact_inhibition_hypothesis,stationary,582.1701712682427,582.1701712682427,19742.328168025804,90000.0,0.0,0.0,0.0,0.0,0.0,0.0,0.0,0.0,317.0,0.1647892488874077,0.042845204710726004,0.22655761219174148,0.31200824892583817,1.906230448766966,0.7192268252577578,0.88825955566423,0.6323453748018104,1.173585204856225,1.173585204856225,1.173585204856225,0.0,0.0,0.0,0.0,0.0,0.9609231569984746,0.10589280819125324,0.10676923966649716,4.55873285227635,257.67183197415693,494.33652635657484,0.0,256.4982467693007,0.9609231569984746,16.01378441137958,0.0,0.0,-891.7048308132917,0.0,-4.001776687800884e-11,0.0,0.0
contact_inhibition_hypothesis,stationary,583.9295349342445,583.9295349342445,19741.549463651547,90000.0,0.0,0.0,0.0,0.0,0.0,0.0,0.0,0.0,318.0,0.16528725485086793,0.042974686261225664,0.22855795139554902,0.3119364168656404,1.914231805582196,0.7185108233940298,0.8880482848989424,0.6317767980481885,1.1771318708832448,1.1771318708832448,1.1771318708832448,0.0,0.0,0.0,0.0,0.0,0.9641211948042817,0.10588609887848743,0.10712457720047572,4.558912671252549,258.4505363484121,494.04177136479126,0.0,257.2734044775288,0.9641211948042817,16.067079711413353,0.0,0.0,-891.651535513258,0.0,-4.001776687800884e-11,0.0,0.0
contact_inhibition_hypothesis,stationary,585.6903973812001,585.6903973812001,19740.77009590831,90000.0,0.0,0.0,0.0,0.0,0.0,0.0,0.0,0.0,319.0,0.16578568505967736,0.04310427811551611,0.23055481461675134,0.3118646713095397,1.9222192584670053,0.7177949252790887,0.8878372685574698,0.6312093298219462,1.1806815582728136,1.1806815582728136,1.1806815582728136,0.0,0.0,0.0,0.0,0.0,0.9673219568115298,0.10587938403778059,0.10748021742350329,4.559092657618986,259.2299040916496,493.7467652747406,0.0,258.0492225333768,0.9673219568115298,16.120420410264142,0.0,0.0,-891.5981948144072,0.0,-4.3655745685100555e-11,0.0,0.0
contact_inhibition_hypothesis,stationary,587.4527152792549,587.4527152792549,19739.990083974128,90000.0,0.0,0.0,0.0,0.0,0.0,0.0,0.0,0.0,320.0,0.16628452724887546,0.04323397708470762,0.23254815310742857,0.3117930136765612,1.9301926124297144,0.7170791496137177,0.8876265108134154,0.6306429795286835,1.1842341796771443,1.1842341796771443,1.1842341796771443,0.0,0.0,0.0,0.0,0.0,0.9705253642580653,0.10587266383484954,0.10783615158422945,4.55927280698415,260.0099160258292,493.45151534569004,0.0,258.82568184615207,0.9705253642580653,16.173805195360657,0.0,0.0,-891.5448100293106,0.0,-4.3655745685100555e-11,0.0,0.0
contact_inhibition_hypothesis,stationary,589.2164455635823,589.2164455635823,19739.209446909743,90000.0,0.0,0.0,0.0,0.0,0.0,0.0,0.0,0.0,321.0,0.16678376922852056,0.04336377999941535,0.2345379189483556,0.31172144535998325,1.9381516757934225,0.7163635149196238,0.8874160157646567,0.6300777563413602,1.1877896482827142,1.1877896482827142,1.1877896482827142,0.0,0.0,0.0,0.0,0.0,0.9737313388634979,0.10586593843438327,0.10819237098483307,4.559453114982266,260.7905530902135,493.15602879250514,0.0,259.6027634419308,0.9737313388634979,16.22723276216019,0.0,0.0,-891.4913824625111,0.0,-4.3655745685100555e-11,0.0,-2.220446049250313e-16
contact_inhibition_hypothesis,stationary,590.9815454373639,590.9815454373639,19738.42820365727,90000.0,0.0,0.0,0.0,0.0,0.0,0.0,0.0,0.0,322.0,0.16728339888453347,0.043493683709978706,0.2365240650461552,0.3116499677274792,1.9460962601846208,0.7156480395387979,0.8872057874337624,0.6295136692023192,1.1913478778162732,1.1913478778162732,1.1913478778162732,0.0,0.0,0.0,0.0,0.0,0.9769398028346182,0.1058592080000307,0.10854886698162422,4.559633577273605,261.57179634268704,492.86031278515117,0.0,260.38044846487077,0.9769398028346182,16.280701814238913,0.0,0.0,-891.4379134104324,0.0,-4.3655745685100555e-11,0.0,0.0
contact_inhibition_hypothesis,stationary,592.7479723746553,592.7479723746553,19737.646373038933,90000.0,0.0,0.0,0.0,0.0,0.0,0.0,0.0,0.0,323.0,0.16778340417950866,0.043623685086672255,0.23850654513026043,0.31157858212126405,1.9540261805210417,0.7149327416329316,0.8869958297684237,0.6289507268253388,1.1949087825506202,1.1949087825506202,1.1949087825506202,0.0,0.0,0.0,0.0,0.0,0.9801506788706073,0.10585247269438978,0.108905630985623,4.55981418954478,262.35362696102464,492.56437444821216,0.0,261.15871817847403,0.9801506788706073,16.334211063378667,0.0,0.0,-891.3844041612927,0.0,-4.3655745685100555e-11,0.0,0.0
contact_inhibition_hypothesis,stationary,594.5156841231382,594.5156841231382,19736.863973755848,90000.0,0.0,0.0,0.0,0.0,0.0,0.0,0.0,0.0,324.0,0.16828377315349327,0.043753781019908254,0.24048531374969406,0.3115072898582457,1.9619412549987763,0.714217639182893,0.8867861466418993,0.6283889376977158,1.1984722773101517,1.1984722773101517,1.1984722773101517,0.0,0.0,0.0,0.0,0.0,0.9833638901680385,0.1058457326789978,0.10926265446311535,4.559994947509047,263.13602624410976,492.26822086042995,0.0,261.9375539667996,0.9833638901680385,16.38775922965036,0.0,0.0,-891.3308559950209,0.0,-4.3655745685100555e-11,0.0,0.0
contact_inhibition_hypothesis,stationary,596.2846387067599,596.2846387067599,19736.081024386855,90000.0,0.0,0.0,0.0,0.0,0.0,0.0,0.0,0.0,325.0,0.1687844939247343,0.04388396842043092,0.2424603262696684,0.3114360922301818,1.9698413050786736,0.7135027499882567,0.886576741853476,0.6278283100823782,1.202038277476183,1.202038277476183,1.202038277476183,0.0,0.0,0.0,0.0,0.0,0.9865793604256764,0.1058389881143204,0.10961992893618623,4.56017584690657,263.9189756131026,491.97185905426295,0.0,262.7169373356264,0.9865793604256764,16.441345041493896,0.0,0.0,-891.2772701831774,0.0,-4.3655745685100555e-11,0.0,0.0
contact_inhibition_hypothesis,stationary,598.0547944282629,598.0547944282629,19735.297543387398,90000.0,0.0,0.0,0.0,0.0,0.0,0.0,0.0,0.0,326.0,0.16928555469039455,0.044014244219502584,0.24443153886801225,0.31136499050384014,1.977726155472049,0.7127880916668905,0.8863676191289417,0.6272688520200244,1.2056066989920464,1.2056066989920464,1.2056066989920464,0.0,0.0,0.0,0.0,0.0,0.9897970138490728,0.10583223915974335,0.1099774459832303,4.560356883504694,264.70245661255944,491.67529601546096,0.0,263.4968499135674,0.9897970138490728,16.494967235794796,0.0,0.0,-891.2236479888766,0.0,-4.3655745685100555e-11,0.0,0.0
contact_inhibition_hypothesis,stationary,599.8261098716035,599.8261098716035,19734.513549088453,90000.0,0.0,0.0,0.0,0.0,0.0,0.0,0.0,0.0,327.0,0.16978694372723732,0.044144605369081706,0.24639890853142932,0.3112939859211645,1.9855956341257173,0.7120736816545962,0.886158782121072,0.6267105713312895,1.209177458367968,1.209177458367968,1.209177458367968,0.0,0.0,0.0,0.0,0.0,0.9930167751549653,0.1058254859735622,0.11033519723944056,4.560538053098205,265.4864509115037,491.3785386826609,0.0,264.27727345313576,0.9930167751549653,16.548624557957496,0.0,0.0,-891.1699906667138,0.0,-4.3655745685100555e-11,0.0,-2.220446049250313e-16
contact_inhibition_hypothesis,stationary,601.5985439042632,601.5985439042632,19733.729059695506,90000.0,0.0,0.0,0.0,0.0,0.0,0.0,0.0,0.0,328.0,0.17028864939228056,0.044275048841992945,0.24836239305159283,0.3112230796994438,1.9934495722063712,0.7113595372048025,0.8859502344101289,0.626153475618934,1.212750472685726,1.212750472685726,1.212750472685726,0.0,0.0,0.0,0.0,0.0,0.9962385695754764,0.10581872871297451,0.11069317439727512,4.560719351509568,266.27094030444846,491.08159394699913,0.0,265.0581898317627,0.9962385695754764,16.602315761975312,0.0,0.0,-891.116299462696,0.0,-4.3655745685100555e-11,0.0,0.0
contact_inhibition_hypothesis,stationary,603.3720556794525,603.3720556794525,19732.94409328758,90000.0,0.0,0.0,0.0,0.0,0.0,0.0,0.0,0.0,329.0,0.1707906601234208,0.04440557163208941,0.25032195102108373,0.3111522730314861,2.0012878040843347,0.7106456753883112,0.8857419795043711,0.6255975722700567,1.2163256596030947,1.2163256596030947,1.2163256596030947,0.0,0.0,0.0,0.0,0.0,0.9994623228621216,0.10581196753407068,0.11105136920690237,4.5609007745891645,267.0559067123721,490.7844686517429,0.0,265.839581052769,0.9994623228621216,16.656039610497256,0.0,0.0,-891.0625756141741,0.0,-4.729372449219227e-11,0.0,0.0
contact_inhibition_hypothesis,stationary,605.1466046382095,605.1466046382095,19732.158667816304,90000.0,0.0,0.0,0.0,0.0,0.0,0.0,0.0,0.0,330.0,0.17129296444002715,0.04453617075440706,0.2522775418291743,0.311081567085796,2.009110167316697,0.7099321130930949,0.8855340208405765,0.6250428684583258,1.2199029373580736,1.2199029373580736,1.2199029373580736,0.0,0.0,0.0,0.0,0.0,1.002687961289622,0.10580520259182706,0.11140977347662463,4.561082318215517,267.8413321836474,490.48716959193746,0.0,266.6214292462893,1.002687961289622,16.70979487489155,0.0,0.0,-891.0088203497797,0.0,-4.729372449219227e-11,0.0,0.0
contact_inhibition_hypothesis,stationary,606.9221505113946,606.9221505113946,19731.37280110503,90000.0,0.0,0.0,0.0,0.0,0.0,0.0,0.0,0.0,331.0,0.17179555094350588,0.044666843245311526,0.2542291256574658,0.3110109630067558,2.016916502629863,0.709218867024143,0.8853263617845759,0.624489371146232,1.2234822247729102,1.2234822247729102,1.2234822247729102,0.0,0.0,0.0,0.0,0.0,1.005915411659531,0.10579843404009773,0.1117683790732812,4.561263978295503,268.62719889492377,490.1897035140734,0.0,267.40371667015086,1.005915411659531,16.763580335306084,0.0,0.0,-890.9550348893652,0.0,-4.729372449219227e-11,0.0,2.220446049250313e-16
contact_inhibition_hypothesis,stationary,608.6986533215828,608.6986533215828,19730.58651084799,90000.0,0.0,0.0,0.0,0.0,0.0,0.0,0.0,0.0,332.0,0.17229840831783602,0.04479758616263737,0.25617666347538226,0.3109404619148103,2.024706653901529,0.7085059537033597,0.885119005631795,0.623937087087359,1.2270634412579122,1.2270634412579122,1.2270634412579122,0.0,0.0,0.0,0.0,0.0,1.0091446013036742,0.10579166203160756,0.11212717792263045,4.5614457507645545,269.4134891519653,489.89207711576864,0.0,268.18642571070734,1.0091446013036742,16.81739478072573,0.0,0.0,-890.9012204439456,0.0,-4.729372449219227e-11,0.0,0.0
contact_inhibition_hypothesis,stationary,610.4760733848536,610.4760733848536,19729.79981460951,90000.0,0.0,0.0,0.0,0.0,0.0,0.0,0.0,0.0,333.0,0.17280152533007617,0.044928396585819805,0.2581201170355263,0.31087006490665536,2.032480468142105,0.7077933894695079,0.88491195560781,0.6233860228286707,1.2306465068150587,1.2306465068150587,1.2306465068150587,0.0,0.0,0.0,0.0,0.0,1.012375458087401,0.10578488671794634,0.11248616200971119,4.561627631586858,270.2001853904429,489.59429704546847,0.0,268.9695388836279,1.012375458087401,16.871237009026537,0.0,0.0,-890.8473782156448,0.0,-4.729372449219227e-11,0.0,2.220446049250313e-16
contact_inhibition_hypothesis,stationary,612.2543713124827,612.2543713124827,19729.01272982327,90000.0,0.0,0.0,0.0,0.0,0.0,0.0,0.0,0.0,334.0,0.17330489083084313,0.04505927161601922,0.2600594488689032,0.31079977305542883,2.040237795475613,0.7070811904782016,0.8847052148689084,0.6228361847128103,1.2342313420414075,1.2342313420414075,1.2342313420414075,0.0,0.0,0.0,0.0,0.0,1.0156079104126623,0.10577810824956072,0.11284532337918467,4.561809616755527,270.987270176683,489.2963699021631,0.0,269.7530388346416,1.0156079104126623,16.925105827027018,0.0,0.0,-890.7935093976442,0.0,-4.729372449219227e-11,0.0,-2.220446049250313e-16
contact_inhibition_hypothesis,stationary,614.0335080125349,614.0335080125349,19728.22527379158,90000.0,0.0,0.0,0.0,0.0,0.0,0.0,0.0,0.0,335.0,0.17380849375476298,0.045190208376238376,0.2619946222800167,0.3107295874109055,2.0479784891200667,0.7063693727019441,0.8844987865026633,0.6222875788804194,1.2378178681323087,1.2378178681323087,1.2378178681323087,0.0,0.0,0.0,0.0,0.0,1.0188418872209029,0.10577132677574981,0.11320465413565585,4.561991702292785,271.77472620837256,488.99830223512,0.0,270.53690834024025,1.0188418872209029,16.979000050536346,0.0,0.0,-890.739615174135,0.0,-4.729372449219227e-11,0.0,0.0
contact_inhibition_hypothesis,stationary,615.8134446913598,615.8134446913598,19727.43746368473,90000.0,0.0,0.0,0.0,0.0,0.0,0.0,0.0,0.0,336.0,0.17431232312089442,0.04532120401143255,0.2639256013418415,0.31065950899969424,2.055702405367366,0.7056579519302111,0.8842926735285125,0.6217402112724634,1.2414060068844184,1.2414060068844184,1.2414060068844184,0.0,0.0,0.0,0.0,0.0,1.022077317995783,0.10576454244465952,0.11356414644397585,4.562173884250125,272.562536315221,488.70010054363297,0.0,271.3211303083366,1.022077317995783,17.03291850439972,0.0,0.0,-890.6856967202716,0.0,-4.729372449219227e-11,0.0,0.0
contact_inhibition_hypothesis,stationary,617.594142723588,617.594142723588,19726.649316598534,90000.0,0.0,0.0,0.0,0.0,0.0,0.0,0.0,0.0,337.0,0.1748163679959297,0.045452255678941726,0.26585235074868,0.3105895388305966,2.0634094029947203,0.7049469438220206,0.8840868789135194,0.6211940876728173,1.2449956804336264,1.2449956804336264,1.2449956804336264,0.0,0.0,0.0,0.0,0.0,1.0253141325268644,0.10575775540377709,0.11392379250298491,4.5623561586950085,273.35068340142,488.4017712988036,0.0,272.10568772098634,1.0253141325268644,17.086860018560195,0.0,0.0,-890.6317552061112,0.0,-4.729372449219227e-11,0.0,-2.220446049250313e-16
contact_inhibition_hypothesis,stationary,619.3759374909926,619.3759374909926,19725.8606840911,90000.0,0.0,0.0,0.0,0.0,0.0,0.0,0.0,0.0,338.0,0.17532072331312581,0.04558338806141271,0.26777523872432113,0.31051966324859137,2.0711009548972843,0.7042362148632982,0.883881362495857,0.6206490995202129,1.248587564869342,1.248587564869342,1.2466315681126254,0.0019559967567165555,0.0,0.0,0.0,0.0,1.0285529404447955,0.10575096437512468,0.1142836600494217,4.562538559982073,274.1393159088515,488.1032583124465,0.0,272.8907283439821,1.0285529404447955,17.140834752512518,0.0,0.0,-890.5777804721588,0.0,-4.729372449219227e-11,0.0,2.220446049250313e-16
contact_inhibition_hypothesis,stationary,621.1607572995614,621.1607572995614,19725.07071268323,90000.0,0.0,0.0,0.0,0.0,0.0,0.0,0.0,0.0,339.0,0.17582593489930637,0.04571474307381966,0.26969634200600867,0.31044980641755715,2.0787853680240347,0.7035249976486716,0.8836759012281094,0.6201046541216425,1.2521855474250396,1.2521855474250396,1.2465513636688568,0.005634183756182984,0.0,0.0,0.0,0.0,1.0317972468735814,0.10574416200994949,0.11464413854150901,4.5627212855632475,274.92928731672316,487.80423852581794,0.0,273.67710176929813,1.0317972468735814,17.194901119148234,0.0,0.0,-890.523714105523,0.0,-4.729372449219227e-11,0.0,-2.220446049250313e-16
contact_inhibition_hypothesis,stationary,622.9488601537058,622.9488601537058,19724.279288180696,90000.0,0.0,0.0,0.0,0.0,0.0,0.0,0.0,0.0,340.0,0.176332075785271,0.04584633970417046,0.2716159248021395,0.3103799582746002,2.086463699208558,0.7028131924519513,0.88347046551353,0.6195606725662661,1.2557901482066525,1.2557901482066525,1.2464710139796558,0.00931913422699663,0.0,0.0,0.0,0.0,1.035047520792612,0.1057373473259726,0.11500528008806796,4.5629043619317615,275.72071181925634,487.50466871414886,0.0,274.4649216710497,1.035047520792612,17.249066934008876,0.0,0.0,-890.4695482906624,0.0,-4.729372449219227e-11,0.0,0.0
contact_inhibition_hypothesis,stationary,624.7402163881367,624.7402163881367,19723.486423713526,90000.0,0.0,0.0,0.0,0.0,0.0,0.0,0.0,0.0,341.0,0.1768391375739548,0.045978175769228254,0.2735339408605195,0.31031012003663905,2.094135763442078,0.7021008143037923,0.8832650589312914,0.6190171639238761,1.2594013074125168,1.2594013074125168,1.2463905203907375,0.013010787021779446,0.0,0.0,0.0,0.0,1.038303708277671,0.10573052043732699,0.11536707869751896,4.563087786132633,276.51357628642506,487.2045538474134,0.0,275.25417497901253,1.038303708277671,17.303331298447386,0.0,0.0,-890.4152839262239,0.0,-4.729372449219227e-11,0.0,0.0
contact_inhibition_hypothesis,stationary,626.5347962845602,626.5347962845602,19722.692132435208,90000.0,0.0,0.0,0.0,0.0,0.0,0.0,0.0,0.0,342.0,0.17734711185328939,0.046110249081855244,0.2754503442676053,0.31024029291007577,2.101801377070421,0.701387878207981,0.8830596850296346,0.6184741371553144,1.2630189651341193,1.2630189651341193,1.2463098842500717,0.016709080884047448,0.0,0.0,0.0,0.0,1.041565755308204,0.105723681458337,0.11572952836757819,4.5632715552046434,277.3078675647434,486.90389890446613,0.0,276.0448485996093,1.041565755308204,17.357693312211218,0.0,0.0,-890.3609219124601,0.0,-4.729372449219227e-11,0.0,2.220446049250313e-16
contact_inhibition_hypothesis,stationary,628.3325700747172,628.3325700747172,19721.896427521344,90000.0,0.0,0.0,0.0,0.0,0.0,0.0,0.0,0.0,343.0,0.17785599019706308,0.0462425574512364,0.2773650894519009,0.310170478090737,2.1094603578076034,0.7006743991400034,0.8828543473256971,0.6179316011123668,1.2666430613622208,1.2666430613622208,1.2462291069077442,0.020413954454476455,0.0,0.0,0.0,0.0,1.0448336077728424,0.1057168305035069,0.11609262308587136,4.56345566618064,278.10357247861026,486.60270887253216,0.0,276.83692941724803,1.0448336077728424,17.41215207353442,0.0,0.0,-890.3064631511369,0.0,-4.729372449219227e-11,0.0,0.0
contact_inhibition_hypothesis,stationary,630.1335079434074,630.1335079434074,19721.099322168306,90000.0,0.0,0.0,0.0,0.0,0.0,0.0,0.0,0.0,344.0,0.17836576416577712,0.04637509868310205,0.2792781311872575,0.31010067676381864,2.1171125247490297,0.6999603920456313,0.882649049305349,0.6173895645376856,1.270273535992956,1.270273535992956,1.2461481897158198,0.02412534627713623,0.0,0.0,0.0,0.0,1.048107211474903,0.10570996768750825,0.11645635683054475,4.56364011608784,278.9006778316484,486.3009887467012,0.0,277.63040429565547,1.048107211474903,17.466706679229258,0.0,0.0,-890.251908545442,0.0,-4.729372449219227e-11,0.0,0.0
contact_inhibition_hypothesis,stationary,631.9375800314991,631.9375800314991,19720.300829591917,90000.0,0.0,0.0,0.0,0.0,0.0,0.0,0.0,0.0,345.0,0.17887642530749748,0.046507870579949345,0.28118942459607627,0.310030890103833,2.124757698384305,0.699245871839523,0.8824437944230383,0.6168480360647355,1.2739103288338984,1.2739103288338984,1.2460671340282061,0.027843194805692282,0.0,0.0,0.0,0.0,1.0513865121378563,0.10570309312516912,0.11682072357087289,4.5638249019481325,279.6991704080361,485.9987435294227,0.0,278.4252600792022,1.0513865121378563,17.521356224777374,0.0,0.0,-890.197258999894,0.0,-4.729372449219227e-11,0.0,0.0
contact_inhibition_hypothesis,stationary,633.7447564389238,633.7447564389238,19719.50096302612,90000.0,0.0,0.0,0.0,0.0,0.0,0.0,0.0,0.0,346.0,0.1793879651587025,0.04664087094126265,0.28309892515241686,0.3099611192745593,2.1323957006096674,0.6985308534038412,0.8822385861016452,0.6163070242177642,1.2775533796100975,1.2775533796100975,1.2459859412005203,0.03156743840957721,0.0,0.0,0.0,0.0,1.0546714554107717,0.10569620693146245,0.11718571726786349,4.564010020778373,280.49903697383274,485.69597823000487,0.0,279.22148359422266,1.0546714554107717,17.576099804420508,0.0,0.0,-890.1425154202508,0.0,-4.729372449219227e-11,0.0,0.0
contact_inhibition_hypothesis,stationary,635.5550072276533,635.5550072276533,19718.699735721653,90000.0,0.0,0.0,0.0,0.0,0.0,0.0,0.0,0.0,347.0,0.1799003752451257,0.046774097563732686,0.28500658868500756,0.30989136542899687,2.14002635474003,0.6978153515868869,0.8820334277323438,0.6157665374118,1.2812026279700817,1.2812026279700817,1.2459046125899518,0.0352980153801297,0.0,0.0,0.0,0.0,1.0579619868737282,0.10568930922149479,0.11755133187485867,4.564195469590695,281.30026427829677,485.3926978641151,0.0,280.0190616503267,1.0579619868737282,17.63093651125068,0.0,0.0,-890.0876787134206,0.0,-5.093170329928398e-11,0.0,0.0
contact_inhibition_hypothesis,stationary,637.3683024246621,637.3683024246621,19717.897160944754,90000.0,0.0,0.0,0.0,0.0,0.0,0.0,0.0,0.0,348.0,0.18041364708259425,0.04690754824147451,0.2869123713801617,0.30982162970932087,2.1476494855206467,0.6970993812017502,0.8818283226744732,0.6152265839526683,1.284858013491828,1.284858013491828,1.2458231495551286,0.03903486393669921,0.0,0.0,0.0,0.0,1.0612580520431998,0.10568240011049458,0.11791756133813329,4.564381245392791,282.10283905519634,485.08890745328415,0.0,280.8179810417045,1.0612580520431998,17.685865437299924,0.0,0.0,-890.0327497873714,0.0,-5.093170329928398e-11,0.0,2.220446049250313e-16
contact_inhibition_hypothesis,stationary,639.1846120248716,639.1846120248716,19717.093251975835,90000.0,0.0,0.0,0.0,0.0,0.0,0.0,0.0,0.0,349.0,0.18092777217786232,0.04704122076624421,0.28881622978459776,0.30975191324684154,2.155264919138391,0.6963829570249779,0.8816232742554163,0.614687172037038,1.2885194756886982,1.2885194756886982,1.2457415534559853,0.04277792223271296,0.0,0.0,0.0,0.0,1.0645595963774075,0.10567547971380098,0.11828439959748968,4.564567345188225,282.9067480241129,484.7846120244131,0.0,281.6182285484242,1.0645595963774075,17.740885673629496,0.0,0.0,-889.9777295510418,0.0,-5.093170329928398e-11,0.0,2.220446049250313e-16
contact_inhibition_hypothesis,stationary,641.0039059940768,641.0039059940768,19716.288022108212,90000.0,0.0,0.0,0.0,0.0,0.0,0.0,0.0,0.0,350.0,0.18144274202943958,0.04717511292765429,0.29071812080816334,0.309682217161966,2.162872483232653,0.6956660937952579,0.8814182857704882,0.6141483097524854,1.2921869540153395,1.2921869540153395,1.24565982565363,0.0465271283617096,0.0,0.0,0.0,0.0,1.0678665652816377,0.10566854814685309,0.1186518405868486,4.564753765976712,283.71197789173635,484.4798166092823,0.0,282.419790937721,1.0678665652816377,17.79599631041849,0.0,0.0,-889.9226189142528,0.0,-5.093170329928398e-11,0.0,0.0
contact_inhibition_hypothesis,stationary,642.8261542718557,642.8261542718557,19715.481484646796,90000.0,0.0,0.0,0.0,0.0,0.0,0.0,0.0,0.0,351.0,0.1819585481284147,0.04730922251338782,0.2926180017264661,0.3096125425641623,2.1704720069058645,0.6949488062121213,0.8812133604828304,0.6136100050775858,1.2958603878735484,1.2958603878735484,1.2455779675102128,0.050282420363335634,0.0,0.0,0.0,0.0,1.0711789041135336,0.10566160552517773,0.11901987823483703,4.564940504754421,284.51851535315274,484.1745262440646,0.0,283.22265496527916,1.0711789041135336,17.851196437052035,0.0,0.0,-889.8674187876193,0.0,-5.093170329928398e-11,0.0,0.0
contact_inhibition_hypothesis,stationary,644.6513267744587,644.6513267744587,19714.673652906826,90000.0,0.0,0.0,0.0,0.0,0.0,0.0,0.0,0.0,352.0,0.18247518195927326,0.04744354730941105,0.2945158301834076,0.3095428905519274,2.1780633207336306,0.6942311089346609,0.881008501623316,0.6130722658820243,1.2995397166180955,1.2995397166180955,1.2454959803887944,0.05404373622930133,0.0,0.0,0.0,0.0,1.0744965581883448,0.10565465196437923,0.11938850646537162,4.565127558514263,285.3263470931233,483.86874596884104,0.0,284.0268073765052,1.0744965581883448,17.906485142208766,0.0,0.0,-889.8121300824625,0.0,-5.093170329928398e-11,0.0,-2.220446049250313e-16
contact_inhibition_hypothesis,stationary,646.4793933976806,646.4793933976806,19713.86454021259,90000.0,0.0,0.0,0.0,0.0,0.0,0.0,0.0,0.0,353.0,0.18299263500071067,0.047578085100184776,0.2964115641936248,0.3094732622127568,2.185646256774499,0.6935130165802679,0.8808037123904612,0.6125350999267324,1.3032248795625163,1.3032248795625163,1.2454138656532177,0.05781101390929858,0.0,0.0,0.0,0.0,1.0778194727841488,0.10564768758012884,0.11975771919823872,4.565314924246175,286.1354597873554,483.56248082711954,0.0,284.8322349077929,1.0778194727841488,17.961861513947838,0.0,0.0,-889.7567537107235,0.0,-5.4569682106375694e-11,0.0,0.0
contact_inhibition_hypothesis,stationary,648.3103240197122,648.3103240197122,19713.054159896183,90000.0,0.0,0.0,0.0,0.0,0.0,0.0,0.0,0.0,354.0,0.18351089872643928,0.047712833668874216,0.29830516214483627,0.3094036586231173,2.193220648579345,0.6927945437233858,0.8805989959503451,0.6119985148640423,1.3069158159848573,1.3069158159848573,1.2453316246679793,0.061584191316878006,0.0,0.0,0.0,0.0,1.0811475931470347,0.10564071248815234,0.12012751034967048,4.565502598937413,286.94584010376474,483.2557358653575,0.0,285.6389242877799,1.0811475931470347,18.017324639795333,0.0,0.0,-889.701290584876,0.0,-5.093170329928398e-11,0.0,-2.220446049250313e-16
contact_inhibition_hypothesis,stationary,650.1440885039715,650.1440885039715,19712.242525296217,90000.0,0.0,0.0,0.0,0.0,0.0,0.0,0.0,0.0,355.0,0.1840299646059899,0.047847790797557375,0.3001965828000949,0.3093340808484229,2.20078633120038,0.6920757048942824,0.880394355436538,0.6114625182378665,1.310612465133386,1.310612465133386,1.2452492587980988,0.06536320633528722,0.0,0.0,0.0,0.0,1.0844808644962487,0.10563372680422062,0.12049787383291649,4.565690579572837,287.7574747037287,482.9485161324871,0.0,286.4468622385953,1.0844808644962487,18.072873606829983,0.0,0.0,-889.6457416178413,0.0,-5.4569682106375694e-11,0.0,0.0
contact_inhibition_hypothesis,stationary,651.9806567019158,651.9806567019158,19711.429649756617,90000.0,0.0,0.0,0.0,0.0,0.0,0.0,0.0,0.0,356.0,0.18454982410550777,0.04798295426743202,0.3020857852999491,0.30926452994301235,2.2083431411997965,0.6913565145778386,0.8801897939500364,0.6109271174838956,1.3143147662322578,1.3143147662322578,1.2451667694089947,0.06914799682326317,0.0,0.0,0.0,0.0,1.087819232029308,0.10562673064413788,0.12086880355881197,4.565878863135189,288.57035024333055,482.6408266794445,0.0,287.2560354770983,1.087819232029308,18.128507501768418,0.0,0.0,-889.5901077229029,0.0,-5.093170329928398e-11,0.0,0.0
contact_inhibition_hypothesis,stationary,653.8199984558313,653.8199984558313,19710.61554662535,90000.0,0.0,0.0,0.0,0.0,0.0,0.0,0.0,0.0,357.0,0.1850704686885421,0.04811832185902095,0.3039727291645081,0.3091950069501304,2.2158909166580325,0.6906369872123572,0.8799853145592071,0.6103923199298199,1.318022658487141,1.318022658487141,1.2450841578663572,0.0729385006207838,0.0,0.0,0.0,0.0,1.0911626409270687,0.10561972412373143,0.12124029343634095,4.566067446605384,289.38445337459456,482.33267255870226,0.0,288.0664307161074,1.0911626409270687,18.1842254110496,0.0,0.0,-889.5343898136217,0.0,-5.4569682106375694e-11,0.0,0.0
contact_inhibition_hypothesis,stationary,655.6620836016035,655.6620836016035,19709.800229253233,90000.0,0.0,0.0,0.0,0.0,0.0,0.0,0.0,0.0,358.0,0.18559188981683036,0.0482538913523759,0.30585737429541876,0.30912551290191115,2.223429497181675,0.6899171371883868,0.8797809202997388,0.609858132795571,1.3217360810908003,1.3217360810908003,1.2450014255360236,0.07673465555477692,0.0,0.0,0.0,0.0,1.094511036358763,0.10561270735884161,0.12161233737319585,4.566256326962779,290.19977074671186,482.0240588238053,0.0,288.87803466562104,1.094511036358763,18.240026420918785,0.0,0.0,-889.4785888037525,0.0,-5.4569682106375694e-11,0.0,0.0
contact_inhibition_hypothesis,stationary,657.5068819714643,657.5068819714643,19708.98371099269,90000.0,0.0,0.0,0.0,0.0,0.0,0.0,0.0,0.0,359.0,0.1861140789510758,0.04838966052727971,0.3077396809777478,0.30905604881936355,2.230958723910991,0.6891969788475663,0.8795766141745988,0.6093245631935775,1.3254549732286354,1.3254549732286354,1.2449185737838517,0.08053639944478365,0.0,0.0,0.0,0.0,1.097864363486993,0.10560568046530996,0.1219849292763325,4.566445501185457,291.01628900725655,481.71499052891073,0.0,289.6908340340279,1.097864363486993,18.295909617510734,0.0,0.0,-889.4227056071605,0.0,-5.4569682106375694e-11,0.0,0.0
contact_inhibition_hypothesis,stationary,659.3543633967171,659.3543633967171,19708.166005196555,90000.0,0.0,0.0,0.0,0.0,0.0,0.0,0.0,0.0,360.0,0.18663702755171882,0.0485256271634469,0.30961960988177417,0.3089866157123605,2.2384784395270967,0.6884765264814868,0.8793723991540016,0.6087916181290524,1.329179274084174,1.329179274084174,1.244835603975602,0.08434367010857198,0.0,0.0,0.0,0.0,1.1012225674726837,0.10559864355896997,0.12235806305252037,4.566634966250499,291.8339948033918,481.405472728331,0.0,290.5048155293076,1.1012225674726837,18.351874086932273,0.0,0.0,-889.366741137739,0.0,-5.093170329928398e-11,0.0,0.0
contact_inhibition_hypothesis,stationary,661.2044977104409,661.2044977104409,19707.34712521688,90000.0,0.0,0.0,0.0,0.0,0.0,0.0,0.0,0.0,361.0,0.18716072707970252,0.04866178904072266,0.3114971220646913,0.30891721457962945,2.2459884882587655,0.6877557943305712,0.8791682781753808,0.6082593045002865,1.3329089228445237,1.3329089228445237,1.24475251747681,0.08815640536771358,0.0,0.0,0.0,0.0,1.1045855934799989,0.10559159675563587,0.12273173260888874,4.566824719134263,292.65287478306675,481.0955104760812,0.0,291.3199658602222,1.1045855934799989,18.40791891534418,0.0,0.0,-889.3106963093271,0.0,-5.4569682106375694e-11,0.0,2.220446049250313e-16
contact_inhibition_hypothesis,stationary,663.0572547501702,663.0572547501702,19706.527084403744,90000.0,0.0,0.0,0.0,0.0,0.0,0.0,0.0,0.0,362.0,0.18768516899723106,0.04879814393928008,0.3133721789722181,0.30884784640874596,2.2534887158888726,0.6870347965829732,0.8789642541433705,0.6077276290989712,1.336643858705773,1.336643858705773,1.2446693156526696,0.09197454305310332,0.0,0.0,0.0,0.0,1.1079533866812117,0.10558454017109328,0.12310593185346794,4.567014756812647,293.47291559620226,480.7851088254302,0.0,292.1362717374965,1.1079533866812117,18.464043189042393,0.0,0.0,-889.2545720356289,0.0,-5.4569682106375694e-11,0.0,0.0
contact_inhibition_hypothesis,stationary,664.912604360552,664.912604360552,19705.70589610408,90000.0,0.0,0.0,0.0,0.0,0.0,0.0,0.0,0.0,363.0,0.188210344768522,0.04893468963981572,0.31524474244012174,0.3087785121761298,2.2609789697604867,0.6863135473734939,0.8787603299297936,0.6071965986105343,1.3403840208783495,1.3403840208783495,1.2445859998679107,0.09579802101043877,0.0,0.0,0.0,0.0,1.1113258922615352,0.10557747392108813,0.12348065469572611,4.567205076261362,294.2941038958676,480.47427282845484,0.0,292.95371987498925,1.1113258922615352,18.520245994538485,0.0,0.0,-889.1983692301328,0.0,-5.4569682106375694e-11,0.0,0.0
contact_inhibition_hypothesis,stationary,666.7705163959799,666.7705163959799,19704.8835736605,90000.0,0.0,0.0,0.0,0.0,0.0,0.0,0.0,0.0,364.0,0.18873624586055163,0.049071423923743425,0.31711477469565114,0.3087092128470429,2.2684590987826043,0.6855920607825174,0.8785565083736556,0.6066662196144946,1.344129348592328,1.344129348592328,1.2445025714866806,0.09962677710564738,0.0,0.0,0.0,0.0,1.1147030554239097,0.1055703981213171,0.12385589504710105,4.5673956744562005,295.1164263394456,480.16300753559943,0.0,293.77229699085325,1.1147030554239097,18.576526418639453,0.0,0.0,-889.1420888060318,0.0,-5.4569682106375694e-11,0.0,0.0
contact_inhibition_hypothesis,stationary,668.6309607232043,668.6309607232043,19704.060130410155,90000.0,0.0,0.0,0.0,0.0,0.0,0.0,0.0,0.0,365.0,0.18926286374379403,0.04920834457338645,0.3189822383588831,0.3086399493755905,2.2759289534355327,0.6848703508349645,0.8783527922811487,0.6061364985848368,1.347879781102693,1.347879781102693,1.244419031872428,0.10346074923026503,0.0,0.0,0.0,0.0,1.118084821393748,0.10556331288741774,0.12423164682152751,4.5675865483732965,295.93986958978854,479.85131799523793,0.0,294.59198980868587,1.118084821393748,18.63288354852681,0.0,0.0,-889.0857316761445,0.0,-5.820766091346741e-11,0.0,-2.220446049250313e-16
