scenario,mode,extent_mol,reactor_h2_mol,water_kg,salt_mol,export_h2_mol,export_water_kg,export_salt_mol,outlet_separator_gas_mol,flow_pump_kwh,feed_water_kg,feed_salt_mol,circulated_water_kg,time_days,altered_fraction_proxy,expansion_loading,crack_opening_fraction,porosity,area_factor,passivation_factor,pore_access_factor,permeability_ratio,generated_h2_kg,retained_h2_kg,dissolved_h2_kg,free_h2_kg,exported_h2_kg,outlet_collected_h2_kg,outlet_uncollected_gas_h2_kg,outlet_residual_dissolved_h2_kg,endpoint_collected_h2_kg,endpoint_residual_h2_kg,endpoint_uncollected_gas_h2_kg,salt_molality,water_consumed_kg,remaining_reactive_fe_kg,flow_head_bar,solid_mass_gain_kg,total_deliverable_h2_kg,gross_electricity_kwh,outlet_delivered_electricity_kwh,new_feed_heater_kwh,standalone_engineering_balance_kwh,h2_balance_error_kg,water_balance_error_kg,salt_balance_error_kg,hydrogen_recovery_balance_error_kg
contact_inhibition_hypothesis,once_through,0.0,0.0,20000.0,90000.0,0.0,0.0,0.0,0.0,0.0,0.0,0.0,0.0,0.0,0.0,0.0,0.0,0.35,1.0,1.0,1.0,1.0,0.0,0.0,0.0,0.0,0.0,0.0,0.0,0.0,0.0,0.0,0.0,4.5,0.0,591.8704059999999,5.0,0.0,0.0,0.0,0.0,0.0,-907.7186152246713,0.0,0.0,0.0,0.0
contact_inhibition_hypothesis,once_through,5.331715660711815,4.53245732647338,19997.64015229625,89998.40809670064,0.7992583342384284,6666.666666666669,30001.591903299344,0.0,35.41483300546876,6666.666666666669,29999.99999999999,0.0,1.0,0.0015091969021633327,0.0003923911945624665,0.0,0.3496076088054375,1.0,0.9969861569664281,0.9988459082512868,0.9954382036411114,0.010748098966115734,0.009136890075291157,0.009136890075291157,0.0,0.001611208890824563,0.0,0.0,0.001611208890824563,0.0,0.009136890075291157,0.0,4.50045142383295,2.3598477037531076,590.9771570167826,5.0229135085543355,2.349099604786992,0.0,0.0,0.0,243.73541403508773,-1186.8688622652278,1.3652265984376299e-17,2.7284841053187847e-12,-2.1261366782709957e-13,1.3877787807814457e-17
contact_inhibition_hypothesis,once_through,10.601591598454519,7.727533791258166,19995.307675205924,89994.27566543908,2.8740578071963516,13333.333333333338,60005.72433456094,0.0,70.83621276197125,13333.333333333338,59999.99999999998,0.0,2.0,0.0030008894353252694,0.00078023125318457,0.0,0.34921976874681543,1.0,0.9940161958261257,0.997705202196516,0.9909467956682679,0.021371536471492494,0.01557778081912151,0.01557778081912151,0.0,0.005793755652370981,0.0,0.0,0.005793755652370981,0.0,0.01557778081912151,0.0,4.5007697369434085,4.69232479407971,590.094268351553,5.04567956812266,4.670953257608217,0.0,0.0,0.0,487.47082807017546,-1466.0256560568182,2.6856916690576327e-18,5.4569682106375694e-12,2.976591349579394e-12,3.469446951953614e-18
contact_inhibition_hypothesis,once_through,15.820029150663737,9.972937256941314,19992.997965037863,89988.35419728712,5.847091893722424,20000.000000000004,90011.64580271291,0.0,106.26409619312525,20000.000000000004,89999.99999999997,0.0,3.0,0.004478021804922697,0.0011642856692799012,0.0,0.3488357143307201,1.0,0.9910839422878724,0.996575630384471,0.9865162908173483,0.031891280364240014,0.020104244757522854,0.020104244757522854,0.0,0.011787035606717159,0.0,0.0,0.011787035606717159,0.0,0.020104244757522854,0.0,4.500993515562372,7.002034962141415,589.2199974162435,5.068340022907682,6.9701436817771745,0.0,0.0,0.0,731.2062421052631,-1745.1889535230598,-1.7904611127050883e-18,3.637978807091713e-12,3.401818685233593e-12,0.0
contact_inhibition_hypothesis,once_through,20.994330567944644,11.543940222463348,19990.70778977438,89981.17741545314,9.450390345481301,26666.66666666667,120018.82258454688,0.0,141.69845234514085,26666.66666666667,119999.99999999996,0.0,4.0,0.005942660988021432,0.0015450918568855722,0.0,0.3484549081431144,1.0,0.9881850294708276,0.9954556121856307,0.9821399647861158,0.04232205110530825,0.023271198215659414,0.023271198215659414,0.0,0.019050852889648844,0.0,0.0,0.019050852889648844,0.0,0.023271198215659414,0.0,4.501150152446338,9.29221022562623,588.3531208282993,5.090924083400749,9.24988817452092,0.0,0.0,0.0,974.9416561403509,-2024.358723710163,-1.074276667623053e-17,7.275957614183426e-12,4.252273356541992e-12,-1.3877787807814457e-17
contact_inhibition_hypothesis,once_through,26.12967164471919,12.636039226495134,19988.434858579396,89973.12438663897,13.493632418224056,33333.33333333334,150026.87561336107,0.0,177.13925877876528,33333.33333333334,149999.99999999997,0.0,5.0,0.007396272046414886,0.0019230307320678706,0.0,0.34807696926793213,1.0,0.9853163280942241,0.994344027258624,0.9778129827543911,0.052674282475156514,0.02547273875590701,0.02547273875590701,0.0,0.02720154371924951,0.0,0.0,0.02720154371924951,0.0,0.02547273875590701,0.0,4.501259104237513,11.565141420610006,587.4927714610019,5.113452253329213,11.51246713813485,0.0,0.0,0.0,1218.6770701754388,-2303.5349441788753,-3.580922225410177e-18,7.275957614183426e-12,5.102728027850389e-12,0.0
contact_inhibition_hypothesis,once_through,31.229755987358047,13.388100322362451,19986.17753221565,89964.46431735266,17.841655664995592,40000.000000000015,180035.5356826474,0.0,212.5864990589688,40000.000000000015,179999.99999999997,0.0,6.0,0.008839903323941543,0.0022983748642248013,0.0,0.3477016251357752,1.0,0.9824755641443763,0.9932400739287506,0.9735318150596457,0.06295544049979533,0.026988803677844016,0.026988803677844016,0.0,0.03596663682195131,0.0,0.0,0.03596663682195131,0.0,0.026988803677844016,0.0,4.501334193211245,13.822467784356247,586.6383288306579,5.135938982840189,13.759512343856452,0.0,0.0,0.0,1462.4124842105264,-2582.7175984941664,7.161844450820353e-18,7.275957614183426e-12,5.102728027850389e-12,1.3877787807814457e-17
contact_inhibition_hypothesis,once_through,36.29726129130523,13.898775959988532,19983.93462551989,89955.38836297147,22.398485331316706,46666.666666666686,210044.61163702857,0.0,248.0401609971487,46666.666666666686,209999.99999999997,0.0,7.0,0.010274312769810664,0.0026713213201507726,0.0,0.3473286786798492,1.0,0.979661058768694,0.9921431725877917,0.969293839972772,0.07317092309191639,0.02801826448222168,0.02801826448222168,0.0,0.04515265860969472,0.0,0.0,0.04515265860969472,0.0,0.02801826448222168,0.0,4.501385240126667,16.065374480112023,585.7893443295611,5.158394486588765,15.992203557020106,0.0,0.0,0.0,1706.1478982456144,-2861.9066744674346,-1.4323688901640707e-17,0.0,5.102728027850389e-12,0.0
contact_inhibition_hypothesis,once_through,41.33414684059391,14.238156075179178,19981.70527130186,89946.03222105987,27.095990765414733,53333.33333333336,240053.96777894016,0.0,283.50023541465924,53333.33333333336,239999.99999999997,0.0,8.0,0.011700054979499856,0.0030420142946699625,0.0,0.34695798570533004,1.0,0.976871549534519,0.9910528991333237,0.9650970709406096,0.08332467993301644,0.0287024140688322,0.0287024140688322,0.0,0.05462226586418425,0.0,0.0,0.05462226586418425,0.0,0.0287024140688322,0.0,4.501419223225268,18.294728698144198,584.945489709061,5.180826002431926,18.21140401821118,0.0,0.0,0.0,1949.8833122807025,-3141.102162920033,0.0,0.0,1.7009093426167966e-12,-1.3877787807814457e-17
contact_inhibition_hypothesis,once_through,46.341866941421515,14.456040203432003,19979.488825877346,89936.49218204948,31.885826737989515,60000.00000000003,270063.5078179505,0.0,318.96671527023943,60000.00000000003,269999.99999999994,0.0,9.0,0.013117541609321576,0.0034105608184236097,0.0,0.34658943918157636,1.0,0.974106066700623,0.9899689387693423,0.9609399679225559,0.0934196427298728,0.029141642325294505,0.029141642325294505,0.0,0.0642780004045783,0.0,0.0,0.0642780004045783,0.0,0.029141642325294505,0.0,4.501441101213968,20.511174122654815,584.1065213219689,5.203238669330653,20.41775447992494,0.0,0.0,0.0,2193.6187263157904,-3420.304056810701,-7.161844450820353e-18,0.0,3.401818685233593e-12,-1.3877787807814457e-17
contact_inhibition_hypothesis,once_through,51.32151985045873,14.587812213657969,19977.284803151702,89926.83653347252,36.733707636800766,66666.6666666667,300073.1634665274,0.0,354.43959504282486,66666.6666666667,299999.99999999994,0.0,10.0,0.014527083532111257,0.003777041718348927,0.0,0.34622295828165106,1.0,0.9713638471136639,0.988891053769562,0.9568213061979459,0.10345802543614273,0.029407278885268825,0.029407278885268825,0.0,0.07405074655087392,0.0,0.0,0.07405074655087392,0.0,0.029407278885268825,0.0,4.501454397811122,22.715196848298458,583.2722551718533,5.225636142936816,22.611738822862314,0.0,0.0,0.0,2437.354140350878,-3699.5123506183736,-1.4323688901640707e-17,0.0,0.0,-1.3877787807814457e-17
contact_inhibition_hypothesis,once_through,56.27395209103169,14.658613281215933,19975.092828448884,89917.11366360982,41.61533880981576,73333.33333333337,330082.88633639016,0.0,389.9188702942802,73333.33333333337,329999.99999999994,0.0,11.0,0.015928920364994555,0.0041415192948985845,0.0,0.3458584807051014,1.0,0.9686442740547702,0.987819060897357,0.9527400847798385,0.11344153454126896,0.029550005341337574,0.029550005341337574,0.0,0.08389152919993138,0.0,0.0,0.08389152919993138,0.0,0.029550005341337574,0.0,4.501461617016782,24.907171551118353,582.442549436429,5.2480210288994105,24.793730016577083,0.0,0.0,0.0,2681.089554385966,-3978.7270399049175,-1.4323688901640707e-17,0.0,3.401818685233593e-12,0.0
contact_inhibition_hypothesis,once_through,61.19983172400113,14.68630647157332,19972.912606081347,89907.35782019258,46.51352525242781,80000.00000000004,360092.64217980736,0.0,425.40453735923677,80000.00000000004,359999.99999999994,0.0,12.0,0.017323241209462548,0.004504042714460262,0.0,0.3454959572855397,1.0,0.9659468350938195,0.9867528155457052,0.9486954622907002,0.12337151677577939,0.02960583148991522,0.02960583148991522,0.0,0.09376568528586417,0.0,0.0,0.09376568528586417,0.0,0.02960583148991522,0.0,4.501464538167439,27.087393918654588,581.6172921921194,5.270395188701656,26.964022401878807,0.0,0.0,0.0,2924.8249684210537,-4257.948121004962,0.0,0.0,0.0,0.0
contact_inhibition_hypothesis,once_through,66.09969991757653,14.68358306420584,19970.743896524964,89897.59320290864,51.4161168533707,86666.66666666672,390102.4067970913,0.0,460.8965931248985,86666.66666666672,389999.99999999994,0.0,13.0,0.018710199248737545,0.004864651804671762,0.0,0.3451353481953282,1.0,0.9632710924953691,0.9856922005744948,0.9446867119636623,0.13324906306984416,0.029600341427471265,0.029600341427471265,0.0,0.10364872164237292,0.0,0.0,0.10364872164237292,0.0,0.029600341427471265,0.0,4.501464425596654,29.256103475037435,580.7963927743087,5.292759955950695,29.12285441196759,0.0,0.0,0.0,3168.5603824561413,-4537.175590805711,-2.864737780328141e-17,0.0,0.0,-2.7755575615628914e-17
contact_inhibition_hypothesis,once_through,70.97400729880428,14.659459193736726,19968.58650032964,89887.83687189886,56.314548105067566,93333.33333333339,420112.1631281011,0.0,496.3950348746207,93333.33333333339,419999.99999999994,0.0,14.0,0.020089922037435298,0.005223379729733178,0.0,0.3447766202702668,1.0,0.9606166624013965,0.9846371184419612,0.9407131900063417,0.14307508183351356,0.02955171059946999,0.02955171059946999,0.0,0.1135233712340436,0.0,0.0,0.1135233712340436,0.0,0.02955171059946999,0.0,4.501462177626594,31.41349967036295,579.9797756871948,5.315116289552923,31.270424588529437,0.0,0.0,0.0,3412.2957964912293,-4816.409446590521,-1.4323688901640707e-17,0.0,0.0,-2.7755575615628914e-17
contact_inhibition_hypothesis,once_through,75.82313960805844,14.620339338068021,19966.440246764483,89878.10081483696,61.20280026999043,100000.00000000006,450121.89918516297,0.0,531.8998601767356,100000.00000000006,449999.99999999994,0.0,15.0,0.02146251876333224,0.005580254878466383,0.0,0.3444197451215336,1.0,0.957983200165564,0.9835874856515695,0.9367743133224941,0.15285035067309283,0.02947284966482456,0.02947284966482456,0.0,0.1233775010082683,0.0,0.0,0.1233775010082683,0.0,0.02947284966482456,0.0,4.501458432451498,33.559753235516624,579.1673763057639,5.337464882300524,33.40690288484353,0.0,0.0,0.0,3656.031210526317,-5095.649685927724,-2.864737780328141e-17,0.0,-3.401818685233593e-12,-2.7755575615628914e-17
contact_inhibition_hypothesis,once_through,80.6474358219746,14.570772043635206,19964.304985796512,89868.39341603096,66.0766637783394,106666.66666666673,480131.606583969,0.0,567.4110668055056,106666.66666666673,479999.99999999994,0.0,16.0,0.022828085377248133,0.005935302198084515,0.0,0.34406469780191545,1.0,0.9553703900063075,0.9825432288291631,0.9328695437981754,0.16257555292480214,0.029372927947323334,0.029372927947323334,0.0,0.1332026249774788,0.0,0.0,0.1332026249774788,0.0,0.029372927947323334,0.0,4.501453643388403,35.6950142034871,578.3591378395654,5.359806237903872,35.5324386505623,0.0,0.0,0.0,3899.7666245614055,-5374.896306591582,0.0,0.0,3.401818685233593e-12,0.0
contact_inhibition_hypothesis,once_through,85.44720096711536,14.513986966062918,19962.18058241923,89858.72050053951,70.93321400105245,113333.3333333334,510141.2794994605,0.0,602.9286526848995,113333.3333333334,509999.99999999994,0.0,17.0,0.02418670822008572,0.006288544137222287,0.0,0.3437114558627777,1.0,0.9527779376958667,0.9815042819493461,0.9289983771987391,0.1722513034855885,0.029258456045146913,0.029258456045146913,0.0,0.1429928474404416,0.0,0.0,0.1429928474404416,0.0,0.029258456045146913,0.0,4.501448132358768,37.819417580767436,577.5550091859742,5.382140725667122,37.64716627728185,0.0,0.0,0.0,4143.502038596494,-5654.149306506064,0.0,0.0,3.401818685233593e-12,0.0
contact_inhibition_hypothesis,once_through,90.22271518762174,14.452276514806453,19960.06691263925,89849.08607624294,75.7704386728153,120000.00000000007,540150.913923757,0.0,638.4526158485874,120000.00000000007,539999.9999999999,0.0,18.0,0.025538466589522656,0.006640001313275891,0.0,0.34335999868672407,1.0,0.9502055653854656,0.980470584372718,0.9251603353075699,0.1818781670924229,0.02913405518066803,0.02913405518066803,0.0,0.1527441119117549,0.0,0.0,0.1527441119117549,0.0,0.02913405518066803,0.0,4.501442127899285,39.93308736074924,576.7549434110417,5.404468619309915,39.75120919365682,0.0,0.0,0.0,4387.237452631581,-5933.408683704839,-2.864737780328141e-17,-1.4551915228366852e-11,6.803637370467186e-12,-2.7755575615628914e-17
contact_inhibition_hypothesis,once_through,94.97424016808624,14.387267070597863,19957.963860633474,89839.49286124152,80.58697309748838,126666.66666666674,570160.5071387584,0.0,673.9829544114641,126666.66666666674,569999.9999999999,0.0,19.0,0.0268834345580717,0.006989692985098643,0.0,0.3430103070149013,1.0,0.9476530079346538,0.9794420794555921,0.921354960345754,0.19145667127004168,0.02900300394227682,0.02900300394227682,0.0,0.16245366732776487,0.0,0.0,0.16245366732776487,0.0,0.02900300394227682,0.0,4.501435792177548,42.036139366522875,575.9588966734395,5.426790124539695,41.844682695252835,0.0,0.0,0.0,4630.972866666669,-6212.674436302804,0.0,0.0,6.803637370467186e-12,0.0
contact_inhibition_hypothesis,once_through,99.7020236882134,14.320111729398525,19955.871316733203,89829.94265867688,85.38191195881488,133333.33333333343,600170.0573413231,0.0,709.5196665493706,133333.33333333343,599999.9999999999,0.0,20.0,0.02822168226232422,0.007337637388204297,0.0,0.34266236261179567,1.0,0.9451200103004505,0.9784187135641049,0.9175818109977258,0.2009873155125956,0.028867626833059896,0.028867626833059896,0.0,0.17211968867953573,0.0,0.0,0.17211968867953573,0.0,0.028867626833059896,0.0,4.501429240193263,44.12868326679612,575.1668274613951,5.449105398638283,43.927695951283525,0.0,0.0,0.0,4874.708280701758,-6491.9465624757995,0.0,0.0,6.803637370467186e-12,-2.7755575615628914e-17
contact_inhibition_hypothesis,once_through,104.40630285729335,14.251627279253446,19953.78917599251,89820.43662311001,90.15467557803991,140000.0000000001,630179.56337689,0.0,745.0627504846431,140000.0000000001,629999.9999999999,0.0,21.0,0.029553276818501114,0.00768385197281029,0.0,0.3423161480271897,1.0,0.9426063256736237,0.9774004353740874,0.9138404595683555,0.2104705778039605,0.028729570399701435,0.028729570399701435,0.0,0.18174100740425908,0.0,0.0,0.18174100740425908,0.0,0.028729570399701435,0.0,4.501422553425485,46.210824007490615,574.3786960508033,5.471414564377798,46.000353429686655,0.0,0.0,0.0,5118.443694736845,-6771.22506044616,0.0,0.0,6.803637370467186e-12,0.0
contact_inhibition_hypothesis,once_through,109.08730641544062,14.182391545755031,19951.717337169717,89810.97544982337,94.9049148696856,146666.66666666674,660189.0245501766,0.0,780.6122044758064,146666.66666666674,659999.9999999999,0.0,22.0,0.03087828297384216,0.008028353573198962,0.0,0.341971646426801,1.0,0.9401117141419773,0.9763871953729442,0.9101304899376723,0.21990691925675843,0.02858999946925665,0.02858999946925665,0.0,0.1913169197875018,0.0,0.0,0.1913169197875018,0.0,0.02858999946925665,0.0,4.501415789532413,48.2826628302832,573.5944641196892,5.493717719908945,48.06275591102644,0.0,0.0,0.0,5362.179108771932,-7050.50992847241,0.0,0.0,6.803637370467186e-12,0.0
contact_inhibition_hypothesis,once_through,113.74525637492859,14.112812572790732,19949.655702000928,89801.55950934095,99.63244380213787,153333.3333333334,690198.440490659,0.0,816.1680268102177,153333.3333333334,689999.9999999999,0.0,23.0,0.03219676357120255,0.008371158528512663,0.0,0.3416288414714873,1.0,0.9376359417255969,0.9753789455043745,0.9064514960783119,0.22929678742109103,0.02844973660923738,0.02844973660923738,0.0,0.20084705081185367,0.0,0.0,0.20084705081185367,0.0,0.02844973660923738,0.0,4.5014089892455615,50.344297999069944,572.8140944732263,5.516014945788154,50.11500121164885,0.0,0.0,0.0,5605.914522807019,-7329.801164841908,-2.864737780328141e-17,0.0,0.0,-2.7755575615628914e-17
contact_inhibition_hypothesis,once_through,118.38036919474833,14.043177787386515,19947.604174680164,89792.18894301157,104.33719140736181,160000.00000000006,720207.8110569884,0.0,851.7302157988045,160000.00000000006,719999.9999999999,0.0,24.0,0.03350877988152386,0.008712282769196205,0.0,0.34128771723080376,1.0,0.9351787796748183,0.9743756389141287,0.9028030809703036,0.23864061865230923,0.028309361238036727,0.028309361238036727,0.0,0.21033125741427253,0.0,0.0,0.21033125741427253,0.0,0.028309361238036727,0.0,4.5014021812697855,52.39582531983256,572.0375508469577,5.538306309972006,52.15718470118025,0.0,0.0,0.0,5849.6499368421055,-7609.098767865581,0.0,0.0,6.803637370467186e-12,-2.7755575615628914e-17
contact_inhibition_hypothesis,once_through,122.99285662488248,13.97368893968901,19945.562661485677,89782.86373091827,109.01916768519347,166666.66666666672,750217.1362690817,0.0,887.298769772296,166666.66666666672,749999.9999999999,0.0,25.0,0.03481439184281447,0.009051741879131762,0.0,0.3409482581208682,1.0,0.9327400039539239,0.9733772297672595,0.8991848557967427,0.24793883981296808,0.02816928005974028,0.02816928005974028,0.0,0.2197695597532278,0.0,0.0,0.2197695597532278,0.0,0.02816928005974028,0.0,4.501395385766001,54.43733851431882,571.2647977653503,5.560591871367361,54.18939967450585,0.0,0.0,0.0,6093.3853508771945,-7888.402735874161,0.0,0.0,6.803637370467186e-12,0.0
contact_inhibition_hypothesis,once_through,127.58292631677426,13.904486933597678,19943.531070509758,89773.58374011832,113.6784393831766,173333.33333333337,780226.4162598818,0.0,922.8736870785152,173333.33333333337,779999.9999999999,0.0,26.0,0.036113658232949014,0.009389551140566743,0.0,0.34061044885943326,1.0,0.9303193948562966,0.9723836731159803,0.8955964393383021,0.2571918695034589,0.028029777119700883,0.028029777119700883,0.0,0.229162092383758,0.0,0.0,0.229162092383758,0.0,0.028029777119700883,0.0,4.501388616826504,56.46892949023958,570.4958004395191,5.582871682355251,56.21173762073612,0.0,0.0,0.0,6337.120764912281,-8167.713067215467,-2.864737780328141e-17,0.0,1.3607274740934373e-11,0.0
contact_inhibition_hypothesis,once_through,132.1507822682,13.835669472835491,19941.509311461825,89764.34875890308,118.31511279536453,180000.00000000003,810235.651241097,0.0,958.454966080426,180000.00000000003,809999.9999999999,0.0,27.0,0.037406636795594216,0.009725725566854497,0.0,0.3402742744331455,1.0,0.927916736712761,0.9713949248033692,0.8920374575087919,0.266400118958819,0.027891049376899606,0.027891049376899606,0.0,0.23850906958191942,0.0,0.0,0.23850906958191942,0.0,0.027891049376899606,0.0,4.50138188423426,58.49068853817199,569.730524692697,5.605145790585503,58.22428841921317,0.0,0.0,0.0,6580.85617894737,-8447.029760252466,-2.864737780328141e-17,0.0,1.3607274740934373e-11,-5.551115123125783e-17
contact_inhibition_hypothesis,once_through,136.69662515077226,13.767303601044254,19939.497295523484,89755.15852112234,122.92932154972799,186666.6666666667,840244.8414788778,0.0,994.0426051547172,186666.6666666667,839999.9999999999,0.0,28.0,0.038693384332911945,0.010060279926557105,0.0,0.33993972007344286,1.0,0.9255318176661208,0.9704109413924791,0.8885075429910216,0.2755639927089388,0.02775323198327309,0.02775323198327309,0.0,0.24781076072566563,0.0,0.0,0.24781076072566563,0.0,0.02775323198327309,0.0,4.5013751947133,60.502704476514126,568.9689369053652,5.6274142402531355,60.22714048380519,0.0,0.0,0.0,6824.591592982457,-8726.352813361846,2.864737780328141e-17,0.0,1.3607274740934373e-11,5.551115123125783e-17
contact_inhibition_hypothesis,once_through,141.22065255417763,13.699434613121342,19937.49493524041,89746.01272344665,127.52121794105629,193333.33333333334,870253.9872765534,0.0,1029.6366026907706,193333.33333333334,869999.9999999999,0.0,29.0,0.03997395677469326,0.010393228761420247,0.0,0.33960677123857974,1.0,0.9231644294928506,0.9694316801134699,0.8850063349442465,0.2846838890709156,0.02761641624789905,0.02761641624789905,0.0,0.25706747282301656,0.0,0.0,0.25706747282301656,0.0,0.02761641624789905,0.0,4.501368552817364,62.50506475958612,568.2110039743358,5.649677073006476,62.22038087051521,0.0,0.0,0.0,7068.327007017544,-9005.682224932985,0.0,0.0,6.803637370467186e-12,-5.551115123125783e-17
contact_inhibition_hypothesis,once_through,145.72305917126968,13.632092387636298,19935.50214444044,89736.91103761113,132.09096678363338,200000.0,900263.0889623889,0.0,1065.2369570898993,200000.0,899999.9999999999,0.0,30.0,0.041248409230750877,0.010724586399995227,0.0,0.33927541360000474,1.0,0.9208143674585041,0.9684570988235434,0.8815334787629354,0.2937602005221791,0.027480662402388258,0.027480662402388258,0.0,0.2662795381197908,0.0,0.0,0.2662795381197908,0.0,0.027480662402388258,0.0,4.501361961561461,64.4978555595533,567.4566932817413,5.671934328593565,64.20409535903113,0.0,0.0,0.0,7312.062421052631,-9285.0179933672,0.0,0.0,6.803637370467186e-12,0.0
contact_inhibition_hypothesis,once_through,150.20403694107753,13.565295886436333,19933.518838170272,89727.85311909272,136.63874105464117,206666.66666666666,930272.1468809072,0.0,1100.8436667647816,206666.66666666666,929999.9999999999,0.0,31.0,0.04251679603139919,0.01105436696816379,0.0,0.33894563303183617,1.0,0.9184814301973497,0.9674871559759888,0.8780886258725643,0.30279331398877934,0.027346008671549273,0.027346008671549273,0.0,0.27544730531723005,0.0,0.0,0.27544730531723005,0.0,0.027346008671549273,0.0,4.501355422870685,66.48116182972264,566.7059726710764,5.69418604532254,66.17836851573385,0.0,0.0,0.0,7555.79783508772,-9564.360117077173,5.729475560656283e-17,0.0,6.803637370467186e-12,0.0
contact_inhibition_hypothesis,once_through,154.66377516180134,13.499056351695037,19931.54493264544,89718.83861325274,141.16471881010628,213333.3333333333,960281.1613867473,0.0,1136.4567301390323,213333.3333333333,959999.9999999999,0.0,32.0,0.04377917075943883,0.011382584397454097,0.0,0.3386174156025459,1.0,0.9161654196095329,0.9665218105957233,0.8746714335523389,0.31178361107317204,0.02721247771825499,0.02721247771825499,0.0,0.284571133354917,0.0,0.0,0.284571133354917,0.0,0.02721247771825499,0.0,4.5013489378991505,68.45506735455514,565.9588104282676,5.716432260389819,68.14328374348197,0.0,0.0,0.0,7799.5332491228055,-9843.708594486508,5.729475560656283e-17,0.0,6.803637370467186e-12,5.551115123125783e-17
contact_inhibition_hypothesis,once_through,159.10246058233685,13.43337957725282,19929.58034520982,89709.86715967834,145.669081005084,219999.99999999997,990290.1328403216,0.0,1172.0761456468736,219999.99999999997,989999.9999999999,0.0,33.0,0.045035586276063626,0.011709252431776543,0.0,0.3382907475682234,1.0,0.9138661407710228,0.9655610222594807,0.8712815647777044,0.3207314682387212,0.027080081222192413,0.027080081222192413,0.0,0.2936513870165287,0.0,0.0,0.2936513870165287,0.0,0.027080081222192413,0.0,4.501342507256585,70.4196547901752,565.2151752663382,5.738673010114339,70.09892332193648,0.0,0.0,0.0,8043.2686631578945,-10123.063424029438,5.729475560656283e-17,0.0,6.803637370467186e-12,5.551115123125783e-17
contact_inhibition_hypothesis,once_through,163.5202774783746,13.368267522073948,19927.624994301943,89700.93839524458,150.15200995630065,226666.66666666663,1020299.0616047553,0.0,1207.701911732875,226666.66666666663,1019999.9999999999,0.0,34.0,0.046286094742401244,0.012034384633024324,0.0,0.33796561536697567,1.0,0.9115834018529931,0.9646047510793403,0.8679186880775938,0.32963725696310575,0.02694882313239843,0.02694882313239843,0.0,0.3026884338307073,0.0,0.0,0.3026884338307073,0.0,0.02694882313239843,0.0,4.501336131169341,72.37500569805248,564.4750363126604,5.760908330104985,72.04536844108937,0.0,0.0,0.0,8287.004077192982,-10402.424604150527,0.0,0.0,6.803637370467186e-12,0.0
contact_inhibition_hypothesis,once_through,167.9174077173566,13.303719456162728,19925.67879942624,89692.05195626752,154.6136882611939,233333.33333333328,1050307.9480437324,0.0,1243.3340268517454,233333.33333333328,1049999.9999999998,0.0,35.0,0.04753074763789988,0.01235799438585397,0.0,0.33764200561414603,1.0,0.9093170140482599,0.9636529576886649,0.8645824774028296,0.33850134386926484,0.02681870197728932,0.02681870197728932,0.0,0.31168264189197553,0.0,0.0,0.31168264189197553,0.0,0.02681870197728932,0.0,4.501329809594752,74.32120057375215,563.7383630980727,5.783138255380558,73.98269922988288,0.0,0.0,0.0,8530.739491228069,-10681.792133304485,0.0,0.0,1.3607274740934373e-11,0.0
contact_inhibition_hypothesis,once_through,172.2940308153238,13.239732774214769,19923.7416811279,89683.20748001133,159.05429804110898,239999.99999999994,1080316.7925199887,0.0,1278.972489468159,239999.99999999994,1079999.9999999998,0.0,36.0,0.04876959577641946,0.012680094901869061,0.0,0.3373199050981309,1.0,0.9070667915030878,0.9627056032297969,0.8612726120031325,0.3473240908399949,0.026689712504884066,0.026689712504884066,0.0,0.32063437833511077,0.0,0.0,0.32063437833511077,0.0,0.026689712504884066,0.0,4.501323542302336,76.25831887209588,563.0051255473547,5.805362820455986,75.9109947812559,0.0,0.0,0.0,8774.474905263156,-10961.166009955985,1.1458951121312565e-16,0.0,1.3607274740934373e-11,5.551115123125783e-17
contact_inhibition_hypothesis,once_through,176.65032398780534,13.176303573144269,19921.81356097031,89674.40460573752,163.47402041466103,246666.6666666666,1110325.5953942626,0.0,1314.61729805661,246666.6666666666,1109999.9999999998,0.0,37.0,0.050002689320636465,0.013000699223365482,0.0,0.3369993007766345,1.0,0.904832551253166,0.9617626493430427,0.8579887763109272,0.356105855120537,0.026561846847030068,0.026561846847030068,0.0,0.3295440082735068,0.0,0.0,0.3295440082735068,0.0,0.026561846847030068,0.0,4.501317328931465,78.18643902968573,562.275293970703,5.827582059404524,77.8303331745652,0.0,0.0,0.0,9018.210319298245,-11240.546232579525,5.729475560656283e-17,-2.9103830456733704e-11,1.3607274740934373e-11,1.1102230246251565e-16
contact_inhibition_hypothesis,once_through,180.98646219627716,13.11342706181402,19919.89436151453,89665.64297542814,167.8730351344631,253333.33333333326,1140334.3570245719,0.0,1350.268451101283,253333.33333333326,1139999.9999999998,0.0,38.0,0.0512300777951944,0.013319820226750545,0.0,0.33668017977324943,1.0,0.9026141131628961,0.9608240581566161,0.8547306598306336,0.36484698941223115,0.026435095345369645,0.026435095345369645,0.0,0.33841189406686145,0.0,0.0,0.33841189406686145,0.0,0.026435095345369645,0.0,4.501311169032262,80.10563848546695,561.5488390559467,5.8497960059029115,79.74079149605473,0.0,0.0,0.0,9261.945733333332,-11519.932799659286,1.1458951121312565e-16,0.0,1.3607274740934373e-11,5.551115123125783e-17
contact_inhibition_hypothesis,once_through,185.30261819127395,13.051097851528409,19917.984006300187,89656.92223427877,172.25152033974553,259999.9999999999,1170343.0777657211,0.0,1385.9259470959396,259999.9999999999,1169999.9999999998,0.0,39.0,0.05245181009890716,0.013637470625715863,0.0,0.3363625293742841,1.0,0.9004112998673768,0.9598897922773063,0.8514979570325254,0.3735478419594253,0.026309447136939088,0.026309447136939088,0.0,0.3472383948224862,0.0,0.0,0.3472383948224862,0.0,0.026309447136939088,0.0,4.501305062094623,82.01599369980964,560.8257318613248,5.872004693264356,81.64244585785022,0.0,0.0,0.0,9505.681147368417,-11799.325709689028,5.729475560656283e-17,-2.9103830456733704e-11,1.3607274740934373e-11,0.0
contact_inhibition_hypothesis,once_through,189.5989625529277,12.98931016180053,19916.082419827548,89648.24203102737,176.60965239112716,266666.6666666666,1200351.7579689727,0.0,1421.589784543813,266666.6666666666,1199999.9999999998,0.0,40.0,0.053667934516233855,0.013953662974220803,0.0,0.3360463370257792,1.0,0.8982239367166426,0.9589598147817036,0.8482903672504608,0.38220875663119586,0.02618489056897045,0.02618489056897045,0.0,0.35602386606222536,0.0,0.0,0.35602386606222536,0.0,0.02618489056897045,0.0,4.50129900756876,83.9175801724513,560.1059438086951,5.894208154462906,83.5353714158201,0.0,0.0,0.0,9749.416561403506,-12078.72496117199,5.729475560656283e-17,0.0,1.3607274740934373e-11,5.551115123125783e-17
contact_inhibition_hypothesis,once_through,193.87566372948385,12.928057965920665,19914.189527540453,89639.60201816779,180.9476057635632,273333.3333333333,1230360.3979818323,0.0,1457.2599619575117,273333.3333333333,1229999.9999999998,0.0,41.0,0.05487849872818118,0.014268409669327107,0.0,0.33573159033067285,1.0,0.896051851721834,0.9580340892078614,0.8451075945830013,0.39083007299899186,0.02606141349234015,0.02606141349234015,0.0,0.3647686595066517,0.0,0.0,0.3647686595066517,0.0,0.02606141349234015,0.0,4.501293004879769,85.81047245954427,559.389446677081,5.916406422151647,85.41964238654528,0.0,0.0,0.0,9993.151975438595,-12358.130552620778,0.0,0.0,1.3607274740934373e-11,0.0
contact_inhibition_hypothesis,once_through,198.13288807419005,12.867335093757143,19912.305255810013,89631.00185208076,185.26555298043291,280000.0,1260368.9981479193,0.0,1492.936477858926,280000.0,1259999.9999999998,0.0,42.0,0.0560835498227452,0.014581722953913754,0.0,0.33541827704608623,1.0,0.8938948755030632,0.9571125795473125,0.841949347797545,0.3994121264109982,0.025939003468803148,0.025939003468803148,0.0,0.3734731229421951,0.0,0.0,0.3734731229421951,0.0,0.025939003468803148,0.0,4.501287053437885,87.694744189983,558.6762125964906,5.938599528676515,87.295332063572,0.0,0.0,0.0,10236.887389473684,-12637.54248255728,0.0,0.0,1.3607274740934373e-11,0.0
contact_inhibition_hypothesis,once_through,202.37079988084122,12.807135304177589,19910.42953191886,89622.4411931075,189.56366457666363,286666.6666666667,1290377.5588068925,0.0,1528.6193307791427,286666.6666666667,1289999.9999999998,0.0,43.0,0.05728313430497273,0.01489361491929291,0.0,0.33510638508070706,1.0,0.891752841238799,0.9561952502373737,0.8388153402371943,0.4079552480637902,0.025817647916985514,0.025817647916985514,0.0,0.38213760014680465,0.0,0.0,0.38213760014680465,0.0,0.025817647916985514,0.0,4.501281152645739,89.57046808113641,557.9662140419632,5.960787506087019,89.16251283307263,0.0,0.0,0.0,10480.622803508772,-12916.960749512584,0.0,0.0,1.3607274740934373e-11,5.551115123125783e-17
contact_inhibition_hypothesis,once_through,206.58956141818632,12.747452335894582,19908.56228404592,89613.91970558243,193.84210908229176,293333.3333333334,1320386.0802944177,0.0,1564.308519258358,293333.3333333334,1319999.9999999998,0.0,44.0,0.058477298106700486,0.015204097507742128,0.0,0.3347959024922578,1.0,0.8896255846166389,0.9552820661536996,0.8357052897301612,0.4164597650716934,0.02569733421488317,0.02569733421488317,0.0,0.3907624308568103,0.0,0.0,0.3907624308568103,0.0,0.02569733421488317,0.0,4.50127530190345,91.43771595407655,557.2594238278041,5.982970386144663,91.02125618900486,0.0,0.0,0.0,10724.358217543857,-13196.385352026886,-5.729475560656283e-17,0.0,1.3607274740934373e-11,-5.551115123125783e-17
contact_inhibition_hypothesis,once_through,210.78933296334688,12.688279942992073,19906.703441251626,89605.4370578373,198.10105302035484,300000.00000000006,1350394.5629421626,0.0,1600.0040418457972,300000.00000000006,1349999.9999999998,0.0,45.0,0.059666086596014606,0.015513182514963798,0.0,0.33448681748503617,1.0,0.8875129437853653,0.9543729926030476,0.8326189185015264,0.4249260005341517,0.02557804977147886,0.02557804977147886,0.0,0.3993479507626729,0.0,0.0,0.3993479507626729,0.0,0.02557804977147886,0.0,4.501269500612172,93.29655874836983,556.5558151019857,6.005148200329818,92.87163274783568,0.0,0.0,0.0,10968.09363157895,-13475.816288649417,-5.729475560656283e-17,0.0,1.3607274740934373e-11,-5.551115123125783e-17
contact_inhibition_hypothesis,once_through,214.97027283435702,12.629611919578958,19904.852933463513,89596.99292218567,202.3406609147781,306666.66666666674,1380403.0070778143,0.0,1635.705897099634,306666.66666666674,1379999.9999999998,0.0,46.0,0.06084954458646139,0.015820881592479963,0.0,0.33417911840752,1.0,0.885414759308208,0.9534679953162354,0.829555953087228,0.4333542736013236,0.025459782076440826,0.025459782076440826,0.0,0.4078944915248829,0.0,0.0,0.4078944915248829,0.0,0.025459782076440826,0.0,4.501263748176585,95.14706653647943,555.8553613406959,6.027320979847454,94.7137122628781,0.0,0.0,0.0,11211.829045614038,-13755.253557938342,-1.1458951121312565e-16,0.0,1.3607274740934373e-11,-1.1102230246251565e-16
contact_inhibition_hypothesis,once_through,219.13253742190722,12.571442116729282,19903.01069146218,89588.58697489313,206.56109530517796,313333.33333333343,1410411.4130251068,0.0,1671.414083586913,313333.33333333343,1409999.9999999998,0.0,47.0,0.06202771634603273,0.01612720624996851,0.0,0.3338727937500315,1.0,0.8833308741172468,0.9525670404412692,0.8265161242501791,0.4417448995380743,0.02534251873427222,0.02534251873427222,0.0,0.4164023808038021,0.0,0.0,0.4164023808038021,0.0,0.02534251873427222,0.0,4.5012580440065815,96.98930853781523,555.1580363430206,6.049488755632001,96.54756363827715,0.0,0.0,0.0,11455.564459649126,-14034.697158460709,-5.729475560656283e-17,0.0,1.3607274740934373e-11,-5.551115123125783e-17
contact_inhibition_hypothesis,once_through,223.27628122035438,12.513764453954222,19901.176646867538,89580.21889613873,210.76251676640015,320000.0000000001,1440419.7811038613,0.0,1707.1285998834708,320000.0000000001,1439999.9999999998,0.0,48.0,0.0632006456059438,0.016432167857545386,0.0,0.3335678321424546,1.0,0.8812611334689012,0.9516700945366313,0.8234991668984083,0.45009818978648797,0.025226247487437233,0.025226247487437233,0.0,0.42487194229905073,0.0,0.0,0.42487194229905073,0.0,0.025226247487437233,0.0,4.5012523875184405,98.82335313245913,554.4638142257478,6.071651558351642,98.37325494267265,0.0,0.0,0.0,11699.299873684211,-14314.147088792351,0.0,0.0,1.3607274740934373e-11,0.0
contact_inhibition_hypothesis,once_through,227.4016568580456,12.456572926801236,19899.350732125407,89571.88836996943,214.9450839312444,326666.6666666668,1470428.1116300307,0.0,1742.8494445738631,326666.6666666668,1469999.9999999998,0.0,49.0,0.06436837556921654,0.016735777647996303,0.0,0.3332642223520037,1.0,0.8792053849004644,0.9507771245647169,0.820504820005155,0.45841445202699693,0.025110956231680075,0.025110956231680075,0.0,0.4333034957953169,0.0,0.0,0.4333034957953169,0.0,0.025110956231680075,0.0,4.501246778135582,100.64926787458643,553.7726694182874,6.093809418412175,100.19085342255943,0.0,0.0,0.0,11943.035287719304,-14593.603347517837,-5.729475560656283e-17,0.0,1.3607274740934373e-11,-5.551115123125783e-17
contact_inhibition_hypothesis,once_through,231.50881512699405,12.39986161171361,19897.532880494397,89563.5950842508,219.1089535152805,333333.3333333335,1500436.4049157493,0.0,1778.5766162512882,333333.3333333335,1499999.9999999998,0.0,50.0,0.06553094891907968,0.01703804671896072,0.0,0.3329619532810393,1.0,0.87716347818764,0.9498880978854097,0.8175328265308477,0.46669399023820474,0.024996633025821228,0.024996633025821228,0.0,0.4416973572123836,0.0,0.0,0.4416973572123836,0.0,0.024996633025821228,0.0,4.501241215289069,102.46711950560055,553.0845766576989,6.1159623659605264,102.00042551536235,0.0,0.0,0.0,12186.770701754393,-14873.065933230351,-1.1458951121312565e-16,0.0,2.7214549481868745e-11,-1.1102230246251565e-16
contact_inhibition_hypothesis,once_through,235.5979050119368,12.343624668955895,19895.723026033,89555.33873061498,223.25428034298093,340000.0000000002,1530444.6612693851,0.0,1814.3101135175139,340000.0000000002,1529999.9999999998,0.0,51.0,0.0666884078271939,0.017338986035070416,0.0,0.3326610139649296,1.0,0.875135265303049,0.949002982249793,0.8145829333468998,0.47493710475546314,0.02488326609765481,0.02488326609765481,0.0,0.45005383865780835,0.0,0.0,0.45005383865780835,0.0,0.02488326609765481,0.0,4.501235698417912,104.2769739669943,552.399510983825,6.138110430888061,103.80203686223884,0.0,0.0,0.0,12430.50611578948,-15152.534844531665,-5.729475560656283e-17,0.0,1.3607274740934373e-11,0.0
contact_inhibition_hypothesis,once_through,239.66907371880026,12.287856344176769,19893.921103587047,89547.11900440708,227.38121737462353,346666.66666666686,1560452.880995593,0.0,1850.049934982805,346666.66666666686,1559999.9999999998,0.0,52.0,0.06784079396170925,0.017638606430044404,0.0,0.3323613935699556,1.0,0.8731206003756765,0.9481217457939871,0.8116548911612712,0.48314409232825506,0.024770843847099062,0.024770843847099062,0.0,0.45837324848115607,0.0,0.0,0.45837324848115607,0.0,0.024770843847099062,0.0,4.501230226969231,106.07889641294871,551.7174477345208,6.160253642833686,105.59575232062045,0.0,0.0,0.0,12674.241529824565,-15432.010080032042,-5.729475560656283e-17,0.0,1.3607274740934373e-11,-5.551115123125783e-17
contact_inhibition_hypothesis,once_through,243.72246670259472,12.232550969015755,19892.127048777318,89538.9356046308,231.48991573357898,353333.33333333355,1590461.0643953693,0.0,1885.796079265853,353333.33333333355,1589999.9999999998,0.0,53.0,0.06898814849516097,0.01793691860874185,0.0,0.3320630813912581,1.0,0.8711193396512271,0.9472443570331122,0.8087484544457381,0.4913152461764266,0.024659354847419476,0.024659354847419476,0.0,0.46665589132900714,0.0,0.0,0.46665589132900714,0.0,0.024659354847419476,0.0,4.501224800398324,107.87295122267936,551.0383625409806,6.182392031186835,107.38163597650293,0.0,0.0,0.0,12917.976943859652,-15711.491638350175,-5.729475560656283e-17,0.0,1.3607274740934373e-11,-5.551115123125783e-17
contact_inhibition_hypothesis,once_through,247.75822769475593,12.177702961041964,19890.340797987457,89530.7882338939,235.580524733714,360000.00000000023,1620469.211766106,0.0,1921.548544993702,360000.00000000023,1619999.9999999998,0.0,54.0,0.07013051211220879,0.018233933149174285,0.0,0.3317660668508257,1.0,0.8691313414533661,0.9463707848553699,0.8058633813648263,0.49945085604530454,0.024548787845105273,0.024548787845105273,0.0,0.4749020682001993,0.0,0.0,0.4749020682001993,0.0,0.024548787845105273,0.0,4.501219418168682,109.65920201253797,550.362231323159,6.204525625090323,109.15975115649267,0.0,0.0,0.0,13161.712357894745,-15990.979518113118,-5.729475560656283e-17,0.0,1.3607274740934373e-11,-5.551115123125783e-17
contact_inhibition_hypothesis,once_through,251.77649872995138,12.123306823229532,19888.56228835212,89522.67659835366,239.6531919067219,366666.6666666669,1650477.3234016462,0.0,1957.307330801682,366666.6666666669,1649999.9999999998,0.0,55.0,0.07126792501722481,0.018529660504478452,0.0,0.3314703394955215,1.0,0.8671564661458182,0.9455009985162398,0.8029994337063536,0.5075512082597343,0.024439131758811947,0.024439131758811947,0.0,0.4831120765009225,0.0,0.0,0.4831120765009225,0.0,0.024439131758811947,0.0,4.501214079751922,111.43771164787694,549.6890302852776,6.226654453443157,110.9301604396172,0.0,0.0,0.0,13405.447771929832,-16270.473717956183,-1.1458951121312565e-16,0.0,1.3607274740934373e-11,-1.1102230246251565e-16
contact_inhibition_hypothesis,once_through,255.77742017236514,12.069357143114791,19886.791457745312,89514.6004076631,243.70806302925038,373333.3333333336,1680485.399592337,0.0,1993.0724353333376,373333.3333333336,1679999.9999999998,0.0,56.0,0.07240042694173358,0.018824111004850732,0.0,0.33117588899514927,1.0,0.8651945760953029,0.944634967632792,0.8001563768135508,0.5156165857770674,0.024330375677662244,0.024330375677662244,0.0,0.4912862100994052,0.0,0.0,0.4912862100994052,0.0,0.024330375677662244,0.0,4.501208784627741,113.2085422546832,549.0187359114228,6.248778544903204,112.69292566890613,0.0,0.0,0.0,13649.18318596492,-16549.97423652293,-5.729475560656283e-17,0.0,1.3607274740934373e-11,-1.1102230246251565e-16
contact_inhibition_hypothesis,once_through,259.76113074147565,12.015848591738086,19885.028244769008,89506.55937491723,247.7452821497376,380000.0000000003,1710493.4406250827,0.0,2028.8438572403606,380000.0000000003,1709999.9999999998,0.0,57.0,0.07352805715170886,0.019117294859444304,0.0,0.3308827051405557,1.0,0.8632455356352831,0.943772662178105,0.7973339795186971,0.5236472682391259,0.024222508859112972,0.024222508859112972,0.0,0.49942475938001296,0.0,0.0,0.49942475938001296,0.0,0.024222508859112972,0.0,4.5012035322837916,114.97175523098758,548.3513249612267,6.270897927889893,114.44810796274845,0.0,0.0,0.0,13892.918600000008,-16829.48107246504,-5.729475560656283e-17,0.0,1.3607274740934373e-11,0.0
contact_inhibition_hypothesis,once_through,263.7277675373394,11.962775922442978,19883.27258874194,89498.5532166004,251.76499161489642,386666.666666667,1740501.4467833997,0.0,2064.6215951825225,386666.666666667,1739999.9999999998,0.0,58.0,0.07465085445473034,0.019409222158229888,0.0,0.3305907778417701,1.0,0.8613092110305051,0.9429140524757945,0.794532014078254,0.5316435320231717,0.024115520726534348,0.024115520726534348,0.0,0.5075280112966374,0.0,0.0,0.5075280112966374,0.0,0.024115520726534348,0.0,4.501198322215587,116.7274112580556,547.6867744656317,6.293012630586772,116.19576772603243,0.0,0.0,0.0,14136.654014035097,-17108.994224442293,0.0,0.0,1.3607274740934373e-11,0.0
contact_inhibition_hypothesis,once_through,267.6774660653923,11.910133969584306,19881.52442968863,89490.58165253441,255.76733209580797,393333.33333333366,1770509.4183474656,0.0,2100.405647827606,393333.33333333366,1769999.9999999998,0.0,59.0,0.07576885720700403,0.01969990287382105,0.0,0.3303000971261789,1.0,0.8593854704423094,0.942059109194644,0.7917502561094371,0.539605650291903,0.02400940086660561,0.02400940086660561,0.0,0.5155962494252974,0.0,0.0,0.5155962494252974,0.0,0.02400940086660561,0.0,4.501193153926374,118.47557031136459,547.0250617227344,6.315122680944093,117.93596466107269,0.0,0.0,0.0,14380.389428070186,-17388.513691122465,5.729475560656283e-17,0.0,1.3607274740934373e-11,0.0
contact_inhibition_hypothesis,once_through,271.61036026078074,11.857917647181448,19879.78370832862,89482.64440582738,259.7524426135992,400000.00000000035,1800517.3555941726,0.0,2136.1960138513405,400000.00000000035,1799999.9999999998,0.0,60.0,0.0768821033202493,0.01998934686326482,0.0,0.33001065313673517,1.0,0.8574741838946943,0.9412078033433388,0.7889884845282017,0.5475338930425027,0.023904139026600137,0.023904139026600137,0.0,0.5236297540159024,0.0,0.0,0.5236297540159024,0.0,0.023904139026600137,0.0,4.501188026927007,120.2162916713728,546.3661642937101,6.337228106681295,119.6687577783303,0.0,0.0,0.0,14624.124842105273,-17668.039471181284,1.1458951121312565e-16,0.0,1.3607274740934373e-11,1.1102230246251565e-16
contact_inhibition_hypothesis,once_through,275.5265825122328,11.80612194754229,19878.050366065912,89474.74120282331,263.7204605646904,406666.66666666704,1830525.2587971766,0.0,2171.992691937335,406666.66666666704,1829999.9999999998,0.0,61.0,0.07799063026845597,0.020277563869798555,0.0,0.3297224361302014,1.0,0.8555752232411094,0.9403601062652983,0.7862464814885955,0.5554285271547598,0.023799725111611547,0.023799725111611547,0.0,0.5316288020431481,0.0,0.0,0.5316288020431481,0.0,0.023799725111611547,0.0,4.50118294073582,121.94963393408493,545.710059998813,6.3593289352895175,121.39420540693017,0.0,0.0,0.0,14867.86025614036,-17947.57156330237,1.1458951121312565e-16,0.0,1.3607274740934373e-11,1.1102230246251565e-16
contact_inhibition_hypothesis,once_through,279.42626368548076,11.754741939875839,19876.324344978577,89466.87177305283,267.67152174560493,413333.3333333337,1860533.128226947,0.0,2207.795680777015,413333.3333333337,1859999.9999999998,0.0,62.0,0.07909447509451423,0.0205645635245737,0.0,0.3294354364754263,1.0,0.8536884621319637,0.9395159896336067,0.783524032323456,0.5632898164382869,0.023696149181756904,0.023696149181756904,0.0,0.53959366725653,0.0,0.0,0.53959366725653,0.0,0.023696149181756904,0.0,4.501177894878494,123.6756550214191,545.056726913453,6.381425194033985,123.11236520498082,0.0,0.0,0.0,15111.595670175448,-18227.109966177137,0.0,0.0,0.0,0.0
contact_inhibition_hypothesis,once_through,283.3095331462453,11.703772768905871,19874.605587808615,89459.03584918447,271.60576037733944,420000.0000000004,1890540.9641508155,0.0,2243.6049790695574,420000.0000000004,1889999.9999999998,0.0,63.0,0.08019367441672057,0.02085035534834735,0.0,0.32914964465165264,1.0,0.8518137759828295,0.9386754254460372,0.7808209254863976,0.571118021678853,0.023593401449381966,0.023593401449381966,0.0,0.547524620229471,0.0,0.0,0.547524620229471,0.0,0.023593401449381966,0.0,4.501172888887918,125.39441219137973,544.4061433643437,6.40351690995646,124.82329416970087,0.0,0.0,0.0,15355.33108421054,-18506.65467850477,0.0,0.0,1.3607274740934373e-11,0.0
contact_inhibition_hypothesis,once_through,287.17651878279014,11.653209653494407,19872.894037951955,89451.23316697722,275.5233091292957,426666.6666666671,1920548.7668330227,0.0,2279.4205855218265,426666.6666666671,1919999.9999999998,0.0,64.0,0.0812882644351621,0.021134948753142146,0.0,0.32886505124685783,1.0,0.8499510419433233,0.9378383860201701,0.7781369524950799,0.5789134006838509,0.023491472276286306,0.023491472276286306,0.0,0.5554219284075645,0.0,0.0,0.5554219284075645,0.0,0.023491472276286306,0.0,4.501167922304074,127.10596204804037,543.7582879257252,6.42560410987758,126.52704864735652,0.0,0.0,0.0,15599.066498245626,-18786.205698992126,1.1458951121312565e-16,0.0,1.3607274740934373e-11,0.0
contact_inhibition_hypothesis,once_through,291.02734702805833,11.60304788528069,19871.189639448654,89443.46346523358,279.4242991427776,433333.3333333338,1950556.5365347662,0.0,2315.242498848312,433333.3333333338,1949999.9999999998,0.0,65.0,0.08237828093798248,0.021418353043875446,0.0,0.3285816469561245,1.0,0.8481001388666483,0.9370048439886016,0.7754719078757033,0.5866762083269221,0.023390352170979636,0.023390352170979636,0.0,0.5632858561559425,0.0,0.0,0.5632858561559425,0.0,0.023390352170979636,0.0,4.501162994673895,128.81036055134138,543.1131394156541,6.447686820399206,128.22368434301444,0.0,0.0,0.0,15842.801912280716,-19065.7630263537,0.0,0.0,0.0,0.0
contact_inhibition_hypothesis,once_through,294.8621428813987,11.553282827339874,19869.492336973286,89435.72648575372,283.30886005405875,440000.00000000047,1980564.273514246,0.0,2351.070717771068,440000.00000000047,1979999.9999999998,0.0,66.0,0.08346375930753182,0.02170057741995827,0.0,0.3282994225800417,1.0,0.8462609472797807,0.9361747722942403,0.7728255891087151,0.5944066965917539,0.023290031785977904,0.023290031785977904,0.0,0.5711166648057759,0.0,0.0,0.5711166648057759,0.0,0.023290031785977904,0.0,4.501158105551148,130.50766302670613,542.4706768923648,6.469765067906724,129.91325633011436,0.0,0.0,0.0,16086.5373263158,-19345.32665931154,1.1458951121312565e-16,0.0,0.0,1.1102230246251565e-16
contact_inhibition_hypothesis,once_through,298.68102992989105,11.503909912863827,19867.802075825515,89428.02197329015,287.17712001702716,446666.66666666715,2010571.9780267095,0.0,2386.9052410196477,446666.66666666715,2009999.9999999998,0.0,67.0,0.0845447345264029,0.021981630976864754,0.0,0.32801836902313525,1.0,0.8444333493542865,0.935348144185692,0.7701977965756841,0.6021051146150688,0.02319050191514393,0.02319050191514393,0.0,0.5789146126999247,0.0,0.0,0.5789146126999247,0.0,0.02319050191514393,0.0,4.501153254496289,132.1979241744797,541.8308796506956,6.491838878571332,131.59581905986465,0.0,0.0,0.0,16330.272740350892,-19624.896596595212,1.1458951121312565e-16,0.0,-1.3607274740934373e-11,1.1102230246251565e-16
contact_inhibition_hypothesis,once_through,302.4841303692802,11.454924643865878,19866.1188019208,89420.3496755038,291.0292057254143,453333.33333333384,2040579.650324496,0.0,2422.7460673310475,453333.33333333384,2039999.9999999998,0.0,68.0,0.08562124118335689,0.02226152270767279,0.0,0.3277384772923272,1.0,0.8426172288777487,0.9345249332127271,0.7675883335073261,0.6097717087288245,0.023091753491076346,0.023091753491076346,0.0,0.5866799552377481,0.0,0.0,0.5866799552377481,0.0,0.023091753491076346,0.0,4.5011484410763725,133.8811980791944,541.1937272185826,6.513908278352277,133.27142637046558,0.0,0.0,0.0,16574.00815438598,-19904.472836941703,1.1458951121312565e-16,0.0,1.3607274740934373e-11,0.0
contact_inhibition_hypothesis,once_through,306.2715650245261,11.406322589910207,19864.442461781327,89412.70934292028,294.8652424346159,460000.0000000005,2070587.2906570795,0.0,2458.5931954496436,460000.0000000005,2069999.9999999998,0.0,69.0,0.08669331347914021,0.022540261504576456,0.0,0.32745973849542354,1.0,0.8408124712257949,0.933705113221834,0.7649970059326422,0.6174067225016416,0.022993777582548187,0.022993777582548187,0.0,0.5944129449190935,0.0,0.0,0.5944129449190935,0.0,0.022993777582548187,0.0,4.501143664864897,135.55753821866537,540.559199353616,6.53597329299907,134.94013149616373,0.0,0.0,0.0,16817.743568421065,-20184.05537909538,1.1458951121312565e-16,0.0,1.3607274740934373e-11,0.0
contact_inhibition_hypothesis,once_through,310.04345336997955,11.3580993868667,19862.773002527072,89405.10072888726,298.6853539831128,466666.6666666672,2100594.8992711124,0.0,2494.4466241271334,466666.6666666672,2100000.0,0.0,70.0,0.08776098523219546,0.022817856160370818,0.0,0.3271821438396292,1.0,0.8390189633347074,0.9328886583518506,0.7624236226291444,0.6250103967794743,0.022896565391996842,0.022896565391996842,0.0,0.6021138313874774,0.0,0.0,0.6021138313874774,0.0,0.022896565391996842,0.0,4.501138925441707,137.22699747292032,539.9272760396603,6.558033948053684,136.60198707614083,0.0,0.0,0.0,17061.478982456156,-20463.64422180796,1.1458951121312565e-16,0.0,-2.7214549481868745e-11,1.1102230246251565e-16
contact_inhibition_hypothesis,once_through,313.79991354919036,11.310250735691069,19861.110371867027,89397.5235895327,302.48966281349925,473333.3333333339,2130602.4764104667,0.0,2530.3063521224763,473333.3333333339,2130000.0,0.0,71.0,0.08882428988426837,0.023094315369909777,0.0,0.3269056846300902,1.0,0.8372365936746019,0.9320755430296771,0.7598679950741444,0.6325829697255418,0.02280010825306491,0.02280010825306491,0.0,0.6097828614724768,0.0,0.0,0.6097828614724768,0.0,0.02280010825306491,0.0,4.5011342223928725,138.889628132967,539.2979374835363,6.5800902688527145,138.25704516324146,0.0,0.0,0.0,17305.214396491247,-20743.239363838395,1.1458951121312565e-16,0.0,-2.7214549481868745e-11,1.1102230246251565e-16
contact_inhibition_hypothesis,once_through,317.54106239435777,11.262772401230448,19859.45451809059,89389.97768372374,306.2782899931273,480000.0000000006,2160610.0223162756,0.0,2566.1723782018357,480000.0000000006,2160000.0,0.0,72.0,0.0898832605059134,0.023369647731537484,0.0,0.3266303522684625,1.0,0.8354652522231633,0.9312657419660662,0.7573299373970775,0.6401246768595379,0.022704397628192433,0.022704397628192433,0.0,0.6174202792313455,0.0,0.0,0.6174202792313455,0.0,0.022704397628192433,0.0,4.501129555310578,140.54548190940193,538.6711641117613,6.602142280529494,139.9053572325424,0.0,0.0,0.0,17548.949810526334,-21022.84080395284,0.0,0.0,-2.7214549481868745e-11,0.0
contact_inhibition_hypothesis,once_through,321.2670154454287,11.215660211054008,19857.805390059133,89382.46277302613,310.0513552343746,486666.66666666727,2190617.5372269736,0.0,2602.0447011385213,486666.66666666727,2190000.0,0.0,73.0,0.09093792980189974,0.023643861748493932,0.0,0.32635613825150606,1.0,0.8337048304399212,0.9304592301514885,0.7548092663328306,0.6476357510961307,0.022609425106259552,0.022609425106259552,0.0,0.6250263259898711,0.0,0.0,0.6250263259898711,0.0,0.022609425106259552,0.0,4.501124923792999,142.19460994086333,538.0469365673501,6.624190008016233,141.5469741897672,0.0,0.0,0.0,17792.68522456142,-21302.448540924615,1.1458951121312565e-16,0.0,-2.7214549481868745e-11,1.1102230246251565e-16
contact_inhibition_hypothesis,once_through,324.9778869688528,11.168910054308371,19856.162937197663,89374.97862166468,313.80897691454436,493333.33333333395,2220625.0213783346,0.0,2637.923319712932,493333.33333333395,2220000.0,0.0,74.0,0.09198833011652005,0.023916965830295213,0.0,0.32608303416970474,1.0,0.8319552212410567,0.9296559828520728,0.752305801176061,0.6551164227827708,0.02251518240027916,0.02251518240027916,0.0,0.6326012403824917,0.0,0.0,0.6326012403824917,0.0,0.02251518240027916,0.0,4.501120327444207,143.83706280233233,537.4252357066732,6.646233476046076,143.18194637954954,0.0,0.0,0.0,18036.42063859651,-21582.062573534116,1.1458951121312565e-16,0.0,-5.442909896373749e-11,0.0
contact_inhibition_hypothesis,once_through,328.6737899760014,11.122517880597385,19854.52710948671,89367.52499648456,317.55127209540393,500000.00000000064,2250632.4750035144,0.0,2673.808232712498,500000.00000000064,2250000.0,0.0,75.0,0.09303449343880422,0.0241889682940891,0.0,0.32581103170591086,1.0,0.8302163189747234,0.9288559756056203,0.7498193637364728,0.6625669197368216,0.022421661345138656,0.022421661345138656,0.0,0.6401452583916828,0.0,0.0,0.6401452583916828,0.0,0.022421661345138656,0.0,4.50111576587406,145.4728905132852,536.8060425963706,6.668272709155149,144.81032359354836,0.0,0.0,0.0,18280.1560526316,-21861.68290056877,1.1458951121312565e-16,0.0,-5.442909896373749e-11,1.1102230246251565e-16
contact_inhibition_hypothesis,once_through,332.3548362412572,11.076479698885723,19852.897857454296,89360.10166691279,321.27835654237145,506666.6666666673,2280639.898333086,0.0,2709.699438931628,506666.6666666673,2280000.0,0.0,76.0,0.09407645140763979,0.024459877365986347,0.0,0.3255401226340136,1.0,0.8284880193968729,0.9280591842176872,0.7473497782950269,0.6699874672820255,0.02232885389538975,0.02232885389538975,0.0,0.6476586133866358,0.0,0.0,0.6476586133866358,0.0,0.02232885389538975,0.0,4.501111238698091,147.10214254570008,536.1893385103209,6.690307731684613,146.43215507841805,0.0,0.0,0.0,18523.891466666686,-22141.309520822986,0.0,0.0,-5.442909896373749e-11,0.0
contact_inhibition_hypothesis,once_through,336.02113631978204,11.030791576425848,19851.275132168077,89352.70840492086,324.99034474335616,513333.333333334,2310647.2915950785,0.0,2745.5969371716496,513333.333333334,2310000.0,0.0,77.0,0.09511423531680124,0.024729701182368325,0.0,0.32527029881763164,1.0,0.8267702196475731,0.9272655847577402,0.74489687156107,0.6773782882843222,0.022236752123085336,0.022236752123085336,0.0,0.6551415361612367,0.0,0.0,0.6551415361612367,0.0,0.022236752123085336,0.0,4.501106745537415,148.7248678319209,535.5751049266654,6.712338567782638,148.04748954363657,0.0,0.0,0.0,18767.626880701773,-22420.942433098095,1.1458951121312565e-16,-5.820766091346741e-11,-2.7214549481868745e-11,2.220446049250313e-16
contact_inhibition_hypothesis,once_through,339.67279956496895,10.985449637707926,19849.658885227615,89345.3449849879,328.687349927261,520000.0000000007,2340654.655015012,0.0,2781.500726240759,520000.0000000007,2340000.0,0.0,78.0,0.09614787611989013,0.024998447791171434,0.0,0.32500155220882854,1.0,0.8250628182278049,0.9264751535553781,0.7424604726303498,0.6847396031870295,0.022145348215662653,0.022145348215662653,0.0,0.6625942549713668,0.0,0.0,0.6625942549713668,0.0,0.022145348215662653,0.0,4.501102286018623,150.34111477238199,534.9633235248829,6.734365241406406,149.65637516919494,0.0,0.0,0.0,19011.362294736864,-22700.581636202296,1.1458951121312565e-16,0.0,-2.7214549481868745e-11,1.1102230246251565e-16
contact_inhibition_hypothesis,once_through,343.3099341455862,10.94045006343204,19848.0490687568,89338.01118406437,332.36948408215414,526666.6666666673,2370661.9888159353,0.0,2817.4108049539636,526666.6666666673,2370000.0,0.0,79.0,0.09717740443518778,0.025266125153148824,0.0,0.3247338748468512,1.0,0.823365714976729,0.9256878671966212,0.7400404129439052,0.6920716300454043,0.02205463447387138,0.02205463447387138,0.0,0.6700169955715328,0.0,0.0,0.6700169955715328,0.0,0.02205463447387138,0.0,4.5010978597736875,151.95093124319598,534.3539761829192,6.756387776324045,151.25885961315058,0.0,0.0,0.0,19255.097708771948,-22980.227128950584,1.1458951121312565e-16,0.0,-2.7214549481868745e-11,1.1102230246251565e-16
contact_inhibition_hypothesis,once_through,346.9326470626188,10.895789089502182,19846.44563539639,89330.70678153663,336.0368579731166,533333.333333334,2400669.293218463,0.0,2853.3271721330293,533333.333333334,2400000.0,0.0,80.0,0.09820285055042242,0.02553274114310983,0.0,0.32446725885689015,1.0,0.8216788110494095,0.9249037025202652,0.7376365262478017,0.699374584560592,0.02196460330974566,0.02196460330974566,0.0,0.6774099812508462,0.0,0.0,0.6774099812508462,0.0,0.02196460330974566,0.0,4.501093466439863,153.5543646036079,533.7470449743641,6.778406196116567,152.8549900190473,0.0,0.0,0.0,19498.83312280703,-23259.878910164734,1.1458951121312565e-16,0.0,0.0,1.1102230246251565e-16
contact_inhibition_hypothesis,once_through,350.54104416581424,10.85146300604169,19844.84853829668,89323.43155919197,339.6895811597725,540000.0000000006,2430676.568440808,0.0,2889.2498266064276,540000.0000000006,2430000.0,0.0,81.0,0.09922424442745274,0.025798303551137713,0.0,0.32420169644886226,1.0,0.8200020088949856,0.9241226366143008,0.7352486485536972,0.7066486801129815,0.021875247244619322,0.021875247244619322,0.0,0.6847734328683621,0.0,0.0,0.6847734328683621,0.0,0.021875247244619322,0.0,4.501089105659598,155.15146170331863,533.1425121656803,6.800420524179769,154.44481302320565,0.0,0.0,0.0,19742.568536842125,-23539.536978673226,1.1458951121312565e-16,0.0,0.0,1.1102230246251565e-16
contact_inhibition_hypothesis,once_through,354.13523016993884,10.80746815642943,19843.25773111032,89316.18530118435,343.3277620135094,546666.6666666672,2460683.8146988153,0.0,2925.178767209282,546666.6666666672,2460000.0,0.0,82.0,0.10024161570686929,0.026062820083786017,0.0,0.32393717991621396,1.0,0.818335212235278,0.923344646812394,0.7328766181002162,0.7138941277949763,0.021786558907182958,0.021786558907182958,0.0,0.6921075688877933,0.0,0.0,0.6921075688877933,0.0,0.021786558907182958,0.0,4.501084777080437,156.74226888967985,532.5403602134792,6.822430783726111,156.02837476188486,0.0,0.0,0.0,19986.303950877213,-23819.201333311168,0.0,0.0,-2.7214549481868745e-11,0.0
contact_inhibition_hypothesis,once_through,357.7153086707501,10.76380093635623,19841.67316798523,89308.96779400061,346.9515077343939,553333.3333333338,2490691.0322059994,0.0,2961.113992783317,553333.3333333338,2490000.0,0.0,83.0,0.10125499371251571,0.026326298365254085,0.0,0.3236737016347459,1.0,0.8166783260438233,0.9225697106904291,0.7305202753151142,0.7211111364431917,0.021698531031581796,0.021698531031581796,0.0,0.6994126054116099,0.0,0.0,0.6994126054116099,0.0,0.021698531031581796,0.0,4.501080480354936,158.32683201476357,531.9405717618458,6.8444369977865716,157.60572087832037,0.0,0.0,0.0,20230.039364912296,-24098.871972920286,0.0,0.0,0.0,0.0
contact_inhibition_hypothesis,once_through,361.28138216069175,10.720457792901323,19840.094803557688,89301.77882642747,350.56092436779045,560000.0000000005,2520698.221173573,0.0,2997.0555021768073,560000.0000000005,2520000.0,0.0,84.0,0.10226440745593132,0.026588745938542144,0.0,0.3234112540614578,1.0,0.8150312565253235,0.9217978060631113,0.728179462778209,0.7282999126700952,0.021611156455553917,0.021611156455553917,0.0,0.7066887562145413,0.0,0.0,0.7066887562145413,0.0,0.021611156455553917,0.0,4.501076215140567,159.90519644230884,531.3431296397084,6.866439189212501,159.17689652963875,0.0,0.0,0.0,20473.774778947383,-24378.548896348864,0.0,0.0,2.7214549481868745e-11,0.0
contact_inhibition_hypothesis,once_through,364.83355204431643,10.677435223627981,19838.522592945446,89294.61818951904,354.15611682068845,566666.6666666671,2550705.381810481,0.0,3033.003294244524,566666.6666666671,2550000.0,0.0,85.0,0.1032698856407167,0.026850170266586343,0.0,0.32314982973341366,1.0,0.8133939110955033,0.9210289109806284,0.725854025185072,0.7354606608950965,0.021524428118607174,0.021524428118607174,0.0,0.7139362327764894,0.0,0.0,0.7139362327764894,0.0,0.021524428118607174,0.0,4.501071981099646,161.47740705454797,530.7480168582554,6.888437380677393,160.74194639365288,0.0,0.0,0.0,20717.51019298247,-24658.232102451668,0.0,0.0,0.0,-1.1102230246251565e-16
contact_inhibition_hypothesis,once_through,368.37191865344226,10.63472977569812,19836.95649174108,89287.48567656474,357.7371888777442,573333.3333333337,2580712.5143234353,0.0,3068.9573678476872,573333.3333333337,2580000.0,0.0,86.0,0.10427145666682387,0.02711057873337421,0.0,0.3228894212666258,1.0,0.8117661983613631,0.9202630037253701,0.7235438093114436,0.7425935833751012,0.02143833906023432,0.02143833906023432,0.0,0.7211552443148669,0.0,0.0,0.7211552443148669,0.0,0.02143833906023432,0.0,4.501067777899231,163.0435082589148,530.1552166083954,6.910431594678728,162.3009146755397,0.0,0.0,0.0,20961.245607017554,-24937.921590089914,-1.1458951121312565e-16,0.0,0.0,0.0
contact_inhibition_hypothesis,once_through,371.8965812620484,10.592338045005341,19835.396456005354,89280.381083058,361.30424321704305,580000.0000000003,2610719.6189169423,0.0,3104.917721853914,580000.0000000003,2610000.0,0.0,87.0,0.10526914863477274,0.027369978645040913,0.0,0.32263002135495905,1.0,0.8101480281018218,0.9195000628087031,0.7212486639783757,0.7496988802345381,0.021352882418165367,0.021352882418165367,0.0,0.7283459978163727,0.0,0.0,0.7283459978163727,0.0,0.021352882418165367,0.0,4.501063605211053,164.60354399463768,529.5647122582627,6.932421853539695,163.85384511440313,0.0,0.0,0.0,21204.98102105264,-25217.61735813123,0.0,0.0,2.7214549481868745e-11,1.1102230246251565e-16
contact_inhibition_hypothesis,once_through,375.40763810091494,10.550256675325942,19833.84244226077,89273.30420666534,364.857381425589,586666.666666667,2640726.695793335,0.0,3140.884355137169,586666.666666667,2640000.0,0.0,88.0,0.1062629893497949,0.027628377230946678,0.0,0.3223716227690533,1.0,0.8085393112487379,0.9187400669678039,0.7189684400180701,0.7567767494948724,0.021268051426656057,0.021268051426656057,0.0,0.7355086980682163,0.0,0.0,0.7355086980682163,0.0,0.021268051426656057,0.0,4.501059462711426,166.15755773921902,528.9764873507633,6.954408179410953,165.40078098972415,0.0,0.0,0.0,21448.71643508773,-25497.31940544957,0.0,0.0,0.0,0.0
contact_inhibition_hypothesis,once_through,378.9051863720126,10.508482357487537,19832.294407485188,89266.25484719622,368.3967040145251,593333.3333333336,2670733.7451528036,0.0,3176.857266577718,593333.3333333336,2670000.0,0.0,89.0,0.107253006325907,0.02788578164473582,0.0,0.32211421835526416,1.0,0.8069399598683008,0.9179829951625417,0.7167029902404004,0.7638273871036128,0.021183839414811976,0.021183839414811976,0.0,0.7426435476888008,0.0,0.0,0.7426435476888008,0.0,0.021183839414811976,0.0,4.501055350081177,167.7055925148045,528.3905256011649,6.976390594272353,166.94176512770088,0.0,0.0,0.0,21692.451849122812,-25777.0277309252,0.0,0.0,0.0,0.0
contact_inhibition_hypothesis,once_through,382.3893222626472,10.467011828554742,19830.75230910555,89259.232806573,371.9223104340925,600000.0000000002,2700740.7671934273,0.0,3212.8364550620745,600000.0000000002,2700000.0,0.0,90.0,0.10823922678991423,0.028142198965377698,0.0,0.3218578010346223,1.0,0.8053498871427853,0.9172288265724186,0.7144521694001028,0.7708509869628253,0.021100239804946932,0.021100239804946932,0.0,0.7497507471578783,0.0,0.0,0.7497507471578783,0.0,0.021100239804946932,0.0,4.501051267005562,169.24769089444317,527.8068108947274,6.998369119934652,168.47683990748035,0.0,0.0,0.0,21936.187263157903,-26056.74233344465,0.0,0.0,2.7214549481868745e-11,1.1102230246251565e-16
contact_inhibition_hypothesis,once_through,385.86014095936355,10.425841871031713,19829.21610499175,89252.23788880186,375.4342990883319,606666.6666666669,2730747.762111198,0.0,3248.821919482957,606666.6666666669,2730000.0,0.0,91.0,0.10922167768534617,0.028397636198190006,0.0,0.32160236380180995,1.0,0.8037690073526587,0.9164775405935588,0.7122158341646195,0.7778477409571617,0.021017246110975406,0.021017246110975406,0.0,0.7568304948461865,0.0,0.0,0.7568304948461865,0.0,0.021017246110975406,0.0,4.501047213174189,170.78389500824164,527.225327284373,7.020343778041187,170.0060472672845,0.0,0.0,0.0,22179.92267719299,-26336.46321190062,-1.1458951121312565e-16,0.0,0.0,-2.220446049250313e-16
contact_inhibition_hypothesis,once_through,389.317736661614,10.384969312080928,19827.685753450576,89245.26989994387,378.93276734953315,613333.3333333335,2760754.730100056,0.0,3284.813658739238,613333.3333333335,2760000.0,0.0,92.0,0.11020038567632574,0.028652100275844694,0.0,0.3213478997241553,1.0,0.8021972358590345,0.9157291168357509,0.7099938430825821,0.7848178389814143,0.0209348519368377,0.0209348519368377,0.0,0.7638829870445768,0.0,0.0,0.7638829870445768,0.0,0.0209348519368377,0.0,4.501043188280946,172.31424654941387,526.6460589883965,7.042314590069524,171.52942871043246,0.0,0.0,0.0,22423.658091228077,-26616.190365191986,-2.291790224262513e-16,0.0,0.0,-2.220446049250313e-16
contact_inhibition_hypothesis,once_through,392.7622025951966,10.344391022757979,19826.161213219762,89238.3286480868,382.4178115724386,620000.0000000001,2790761.6713519134,0.0,3320.811671735897,620000.0000000001,2790000.0,0.0,93.0,0.111175377151373,0.028905598059356982,0.0,0.321094401940643,1.0,0.800634489086464,0.9149835351195382,0.7077860565529129,0.7917614689676048,0.020853050974957352,0.020853050974957352,0.0,0.7709084179926475,0.0,0.0,0.7709084179926475,0.0,0.020853050974957352,0.0,4.501039192023927,173.8387867802287,526.0689903882137,7.064281577333119,173.0470253112611,0.0,0.0,0.0,22667.39350526316,-26895.92379222373,0.0,0.0,0.0,-1.1102230246251565e-16
contact_inhibition_hypothesis,once_through,396.19363102546646,10.304103917261912,19824.642443462133,89231.41394331741,385.88952710820456,626666.6666666667,2820768.5860566827,0.0,3356.8159573839775,626666.6666666667,2820000.0,0.0,94.0,0.11214667822714476,0.029158136339057637,0.0,0.32084186366094236,1.0,0.7990806845060582,0.9142407754733599,0.705592336794538,0.7986788169116172,0.020771837004729943,0.020771837004729943,0.0,0.7779069799068874,0.0,0.0,0.7779069799068874,0.0,0.020771837004729943,0.0,4.50103522410537,175.3575565378576,525.4941060261484,7.086244760982932,174.558877720946,0.0,0.0,0.0,22911.128919298248,-27175.663491906897,0.0,0.0,0.0,-1.1102230246251565e-16
contact_inhibition_hypothesis,once_through,399.61211327032663,10.264104952200803,19823.129403759867,89224.52559769382,389.34800831812584,633333.3333333334,2850775.474402306,0.0,3392.826514600536,633333.3333333334,2850000.0,0.0,95.0,0.11311431475211176,0.029409721835549057,0.0,0.3205902781644509,1.0,0.7975357406189325,0.913500818130738,0.7034125478166937,0.805570066899386,0.020691203891042554,0.020691203891042554,0.0,0.7848788630083434,0.0,0.0,0.7848788630083434,0.0,0.020691203891042554,0.0,4.501031284231567,176.87059624012429,524.9213906032558,7.108204162009033,176.0650261732249,0.0,0.0,0.0,23154.864333333335,-27455.409463158543,0.0,0.0,0.0,1.1102230246251565e-16
contact_inhibition_hypothesis,once_through,403.01773971300065,10.224391125872163,19821.622054108837,89217.6634252189,392.7933485871285,640000.0,2880782.336574781,0.0,3428.8433423085985,640000.0,2880000.0,0.0,96.0,0.11407831231017414,0.029660361200645278,0.0,0.3203396387993547,1.0,0.7959995769399674,0.9127636435275138,0.7012465553898146,0.8124354011326437,0.020611145582823176,0.020611145582823176,0.0,0.7918242555498205,0.0,0.0,0.7918242555498205,0.0,0.020611145582823176,0.0,4.501027372112814,178.37794589115805,524.3508289771825,7.130159801242175,177.56551049002542,0.0,0.0,0.0,23398.59974736842,-27735.16170490169,0.0,0.0,0.0,0.0
contact_inhibition_hypothesis,once_through,406.4105998145932,10.184959477557848,19820.12035491304,89210.82724181373,396.2256403370353,646666.6666666666,2910789.1727581862,0.0,3464.866439437116,646666.6666666666,2910000.0,0.0,97.0,0.11503869622421682,0.029910061018296373,0.0,0.3200899389817036,1.0,0.7944721139818778,0.9120292322991284,0.69909422701699,0.819274999954242,0.020531656111619313,0.020531656111619313,0.0,0.7987433438426227,0.0,0.0,0.7987433438426227,0.0,0.020531656111619313,0.0,4.5010234874633355,179.87964508695308,523.782406160062,7.152111699355351,179.06037008699883,0.0,0.0,0.0,23642.335161403513,-28014.9202160653,0.0,0.0,0.0,0.0
contact_inhibition_hypothesis,once_through,409.80467917249825,10.158759437687364,19818.61811606746,89204.01498371805,399.64591973481095,653333.3333333334,2940795.9850162817,0.0,3500.895423850845,653333.3333333334,2940000.0,0.0,98.0,0.11599942526128684,0.03015985056793458,0.0031919063595736066,0.3198882831414812,1.0127676254382945,0.7929470347808766,0.9114361268867095,0.697360052460975,0.8261170566502557,0.0204788399752452,0.0204788399752452,0.0,0.8056382166750107,0.0,0.0,0.8056382166750107,0.0,0.0204788399752452,0.0,4.501020931999193,181.381883932533,523.2137790748354,7.169897361277093,180.55576687588274,0.0,0.0,0.0,23886.070575438604,-28294.68461451412,-1.1458951121312565e-16,0.0,0.0,-2.220446049250313e-16
contact_inhibition_hypothesis,once_through,413.2497005095231,10.183543265434901,19817.093330011918,89197.20280905275,403.0661572440883,660000.0,2970802.7971909475,0.0,3536.92895804892,660000.0,2970000.0,0.0,99.0,0.1169745739489853,0.03041338922673618,0.008233700402271133,0.3197118181408191,1.0329348016090845,0.7914020593306109,0.9109171121788798,0.6958454603869854,0.8330618062631374,0.020528801197924905,0.020528801197924905,0.0,0.8125330050652126,0.0,0.0,0.8125330050652126,0.0,0.020528801197924905,0.0,4.501023501462164,182.90666998807316,522.6366174251369,7.185503512833605,182.07360818181002,0.0,0.0,0.0,24129.805989473683,-28574.453562747276,-1.1458951121312565e-16,0.0,0.0,-1.1102230246251565e-16
contact_inhibition_hypothesis,once_through,416.74995401769047,10.247919445801987,19815.544097883005,89190.35948416023,406.5020345718885,666666.6666666666,3000809.6405158397,0.0,3572.966979711429,666666.6666666666,3000000.0,0.0,100.0,0.1179653566702468,0.030670992734264168,0.013330209890156935,0.3195334326510794,1.0533208395606277,0.7898353970932129,0.910392448973763,0.6943171782330824,0.8401178973051818,0.020658575852403306,0.020658575852403306,0.0,0.8194593214527784,0.0,0.0,0.8194593214527784,0.0,0.020658575852403306,0.0,4.50103005214421,184.455902116986,522.0502024536462,7.201319737938991,183.61578421968082,0.0,0.0,0.0,24373.54140350877,-28854.226998444872,0.0,0.0,0.0,1.1102230246251565e-16
contact_inhibition_hypothesis,once_through,420.30531549021634,10.340465853645487,19813.970474655347,89183.46250668706,409.9648496365709,673333.3333333333,3030816.5374933127,0.0,3609.0095488330467,673333.3333333333,3030000.0,0.0,101.0,0.11897173826706484,0.030932651949436858,0.018480147708469938,0.31935316803908326,1.0739205908338798,0.7882472443008184,0.9098622589384803,0.6927756455461389,0.8472850793904173,0.020845138305046862,0.020845138305046862,0.0,0.8264399410853704,0.0,0.0,0.8264399410853704,0.0,0.020845138305046862,0.0,4.501039436833942,186.02952534464183,521.4545549693465,7.2173437853149816,185.1822402652514,0.0,0.0,0.0,24617.276817543858,-29134.004981601578,0.0,0.0,0.0,0.0
contact_inhibition_hypothesis,once_through,423.91567568097895,10.45303390451146,19812.372508681903,89176.4958644772,413.4626417764676,679999.9999999999,3060823.5041355225,0.0,3645.0567246856917,679999.9999999999,3060000.0,0.0,102.0,0.11999368781620214,0.031198358832212555,0.02368224474300922,0.3191710647525098,1.094728978972037,0.7866377918085171,0.9093266610367935,0.6912212920735097,0.8545631322917718,0.021072061987426564,0.021072061987426564,0.0,0.8334910703043454,0.0,0.0,0.8334910703043454,0.0,0.021072061987426564,0.0,4.501050837066561,187.62749131808525,520.8496932747871,7.233573469649807,186.7729281857935,0.0,0.0,0.0,24861.012231578945,-29413.78757148931,-2.291790224262513e-16,0.0,-2.7214549481868745e-11,-2.220446049250313e-16
contact_inhibition_hypothesis,once_through,427.58092808830685,10.579803722583243,19810.750247100917,89169.44817805696,417.00112436572374,686666.6666666665,3090830.551821943,0.0,3681.1085658550464,686666.6666666665,3090000.0,0.0,103.0,0.12103117517126628,0.03146810554452924,0.02893523233400804,0.3189871629279918,1.115740929336032,0.7850072305561987,0.908785773317623,0.6896545429492761,0.861951841314656,0.021327614728281107,0.021327614728281107,0.0,0.8406242265863751,0.0,0.0,0.8406242265863751,0.0,0.021327614728281107,0.0,4.501063668252843,189.24975289907013,520.2356352127255,7.250006617251775,188.38780105775547,0.0,0.0,0.0,25104.74764561403,-29693.574826693748,-2.291790224262513e-16,0.0,0.0,-3.3306690738754696e-16
contact_inhibition_hypothesis,once_through,431.3009600623439,10.716611809135333,19809.10373977186,89162.31137924685,420.58434825320865,693333.3333333331,3120837.6886207527,0.0,3717.1651302564806,693333.3333333331,3120000.0,0.0,104.0,0.12208416844555799,0.031741883795845076,0.03423783000649557,0.31880150281489894,1.1369513200259822,0.7833557554906256,0.9082397141614675,0.688075822259217,0.8694509793704778,0.021603403413799734,0.021603403413799734,0.0,0.8478475759566781,0.0,0.0,0.8478475759566781,0.0,0.021603403413799734,0.0,4.501077512165814,190.8962602281289,519.6123996559552,7.266641027413346,190.02680924875844,0.0,0.0,0.0,25348.483059649116,-29973.366805130267,-1.1458951121312565e-16,0.0,-2.7214549481868745e-11,-1.1102230246251565e-16
contact_inhibition_hypothesis,once_through,435.07564634471527,10.860472686073352,19807.433042134795,89155.07977127403,424.215173658642,699999.9999999998,3150844.9202287258,0.0,3753.2264751363678,699999.9999999998,3150000.0,0.0,105.0,0.12315263218340719,0.03201968436768587,0.039588737052977066,0.3186141250647899,1.1583549482119082,0.7816835683611131,0.9076886031317352,0.6864855554277182,0.8770602939533846,0.02189340967840155,0.02189340967840155,0.0,0.8551668842749832,0.0,0.0,0.8551668842749832,0.0,0.02189340967840155,0.0,4.501092068902691,192.5669578651918,518.9800075896381,7.283474445263056,191.68989757123842,0.0,0.0,0.0,25592.218473684206,-30253.163564045248,-2.291790224262513e-16,0.0,0.0,-2.220446049250313e-16
contact_inhibition_hypothesis,once_through,438.9048443899276,11.00923860120205,19805.738217281174,89147.74936031691,427.8956057887256,706666.6666666664,3180852.250639683,0.0,3789.2926570631303,706666.6666666664,3180000.0,0.0,106.0,0.12423652603584731,0.0323014967693203,0.04498662693154218,0.3184250709229256,1.1799465077261688,0.7799908796902288,0.9071325615380166,0.6848841707489877,0.8847794977087672,0.022193303911391186,0.022193303911391186,0.0,0.8625861937973761,0.0,0.0,0.8625861937973761,0.0,0.022193303911391186,0.0,4.50110712270914,194.26178271881196,518.3384828951334,7.300504543026615,193.3770032211032,0.0,0.0,0.0,25835.95388771929,-30532.965160007094,-2.291790224262513e-16,0.0,0.0,-1.1102230246251565e-16
contact_inhibition_hypothesis,once_through,442.78839099450363,11.16135748767838,19804.01933744579,89140.31738014078,431.62703350682534,713333.333333333,3210859.682619859,0.0,3825.363731911164,713333.333333333,3210000.0,0.0,107.0,0.1253358038064572,0.032587308989678876,0.05043014372546572,0.3182343823483089,1.201720574901863,0.7782779101389252,0.906571712789144,0.683272100296807,0.8926082616379999,0.02249995733226109,0.02249995733226109,0.0,0.870108304305739,0.0,0.0,0.870108304305739,0.0,0.02249995733226109,0.0,4.501122517669567,195.98066255420127,517.6878529147358,7.317728907455825,195.08805429256327,0.0,0.0,0.0,26079.689301754377,-30812.771648890215,-2.291790224262513e-16,0.0,0.0,-2.220446049250313e-16
contact_inhibition_hypothesis,once_through,446.7260998889504,11.315700840039966,19802.27648507257,89132.78195407009,435.4103990489105,719999.9999999997,3240867.21804593,0.0,3861.4397548399393,719999.9999999997,3240000.0,0.0,108.0,0.1264504127697429,0.03287710732013315,0.05591790011641389,0.31804210208148875,1.2236716004656556,0.7765448914256541,0.906006182592614,0.681649780382943,0.9005462102441373,0.022811095009419764,0.022811095009419764,0.0,0.8777351152347176,0.0,0.0,0.8777351152347176,0.0,0.022811095009419764,0.0,4.501138140418377,197.72351492742175,517.0281488551046,7.335145031794857,196.82296871717762,0.0,0.0,0.0,26323.424715789468,-31092.58308585408,-1.1458951121312565e-16,0.0,0.0,-1.1102230246251565e-16
contact_inhibition_hypothesis,once_through,450.7177600418126,11.471441336542279,19800.50975356524,89125.14185462368,439.2463187052704,726666.6666666663,3270874.858145376,0.0,3897.520780269935,726666.6666666663,3270000.0,0.0,109.0,0.12758029319108258,0.03317087622968147,0.06144847647304977,0.3178482736741135,1.245793905892199,0.7747920669154263,0.9054360990415103,0.6800176516878429,0.9085929181130891,0.023125049161508846,0.023125049161508846,0.0,0.8854678689515805,0.0,0.0,0.8854678689515805,0.0,0.023125049161508846,0.0,4.501153907847044,199.49024643474993,516.3594060713948,7.35275031109812,198.58165351663683,0.0,0.0,0.0,26567.160129824548,-31372.399525319153,-2.291790224262513e-16,0.0,0.0,-2.220446049250313e-16
contact_inhibition_hypothesis,once_through,454.76313449360913,11.6279658524939,19798.71924780342,89117.39633258365,443.13516864111534,733333.3333333329,3300882.603667416,0.0,3933.606861856639,733333.3333333329,3300000.0,0.0,110.0,0.1287253779966603,0.033468598279131685,0.06702042076535515,0.31765294149041534,1.2680816830614206,0.7730196919630974,0.9048615926188687,0.6783761591535677,0.9167479075629767,0.0234405838027254,0.0234405838027254,0.0,0.8933073237602516,0.0,0.0,0.8933073237602516,0.0,0.0234405838027254,0.0,4.501169758365599,201.28075219657052,515.6816642626131,7.370542040036702,200.36400428900754,0.0,0.0,0.0,26810.895543859635,-31652.221020940946,-2.291790224262513e-16,0.0,0.0,-2.220446049250313e-16
contact_inhibition_hypothesis,once_through,458.86195958826306,11.784813648902352,19796.905084482787,89109.54499541497,447.07714593936083,739999.9999999995,3330890.4550045845,0.0,3969.6980524635055,739999.9999999995,3330000.0,0.0,111.0,0.12988559255591445,0.03377025406453776,0.07263224909354599,0.3174561506880461,1.290528996374184,0.7712280340721717,0.9042827961413121,0.6767257517045323,0.9250106470947876,0.023756770138549273,0.023756770138549273,0.0,0.9012538769562386,0.0,0.0,0.9012538769562386,0.0,0.023756770138549273,0.0,4.501185645692711,203.0949155172029,514.9949676003803,7.388517412564888,202.16990487010813,0.0,0.0,0.0,27054.630957894722,-31932.047625582898,-2.291790224262513e-16,0.0,-2.7214549481868745e-11,-2.220446049250313e-16
contact_inhibition_hypothesis,once_through,463.01394450579755,11.94163246737616,19795.06739232192,89101.58772074917,451.0723120384215,746666.6666666662,3360898.4122792506,0.0,4005.7944041345286,746666.6666666662,3360000.0,0.0,112.0,0.13106085454926225,0.034075822182808184,0.0782824466772537,0.31725794718369643,1.3131297867090148,0.7694173729137681,0.9036998446579307,0.6750668818440514,0.9333805504503471,0.02407289805833425,0.02407289805833425,0.0,0.909307652392013,0.0,0.0,0.909307652392013,0.0,0.02407289805833425,0.0,4.501201534444372,204.9326076780698,514.2993648072211,7.4066735229874014,203.99922712761943,0.0,0.0,0.0,27298.36637192981,-32211.87939128901,-2.291790224262513e-16,0.0,-2.7214549481868745e-11,-2.220446049250313e-16
contact_inhibition_hypothesis,once_through,467.21877102627866,12.098147359444935,19793.206312166774,89093.52459477106,455.12062366683375,753333.3333333328,3390906.475405229,0.0,4041.895968066934,753333.3333333328,3390000.0,0.0,113.0,0.13225107390128168,0.034385279214333236,0.08396946919165728,0.317058377607484,1.335877876766629,0.7675880002383278,0.9031128753161295,0.673400005161932,0.9418569761364546,0.024388413298957853,0.024388413298957853,0.0,0.9174685628374968,0.0,0.0,0.9174685628374968,0.0,0.024388413298957853,0.0,4.501217397001807,206.79368783321684,513.5949091961123,7.4250073680912045,205.8518308570804,0.0,0.0,0.0,27542.101785964893,-32491.7163692565,0.0,0.0,0.0,0.0
contact_inhibition_hypothesis,once_through,471.4760934739636,12.25413857095804,19791.3219970154,89085.35586828197,459.2219549030056,759999.9999999994,3420914.6441317177,0.0,4078.002794584345,759999.9999999994,3420000.0,0.0,114.0,0.1334561527649019,0.03469859971887449,0.08969174436683876,0.31685748924906176,1.358766977467355,0.7657402197039411,0.9025220272031229,0.6717255797792058,0.9504392273122937,0.02470287286242289,0.02470287286242289,0.0,0.9257363544498709,0.0,0.0,0.9257363544498709,0.0,0.02470287286242289,0.0,4.501233211289087,208.67800298459244,512.8816586798395,7.443515850093851,207.72756375728014,0.0,0.0,0.0,27785.837199999987,-32771.558609809006,-1.1458951121312565e-16,0.0,-2.7214549481868745e-11,-1.1102230246251565e-16
contact_inhibition_hypothesis,once_through,475.78553880433265,12.409425864255084,19789.414611979424,89077.08192530024,463.37611294007763,766666.666666666,3450922.9180746996,0.0,4114.114933110709,766666.666666666,3450000.0,0.0,115.0,0.13467598554603838,0.03501575624196998,0.09544767378796495,0.31665532999764123,1.3817906951518597,0.7638743466388803,0.901927441169533,0.6700440657494265,0.9591265519648781,0.025015913411234537,0.025015913411234537,0.0,0.9341106385536436,0.0,0.0,0.9341106385536436,0.0,0.025015913411234537,0.0,4.501248959197503,210.5853880205685,512.159675756416,7.462195780224741,209.62626146860362,0.0,0.0,0.0,28029.572614035074,-33051.406162370455,-1.1458951121312565e-16,0.0,0.0,-1.1102230246251565e-16
contact_inhibition_hypothesis,once_through,480.1467068065857,12.563857416445332,19787.484334194425,89068.7032605464,467.5828493901405,773333.3333333327,3480931.296739454,0.0,4150.232432145196,773333.3333333327,3480000.0,0.0,116.0,0.13591045896091203,0.035336719329837125,0.1012356348492621,0.316451948277586,1.4049425393970485,0.7619907077513919,0.9013292596399589,0.6683559244311847,0.9679181433172599,0.025327228888663813,0.025327228888663813,0.0,0.9425909144285963,0.0,0.0,0.9425909144285963,0.0,0.025327228888663813,0.0,4.5012646254697595,212.51566580556658,511.4290274751586,7.481043882801416,211.54774766224932,0.0,0.0,0.0,28273.308028070154,-33331.25907544002,-2.291790224262513e-16,0.0,2.7214549481868745e-11,-2.220446049250313e-16
contact_inhibition_hypothesis,once_through,484.55917040132465,12.71730196972284,19785.53135268818,89060.22046321596,471.84186843160194,779999.9999999993,3510939.779536784,0.0,4186.355339238224,779999.9999999993,3510000.0,0.0,117.0,0.13715945212031083,0.03566145755128082,0.10705398282581456,0.3162473929808383,1.4282159313032583,0.7600896407965447,0.9007276264142304,0.6666616178429919,0.9768131404286222,0.025636554694724877,0.025636554694724877,0.0,0.9511765857338976,0.0,0.0,0.9511765857338976,0.0,0.025636554694724877,0.0,4.501280196910947,214.4686473118138,510.6897853868141,7.500056799696498,213.4918341713852,0.0,0.0,0.0,28517.04344210524,-33611.11739656814,-2.291790224262513e-16,0.0,0.0,-3.3306690738754696e-16
contact_inhibition_hypothesis,once_through,489.0224760182722,12.869643292064042,19783.55586821347,89051.63420519407,476.1528327262082,786666.6666666659,3540948.3657948063,0.0,4222.48370096875,786666.6666666659,3540000.0,0.0,118.0,0.13842283663650728,0.03598993752549189,0.11290105303519311,0.31604171339715753,1.4516042121407724,0.7581714942075813,0.900122686462228,0.664961608009182,0.9858106289557145,0.02594365651960606,0.02594365651960606,0.0,0.9598669724361085,0.0,0.0,0.9598669724361085,0.0,0.02594365651960606,0.0,4.501295661831685,216.44413178652337,509.94202548027874,7.519231095114529,215.45832115756767,0.0,0.0,0.0,28760.77885614033,-33890.98117233375,-1.1458951121312565e-16,0.0,2.7214549481868745e-11,-1.1102230246251565e-16
contact_inhibition_hypothesis,once_through,493.5361440425636,13.020776278666755,19781.558093050568,89042.9452324021,480.5153677638969,793333.3333333326,3570957.0547675984,0.0,4258.617562922912,793333.3333333326,3570000.0,0.0,119.0,0.13970047674958577,0.0363221239548923,0.1187751630666698,0.31583495914294274,1.4751006522666792,0.7562366266975439,0.8995145857145376,0.6632563563035957,0.994909642052523,0.026248322484638736,0.026248322484638736,0.0,0.9686613195678844,0.0,0.0,0.9686613195678844,0.0,0.026248322484638736,0.0,4.5013110096561935,218.4419069494258,509.1858281078291,7.538563260615515,217.44699730737327,0.0,0.0,0.0,29004.51427017541,-34170.85044832299,-1.1458951121312565e-16,0.0,2.7214549481868745e-11,-1.1102230246251565e-16
contact_inhibition_hypothesis,once_through,498.09966932077947,13.170604217950835,19779.53825078325,89034.15435834405,484.9290651028287,799999.9999999992,3600965.845641657,0.0,4294.756969674103,799999.9999999992,3600000.0,0.0,120.0,0.14099222947068044,0.03665797966237692,0.12467461505992808,0.3156271800892638,1.4986984602397122,0.7542854068357385,0.898903470850776,0.6615463227965027,1.0041091613903728,0.026550357630882728,0.026550357630882728,0.0,0.9775588037594902,0.0,0.0,0.9775588037594902,0.0,0.026550357630882728,0.0,4.501326230647391,220.4617492167419,508.42127790034317,7.558049720333859,219.45764005535153,0.0,0.0,0.0,29248.249684210503,-34450.72526910928,-1.1458951121312565e-16,0.0,5.442909896373749e-11,-2.220446049250313e-16
contact_inhibition_hypothesis,once_through,502.7125217197657,13.319036883522308,19777.496576051475,89025.26245919356,489.39348483624343,806666.6666666658,3630974.737540807,0.0,4330.901964764538,806666.6666666658,3630000.0,0.0,121.0,0.14229794474015472,0.03699746563244023,0.13059769801820223,0.31541842628961186,1.5223907920728088,0.7523182126027438,0.8982894890870938,0.659831965609152,1.0134081182844412,0.02684958007275495,0.02684958007275495,0.0,0.9865585382116864,0.0,0.0,0.9865585382116864,0.0,0.02684958007275495,0.0,4.501341315715056,222.50342394851975,507.648463673679,7.577686836350884,221.4900158302353,0.0,0.0,0.0,29491.985098245594,-34730.6056782348,-1.1458951121312565e-16,0.0,2.7214549481868745e-11,0.0
contact_inhibition_hypothesis,once_through,507.37414673261964,13.465989211337702,19775.43331428315,89016.27046995194,493.908157521282,813333.3333333324,3660983.7295300486,0.0,4367.052590688358,813333.3333333324,3660000.0,0.0,122.0,0.14361746559913224,0.03734054105577438,0.13654269014298942,0.3152087479078007,1.5461707605719577,0.7503354309270512,0.8976727879641198,0.6581137402796255,1.0228053949153533,0.027145818331351445,0.027145818331351445,0.0,0.995659576584002,0.0,0.0,0.995659576584002,0.0,0.027145818331351445,0.0,4.501356256282809,224.5666857168476,506.86747832715054,7.597470914185067,223.54388032193222,0.0,0.0,0.0,29735.720512280674,-35010.491718193705,-2.291790224262513e-16,0.0,2.7214549481868745e-11,-2.220446049250313e-16
contact_inhibition_hypothesis,once_through,512.0839661271654,13.611380390871666,19773.348721407125,89007.17938134666,498.4725857362937,819999.9999999991,3690992.8206186537,0.0,4403.208888876303,819999.9999999991,3690000.0,0.0,123.0,0.1449506283730541,0.03768716337699407,0.14250786117911313,0.3149981951463875,1.5700314447164525,0.7483374572059877,0.8970535151364338,0.6563920991430509,1.03229982563643,0.02743890950235037,0.02743890950235037,0.0,1.0048609161340796,0.0,0.0,1.0048609161340796,0.0,0.02743890950235037,0.0,4.50137104419674,226.65127859287256,506.0784187348853,7.61739820836924,225.61897876723611,0.0,0.0,0.0,29979.45592631576,-35290.38343041674,0.0,0.0,2.7214549481868745e-11,0.0
contact_inhibition_hypothesis,once_through,516.8413786328986,13.755133248552983,19771.24306354915,88997.990237235,503.08624538434566,826666.6666666657,3721002.0097627654,0.0,4439.3708996819805,826666.6666666657,3720000.0,0.0,124.0,0.1462972628661259,0.03803728834519274,0.14849147476015112,0.3147868181759346,1.5939658990406045,0.7463246948132537,0.8964318181645137,0.6546674907287938,1.0418901983584874,0.027728698013092985,0.027728698013092985,0.0,1.0141615003453945,0.0,0.0,1.0141615003453945,0.0,0.027728698013092985,0.0,4.5013856716634235,228.75693645084655,505.2813856307372,7.637464928087177,227.71504625248807,0.0,0.0,0.0,30223.19134035085,-35570.2808552575,-1.1458951121312565e-16,0.0,2.7214549481868745e-11,-2.220446049250313e-16
contact_inhibition_hypothesis,once_through,521.6457606628519,13.897173836902526,19769.11661671237,88988.70413234807,507.74858682594936,833333.3333333323,3751011.295867652,0.0,4475.538662369746,833333.3333333323,3750000.0,0.0,125.0,0.14765719256564908,0.03839087006706876,0.15449179074519875,0.31457466706539505,1.617967162980795,0.7442975545951833,0.8958078443099855,0.6529403591768596,1.0515752560050298,0.028015034794335064,0.028015034794335064,0.0,1.0235602212106947,0.0,0.0,1.0235602212106947,0.0,0.028015034794335064,0.0,4.501400131208645,230.88338328762788,504.476483487349,7.657667242844868,229.83180803162284,0.0,0.0,0.0,30466.926754385935,-35850.18403198035,0.0,0.0,0.0,0.0
contact_inhibition_hypothesis,once_through,526.4964670671462,14.037431167810997,19766.96966644379,88979.32221025846,512.4590358993353,839999.999999999,3781020.6777897417,0.0,4511.712215104196,839999.999999999,3780000.0,0.0,126.0,0.14903023485532127,0.03874786106238353,0.1605070675386868,0.3143617917138763,1.6420282701547473,0.7422564543576672,0.8951817403349304,0.6512111436754424,1.0613536980313187,0.02829777674256683,0.02829777674256683,0.0,1.033055921288752,0.0,0.0,1.033055921288752,0.0,0.02829777674256683,0.0,4.501414415650612,233.03033355620732,503.66382038990565,7.67800128815356,231.968979858176,0.0,0.0,0.0,30710.662168421022,-36130.09299874989,0.0,0.0,0.0,0.0
contact_inhibition_hypothesis,once_through,531.3928319152266,14.175837046174191,19764.802507488068,88969.84566149124,517.2169948690524,846666.6666666656,3811030.154338509,0.0,4547.891594941292,846666.6666666656,3810000.0,0.0,127.0,0.15041620123665633,0.039108212321530646,0.16653556438561187,0.3141482417840086,1.6661422575424476,0.7402018183455537,0.8945536523059077,0.6494802779212872,1.071224182001267,0.028576786384641627,0.028576786384641627,0.0,1.0426473956166253,0.0,0.0,1.0426473956166253,0.0,0.028576786384641627,0.0,4.501428518083307,235.19749251193025,502.8435079050825,7.698463171203434,234.126268329929,0.0,0.0,0.0,30954.39758245611,-36410.00779262208,0.0,0.0,0.0,0.0
contact_inhibition_hypothesis,once_through,536.3341693039307,14.312325972746493,19762.615443429848,88960.27572172086,522.0218433311843,853333.3333333322,3841039.724278279,0.0,4584.076837821091,853333.3333333322,3840000.0,0.0,128.0,0.15181489755771643,0.03947187336500627,0.17257554363506625,0.3139340666371239,1.6903021745402649,0.7381340767162492,0.8939237254033057,0.6477481896043016,1.0811853252164076,0.028851931681940196,0.028851931681940196,0.0,1.0523333935344676,0.0,0.0,1.0523333935344676,0.0,0.028851931681940196,0.0,4.501442431866781,237.38455657015237,502.01566094566596,7.7190489765080095,236.30337124493596,0.0,0.0,0.0,31198.1329964912,-36689.928449536965,-2.291790224262513e-16,0.0,0.0,-2.220446049250313e-16
contact_inhibition_hypothesis,once_through,541.3197741886546,14.44683509406699,19760.408786325883,88950.61367001574,526.8729390945878,859999.9999999988,3871049.3863299843,0.0,4620.267978562087,859999.9999999988,3870000.0,0.0,129.0,0.15322612424838192,0.0398387923045793,0.17862527296543923,0.3137193152704301,1.714501091861757,0.736053665009163,0.8932921037365592,0.6460152999176466,1.0912357063914249,0.029123085929427764,0.029123085929427764,0.0,1.0621126204619975,0.0,0.0,1.0621126204619975,0.0,0.029123085929427764,0.0,4.501456150622206,239.59121367411828,501.1803976313037,7.739754771500605,238.49997796772686,0.0,0.0,0.0,31441.868410526284,-36969.855004313045,-2.291790224262513e-16,0.0,0.0,-4.440892098500626e-16
contact_inhibition_hypothesis,once_through,546.3489232349581,14.579304183711104,19758.182856328112,88940.8608271051,531.7696190512471,866666.6666666655,3901059.1391728953,0.0,4656.465050857131,866666.6666666655,3900000.0,0.0,130.0,0.1546496765614071,0.04020891590596585,0.1846830275651099,0.3135040362563465,1.7387321102604396,0.7339610236125744,0.8926589301657251,0.6442820230943398,1.1013738673708873,0.029390127717859538,0.029390127717859538,0.0,1.0719837396530278,0.0,0.0,1.0719837396530278,0.0,0.029390127717859538,0.0,4.501469668230108,241.81714367188692,500.33783914583125,7.760576612065224,240.71576980451604,0.0,0.0,0.0,31685.60382456137,-37249.787490643175,-2.291790224262513e-16,0.0,2.7214549481868745e-11,0.0
contact_inhibition_hypothesis,once_through,551.420875688017,14.70967564367544,19755.93798129884,88931.01855364999,536.7112000443416,873333.3333333321,3931068.98144635,0.0,4692.668087270943,873333.3333333321,3930000.0,0.0,131.0,0.1560853448185276,0.04058218965281717,0.1907470922628694,0.3132882776841504,1.7629883690514776,0.731856597229445,0.8920243461298542,0.6425487659712313,1.1115983148819595,0.029652940936572444,0.029652940936572444,0.0,1.0819453739453873,0.0,0.0,1.0819453739453873,0.0,0.029652940936572444,0.0,4.501482978830615,244.06201870115623,499.488109591608,7.781510547985183,242.9504203862743,0.0,0.0,0.0,31929.339238596454,-37529.72594109207,-2.291790224262513e-16,0.0,0.0,-2.220446049250313e-16
contact_inhibition_hypothesis,once_through,556.5348742573801,14.83789451794881,19753.674496419135,88921.08824850786,541.6969797394314,879999.9999999987,3961078.9117514924,0.0,4728.877119239136,879999.9999999987,3960000.0,0.0,132.0,0.15753291466089991,0.04095855781183398,0.19681576360273006,0.3130720871040673,1.7872630544109203,0.7297408343436418,0.891388491482551,0.6408159275810416,1.1219075223179673,0.029911414800842643,0.029911414800842643,0.0,1.091996107517125,0.0,0.0,1.091996107517125,0.0,0.029911414800842643,0.0,4.501496076824953,246.32550358086138,498.6313358412898,7.802552628293823,245.2035960585434,0.0,0.0,0.0,32173.07465263154,-37809.67038709535,-2.291790224262513e-16,0.0,2.7214549481868745e-11,-2.220446049250313e-16
contact_inhibition_hypothesis,once_through,561.6901460145382,14.963908512635493,19751.39274379155,88911.07134698515,546.7262375019029,886666.6666666653,3991088.9286530153,0.0,4765.092177068779,886666.6666666653,3990000.0,0.0,133.0,0.15899216730316748,0.04133796349882354,0.20288735185817988,0.31285551147391966,1.8115494074327194,0.7276141866879867,0.8907515043350579,0.63908389877298,1.132299931547787,0.030165443892451637,0.030165443892451637,0.0,1.102134487655336,0.0,0.0,1.102134487655336,0.0,0.030165443892451637,0.0,4.501508956877612,248.607256208444,497.76764738745425,7.823698906512643,247.47495627689622,0.0,0.0,0.0,32416.81006666663,-38089.62085896008,-4.583580448525026e-16,0.0,2.7214549481868745e-11,-6.661338147750939e-16
contact_inhibition_hypothesis,once_through,566.8859033008556,15.087668018649138,19749.09307203829,88900.96931907404,551.7982352822067,893333.333333332,4021099.030680926,0.0,4801.313289940426,893333.333333332,4020000.0,0.0,134.0,0.16046287979046017,0.04172034874551964,0.20896018298135222,0.3126385971084351,1.8358407319254089,0.7254771087154901,0.8901135209071621,0.6373530618623288,1.1427739547461286,0.030414928205434424,0.030414928205434424,0.0,1.1123590265406949,0.0,0.0,1.1123590265406949,0.0,0.030414928205434424,0.0,4.501521613918782,250.90692796170808,496.89717619049105,7.844945445763032,249.76415400696195,0.0,0.0,0.0,32660.545480701712,-38369.57738586681,-4.583580448525026e-16,0.0,0.0,-6.661338147750939e-16
contact_inhibition_hypothesis,once_through,572.1213446434667,15.209126134176609,19746.775835895798,88890.78366767296,556.9122185092903,899999.9999999986,4051109.216332327,0.0,4837.540485911587,899999.9999999986,4050000.0,0.0,135.0,0.16194482525764806,0.0421056545669885,0.21503260048297645,0.31242138963130023,1.8601304019319058,0.7233300570750753,0.8894746753861772,0.6356237903092117,1.1533279762398716,0.03065977319136394,0.03065977319136394,0.0,1.122668203048508,0.0,0.0,1.122668203048508,0.0,0.03065977319136394,0.0,4.501534043146771,253.22416410420064,496.02005652515675,7.8662883237388765,252.07083612796077,0.0,0.0,0.0,32904.28089473681,-38649.53999587307,-2.291790224262513e-16,0.0,0.0,-4.440892098500626e-16
contact_inhibition_hypothesis,once_through,577.3956556767885,15.328238684958407,19744.44139580692,88880.51592679179,562.0674169918302,906666.6666666652,4081119.484073208,0.0,4873.7737919216015,906666.6666666652,4080000.0,0.0,136.0,0.1634377731901851,0.042493821029448126,0.22110296723939019,0.31220393393002716,1.8844118689575606,0.7211734900930407,0.8888350997941976,0.6338964484266341,1.1639603543657242,0.030899889800233952,0.030899889800233952,0.0,1.1330604645654907,0.0,0.0,1.1330604645654907,0.0,0.030899889800233952,0.0,4.501546240030226,255.55860419307857,495.1364248261892,7.887723637528299,254.39464383871285,0.0,0.0,0.0,33148.01630877189,-38929.508715918164,-2.291790224262513e-16,0.0,0.0,-4.440892098500626e-16
contact_inhibition_hypothesis,once_through,582.7080100673592,15.444964241040699,19742.09011751155,88870.16765974289,567.2630458263186,913333.3333333319,4111129.8323402572,0.0,4910.013233797864,913333.3333333319,4110000.0,0.0,137.0,0.16494148968589423,0.0428847873183325,0.22716966722329165,0.31198627411369106,1.9086786688931667,0.7190078672614494,0.8881949238637973,0.6321713911177531,1.174669423334588,0.031135194514229123,0.031135194514229123,0.0,1.1435342288203592,0.0,0.0,1.1435342288203592,0.0,0.031135194514229123,0.0,4.501558200309987,257.90988248844764,494.2464195333649,7.909247508273689,256.73521306511304,0.0,0.0,0.0,33391.75172280698,-39209.483571829514,-2.291790224262513e-16,0.0,0.0,-2.220446049250313e-16
contact_inhibition_hypothesis,once_through,588.0575704397731,15.559264129093608,19739.722371636813,88859.74045732168,572.4983063106796,919999.9999999985,4141140.2595426785,0.0,4946.258836263363,919999.9999999985,4140000.0,0.0,138.0,0.16645573771706268,0.043278491806436295,0.2332311071553157,0.3117684534735774,1.9329244286212628,0.7168336487345716,0.8875542749222866,0.630448963642203,1.1854534950981297,0.03136560937255722,0.03136560937255722,0.0,1.1540878857255727,0.0,0.0,1.1540878857255727,0.0,0.03136560937255722,0.0,4.501569920000524,260.27762836318624,493.35018093637257,7.930856085660308,259.09217486808814,0.0,0.0,0.0,33635.48713684206,-39489.46458833009,-2.291790224262513e-16,0.0,0.0,-2.220446049250313e-16
contact_inhibition_hypothesis,once_through,593.443489301549,15.671102439708424,19737.3385332877,88849.23593597894,577.7723868618406,926666.6666666651,4171150.764064021,0.0,4982.510622945468,926666.6666666651,4170000.0,0.0,139.0,0.16798027739223545,0.04367487212198122,0.2392857180739192,0.3115505144467662,1.9571428722956767,0.7146512948344456,0.8869132777846065,0.6287295014111772,1.1963108612132065,0.031591061986159415,0.031591061986159415,0.0,1.164719799227047,0.0,0.0,1.164719799227047,0.0,0.031591061986159415,0.0,4.501581395390855,262.66146671229757,492.4478510198649,7.952545552224842,261.4651558510844,0.0,0.0,0.0,33879.222550877144,-39769.451789047285,0.0,0.0,0.0,0.0
contact_inhibition_hypothesis,once_through,598.8649099648426,15.780446029318583,19734.93898163913,88838.65573598893,583.084463935524,933333.3333333317,4201161.344264011,0.0,5018.768616385925,933333.3333333317,4200000.0,0.0,140.0,0.16951486621711562,0.04407386521645006,0.24533195682145753,0.31133249858266837,1.9813278272858301,0.7124612655665538,0.886272054654907,0.6270133298108813,1.2072397946999267,0.031811485541582744,0.031811485541582744,0.0,1.175428309158344,0.0,0.0,1.175428309158344,0.0,0.031811485541582744,0.0,4.50159262304495,265.06101836086486,491.53957330904007,7.974312127475969,263.8537785661649,0.0,0.0,0.0,34122.95796491224,-40049.445196522836,0.0,0.0,0.0,0.0
contact_inhibition_hypothesis,once_through,604.3209674629915,15.887264516559345,19732.524099530277,88828.00151961653,588.433702946432,939999.9999999984,4231171.998480383,0.0,5055.032838052007,939999.9999999984,4229999.999999999,0.0,141.0,0.1710592593540017,0.04447540743204045,0.2513683074447244,0.3111144465125128,2.0054732297788975,0.7102640201465439,0.8856307250368024,0.6253007640538264,1.218238551889295,0.03202681879364165,0.03202681879364165,0.0,1.1862117330956534,0.0,0.0,1.1862117330956534,0.0,0.03202681879364165,0.0,4.50160359980156,267.47590046971925,490.6254927160877,7.996152071820587,266.25766191783,0.0,0.0,0.0,34366.69337894732,-40329.444832224,2.291790224262513e-16,0.0,5.442909896373749e-11,0.0
contact_inhibition_hypothesis,once_through,609.8107894599617,15.99153027300647,19730.09427306203,88817.27496928754,593.8192591869552,946666.666666665,4261182.725030713,0.0,5091.303308348745,946666.666666665,4259999.999999999,0.0,142.0,0.17261320987921586,0.044879434568596124,0.2573932825086087,0.3108963979217745,2.029573130034435,0.7080600165388607,0.8849894056522779,0.6235921090573827,1.2293053742565476,0.03223700604674828,0.03223700604674828,0.0,1.1970683682097991,0.0,0.0,1.1970683682097991,0.0,0.03223700604674828,0.0,4.501614322773505,269.90572693796605,489.70575538782526,8.01806169028977,268.6764215637095,0.0,0.0,0.0,34610.428792982406,-40609.450716555824,2.291790224262513e-16,0.0,5.442909896373749e-11,2.220446049250313e-16
contact_inhibition_hypothesis,once_through,615.3334971508557,16.093218408327687,19727.64989119844,88806.47778576551,599.240278742528,953333.3333333316,4291193.522214235,0.0,5127.5800466322125,953333.3333333316,4289999.999999999,0.0,143.0,0.1741764690380019,0.0452858819498805,0.26340542432190167,0.3106783915255194,2.053621697287607,0.7058497110080756,0.8843482103691748,0.6218876593488817,1.240438490236467,0.03244199712497962,0.03244199712497962,0.0,1.207996493111487,0.0,0.0,1.207996493111487,0.0,0.03244199712497962,0.0,4.50162478934639,272.3501088015547,488.78050855483133,8.040037336060045,271.10967031131827,0.0,0.0,0.0,34854.16420701749,-40889.462868874376,2.291790224262513e-16,0.0,5.442909896373749e-11,2.220446049250313e-16
contact_inhibition_hypothesis,once_through,620.8882061517272,16.19230674995059,19725.19134537288,88795.6116863389,604.6958994017766,959999.9999999983,4321204.388313661,0.0,5163.8630712237655,959999.9999999983,4319999.999999999,0.0,144.0,0.1757487864963967,0.04569468448906314,0.2694033060746407,0.31046046504663244,2.0776132242985628,0.7036335576836409,0.8837072501371542,0.620187698996509,1.2516361170171437,0.03264174733109039,0.03264174733109039,0.0,1.2189943696860532,0.0,0.0,1.2189943696860532,0.0,0.03264174733109039,0.0,4.501634997176771,274.80865462711614,487.84990038237027,8.06207541376622,273.557018510099,0.0,0.0,0.0,35097.89962105259,-41169.481307501024,0.0,0.0,5.442909896373749e-11,0.0
contact_inhibition_hypothesis,once_through,626.4740273770484,16.288775817403412,19722.719029099662,88784.6784030224,610.185251559645,966666.6666666649,4351215.321596977,0.0,5200.152399425217,966666.6666666649,4349999.999999999,0.0,145.0,0.177329910589606,0.046105776753297564,0.2753855328867349,0.31024265519688426,2.10154213154694,0.7014120081387186,0.8830666329320126,0.6184925015651397,1.2628964623088443,0.03283621739478719,0.03283621739478719,0.0,1.2300602449140572,0.0,0.0,1.2300602449140572,0.0,0.03283621739478719,0.0,4.501644944189797,277.28097090033424,486.91407982338615,8.08417238260309,276.0180744380254,0.0,0.0,0.0,35341.63503508767,-41449.50604973755,-2.291790224262513e-16,0.0,5.442909896373749e-11,0.0
contact_inhibition_hypothesis,once_through,632.0900679032662,16.382608791524788,19720.233337591835,88773.67968077549,615.7074591117414,973333.3333333315,4381226.320319224,0.0,5236.4480475348555,973333.3333333315,4379999.999999999,0.0,146.0,0.17891958856644324,0.04651909302727524,0.2813507427679475,0.3100249976607823,2.1254029710717903,0.6991855109836659,0.8824264637081832,0.6168023300962057,1.2742177260848362,0.03302537341065899,0.03302537341065899,0.0,1.241192352674177,0.0,0.0,1.241192352674177,0.0,0.03302537341065899,0.0,4.501654628576327,279.7666624081612,485.9731964738262,8.106324759214392,278.4924446820764,0.0,0.0,0.0,35585.37044912275,-41729.53711188227,0.0,0.0,5.442909896373749e-11,2.220446049250313e-16
contact_inhibition_hypothesis,once_through,637.735431816988,16.473791478769215,19717.734667385765,88762.61727574226,621.2616403382189,979999.9999999981,4411237.382724257,0.0,5272.7500308642675,979999.9999999981,4409999.999999999,0.0,147.0,0.18051756682941686,0.046934567375648384,0.2872976074896341,0.309807527082144,2.1491904299585363,0.6969545114746877,0.881786844359247,0.6151174371106396,1.2855981022912297,0.03320918676622128,0.03320918676622128,0.0,1.2523889155250085,0.0,0.0,1.2523889155250085,0.0,0.03320918676622128,0.0,4.50166404878957,282.26533261422924,485.02740043054087,8.128529120368055,280.97973451193803,0.0,0.0,0.0,35829.105863157834,-42009.57450924678,-2.291790224262513e-16,0.0,0.0,0.0
contact_inhibition_hypothesis,once_through,643.4092210464358,16.562312270857507,19715.223415973138,88751.4929535147,626.8469087755784,986666.6666666648,4441248.507046485,0.0,5309.05836375588,986666.6666666648,4439999.999999999,0.0,148.0,0.1821235911700823,0.0473521337042214,0.2932248333689383,0.3095902770533206,2.172899333475753,0.6947194511381019,0.8811478736862371,0.6134380646338776,1.297035780523089,0.03338763406057623,0.03338763406057623,0.0,1.263648146462513,0.0,0.0,1.263648146462513,0.0,0.03338763406057623,0.0,4.5016732035412215,284.77658402685694,484.0768421519853,8.150782105417901,283.4795482463338,0.0,0.0,0.0,36072.84127719293,-42289.61825617348,-2.291790224262513e-16,0.0,5.442909896373749e-11,-2.220446049250313e-16
contact_inhibition_hypothesis,once_through,649.110536174909,16.648162100038718,19712.699981440903,88740.30848742365,632.4623740748704,993333.3333333314,4471259.691512575,0.0,5345.373059601196,993333.3333333314,4469999.999999999,0.0,149.0,0.18373740699930077,0.0477717258198182,0.2991311619664327,0.30937328010699383,2.196524647865731,0.6924807674105894,0.8805096473735113,0.6117644442418749,1.3085289476642756,0.03356069701422605,0.03356069701422605,0.0,1.2749682506500495,0.0,0.0,1.2749682506500495,0.0,0.03356069701422605,0.0,4.501682091797207,287.3000185590923,483.1216723219365,8.17308041855263,285.991489611428,0.0,0.0,0.0,36316.576691228016,-42569.668366053884,0.0,0.0,0.0,0.0
contact_inhibition_hypothesis,once_through,654.8384772350989,16.73133439024261,19710.164762119715,88729.0656568594,638.1071428448564,999999.999999998,4501270.93434314,0.0,5381.694130859619,999999.999999998,4499999.999999999,0.0,150.0,0.1853587595720782,0.04819327748874033,0.30501537069846335,0.3091565677104607,2.220061482793853,0.6902388932957406,0.8798722579719432,0.6100967971270517,1.3200757894886912,0.03372836237060227,0.03372836237060227,0.0,1.286347427118089,0.0,0.0,1.286347427118089,0.0,0.03372836237060227,0.0,4.501690712772971,289.8352378802812,482.1620417164177,8.195420830833763,288.51516209079256,0.0,0.0,0.0,36560.3121052631,-42849.7248513474,-2.291790224262513e-16,0.0,0.0,0.0
contact_inhibition_hypothesis,once_through,660.5921444832013,16.811825004410437,19707.6181562413,88717.76624562472,643.780319478791,1006666.6666666646,4531282.233754374,0.0,5418.02158907785,1006666.6666666646,4529999.999999999,0.0,151.0,0.18698739420668575,0.048616722493738294,0.31087627336570517,0.3089401702623157,2.2435050934628205,0.6879942570371396,0.8792357948891638,0.6084353341830618,1.3316744922207957,0.03389062178989091,0.03389062178989091,0.0,1.297783870430905,0.0,0.0,1.297783870430905,0.0,0.03389062178989091,0.0,4.501699065928384,292.38184375869395,481.1981010740068,8.217800182024988,291.0501692664732,0.0,0.0,0.0,36804.04751929819,-43129.78772360071,-2.291790224262513e-16,0.0,0.0,-2.220446049250313e-16
contact_inhibition_hypothesis,once_through,666.370639151872,16.889632188297494,19705.06056160521,88706.4120403237,649.4810069635746,1013333.3333333313,4561293.587959674,0.0,5454.355444909763,1013333.3333333313,4559999.999999999,0.0,152.0,0.18862305649779165,0.049041994689425834,0.3167127205996661,0.3087241170914354,2.266850882398664,0.68574728180817,0.8786003443865747,0.6067802561072586,1.3433232440534755,0.03404747173574515,0.03404747173574515,0.0,1.3092757723177306,0.0,0.0,1.3092757723177306,0.0,0.03404747173574515,0.0,4.501707150962317,294.9394383947874,480.2300009696911,8.240215382216006,293.5961151507339,0.0,0.0,0.0,37047.78293333327,-43409.85699346771,-2.291790224262513e-16,0.0,-5.442909896373749e-11,-2.220446049250313e-16
contact_inhibition_hypothesis,once_through,672.1730641811739,16.964756511043802,19702.492375255268,88695.00482878709,655.2083076701304,1019999.9999999979,4591304.995171211,0.0,5490.695708136724,1019999.9999999979,4589999.999999999,0.0,153.0,0.19026549252336325,0.04946902805607445,0.32252360022909027,0.30850843645816506,2.2900944009163613,0.6834983854186633,0.8779659895828384,0.6051317535197229,1.3550202366215447,0.03419891335548298,0.03419891335548298,0.0,1.3208213232660622,0.0,0.0,1.3208213232660622,0.0,0.03419891335548298,0.0,4.501714967806856,297.50762474472674,479.257891692407,8.26266341324466,296.1526045081052,0.0,0.0,0.0,37291.51834736836,-43689.93267072975,-4.583580448525026e-16,0.0,-5.442909896373749e-11,-4.440892098500626e-16
contact_inhibition_hypothesis,once_through,677.9985249267612,17.0372008028104,19699.913993166163,88683.54639853786,660.9613241239508,1026666.6666666645,4621316.45360146,0.0,5527.042387688285,1026666.6666666645,4619999.999999999,0.0,154.0,0.19191444904512583,0.04989775675173272,0.3283078375684026,0.308293155557605,2.31323135027361,0.6812479800384512,0.8773328104635442,0.6034900070977134,1.3667636664293592,0.03434495235436943,0.03434495235436943,0.0,1.33241871407499,0.0,0.0,1.33241871407499,0.0,0.03434495235436943,0.0,4.501722516621235,300.08600683383133,478.281923126395,8.285141329921691,298.719243167402,0.0,0.0,0.0,37535.253761403445,-43970.0147643164,0.0,0.0,-5.442909896373749e-11,-2.220446049250313e-16
contact_inhibition_hypothesis,once_through,683.8461298446424,17.10697008977723,19697.32580994034,88672.03853529785,666.7391597548652,1033333.3333333312,4651327.9614647,0.0,5563.395491663198,1033333.3333333312,4649999.999999999,0.0,155.0,0.19356967370239184,0.05032811516262188,0.33406439563050755,0.30807830052489005,2.3362575825220304,0.6789964719378342,0.8767008838967355,0.601855187724403,1.3785517362312176,0.03448559886458012,0.03448559886458012,0.0,1.3440661373666376,0.0,0.0,1.3440661373666376,0.0,0.03448559886458012,0.0,4.501729797785501,302.67419005965536,477.30224463647784,8.307646261062988,301.29563832342416,0.0,0.0,0.0,37778.98917543853,-44250.1032823264,0.0,0.0,-5.442909896373749e-11,0.0
contact_inhibition_hypothesis,once_through,689.7149911519638,17.174071526795988,19694.728218515538,88660.48302153732,672.5409196251678,1039999.9999999978,4681339.51697846,0.0,5599.7550273507,1039999.9999999978,4679999.999999999,0.0,156.0,0.19523091519910232,0.050760037951766604,0.3397922752664127,0.3078638964423535,2.3591691010656506,0.676744261244916,0.876070283653981,0.6002274566507573,1.3903826563634205,0.034620867309437496,0.034620867309437496,0.0,1.3557617890539833,0.0,0.0,1.3557617890539833,0.0,0.034620867309437496,0.0,4.501736811893918,305.27178148445364,476.31900495735573,8.330175410334908,303.8813988280902,0.0,0.0,0.0,38022.72458947362,-44530.19823204899,0.0,-1.1641532182693481e-10,-5.442909896373749e-11,-2.220446049250313e-16
contact_inhibition_hypothesis,once_through,695.6042254633392,17.238514327986756,19692.12160988317,88648.88163506964,678.3657111353524,1046666.6666666644,4711351.118364928,0.0,5636.121001252009,1046666.6666666644,4709999.999999999,0.0,157.0,0.1968979234839468,0.05119346010582617,0.34549051523427704,0.30764996734846745,2.3819620609371084,0.6744917417197147,0.875441080436669,0.5986069656694548,1.402254646027036,0.03475077626350194,0.03475077626350194,0.0,1.367503869763534,0.0,0.0,1.367503869763534,0.0,0.03475077626350194,0.0,4.501743559748187,307.8783901168254,475.33235208699944,8.352726056918211,306.4761354707984,0.0,0.0,0.0,38266.460003508706,-44810.29961998539,0.0,0.0,-5.442909896373749e-11,0.0
contact_inhibition_hypothesis,once_through,701.512954402349,17.30030969556177,19689.50637281763,88637.23614769136,684.2126447067872,1053333.333333331,4741362.763852307,0.0,5672.493419101988,1053333.333333331,4739999.999999999,0.0,158.0,0.19857044992345427,0.051628316980098114,0.3511581922006019,0.3074365362484473,2.404632768802408,0.6722393005449061,0.874813341907198,0.5969938572997279,1.4141659345206072,0.03487534830908905,0.03487534830908905,0.0,1.379290586211518,0.0,0.0,1.379290586211518,0.0,0.03487534830908905,0.0,4.501750042350458,310.49362718236694,474.34243318420243,8.375295555997138,309.0794612478463,0.0,0.0,0.0,38510.195417543786,-45090.407451870444,2.291790224262513e-16,0.0,-5.442909896373749e-11,2.220446049250313e-16
contact_inhibition_hypothesis,once_through,707.440305187912,17.359470747152518,19686.882893616792,88625.54832386965,690.0808344407594,1059999.9999999977,4771374.451676128,0.0,5708.872285890926,1059999.9999999977,4769999.999999999,0.0,159.0,0.20024824746797165,0.05206454434167263,0.35679442067637934,0.3072236251264107,2.4271776827055174,0.6699873181330157,0.8741871327247375,0.5953882649820521,1.426114762422208,0.034994609889769816,0.034994609889769816,0.0,1.391120152532438,0.0,0.0,1.391120152532438,0.0,0.034994609889769816,0.0,4.501756260896197,313.1171063832032,473.3493944703431,8.39788133908001,311.69099162078095,0.0,0.0,0.0,38753.93083157888,-45370.52173269448,2.291790224262513e-16,0.0,-5.442909896373749e-11,2.220446049250313e-16
contact_inhibition_hypothesis,once_through,713.3854111953206,17.416012441908798,19684.25155585369,88613.81991947758,695.9693987534117,1066666.6666666644,4801386.180080521,0.0,5745.257605886378,1066666.6666666644,4799999.999999999,0.0,160.0,0.20193107081047068,0.05250207841072238,0.36239835289109473,0.3070112549589801,2.449593411564379,0.6677361679498324,0.8735625145852356,0.5937903132816252,1.4380993827204227,0.03510859116139511,0.03510859116139511,0.0,1.4029907915590276,0.0,0.0,1.4029907915590276,0.0,0.03510859116139511,0.0,4.5017622167669185,315.74844414630485,472.3533811353919,8.420480914158295,314.31034476358445,0.0,0.0,0.0,38997.66624561397,-45650.64246672502,0.0,0.0,-5.442909896373749e-11,0.0
contact_inhibition_hypothesis,once_through,719.3474124918051,17.46995150562948,19681.612740139462,88602.05268057852,701.8774609861757,1073333.3333333312,4831397.94731942,0.0,5781.649382655038,1073333.3333333312,4829999.999999999,0.0,161.0,0.20361867653814505,0.05294085589991772,0.36796917860753847,0.30679944573021867,2.471876714430154,0.6654862163537814,0.8729395462653491,0.5922001180996046,1.45011806189398,0.03521732584116836,0.03521732584116836,0.0,1.4149007360528119,0.0,0.0,1.4149007360528119,0.0,0.03521732584116836,0.0,4.501767911522818,318.38725986053294,471.3545372481853,8.443091865711228,316.93714179863895,0.0,0.0,0.0,39241.401659649055,-45930.76965752876,-2.291790224262513e-16,0.0,-5.442909896373749e-11,-2.220446049250313e-16
contact_inhibition_hypothesis,once_through,725.3254563465725,17.52130635517495,19678.966823897612,88590.24834225964,707.8041499913976,1079999.999999998,4861409.751657739,0.0,5818.047619084585,1079999.999999998,4859999.999999999,0.0,162.0,0.2053108232767817,0.053380814051963245,0.373506124880432,0.3065882164477926,2.494024499521728,0.663237822450957,0.8723182836699783,0.5906177868911143,1.4621690809399286,0.035320851055270074,0.035320851055270074,0.0,1.4268482298846585,0.0,0.0,1.4268482298846585,0.0,0.035320851055270074,0.0,4.501773346895327,321.03317610238383,470.35300567097687,8.465711854563219,319.5710070214439,0.0,0.0,0.0,39485.13707368415,-46210.90330799341,0.0,0.0,0.0,0.0
contact_inhibition_hypothesis,once_through,731.3186977153332,17.570097022401473,19676.31418114955,88578.40862751521,713.7486006929317,1086666.6666666646,4891421.591372483,0.0,5854.452317405472,1086666.6666666646,4889999.999999999,0.0,163.0,0.20700727182791154,0.053821890675257,0.3790084557619063,0.3063775851602506,2.516033823047625,0.6609913379654849,0.8716987798830901,0.5890434188890478,1.4742507363503858,0.03541920718551868,0.03541920718551868,0.0,1.4388315291648672,0.0,0.0,1.4388315291648672,0.0,0.03541920718551868,0.0,4.501778524779593,323.6858188504444,469.34892797826154,8.488338617601634,322.211568114094,0.0,0.0,0.0,39728.87248771924,-46491.043420349386,0.0,0.0,0.0,0.0
contact_inhibition_hypothesis,once_through,737.3262996993994,17.61634507784661,19673.655182311406,88566.53524618033,719.709954621553,1093333.3333333314,4921433.464753818,0.0,5890.863479212611,1093333.3333333314,4919999.999999999,0.0,164.0,0.20870778529876166,0.05426402417767803,0.3844754719568804,0.3061675689753181,2.5379018878275215,0.6587471071248582,0.8710810852215239,0.5874771053327534,1.4863613410380252,0.03551243771552942,0.03551243771552942,0.0,1.4508489033224963,0.0,0.0,1.4508489033224963,0.0,0.03551243771552942,0.0,4.501783447226957,326.3448176885911,468.34244437986104,8.510969967362294,324.85845634755304,0.0,0.0,0.0,39972.60790175432,-46771.189996191606,-4.583580448525026e-16,0.0,-5.442909896373749e-11,-4.440892098500626e-16
contact_inhibition_hypothesis,once_through,743.3474339795025,17.66007355438394,19670.990194001995,88554.62989391494,725.6873604251189,1099999.9999999981,4951445.370106083,0.0,5927.281105486923,1099999.9999999981,4949999.999999999,0.0,165.0,0.21041212922505195,0.05470715359851351,0.389906510431401,0.305958184079102,2.559626041725604,0.6565054665598575,0.8704652472914766,0.5859189297007031,1.4984992252105993,0.03560058907681149,0.03560058907681149,0.0,1.4628986361337886,0.0,0.0,1.4628986361337886,0.0,0.03560058907681149,0.0,4.501788116437407,329.00980599800016,467.333693648244,8.53360379149054,327.51130677278957,0.0,0.0,0.0,40216.34331578941,-47051.343036501006,-6.87537067278754e-16,0.0,-5.442909896373749e-11,-6.661338147750939e-16
contact_inhibition_hypothesis,once_through,749.3812812245332,17.701306871053475,19668.319578861938,88542.69425123776,731.6799743534799,1106666.6666666649,4981457.30574876,0.0,5963.7051966167155,1106666.6666666649,4979999.999999999,0.0,166.0,0.21212007168669314,0.055151218638540216,0.3953009439769827,0.30574944575610774,2.5812037759079307,0.654266745218655,0.8698513110473758,0.5843689679463047,1.5106627371949117,0.035683710495219276,0.035683710495219276,0.0,1.474979026699693,0.0,0.0,1.474979026699693,0.0,0.035683710495219276,0.0,4.501792534752025,331.6804211380584,466.3228130500478,8.556238052085323,330.1697584008635,0.0,0.0,0.0,40460.07872982451,-47331.5025416659,-4.583580448525026e-16,0.0,-1.0885819792747498e-10,-4.440892098500626e-16
contact_inhibition_hypothesis,once_through,755.4270314754691,17.7400707572629,19665.643695383704,88530.72998261094,737.6869607182065,1113333.3333333316,5011469.270017387,0.0,6000.1357524188625,1113333.3333333316,5009999.999999999,0.0,167.0,0.2138313834164615,0.05559615968827999,0.4006581807339778,0.305541368409971,2.602632722935911,0.6520312642946688,0.8692393188528559,0.5828272887360527,1.5228502442107685,0.03576185383815113,0.03576185383815113,0.0,1.487088390372618,0.0,0.0,1.487088390372618,0.0,0.03576185383815113,0.0,4.501796704645502,334.3563046162916,465.3099382817573,8.578870784933974,332.83345437208084,0.0,0.0,0.0,40703.81414385959,-47611.66851150313,-4.583580448525026e-16,0.0,-5.442909896373749e-11,-6.661338147750939e-16
contact_inhibition_hypothesis,once_through,761.4838845048021,17.7763921775424,19662.962897752546,88518.73873557393,743.7074923272598,1119999.9999999984,5041481.261264424,0.0,6036.572772159741,1119999.9999999984,5039999.999999999,0.0,168.0,0.21554583790173829,0.05604191785445196,0.4059776636769624,0.30533396558481135,2.6239106547078497,0.6497993371677286,0.8686293105435628,0.5812939536892446,1.5350601330955402,0.03583507346286417,0.03583507346286417,0.0,1.4992250596326764,0.0,0.0,1.4992250596326764,0.0,0.03583507346286417,0.0,4.501800628718652,337.03710224744907,464.2952034094879,8.60150009864538,335.5020421143535,0.0,0.0,0.0,40947.54955789469,-47891.8409452791,-4.583580448525026e-16,0.0,-5.442909896373749e-11,-2.220446049250313e-16
contact_inhibition_hypothesis,once_through,767.5510501518258,17.81029925702412,19660.27753569809,88506.72213992772,749.740750894802,1126666.666666665,5071493.277860071,0.0,6073.01625457591,1126666.666666665,5069999.999999999,0.0,169.0,0.21726321147941657,0.05648843498464831,0.4112588700650891,0.30512724998711754,2.6450354802603564,0.6475712693580913,0.8680213234915223,0.5797690176185518,1.5472908109800625,0.03590342606624978,0.03590342606624978,0.0,1.5113873849138133,0.0,0.0,1.5113873849138133,0.0,0.03590342606624978,0.0,4.501804309691046,339.72246430190404,463.2787408128138,8.624124173688868,338.17517349092395,0.0,0.0,0.0,41191.284971929774,-48172.019841730355,-4.583580448525026e-16,0.0,-5.442909896373749e-11,-6.661338147750939e-16
contact_inhibition_hypothesis,once_through,773.6277486341904,17.841821207805136,19657.587954356444,88494.6818069672,755.7859274263856,1133333.3333333319,5101505.318193031,0.0,6109.466197894506,1133333.3333333319,5099999.999999999,0.0,170.0,0.2189832834240898,0.05693565369026335,0.4165013108603012,0.30492123350807804,2.6660052434412047,0.6453473584928352,0.8674153926708178,0.578252528770753,1.5595407059166917,0.03596697053639022,0.03596697053639022,0.0,1.523573735380302,0.0,0.0,1.523573735380302,0.0,0.03596697053639022,0.0,4.5018077503936755,342.4120456435493,462.2606811325709,8.64674126134646,340.8525049376326,0.0,0.0,0.0,41435.02038596487,-48452.20519908405,-4.583580448525026e-16,0.0,-5.442909896373749e-11,-6.661338147750939e-16
contact_inhibition_hypothesis,once_through,779.7132108361656,17.870988256341054,19654.89449414261,88482.6193287627,761.8422225798247,1139999.9999999986,5131517.380671235,0.0,6145.922599853319,1139999.9999999986,5129999.999999999,0.0,171.0,0.2207058360296477,0.0573835173677084,0.42170453011624304,0.30471592724627494,2.686818120464972,0.6431278942841557,0.8668115507243381,0.5767445290670126,1.5718082674604092,0.0360257678061928,0.0360257678061928,0.0,1.5357824996542169,0.0,0.0,1.5357824996542169,0.0,0.0360257678061928,0.0,4.5018109537617494,345.1055058573841,461.2411532225629,8.66934968258545,343.5336975899237,0.0,0.0,0.0,41678.755799999955,-48732.39701507795,-4.583580448525026e-16,0.0,-1.0885819792747498e-10,-4.440892098500626e-16
contact_inhibition_hypothesis,once_through,785.8066785740956,17.89783157200522,19652.197490632985,88470.53627748886,767.9088470020906,1146666.6666666653,5161529.463722509,0.0,6182.385457720545,1146666.6666666653,5159999.999999999,0.0,172.0,0.22243065468441603,0.05783197021794817,0.426868104340635,0.3045113415306616,2.70747241736254,0.640913158519071,0.8662098280313577,0.5752450543420904,1.5840919672039477,0.03607988070937388,0.03607988070937388,0.0,1.5480120864945743,0.0,0.0,1.5480120864945743,0.0,0.03607988070937388,0.0,4.5018139228275835,347.8025093670064,460.2202841050888,8.691947826858792,346.21841739980243,0.0,0.0,0.0,41922.49121403504,-49012.59528698026,-4.583580448525026e-16,0.0,-5.442909896373749e-11,-4.440892098500626e-16
contact_inhibition_hypothesis,once_through,791.9074048395576,17.9223831969373,19649.497274457757,88458.43420480064,773.9850216426205,1153333.333333332,5191541.565795197,0.0,6218.854768314175,1153333.333333332,5189999.999999999,0.0,173.0,0.22415752793998503,0.05828095726439611,0.431991641833805,0.30430748594375,2.72796656733522,0.6387034250600475,0.8656102527757353,0.5737541345819441,1.5963902992679673,0.03612937383904196,0.03612937383904196,0.0,1.5602609254289257,0.0,0.0,1.5602609254289257,0.0,0.03612937383904196,0.0,4.501816660713612,350.5027255422355,459.19819893020474,8.714534150839997,348.90633524296754,0.0,0.0,0.0,42166.22662807014,-49292.80001160898,-4.583580448525026e-16,0.0,-5.442909896373749e-11,-4.440892098500626e-16
contact_inhibition_hypothesis,once_through,798.0146540207631,17.944675977293063,19646.794171202884,88446.31464125542,780.0699780434703,1159999.9999999988,5221553.685358742,0.0,6255.330528021023,1159999.9999999988,5219999.999999999,0.0,174.0,0.22588624757387948,0.05873042436920867,0.43707478200599065,0.3041043693449369,2.7482991280239624,0.6364989598560474,0.8650128510145203,0.5722717941592147,1.6087017807473758,0.036174313409105534,0.036174313409105534,0.0,1.5725274673382708,0.0,0.0,1.5725274673382708,0.0,0.036174313409105534,0.0,4.501819170625548,353.2058287971064,458.1750209386314,8.737107177099356,351.597127016359,0.0,0.0,0.0,42409.96204210524,-49573.01118535094,-4.583580448525026e-16,0.0,-5.442909896373749e-11,-4.440892098500626e-16
contact_inhibition_hypothesis,once_through,804.1277021027727,17.964743495996334,19644.08850132151,88434.17909578032,786.1629586067766,1166666.6666666656,5251565.820904218,0.0,6291.812732815364,1166666.6666666656,5249999.999999999,0.0,175.0,0.2276166086462313,0.059180318248020135,0.4421171946759381,0.30390199989390176,2.7684687787037525,0.6343000209635031,0.8644176467467699,0.5707980520661162,1.6210249521149374,0.036214767118709086,0.036214767118709086,0.0,1.5848101849962286,0.0,0.0,1.5848101849962286,0.0,0.036214767118709086,0.0,4.501821455845667,355.911498678485,457.15087142821193,8.759665492728143,354.29047372637,0.0,0.0,0.0,42653.69745614032,-49853.228804180355,-4.583580448525026e-16,0.0,-5.442909896373749e-11,-4.440892098500626e-16
contact_inhibition_hypothesis,once_through,810.2458368471076,17.982620007083472,19641.380580054425,88422.02905518354,792.2632168400244,1173333.3333333323,5281577.970944814,0.0,6328.301378277169,1173333.3333333323,5279999.999999999,0.0,176.0,0.22934840955062075,0.0596305864831614,0.4471185793532382,0.30370038507401437,2.7884743174129527,0.6321068585767194,0.8638246619823953,0.5693329221443136,1.6333583775833471,0.03625080401987943,0.03625080401987943,0.0,1.597107573563468,0.0,0.0,1.597107573563468,0.0,0.03625080401987943,0.0,4.501823519726256,358.6194199455661,456.1258697238198,8.782207747916969,356.98606156798274,0.0,0.0,0.0,42897.432870175406,-50133.452863677245,-4.583580448525026e-16,0.0,-5.442909896373749e-11,-4.440892098500626e-16
contact_inhibition_hypothesis,once_through,816.3683579513693,17.99834037171944,19638.67071735947,88409.8659837092,798.3700175796499,1179999.999999999,5311590.134016288,0.0,6364.796459609931,1179999.999999999,5309999.999999999,0.0,177.0,0.23108145205925815,0.06008117753540712,0.4520786645067422,0.30349953171569255,2.808314658026969,0.6299197150672128,0.8632339168108605,0.567876413311385,1.6457006454270062,0.03628249438854178,0.03628249438854178,0.0,1.6094181510384646,0.0,0.0,1.6094181510384646,0.0,0.03628249438854178,0.0,4.5018253656832234,361.3292826405214,455.10013315061724,8.804732654494558,359.6835819950944,0.0,0.0,0.0,43141.1682842105,-50413.683359045106,-2.291790224262513e-16,0.0,-1.0885819792747498e-10,-2.220446049250313e-16
contact_inhibition_hypothesis,once_through,822.4945771894866,18.011939995955252,19635.959217849417,88397.69132263394,804.4826371935314,1186666.6666666658,5341602.308677363,0.0,6401.29797165807,1186666.6666666658,5339999.999999999,0.0,178.0,0.23281554136268243,0.06053204075429743,0.4569972068213126,0.3032994460196564,2.8279888272852505,0.6277388250314936,0.8626454294695778,0.5664285297835295,1.658050368264742,0.03630990959904627,0.03630990959904627,0.0,1.621740458665696,0.0,0.0,1.621740458665696,0.0,0.03630990959904627,0.0,4.501826997189878,364.0407821505739,454.0737770105593,8.827238984432576,362.3827317823091,0.0,0.0,0.0,43384.90369824559,-50693.92028512833,-2.291790224262513e-16,0.0,-1.0885819792747498e-10,-2.220446049250313e-16
contact_inhibition_hypothesis,once_through,828.623818533227,18.02345477028646,19633.246380738212,88385.50648990454,810.6003637629407,1193333.3333333326,5371614.493510093,0.0,6437.805908923903,1193333.3333333326,5369999.999999999,0.0,179.0,0.23455048610415605,0.060983126387080575,0.46187399044505634,0.30310013358002746,2.8474959617802256,0.6255644153468087,0.8620592164118456,0.5649892712941916,1.6704061833047614,0.036333122002325066,0.036333122002325066,0.0,1.6340730613024368,0.0,0.0,1.6340730613024368,0.0,0.036333122002325066,0.0,4.501828417770879,366.75361926177936,453.04691456203574,8.849725568322313,365.0832130784746,0.0,0.0,0.0,43628.639112280674,-50974.16363642925,-2.291790224262513e-16,0.0,-1.0885819792747498e-10,-4.440892098500626e-16
contact_inhibition_hypothesis,once_through,834.7554182556164,18.032921011062843,19630.53249979519,88373.3128798152,816.7224972445536,1199999.9999999993,5401626.6871201815,0.0,6474.32026558417,1199999.9999999993,5399999.999999999,0.0,180.0,0.23628609840893905,0.06143438558632416,0.46670882622909754,0.3029015994072254,2.86683530491639,0.623396705234366,0.8614752923741924,0.5635586333083239,1.6827667525531318,0.03635220480778136,0.03635220480778136,0.0,1.6464145477453505,0.0,0.0,1.6464145477453505,0.0,0.03635220480778136,0.0,4.501829630996369,369.4675002048006,452.0196570025453,8.872191293828502,367.7847334522475,0.0,0.0,0.0,43872.37452631577,-51254.41340712461,0.0,0.0,-1.6328729689121246e-10,0.0
contact_inhibition_hypothesis,once_through,840.8887250169196,18.040375403790975,19627.817863307027,88361.11186272344,822.8483496131286,1206666.666666666,5431638.8881372735,0.0,6510.841035506128,1206666.666666666,5429999.999999999,0.0,181.0,0.23802219390862672,0.06188577041624295,0.47150155096184226,0.30270384795062055,2.8860062038473693,0.6212359063295674,0.8608936704430017,0.5621366072320456,1.6951307629871077,0.03636723196899415,0.03636723196899415,0.0,1.6587635310181135,0.0,0.0,1.6587635310181135,0.0,0.03636723196899415,0.0,4.50183064047629,372.1821366929629,450.99211345429035,8.894635104125213,370.4870059299758,0.0,0.0,0.0,44116.109940350856,-51534.669591081656,0.0,0.0,-1.0885819792747498e-10,2.220446049250313e-16
contact_inhibition_hypothesis,once_through,847.0230999338394,18.045854948362553,19625.102754047108,88348.9047848031,828.9772449854768,1213333.3333333328,5461651.095215194,0.0,6547.368212263184,1213333.3333333328,5459999.999999999,0.0,182.0,0.23975859176073722,0.06233723385779168,0.47625202659958965,0.30250688312090124,2.9050081063983586,0.6190822227587919,0.8603143621202978,0.5607231806174704,1.707496926694628,0.0363782780733051,0.0363782780733051,0.0,1.6711186486213228,0.0,0.0,1.6711186486213228,0.0,0.0363782780733051,0.0,4.501831449854891,374.8972459528819,449.96439095258415,8.917055996318865,373.1897490261873,0.0,0.0,0.0,44359.84535438595,-51814.93218187381,0.0,0.0,-1.0885819792747498e-10,2.220446049250313e-16
contact_inhibition_hypothesis,once_through,853.1579166325927,18.049396906233653,19622.387449252034,88336.69296783351,835.108519726359,1219999.9999999995,5491663.307032164,0.0,6583.901789150085,1219999.9999999995,5489999.999999999,0.0,183.0,0.24149511466373505,0.06278872981257111,0.4809601394952401,0.3023107083121204,2.9238405579809603,0.6169358512222736,0.8597373773885896,0.5593183373625232,1.7198639809813108,0.03638541823533829,0.03638541823533829,0.0,1.6834785627459723,0.0,0.0,1.6834785627459723,0.0,0.03638541823533829,0.0,4.5018320628054225,377.6125507479554,448.93659443695856,8.939453019862713,375.8926867669741,0.0,0.0,0.0,44603.580768421045,-52095.2011727958,0.0,0.0,-5.442909896373749e-11,2.220446049250313e-16
contact_inhibition_hypothesis,once_through,859.2925612865249,18.05103874957221,19619.672220604974,88324.47770902315,841.2415225369527,1226666.6666666663,5521675.522290974,0.0,6620.441759197643,1226666.6666666663,5519999.999999999,0.0,184.0,0.2432315888676785,0.06324021310559641,0.48562579962675734,0.30211532642338945,2.9425031985070293,0.6147969810826343,0.8591627247746749,0.557922057905589,1.7322306884462797,0.03638872799448763,0.03638872799448763,0.0,1.6958419604517923,0.0,0.0,1.6958419604517923,0.0,0.03638872799448763,0.0,4.501832483025023,380.3277793950117,447.908826744862,8.961825274967161,378.5955487065654,0.0,0.0,0.0,44847.31618245612,-52375.476556878435,0.0,0.0,-1.0885819792747498e-10,-2.220446049250313e-16
contact_inhibition_hypothesis,once_through,865.4264326389205,18.050818112384476,19616.95733422558,88312.26028086714,847.375614526536,1233333.333333333,5551687.73971913,0.0,6656.988115187012,1233333.333333333,5549999.999999999,0.0,185.0,0.2449678441806762,0.06369163948697582,0.4902489398269359,0.3019207398801888,2.9609957593077434,0.6126657944586393,0.8585904114123201,0.5565343194148556,1.744595837028147,0.03638828321639362,0.03638828321639362,0.0,1.7082075538117532,0.0,0.0,1.7082075538117532,0.0,0.03638828321639362,0.0,4.501832714229811,383.0426657744056,446.8811886078384,8.984171911009977,381.2980699373774,0.0,0.0,0.0,45091.05159649123,-52655.75832690291,0.0,0.0,-1.0885819792747498e-10,2.220446049250313e-16
contact_inhibition_hypothesis,once_through,871.5589420116636,18.04877274362385,19614.243050666133,88300.04193103626,853.5101692680397,1239999.9999999998,5581699.958068961,0.0,6693.54084966352,1239999.9999999998,5579999.999999999,0.0,186.0,0.24670371397133864,0.06414296563254805,0.49482951501593164,0.3017269506552706,2.9793180600637266,0.6105424663237599,0.8580204431037372,0.5551550959722579,1.7569582400224724,0.036384159998416446,0.036384159998416446,0.0,1.7205740800240557,0.0,0.0,1.7205740800240557,0.0,0.036384159998416446,0.0,4.501832760150152,385.7569493338518,445.8537786500759,9.006492124949997,383.99999109382935,0.0,0.0,0.0,45334.787010526314,-52936.04647541451,0.0,0.0,-1.0885819792747498e-10,2.220446049250313e-16
contact_inhibition_hypothesis,once_through,877.6895133004016,18.044940462279964,19611.5296249137,88287.82388229738,859.6445728381216,1246666.6666666665,5611712.1761177,0.0,6730.099954950024,1246666.6666666665,5609999.999999999,0.0,187.0,0.24843903516740926,0.0645941491435264,0.4993675014379191,0.3015339602891291,2.9974700057516763,0.6084271646091326,0.8574528243797915,0.5537843587519271,1.7693167360720135,0.03637643457910093,0.03637643457910093,0.0,1.7329403014929123,0.0,0.0,1.7329403014929123,0.0,0.03637643457910093,0.0,4.5018326245261395,388.4703750862843,444.8266933892172,9.028785159748068,386.7010583502123,0.0,0.0,0.0,45578.52242456139,-53216.34099473609,0.0,0.0,-1.0885819792747498e-10,2.220446049250313e-16
contact_inhibition_hypothesis,once_through,883.8175829568515,18.039359114439886,19608.81730639796,88275.60733246306,865.7782238424116,1253333.3333333333,5641724.392667534,0.0,6766.665423159841,1253333.3333333333,5639999.999999999,0.0,188.0,0.250173648250756,0.06504514854519657,0.5038628959031388,0.3013417699100197,3.0154515836125553,0.6063200503105266,0.8568875585588815,0.5524220761931039,1.7816701891310578,0.03636518325161708,0.03636518325161708,0.0,1.7453050058794406,0.0,0.0,1.7453050058794406,0.0,0.03636518325161708,0.0,4.501832311103256,391.18269360202487,443.80002723932387,9.051050302798194,389.40102341289384,0.0,0.0,0.0,45822.25783859649,-53496.641876981004,0.0,0.0,-1.0885819792747498e-10,2.220446049250313e-16
contact_inhibition_hypothesis,once_through,889.942599958886,18.032066532307923,19606.10633900444,88263.39345436962,871.9105334265781,1260000.0,5671736.606545627,0.0,6803.237246209216,1260000.0,5669999.999999999,0.0,189.0,0.2519073972489038,0.065495923284715,0.5083157150365123,0.3011503802535082,3.033262860146049,0.6042212775989368,0.856324647804436,0.5510682141674621,1.794017488405119,0.03635048228114889,0.03635048228114889,0.0,1.75766700612397,0.0,0.0,1.75766700612397,0.0,0.03635048228114889,0.0,4.501831823628243,393.89366099554303,442.77387251588794,9.07328688437212,392.0996435071379,0.0,0.0,0.0,46065.993252631575,-53776.949114065465,0.0,0.0,-1.6328729689121246e-10,0.0
contact_inhibition_hypothesis,once_through,896.0640257690249,18.023100495165902,19603.396961092898,88251.1833958818,878.040925273859,1266666.6666666667,5701748.816604115,0.0,6839.815415829354,1266666.6666666667,5699999.999999999,0.0,190.0,0.25364012972328537,0.0659464337280542,0.512725994533912,0.3009597916815364,3.050903978135648,0.6021309939344359,0.8557640931809896,0.5497227361408336,1.8063575482672616,0.03633240782619503,0.03633240782619503,0.0,1.7700251404410667,0.0,0.0,1.7700251404410667,0.0,0.03633240782619503,0.0,4.501831165845134,396.6030389070843,441.74831944278634,9.095494276080021,394.796681358817,0.0,0.0,0.0,46309.72866666667,-54057.2626977207,0.0,0.0,-1.0885819792747498e-10,-2.220446049250313e-16
contact_inhibition_hypothesis,once_through,902.1813342819456,18.012498692251253,19600.689405520545,88238.97827992379,884.1688355896944,1273333.3333333335,5731761.021720073,0.0,6876.39992357801,1273333.3333333335,5729999.999999999,0.0,191.0,0.25537169675438337,0.06639664115613968,0.5170937884270821,0.3007700042009912,3.0683751537083284,0.6000493401829345,0.8552058947087977,0.5483856033293366,1.8186893081522884,0.03631103586373545,0.03631103586373545,0.0,1.7823782722885528,0.0,0.0,1.7823782722885528,0.0,0.03631103586373545,0.0,4.50183034149152,399.3105944794379,440.7234561610742,9.11767188934976,397.4919051712856,0.0,0.0,0.0,46553.46408070176,-54337.582619504436,0.0,0.0,-1.0885819792747498e-10,0.0
contact_inhibition_hypothesis,once_through,908.2940117616187,18.00029868752597,19597.983899669867,88226.77920453378,890.2937130740926,1280000.0000000002,5761773.220795463,0.0,6912.990760850655,1280000.0000000002,5759999.999999999,0.0,192.0,0.25710195292393584,0.06684650776022331,0.5214191683581286,0.3005810174817671,3.0856766734325145,0.5979764507355105,0.854650051416962,0.5470567748499146,1.8310117324300117,0.03628644211820985,0.03628644211820985,0.0,1.7947252903118016,0.0,0.0,1.7947252903118016,0.0,0.03628644211820985,0.0,4.501829354294959,402.01610033011264,439.6993687395172,9.139819173927156,400.18508859768264,0.0,0.0,0.0,46797.19949473684,-54617.90887081216,2.291790224262513e-16,0.0,-1.6328729689121246e-10,2.220446049250313e-16
contact_inhibition_hypothesis,once_through,914.4015567686564,17.98653788630631,19595.280665480797,88214.5872429427,896.41501888235,1286666.666666667,5791785.412757054,0.0,6949.587918891208,1286666.666666667,5789999.999999999,0.0,193.0,0.25883075629437174,0.06729599663653665,0.5257022228644114,0.30039283087431495,3.1028088914576455,0.5959124536299818,0.8540965613950441,0.5457362078653265,1.843323810258799,0.03625870199424716,0.03625870199424716,0.0,1.8070651082645515,0.0,0.0,1.8070651082645515,0.0,0.03625870199424716,0.0,4.501828207969596,404.71933451918085,438.67614118676306,9.161935616399251,402.876010708922,0.0,0.0,0.0,47040.93490877194,-54898.24144288782,2.291790224262513e-16,0.0,-1.6328729689121246e-10,4.440892098500626e-16
contact_inhibition_hypothesis,once_through,920.5034800784548,17.97125350371939,19592.579919486932,88202.40344367389,902.5322265747351,1293333.3333333337,5821797.596556323,0.0,6986.191388802352,1293333.3333333337,5819999.999999999,0.0,194.0,0.26055796838564005,0.06774507178026641,0.5299430566745943,0.30020544342667066,3.119772226698377,0.5938574706744127,0.8535454218431491,0.5444238577236308,1.8556245554205553,0.036227890513077836,0.036227890513077836,0.0,1.8193966649074769,0.0,0.0,1.8193966649074769,0.0,0.036227890513077836,0.0,4.501826906212953,407.4200805130478,437.65385546505604,9.184020738742461,405.5644559576273,0.0,0.0,0.0,47284.670322807026,-55178.58032683405,6.87537067278754e-16,0.0,-1.6328729689121246e-10,6.661338147750939e-16
contact_inhibition_hypothesis,once_through,926.5993045906908,17.954482534950163,19589.881872855585,88190.22883066474,908.6448220557404,1300000.0000000005,5851809.771169333,0.0,7022.801161555445,1300000.0000000005,5849999.999999999,0.0,195.0,0.262283454149592,0.06819369807889392,0.5341417900165357,0.30001885390095984,3.136567160066143,0.5918116175722584,0.8529966291204701,0.5431196780922187,1.8679130061382818,0.03619408225255533,0.03619408225255533,0.0,1.8317189238857259,0.0,0.0,1.8317189238857259,0.0,0.03619408225255533,0.0,4.501825452702915,410.1181271443946,436.6325915053986,9.206074096897346,408.2502141382563,0.0,0.0,0.0,47528.405736842105,-55458.92551362222,4.583580448525026e-16,0.0,-1.0885819792747498e-10,6.661338147750939e-16
contact_inhibition_hypothesis,once_through,932.6885652307252,17.93626172723962,19587.18673143144,88178.06440340658,914.7523035034852,1306666.6666666672,5881821.935596591,0.0,7059.417228000017,1306666.6666666672,5879999.999999999,0.0,196.0,0.26400708194207223,0.06864184130493878,0.5382985579376258,0.29983306078937716,3.1531942317505033,0.5897750040488625,0.8524501787922858,0.5418236210864731,1.880188224877314,0.0361573512907078,0.0361573512907078,0.0,1.8440308735866056,0.0,0.0,1.8440308735866056,0.0,0.0361573512907078,0.0,4.501823851094847,412.81326856853815,435.6124272240704,9.228095279371399,410.93308034366083,0.0,0.0,0.0,47772.141150877214,-55739.27699410191,6.87537067278754e-16,0.0,-1.0885819792747498e-10,6.661338147750939e-16
contact_inhibition_hypothesis,once_through,938.7708088434428,17.916627553592804,19584.494695783535,88165.91113710435,920.8541812898496,1313333.333333334,5911834.088862892,0.0,7096.0395788728765,1313333.333333334,5909999.999999999,0.0,197.0,0.26572872349286913,0.06908946810814598,0.5424135096381141,0.29964806232963903,3.1696540385524563,0.5877477339790415,0.8519060656754089,0.5405356373931254,1.8924492981313192,0.03611777115273666,0.03611777115273666,0.0,1.8563315269785818,0.0,0.0,1.8563315269785818,0.0,0.03611777115273666,0.0,4.501822105018933,415.5053042164448,434.59343854041373,9.250083905871238,413.6128549183135,0.0,0.0,0.0,48015.8765649123,-56019.63475900985,6.87537067278754e-16,0.0,-1.6328729689121246e-10,6.661338147750939e-16
contact_inhibition_hypothesis,once_through,944.8455940800518,17.895616188153298,19581.805961255355,88153.76998285274,926.9499778918981,1320000.0000000007,5941846.230017144,0.0,7132.668204806836,1320000.0000000007,5939999.999999999,0.0,198.0,0.26744825387367227,0.0695365460071548,0.5464868078178995,0.2994638565199115,3.185947231271598,0.5857299055154985,0.8513642838820926,0.5392556763884047,1.9046953361940946,0.03607541476137447,0.03607541476137447,0.0,1.8686199214327195,0.0,0.0,1.8686199214327195,0.0,0.03607541476137447,0.0,4.501820218077646,418.1940387446269,433.5756993957985,9.272039625965284,416.2893434084328,0.0,0.0,0.0,48259.611978947396,-56299.99879897891,6.87537067278754e-16,0.0,-1.0885819792747498e-10,6.661338147750939e-16
contact_inhibition_hypothesis,once_through,950.9124912783418,17.873263483199224,19579.12071801784,88141.6418678288,933.0392277951421,1326666.6666666674,5971858.358132169,0.0,7169.303096339049,1326666.6666666674,5969999.999999999,0.0,199.0,0.26916555146417814,0.06998304338068632,0.5505186280371981,0.2992804411332152,3.2020745121487924,0.5837216112178262,0.8508248268623978,0.5379836862510752,1.9169254729181835,0.03603035439051165,0.03603035439051165,0.0,1.880895118527671,0.0,0.0,1.880895118527671,0.0,0.03603035439051165,0.0,4.501818193843392,420.8792819821441,432.559281773683,9.293962117777893,418.9623565092259,0.0,0.0,0.0,48503.347392982476,-56580.3691045462,9.167160897050052e-16,0.0,-1.0885819792747498e-10,8.881784197001252e-16
contact_inhibition_hypothesis,once_through,956.9710823368872,17.849604947714187,19576.43915112506,88129.52769550012,939.1214773891726,1333333.3333333342,6001870.472304497,0.0,7205.944243918987,1333333.3333333342,5999999.999999999,0.0,200.0,0.2708804979164821,0.07042892945828536,0.5545091580914382,0.29909781373131217,3.2180366323657528,0.5817229381818692,0.8502876874450358,0.5367196140704663,1.929138865461284,0.03598266162199807,0.03598266162199807,0.0,1.893156203839285,0.0,0.0,1.893156203839285,0.0,0.03598266162199807,0.0,4.5018160358563115,423.5608488749252,431.54425572068953,9.315851086715728,421.6317100094639,0.0,0.0,0.0,48747.08280701757,-56860.74566616123,9.167160897050052e-16,0.0,-1.0885819792747498e-10,8.881784197001252e-16
contact_inhibition_hypothesis,once_through,963.020960583668,17.824675727486014,19573.76144057237,88117.42834584642,945.1962848561816,1340000.000000001,6031882.571654151,0.0,7242.591637916052,1340000.000000001,6029999.999999999,0.0,201.0,0.2725929781178903,0.07087417431065147,0.5584585974006846,0.29891597167807754,3.2338343896027384,0.5797339681692305,0.8497528578766987,0.5354634059496017,1.9413346940214047,0.0359324073055245,0.0359324073055245,0.0,1.9054022867158793,0.0,0.0,1.9054022867158793,0.0,0.0359324073055245,0.0,4.501813747622221,426.2385594276192,430.53068936861507,9.337706264227148,424.2972247335978,0.0,0.0,0.0,48990.818221052665,-57141.12847419339,9.167160897050052e-16,0.0,-1.0885819792747498e-10,8.881784197001252e-16
contact_inhibition_hypothesis,once_through,969.0617306395593,17.7985105866847,19571.087761356812,88105.34467559523,951.2632200528742,1346666.6666666677,6061894.655324402,0.0,7279.24526862684,1346666.6666666677,6059999.999999999,0.0,202.0,0.27430288015227877,0.07131874883959248,0.5623671564138331,0.2987349121523645,3.2494686256553322,0.5777547777367197,0.8492203298598956,0.5342150071035495,1.9535121615616746,0.03587966152148595,0.03587966152148595,0.0,1.917632500040188,0.0,0.0,1.917632500040188,0.0,0.03587966152148595,0.0,4.501811332610728,428.9122386431744,429.51864895730137,9.359527406594973,426.95872648161276,0.0,0.0,0.0,49234.55363508775,-57421.51751893926,9.167160897050052e-16,0.0,-1.0885819792747498e-10,6.661338147750939e-16
contact_inhibition_hypothesis,once_through,975.0930082771275,17.771143890870537,19568.418283539646,88093.27751846887,957.3218643862567,1353333.3333333344,6091906.722481529,0.0,7315.9051262820685,1353333.3333333344,6089999.999999999,0.0,203.0,0.2760100952601245,0.07176262476763237,0.5662350560277714,0.2985546321603677,3.2649402241110854,0.5757854383655499,0.8486900945893169,0.5329743619531104,1.9656704935256957,0.03582449354672809,0.03582449354672809,0.0,1.929845999978967,0.0,0.0,1.929845999978967,0.0,0.03582449354672809,0.0,4.501808794253455,431.58171646034157,428.50819885829145,9.381314293763133,429.6160459668159,0.0,0.0,0.0,49478.28904912283,-57701.912790629576,4.583580448525026e-16,0.0,-5.442909896373749e-11,6.661338147750939e-16
contact_inhibition_hypothesis,once_through,981.1144202751547,17.74260959138314,19565.753172310702,88081.22768544336,963.3718106837711,1360000.0000000012,6121918.772314554,0.0,7352.571201053169,1360000.0000000012,6119999.999999999,0.0,204.0,0.2777145177973268,0.07220577462730497,0.5700625270216549,0.29837512854749376,3.2802501080866198,0.5738260165901072,0.8481621427867464,0.5317414142139656,1.9778089375442787,0.03576697182307744,0.03576697182307744,0.0,1.9420419657212002,0.0,0.0,1.9420419657212002,0.0,0.03576697182307744,0.0,4.501806135942429,434.2468276892848,427.49940159920186,9.403066728197453,432.26901875174053,0.0,0.0,0.0,49722.02446315793,-57982.31427943578,9.167160897050052e-16,0.0,-1.0885819792747498e-10,8.881784197001252e-16
contact_inhibition_hypothesis,once_through,987.1256042692927,17.712941211061544,19563.092588054504,88069.19596501735,969.4126630582308,1366666.666666668,6151930.80403498,0.0,7389.243483058557,1366666.666666668,6149999.999999999,0.0,205.0,0.2794160451929336,0.07264817175016275,0.5738498095064007,0.29819639800974684,3.295399238025603,0.5718765741261245,0.8476364647345496,0.5305161069814147,1.9899267631343815,0.03570716392855474,0.03570716392855474,0.0,1.9542195992058262,0.0,0.0,1.9542195992058262,0.0,0.03570716392855474,0.0,4.501803361028594,436.90741194548093,426.492317888744,9.424784533780729,434.9174851823465,0.0,0.0,0.0,49965.75987719302,-58262.72197547625,6.87537067278754e-16,0.0,-1.0885819792747498e-10,6.661338147750939e-16
contact_inhibition_hypothesis,once_through,993.126208599239,17.682171831245746,19560.43668641791,88057.18312349063,975.4440367679929,1373333.3333333347,6181942.816876506,0.0,7425.921962369599,1373333.3333333347,6179999.999999999,0.0,206.0,0.28111457790588285,0.07308979025552954,0.577597152389463,0.29801843710463893,3.310388609557852,0.569937167998102,0.8471130503077616,0.5292983828108293,2.0020232613910336,0.03564513655117167,0.03564513655117167,0.0,1.9663781248398613,0.0,0.0,1.9663781248398613,0.0,0.03564513655117167,0.0,4.501800472820451,439.563313582078,425.48700664232643,9.44646755474217,437.56129032068696,0.0,0.0,0.0,50209.4952912281,-58543.13586882237,6.87537067278754e-16,0.0,-1.0885819792747498e-10,4.440892098500626e-16
contact_inhibition_hypothesis,once_through,999.1158921528014,17.650334080009884,19557.78561837911,88045.1899052513,981.4655580727913,1380000.0000000014,6211954.810094746,0.0,7462.606629016268,1380000.0000000014,6209999.999999999,0.0,207.0,0.2828100193808636,0.07353060503902453,0.5813048128549175,0.29784124226163494,3.32521925141967,0.5680078506658327,0.8465918890048088,0.5280881837939566,2.014097744672989,0.03558095546521032,0.03558095546521032,0.0,1.9785167892077784,0.0,0.0,1.9785167892077784,0.0,0.03558095546521032,0.0,4.501797474582822,442.2143816208779,424.48352500818044,9.468115654621128,440.2002838762049,0.0,0.0,0.0,50453.230705263195,-58823.55594950414,4.583580448525026e-16,0.0,-1.0885819792747498e-10,4.440892098500626e-16
contact_inhibition_hypothesis,once_through,1005.0943242072105,17.617460121577757,19555.139530317887,88033.21703307064,987.4768640856325,1386666.6666666681,6241966.782966927,0.0,7499.297472992518,1386666.6666666681,6239999.999999999,0.0,208.0,0.28450227600339767,0.0739705917608834,0.5849730558588402,0.29766480979214194,3.3398922234353607,0.5660886701498956,0.8460729699768881,0.5268854516312007,2.0261495462828316,0.035514685509886165,0.035514685509886165,0.0,1.9906348607729447,0.0,0.0,1.9906348607729447,0.0,0.035514685509886165,0.0,4.50179436953573,444.8604696821002,423.48192839394494,9.48972871526505,442.83432013581734,0.0,0.0,0.0,50696.96611929829,-59103.98220751548,4.583580448525026e-16,0.0,-1.0885819792747498e-10,8.881784197001252e-16
contact_inhibition_hypothesis,once_through,1011.0611842680186,17.583581646871743,19552.49856408691,88021.2652084053,993.4776026211466,1393333.333333335,6271978.734791592,0.0,7535.9944842613695,1393333.333333335,6269999.999999999,0.0,209.0,0.2861912570542385,0.074409726834102,0.5886021536399407,0.297489135899054,3.354408614559763,0.564179670155994,0.8455562820560413,0.5256901277000152,2.038178020142213,0.035446390570295805,0.035446390570295805,0.0,2.002731629571917,0.0,0.0,2.002731629571917,0.0,0.035446390570295805,0.0,4.5017911608534025,447.50143591307767,422.48227049365744,9.511306635861436,445.4632578929355,0.0,0.0,0.0,50940.70153333338,-59384.41463281942,4.583580448525026e-16,0.0,-1.0885819792747498e-10,0.0
contact_inhibition_hypothesis,once_through,1017.0161619059089,17.54872986514639,19549.862857083957,88009.33511170551,999.4674320407622,1400000.0000000016,6301990.664888291,0.0,7572.697652759725,1400000.0000000016,6299999.999999999,0.0,210.0,0.2878768746631783,0.07484798741242636,0.5921923852453772,0.297314216685864,3.368769540981509,0.5622808901980235,0.845041813781953,0.5245021531195427,2.0501825404628833,0.035376133560551304,0.035376133560551304,0.0,2.0148064069023315,0.0,0.0,2.0148064069023315,0.0,0.035376133560551304,0.0,4.50178785166337,450.13714291602776,421.48460331509347,9.532849332003442,448.0869603755649,0.0,0.0,0.0,51184.436947368464,-59664.853215352865,6.87537067278754e-16,0.0,-1.6328729689121246e-10,4.440892098500626e-16
contact_inhibition_hypothesis,once_through,1022.9589565917256,17.512935496658976,19547.23254232495,87997.42740272931,1005.4460210950665,1406666.6666666684,6332002.572597267,0.0,7609.406968402927,1406666.6666666684,6329999.999999999,0.0,211.0,0.28955904376235153,0.07528535137821141,0.5957440360716473,0.2971400481653525,3.382976144286589,0.5603923657197648,0.8445295534275074,0.5233214688116248,2.062162501414128,0.03530397640900489,0.03530397640900489,0.0,2.0268585250051223,0.0,0.0,2.0268585250051223,0.0,0.03530397640900489,0.0,4.501784445045687,452.7674576750351,420.48897720740524,9.554356734788964,450.7052951736209,0.0,0.0,0.0,51428.17236140355,-59945.297945031154,2.291790224262513e-16,0.0,-1.6328729689121246e-10,4.440892098500626e-16
contact_inhibition_hypothesis,once_through,1028.8892775300178,17.476228766329783,19544.607748517603,87985.54272086114,1011.4130487636879,1413333.3333333351,6362014.4572791355,0.0,7646.122421089055,1413333.3333333351,6359999.999999999,0.0,212.0,0.29123768203911776,0.07572179733017062,0.5992573974204332,0.29696662626786713,3.3970295896817326,0.5585141282151056,0.8440194890231386,0.522148015558326,2.0741173167872122,0.03522998004546888,0.03522998004546888,0.0,2.0388873367417433,0.0,0.0,2.0388873367417433,0.0,0.03522998004546888,0.0,4.501780944032226,455.3922514823776,419.4954408890084,9.57582878995253,453.3181341655904,0.0,0.0,0.0,51671.907775438645,-60225.748811752375,2.291790224262513e-16,0.0,-1.6328729689121246e-10,0.0
contact_inhibition_hypothesis,once_through,1034.8068434913769,17.43863939834583,19541.988600135664,87973.68168543522,1017.368204093031,1420000.0000000019,6392026.318314562,0.0,7682.844000702982,1420000.0000000019,6389999.999999999,0.0,213.0,0.2929127098886033,0.07615730457103687,0.6027327660692481,0.29679394684920274,3.4109310642769923,0.5566462053467027,0.8435116083800082,0.5209817340560899,2.0860464196573965,0.03515420439033739,0.03515420439033739,0.0,2.050892215267059,0.0,0.0,2.050892215267059,0.0,0.03515420439033739,0.0,4.501777351606094,458.01139986431826,418.50404147567207,9.597265457029804,455.92535344466086,0.0,0.0,0.0,51915.64318947374,-60506.20580540139,2.291790224262513e-16,0.0,-1.0885819792747498e-10,0.0
contact_inhibition_hypothesis,once_through,1040.711382643833,17.40019661166249,19539.375217493503,87961.84489606245,1023.3111860321704,1426666.6666666686,6422038.155103935,0.0,7719.5716971202055,1426666.6666666686,6419999.999999999,0.0,214.0,0.29458405036597585,0.07659185309515372,0.6061704438567107,0.29662200569809494,3.424681775426843,0.554788621063008,0.8430058991120439,0.5198225649666632,2.09794926204405,0.03507670834551818,0.03507670834551818,0.0,2.0628725536985315,0.0,0.0,2.0628725536985315,0.0,0.03507670834551818,0.0,4.501773670701132,460.6247825064796,417.5148245087654,9.618666708554015,458.5268332444356,0.0,0.0,0.0,52159.37860350881,-60786.66891585369,2.291790224262513e-16,0.0,-1.0885819792747498e-10,0.0
contact_inhibition_hypothesis,once_through,1046.6026323835624,17.3609291163585,19536.76771682107,87950.03293296017,1029.241703267204,1433333.3333333354,6452049.967067037,0.0,7756.305500210437,1433333.3333333354,6449999.999999999,0.0,215.0,0.2962516291385249,0.07702542357601647,0.6095707372822621,0.29645079854333894,3.4382829491290483,0.552941395713582,0.8425023486568793,0.5186704489649109,2.1098253145693757,0.03499754978708477,0.03499754978708477,0.0,2.0748277647822913,0.0,0.0,2.0748277647822913,0.0,0.03499754978708477,0.0,4.501769904201481,463.23228317891426,416.52783398361976,9.64003252928385,461.1224578643449,0.0,0.0,0.0,52403.114017543914,-61067.138132979024,0.0,0.0,-1.0885819792747498e-10,-4.440892098500626e-16
contact_inhibition_hypothesis,once_through,1052.4803391651428,17.320865110800916,19534.166210339008,87938.24635728469,1035.159474054342,1440000.000000002,6482061.753642713,0.0,7793.045399840991,1440000.000000002,6479999.999999999,0.0,216.0,0.2979153744376133,0.07745799735377946,0.6129339571201103,0.296280321060546,3.4517358284804414,0.551104546162637,0.8420009442957237,0.5175253267836538,2.121674066116228,0.03491678555956135,0.03491678555956135,0.0,2.0867572805566668,0.0,0.0,2.0867572805566668,0.0,0.03491678555956135,0.0,4.5017660549412595,465.833789660975,415.54311237796776,9.661362915462105,463.7121155948588,0.0,0.0,0.0,52646.84943157901,-61347.613446644675,0.0,0.0,-1.0885819792747498e-10,0.0
contact_inhibition_hypothesis,once_through,1058.3442583315807,17.280032279577647,19531.5708063339,87926.48571146574,1041.064226052003,1446666.6666666688,6512073.514288532,0.0,7829.7913858799575,1446666.6666666688,6509999.999999999,0.0,217.0,0.2995752170105653,0.07788955642274697,0.6162604180471857,0.296110568878549,3.4650416721887427,0.5492780859007474,0.8415016731722029,0.5163871392556428,2.133495023485467,0.03483447147175498,0.03483447147175498,0.0,2.098660552013712,0.0,0.0,2.098660552013712,0.0,0.03483447147175498,0.0,4.5017621257043,468.4291936660837,414.5607006804186,9.682657874104603,466.2956986425982,0.0,0.0,0.0,52890.5848456141,-61628.09484671873,0.0,0.0,-1.0885819792747498e-10,0.0
contact_inhibition_hypothesis,once_through,1064.1941539443244,17.23845779215602,19528.981609233488,87914.75151954227,1046.9556961521685,1453333.3333333356,6542085.248480455,0.0,7866.543448199174,1453333.3333333356,6539999.999999999,0.0,218.0,0.30123109007254945,0.07832008341886286,0.6195504382848632,0.2959415375854689,3.478201753139453,0.5474620251546813,0.8410045223102026,0.515255827352793,2.1452877110532844,0.03475066229405147,0.03475066229405147,0.0,2.110537048759233,0.0,0.0,2.110537048759233,0.0,0.03475066229405147,0.0,4.501758119223961,471.01839076649424,413.5806384189375,9.703917422318693,468.87310305544094,0.0,0.0,0.0,53134.32025964918,-61908.58232307303,0.0,0.0,-1.0885819792747498e-10,0.0
contact_inhibition_hypothesis,once_through,1070.0297986134615,17.19616830222749,19526.398719681845,87903.04428749942,1052.833630311234,1460000.0000000023,6572096.955712498,0.0,7903.301576677018,1460000.0000000023,6569999.999999999,0.0,219.0,0.30288292925851457,0.07874956160721379,0.6228043392542083,0.29577322273445583,3.4912173570168332,0.5456563709953074,0.8405094786307525,0.5141313322228039,2.1570516704289044,0.03466541175709435,0.03466541175709435,0.0,2.1223862586718103,0.0,0.0,2.1223862586718103,0.0,0.03466541175709435,0.0,4.501754038183016,473.60128031813696,412.6029636892937,9.725141586650471,471.44422864770803,0.0,0.0,0.0,53378.05567368428,-62189.07586558597,0.0,0.0,-1.0885819792747498e-10,0.0
contact_inhibition_hypothesis,once_through,1075.850973328287,17.153189947699257,19523.822234614356,87891.36450360596,1058.6977833805877,1466666.666666669,6602108.635496391,0.0,7940.065761201,1466666.666666669,6599999.999999999,0.0,220.0,0.3045306725752302,0.07917797486955985,0.6260224452444817,0.2956056198491141,3.504089780977927,0.5438611274435399,0.8400165289679827,0.5130135952232672,2.168786460113027,0.03457877255176797,0.03457877255176797,0.0,2.134207687561259,0.0,0.0,2.134207687561259,0.0,0.03457877255176797,0.0,4.501749885213603,476.1777653856269,411.62771318344545,9.746330402460318,474.0089789255139,0.0,0.0,0.0,53621.791087719364,-62469.57546414503,0.0,0.0,-1.0885819792747498e-10,0.0
contact_inhibition_hypothesis,once_through,1081.6574672884199,17.109548351295143,19521.252247332468,87879.71263875192,1064.5479189371247,1473333.3333333358,6632120.287361246,0.0,7976.835991670204,1473333.3333333358,6629999.999999999,0.0,221.0,0.30617426035348255,0.07960530769190546,0.6292050830946359,0.29543872442862423,3.5168203323785434,0.5420762955742908,0.8395256600841889,0.5119025579533838,2.18049165515738,0.03449079633040885,0.03449079633040885,0.0,2.146000858826971,0.0,0.0,2.146000858826971,0.0,0.03449079633040885,0.0,4.501745662897239,478.7477526675156,410.6549222178345,9.767483913325792,476.56726101235824,0.0,0.0,0.0,53865.52650175446,-62750.081108649334,0.0,0.0,-1.0885819792747498e-10,4.440892098500626e-16
contact_inhibition_hypothesis,once_through,1087.449077735632,17.065268621729004,19518.688847578127,87868.08914678571,1070.383809113903,1480000.0000000026,6662131.910853212,0.0,8013.612257997535,1480000.0000000026,6659999.999999999,0.0,222.0,0.3078136352004718,0.08003154515212267,0.6323525818875257,0.29527253195257375,3.529410327550103,0.5403018736184015,0.8390368586840404,0.5107981622833976,2.192166846825706,0.03440153370917106,0.03440153370917106,0.0,2.1577653131165344,0.0,0.0,2.1577653131165344,0.0,0.03440153370917106,0.0,4.501741373764886,481.31115242185683,409.6846247615609,9.788602170471266,479.1189855750311,0.0,0.0,0.0,54109.261915789546,-63030.59278901175,0.0,0.0,-1.0885819792747498e-10,4.440892098500626e-16
contact_inhibition_hypothesis,once_through,1093.2256097865438,17.02037535541546,19516.132121607825,87856.49446485078,1076.2052344311282,1486666.6666666693,6692143.505535147,0.0,8050.394550111834,1486666.6666666693,6689999.999999999,0.0,223.0,0.30944874195245475,0.08045667290763824,0.6354652726565496,0.29510703788550735,3.5418610906261985,0.5385378570625338,0.8385501114279629,0.5097003503818531,2.2038116422564977,0.034311034271474916,0.034311034271474916,0.0,2.1695006079850225,0.0,0.0,2.1695006079850225,0.0,0.034311034271474916,0.0,4.501737020297072,483.8678783921575,408.7168534644114,9.809685232223483,481.664066749901,0.0,0.0,0.0,54352.99732982464,-63311.11049516115,4.583580448525026e-16,0.0,-5.442909896373749e-11,4.440892098500626e-16
contact_inhibition_hypothesis,once_through,1098.9868762663286,16.97489263868358,19513.58215226621,87844.92901372143,1082.011983627645,1493333.333333336,6722155.0709862765,0.0,8087.182857959817,1493333.333333336,6719999.999999999,0.0,224.0,0.3110795276276736,0.08088067718319514,0.638543488104433,0.29494223768120786,3.554173952417732,0.5367842387470013,0.838065404944729,0.5086090647407733,2.2154256641277663,0.03421934657246946,0.03421934657246946,0.0,2.1812063175552967,0.0,0.0,2.1812063175552967,0.0,0.03421934657246946,0.0,4.501732604924081,486.41784773377367,407.7516396847206,9.830733163492454,484.2024220696459,0.0,0.0,0.0,54596.73274385973,-63591.634217044215,4.583580448525026e-16,0.0,-5.442909896373749e-11,0.0
contact_inhibition_hypothesis,once_through,1104.7326975435637,16.928844050460654,19511.039019059168,87833.39319813692,1087.8038534931031,1500000.0000000028,6752166.606801861,0.0,8123.977171507889,1500000.0000000028,6749999.999999999,0.0,225.0,0.3127059413796083,0.08130354475869815,0.6415875623338593,0.29477812678671933,3.566350249335437,0.5350410089615335,0.8375827258432922,0.5075242481988745,2.2270085503241193,0.03412651814444262,0.03412651814444262,0.0,2.1928820321796767,0.0,0.0,2.1928820321796767,0.0,0.03412651814444262,0.0,4.501728130026173,488.9609809408151,406.78901351703894,9.851746035276602,486.733972390491,0.0,0.0,0.0,54840.46815789482,-63872.163944627384,0.0,0.0,-5.442909896373749e-11,0.0
contact_inhibition_hypothesis,once_through,1110.4629013663468,16.88225266539456,19508.50279822637,87821.88740713414,1093.5806487009522,1506666.6666666695,6782178.112592864,0.0,8160.777480743805,1506666.6666666695,6779999.999999999,0.0,226.0,0.31432793445058804,0.08172526295715289,0.6445978305896538,0.29461470064612194,3.5783913223586152,0.5333081555389589,0.8371020607238882,0.5064458439628928,2.238559953606391,0.03403259550311558,0.03403259550311558,0.0,2.2045273581032756,0.0,0.0,2.2045273581032756,0.0,0.03403259550311558,0.0,4.5017235979338475,491.49720177360916,405.82900381958905,9.872723924191881,489.25864182000277,0.0,0.0,0.0,55084.2035719299,-64152.69966789838,0.0,0.0,-5.442909896373749e-11,0.0
contact_inhibition_hypothesis,once_through,1116.177322699796,16.835141057383844,19505.973562813204,87810.41201437832,1099.342181642412,1513333.3333333363,6812189.58798562,0.0,8197.583775678211,1513333.3333333363,6809999.999999999,0.0,227.0,0.31594546012579366,0.08214581963270635,0.6475746290122202,0.29445195470407093,3.5902985160488807,0.5315856639468088,0.836623396188444,0.5053737956271388,2.2500795412840646,0.03393762415475894,0.03393762415475894,0.0,2.2161419171293053,0.0,0.0,2.2161419171293053,0.0,0.03393762415475894,0.0,4.501719010928161,494.02643718677774,404.8716382414896,9.8936669120236,491.7763576454937,0.0,0.0,0.0,55327.938985965,-64433.24137686788,0.0,0.0,-5.442909896373749e-11,4.440892098500626e-16
contact_inhibition_hypothesis,once_through,1121.875803565039,16.78753130348648,19503.45138274201,87798.96737849149,1105.0882722615524,1520000.000000003,6842201.0326215075,0.0,8234.396046346053,1520000.000000003,6839999.999999999,0.0,228.0,0.31755847368768225,0.08256520315879738,0.6505182944019302,0.29428988440910747,3.602073177607721,0.5298735173768373,0.8361467188503161,0.5043080471913528,2.2615669948906905,0.03384164860407233,0.03384164860407233,0.0,2.227725346286618,0.0,0.0,2.227725346286618,0.0,0.03384164860407233,0.0,4.501714371241084,496.5486172579726,403.9169432497311,9.914575085300628,494.2870502630819,0.0,0.0,0.0,55571.6744000001,-64713.789061570824,0.0,0.0,0.0,0.0
contact_inhibition_hypothesis,once_through,1127.5581928797903,16.73944498817916,19500.936324882667,87787.5538433784,1110.8187478916113,1526666.6666666698,6872212.446156621,0.0,8271.214282807867,1526666.6666666698,6869999.999999999,0.0,229.0,0.3191669323708604,0.08298340241642371,0.6534291639941673,0.29412848521675394,3.613716655976669,0.5281716968324627,0.835672015343394,0.5032485430769613,2.273022009862512,0.0337447123627706,0.0337447123627706,0.0,2.2392772974997412,0.0,0.0,2.2392772974997412,0.0,0.0337447123627706,0.0,4.501709681055871,499.06367511731406,402.9649441558842,9.935448534890948,496.79065310745153,0.0,0.0,0.0,55815.40981403517,-64994.34271206771,-4.583580448525026e-16,0.0,0.0,0.0
contact_inhibition_hypothesis,once_through,1133.224346300603,16.690903207940035,19498.42845312241,87776.17173855,1116.533443092663,1533333.3333333365,6902223.82826145,0.0,8308.038475150968,1533333.3333333365,6899999.999999999,0.0,230.0,0.32077079531743224,0.08340040678253238,0.65630757524472,0.29396775259240115,3.62523030097888,0.526480181214136,0.8351992723305917,0.5021952281418127,2.2844442952204593,0.033646857958822156,0.033646857958822156,0.0,2.2507974372616375,0.0,0.0,2.2507974372616375,0.0,0.033646857958822156,0.0,4.501704942507498,501.5715468775707,402.0156651425284,9.956287355617947,499.28710258235026,0.0,0.0,0.0,56059.145228070265,-65274.90231844591,0.0,0.0,5.442909896373749e-11,-4.440892098500626e-16
contact_inhibition_hypothesis,once_through,1138.8741260668787,16.641926576129382,19495.927828434862,87764.82137944382,1122.2321994907495,1540000.0000000033,6932235.178620556,0.0,8344.868613490511,1540000.0000000033,6929999.999999999,0.0,231.0,0.32237002353284505,0.08381620611853971,0.6591538656252309,0.29380768201399854,3.6366154625009237,0.5247989474026463,0.8347284765117604,0.501148047693475,2.2958335732556994,0.0335481269462877,0.0335481269462877,0.0,2.262285446309412,0.0,0.0,2.262285446309412,0.0,0.0335481269462877,0.0,4.501700157683113,504.0721715651177,401.0691292893854,9.97709164589668,501.77633799186196,0.0,0.0,0.0,56302.88064210537,-65555.46787082055,-4.583580448525026e-16,0.0,5.442909896373749e-11,-4.440892098500626e-16
contact_inhibition_hypothesis,once_through,1144.5074008467138,16.59253522814326,19493.434508948274,87753.5030677411,1127.9148656185705,1546666.66666667,6962246.496932259,0.0,8381.704687970472,1546666.66666667,6959999.999999999,0.0,232.0,0.32396457984225385,0.084230790758986,0.661968372428397,0.29364826897455537,3.647873489713588,0.5231279703403738,0.8342596146310453,0.5001069475011742,2.3071895792188735,0.03344855991570943,0.03344855991570943,0.0,2.2737410193031637,0.0,0.0,2.2737410193031637,0.0,0.03344855991570943,0.0,4.5016953286225005,506.5654910517066,400.1253585991457,9.997861507389397,504.25830147248774,0.0,0.0,0.0,56546.61605614045,-65836.0393593356,0.0,0.0,5.442909896373749e-11,4.440892098500626e-16
contact_inhibition_hypothesis,once_through,1150.124045584642,16.542748826816787,19490.948550012905,87742.217091681,1133.5812967578254,1553333.3333333367,6992257.782908319,0.0,8418.546688764527,1553333.3333333367,6989999.999999999,0.0,233.0,0.32555442884742414,0.08464415150033028,0.6647514325826316,0.29348950898446263,3.6590057303305263,0.521467223110506,0.8337926734837137,0.4990718738064497,2.318512061013168,0.033348196505003425,0.033348196505003425,0.0,2.285163864508165,0.0,0.0,2.285163864508165,0.0,0.033348196505003425,0.0,4.501690457318605,509.0514499870763,399.1843740229769,10.018597044679586,506.73293792606313,0.0,0.0,0.0,56790.351470175534,-66116.61677416474,0.0,0.0,5.442909896373749e-11,-4.440892098500626e-16
contact_inhibition_hypothesis,once_through,1155.7239413513435,16.492586568054517,19488.47000426755,87730.9637263711,1139.231354783289,1560000.0000000035,7022269.0362736285,0.0,8455.394606076825,1560000.0000000035,7019999.999999999,0.0,234.0,0.32713953688418973,0.08505627958988933,0.6675033824758883,0.2933313975736436,3.670013529903553,0.5198166770142328,0.8333276399224813,0.4980427733325956,2.329800778891346,0.033247075410809734,0.033247075410809734,0.0,2.2965537034805363,0.0,0.0,2.2965537034805363,0.0,0.033247075410809734,0.0,4.501685545718055,511.5299957324326,398.2461954857026,10.039298364963873,509.20019495354126,0.0,0.0,0.0,57034.08688421062,-66397.20010551212,0.0,0.0,5.442909896373749e-11,0.0
contact_inhibition_hypothesis,once_through,1161.3069751953656,16.44206718666653,19485.998921705163,87719.7432340943,1144.864908008699,1566666.6666666702,7052280.256765906,0.0,8492.248430142703,1566666.6666666702,7049999.999999999,0.0,235.0,0.32871987198048147,0.08546716671492519,0.6702245577883625,0.2931739302935423,3.68089823115345,0.5181763016459416,0.8328645008633597,0.497019593292965,2.341055505156833,0.03314523440025732,0.03314523440025732,0.0,2.307910270756576,0.0,0.0,2.307910270756576,0.0,0.03314523440025732,0.0,4.5016805957217105,514.0010782948198,397.31084191064434,10.059965577761,511.66002278966295,0.0,0.0,0.0,57277.822298245716,-66677.78934361308,0.0,0.0,5.442909896373749e-11,0.0
contact_inhibition_hypothesis,once_through,1166.8730399969138,16.39120896238983,19483.535349737576,87708.55586461198,1150.481831034524,1573333.333333337,7082291.444135388,0.0,8529.108151229297,1573333.333333337,7079999.999999999,0.0,236.0,0.3302954038149408,0.08587680499188462,0.6729152933337794,0.29301710271895626,3.6916611733351177,0.516546064966429,0.8324032432910479,0.49600228139819175,2.3522760238689786,0.03304271032310241,0.03304271032310241,0.0,2.319233313545876,0.0,0.0,2.319233313545876,0.0,0.03304271032310241,0.0,4.501675609185235,516.4646502624068,396.37833124411696,10.080598794637375,514.1123742385379,0.0,0.0,0.0,57521.55771228081,-66958.38447873478,0.0,0.0,5.442909896373749e-11,0.0
contact_inhibition_hypothesis,once_through,1172.4220343237466,16.34002972607578,19481.079333259277,87697.40185546353,1156.082004597671,1580000.0000000037,7112302.598144536,0.0,8565.973759636086,1580000.0000000037,7109999.999999999,0.0,237.0,0.33186610367612956,0.0862851869557937,0.675575922908987,0.2928609104497237,3.702303691635948,0.5149259333741563,0.8319438542638932,0.49499078586240597,2.3634621305525543,0.03293953912420164,0.03293953912420164,0.0,2.3305225914283527,0.0,0.0,2.3305225914283527,0.0,0.03293953912420164,0.0,4.501670587919696,518.9206667407062,395.448680479571,10.101198128948333,516.5572046101537,0.0,0.0,0.0,57765.29312631589,-67238.98550117665,0.0,0.0,0.0,0.0
contact_inhibition_hypothesis,once_through,1177.9538622892196,16.288546866025044,19478.63091471024,87686.28143226163,1161.665315423195,1586666.6666666705,7142313.718567738,0.0,8602.845245695375,1586666.6666666705,7139999.999999999,0.0,238.0,0.3334319444223478,0.08669230554981043,0.6782067791515767,0.2927053491122702,3.7128271166063067,0.5133158717745696,0.8314863209184418,0.49398505540849674,2.374613631911592,0.03283575585628256,0.03283575585628256,0.0,2.34177787605531,0.0,0.0,2.34177787605531,0.0,0.03283575585628256,0.0,4.501665533692157,521.3690852897435,394.52190568137553,10.12176369559458,518.9944716578318,0.0,0.0,0.0,58009.02854035098,-67519.59240127102,-4.583580448525026e-16,0.0,5.442909896373749e-11,-4.440892098500626e-16
contact_inhibition_hypothesis,once_through,1183.4684334125063,16.236777334452672,19476.190134137792,87675.19480898337,1167.231656078054,1593333.3333333372,7172324.805191017,0.0,8639.72259977268,1593333.3333333372,7169999.999999999,0.0,239.0,0.3349929004420678,0.08709815411493764,0.6808081934052541,0.2925504143610239,3.7232327736210165,0.5117158436475115,0.8310306304735998,0.49298503927248183,2.385730345547603,0.03273139469297645,0.03273139469297645,0.0,2.352998950854627,0.0,0.0,2.352998950854627,0.0,0.03273139469297645,0.0,4.5016604482263,523.8098658621894,393.5980220082357,10.142295610793187,521.4241355166419,0.0,0.0,0.0,58252.76395438608,-67800.20516938344,-4.583580448525026e-16,0.0,5.442909896373749e-11,-4.440892098500626e-16
contact_inhibition_hypothesis,once_through,1188.965662481025,16.184737654066854,19473.75702925751,87664.14218825757,1172.7809248269584,1600000.000000004,7202335.857811742,0.0,8676.605812267086,1600000.000000004,7199999.999999999,0.0,240.0,0.3365489476149928,0.08750272637989813,0.6833804955926946,0.2923961018797052,3.7335219823707786,0.5101258111127508,0.8305767702344271,0.4919906872070397,2.3968120996822484,0.03262648894208029,0.03262648894208029,0.0,2.3641856107401686,0.0,0.0,2.3641856107401686,0.0,0.03262648894208029,0.0,4.501655333203056,526.2429707424704,392.6770437362414,10.162793991862488,523.8461586427882,0.0,0.0,0.0,58496.49936842116,-68080.82379591292,-4.583580448525026e-16,0.0,5.442909896373749e-11,-4.440892098500626e-16
contact_inhibition_hypothesis,once_through,1194.4454694150957,16.132443924745594,19471.33163551312,87653.12376164748,1178.3130254903504,1606666.6666666707,7232346.876238353,0.0,8713.494873611518,1606666.6666666707,7229999.999999999,0.0,241.0,0.33810006327374653,0.0879060164511741,0.685924014095616,0.2922424073824982,3.743696056382464,0.508545734993658,0.830124727595583,0.4910019494842619,2.407858732884503,0.032521071059016145,0.032521071059016145,0.0,2.3753376618254873,0.0,0.0,2.3753376618254873,0.0,0.032521071059016145,0.0,4.501650190261247,528.6683644868642,391.75898428154187,10.183258957020222,526.2605057539797,0.0,0.0,0.0,58740.234782456246,-68361.44827129244,-4.583580448525026e-16,0.0,5.442909896373749e-11,-4.440892098500626e-16
contact_inhibition_hypothesis,once_through,1199.9077791348457,16.0799118302966,19468.91398613539,87642.13970992944,1183.827867304549,1613333.3333333374,7262357.86029007,0.0,8750.389774272977,1613333.3333333374,7259999.999999999,0.0,242.0,0.3396462261661996,0.0883080188032119,0.6884390756418107,0.2920893266151095,3.753756302567243,0.5069755748790558,0.8296744900444397,0.49001877689766765,2.4188700938023526,0.032415172660458305,0.032415172660458305,0.0,2.386454921141894,0.0,0.0,2.386454921141894,0.0,0.032415172660458305,0.0,4.501645020998243,531.0860138645918,390.8438562226435,10.203690625194486,528.6671437707895,0.0,0.0,0.0,58983.97019649135,-68642.078585989,0.0,0.0,0.0,4.440892098500626e-16
contact_inhibition_hypothesis,once_through,1205.3525214293757,16.027156645286325,19466.504112200077,87631.19020336709,1189.3253647840893,1620000.0000000042,7292368.809796632,0.0,8787.290504752704,1620000.0000000042,7289999.999999999,0.0,243.0,0.3411874164184355,0.08870872826879322,0.6909260051988828,0.291936855355722,3.7637040207955312,0.5054152891832753,0.8292260451638883,0.4890411207635366,2.4298460408990494,0.032308824538099794,0.032308824538099794,0.0,2.39753721636095,0.0,0.0,2.39753721636095,0.0,0.032308824538099794,0.0,4.501639826970614,533.4958877999094,389.9316713223295,10.22408911584681,531.0660417590103,0.0,0.0,0.0,59227.705610526435,-68922.71473050381,0.0,0.0,0.0,0.0
contact_inhibition_hypothesis,once_through,1210.7796308282027,15.974193241925299,19464.102042684775,87620.27540198097,1194.8054375862775,1626666.666666671,7322379.724598018,0.0,8824.197055586304,1626666.666666671,7319999.999999999,0.0,244.0,0.3427236154983612,0.08910814002957392,0.6933851258744435,0.2917849894158479,3.773540503497774,0.503864835204446,0.8287793806348468,0.48806893292160275,2.440786442193957,0.03220205667253237,0.03220205667253237,0.0,2.408584385521425,0.0,0.0,2.408584385521425,0.0,0.03220205667253237,0.0,4.501634609694796,535.8979573152086,389.02244054919703,10.244454548806813,533.4571708730147,0.0,0.0,0.0,59471.44102456153,-69203.35669537251,-4.583580448525026e-16,0.0,0.0,0.0
contact_inhibition_hypothesis,once_through,1216.1890464749831,15.92103609699696,19461.70780452486,87609.39545581404,1200.2680103779862,1633333.3333333377,7352390.604544185,0.0,8861.10941734384,1633333.3333333377,7349999.999999999,0.0,245.0,0.3442548061799635,0.08950624960679052,0.69581675882252,0.29163372464108767,3.78326703529008,0.5023241691810537,0.8283344842384932,0.48710216573515147,2.451691175007989,0.03209489824721423,0.03209489824721423,0.0,2.4195962767607746,0.0,0.0,2.4195962767607746,0.0,0.03209489824721423,0.0,4.50162937064777,538.2921954751251,388.11617409881364,10.264787044117996,535.8405043001171,0.0,0.0,0.0,59715.17643859662,-69484.00447116513,0.0,0.0,0.0,0.0
contact_inhibition_hypothesis,once_through,1221.5807120035201,15.867699298818613,19459.321422668327,87598.55050519232,1205.713012704702,1640000.0000000044,7382401.449494807,0.0,8898.027580629847,1640000.0000000044,7379999.999999999,0.0,246.0,0.34578097250821116,0.0899030528521349,0.698221223155941,0.2914830569118005,3.792884892623764,0.5007932463467962,0.8278913438582368,0.4861407720905684,2.462560125713656,0.03198737766250246,0.03198737766250246,0.0,2.430572748051154,0.0,0.0,2.430572748051154,0.0,0.03198737766250246,0.0,4.501624111267726,540.6785773316594,387.2128814144902,10.285086721893995,538.2160172059457,0.0,0.0,0.0,59958.9118526317,-69764.65804848622,-9.167160897050052e-16,0.0,0.0,-8.881784197001252e-16
contact_inhibition_hypothesis,once_through,1226.9545754160604,15.814196554223528,19456.942920129677,87587.74068098141,1211.140378861837,1646666.6666666712,7412412.259319019,0.0,8934.951536083352,1646666.6666666712,7409999.999999999,0.0,247.0,0.34730209976460574,0.09029854593879749,0.7005988358644714,0.29133298214369047,3.8023953434578854,0.49927202098377066,0.8274499474814426,0.48518470539636704,2.4733931894897276,0.031879522549728125,0.031879522549728125,0.0,2.4415136669399997,0.0,0.0,2.4415136669399997,0.0,0.031879522549728125,0.0,4.501618832954754,543.0570798703101,386.31257120767026,10.305353702185021,540.5836866808204,0.0,0.0,0.0,60202.647266666805,-70045.31741797483,-4.583580448525026e-16,0.0,5.442909896373749e-11,0.0
contact_inhibition_hypothesis,once_through,1232.3105889638712,15.760541195553886,19454.57231804277,87576.96610483796,1216.5500477683177,1653333.333333338,7442423.033895162,0.0,8971.881274377816,1653333.333333338,7439999.999999999,0.0,248.0,0.34881817443337787,0.09069272535267825,0.7029499117384646,0.29118349628831475,3.811799646953858,0.4977604464740235,0.8270102832009257,0.4842339195817485,2.4841902700804885,0.03177135978529316,0.03177135978529316,0.0,2.452418910295196,0.0,0.0,2.452418910295196,0.0,0.03177135978529316,0.0,4.501613537071508,545.4276819572158,385.4152514779378,10.32558810485373,542.9434916871353,0.0,0.0,0.0,60446.38268070189,-70325.98257030438,-9.167160897050052e-16,0.0,5.442909896373749e-11,-4.440892098500626e-16
contact_inhibition_hypothesis,once_through,1237.6487090301016,15.706746187655096,19452.209635712676,87566.22688945722,1221.9419628424466,1660000.0000000047,7472433.773110542,0.0,9008.816786221074,1660000.0000000047,7469999.999999999,0.0,249.0,0.3503291841683297,0.09108558788376572,0.705274763297819,0.29103459533351705,3.821099053191276,0.49625847534949696,0.8265723392162266,0.4832883690947132,2.494951279559601,0.03166291550477015,0.03166291550477015,0.0,2.463288364054831,0.0,0.0,2.463288364054831,0.0,0.03166291550477015,0.0,4.501608224943903,547.7903642873104,384.52092953264184,10.34579004946034,545.2954130077508,0.0,0.0,0.0,60690.11809473697,-70606.65349618271,-4.583580448525026e-16,0.0,5.442909896373749e-11,0.0
contact_inhibition_hypothesis,once_through,1242.9688960149122,15.652824134862243,19449.854890666506,87555.52313881555,1227.31607188005,1666666.6666666714,7502444.476861184,0.0,9045.758062355218,1666666.6666666714,7499999.999999999,0.0,250.0,0.35183511776031984,0.09147713061768316,0.7075737007260222,0.2908862753037927,3.830294802904089,0.4947660593404058,0.8261361038346844,0.4823480088997716,2.505676138098541,0.0315542151169861,0.0315542151169861,0.0,2.474121922981555,0.0,0.0,2.474121922981555,0.0,0.0315542151169861,0.0,4.501602897861785,550.1451093334794,383.62961200614166,10.365959655156292,547.6394331953808,0.0,0.0,0.0,60933.85350877207,-70887.33018635196,0.0,0.0,5.442909896373749e-11,-4.440892098500626e-16
contact_inhibition_hypothesis,once_through,1248.2711142228698,15.598787287970655,19447.508098703267,87544.85494840871,1232.6723269348993,1673333.3333333381,7532455.145051591,0.0,9082.70509355647,1673333.3333333381,7529999.999999999,0.0,251.0,0.3533359651053891,0.09186735092740117,0.7098470318090744,0.290738532260588,3.8393881272362975,0.493283149422076,0.8257015654723177,0.481412794475278,2.5163647737395984,0.03144528331807428,0.03144528331807428,0.0,2.4849194904215244,0.0,0.0,2.4849194904215244,0.0,0.03144528331807428,0.0,4.501597557079618,552.4919012967207,382.7413048786715,10.386097040586163,549.9755365229811,0.0,0.0,0.0,61177.58892280716,-71168.0126315883,-4.583580448525026e-16,0.0,5.442909896373749e-11,-4.440892098500626e-16
contact_inhibition_hypothesis,once_through,1253.5553317525928,15.544647551182468,19445.169273942684,87534.22240548543,1238.0106842014106,1680000.000000005,7562465.777594515,0.0,9119.65787063502,1680000.000000005,7559999.999999999,0.0,252.0,0.3548317171735237,0.09225624646511617,0.7120950618790919,0.2905913623025386,3.8483802475163675,0.49180969586028006,0.8252687126545254,0.48048268181041665,2.5270171221734166,0.03133614410547771,0.03133614410547771,0.0,2.4956809780679396,0.0,0.0,2.4956809780679396,0.0,0.03133614410547771,0.0,4.501592203817163,554.8307260573014,381.85601349482937,10.406202323797475,552.3037089351279,0.0,0.0,0.0,61421.32433684223,-71448.70082270193,-4.583580448525026e-16,0.0,1.0885819792747498e-10,-8.881784197001252e-16
contact_inhibition_hypothesis,once_through,1258.8215203886332,15.490416489022236,19442.83842887308,87523.62558927642,1243.3311038996114,1686666.6666666716,7592476.374410724,0.0,9156.616384434836,1686666.6666666716,7589999.999999999,0.0,253.0,0.35632236597805106,0.09264381515429328,0.714318093762393,0.29044476156565185,3.857272375049572,0.49034564825510196,0.8248375340166232,0.47955762740187785,2.5376331265210377,0.031226820791890143,0.031226820791890143,0.0,2.5064063057291484,0.0,0.0,2.5064063057291484,0.0,0.031226820791890143,0.0,4.501586839260143,557.1615711269036,380.97374258169026,10.426275622157732,554.6239380003825,0.0,0.0,0.0,61665.059750877335,-71729.39475053684,-9.167160897050052e-16,0.0,1.0885819792747498e-10,-8.881784197001252e-16
contact_inhibition_hypothesis,once_through,1264.0696554955791,15.436105333214558,19440.515574398232,87513.06457121925,1248.633550162365,1693333.3333333384,7622486.9354287805,0.0,9193.580625833461,1693333.3333333384,7619999.999999999,0.0,254.0,0.3578079045456648,0.09303005518187285,0.7165164277318762,0.29029872622343456,3.8660657109275047,0.4888909555833646,0.8244080183042193,0.4786375882502396,2.5482127371204277,0.03111733601912056,0.03111733601912056,0.0,2.5170954011013085,0.0,0.0,2.5170954011013085,0.0,0.03111733601912056,0.0,4.501581464560934,559.4844256017536,380.09449626654816,10.446317052278639,556.9362128646331,0.0,0.0,0.0,61908.79516491242,-72010.09440597055,-9.167160897050052e-16,0.0,5.442909896373749e-11,-1.3322676295501878e-15
contact_inhibition_hypothesis,once_through,1269.2997159143624,15.381724989517847,19438.200719883258,87502.53941517821,1253.917990924845,1700000.0000000051,7652497.460584822,0.0,9230.550585741783,1700000.0000000051,7649999.999999999,0.0,255.0,0.3592883268870732,0.09341496499063903,0.7186903614635068,0.29015325248697255,3.8747614458540274,0.487445566239654,0.8239801543734487,0.47772252185608965,2.5587559113174447,0.031007711771869235,0.031007711771869235,0.0,2.5277481995455764,0.0,0.0,2.5277481995455764,0.0,0.031007711771869235,0.0,4.501576080839222,561.7992801167275,379.21827809428726,10.46632672994683,559.24052420541,0.0,0.0,0.0,62152.53057894752,-72290.79977991397,-9.167160897050052e-16,0.0,5.442909896373749e-11,-8.881784197001252e-16
contact_inhibition_hypothesis,once_through,1274.5116838607496,15.327286044508078,19435.893873199566,87492.05017766023,1259.184397816242,1706666.6666666719,7682507.94982234,0.0,9267.526255103778,1706666.6666666719,7679999.999999999,0.0,256.0,0.3607636279682662,0.09379854327174922,0.7208401899967334,0.290008336604963,3.8833607599869335,0.48600942807597186,0.8235539311910677,0.47681238621590416,2.5692626132612078,0.030897969391402942,0.030897969391402942,0.0,2.5383646438698055,0.0,0.0,2.5383646438698055,0.0,0.030897969391402942,0.0,4.501570689182672,564.1061268004223,378.3450910443893,10.486304770060993,561.5368641871611,0.0,0.0,0.0,62396.26599298261,-72571.51086331106,-9.167160897050052e-16,0.0,5.442909896373749e-11,-8.881784197001252e-16
contact_inhibition_hypothesis,once_through,1279.705544825997,15.272798772307613,19433.5950407688,87481.59690802595,1264.4327460536897,1713333.3333333386,7712518.403091974,0.0,9304.507624896256,1713333.3333333386,7709999.999999999,0.0,257.0,0.36223380368239505,0.09418078895742271,0.7229662056986594,0.2898639748637043,3.8918648227946377,0.4845824884400505,0.8231293378344244,0.47590713981771365,2.579732813703831,0.03078812958911947,0.03078812958911947,0.0,2.5489446841147116,0.0,0.0,2.5489446841147116,0.0,0.03078812958911947,0.0,4.501565290647589,566.4049592311854,377.47493754757653,10.506251286574827,563.8252264174816,0.0,0.0,0.0,62640.001407017684,-72852.22764713861,-4.583580448525026e-16,0.0,5.442909896373749e-11,0.0
contact_inhibition_hypothesis,once_through,1284.8812874796492,15.218273141253976,19431.30422760589,87471.1796486967,1269.6630143383957,1720000.0000000054,7742528.820351304,0.0,9341.494686128579,1720000.0000000054,7739999.999999999,0.0,258.0,0.3636988508222576,0.09456170121378699,0.7250686982318056,0.2897201635870457,3.9002747929272226,0.48316469421236247,0.822706363491311,0.47500674163657075,2.590166489804475,0.030678212459991062,0.030678212459991062,0.0,2.5594882773444847,0.0,0.0,2.5594882773444847,0.0,0.030678212459991062,0.0,4.501559886259572,568.6957723940928,376.60781950209696,10.526166392445681,566.1056059042884,0.0,0.0,0.0,62883.73682105279,-73132.95012240604,-9.167160897050052e-16,0.0,5.442909896373749e-11,-4.440892098500626e-16
contact_inhibition_hypothesis,once_through,1290.0389035744545,15.163718820504295,19429.02143736112,87460.79843535705,1274.8751847539506,1726666.666666672,7772539.201564643,0.0,9378.487429842362,1726666.666666672,7769999.999999999,0.0,259.0,0.36515876705338474,0.09494127943388003,0.727147954525297,0.2895768991363002,3.908591818101188,0.4817559918418566,0.8222849974597065,0.47411115112984226,2.600563624937671,0.030568237495878194,0.030568237495878194,0.0,2.569995387441794,0.0,0.0,2.569995387441794,0.0,0.030568237495878194,0.0,4.50155447701416,570.9785626388639,375.7437382896538,10.546050199588487,568.3779990139262,0.0,0.0,0.0,63127.47223508787,-73413.67828015491,-9.167160897050052e-16,0.0,5.442909896373749e-11,-8.881784197001252e-16
contact_inhibition_hypothesis,once_through,1295.1783878533759,15.109145186571114,19426.74667236128,87450.45329715298,1280.0692426668054,1733333.3333333388,7802549.546702847,0.0,9415.485847111166,1733333.3333333388,7799999.999999999,0.0,260.0,0.366613550887718,0.09531952323080668,0.729204258749321,0.2894341779101228,3.916817034997284,0.48035632738045364,0.8218652291474201,0.47322032823234705,2.610924208505863,0.030458223598704974,0.030458223598704974,0.0,2.5804659849071596,0.0,0.0,2.5804659849071596,0.0,0.030458223598704974,0.0,4.501549063877485,573.2533276387043,374.88269479098466,10.565902818834621,570.6424034301984,0.0,0.0,0.0,63371.20764912296,-73694.4121114588,-1.375074134557508e-15,0.0,5.442909896373749e-11,-1.3322676295501878e-15
contact_inhibition_hypothesis,once_through,1300.2997379586716,15.054561329786146,19424.479933649924,87440.14425688601,1285.245176628886,1740000.0000000056,7832559.855743113,0.0,9452.489929040183,1740000.0000000056,7829999.999999999,0.0,261.0,0.3680632016578745,0.09569643243104736,0.7312378922927039,0.2892919963443577,3.9249515691708154,0.4789656465163321,0.8214470480716404,0.47233423335135216,2.6212482357561266,0.030348189093489294,0.030348189093489294,0.0,2.590900046662638,0.0,0.0,2.590900046662638,0.0,0.030348189093489294,0.0,4.501543647786905,575.5200663500639,374.0246894010939,10.585724359895554,572.8988181143078,0.0,0.0,0.0,63614.943063158054,-73975.15160742291,-9.167160897050052e-16,0.0,0.0,-8.881784197001252e-16
contact_inhibition_hypothesis,once_through,1305.4029543430179,14.999976060688391,19422.221221026688,87429.87133120264,1290.4029782823302,1746666.6666666723,7862570.128668796,0.0,9489.499666765909,1746666.6666666723,7859999.999999999,0.0,262.0,0.3695077194919888,0.09607200706791709,0.7332491337434579,0.2891503509118557,3.9329965349738316,0.477583894606036,0.8210304438583992,0.47145282736144994,2.6315357076010026,0.030238151741220513,0.030238151741220513,0.0,2.6012975558597837,0.0,0.0,2.6012975558597837,0.0,0.030238151741220513,0.0,4.501538229651622,577.7787789732998,373.1697220441425,10.605514931330843,575.1472432656989,0.0,0.0,0.0,63858.67847719315,-74255.89675918373,-1.375074134557508e-15,0.0,0.0,-1.7763568394002505e-15
contact_inhibition_hypothesis,once_through,1310.4880401826495,14.945397916333736,19419.970533085758,87419.6345307802,1295.5426422663163,1753333.333333339,7892580.365469218,0.0,9526.515051455806,1753333.333333339,7889999.999999999,0.0,263.0,0.3709471052891267,0.09644624737517295,0.7352382588721613,0.289009238122265,3.9409530354886453,0.4762110167054356,0.8206154062419558,0.47057607159932413,2.641786630443399,0.03012812875157885,0.03012812875157885,0.0,2.6116585016918217,0.0,0.0,2.6116585016918217,0.0,0.03012812875157885,0.0,4.5015328103533205,580.0294669142318,372.3177921879998,10.625274640520377,577.3876802837883,0.0,0.0,0.0,64102.41389122823,-74536.64755790871,-1.375074134557508e-15,0.0,-5.442909896373749e-11,-1.3322676295501878e-15
contact_inhibition_hypothesis,once_through,1315.5550012924873,14.890835166523187,19417.72786725341,87409.4338605081,1300.6641661259646,1760000.0000000058,7922590.56613949,0.0,9563.53607430796,1760000.0000000058,7919999.999999999,0.0,264.0,0.3723813606952615,0.096819153780768,0.7372055406180313,0.28886865452179766,3.9488221624721254,0.474846957599571,0.8202019250641108,0.4697039278584298,2.652001016005499,0.03001813679549076,0.03001813679549076,0.0,2.6219828792100093,0.0,0.0,2.6219828792100093,0.0,0.03001813679549076,0.0,4.501527390746771,582.2721327465767,371.4688988584631,10.645003593640407,579.6201317305713,0.0,0.0,0.0,64346.14930526332,-74817.40399479595,-9.167160897050052e-16,0.0,-5.442909896373749e-11,-8.881784197001252e-16
contact_inhibition_hypothesis,once_through,1320.6038460432267,14.83629581994752,19415.493219824733,87399.26931966531,1305.7675502232796,1766666.6666666726,7952600.730680333,0.0,9600.56272655073,1766666.6666666726,7949999.999999999,0.0,265.0,0.3738104880798044,0.09719072690074915,0.7391512490775598,0.2887285966929732,3.956604996310239,0.47349166183141017,0.8197899902734506,0.46883635838358856,2.6621788811616196,0.029908192017515805,0.029908192017515805,0.0,2.6322706891441046,0.0,0.0,2.6322706891441046,0.0,0.029908192017515805,0.0,4.501521971660439,584.5067801752523,370.62304065314794,10.664701895643388,581.8446012940907,0.0,0.0,0.0,64589.8847192984,-75098.1660610738,-9.167160897050052e-16,0.0,0.0,-8.881784197001252e-16
contact_inhibition_hypothesis,once_through,1325.634585280358,14.781787630245947,19413.266585999452,87389.14090209374,1310.8527976501125,1773333.3333333393,7982610.8590979045,0.0,9637.594999442395,1773333.3333333393,7979999.999999999,0.0,266.0,0.37523449051268287,0.09756096753329754,0.7410756514955864,0.28858906125434153,3.9643026059823456,0.4721450737295481,0.8193795919245339,0.4679733258655234,2.6723202477749677,0.0297983100480602,0.0297983100480602,0.0,2.6425219377269085,0.0,0.0,2.6425219377269085,0.0,0.0297983100480602,0.0,4.501516553897088,586.7334140005339,369.7802157550552,10.684369650241129,584.0610937527589,0.0,0.0,0.0,64833.620133333505,-75378.93374800058,-9.167160897050052e-16,0.0,-5.442909896373749e-11,-8.881784197001252e-16
contact_inhibition_hypothesis,once_through,1330.647232245088,14.727318101977204,19411.04795991693,87379.04859636756,1315.919914143111,1780000.000000006,8012620.951403631,0.0,9674.632884270794,1780000.000000006,8009999.999999999,0.0,267.0,0.3766533717419567,0.09792987665290874,0.7429790122586846,0.2884500448601877,3.9719160490347383,0.4708071374348797,0.8189707201770228,0.4671147934353358,2.6824251425382277,0.029688506015413802,0.029688506015413802,0.0,2.6527366365228144,0.0,0.0,2.6527366365228144,0.0,0.029688506015413802,0.0,4.501511138234368,588.9520400830553,368.9404219458192,10.704006959891254,586.269614940517,0.0,0.0,0.0,65077.3555473686,-75659.70704686406,-9.167160897050052e-16,0.0,-5.442909896373749e-11,-4.440892098500626e-16
contact_inhibition_hypothesis,once_through,1335.6418024971342,14.672894496501089,19408.83733469035,87368.99238595871,1320.9689080006335,1786666.6666666728,8042631.007614039,0.0,9711.67637235296,1786666.6666666728,8039999.999999999,0.0,268.0,0.37806713617196364,0.09829745540471055,0.7448615928907443,0.2883115442002192,3.979446371562977,0.4694777969262725,0.8185633652947624,0.4662607246589433,2.692493596817923,0.029578794557606612,0.029578794557606612,0.0,2.662914802260317,0.0,0.0,2.662914802260317,0.0,0.029578794557606612,0.0,4.501505725425392,591.162665309636,368.1036566186426,10.723613925786609,588.4701717128181,0.0,0.0,0.0,65321.09096140368,-75940.48594898131,-9.167160897050052e-16,0.0,-1.0885819792747498e-10,-8.881784197001252e-16
contact_inhibition_hypothesis,once_through,1340.6183138393621,14.618523837769432,19406.63470244006,87358.97224939856,1325.9997900015933,1793333.3333333395,8072641.027750599,0.0,9748.725455034766,1793333.3333333395,8069999.999999999,0.0,269.0,0.37947578884198774,0.09866370509891681,0.7467236520506383,0.28817355599923833,3.986894608202553,0.4681569960452683,0.8181575176448187,0.46541108353148275,2.702525646502493,0.02946918983408264,0.02946918983408264,0.0,2.673056456668412,0.0,0.0,2.673056456668412,0.0,0.02946918983408264,0.0,4.501500316199317,593.3652975599256,367.2699167909224,10.743190647847506,590.6627719134231,0.0,0.0,0.0,65564.82637543877,-76221.27044569822,-1.375074134557508e-15,0.0,-5.442909896373749e-11,-1.3322676295501878e-15
contact_inhibition_hypothesis,once_through,1345.5767862442333,14.56421291802507,19404.440054326136,87348.98816043575,1331.0125733262087,1800000.0000000063,8102651.011839562,0.0,9785.780123690543,1800000.0000000063,8099999.999999999,0.0,270.0,0.3808793354054395,0.09902862720541428,0.7485654455318625,0.28803607701680056,3.99426178212745,0.4668446785198409,0.8177531676964723,0.4645658344716916,2.712521331854025,0.029359705537188377,0.029359705537188377,0.0,2.683161626316837,0.0,0.0,2.683161626316837,0.0,0.029359705537188377,0.0,4.501494911261903,595.5599456738493,366.43919911657235,10.762737224716588,592.8474243419952,0.0,0.0,0.0,65808.56178947387,-76502.06052838909,-9.167160897050052e-16,0.0,-5.442909896373749e-11,-8.881784197001252e-16
contact_inhibition_hypothesis,once_through,1350.5172417820354,14.509968303407788,19402.253380580143,87339.04008819023,1336.0072734786281,1806666.666666673,8132660.959911808,0.0,9822.840369722722,1806666.666666673,8129999.999999999,0.0,271.0,0.38227778210954055,0.09939222334848055,0.7503872262640451,0.2878991040468608,4.001548905056181,0.46554078798723814,0.8173503060201789,0.46372494231627504,2.722480697363569,0.02925035490347369,0.02925035490347369,0.0,2.6932303424600965,0.0,0.0,2.6932303424600965,0.0,0.02925035490347369,0.0,4.50148951129607,597.746619419842,365.61149989804665,10.782253753756127,595.0241387224784,0.0,0.0,0.0,66052.29720350896,-76782.85618845635,-9.167160897050052e-16,0.0,-5.442909896373749e-11,-8.881784197001252e-16
contact_inhibition_hypothesis,once_through,1355.4397045508633,14.45579633946673,19400.07467053613,87329.12799730383,1340.9839082113972,1813333.3333333398,8162670.872002695,0.0,9859.906184561465,1813333.3333333398,8159999.999999999,0.0,272.0,0.3836711357755044,0.09975449530163114,0.7521892443162249,0.287762633917409,4.0087569772649,0.464245268015933,0.8169489232864972,0.4628883723142693,2.732403791609994,0.02914115072480419,0.02914115072480419,0.0,2.703262640885191,0.0,0.0,2.703262640885191,0.0,0.02914115072480419,0.0,4.5014841169624455,599.9253294638577,364.78681509807103,10.801740331047556,597.1929256722477,0.0,0.0,0.0,66296.03261754404,-77063.65741733018,-1.375074134557508e-15,0.0,-5.442909896373749e-11,-1.3322676295501878e-15
contact_inhibition_hypothesis,once_through,1360.3442006083203,14.401703156578389,19397.903912660848,87319.25184808698,1345.9424974517426,1820000.0000000065,8192680.748151912,0.0,9896.977559664294,1820000.0000000065,8189999.999999999,0.0,273.0,0.3850594037792032,0.10011544498259284,0.7539717469018025,0.2876266634900956,4.01588698760721,0.4629580621267117,0.816549010264987,0.4620560901214034,2.7422906671223006,0.02903210535928324,0.02903210535928324,0.0,2.7132585617630185,0.0,0.0,2.7132585617630185,0.0,0.02903210535928324,0.0,4.501478728899901,602.0960873391399,363.96514035108504,10.821197051393197,599.3537966720176,0.0,0.0,0.0,66539.76803157915,-77344.46420646811,-1.375074134557508e-15,0.0,0.0,-8.881784197001252e-16
contact_inhibition_hypothesis,once_through,1365.230757904908,14.347694675269912,19395.74109458325,87309.41159666202,1350.8830632296385,1826666.6666666733,8222690.588403337,0.0,9934.05448651572,1826666.6666666733,8219999.999999999,0.0,274.0,0.38644259403231385,0.1004750744484016,0.7557349783850681,0.2874911896598488,4.022939913540272,0.46167911381292265,0.8161505578230848,0.4612280617944746,2.7521413802453454,0.028923230741983108,0.028923230741983108,0.0,2.7232181495033636,0.0,0.0,2.7232181495033636,0.0,0.028923230741983108,0.0,4.501473347726082,604.2589054167399,363.1464709744012,10.840624008319821,601.5067640364946,0.0,0.0,0.0,66783.50344561422,-77625.27654735462,-9.167160897050052e-16,0.0,0.0,-1.3322676295501878e-15
contact_inhibition_hypothesis,once_through,1370.0994062190734,14.293776611447312,19393.58620312322,87299.60719510292,1355.8056296076268,1833333.33333334,8252700.3928048955,0.0,9971.136956626893,1833333.33333334,8249999.999999999,0.0,275.0,0.3878207149639316,0.10083338589062223,0.7574791802892209,0.28735620935448536,4.029916721156884,0.4604083665599131,0.815753556924957,0.46040425378573674,2.7619559910089055,0.028814538395484403,0.028814538395484403,0.0,2.7331414526134226,0.0,0.0,2.7331414526134226,0.0,0.028814538395484403,0.0,4.501467974037924,606.4137968767678,362.3308019790875,10.860021294084097,603.6518408857589,0.0,0.0,0.0,67027.23885964933,-77906.0944315009,-1.375074134557508e-15,0.0,-5.442909896373749e-11,-1.3322676295501878e-15
contact_inhibition_hypothesis,once_through,1374.9501770938875,14.239954481528672,19391.439224319623,87289.83859157178,1360.7102226123598,1840000.0000000068,8282710.161408426,0.0,10008.224961535218,1840000.0000000068,8279999.999999999,0.0,276.0,0.3891937755026469,0.10119038163068819,0.7592045913057918,0.28722171953431364,4.0368183652231675,0.45914576386367534,0.8153579986303343,0.4595846329373108,2.7717345630000256,0.028706039440224016,0.028706039440224016,0.0,2.7430285235598038,0.0,0.0,2.7430285235598038,0.0,0.028706039440224016,0.0,4.501462608412165,608.5607756803663,361.51812808057554,10.879388999679675,605.7890411173663,0.0,0.0,0.0,67270.9742736844,-78186.9178504443,-1.8334321794100104e-15,0.0,-5.442909896373749e-11,-2.220446049250313e-15
contact_inhibition_hypothesis,once_through,1379.7831037753149,14.186233607481963,19389.3001434576,87280.10573045161,1365.596870167834,1846666.6666666735,8312719.8942695465,0.0,10045.318492804001,1846666.6666666735,8309999.999999999,0.0,277.0,0.3905617850590715,0.1015460641153586,0.760911447305387,0.2870877171917329,4.043645789221548,0.45789124924872954,0.8149638740933322,0.45876916647562327,2.7814771632385815,0.028597744604650737,0.028597744604650737,0.0,2.752879418633933,0.0,0.0,2.752879418633933,0.0,0.028597744604650737,0.0,4.501457251405846,610.6998565423886,360.70844370900255,10.898727214845803,607.91837937915,0.0,0.0,0.0,67514.7096877195,-78467.74679574817,-1.8334321794100104e-15,0.0,-5.442909896373749e-11,-2.220446049250313e-15
contact_inhibition_hypothesis,once_through,1384.5982211520538,14.132619121768096,19387.168945095214,87270.40855247626,1370.4656020302868,1853333.3333333402,8342729.591447522,0.0,10082.417542022096,1853333.3333333402,8339999.999999999,0.0,278.0,0.3919247535088101,0.10190043591229063,0.7625999813496755,0.28695419935082767,4.050399925398702,0.45664476628526374,0.8145711745612579,0.45795782200587676,2.791183862056002,0.02848966423518987,0.02848966423518987,0.0,2.7626941978208146,0.0,0.0,2.7626941978208146,0.0,0.02848966423518987,0.0,4.501451903556807,612.8310549047713,359.9017430192907,10.918036028077358,610.0398710427154,0.0,0.0,0.0,67758.44510175458,-78748.58125900135,-2.291790224262513e-15,0.0,-5.442909896373749e-11,-2.6645352591003757e-15
contact_inhibition_hypothesis,once_through,1389.39556569691,14.079115972188951,19385.0456130894,87260.74699485645,1375.316449724722,1860000.000000007,8372739.253005141,0.0,10119.522100803546,1860000.000000007,8369999.999999999,0.0,279.0,0.39328269117586495,0.10225349970572489,0.764270423704544,0.2868211630669585,4.0570816948181765,0.4554062586055556,0.8141798913734074,0.4571505675065568,2.8008547329770863,0.028381808306016262,0.028381808306016262,0.0,2.772472924671072,0.0,0.0,2.772472924671072,0.0,0.028381808306016262,0.0,4.501446565384154,614.9543869105856,359.0980199009682,10.93731552663617,612.1535321776086,0.0,0.0,0.0,68002.18051578967,-79029.42123181789,-1.8334321794100104e-15,0.0,-5.442909896373749e-11,-2.220446049250313e-15
contact_inhibition_hypothesis,once_through,1394.1751754096747,14.02572892664121,19382.930130621233,87251.12099140346,1380.1494464830348,1866666.6666666737,8402748.879008593,0.0,10156.63216078722,1866666.6666666737,8400000.0,0.0,280.0,0.3946356088164676,0.10260525829228158,0.7659230018543449,0.2866886054263508,4.06369200741738,0.4541756699196978,0.8137900159598552,0.4563473713239832,2.8104898526048547,0.028274186428637483,0.028274186428637483,0.0,2.78221566617622,0.0,0.0,2.78221566617622,0.0,0.028274186428637483,0.0,4.5014412373887565,617.0698693787558,358.29726798774016,10.956565796563464,614.259379526151,0.0,0.0,0.0,68245.91592982477,-79310.26670583666,-2.750148269115016e-15,0.0,-2.1771639585494996e-10,-2.6645352591003757e-15
contact_inhibition_hypothesis,once_through,1398.937089761481,13.97246257777602,19380.82248022056,87241.53047264881,1384.9646271837062,1873333.3333333405,8432758.469527347,0.0,10193.747713636476,1873333.3333333405,8430000.0,0.0,281.0,0.39598351760332773,0.10295571457686521,0.7675579405171723,0.286556523545681,4.070231762068689,0.4529529440306483,0.8134015398402383,0.4555482021668994,2.820089300508374,0.02816680786128712,0.02816680786128712,0.0,2.7919224926470894,0.0,0.0,2.7919224926470894,0.0,0.02816680786128712,0.0,4.501435920053687,619.1775197794299,357.4994806668102,10.975786922693525,616.3574304789215,0.0,0.0,0.0,68489.65134385986,-79591.11767272101,-2.291790224262513e-15,0.0,-2.1771639585494996e-10,-2.6645352591003757e-15
contact_inhibition_hypothesis,once_through,1403.681349640601,13.919321347565443,19378.72264379,87231.97536596174,1389.7620282930368,1880000.0000000072,8462768.024634035,0.0,10230.868751038814,1880000.0000000072,8460000.0,0.0,282.0,0.3973264291102909,0.10330487156867564,0.7691754616610951,0.2864249145716624,4.07670184664438,0.4517380248486275,0.8130144546225365,0.45475302910111903,2.8296531591134944,0.028059681518130222,0.028059681518130222,0.0,2.801593477595367,0.0,0.0,2.801593477595367,0.0,0.028059681518130222,0.0,4.501430613844697,621.2773562099896,356.7046510879619,10.994978988668151,618.4477030508762,0.0,0.0,0.0,68733.38675789496,-79871.97412415844,-2.750148269115016e-15,0.0,-2.1771639585494996e-10,-2.6645352591003757e-15
contact_inhibition_hypothesis,once_through,1408.4079972996612,13.866309491775974,19376.630602628302,87222.4555956629,1394.5416878078865,1886666.666666674,8492777.544404333,0.0,10267.995264705532,1886666.666666674,8490000.0,0.0,283.0,0.39866435529739724,0.10365273237732328,0.7707757845212871,0.28629377568062986,4.083103138085148,0.45053085640488316,0.8126287520018526,0.4539618215442185,2.839181513596441,0.027952815978281347,0.027952815978281347,0.0,2.811228697618162,0.0,0.0,2.811228697618162,0.0,0.027952815978281347,0.0,4.5014253192106475,623.3693973716885,355.9127721724012,11.014142076952107,620.530215858092,0.0,0.0,0.0,68977.12217193002,-80152.83605186023,-2.750148269115016e-15,0.0,-2.1771639585494996e-10,-2.6645352591003757e-15
contact_inhibition_hypothesis,once_through,1413.1170763042433,13.813431104350085,19374.54633745309,87212.97108313558,1399.3036451998944,1893333.3333333407,8522787.02891686,0.0,10305.127246371396,1893333.3333333407,8520000.0,0.0,284.0,0.39999730849633225,0.1039993002090464,0.7723591256179914,0.2861631040781246,4.089436502471965,0.44933138286484153,0.8122444237591901,0.45317454926028444,2.8486744517801976,0.02784621949463725,0.02784621949463725,0.0,2.820828232285563,0.0,0.0,2.820828232285563,0.0,0.02784621949463725,0.0,4.501420036583953,625.4536625469007,355.1238366213686,11.033276268849356,622.6049880951205,0.0,0.0,0.0,69220.85758596512,-80433.70344756119,-2.291790224262513e-15,0.0,-2.1771639585494996e-10,-2.6645352591003757e-15
contact_inhibition_hypothesis,once_through,1417.8086314828406,13.76069012169647,19372.469828423018,87203.52174693401,1404.0479413611451,1900000.0000000075,8552796.478253063,0.0,10342.264687794303,1900000.0000000075,8550000.0,0.0,285.0,0.4013253013962616,0.10434457836302802,0.7739256987752605,0.28603289699848017,4.095702795101042,0.4481395485406678,0.8118614617602359,0.4523911823547207,2.8581320640336285,0.027739900002525478,0.027739900002525478,0.0,2.830392164031105,0.0,0.0,2.830392164031105,0.0,0.027739900002525478,0.0,4.5014147663810125,627.5301715769726,354.33783692452226,11.052381644519967,624.672039512939,0.0,0.0,0.0,69464.59300000021,-80714.57630301919,-1.8334321794100104e-15,0.0,-2.1771639585494996e-10,-1.7763568394002505e-15
contact_inhibition_hypothesis,once_through,1422.482708878144,13.70809032688987,19370.40105515933,87194.1075028886,1408.7746185512553,1906666.6666666742,8582805.892497107,0.0,10379.407580754953,1906666.6666666742,8580000.0,0.0,286.0,0.40264834703004204,0.10468857022781093,0.7754757151404201,0.28590315170440894,4.1019028605616805,0.4469552979032511,0.811479857954144,0.45161169126911277,2.8675544431732725,0.02763386512817075,0.02763386512817075,0.0,2.8399205780451044,0.0,0.0,2.8399205780451044,0.0,0.02763386512817075,0.0,4.50140950900262,629.5989448406613,353.55476536810005,11.071458282997659,626.731390397488,0.0,0.0,0.0,69708.32841403532,-80995.45461001495,-2.291790224262513e-15,0.0,-2.1771639585494996e-10,-2.6645352591003757e-15
contact_inhibition_hypothesis,once_through,1427.1393556996268,13.655635353781426,19368.33999676684,87184.72826420871,1413.4837203458465,1913333.333333341,8612815.271735787,0.0,10416.55591705654,1913333.333333341,8610000.0,0.0,287.0,0.40396645876080006,0.10503127927780802,0.7770093832041989,0.28577386548659073,4.1080375328167955,0.44577857559363615,0.8110996043723258,0.4508360467761546,2.8769416843677633,0.0275281221969809,0.0275281221969809,0.0,2.849413562170785,0.0,0.0,2.849413562170785,0.0,0.0275281221969809,0.0,4.501404264834387,631.6600032331485,352.774614042863,11.090506262207908,628.7830615487807,0.0,0.0,0.0,69952.06382807039,-81276.3383603516,-2.291790224262513e-15,0.0,-2.1771639585494996e-10,-2.220446049250313e-15
contact_inhibition_hypothesis,once_through,1431.7786202774,13.60332869102041,19366.28663185437,87175.38394158242,1418.1752915863808,1920000.0000000077,8642824.616058413,0.0,10453.709688524423,1920000.0000000077,8640000.0,0.0,288.0,0.40527965026887025,0.10537270906990627,0.778526908821476,0.28564503566326316,4.1141076352859045,0.4446093264339175,0.8107206931272446,0.4500642199746371,2.8862938850448048,0.027422678241654223,0.027422678241654223,0.0,2.858871206803153,0.0,0.0,2.858871206803153,0.0,0.027422678241654223,0.0,4.501399034247132,633.7133681456164,351.9973748518257,11.109525658986556,630.8270742605716,0.0,0.0,0.0,70195.79924210548,-81557.22754585458,-2.291790224262513e-15,0.0,-2.1771639585494996e-10,-2.220446049250313e-15
contact_inhibition_hypothesis,once_through,1436.4005520173125,13.55117368598858,19364.240938554613,87166.07444327392,1422.849378331325,1926666.6666666744,8672833.925556723,0.0,10490.868887005823,1926666.6666666744,8670000.0,0.0,289.0,0.4065879355390857,0.10571286324016228,0.7800284952325989,0.2855166595798143,4.1201139809303955,0.4434474954376159,0.8103431164112186,0.44929618228450136,2.8956111448006596,0.027317540010110657,0.027317540010110657,0.0,2.868293604790551,0.0,0.0,2.868293604790551,0.0,0.027317540010110657,0.0,4.501393817597282,635.759061445375,351.22303951777945,11.128516549098835,632.8634503005743,0.0,0.0,0.0,70439.53465614056,-81838.12215837106,-1.8334321794100104e-15,0.0,-2.1771639585494996e-10,-1.7763568394002505e-15
contact_inhibition_hypothesis,once_through,1441.0052013572658,13.499173548647908,19362.20289454346,87156.79967521808,1427.506027808619,1933333.3333333412,8702843.200324778,0.0,10528.033504369514,1933333.3333333412,8700000.0,0.0,290.0,0.4078913288484127,0.10605174550058731,0.7815143430852228,0.28538873460837905,4.126057372340892,0.44229302781955226,0.8099668664952325,0.4485319054419613,2.9048935653120846,0.027212713973248343,0.027212713973248343,0.0,2.8776808513388383,0.0,0.0,2.8776808513388383,0.0,0.027212713973248343,0.0,4.501388615227252,637.7971054565267,350.4515995906104,11.147479007258683,634.8922118912145,0.0,0.0,0.0,70683.27007017565,-82119.02218976984,-1.8334321794100104e-15,0.0,-2.1771639585494996e-10,-2.220446049250313e-15
contact_inhibition_hypothesis,once_through,1445.5926197247193,13.447331355303133,19360.172477058833,87147.55954111269,1432.1452883694171,1940000.000000008,8732852.440458883,0.0,10565.203532505533,1940000.000000008,8730000.0,0.0,291.0,0.4091898447539221,0.10638935963601975,0.7829846504566306,0.2852612581474371,4.131938601826523,0.44114586900523767,0.8095919357277561,0.4477713614946859,2.9141412502506667,0.027108206332528476,0.027108206332528476,0.0,2.8870330439181404,0.0,0.0,2.8870330439181404,0.0,0.027108206332528476,0.0,4.501383427465829,639.8275229411576,349.68304645441907,11.166413107148523,636.9133816909069,0.0,0.0,0.0,70927.00548421075,-82399.92763194095,-1.8334321794100104e-15,0.0,-3.265745937824249e-10,-2.220446049250313e-15
contact_inhibition_hypothesis,once_through,1450.1628594953559,13.395650052279917,19358.149662918946,87138.35394250801,1436.767209443077,1946666.6666666747,8762861.646057488,0.0,10602.37896332487,1946666.6666666747,8760000.0,0.0,292.0,0.41048349808108914,0.10672570950108318,0.7844396128764879,0.2851342276214159,4.137758451505952,0.4400059646397948,0.8092183165335761,0.4470145227970571,2.923354305199498,0.027004023027390037,0.027004023027390037,0.0,2.89635028217211,0.0,0.0,2.89635028217211,0.0,0.027004023027390037,0.0,4.501378254628533,641.8503370810432,348.91737133444553,11.185318921439116,638.9269827758437,0.0,0.0,0.0,71170.74089824586,-82680.8384767954,-2.291790224262513e-15,0.0,-2.1771639585494996e-10,-2.220446049250313e-15
contact_inhibition_hypothesis,once_through,1454.715973952885,13.344132459520122,19356.134428540136,87129.1827788941,1441.3718414933658,1953333.3333333414,8792870.817221101,0.0,10639.559788759198,1953333.3333333414,8790000.0,0.0,293.0,0.41177230391241526,0.10706079901722797,0.785879423349997,0.28500764048029653,4.143517693399988,0.4388732605964271,0.8088460014126369,0.4462613620054921,2.9325328375721416,0.02690016974249742,0.02690016974249742,0.0,2.905632667829646,0.0,0.0,2.905632667829646,0.0,0.02690016974249742,0.0,4.501373097017982,643.8655714598568,348.1545653038034,11.204196521809713,640.9330386222847,0.0,0.0,0.0,71414.47631228094,-82961.75471626481,-1.8334321794100104e-15,0.0,-2.1771639585494996e-10,-1.7763568394002505e-15
contact_inhibition_hypothesis,once_through,1459.252017249955,13.292781274095045,19354.126749954125,87120.04594778556,1445.9592359758608,1960000.0000000081,8822879.954052212,0.0,10676.746000760577,1960000.0000000081,8820000.0,0.0,294.0,0.413056277576364,0.10739463216985463,0.787304272381409,0.2848814941992236,4.149217089525636,0.4377477029844509,0.808474982938893,0.4455118520738344,2.9416769565338394,0.02679665191482272,0.02679665191482272,0.0,2.914880304619018,0.0,0.0,2.914880304619018,0.0,0.02679665191482272,0.0,4.501367954924242,645.8732500458688,347.39461929002874,11.223045978968372,642.931573089335,0.0,0.0,0.0,71658.21172631603,-83242.67634230127,-1.375074134557508e-15,0.0,-1.0885819792747498e-10,-1.3322676295501878e-15
contact_inhibition_hypothesis,once_through,1463.7710443701496,13.241599073638213,19352.12660282487,87110.94334480408,1450.5294452965122,1966666.666666675,8852889.056655195,0.0,10713.937591301188,1966666.666666675,8850000.0,0.0,295.0,0.4143354346366036,0.10772721300551694,0.7887143479978587,0.2847557862781194,4.154857391991435,0.4366292381569058,0.8081052537591749,0.44476596624881787,2.950786772924897,0.026693474740565798,0.026693474740565798,0.0,2.924093298184333,0.0,0.0,2.924093298184333,0.0,0.026693474740565798,0.0,4.501362828625166,647.8733971751261,346.637524081447,11.241867362672311,644.9226104022013,0.0,0.0,0.0,71901.94714035111,-83523.60334687697,-1.8334321794100104e-15,0.0,-1.0885819792747498e-10,-1.7763568394002505e-15
contact_inhibition_hypothesis,once_through,1468.2731110910443,13.190588319698625,19350.133962464894,87101.8748637588,1455.0825227713467,1973333.3333333416,8882898.12513624,0.0,10751.134552373058,1973333.3333333416,8880000.0,0.0,296.0,0.41560979088155003,0.10805854562920301,0.7901098357734883,0.28463051424130276,4.1604393430939535,0.4355178127177577,0.8077368065920669,0.4440236780655977,2.959862399186214,0.02659064318191406,0.02659064318191406,0.0,2.9332717560043022,0.0,0.0,2.9332717560043022,0.0,0.02659064318191406,0.0,4.501357718386743,649.8660375351013,345.8832703333619,11.260660741748385,646.9061751359151,0.0,0.0,0.0,72145.6825543862,-83804.53572198394,-2.291790224262513e-15,0.0,-1.0885819792747498e-10,-2.220446049250313e-15
contact_inhibition_hypothesis,once_through,1472.758273948297,13.139751361015975,19348.148803851192,87092.84039672419,1459.618522587282,1980000.0000000084,8912907.159603273,0.0,10788.336875987796,1980000.0000000084,8910000.0,0.0,297.0,0.4168793623142022,0.10838863420169258,0.7914909188538266,0.2845056756371119,4.165963675415306,0.4344133735287085,0.8073696342267996,0.44328496134335277,2.9689039492868927,0.02648816197364488,0.02648816197364488,0.0,2.94241578731325,0.0,0.0,2.94241578731325,0.0,0.02648816197364488,0.0,4.501352624463412,651.8511961487986,345.13184857407197,11.279426184113603,648.8822921995118,0.0,0.0,0.0,72389.41796842132,-84085.47345963378,-1.8334321794100104e-15,0.0,-1.0885819792747498e-10,-2.220446049250313e-15
contact_inhibition_hypothesis,once_through,1477.2265902007496,13.08909043671888,19346.171101640684,87083.83983411617,1464.1374997640316,1986666.6666666751,8942916.160165882,0.0,10825.544554176335,1986666.6666666751,8940000.0,0.0,298.0,0.4181441651422636,0.10871748293698855,0.7928577779803926,0.28438126803753244,4.171431111921571,0.4333158677156273,0.8070037295221543,0.44254979018095836,2.977911538653887,0.026386035629572854,0.026386035629572854,0.0,2.9515255030243157,0.0,0.0,2.9515255030243157,0.0,0.026386035629572854,0.0,4.501347547098396,653.8288983593071,344.38324921071734,11.298163756795597,650.8509868206532,0.0,0.0,0.0,72633.15338245638,-84366.41655185739,-1.8334321794100104e-15,0.0,-1.0885819792747498e-10,-1.3322676295501878e-15
contact_inhibition_hypothesis,once_through,1481.678117796514,13.038607679447614,19344.2008301852,87074.87306476563,1468.6395101170674,1993333.3333333419,8972925.126935232,0.0,10862.757578988678,1993333.3333333419,8970000.0,0.0,299.0,0.41940421576854275,0.10904509609982112,0.7942105915154934,0.28425728903783026,4.176842366061974,0.4322252426746148,0.8066390854053832,0.44181813895272837,2.9868852841036366,0.026284268448844853,0.026284268448844853,0.0,2.9606010156547935,0.0,0.0,2.9606010156547935,0.0,0.026284268448844853,0.0,4.501342486524008,655.7991698147913,343.637462534961,11.3168735259531,652.8122845306876,0.0,0.0,0.0,72876.88879649148,-84647.36499070482,-1.8334321794100104e-15,0.0,-1.0885819792747498e-10,-1.7763568394002505e-15
contact_inhibition_hypothesis,once_through,1486.1129153400248,12.988305118402504,19342.237963546086,87065.93997599011,1473.124610221623,2000000.0000000086,9002934.060024008,0.0,10899.975942493656,2000000.0000000086,9000000.0,0.0,300.0,0.420659530781627,0.10937147800322303,0.795549535467191,0.28413373625618904,4.1821981418687635,0.4311414460777151,0.8062756948711443,0.4410899823042276,2.995825303775649,0.02618286452208524,0.02618286452208524,0.0,2.969642439253565,0.0,0.0,2.969642439253565,0.0,0.02618286452208524,0.0,4.501337442961951,657.7620364539073,342.8944787285089,11.33555555689635,654.7662111501317,0.0,0.0,0.0,73120.62421052657,-84928.3187682449,-1.375074134557508e-15,0.0,-1.0885819792747498e-10,-1.3322676295501878e-15
contact_inhibition_hypothesis,once_through,1490.5310420600276,12.938184682319346,19340.282475508357,87057.04045366387,1477.592857377709,2006666.6666666754,9032942.959546333,0.0,10937.199636778685,2006666.6666666754,9030000.0,0.0,301.0,0.42191012694682145,0.10969663300617358,0.7968747835144061,0.2840106073333533,4.187499134057624,0.4300644258782871,0.8059135509804509,0.440365295148156,3.004731717067968,0.02608182773739392,0.02608182773739392,0.0,2.9786498893305757,0.0,0.0,2.9786498893305757,0.0,0.02608182773739392,0.0,4.50133241662364,659.7175244916353,342.1542878684732,11.354209914107345,656.7127927745673,0.0,0.0,0.0,73364.35962456165,-85209.277876565,-1.375074134557508e-15,0.0,-2.1771639585494996e-10,-1.3322676295501878e-15
contact_inhibition_hypothesis,once_through,1494.9325577784884,12.888248202373088,19338.334339594476,87048.17438228505,1482.044309576116,2013333.333333342,9062951.825617712,0.0,10974.428653949522,2013333.333333342,9060000.0,0.0,302.0,0.4231560211973482,0.11002056551131054,0.7981865070321403,0.2838878999322763,4.192746028128561,0.4289941303160484,0.8055526468596362,0.43964405266029855,3.013604644574499,0.025981161786199858,0.025981161786199858,0.0,2.9876234827883,0.0,0.0,2.9876234827883,0.0,0.025981161786199858,0.0,4.501327407710464,661.6656604055179,341.4168799325809,11.372836661260079,658.6520557609434,0.0,0.0,0.0,73608.09503859673,-85490.24230777092,-9.167160897050052e-16,0.0,-2.1771639585494996e-10,-8.881784197001252e-16
contact_inhibition_hypothesis,once_through,1499.3175228803957,12.838497415011144,19336.393529077697,87039.34164504189,1486.4790254653851,2020000.0000000088,9092960.658354955,0.0,11011.662986130055,2020000.0000000088,9090000.0,0.0,303.0,0.4243972306257987,0.11034327996270767,0.799484875116787,0.2837656117377733,4.1979395004671485,0.4279305079218018,0.8051929756993333,0.43892623027554795,3.022444208024132,0.025880870168972663,0.025880870168972663,0.0,2.9965633378551604,0.0,0.0,2.9965633378551604,0.0,0.025880870168972663,0.0,4.501322416414095,663.6064709222948,340.6822448042328,11.39143586124054,660.5840267142706,0.0,0.0,0.0,73851.83045263184,-85771.21205398657,-9.167160897050052e-16,0.0,-2.1771639585494996e-10,-1.3322676295501878e-15
contact_inhibition_hypothesis,once_through,1503.6859982844373,12.788933964717598,19334.460016995068,87030.54212387642,1490.8970643197206,2026666.6666666756,9122969.457876122,0.0,11048.902625462058,2026666.6666666756,9120000.0,0.0,304.0,0.42563377247583356,0.11066478084371673,0.8007700546115114,0.28364374045618024,4.203080218446045,0.42687350752185826,0.8048345307534713,0.4382118036839924,3.0312505302216315,0.02578095620079491,0.02578095620079491,0.0,3.005469574020838,0.0,0.0,3.005469574020838,0.0,0.02578095620079491,0.0,4.501317442916752,665.539983004924,339.95037227741676,11.410007576166636,662.5087324747024,0.0,0.0,0.0,74095.56586666692,-86052.18710735365,-1.8334321794100104e-15,0.0,-1.0885819792747498e-10,-1.7763568394002505e-15
contact_inhibition_hypothesis,once_through,1508.0380454145281,12.739559406709608,19332.533776160013,87021.77569954662,1495.2984860078193,2033333.3333333423,9152978.224300452,0.0,11086.147564104993,2033333.3333333423,9150000.0,0.0,305.0,0.42686566413412297,0.11098507267487198,0.802042210131678,0.2835222838150176,4.208168840526712,0.4258230782421658,0.8044773053382871,0.4375007488270758,3.0400237349902386,0.025681423016797763,0.025681423016797763,0.0,3.0143423119734427,0.0,0.0,3.0143423119734427,0.0,0.025681423016797763,0.0,4.50131248739148,667.4662238399799,339.221252061477,11.428551867407828,664.4262001049897,0.0,0.0,0.0,74339.30128070201,-86333.16746003168,-1.375074134557508e-15,0.0,-1.0885819792747498e-10,-1.7763568394002505e-15
contact_inhibition_hypothesis,once_through,1512.3737261721699,12.69037520956733,19330.614779174575,87013.04225168671,1499.6833509626033,2040000.000000009,9182986.95774831,0.0,11123.397794235781,2040000.000000009,9180000.0,0.0,306.0,0.42809292312252306,0.111304160011856,0.8033015040903037,0.28340123956265983,4.213206016361214,0.4247791695121554,0.8041212928313525,0.4367930418938211,3.0487639471159538,0.025582273577462587,0.025582273577462587,0.0,3.0231816735384927,0.0,0.0,3.0231816735384927,0.0,0.025582273577462587,0.0,4.501307550002411,669.3852208254195,338.4948737857455,11.447068795604663,666.3364568783036,0.0,0.0,0.0,74583.03669473711,-86614.15310419755,-1.375074134557508e-15,0.0,-1.0885819792747498e-10,-1.3322676295501878e-15
contact_inhibition_hypothesis,once_through,1516.6931029096206,12.641382757798594,19328.702998441287,87004.34165886568,1504.0517201518226,2046666.6666666758,9212995.658341132,0.0,11160.653308048604,2046666.6666666758,9210000.0,0.0,307.0,0.42931556709048113,0.1116220474435251,0.8045480967235195,0.28328060546801015,4.218192386894078,0.4237417310683154,0.8037664866706181,0.43608865931712343,3.057471292293446,0.025483510673791027,0.025483510673791027,0.0,3.0319877816196557,0.0,0.0,3.0319877816196557,0.0,0.025483510673791027,0.0,4.501302630905029,671.2970015587074,337.7712270040367,11.465558420688035,668.2395302664139,0.0,0.0,0.0,74826.77210877219,-86895.14403204547,-9.167160897050052e-16,0.0,-1.0885819792747498e-10,-8.881784197001252e-16
contact_inhibition_hypothesis,once_through,1520.996238403855,12.592583354339757,19326.79840617471,86995.67379864407,1508.4036550495157,2053333.3333333426,9243004.326201353,0.0,11197.914097754705,2053333.3333333426,9240000.0,0.0,308.0,0.4305336138076649,0.11193873958999288,0.8057821461160213,0.28316037932018057,4.223128584464085,0.42271071295750334,0.8034128803534722,0.4353875777701074,3.0661458970735627,0.02538513693234643,0.02538513693234643,0.0,3.0407607601412177,0.0,0.0,3.0407607601412177,0.0,0.02538513693234643,0.0,4.501297730246406,673.2015938252896,337.0503011990101,11.484020801898238,670.1354479282161,0.0,0.0,0.0,75070.50752280728,-87176.14023578666,-9.167160897050052e-16,0.0,-1.0885819792747498e-10,-1.3322676295501878e-15
contact_inhibition_hypothesis,once_through,1525.2831958312954,12.543978222993767,19324.900974412587,86987.03854762926,1512.7392176083022,2060000.0000000093,9273012.961452369,0.0,11235.18015558219,2060000.0000000093,9270000.0,0.0,309.0,0.43174708115681004,0.11225424110077062,0.8070038082264931,0.28304055892817775,4.228015232905973,0.4216860655400054,0.8030604674358169,0.4346897741625517,3.0747878888123914,0.025287154820168672,0.025287154820168672,0.0,3.049500733992224,0.0,0.0,3.049500733992224,0.0,0.025287154820168672,0.0,4.501292848165468,675.0990255874107,336.3320857864039,11.502455997803748,672.0242376985983,0.0,0.0,0.0,75314.24293684238,-87457.14170764924,-9.167160897050052e-16,0.0,-1.0885819792747498e-10,-1.3322676295501878e-15
contact_inhibition_hypothesis,once_through,1529.5540387432943,12.495568510807002,19323.010675026737,86978.43578152903,1517.058470232488,2066666.666666676,9303021.564218469,0.0,11272.451473775833,2066666.666666676,9300000.0,0.0,310.0,0.43295598712677963,0.11256855665296271,0.808213236912986,0.28292114212059416,4.232852947651944,0.42066773949235386,0.8027092415311593,0.4339952256373788,3.083397395621832,0.025189566649565617,0.025189566649565617,0.0,3.0582078289722676,0.0,0.0,3.0582078289722676,0.0,0.025189566649565617,0.0,4.501287984793223,676.9893249732608,335.6165701191421,11.520864066319728,673.9059275776389,0.0,0.0,0.0,75557.97835087747,-87738.14843987797,-1.375074134557508e-15,0.0,-1.0885819792747498e-10,-1.3322676295501878e-15
contact_inhibition_hypothesis,once_through,1533.8088310423484,12.447355290385897,19321.12747973355,86969.86537520346,1521.3614757519633,2073333.3333333428,9333030.134624794,0.0,11309.728044596897,2073333.3333333428,9330000.0,0.0,311.0,0.43416034980583207,0.11288169094951635,0.8094105839582395,0.2828021267453044,4.237642335832958,0.4196556858099107,0.802359196309719,0.43330390956720416,3.0919745463216493,0.02509237458278312,0.02509237458278312,0.0,3.0668821717388677,0.0,0.0,3.0668821717388677,0.0,0.02509237458278312,0.0,4.501283140252995,678.8725202664488,334.90374349132014,11.539245064726366,675.7805457201271,0.0,0.0,0.0,75801.71376491255,-88019.16042473412,-1.8334321794100104e-15,0.0,-1.0885819792747498e-10,-1.3322676295501878e-15
contact_inhibition_hypothesis,once_through,1538.0476369590278,12.399339562154733,19319.251360104205,86961.32720271546,1525.648297396874,2080000.0000000095,9363038.672797281,0.0,11347.009860322958,2080000.0000000095,9360000.0,0.0,312.0,0.43536018737509025,0.11319364871752347,0.8105959990949295,0.28268351066916725,4.2423839963797185,0.41864985580922637,0.8020103254975508,0.4326158035509534,3.100519470392965,0.02499558063655648,0.02499558063655648,0.0,3.0755238897564103,0.0,0.0,3.0755238897564103,0.0,0.02499558063655648,0.0,4.501278314660657,680.7486398957907,334.1935951420692,11.557599049686822,677.6481204253977,0.0,0.0,0.0,76045.44917894762,-88300.17765449524,-1.8334321794100104e-15,-2.3283064365386963e-10,-2.1771639585494996e-10,-1.7763568394002505e-15
contact_inhibition_hypothesis,once_through,1542.2705210295999,12.351522256555837,19317.38228757459,86952.82113737968,1529.918998773045,2086666.6666666763,9393047.178862618,0.0,11384.296913247717,2086666.6666666763,9390000.0,0.0,313.0,0.4365555181022077,0.11350443470657401,0.8117696300308288,0.28256529177773293,4.247078520123315,0.4176502011301839,0.8016626228756851,0.4319308854105407,3.1090322979331497,0.02489918668654578,0.02489918668654578,0.0,3.0841331112466057,0.0,0.0,3.0841331112466057,0.0,0.02489918668654578,0.0,4.501273508124848,682.6177124254057,333.48611425930596,11.57592607726491,679.5086801274725,0.0,0.0,0.0,76289.18459298274,-88581.20012145513,-1.8334321794100104e-15,0.0,-1.0885819792747498e-10,-1.7763568394002505e-15
contact_inhibition_hypothesis,once_through,1546.4775480743313,12.30390423619329,19315.52023345488,86944.34705181001,1534.1736438381388,2093333.333333343,9423055.652948188,0.0,11421.589195680843,2093333.333333343,9420000.0,0.0,314.0,0.437746360335227,0.11381405368715902,0.8129316224738697,0.2824474679749561,4.2517264898954785,0.41665667373793475,0.8013160822792827,0.43124913318760666,3.117513159612083,0.02480319447165733,0.02480319447165733,0.0,3.092709965140427,0.0,0.0,3.092709965140427,0.0,0.02480319447165733,0.0,4.501268720747195,684.4797665451131,332.7812899833669,11.594226202942526,681.362253385501,0.0,0.0,0.0,76532.92000701783,-88862.22781792335,-1.8334321794100104e-15,-2.3283064365386963e-10,-1.0885819792747498e-10,-1.3322676295501878e-15
contact_inhibition_hypothesis,once_through,1550.6687831764518,12.256486297921516,19313.665168938875,86935.90481796555,1538.4122968785312,2100000.00000001,9453064.095182033,0.0,11458.8866999478,2100000.00000001,9450000.0,0.0,315.0,0.43893273249662507,0.11412251044912253,0.814082120157096,0.28233003718291344,4.256328480628384,0.41566922592463507,0.8009706975968043,0.4305705251403168,3.1259621866297453,0.024707605598254023,0.024707605598254023,0.0,3.101254581031493,0.0,0.0,3.101254581031493,0.0,0.024707605598254023,0.0,4.501263952622513,686.3348310611207,332.0791114105331,11.61249948163677,683.2088688744909,0.0,0.0,0.0,76776.65542105291,-89143.26073622539,-1.8334321794100104e-15,0.0,-1.0885819792747498e-10,-1.7763568394002505e-15
contact_inhibition_hypothesis,once_through,1554.8442916617612,12.20926917487988,19311.817065112995,86927.49430719553,1542.635022486882,2106666.6666666763,9483072.505692802,0.0,11496.189418389693,2106666.6666666763,9480000.0,0.0,316.0,0.4401146530775407,0.11442980980016058,0.8152212648634924,0.28221299734152727,4.26088505945397,0.4146878103109917,0.8006264627691979,0.4298950397402224,3.134379510675111,0.02461242154425685,0.02461242154425685,0.0,3.1097670891308553,0.0,0.0,3.1097670891308553,0.0,0.02461242154425685,0.0,4.501259203839031,688.1829348869994,331.3795675964468,11.630745967716695,685.0485553763243,0.0,0.0,0.0,77020.390835088,-89424.29886870236,-1.375074134557508e-15,0.0,-1.0885819792747498e-10,-8.881784197001252e-16
contact_inhibition_hypothesis,once_through,1559.0041390788617,12.162253538474385,19309.97589296506,86919.1153902824,1546.8418855403881,2113333.333333343,9513080.884609716,0.0,11533.49734336311,2113333.333333343,9510000.0,0.0,317.0,0.4412921406321794,0.11473595656436665,0.8163491964506827,0.2820963464082939,4.26539678580273,0.4137123798476235,0.8002833717890997,0.42922265566917633,3.1427652638862957,0.02451764366313974,0.02451764366313974,0.0,3.1182476202231575,0.0,0.0,3.1182476202231575,0.0,0.02451764366313974,0.0,4.501254474478576,690.0241070349338,330.68264755942283,11.648965715019838,686.8813417710475,0.0,0.0,0.0,77264.12624912307,-89705.34220771086,-1.8334321794100104e-15,0.0,-1.0885819792747498e-10,-1.3322676295501878e-15
contact_inhibition_hypothesis,once_through,1563.1483911800042,12.115440000307768,19308.14162339275,86910.7679374838,1551.0329511796972,2120000.0000000093,9543089.232062513,0.0,11570.81046723997,2120000.0000000093,9540000.0,0.0,318.0,0.4424652137723913,0.11504095558082174,0.8174660528754852,0.2819800823580174,4.269864211501941,0.4127428878162466,0.7999414187000513,0.4285533518163077,3.1511195788119464,0.02442327318782042,0.02442327318782042,0.0,3.1266963056241277,0.0,0.0,3.1266963056241277,0.0,0.02442327318782042,0.0,4.501249764616767,691.8583766072443,329.9883402836579,11.667158776868387,688.7072570284323,0.0,0.0,0.0,77507.86166315815,-89986.39074562279,-1.375074134557508e-15,0.0,-2.1771639585494996e-10,-1.7763568394002505e-15
contact_inhibition_hypothesis,once_through,1567.277113902527,12.068829114059112,19306.314227211824,86902.45181857342,1555.2082847884687,2126666.666666676,9573097.548181424,0.0,11608.12878240738,2126666.666666676,9570000.0,0.0,319.0,0.4436338911624175,0.11534481170222856,0.818571970218319,0.28186420318254857,4.274287880873276,0.41177928783068984,0.7996005975957311,0.42788710727505613,3.159442588373826,0.02432931123444948,0.02432931123444948,0.0,3.135113277139378,0.0,0.0,3.135113277139378,0.0,0.02432931123444948,0.0,4.501245074323214,693.6857727881722,329.2966347223401,11.685325206084977,690.5263301997984,0.0,0.0,0.0,77751.59707719326,-90267.44447482532,-1.8334321794100104e-15,0.0,-1.0885819792747498e-10,-1.7763568394002505e-15
contact_inhibition_hypothesis,once_through,1571.390373350875,12.022421377314041,19304.493675164074,86894.16690288043,1559.3679519735617,2133333.3333333423,9603105.833097117,0.0,11645.452281267495,2133333.3333333423,9600000.0,0.0,320.0,0.4447981915138005,0.11564752979358814,0.8196670827074489,0.28174870689052844,4.278668330829795,0.41082153383774894,0.7992609026192014,0.4272239013402553,3.1677344258305618,0.024235758806099825,0.024235758806099825,0.0,3.1434986670244633,0.0,0.0,3.1434986670244633,0.0,0.024235758806099825,0.0,4.501240403661709,695.5063248359213,328.6075198006611,11.703465055008321,692.3385904100908,0.0,0.0,0.0,77995.33249122833,-90548.5033877205,-1.375074134557508e-15,0.0,-1.0885819792747498e-10,-1.3322676295501878e-15
contact_inhibition_hypothesis,once_through,1575.4882357791832,11.976217233346656,19302.679937925048,86885.9130593276,1563.5120185458375,2140000.000000009,9633114.08694067,0.0,11682.780956237375,2140000.000000009,9630000.0,0.0,321.0,0.4459581335804539,0.11594911473091801,0.8207515227430666,0.28163359150713774,4.2830060909722665,0.40986958011788344,0.7989223279621699,0.4265637135052788,3.1759952247425396,0.024142616796358856,0.024142616796358856,0.0,3.1518526079461826,0.0,0.0,3.1518526079461826,0.0,0.024142616796358856,0.0,4.501235752690383,697.3200620749489,327.9209844187345,11.721578375508315,694.1440668502063,0.0,0.0,0.0,78239.06790526341,-90829.56747672545,-1.8334321794100104e-15,0.0,-1.0885819792747498e-10,-1.7763568394002505e-15
contact_inhibition_hypothesis,once_through,1579.5707675744093,11.930217072854413,19300.872986111495,86877.69015646857,1567.6405505015557,2146666.6666666754,9663122.309843529,0.0,11720.114799748857,2146666.6666666754,9660000.0,0.0,322.0,0.44711373615388816,0.11624957140001092,0.8218254209211947,0.28151885507385027,4.287301683684779,0.4089233812857656,0.7985848678642655,0.4259065234592339,3.1842251189379,0.024049885992825752,0.024049885992825752,0.0,3.160175232945076,0.0,0.0,3.160175232945076,0.0,0.024049885992825752,0.0,4.501231121461912,699.1270138885002,327.2370174544213,11.739665219000996,695.9427887695623,0.0,0.0,0.0,78482.80331929849,-91110.63673427202,-1.8334321794100104e-15,0.0,-1.0885819792747498e-10,-1.3322676295501878e-15
contact_inhibition_hypothesis,once_through,1583.638035240001,11.884421235646784,19299.072790288617,86869.49806252349,1571.753614004355,2153333.333333342,9693130.501937475,0.0,11757.453804248426,2153333.333333342,9690000.0,0.0,323.0,0.44826501805858765,0.1165489046952328,0.8228889060574122,0.28140449564819203,4.291555624229648,0.40798289229068524,0.7982485166123295,0.4252523110842116,3.192424242479613,0.023957567080515635,0.023957567080515635,0.0,3.168466675399099,0.0,0.0,3.168466675399099,0.0,0.023957567080515635,0.0,4.501226510023664,700.92720971138,326.5556077660664,11.757725636463062,697.7347854689003,0.0,0.0,0.0,78726.53873333358,-91391.71115280667,-1.8334321794100104e-15,0.0,-1.0885819792747498e-10,-1.3322676295501878e-15
contact_inhibition_hypothesis,once_through,1587.6901053800857,11.838830012289028,19297.279320977046,86861.33664541392,1575.8512753677974,2160000.0000000084,9723138.663354583,0.0,11794.797962197094,2160000.0000000084,9720000.0,0.0,324.0,0.4494119981475348,0.11684711951835905,0.8239421052103921,0.28129051130350446,4.2957684208415685,0.40704806841681823,0.7979132685397191,0.42460105645258645,3.2005927296336067,0.023865660645173203,0.023865660645173203,0.0,3.176727068988435,0.0,0.0,3.176727068988435,0.0,0.023865660645173203,0.0,4.501221918417876,702.720679022954,325.8767441951473,11.77575967844614,699.5200862933203,0.0,0.0,0.0,78970.27414736866,-91672.79072479042,-1.375074134557508e-15,0.0,-2.1771639585494996e-10,-1.3322676295501878e-15
contact_inhibition_hypothesis,once_through,1591.7270446841644,11.793443645701952,19295.492548659626,86853.20577279649,1579.9336010384632,2166666.666666675,9753146.794227201,0.0,11832.147266070271,2166666.666666675,9750000.0,0.0,325.0,0.4505546952978783,0.11714422077744836,0.8249851437052473,0.2811769001287128,4.299940574820989,0.4061188652833632,0.797579118025626,0.4239527398243689,3.208730714837913,0.02377416717649765,0.02377416717649765,0.0,3.184956547661417,0.0,0.0,3.184956547661417,0.0,0.02377416717649765,0.0,4.501217346681819,704.5074513403752,325.2004155688385,11.793767395090672,701.2987206255373,0.0,0.0,0.0,79214.00956140376,-91953.8754426987,-1.375074134557508e-15,0.0,-1.0885819792747498e-10,-1.3322676295501878e-15
contact_inhibition_hypothesis,once_through,1595.748919912302,11.748262332718731,19293.712443787972,86845.10531209553,1584.000657579584,2173333.3333333414,9783154.894687902,0.0,11869.501708357657,2173333.3333333414,9780000.0,0.0,326.0,0.4516931284067403,0.11744021338575249,0.8260181451566778,0.28106366022809937,4.304072580626711,0.40519523884455305,0.79724605949441,0.42330734164460726,3.216838332672811,0.023683087071281035,0.023683087071281035,0.0,3.1931552456015315,0.0,0.0,3.1931552456015315,0.0,0.023683087071281035,0.0,4.50121279484795,706.2875562120282,324.52661070249246,11.811748836139511,703.0707178793554,0.0,0.0,0.0,79457.74497543882,-92234.96529902115,-1.375074134557508e-15,0.0,-1.0885819792747498e-10,-1.3322676295501878e-15
contact_inhibition_hypothesis,once_through,1599.755797880796,11.703286225599879,19291.938976788813,86837.03513053461,1588.0525116551967,2180000.000000008,9813162.964869464,0.0,11906.861281563126,2180000.000000008,9810000.0,0.0,327.0,0.45282731638716056,0.11773510226066175,0.8270412314919162,0.28095078972108045,4.308164925967665,0.4042771453895457,0.7969140874149425,0.4226648425408371,3.224915717831939,0.02359242063646228,0.02359242063646228,0.0,3.2013232971954775,0.0,0.0,3.2013232971954775,0.0,0.02359242063646228,0.0,4.501208262944072,708.0610232111868,323.8553184020408,11.82970405095122,704.8361074933549,0.0,0.0,0.0,79701.48038947392,-92516.06028626171,-9.167160897050052e-16,0.0,-1.0885819792747498e-10,-8.881784197001252e-16
contact_inhibition_hypothesis,once_through,1603.7477454483133,11.65851543350721,19290.17211807012,86828.99509516697,1592.0892300148066,2186666.6666666744,9843171.00490483,0.0,11944.22597820462,2186666.6666666744,9840000.0,0.0,328.0,0.4539572781641716,0.11802889232268461,0.8280545229734662,0.28083828674198896,4.312218091893865,0.40336454154220036,0.7965831962999675,0.42202522332058107,3.2329630050943456,0.023502168092098513,0.023502168092098513,0.0,3.209460837002248,0.0,0.0,3.209460837002248,0.0,0.023502168092098513,0.0,4.501203750993475,709.8278819298775,323.1865274663168,11.847633088512989,706.5949189247832,0.0,0.0,0.0,79945.215803509,-92797.16039693828,-1.375074134557508e-15,0.0,-1.0885819792747498e-10,-8.881784197001252e-16
contact_inhibition_hypothesis,once_through,1607.7248295024817,11.61395002393791,19288.411838027052,86820.98507290524,1596.1108794785443,2193333.333333341,9873179.014927093,0.0,11981.595790814037,2193333.333333341,9870000.0,0.0,329.0,0.4550830326710038,0.11832158849446099,0.8290581382216299,0.28072614943986085,4.31623255288652,0.40245738426074396,0.7962533807054731,0.42138846496889526,3.2409803292974626,0.023412329574255954,0.023412329574255954,0.0,3.2175679997232076,0.0,0.0,3.2175679997232076,0.0,0.023412329574255954,0.0,4.501199259015089,711.5881619729452,322.52022668930164,11.865535997453263,708.3471816436477,0.0,0.0,0.0,80188.95121754408,-93078.26562358279,-9.167160897050052e-16,0.0,-1.0885819792747498e-10,-8.881784197001252e-16
contact_inhibition_hypothesis,once_through,1611.6871169469248,11.569590024119584,19286.658107047682,86813.00493055006,1600.1175269228056,2200000.0000000075,9903186.995069448,0.0,12018.970711937138,2200000.0000000075,9900000.0,0.0,330.0,0.45620459884541525,0.11861319569980797,0.8300521942368221,0.2806143759782256,4.320208776947288,0.4015556308373318,0.7959246352300753,0.42075454864596,3.2489678253109666,0.023322905137822186,0.023322905137822186,0.0,3.225644920173145,0.0,0.0,3.225644920173145,0.0,0.023322905137822186,0.0,4.50119478702363,713.3418929523145,321.85640486229687,11.883412826054089,710.0929251270036,0.0,0.0,0.0,80432.68663157917,-93359.37595874097,-9.167160897050052e-16,0.0,-1.0885819792747498e-10,-8.881784197001252e-16
contact_inhibition_hypothesis,once_through,1615.6346746887257,11.525435422367359,19284.91089551856,86805.05453481754,1604.1092392663586,2206666.666666674,9933194.94546518,0.0,12056.35073413345,2206666.666666674,9930000.0,0.0,331.0,0.45732199562614334,0.11890371886279727,0.8310368064216653,0.280502964534902,4.324147225686661,0.4006592388975089,0.7955969545144176,0.4201234556847186,3.256925628011508,0.02323389475924191,0.02323389475924191,0.0,3.2336917332522668,0.0,0.0,3.2336917332522668,0.0,0.02323389475924191,0.0,4.501190335029723,715.0891044814413,321.19505077602435,11.901263622263087,711.8321788534298,0.0,0.0,0.0,80676.42204561426,-93640.49139497239,-4.583580448525026e-16,0.0,-2.1771639585494996e-10,-8.881784197001252e-16
contact_inhibition_hypothesis,once_through,1619.567569626312,11.481486169403668,19283.170173830047,86797.13375236628,1608.0860834569087,2213333.3333333405,9963202.86624763,0.0,12093.735849976158,2213333.3333333405,9960000.0,0.0,332.0,0.4584352419494753,0.11919316290686359,0.8320120886028657,0.28039191330179697,4.328048354411463,0.3997681663995749,0.7952703332405794,0.41949516758855804,3.2648538722582896,0.023145298339177466,0.023145298339177466,0.0,3.2417085739191127,0.0,0.0,3.2417085739191127,0.0,0.023145298339177466,0.0,4.5011859030400565,716.8298261699505,320.5361532226558,11.919088433705184,713.5649722976922,0.0,0.0,0.0,80920.15745964933,-93921.61192485016,-9.167160897050052e-16,0.0,-2.1771639585494996e-10,-4.440892098500626e-16
contact_inhibition_hypothesis,once_through,1623.4858686377465,11.43774217964202,19281.435912381545,86789.24244982297,1612.0481264581051,2220000.000000007,9993210.757550174,0.0,12131.12605205203,2220000.000000007,9990000.0,0.0,333.0,0.45954435674593413,0.11948153275394288,0.8329781530528658,0.2802812204847095,4.331912612211463,0.3988823716338581,0.7949447661314986,0.4188696660290354,3.27275269286946,0.023057115705096755,0.023057115705096755,0.0,3.2496955771643647,0.0,0.0,3.2496955771643647,0.0,0.023057115705096755,0.0,4.501181491057489,718.5640876184534,319.87970099777505,11.936887307693958,715.2913349255839,0.0,0.0,0.0,81163.89287368442,-94202.73754096113,-1.375074134557508e-15,0.0,-1.0885819792747498e-10,-1.3322676295501878e-15
contact_inhibition_hypothesis,once_through,1627.389638569416,11.394203332435277,19279.708081586457,86781.38049380774,1615.9954352369814,2226666.6666666735,10023218.61950619,0.0,12168.52133296132,2226666.6666666735,10020000.0,0.0,334.0,0.4606493589370764,0.11976883332363987,0.833935110511272,0.28017088430313797,4.335740442045088,0.39800181322190187,0.7946202479504059,0.4182469328436446,3.2806222245993144,0.022969346613789625,0.022969346613789625,0.0,3.257652877985526,0.0,0.0,3.257652877985526,0.0,0.022969346613789625,0.0,4.501177099081202,720.2919184135415,319.22568290227287,11.95466029124277,717.0112961889421,0.0,0.0,0.0,81407.6282877195,-94483.8682359055,-1.375074134557508e-15,0.0,-1.0885819792747498e-10,-8.881784197001252e-16
contact_inhibition_hypothesis,once_through,1631.278946225104,11.350869473289606,19277.98665187705,86773.54775095804,1619.9280767518148,2233333.33333334,10053226.452249039,0.0,12205.921685317684,2233333.33333334,10050000.0,0.0,335.0,0.4617502674323994,0.12005506953242384,0.8348830702060551,0.2800609029900919,4.339532280824221,0.3971264501155688,0.7942967735002703,0.4176269500336273,3.288462602116262,0.02288199075381505,0.02288199075381505,0.0,3.265580611362448,0.0,0.0,3.265580611362448,0.0,0.02288199075381505,0.0,4.501172727106806,722.0133481229493,318.5740877441771,11.972407431075508,718.724885520833,0.0,0.0,0.0,81651.36370175458,-94765.00400229695,-9.167160897050052e-16,0.0,-2.1771639585494996e-10,-8.881784197001252e-16
contact_inhibition_hypothesis,once_through,1635.1538583554393,11.307740415044664,19276.271593709112,86765.74408795217,1623.8461179403953,2240000.0000000065,10083234.255912043,0.0,12243.327101748104,2240000.0000000065,10080000.0,0.0,336.0,0.4628471011263546,0.1203402462928522,0.8358221398745221,0.2799512747919072,4.343288559498088,0.396256241596065,0.7939743376232564,0.4170096997618216,3.296273959981563,0.022795047747880236,0.022795047747880236,0.0,3.2734789122336836,0.0,0.0,3.2734789122336836,0.0,0.022795047747880236,0.0,4.50116837512647,723.7284062908855,317.9249043404214,11.990128773637135,720.4321323309039,0.0,0.0,0.0,81895.09911578965,-95046.14483276242,-1.375074134557508e-15,0.0,-3.265745937824249e-10,-8.881784197001252e-16
contact_inhibition_hypothesis,once_through,1639.0144416477106,11.26481593902116,19274.562877566477,86757.9693715318,1627.7496257086898,2246666.666666673,10113242.030628465,0.0,12280.737574892799,2246666.666666673,10110000.0,0.0,337.0,0.4639398788954642,0.12062436851282068,0.836752425784058,0.27984199796806575,4.347009703136232,0.39539114727288993,0.7936529352001934,0.41639516435055496,3.3040564326287867,0.022708517155153974,0.022708517155153974,0.0,3.281347915473633,0.0,0.0,3.281347915473633,0.0,0.022708517155153974,0.0,4.5011640431290285,725.4371224335234,317.27812151855073,12.007824365103811,722.1330660008946,0.0,0.0,0.0,82138.83452982476,-95327.29071994223,-9.167160897050052e-16,0.0,-2.1771639585494996e-10,-4.440892098500626e-16
contact_inhibition_hypothesis,once_through,1642.8607627160322,11.222095796136344,19272.86047396535,86750.22346852379,1631.6386669198967,2253333.3333333395,10143249.776531473,0.0,12318.153097405157,2253333.3333333395,10140000.0,0.0,338.0,0.46502861959553776,0.12090744109483982,0.8376740327526357,0.2797330707910183,4.350696131010543,0.3945311270827144,0.7933325611500538,0.4157833262795714,3.311810154343995,0.02262239847351533,0.02262239847351533,0.0,3.289187755870481,0.0,0.0,3.289187755870481,0.0,0.02262239847351533,0.0,4.501159731100109,727.1395260346495,316.6337281183695,12.02549425139289,723.8277158803055,0.0,0.0,0.0,82382.56994385984,-95608.44165648967,-1.375074134557508e-15,0.0,-2.1771639585494996e-10,-1.3322676295501878e-15
contact_inhibition_hypothesis,once_through,1646.69288809186,11.179579707988415,19271.164353458535,86742.5062458612,1635.513308383872,2260000.000000006,10173257.493754135,0.0,12355.573661951661,2260000.000000006,10170000.0,0.0,339.0,0.4661133420589874,0.12118946893533673,0.8385870641690955,0.27962449154601116,4.354348256676381,0.39367614128819006,0.7930132104294446,0.4151741681840009,3.3195352592466185,0.022536691141739684,0.022536691141739684,0.0,3.29699856810488,0.0,0.0,3.29699856810488,0.0,0.022536691141739684,0.0,4.50115543902223,728.8356465414647,315.9917129935302,12.043138478172496,725.516111282218,0.0,0.0,0.0,82626.30535789492,-95889.59763507126,-1.375074134557508e-15,0.0,-2.1771639585494996e-10,-8.881784197001252e-16
contact_inhibition_hypothesis,once_through,1650.5108842148368,11.137267367910473,19269.474486639465,86734.81757060366,1639.3736168469268,2266666.6666666726,10203265.182429392,0.0,12392.999261211819,2266666.6666666726,10200000.0,0.0,340.0,0.46719406509223693,0.1214704569239816,0.8394916220131894,0.27951625853091666,4.3579664880527575,0.3928261504766953,0.7926948780321079,0.41456767285236484,3.327231881271005,0.022451394541623364,0.022451394541623364,0.0,3.3047804867293826,0.0,0.0,3.3047804867293826,0.0,0.022451394541623364,0.0,4.501151166874917,730.5255133605333,315.35206501306726,12.060757090870883,727.1982814792623,0.0,0.0,0.0,82870.04077192998,-96170.75864836648,-9.167160897050052e-16,0.0,-2.1771639585494996e-10,-8.881784197001252e-16
contact_inhibition_hypothesis,once_through,1654.3148174239682,11.095158441994917,19267.790844146122,86727.15730995715,1643.219658981974,2273333.333333339,10233272.842690038,0.0,12430.429887878088,2273333.333333339,10230000.0,0.0,341.0,0.46827080747322336,0.12175040994303808,0.8403878068753939,0.27940837005606683,4.361551227501575,0.39198111555901904,0.7923775589884319,0.41396382322461633,3.3349001541486287,0.02236650800004871,0.02236650800004871,0.0,3.3125336461485815,0.0,0.0,3.3125336461485815,0.0,0.02236650800004871,0.0,4.50114691463481,732.2091558538767,314.71477306287545,12.078350134685575,728.8742556997281,0.0,0.0,0.0,83113.77618596506,-96451.92468906782,-1.375074134557508e-15,0.0,-3.265745937824249e-10,-1.3322676295501878e-15
contact_inhibition_hypothesis,once_through,1658.1047539491133,11.053252570088953,19266.11339666479,86719.52533129258,1647.051501379025,2280000.0000000056,10263280.474668704,0.0,12467.86553465582,2280000.0000000056,10260000.0,0.0,342.0,0.4693435879489888,0.12202933286673709,0.8412757179764885,0.279300824444091,4.365102871905954,0.39114099776798705,0.7920612483649735,0.4133626023902217,3.342540211390938,0.022282030790990916,0.022282030790990916,0.0,3.3202581805999487,0.0,0.0,3.3202581805999487,0.0,0.022282030790990916,0.0,4.501142682275753,733.8866033352076,314.07982604713527,12.095917654592057,730.5440631238167,0.0,0.0,0.0,83357.51160000016,-96733.09574988065,-1.375074134557508e-15,0.0,-2.1771639585494996e-10,-1.3322676295501878e-15
contact_inhibition_hypothesis,once_through,1661.880759902784,11.011549366761994,19264.4421149337,86711.92150216424,1650.8692105360228,2286666.666666672,10293288.07849783,0.0,12505.306194263198,2286666.666666672,10290000.0,0.0,343.0,0.47041242523335913,0.12230723056067339,0.8421554531869002,0.2791936200297559,4.368621812747601,0.39030575865703243,0.791745941263988,0.4127639935862697,3.350152186272824,0.022197962137468167,0.022197962137468167,0.0,3.3279542241353575,0.0,0.0,3.3279542241353575,0.0,0.022197962137468167,0.0,4.501138469768901,735.5578850663002,313.447212889687,12.113459695352462,732.2077328800274,0.0,0.0,0.0,83601.24701403524,-97014.2718235231,-1.8334321794100104e-15,0.0,-3.265745937824249e-10,-1.7763568394002505e-15
contact_inhibition_hypothesis,once_through,1665.642901272243,10.970048422245657,19262.776969746505,86704.34569032752,1654.6728528499984,2293333.3333333386,10323295.654309668,0.0,12542.751859431164,2293333.3333333386,10320000.0,0.0,344.0,0.47147733800470715,0.12258410788122387,0.8430271090458153,0.27908675515981035,4.372108436183261,0.38947536009871486,0.7914316328229717,0.4121679801956221,3.357736211816689,0.022114301213436573,0.022114301213436573,0.0,3.3356219106032547,0.0,0.0,3.3356219106032547,0.0,0.022114301213436573,0.0,4.501134277082819,737.2230302534925,312.8169225353547,12.130976301523745,733.8652940416758,0.0,0.0,0.0,83844.98242807033,-97295.45290272617,-1.8334321794100104e-15,0.0,-3.265745937824249e-10,-2.220446049250313e-15
contact_inhibition_hypothesis,once_through,1669.3912439118942,10.928749303346988,19261.117931955676,86696.79776375572,1658.4624946085482,2300000.000000005,10353303.202236239,0.0,12580.202522903377,2300000.000000005,10350000.0,0.0,345.0,0.4725383449037984,0.12285996967498759,0.8438907807800565,0.2789802281928321,4.3755631231202265,0.38864976428319026,0.7911183182142121,0.4115745457450937,3.365292420777109,0.022031047145631123,0.022031047145631123,0.0,3.34326137363148,0.0,0.0,3.34326137363148,0.0,0.022031047145631123,0.0,4.501130104183572,738.8820680443188,312.1889439512208,12.148467517465768,735.5167756235417,0.0,0.0,0.0,84088.7178421054,-97576.63898023345,-1.8334321794100104e-15,0.0,-3.265745937824249e-10,-2.220446049250313e-15
contact_inhibition_hypothesis,once_through,1673.1258535359539,10.887651554335758,19259.464972475733,86689.2775906564,1662.238201981619,2306666.6666666716,10383310.722409338,0.0,12617.658177436144,2306666.6666666716,10380000.0,0.0,346.0,0.4735954645317172,0.12313482077824647,0.8447465623227287,0.278874037499078,4.378986249290914,0.38782893371663374,0.7908059926443471,0.41098367390366636,3.3728209456260583,0.021948199015354365,0.021948199015354365,0.0,3.350872746610706,0.0,0.0,3.350872746610706,0.0,0.021948199015354365,0.0,4.501125951034808,740.5350275242649,311.5632661278539,12.165933387349076,737.1622065786389,0.0,0.0,0.0,84332.4532561405,-97857.83004880132,-1.8334321794100104e-15,0.0,-3.265745937824249e-10,-2.220446049250313e-15
contact_inhibition_hypothesis,once_through,1676.846795711399,10.846754697806286,19257.81806228635,86681.78503948738,1666.0000410135935,2313333.333333338,10413318.214960506,0.0,12655.11881579838,2313333.333333338,10410000.0,0.0,347.0,0.4746487154478699,0.12340866601644618,0.84559454633163,0.278768181460338,4.38237818532652,0.3870128312196189,0.7904946513539354,0.4103953484807351,3.380321918538695,0.021865755860213734,0.021865755860213734,0.0,3.3584561626784826,0.0,0.0,3.3584561626784826,0.0,0.021865755860213734,0.0,4.501121817597867,742.1819377136485,310.9398780804907,12.183373955162436,738.8016157951098,0.0,0.0,0.0,84576.18867017557,-98139.02610119863,-1.8334321794100104e-15,0.0,-3.265745937824249e-10,-1.3322676295501878e-15
contact_inhibition_hypothesis,once_through,1680.5541358511805,10.806058235514698,19256.177172435382,86674.31997897157,1669.7480776156667,2320000.0000000047,10443325.680021022,0.0,12692.584430771542,2320000.0000000047,10440000.0,0.0,348.0,0.47569811616806457,0.12368151020369679,0.8464348242074342,0.2786626584697912,4.385739296829737,0.3862014199254558,0.790184289617033,0.40980955342438746,3.3877954713796776,0.02178371667580937,0.02178371667580937,0.0,3.36601175470387,0.0,0.0,3.36601175470387,0.0,0.02178371667580937,0.0,4.501117703831847,743.8228275646139,310.31876885017243,12.200789264720088,740.4350320932342,0.0,0.0,0.0,84819.92408421065,-98420.22713020687,-1.8334321794100104e-15,0.0,-4.354327917098999e-10,-1.7763568394002505e-15
contact_inhibition_hypothesis,once_through,1684.2479392076975,10.765561649192035,19254.542274041753,86666.88227811182,1673.4823775585064,2326666.666666671,10473333.117721882,0.0,12730.055015149588,2326666.666666671,10470000.0,0.0,349.0,0.4767436851626632,0.12395335814229243,0.8472674861116389,0.27855746693186545,4.389069944446556,0.38539466327849004,0.7898749027407808,0.4092262728197092,3.395241735690013,0.02170208041737324,0.02170208041737324,0.0,3.3735396552726415,0.0,0.0,3.3735396552726415,0.0,0.02170208041737324,0.0,4.50111360969369,745.4577259582444,309.6999275048384,12.218179359668888,742.0624842225544,0.0,0.0,0.0,85063.65949824573,-98701.43312861999,-1.8334321794100104e-15,0.0,-3.265745937824249e-10,-1.7763568394002505e-15
contact_inhibition_hypothesis,once_through,1687.9282708665226,10.725264401333947,19252.913338298215,86659.47180620501,1677.2030064651894,2333333.3333333377,10503340.528193787,0.0,12767.530561738933,2333333.3333333377,10500000.0,0.0,350.0,0.4777854408548058,0.12422421462224952,0.8480926209842863,0.27845260526209953,4.392370483937145,0.38459252503236513,0.7895664860649987,0.40864549088712515,3.4026608426744054,0.021620846001361074,0.021620846001361074,0.0,3.3810399966730458,0.0,0.0,3.3810399966730458,0.0,0.021620846001361074,0.0,4.501109535138277,747.0866617017849,309.0833431403771,12.235544283495068,743.6840008591105,0.0,0.0,0.0,85307.39491228083,-98982.64408924444,-1.8334321794100104e-15,0.0,-4.354327917098999e-10,-1.3322676295501878e-15
contact_inhibition_hypothesis,once_through,1691.5951957403715,10.685165935967554,19251.290336474027,86652.08843285547,1680.9100298044052,2340000.000000004,10533347.911567137,0.0,12805.011063358395,2340000.000000004,10530000.0,0.0,351.0,0.4788234016187036,0.12449408442086295,0.8489103165614528,0.2783480718870085,4.395641266245811,0.38379496924825096,0.7892590349617897,0.40806719198076646,3.4100529231890997,0.02154001230699827,0.02154001230699827,0.0,3.388512910882104,0.0,0.0,3.388512910882104,0.0,0.02154001230699827,0.0,4.501105480118495,748.709663525973,308.4690048816368,12.252884079530869,745.2996106027839,0.0,0.0,0.0,85551.1303263159,-99263.86000489898,-2.291790224262513e-15,0.0,-4.354327917098999e-10,-2.6645352591003757e-15
contact_inhibition_hypothesis,once_through,1695.2487785633139,10.645265679396154,19249.673239917523,86644.73202798802,1684.603512883919,2346666.6666666707,10563355.267972006,0.0,12842.49651283916,2346666.6666666707,10560000.0,0.0,352.0,0.4798575857780002,0.12476297230228006,0.8497206593925136,0.27824386524395156,4.398882637570054,0.38300196029303957,0.7889525448351516,0.40749136058686797,3.417418107730213,0.021459578177781116,0.021459578177781116,0.0,3.395958529552434,0.0,0.0,3.395958529552434,0.0,0.021459578177781116,0.0,4.501101444585314,750.3267600824764,307.8569018833952,12.270198790960901,746.9093419747462,0.0,0.0,0.0,85794.86574035099,-99545.08086841482,-2.291790224262513e-15,0.0,-3.265745937824249e-10,-2.6645352591003757e-15
contact_inhibition_hypothesis,once_through,1698.889083885209,10.605563040922153,19248.06202005857,86637.40246186062,1688.2835208442882,2353333.333333337,10593362.597538132,0.0,12879.98690302473,2353333.333333337,10590000.0,0.0,353.0,0.48088801160419653,0.12503088301709112,0.8505237348571775,0.27813998378100246,4.40209493942871,0.3822134628375116,0.7886470111205955,0.406917981322192,3.424756526422515,0.021379542422934147,0.021379542422934147,0.0,3.4033769839995833,0.0,0.0,3.4033769839995833,0.0,0.021379542422934147,0.0,4.501097428487868,751.9379799414303,307.2470233312915,12.28748846082835,748.5132234150078,0.0,0.0,0.0,86038.60115438608,-99826.30667263549,-2.750148269115016e-15,0.0,-4.354327917098999e-10,-2.6645352591003757e-15
contact_inhibition_hypothesis,once_through,1702.5161760663727,10.566057413549068,19246.456648410924,86630.09960507615,1691.9501186528248,2360000.0000000037,10623369.900394917,0.0,12917.482226770893,2360000.0000000037,10620000.0,0.0,354.0,0.48191469731514125,0.12529782130193673,0.8513196271822988,0.27803642595682276,4.405278508729195,0.3814294418544746,0.7883424292847728,0.4063470389324816,3.432068309008679,0.021299903818825294,0.021299903818825294,0.0,3.4107684051898564,0.0,0.0,3.4107684051898564,0.0,0.021299903818825294,0.0,4.501093431773517,753.5433515890769,306.6393584427202,12.304753132040904,750.1112832800683,0.0,0.0,0.0,86282.33656842116,-100107.53741041673,-2.291790224262513e-15,0.0,-4.354327917098999e-10,-2.6645352591003757e-15
contact_inhibition_hypothesis,once_through,1706.1301192724566,10.526748174662885,19244.857096574506,86622.82332859414,1695.6033710977947,2366666.6666666702,10653377.176671399,0.0,12954.98247694568,2366666.6666666702,10650000.0,0.0,355.0,0.48293766107358144,0.12556379187913116,0.8521084194584648,0.27793319024053786,4.408433677833859,0.38064986261687456,0.7880387948251114,0.40577851829094086,3.4393535848389596,0.021220661110339413,0.021220661110339413,0.0,3.418132923728622,0.0,0.0,3.418132923728622,0.0,0.021220661110339413,0.0,4.501089454387926,755.1429034254988,306.0338964676889,12.321992847376482,751.7035498406599,0.0,0.0,0.0,86526.07198245624,-100388.77307462659,-2.291790224262513e-15,0.0,-4.354327917098999e-10,-1.7763568394002505e-15
contact_inhibition_hypothesis,once_through,1709.730977469542,10.487634686693518,19243.263336237553,86615.57350374188,1699.2433427828496,2373333.3333333367,10683384.426496252,0.0,12992.487646429336,2373333.3333333367,10680000.0,0.0,356.0,0.4839569209857736,0.12582879945630113,0.8528901936563601,0.27783027511161484,4.411560774625441,0.37987469069588464,0.7877361032694554,0.4052124043967381,3.4466124828613003,0.021141813012211727,0.021141813012211727,0.0,3.4254706698490907,0.0,0.0,3.4254706698490907,0.0,0.021141813012211727,0.0,4.501085496275133,756.736663762448,305.43062668964023,12.33920764948885,753.2900512795867,0.0,0.0,0.0,86769.80739649135,-100670.01365814536,-2.291790224262513e-15,0.0,-3.265745937824249e-10,-2.220446049250313e-15
contact_inhibition_hypothesis,once_through,1713.3188144194387,10.448716297756805,19241.67533917874,86608.350002225,1702.870098121683,2380000.0000000033,10713391.649997769,0.0,13029.997728114266,2380000.0000000033,10710000.0,0.0,357.0,0.48497249510015317,0.12609284872603982,0.8536650306429118,0.27772767905974355,4.414660122571647,0.3791038919589701,0.7874343501757164,0.4046486823735403,3.4538451316118577,0.021063358210321986,0.021063358210321986,0.0,3.4327817734015382,0.0,0.0,3.4327817734015382,0.0,0.021063358210321986,0.0,4.50108155737761,758.324660821264,304.8295384262393,12.356397580912885,754.8708156896522,0.0,0.0,0.0,87013.54281052641,-100951.25915386535,-2.291790224262513e-15,0.0,-3.265745937824249e-10,-2.6645352591003757e-15
contact_inhibition_hypothesis,once_through,1716.8936936751827,10.409992342277533,19240.09307726912,86601.15269613756,1706.483701332906,2386666.66666667,10743398.847303856,0.0,13067.51271490502,2386666.66666667,10740000.0,0.0,358.0,0.4859844014060601,0.12635594436557562,0.8544330101972145,0.27762540058471963,4.417732040788858,0.3783374325679333,0.7871335311315284,0.4040873374680675,3.461051659205927,0.02098529536295043,0.02098529536295043,0.0,3.4400663638429783,0.0,0.0,3.4400663638429783,0.0,0.02098529536295043,0.0,4.501077637636328,759.9069227308828,304.23062103012825,12.373562684069798,756.4458710716768,0.0,0.0,0.0,87257.2782245615,-101232.50955469119,-1.8334321794100104e-15,0.0,-3.265745937824249e-10,-1.7763568394002505e-15
contact_inhibition_hypothesis,once_through,1720.455678576727,10.37146214159407,19238.516522474074,86593.98145797213,1710.0842164351338,2393333.3333333363,10773406.018542022,0.0,13105.032599718257,2393333.3333333363,10770000.0,0.0,359.0,0.48699265783251877,0.12661809103645488,0.8551942110262379,0.2775234381963298,4.420776844104951,0.37757527897694,0.7868336417539112,0.4035283550486754,3.468232193329252,0.020907623101996654,0.020907623101996654,0.0,3.4473245702272575,0.0,0.0,3.4473245702272575,0.0,0.020907623101996654,0.0,4.501073736990826,761.4834775259279,303.63386388964796,12.39070300127206,758.0152453325986,0.0,0.0,0.0,87501.01363859657,-101513.7648535395,-1.8334321794100104e-15,0.0,-3.265745937824249e-10,-1.7763568394002505e-15
contact_inhibition_hypothesis,once_through,1724.0048322468224,10.333125004545078,19236.945646855114,86586.83616062884,1713.671707242278,2400000.000000003,10803413.163839364,0.0,13142.55737548271,2400000.000000003,10800000.0,0.0,360.0,0.4879972822470725,0.12687929338423887,0.8559487107803202,0.27742179041423976,4.42379484312128,0.3768173979305271,0.7865346776889405,0.402971720603959,3.475386861229724,0.02083034003416233,0.02083034003416233,0.0,3.454556521195563,0.0,0.0,3.454556521195563,0.0,0.02083034003416233,0.0,4.50106985537926,763.0543531448883,303.03925642952856,12.407818574728237,759.5789662836586,0.0,0.0,0.0,87744.74905263167,-101795.02504333905,-1.375074134557508e-15,0.0,-4.354327917098999e-10,-1.3322676295501878e-15
contact_inhibition_hypothesis,once_through,1727.5412175870777,10.294980228038712,19235.38042257163,86579.7166774246,1717.2462373590397,2406666.6666666693,10833420.283322569,0.0,13180.087035139153,2406666.6666666693,10830000.0,0.0,361.0,0.48899829245466797,0.12713955603821367,0.8566965860684449,0.277320455767884,4.426786344273779,0.37606375646159595,0.7862366346114236,0.4024174197413833,3.4825157897094376,0.020753444742098677,0.020753444742098677,0.0,3.4617623449673407,0.0,0.0,3.4617623449673407,0.0,0.020753444742098677,0.0,4.501065992738475,764.6195774283741,302.44678811154887,12.424909446547542,761.1370616386647,0.0,0.0,0.0,87988.48446666673,-102076.29011703056,-1.375074134557508e-15,0.0,-3.265745937824249e-10,-1.7763568394002505e-15
contact_inhibition_hypothesis,once_through,1731.0648972742003,10.257027097604853,19233.82082188255,86572.62288210157,1720.8078701765962,2413333.333333336,10863427.377117893,0.0,13217.621571640391,2413333.333333336,10860000.0,0.0,362.0,0.4899957061965912,0.12739888361111373,0.8574379124733097,0.277219432796358,4.429751649893239,0.3753143218893898,0.7859395082245825,0.40186543818593395,3.489619105117115,0.02067693578551967,0.02067693578551967,0.0,3.4689421693315965,0.0,0.0,3.4689421693315965,0.0,0.02067693578551967,0.0,4.501062149004053,766.1791781174528,301.8564484351668,12.441975658744294,762.6895590123357,0.0,0.0,0.0,88232.21988070183,-102357.5600675669,-1.375074134557508e-15,0.0,-3.265745937824249e-10,-1.3322676295501878e-15
contact_inhibition_hypothesis,once_through,1734.5759337564066,10.21926488793085,19232.26681714794,86565.55464883543,1724.3566688684764,2420000.0000000023,10893434.44535116,0.0,13255.16097795121,2420000.0000000023,10890000.0,0.0,363.0,0.49098954114945154,0.1276572806988574,0.8581727645661816,0.27711872004831234,4.4326910582647265,0.3745690618174592,0.7856432942597422,0.4013157617787909,3.4966969333408646,0.020600811702282038,0.020600811702282038,0.0,3.4760961216385837,0.0,0.0,3.4760961216385837,0.0,0.020600811702282038,0.0,4.501058324110372,767.7331828520605,301.26822693812034,12.459017253242218,764.2364859187196,0.0,0.0,0.0,88475.95529473691,-102638.83488791279,-1.375074134557508e-15,0.0,-3.265745937824249e-10,-1.3322676295501878e-15
contact_inhibition_hypothesis,once_through,1738.0743892499986,10.181692863381093,19230.718380830516,86558.5118522432,1727.8926963866181,2426666.666666669,10923441.48814775,0.0,13292.705247048365,2426666.666666669,10920000.0,0.0,364.0,0.49197981492421256,0.12791475188029527,0.8589012159215468,0.277018316081849,4.435604863686187,0.37382794413161524,0.7853479884760266,0.40076837647602703,3.5037493998012867,0.020525071009432676,0.020525071009432676,0.0,3.4832243287918554,0.0,0.0,3.4832243287918554,0.0,0.020525071009432676,0.0,4.501054517990659,769.2816191694866,300.68211319700146,12.476034271878454,765.7778697696853,0.0,0.0,0.0,88719.690708772,-102920.11457104504,-1.375074134557508e-15,0.0,-3.265745937824249e-10,-1.3322676295501878e-15
contact_inhibition_hypothesis,once_through,1741.5603257361042,10.144310278500992,19229.17548549707,86551.49436739077,1731.4160154576039,2433333.3333333354,10953448.505632604,0.0,13330.254371920553,2433333.3333333354,10950000.0,0.0,365.0,0.4929665450652693,0.12817130171697003,0.8596233391315525,0.2769182194644197,4.438493356526211,0.37309093699787266,0.785053586660058,0.40022326834732247,3.5107766294448974,0.020449712204224577,0.020449712204224577,0.0,3.490326917240674,0.0,0.0,3.490326917240674,0.0,0.020449712204224577,0.0,4.5010507305770435,770.824514502931,300.0980968278017,12.493026756407604,767.3137378734862,0.0,0.0,0.0,88963.42612280708,-103201.39910995231,-1.375074134557508e-15,0.0,-3.265745937824249e-10,-1.3322676295501878e-15
