scenario,mode,extent_mol,reactor_h2_mol,water_kg,salt_mol,export_h2_mol,export_water_kg,export_salt_mol,outlet_separator_gas_mol,flow_pump_kwh,feed_water_kg,feed_salt_mol,circulated_water_kg,time_days,altered_fraction_proxy,expansion_loading,crack_opening_fraction,porosity,area_factor,passivation_factor,pore_access_factor,permeability_ratio,generated_h2_kg,retained_h2_kg,dissolved_h2_kg,free_h2_kg,exported_h2_kg,outlet_collected_h2_kg,outlet_uncollected_gas_h2_kg,outlet_residual_dissolved_h2_kg,endpoint_collected_h2_kg,endpoint_residual_h2_kg,endpoint_uncollected_gas_h2_kg,salt_molality,water_consumed_kg,remaining_reactive_fe_kg,flow_head_bar,solid_mass_gain_kg,total_deliverable_h2_kg,gross_electricity_kwh,outlet_delivered_electricity_kwh,new_feed_heater_kwh,standalone_engineering_balance_kwh,h2_balance_error_kg,water_balance_error_kg,salt_balance_error_kg,hydrogen_recovery_balance_error_kg
contact_inhibition_hypothesis,recirculating,0.0,0.0,20000.0,90000.0,0.0,0.0,0.0,0.0,0.0,0.0,0.0,0.0,0.0,0.0,0.0,0.0,0.35,1.0,1.0,1.0,1.0,0.0,0.0,0.0,0.0,0.0,0.0,0.0,0.0,0.0,0.0,0.0,4.5,0.0,591.8704059999999,5.0,0.0,0.0,0.0,0.0,0.0,-907.7186152246713,0.0,0.0,0.0,0.0
contact_inhibition_hypothesis,recirculating,5.329434809384442,5.329434809384442,19997.641161814034,90000.0,0.0,0.0,0.0,0.0,1.4311775582455672,0.0,0.0,6666.666666666668,1.0,0.001508551283758936,0.00039222333377732335,0.0,0.34960777666622267,1.0,0.996987444312483,0.9988464019594785,0.9954401513218333,0.010743501043541909,0.010743501043541909,0.010743501043541909,0.0,0.0,0.0,0.0,0.0,0.0,0.010743501043541909,0.0,4.5005308011955485,2.3588381859712113,590.9775391392097,5.02290368070904,2.3480946849276694,0.0,0.0,0.0,0.0,-909.1497927829168,0.0,3.637978807091713e-12,0.0,0.0
contact_inhibition_hypothesis,recirculating,10.58505434129363,10.58505434129363,19995.31499469009,90000.0,0.0,0.0,0.0,0.0,2.8689024109606454,0.0,0.0,13333.333333333336,2.0,0.002996208394762397,0.0007790141826382233,0.0,0.3492209858173618,1.0,0.9940255019299534,0.9977087818157699,0.9909608629204486,0.021338199345527,0.021338199345527,0.021338199345527,0.0,0.0,0.0,0.0,0.0,0.0,0.021338199345527,0.0,4.501054373181928,4.685005309917216,590.0970389209314,5.045607941835928,4.663667110571689,0.0,0.0,0.0,0.0,-910.5875176356319,0.0,7.275957614183426e-12,0.0,0.0
contact_inhibition_hypothesis,recirculating,15.769186769583035,15.769186769583035,19993.020468165163,90000.0,0.0,0.0,0.0,0.0,4.313118296916255,0.0,0.0,20000.000000000007,3.0,0.004463630346542608,0.0011605438901010781,0.0,0.3488394561098989,1.0,0.9911124689850244,0.9965866356173498,0.986559374779559,0.03178878822506705,0.03178878822506705,0.03178878822506705,0.0,0.0,0.0,0.0,0.0,0.0,0.03178878822506705,0.0,4.501570942885132,6.9795318348402455,589.2285152945578,5.068118683801694,6.947743046615178,0.0,0.0,0.0,0.0,-912.0317335215875,0.0,3.637978807091713e-12,0.0,0.0
contact_inhibition_hypothesis,recirculating,20.88404466690746,20.88404466690746,19990.75660294201,90000.0,0.0,0.0,0.0,0.0,5.763770603192736,0.0,0.0,26666.666666666675,4.0,0.005911443430524116,0.0015369752919362702,0.0,0.34846302470806373,1.0,0.9882467288428624,0.9954794844354816,0.9822330693932384,0.04209972796312541,0.04209972796312541,0.04209972796312541,0.0,0.0,0.0,0.0,0.0,0.0,0.04209972796312541,0.0,4.502080725986871,9.24339705799302,588.3715975767296,5.090441521266113,9.201297330029895,0.0,0.0,0.0,0.0,-913.482385827864,0.0,0.0,0.0,0.0
contact_inhibition_hypothesis,recirculating,25.93173279717574,25.93173279717574,19988.52246744014,90000.0,0.0,0.0,0.0,0.0,7.2208062861120865,0.0,0.0,33333.33333333334,5.0,0.0073402434217581716,0.0019084632896571247,0.0,0.3480915367103429,1.0,0.9854267461181084,0.9943868726774792,0.9779794619432852,0.05227526151117063,0.05227526151117063,0.05227526151117063,0.0,0.0,0.0,0.0,0.0,0.0,0.05227526151117063,0.0,4.502583927681673,11.477532559863562,587.5259331458251,5.112581802142138,11.425257298352392,0.0,0.0,0.0,0.0,-914.9394215107834,0.0,3.637978807091713e-12,0.0,0.0
contact_inhibition_hypothesis,recirculating,30.914255248503682,30.914255248503682,19986.317174638745,90000.0,0.0,0.0,0.0,0.0,8.684173797382552,0.0,0.0,40000.00000000001,6.0,0.00875059759797834,0.0022751553754743682,0.0,0.34772484462452563,1.0,0.9826510612037961,0.9933083665427225,0.9737961913198317,0.0623194288703536,0.0623194288703536,0.0623194288703536,0.0,0.0,0.0,0.0,0.0,0.0,0.0623194288703536,0.0,4.503080743369958,13.682825361260774,586.6911862469419,5.1345446250136435,13.62050593239042,0.0,0.0,0.0,0.0,-916.4027890220539,0.0,7.275957614183426e-12,0.0,0.0
contact_inhibition_hypothesis,recirculating,35.83352197346768,35.83352197346768,19984.139879181937,90000.0,0.0,0.0,0.0,0.0,10.153823015021612,0.0,0.0,46666.66666666668,7.0,0.0101430465908865,0.00263719211363049,0.0,0.3473628078863695,1.0,0.979918285260006,0.9922435526069691,0.9696810118989214,0.07223608027587403,0.07223608027587403,0.07223608027587403,0.0,0.0,0.0,0.0,0.0,0.0,0.07223608027587403,0.0,4.5035713592935585,15.860120818067923,585.867036896175,5.156334855117484,15.78788473779205,0.0,0.0,0.0,0.0,-917.8724382396929,0.0,3.637978807091713e-12,0.0,0.0
contact_inhibition_hypothesis,recirculating,40.69135479561948,40.69135479561948,19981.989774720245,90000.0,0.0,0.0,0.0,0.0,11.629705178667132,0.0,0.0,53333.33333333335,8.0,0.011518106086358558,0.002994707582453225,0.0,0.34700529241754674,1.0,0.9772270956161696,0.9911920365221963,0.9656317860010109,0.0820288883053934,0.0820288883053934,0.0820288883053934,0.0,0.0,0.0,0.0,0.0,0.0,0.0820288883053934,0.0,4.5040559531194155,18.010225279760263,585.0531798743158,5.1779571390318395,17.92819639145487,0.0,0.0,0.0,0.0,-919.3483204033384,0.0,3.637978807091713e-12,0.0,0.0
contact_inhibition_hypothesis,recirculating,45.48949293442355,45.48949293442355,19979.866091465232,90000.0,0.0,0.0,0.0,0.0,13.11177282892452,0.0,0.0,60000.00000000002,9.0,0.012876268388334744,0.0033478297809670337,0.0,0.34665217021903294,1.0,0.9745762315462779,0.9901534418206852,0.9616464769631666,0.09170135901664574,0.09170135901664574,0.09170135901664574,0.0,0.0,0.0,0.0,0.0,0.0,0.09170135901664574,0.0,4.504534694476514,20.133908534773777,584.2493238012313,5.199415918196633,20.04220717575713,0.0,0.0,0.0,0.0,-920.8303880535958,0.0,7.275957614183426e-12,0.0,0.0
contact_inhibition_hypothesis,recirculating,50.22959809486721,50.22959809486721,19977.76809393681,90000.0,0.0,0.0,0.0,0.0,14.599979750431777,0.0,0.0,66666.6666666667,10.0,0.014218003859486055,0.0036966810034663746,0.0,0.3463033189965336,1.0,0.9719644903808935,0.9891274088133342,0.9577231427654089,0.1012568422074809,0.1012568422074809,0.1012568422074809,0.0,0.0,0.0,0.0,0.0,0.0,0.1012568422074809,0.0,4.5050077454505395,22.23190606319558,583.4551902831764,5.220715441377544,22.1306492209881,0.0,0.0,0.0,0.0,-922.3185949751031,0.0,7.275957614183426e-12,0.0,0.0
contact_inhibition_hypothesis,recirculating,54.91325916284156,54.91325916284156,19975.695078885044,90000.0,0.0,0.0,0.0,0.0,16.094280918354364,0.0,0.0,73333.33333333337,11.0,0.015543762250290078,0.00404137818507542,0.0,0.34595862181492454,1.0,0.9693907239239118,0.9881135935733075,0.95385993015834,0.11069854088118904,0.11069854088118904,0.11069854088118904,0.0,0.0,0.0,0.0,0.0,0.002507988025332788,0.10791188751970816,0.0002786653361480875,4.505475261040249,24.304921114966273,582.6705131261532,5.241859776172801,24.194222574085085,0.002507988025332788,0.04179562044217091,0.0,0.0,-923.7711005225835,0.0,1.0913936421275139e-11,0.0,-1.3877787807814457e-17
contact_inhibition_hypothesis,recirculating,59.54199654289006,59.54199654289006,19973.64637337022,90000.0,0.0,0.0,0.0,0.0,17.594632448048745,0.0,0.0,80000.00000000004,12.0,0.016853973926875283,0.004382033220987573,0.0,0.3456179667790124,1.0,0.9668538351455482,0.9871116669970954,0.9500550692450267,0.12002951999088121,0.12002951999088121,0.12002951999088121,0.0,0.0,0.0,0.0,0.0,0.010921887094066197,0.1078940898863632,0.0012135430104517995,4.505937389579107,26.353626629792117,581.8950376091868,5.26285281965109,26.233597109801234,0.010921887094066197,0.18201324842261318,0.0,0.0,-925.1312344242974,0.0,1.0913936421275139e-11,0.0,1.3877787807814457e-17
contact_inhibition_hypothesis,recirculating,64.11726617097838,64.11726617097838,19971.62133298679,90000.0,0.0,0.0,0.0,0.0,19.100991547657234,0.0,0.0,86666.66666666672,13.0,0.018149051006876773,0.004718753261787961,0.0,0.34528124673821203,1.0,0.9643527751261177,0.9861213139359178,0.9463068684752052,0.1292527145287519,0.1292527145287519,0.1292527145287519,0.0,0.0,0.0,0.0,0.0,0.01923859389520731,0.10787649908963266,0.0021376215439119226,4.5063942731253634,28.37866701321986,581.128519812045,5.283698308199491,28.249414298691107,0.01923859389520731,0.3206111672636298,0.0,0.0,-926.4989956050649,0.0,1.0913936421275139e-11,0.0,0.0
contact_inhibition_hypothesis,recirculating,68.64046323147888,68.64046323147888,19969.619340218214,90000.0,0.0,0.0,0.0,0.0,20.613316473418255,0.0,0.0,93333.33333333339,14.0,0.019429388411566932,0.0050516409870074025,0.0,0.3449483590129926,1.0,0.9618865402278883,0.9851422323911547,0.9426137100143799,0.13837093701907363,0.13837093701907363,0.13837093701907363,0.0,0.0,0.0,0.0,0.0,0.027460644566906122,0.10785910972251127,0.003051182729656235,4.50684604782339,30.38065978179519,580.370725992514,5.30439982665192,30.24228884477612,0.027460644566906122,0.4576316417074905,0.0,0.0,-927.874300056382,0.0,1.0913936421275139e-11,0.0,0.0
contact_inhibition_hypothesis,recirculating,73.11292560451773,73.11292560451773,19967.63980291113,90000.0,0.0,0.0,0.0,0.0,22.13156648749523,0.0,0.0,100000.00000000006,15.0,0.020695364841662445,0.005380794858832236,0.0,0.34461920514116773,1.0,0.9594541694746723,0.9841741327681405,0.9389740454542898,0.14738688446763518,0.14738688446763518,0.14738688446763518,0.0,0.0,0.0,0.0,0.0,0.035590471080641464,0.10784191660025579,0.00395449678673794,4.507292844238841,32.36019708887823,579.621432008847,5.324960816761367,32.212810204410594,0.035590471080641464,0.59311520055889,0.0,0.0,-929.2570665116076,0.0,7.275957614183426e-12,0.0,0.0
contact_inhibition_hypothesis,recirculating,77.53593706714871,77.53593706714871,19965.682152858506,90000.0,0.0,0.0,0.0,0.0,23.655701818144383,0.0,0.0,106666.66666666673,16.0,0.021947343683449447,0.005706309357696856,0.0,0.34429369064230314,1.0,0.9570547421209199,0.9832167371832446,0.9353863918347128,0.15630314481492372,0.15630314481492372,0.15630314481492372,0.0,0.0,0.0,0.0,0.0,0.04363040706026427,0.10782491474796342,0.0048478230066960285,4.507734787669882,34.31784714150123,578.8804227834552,5.34538458507265,34.16154399668631,0.04363040706026427,0.727100733659304,0.0,0.0,-930.6472163091564,0.0,7.275957614183426e-12,0.0,0.0
contact_inhibition_hypothesis,recirculating,81.91073026944512,81.91073026944512,19963.745844482404,90000.0,0.0,0.0,0.0,0.0,25.185683622057343,0.0,0.0,113333.33333333339,17.0,0.023185673851196895,0.006028275201311193,0.0,0.34397172479868876,1.0,0.9546873753939363,0.9822697788196729,0.9318493279496235,0.16512220293556903,0.16512220293556903,0.16512220293556903,0.0,0.0,0.0,0.0,0.0,0.05158269319189122,0.10780809938902323,0.005731410354654578,4.50817199843657,36.25415551760387,578.1474918043084,5.365674310246757,36.0890333146683,0.05158269319189122,0.8596255820428671,0.0,0.0,-932.0446732646858,0.0,7.275957614183426e-12,0.0,0.0
contact_inhibition_hypothesis,recirculating,86.23848950450248,86.23848950450248,19961.830353607955,90000.0,0.0,0.0,0.0,0.0,26.7214739487281,0.0,0.0,120000.00000000006,18.0,0.024410690571234312,0.006346779548520922,0.0,0.34365322045147906,1.0,0.9523512223944838,0.9813330013278796,0.9283614909134436,0.17384644622233644,0.17384644622233644,0.17384644622233644,0.0,0.0,0.0,0.0,0.0,0.05944948225917121,0.10779146593436845,0.0066054980287968,4.5086045921501965,38.169646392052144,577.4224406608631,5.385833049882698,37.99579994582981,0.05944948225917121,0.9907256218490882,0.0,0.0,-933.4493635515503,0.0,7.275957614183426e-12,0.0,-2.7755575615628914e-17
contact_inhibition_hypothesis,recirculating,90.5203532894819,90.5203532894819,19959.935176320985,90000.0,0.0,0.0,0.0,0.0,28.26303570670651,0.0,0.0,126666.66666666673,19.0,0.025622716112542635,0.0066619061892610855,0.0,0.3433380938107389,1.0,0.950045470142483,0.9804061582668792,0.9249215729654955,0.18247816978920076,0.18247816978920076,0.18247816978920076,0.0,0.0,0.0,0.0,0.0,0.06723284383506545,0.10777500997246137,0.007470315981673937,4.509032679964284,40.06482367902289,576.7050786116466,5.40586374687849,39.882345509233694,0.06723284383506545,1.1204353425113656,0.0,0.0,-934.8612155888665,0.0,7.275957614183426e-12,0.0,0.0
contact_inhibition_hypothesis,recirculating,94.75741677316911,94.75741677316911,19958.059827902405,90000.0,0.0,0.0,0.0,0.0,29.81033263161185,0.0,0.0,133333.3333333334,20.0,0.02682206046823853,0.006973735721742018,0.0,0.34302626427825794,1.0,0.947769337755824,0.9794890125831116,0.9215283184929433,0.19101958132469612,0.19101958132469612,0.19101958132469612,0.0,0.0,0.0,0.0,0.0,0.07493476865826981,0.1077587272599519,0.008326085406474422,4.5094563688087215,41.94017209760313,575.995222180907,5.425769235368635,41.749152516278436,0.07493476865826981,1.2487879196900664,0.0,0.0,-936.280159936593,0.0,7.275957614183426e-12,0.0,0.0
contact_inhibition_hypothesis,recirculating,98.95073398405069,98.95073398405069,19956.203841833205,90000.0,0.0,0.0,0.0,0.0,31.363329255790095,0.0,0.0,140000.00000000006,21.0,0.02800902199191546,0.0072823457178980205,0.0,0.34271765428210194,1.0,0.9455220747514427,0.9785813361238292,0.9181805212543575,0.19947280562376807,0.19947280562376807,0.19947280562376807,0.0,0.0,0.0,0.0,0.0,0.08255717271973137,0.10774261371295545,0.009173019191081261,4.5098757616083995,43.79615816680138,575.292694781982,5.44555224627215,43.59668536117761,0.08255717271973137,1.3758152833743231,0.0,0.0,-937.7061291970871,0.0,7.275957614183426e-12,0.0,0.0
contact_inhibition_hypothesis,recirculating,103.10131993159524,103.10131993159524,19954.36676886442,90000.0,0.0,0.0,0.0,0.0,32.92199087950779,0.0,0.0,146666.66666666672,22.0,0.02918388799243294,0.007587810878032565,0.0,0.3424121891219674,1.0,0.9433029594588451,0.9776829091822572,0.9148770217877603,0.2078398888237042,0.2078398888237042,0.2078398888237042,0.0,0.0,0.0,0.0,0.0,0.09010190108232409,0.10772666539889966,0.010011322342480452,4.510290957487587,45.63323113558668,574.5973263652601,5.465215412481893,45.42539124676298,0.09010190108232409,1.501548181536931,0.0,0.0,-939.1390579226422,0.0,7.275957614183426e-12,0.0,-2.7755575615628914e-17
contact_inhibition_hypothesis,recirculating,107.21015257225334,107.21015257225334,19952.548176146956,90000.0,0.0,0.0,0.0,0.0,34.48628354358406,0.0,0.0,153333.33333333337,23.0,0.03034693529041299,0.007890203175507378,0.0,0.3421097968244926,1.0,0.9411112975371757,0.9767935200720371,0.9116167049885004,0.21612280236735404,0.21612280236735404,0.21612280236735404,0.0,0.0,0.0,0.0,0.0,0.09757073145461113,0.10771087852889723,0.010841192383845679,4.510702051961161,47.45182385305135,573.9089530888075,5.484761273723119,47.235701050684,0.09757073145461113,1.6260162396910944,0.0,0.0,-940.5788825285642,0.0,7.275957614183426e-12,0.0,0.0
contact_inhibition_hypothesis,recirculating,111.27817465063922,111.27817465063922,19950.74764641668,90000.0,0.0,0.0,0.0,0.0,36.056174003369485,0.0,0.0,160000.00000000003,24.0,0.03149843073940555,0.008189591992245443,0.0,0.34181040800775453,1.0,0.938946420587745,0.9759129647286898,0.9083984978436601,0.22432344671473056,0.22432344671473056,0.22432344671473056,0.0,0.0,0.0,0.0,0.0,0.1049653775377155,0.10769524945060224,0.011662819726412829,4.511109137113704,49.25235358332849,573.227417009905,5.504192281106705,49.028030136613765,0.1049653775377155,1.7492480166660287,0.0,0.0,-942.0255412113747,0.0,7.275957614183426e-12,0.0,0.0
contact_inhibition_hypothesis,recirculating,115.30629542541644,115.30629542541644,19948.96477723053,90000.0,0.0,0.0,0.0,0.0,37.63162970398798,0.0,0.0,166666.6666666667,25.0,0.032638631714418144,0.008486044245748718,0.0,0.34151395575425125,1.0,0.9368076848546627,0.9750410463360332,0.9052213673109061,0.23244365482218846,0.23244365482218846,0.23244365482218846,0.0,0.0,0.0,0.0,0.0,0.11228749216260639,0.1076797746415147,0.012476388018067374,4.511512301767396,51.035222769478814,572.5525657959028,5.523510801400147,50.80277911465662,0.11228749216260639,1.8712710568898354,0.0,0.0,-943.4789738717694,0.0,7.275957614183426e-12,0.0,-2.7755575615628914e-17
contact_inhibition_hypothesis,recirculating,119.29539228856356,119.29539228856356,19947.19918024982,90000.0,0.0,0.0,0.0,0.0,39.2126187567638,0.0,0.0,173333.33333333334,26.0,0.03376778657026568,0.008779624508269078,0.0,0.3412203754917309,1.0,0.9346944700068813,0.9741775749756791,0.9020843183307722,0.2404851954066695,0.2404851954066695,0.2404851954066695,0.0,0.0,0.0,0.0,0.0,0.11953867023357426,0.1076644507026981,0.013282074470397138,4.511911631639547,52.80081975018684,571.8842524529355,5.542719121037445,52.56033455478017,0.11953867023357426,1.9921119394425149,0.0,0.0,-944.9391220419926,0.0,7.275957614183426e-12,0.0,-2.7755575615628914e-17
contact_inhibition_hypothesis,recirculating,123.24631228593707,123.24631228593707,19945.450480567237,90000.0,0.0,0.0,0.0,0.0,40.79910991676178,0.0,0.0,180000.0,27.0,0.0348861350719814,0.009070395118715165,0.0,0.3409296048812848,1.0,0.9326061779955462,0.9733223672978966,0.8989863919623429,0.2484497760109748,0.2484497760109748,0.2484497760109748,0.0,0.0,0.0,0.0,0.0,0.12672045149228456,0.10764927435288082,0.014080050165809392,4.512307209490535,54.54951943277069,571.2223350711754,5.561819449887115,54.301069656759715,0.12672045149228456,2.111796324118922,0.0,0.0,-946.4059288173141,0.0,7.275957614183426e-12,0.0,0.0
contact_inhibition_hypothesis,recirculating,127.15987354636343,127.15987354636343,19943.7183160743,90000.0,0.0,0.0,0.0,0.0,42.39107256137403,0.0,0.0,186666.66666666666,28.0,0.03599390879933605,0.009358416287827373,0.0,0.3406415837121726,1.0,0.9305422319810772,0.9724752462122724,0.8959266636331765,0.25633904588464307,0.25633904588464307,0.25633904588464307,0.0,0.0,0.0,0.0,0.0,0.13383432311555815,0.10763424242291182,0.014870480346173123,4.51269911526285,56.2816839257064,570.5666765854099,5.58081392479594,56.02534487982176,0.13383432311555815,2.2303489947207766,0.0,0.0,-947.8793387913246,0.0,7.275957614183426e-12,0.0,0.0
contact_inhibition_hypothesis,recirculating,131.03686662587623,131.03686662587623,19942.00233686641,90000.0,0.0,0.0,0.0,0.0,43.988476669891284,0.0,0.0,193333.3333333333,29.0,0.03709133152733805,0.009643746197107894,0.0,0.3403562538028921,1.0,0.9285020753248887,0.9716360405967415,0.8929042414951035,0.26415459869377134,0.26415459869377134,0.26415459869377134,0.0,0.0,0.0,0.0,0.0,0.14088172215890277,0.10761935185054607,0.015653524684322524,4.513087426211894,57.9976631335949,569.9171445498337,5.599704612924519,57.73350853490113,0.14088172215890277,2.3477938997781145,0.0,0.0,-949.3592979947845,0.0,7.275957614183426e-12,0.0,0.0
contact_inhibition_hypothesis,recirculating,134.8780557731565,134.8780557731565,19940.302204682754,90000.0,0.0,0.0,0.0,0.0,45.59129280400137,0.0,0.0,199999.99999999997,30.0,0.03817861958442939,0.009926441091951642,0.0,0.34007355890804836,1.0,0.9264851706410848,0.9708045850236717,0.8899182648782289,0.2718979750719907,0.2718979750719907,0.2718979750719907,0.0,0.0,0.0,0.0,0.0,0.14786403785680968,0.10760459967553548,0.016429337539645514,4.513472217029114,59.69779531725312,569.2736109260442,5.618493514889449,59.42589734218112,0.14786403785680968,2.4641541908837334,0.0,0.0,-950.845753837789,0.0,7.275957614183426e-12,0.0,0.0
contact_inhibition_hypothesis,recirculating,138.68418012173115,138.68418012173115,19938.617592378618,90000.0,0.0,0.0,0.0,0.0,47.19949208916138,0.0,0.0,206666.66666666663,31.0,0.039255982189949586,0.010206555369386893,0.0,0.33979344463061306,1.0,0.9244909989038599,0.9699807195018032,0.8869679028361372,0.27957066502379535,0.27957066502379535,0.27957066502379535,0.0,0.0,0.0,0.0,0.0,0.154782613789912,0.10758998303500424,0.017198068198879108,4.5138535599580285,61.3824076213878,568.6359518833058,5.637182567725593,61.102836956364,0.154782613789912,2.5794522588088835,0.0,0.0,-952.3386550550238,0.0,7.275957614183426e-12,0.0,0.0
contact_inhibition_hypothesis,recirculating,142.45595481402813,142.45595481402813,19936.9481834279,90000.0,0.0,0.0,0.0,0.0,48.813046196793955,0.0,0.0,213333.33333333328,32.0,0.040323621772311094,0.010484141660800885,0.0,0.3395158583391991,1.0,0.9225190586066833,0.9691642892329386,0.8840523527758601,0.287174110190503,0.287174110190503,0.287174110190503,0.0,0.0,0.0,0.0,0.0,0.16163874992827293,0.10757549915908865,0.017959861103141433,4.514231524903611,63.0518165721087,568.0040476102317,5.65577364768089,62.76464246191819,0.16163874992827293,2.6937097675546684,0.0,0.0,-953.8379516539105,0.0,7.275957614183426e-12,0.0,0.0
contact_inhibition_hypothesis,recirculating,146.19407206197337,146.19407206197337,19935.29367145365,90000.0,0.0,0.0,0.0,0.0,50.43192732726116,0.0,0.0,219999.99999999994,33.0,0.041381734269212156,0.01075925090999516,0.0,0.3392407490900048,1.0,0.9205688649696733,0.9683551443823671,0.881170839166689,0.2947097059882909,0.2947097059882909,0.2947097059882909,0.0,0.0,0.0,0.0,0.0,0.16843370455932127,0.10756114536682275,0.018714856062146804,4.51460617953552,64.70632854635485,567.3777821370973,5.6742685728552145,64.41161884036656,0.16843370455932127,2.806947686481089,0.0,0.0,-955.3435948654513,0.0,7.275957614183426e-12,0.0,5.551115123125783e-17
contact_inhibition_hypothesis,recirculating,149.89920214843949,149.89920214843949,19933.653759784862,90000.0,0.0,0.0,0.0,0.0,52.05610819357306,0.0,0.0,226666.6666666666,34.0,0.04243050941110715,0.01103193244688786,0.0,0.3389680675531121,1.0,0.9186399491918501,0.9675531398620945,0.8783226123224304,0.3021788036269962,0.3021788036269962,0.3021788036269962,0.0,0.0,0.0,0.0,0.0,0.17516869610826805,0.10754691906225392,0.019463188456474222,4.514977589385567,66.34624021514146,566.757043168061,5.6926691056936045,66.04406141151446,0.17516869610826805,2.919186320644287,0.0,0.0,-956.8555370976001,0.0,3.637978807091713e-12,0.0,0.0
contact_inhibition_hypothesis,recirculating,153.5719943735155,153.5719943735155,19932.02816103762,90000.0,0.0,0.0,0.0,0.0,53.685562005790544,0.0,0.0,233333.33333333326,35.0,0.04347013098905797,0.011302234057155072,0.0,0.3386977659428449,1.0,0.9167318577452257,0.9667581351260145,0.8755069472520756,0.3095827120176824,0.3095827120176824,0.3095827120176824,0.0,0.0,0.0,0.0,0.0,0.18184490485821878,0.10753281773077267,0.02020498942869097,4.515345817939823,67.97183896238427,566.141721922633,5.710976955343796,67.66225625036658,0.18184490485821878,3.030445339462216,0.0,0.0,-958.3737318909996,0.0,3.637978807091713e-12,0.0,0.0
contact_inhibition_hypothesis,recirculating,157.21307794925553,157.21307794925553,19930.416596719082,90000.0,0.0,0.0,0.0,0.0,55.32026245608489,0.0,0.0,239999.9999999999,36.0,0.04450077710800179,0.011570202048080467,0.0,0.3384297979519195,1.0,0.9148441517079257,0.965969993976234,0.8727231425743106,0.3169226995763452,0.3169226995763452,0.3169226995763452,0.0,0.0,0.0,0.0,0.0,0.18846347457663315,0.10751883893564172,0.020940386064070345,4.5157109267257205,69.58340328092035,565.5317129857715,5.729193779886798,69.26648058134401,0.18846347457663315,3.1407438038195914,0.0,0.0,-959.8981338769365,0.0,3.637978807091713e-12,0.0,0.0
contact_inhibition_hypothesis,recirculating,160.82306284628274,160.82306284628274,19928.818796852785,90000.0,0.0,0.0,0.0,0.0,56.96018370441892,0.0,0.0,246666.66666666657,37.0,0.045522620426391075,0.01183588131086168,0.0,0.3381641186891383,1.0,0.912976406133758,0.9651885843798187,0.8699705194916126,0.3241999959305644,0.3241999959305644,0.3241999959305644,0.0,0.0,0.0,0.0,0.0,0.1950255140542667,0.10750498031471253,0.021669501561585185,4.51607297539446,71.18120314722,564.9269141660479,5.7473211884488515,70.85700315128943,0.1950255140542667,3.250100191714355,0.0,0.0,-961.4286987373758,0.0,7.275957614183426e-12,0.0,-5.551115123125783e-17
contact_inhibition_hypothesis,recirculating,164.40254059536636,164.40254059536636,19927.234499623835,90000.0,0.0,0.0,0.0,0.0,58.60530036481684,0.0,0.0,253333.33333333323,38.0,0.046535828383088146,0.012099315379602918,0.0,0.3379006846203971,1.0,0.9111282094558416,0.9644137782952856,0.8672484208200189,0.33141579353538714,0.33141579353538714,0.33141579353538714,0.0,0.0,0.0,0.0,0.0,0.2015320985622638,0.10749123957731621,0.022392455395807084,4.516432021799057,72.76550037616911,564.3272263613553,5.765360743202387,72.43408458263373,0.2015320985622638,3.3585324225401263,0.0,0.0,-962.965383166948,0.0,3.637978807091713e-12,0.0,0.0
contact_inhibition_hypothesis,recirculating,167.9520850468546,167.9520850468546,19925.66345104281,90000.0,0.0,0.0,0.0,0.0,60.255587492192085,0.0,0.0,259999.99999999988,39.0,0.047540563412330476,0.012360546487205925,0.0,0.33763945351279406,1.0,0.9092991629220915,0.9636454515082179,0.8645562100709553,0.3385712492042532,0.3385712492042532,0.3385712492042532,0.0,0.0,0.0,0.0,0.0,0.20798427123264174,0.10747761450131796,0.02310936347029352,4.516788122068269,74.33654895719862,563.7325534316752,5.78331396126302,73.99797770799437,0.20798427123264174,3.4660578800919746,0.0,0.0,-964.5081448367714,0.0,7.275957614183426e-12,0.0,-5.551115123125783e-17
contact_inhibition_hypothesis,recirculating,171.47225309063063,171.47225309063063,19924.105404627062,90000.0,0.0,0.0,0.0,0.0,61.91102056970425,0.0,0.0,266666.66666666657,40.0,0.04853698314752166,0.012619615618355631,0.0,0.33738038438164436,1.0,0.9074888800605188,0.9628834834754246,0.8618932705817859,0.34566748556034044,0.34566748556034044,0.34566748556034044,0.0,0.0,0.0,0.0,0.0,0.21438304436701394,0.10746410293032498,0.02382033826300154,4.517141330676704,75.89459537294107,563.1428020784612,5.801182316489087,75.54892788738073,0.21438304436701394,3.572693434376287,0.0,0.0,-966.0569423599993,0.0,3.637978807091713e-12,0.0,-5.551115123125783e-17
contact_inhibition_hypothesis,recirculating,174.96358533906277,174.96358533906277,19922.560121098497,90000.0,0.0,0.0,0.0,0.0,63.57157549661811,0.0,0.0,273333.33333333326,41.0,0.04952524061454744,0.012876562559782334,0.0,0.33712343744021767,1.0,0.9056969861724611,0.9621277571771109,0.8592590046919777,0.35270559241330984,0.35270559241330984,0.35270559241330984,0.0,0.0,0.0,0.0,0.0,0.22072940067804503,0.1074507027710376,0.024525488964227217,4.517491700511307,77.43987890150828,562.5578817302201,5.818967241189834,77.08717330909496,0.22072940067804503,3.6784554622996204,0.0,0.0,-967.6117352589897,0.0,3.637978807091713e-12,0.0,-5.551115123125783e-17
contact_inhibition_hypothesis,recirculating,178.4266067752386,178.4266067752386,19921.027368096602,90000.0,0.0,0.0,0.0,0.0,65.23722857663944,0.0,0.0,279999.99999999994,42.0,0.05050548441526506,0.013131425947968917,0.0,0.3368685740520311,1.0,0.9039231178519941,0.9613781589765621,0.8566528329620278,0.359686628066068,0.359686628066068,0.359686628066068,0.0,0.0,0.0,0.0,0.0,0.22702429446779968,0.107437411990735,0.025224921607533292,4.517839282934495,78.97263190340341,561.9777044339104,5.836670127747808,78.61294527533734,0.22702429446779968,3.7833598673058813,0.0,0.0,-969.1724839340048,0.0,3.637978807091713e-12,0.0,0.0
contact_inhibition_hypothesis,recirculating,181.86182736860832,181.86182736860832,19919.506919905998,90000.0,0.0,0.0,0.0,0.0,66.90795650670371,0.0,0.0,286666.6666666666,43.0,0.05147785890176742,0.01338424331445953,0.0,0.33661575668554045,1.0,0.9021669225299019,0.9606345784868837,0.8540741934324926,0.36661162055583013,0.36661162055583013,0.36661162055583013,0.0,0.0,0.0,0.0,0.0,0.233268652746848,0.1074242286148879,0.025918739194094216,4.5181841278441,80.49308009400828,561.4021847518002,5.854292330160668,80.12646847345245,0.233268652746848,3.8874220980262217,0.0,0.0,-970.7391496333488,0.0,7.275957614183426e-12,0.0,0.0
contact_inhibition_hypothesis,recirculating,185.26974266001102,185.26974266001102,19917.998557197487,90000.0,0.0,0.0,0.0,0.0,68.58373636619547,0.0,0.0,293333.3333333333,44.0,0.05244250434198081,0.013635051128915011,0.0,0.336364948871085,1.0,0.9004280580407045,0.9598969084443676,0.8515225409206518,0.373481568833463,0.373481568833463,0.373481568833463,0.0,0.0,0.0,0.0,0.0,0.23946337629771602,0.10741115072488965,0.026607041810857327,4.518526283730348,82.00144280251926,560.831239663455,5.871835165507286,81.6279612336858,0.23946337629771602,3.990657166001437,0.0,0.0,-972.3116944248653,0.0,7.275957614183426e-12,0.0,0.0
contact_inhibition_hypothesis,recirculating,188.6508343179169,188.6508343179169,19916.502066781864,90000.0,0.0,0.0,0.0,0.0,70.26454560657703,0.0,0.0,300000.0,45.0,0.05339955707711497,0.013883884840049892,0.0,0.3361161151599501,1.0,0.8987061922113414,0.9591650445880886,0.8489973463525228,0.38029744388480224,0.38029744388480224,0.38029744388480224,0.0,0.0,0.0,0.0,0.0,0.24560934068601287,0.10739817645589911,0.027289926742890314,4.518865797730029,83.49793321814333,560.2647884725477,5.889299915342595,83.11763577425853,0.24560934068601287,4.093079662532404,0.0,0.0,-973.8900811687159,0.0,7.275957614183426e-12,0.0,-5.551115123125783e-17
contact_inhibition_hypothesis,recirculating,192.0055706675922,192.0055706675922,19915.0172413757,90000.0,0.0,0.0,0.0,0.0,71.95036204140719,0.0,0.0,306666.6666666667,46.0,0.05434914967144862,0.014130778914576642,0.0,0.33586922108542333,1.0,0.8970010024702182,0.9584388855453628,0.8464980961280939,0.3870601897973857,0.3870601897973857,0.3870601897973857,0.0,0.0,0.0,0.0,0.0,0.25170739722233776,0.10738530399478823,0.02796748858025974,4.519202715678038,84.98275862430938,559.7027527182049,5.906687827025412,84.595698434512,0.25170739722233776,4.194703774710258,0.0,0.0,-975.4742734913682,0.0,7.275957614183426e-12,0.0,-5.551115123125783e-17
contact_inhibition_hypothesis,recirculating,195.33440719477417,195.33440719477417,19913.543879378412,90000.0,0.0,0.0,0.0,0.0,73.64116383673078,0.0,0.0,313333.3333333334,47.0,0.0552914110548999,0.014375766874273976,0.0,0.335624233125726,1.0,0.8953121754754011,0.9577183327227236,0.8440242915178069,0.39377072477580133,0.39377072477580133,0.39377072477580133,0.0,0.0,0.0,0.0,0.0,0.2577583738778506,0.10737253157818956,0.028639819319761173,4.5195370821564325,86.45612062159772,559.1450560906235,5.924000114983079,86.06234989682191,0.2577583738778506,4.29554330067438,0.0,0.0,-977.0642357607277,0.0,1.0913936421275139e-11,0.0,0.0
contact_inhibition_hypothesis,recirculating,198.63778702533506,198.63778702533506,19912.081784659968,90000.0,0.0,0.0,0.0,0.0,75.33692950182198,0.0,0.0,320000.00000000006,48.0,0.056226466658800156,0.01461888133128804,0.0,0.33538111866871195,1.0,0.8936394067608416,0.9570032902020941,0.8415754480884368,0.4004299421086324,0.4004299421086324,0.4004299421086324,0.0,0.0,0.0,0.0,0.0,0.2637630761561976,0.10735985749063509,0.029307008461799726,4.519868940541161,87.91821534004201,558.5916243507105,5.941237961916608,87.51778539793338,0.2637630761561976,4.395611664143033,0.0,0.0,-978.6599330623503,0.0,1.0913936421275139e-11,0.0,0.0
contact_inhibition_hypothesis,recirculating,201.91614138231503,201.91614138231503,19910.630766358594,90000.0,0.0,0.0,0.0,0.0,77.03763788026454,0.0,0.0,326666.66666666674,49.0,0.0571544385452618,0.014860154021768069,0.0,0.33513984597823193,1.0,0.8919824003995775,0.9562936646418587,0.8391510951566606,0.4070387110897812,0.4070387110897812,0.4070387110897812,0.0,0.0,0.0,0.0,0.0,0.2697222879242964,0.10734728006278518,0.029969143102699596,4.520198333046577,89.3692336414147,558.0423852535138,5.958402519949703,88.96219493032491,0.2697222879242964,4.4949219282584,0.0,0.0,-980.2613311766775,0.0,7.275957614183426e-12,0.0,0.0
contact_inhibition_hypothesis,recirculating,205.16989002160972,205.16989002160972,19909.190638687945,90000.0,0.0,0.0,0.0,0.0,78.74326814135325,0.0,0.0,333333.33333333343,50.0,0.058075445530504165,0.015099615837931084,0.0,0.3349003841620689,1.0,0.8903408686829377,0.9555893651825557,0.8367507752687188,0.41359787789676256,0.41359787789676256,0.41359787789676256,0.0,0.0,0.0,0.0,0.0,0.2756367722043219,0.10733479766973819,0.030626308022702428,4.520525300767885,90.80936131206475,557.4972684752296,5.9754949117247875,90.39576343416799,0.2756367722043219,4.593486808785024,0.0,0.0,-981.8683965572395,0.0,1.0913936421275139e-11,0.0,0.0
contact_inhibition_hypothesis,recirculating,208.39944164751412,208.39944164751412,19907.76122075317,90000.0,0.0,0.0,0.0,0.0,80.45379977180238,0.0,0.0,340000.0000000001,51.0,0.05898960330247747,0.015337296858644142,0.0,0.3346627031413558,1.0,0.8887145318148364,0.9548903033569289,0.8343740437046687,0.4201082664283907,0.4201082664283907,0.4201082664283907,0.0,0.0,0.0,0.0,0.0,0.2815072719290742,0.10732240872941944,0.03127858576989712,4.520849883721633,92.23877924683984,556.9562055435836,5.992516231449042,91.81867098041145,0.2815072719290742,4.691318686698022,0.0,0.0,-983.4810963097757,0.0,1.0913936421275139e-11,0.0,-5.551115123125783e-17
contact_inhibition_hypothesis,recirculating,211.60519430924515,211.60519430924515,19906.34233637542,90000.0,0.0,0.0,0.0,0.0,82.16921256774648,0.0,0.0,346666.6666666668,52.0,0.05989702453310259,0.015573226378606675,0.0,0.3344267736213933,1.0,0.8871031176203067,0.954196393004098,0.8320204680058473,0.42657067910412105,0.42657067910412105,0.42657067910412105,0.0,0.0,0.0,0.0,0.0,0.28733451066276955,0.10731011170104378,0.03192605674030772,4.521172120884331,93.65766362458933,556.4191297714005,6.009467545893187,93.23109294548522,0.28733451066276955,4.788429620195054,0.0,0.0,-985.0993981722227,0.0,7.275957614183426e-12,0.0,0.0
contact_inhibition_hypothesis,recirculating,214.7875357794921,214.7875357794921,19904.933813924294,90000.0,0.0,0.0,0.0,0.0,83.88948662702097,0.0,0.0,353333.3333333335,53.0,0.06079781898542366,0.015807432936210154,0.0,0.3341925670637898,1.0,0.8855063612674785,0.9535075501876171,0.829689627524236,0.4329858976271625,0.4329858976271625,0.4329858976271625,0.0,0.0,0.0,0.0,0.0,0.29311919328916325,0.10729790508364775,0.032568799254351466,4.521492050229346,95.06618607571306,555.8859761931828,6.0263498953455885,94.6332001780859,0.29311919328916325,4.884831356163906,0.0,0.0,-986.7232704955284,0.0,7.275957614183426e-12,0.0,0.0
contact_inhibition_hypothesis,recirculating,217.9468439159768,217.9468439159768,19903.53548615782,90000.0,0.0,0.0,0.0,0.0,85.61460234170978,0.0,0.0,360000.0000000002,54.0,0.061692093615951425,0.016039944340147372,0.0,0.3339600556598526,1.0,0.8839240050022558,0.9528236931172136,0.8273811129925136,0.4393546837133393,0.4393546837133393,0.4393546837133393,0.0,0.0,0.0,0.0,0.0,0.29886200666878676,0.10728578741468738,0.033206889629865184,4.521809708762129,96.46451384218976,555.3566815045368,6.043164294524138,96.02515915847643,0.29886200666878676,4.980535341135331,0.0,0.0,-988.3526822252458,0.0,1.0913936421275139e-11,0.0,0.0
contact_inhibition_hypothesis,recirculating,221.08348700694285,221.08348700694285,19902.147190069518,90000.0,0.0,0.0,0.0,0.0,87.34454039094834,0.0,0.0,366666.66666666686,55.0,0.06257995267245745,0.016270787694838935,0.0,0.33372921230516106,1.0,0.882355797894999,0.9521447420740031,0.8250945261136637,0.4456777797875559,0.4456777797875559,0.4456777797875559,0.0,0.0,0.0,0.0,0.0,0.3045636202669712,0.10727375726869902,0.03384040225188568,4.5221251325538825,97.8528099304926,554.8311840042917,6.059911733448112,97.40713215070504,0.3045636202669712,5.075552731749075,0.0,0.0,-989.9876028838705,0.0,1.0913936421275139e-11,0.0,0.0
contact_inhibition_hypothesis,recirculating,224.19782410143446,224.19782410143446,19900.768766742236,90000.0,0.0,0.0,0.0,0.0,89.07928173397072,0.0,0.0,373333.33333333355,56.0,0.063461497787463,0.01649998942474038,0.0,0.3335000105752596,1.0,0.8808014955985607,0.9514706193389988,0.8228294791690632,0.4519559096495997,0.4519559096495997,0.4519559096495997,0.0,0.0,0.0,0.0,0.0,0.31022468675422327,0.10726181325601829,0.03446940963935813,4.522438356773744,99.23123325777259,554.3094235391661,6.076593178272204,98.77927734812299,0.31022468675422327,5.16989440475913,0.0,0.0,-991.6280025538829,0.0,7.275957614183426e-12,0.0,0.0
contact_inhibition_hypothesis,recirculating,227.29020532517296,227.29020532517296,19899.40006120834,90000.0,0.0,0.0,0.0,0.0,90.81880760339062,0.0,0.0,380000.00000000023,57.0,0.0643368280676511,0.016727575297589288,0.0,0.3332724247024107,1.0,0.8792608601170635,0.9508012491247374,0.8205855946440664,0.45818977911090963,0.45818977911090963,0.45818977911090963,0.0,0.0,0.0,0.0,0.0,0.31584584258041837,0.10724995402155592,0.03509398250893536,4.52274941571957,100.59993879166714,553.7913414508471,6.09320957208465,100.14174901255623,0.31584584258041837,5.263570966602672,0.0,0.0,-993.2738518614592,0.0,7.275957614183426e-12,0.0,0.0
contact_inhibition_hypothesis,recirculating,230.36097218278724,230.36097218278724,19898.040922315937,90000.0,0.0,0.0,0.0,0.0,92.5630994987057,0.0,0.0,386666.6666666669,58.0,0.065206040179416,0.01695357044664816,0.0,0.33304642955335184,1.0,0.8777336595848492,0.9501365575098584,0.8183625048701371,0.4643800766038371,0.4643800766038371,0.4643800766038371,0.0,0.0,0.0,0.0,0.0,0.32142770852419056,0.1072381782436254,0.03571418983602116,4.5230583428473965,101.95907768406913,553.2768805253565,6.109761835671383,101.4946976074653,0.32142770852419056,5.3565927625556355,0.0,0.0,-994.9251219608213,0.0,7.275957614183426e-12,0.0,0.0
contact_inhibition_hypothesis,recirculating,233.41045784710977,233.41045784710977,19896.691202600836,90000.0,0.0,0.0,0.0,0.0,94.3121391800164,0.0,0.0,393333.3333333336,59.0,0.06606922843075134,0.01717799939199535,0.0,0.33282200060800465,1.0,0.8762196680550618,0.9494764723764844,0.8161598516826616,0.4705274737648316,0.4705274737648316,0.4705274737648316,0.0,0.0,0.0,0.0,0.0,0.3269708902188088,0.10722648463282182,0.03633009891320097,4.523365170799629,103.30879739917089,552.7659849445845,6.126250868247921,102.83826992540605,0.3269708902188088,5.448969885496449,0.0,0.0,-996.5817845191913,0.0,7.275957614183426e-12,0.0,0.0
contact_inhibition_hypothesis,recirculating,236.43898743620494,236.43898743620494,19895.350758163924,90000.0,0.0,0.0,0.0,0.0,96.06590866194966,0.0,0.0,400000.0000000003,60.0,0.06692648484966589,0.017400886060913133,0.0,0.33259911393908687,1.0,0.8747186652973618,0.9488209233502556,0.813977286093617,0.4766326259928968,0.4766326259928968,0.4766326259928968,0.0,0.0,0.0,0.0,0.0,0.33247597865575435,0.1072148719309475,0.03694177540619492,4.5236699314320505,104.64924183607855,552.2586002398754,6.142677548160651,104.17260921008565,0.33247597865575435,5.540712184298146,0.0,0.0,-998.2438117023228,0.0,3.637978807091713e-12,0.0,0.0
contact_inhibition_hypothesis,recirculating,239.44687827875725,239.44687827875725,19894.01944855373,90000.0,0.0,0.0,0.0,0.0,97.8243902077795,0.0,0.0,406666.666666667,61.0,0.06777789925930441,0.01762225380741915,0.0,0.3323777461925808,1.0,0.8732304366042969,0.9481698417428848,0.8118144679783202,0.4826961729845811,0.4826961729845811,0.4826961729845811,0.0,0.0,0.0,0.0,0.0,0.33794355066713805,0.10720333890998333,0.03754928340745978,4.523972655839687,105.98055144627435,551.7546732475683,6.159042733559075,105.49785527328977,0.33794355066713805,5.631829271867855,0.0,0.0,-999.911176160583,0.0,3.637978807091713e-12,0.0,-5.551115123125783e-17
contact_inhibition_hypothesis,recirculating,242.43444016840937,242.43444016840937,19892.697136653816,90000.0,0.0,0.0,0.0,0.0,99.58756632373593,0.0,0.0,413333.33333333366,62.0,0.06862355934994065,0.017842125430984568,0.0,0.3321578745690154,1.0,0.8717547726058865,0.9475231604971042,0.8096710657755397,0.488718739246693,0.488718739246693,0.488718739246693,0.0,0.0,0.0,0.0,0.0,0.34337416938803134,0.10719188437110268,0.03815268548755903,4.524273374381602,107.30286334618812,551.2541520663855,6.175347263040421,106.81414460694143,0.34337416938803134,5.722330532851542,0.0,0.0,-1001.5838510155556,0.0,3.637978807091713e-12,0.0,0.0
contact_inhibition_hypothesis,recirculating,245.40197560760436,245.40197560760436,19891.38368857488,90000.0,0.0,0.0,0.0,0.0,101.35541975349479,0.0,0.0,420000.00000000035,63.0,0.06946355074799938,0.01806052319447984,0.0,0.33193947680552016,1.0,0.8702914690920017,0.9468808141338829,0.8075467562002681,0.4947009345878574,0.4947009345878574,0.4947009345878574,0.0,0.0,0.0,0.0,0.0,0.3487683846997184,0.10718050714372594,0.03875204274441314,4.524572116704671,108.61631142512324,550.75698601658,6.191591956268129,108.12161049053539,0.3487683846997184,5.812225131020806,0.0,0.0,-1003.2618098471453,0.0,3.637978807091713e-12,0.0,-5.551115123125783e-17
contact_inhibition_hypothesis,recirculating,248.3497800414551,248.3497800414551,19890.078973551237,90000.0,0.0,0.0,0.0,0.0,103.12793347284104,0.0,0.0,426666.66666666704,64.0,0.07029795708225557,0.018277468841386448,0.0,0.33172253115861355,1.0,0.8688403268421461,0.9462427387018046,0.8054412239685463,0.5006433545899684,0.5006433545899684,0.5006433545899684,0.0,0.0,0.0,0.0,0.0,0.3541267336548189,0.10716920608461408,0.039347414850535424,4.524868911766373,109.92102644876859,550.2631256007547,6.207777614565278,109.42038309417862,0.3541267336548189,5.901522016357556,0.0,0.0,-1004.9450266811548,0.0,7.275957614183426e-12,0.0,1.1102230246251565e-16
contact_inhibition_hypothesis,recirculating,251.27814208213235,251.27814208213235,19888.78286384149,90000.0,0.0,0.0,0.0,0.0,104.90509068449867,0.0,0.0,433333.3333333337,65.0,0.0711268600473497,0.018492983612310922,0.0,0.33150701638768904,1.0,0.8674011514622697,0.9456088717284972,0.8033541615337021,0.506546581060529,0.506546581060529,0.506546581060529,0.0,0.0,0.0,0.0,0.0,0.3594497408851772,0.10715798007699866,0.03993886009835301,4.52516378785668,111.21713615851395,549.7725224662698,6.223905021484402,110.71058957745342,0.3594497408851772,5.990229931851478,0.0,0.0,-1006.6334759773185,0.0,3.637978807091713e-12,0.0,0.0
contact_inhibition_hypothesis,recirculating,254.18734372423518,254.18734372423518,19887.495234633232,90000.0,0.0,0.0,0.0,0.0,106.6868748131204,0.0,0.0,440000.0000000004,66.0,0.07195033946475057,0.01870708826083515,0.0,0.3312929117391648,1.0,0.8659737532282661,0.9449791521740142,0.8012852688334591,0.5124111824668112,0.5124111824668112,0.5124111824668112,0.0,0.0,0.0,0.0,0.0,0.3647379189933578,0.10714682802974697,0.04052643544370641,4.525456772619048,112.5047653667742,549.2851293691602,6.239974943354676,111.99235418430739,0.3647379189933578,6.078357420024307,0.0,0.0,-1008.3271326177673,0.0,7.275957614183426e-12,0.0,0.0
contact_inhibition_hypothesis,recirculating,257.0776605515811,257.0776605515811,19886.215963951487,90000.0,0.0,0.0,0.0,0.0,108.47326950043103,0.0,0.0,446666.6666666671,67.0,0.07276847334128941,0.01891980306873525,0.0,0.3310801969312647,1.0,0.8645579469358242,0.9443535203860728,0.7992342530473605,0.5182377143527213,0.5182377143527213,0.5182377143527213,0.0,0.0,0.0,0.0,0.0,0.3699917689285448,0.10713574887656042,0.04111019654761608,4.525747893070581,113.78403604851582,548.8009001394909,6.255988129807687,113.2657983341631,0.3699917689285448,6.165912829194199,0.0,0.0,-1010.0259718959081,0.0,3.637978807091713e-12,0.0,0.0
contact_inhibition_hypothesis,recirculating,259.94936193582794,259.94936193582794,19884.944932570834,90000.0,0.0,0.0,0.0,0.0,110.26425860051845,0.0,0.0,453333.3333333338,68.0,0.07358133792538182,0.019131147860599274,0.0,0.3308688521394007,1.0,0.8631535517563256,0.9437319180570609,0.7972008283640227,0.5240267197391968,0.5240267197391968,0.5240267197391968,0.0,0.0,0.0,0.0,0.0,0.37521178034759306,0.1071247415752045,0.04169019781639922,4.5260371756214015,115.05506742916802,548.319789648081,6.271945314282676,114.53104070942882,0.37521178034759306,6.252904319492638,0.0,0.0,-1011.7299695056971,0.0,0.0,0.0,0.0
contact_inhibition_hypothesis,recirculating,262.8027112273171,262.8027112273171,19883.682023930913,90000.0,0.0,0.0,0.0,0.0,112.05982617526641,0.0,0.0,460000.00000000047,69.0,0.0743890077610479,0.019341142017872456,0.0,0.3306588579821275,1.0,0.8617603910984957,0.943114288182728,0.7951847157577252,0.529778729508924,0.529778729508924,0.529778729508924,0.0,0.0,0.0,0.0,0.0,0.3803984319619392,0.10711380510676934,0.04226649244021546,4.52632464609326,116.31797606909112,547.8417537745314,6.2878472145123405,115.7881973395822,0.3803984319619392,6.339339868645716,0.0,0.0,-1013.439101531292,0.0,3.637978807091713e-12,0.0,1.1102230246251565e-16
contact_inhibition_hypothesis,recirculating,265.63796593850475,265.63796593850475,19882.42712405524,90000.0,0.0,0.0,0.0,0.0,113.85995648992389,0.0,0.0,466666.66666666715,70.0,0.07519155573983437,0.019549804492356937,0.0,0.33045019550764304,1.0,0.8603782924755322,0.9425005750224796,0.7931856427739011,0.5354942627761129,0.5354942627761129,0.5354942627761129,0.0,0.0,0.0,0.0,0.0,0.38555219187103934,0.10710293847495807,0.04283913243011547,4.526610329737424,117.57287594476418,547.3667493764926,6.303694532990001,117.03738168198807,0.38555219187103934,6.42522727753087,0.0,0.0,-1015.1533444370643,0.0,3.637978807091713e-12,0.0,0.0
contact_inhibition_hypothesis,recirculating,268.4553779203299,268.4553779203299,19881.18012147316,90000.0,0.0,0.0,0.0,0.0,115.66463400880552,0.0,0.0,473333.33333333384,71.0,0.07598905315073731,0.019757153819191704,0.0,0.3302428461808083,1.0,0.8590070873774516,0.9418907240612009,0.7912033433230903,0.5411738272420347,0.5411738272420347,0.5411738272420347,0.0,0.0,0.0,0.0,0.0,0.39067351788296767,0.10709214070540383,0.043408168653663065,4.52689425125188,118.81987852684654,546.8947342601175,6.319487957419102,118.2787046996045,0.39067351788296767,6.510574175519656,0.0,0.0,-1016.8726750579572,0.0,7.275957614183426e-12,0.0,1.1102230246251565e-16
contact_inhibition_hypothesis,recirculating,271.2551935318459,271.2551935318459,19879.940907144748,90000.0,0.0,0.0,0.0,0.0,117.47384339111841,0.0,0.0,480000.0000000005,72.0,0.07678156972821819,0.01996320812933673,0.0,0.33003679187066326,1.0,0.8576466111484063,0.941284681972539,0.7892375574829682,0.5468179195369776,0.5468179195369776,0.5468179195369776,0.0,0.0,0.0,0.0,0.0,0.39576285782276927,0.10708141084501169,0.04397365086919657,4.527176434797875,120.05909285525767,546.4256671516421,6.335228161145765,119.5122749357207,0.39576285782276927,6.595388025616449,0.0,0.0,-1018.5970705901732,0.0,7.275957614183426e-12,0.0,0.0
contact_inhibition_hypothesis,recirculating,274.03765380342645,274.03765380342645,19878.709374388593,90000.0,0.0,0.0,0.0,0.0,119.28756948691044,0.0,0.0,486666.6666666672,73.0,0.07756917369840088,0.02016798516158423,0.0,0.32983201483841573,1.0,0.8562967028687434,0.9406823965835758,0.7872880313080616,0.5524270255492513,0.5524270255492513,0.5524270255492513,0.0,0.0,0.0,0.0,0.0,0.40082064982913224,0.10707074796132661,0.04453562775879246,4.527456904015838,121.29062561141312,545.9595076700429,6.350915803575232,120.73819858586387,0.40082064982913224,6.6796761294024884,0.0,0.0,-1020.3265085821793,0.0,7.275957614183426e-12,0.0,-1.1102230246251565e-16
contact_inhibition_hypothesis,recirculating,276.8029945938399,276.8029945938399,19877.48541881226,90000.0,0.0,0.0,0.0,0.0,121.10579733313571,0.0,0.0,493333.3333333339,74.0,0.0783519318235333,0.020371502274118658,0.0,0.3296284977258813,1.0,0.85495720524158,0.9400838168408274,0.7853545166467996,0.5580016207418299,0.5580016207418299,0.5580016207418299,0.0,0.0,0.0,0.0,0.0,0.40584732263991513,0.10706015114192424,0.04509414695999056,4.5277356820407,122.51458118774646,545.496216300721,6.366551530572872,121.95657956700462,0.40584732263991513,6.763445631794185,0.0,0.0,-1022.0609669260128,0.0,7.275957614183426e-12,0.0,0.0
contact_inhibition_hypothesis,recirculating,279.5514467414699,279.5514467414699,19876.268938245365,90000.0,0.0,0.0,0.0,0.0,122.92851214983249,0.0,0.0,500000.0000000006,75.0,0.0791299094447918,0.020573776455645867,0.0,0.32942622354435414,1.0,0.8536279644836936,0.9394888927775122,0.783436770965557,0.5635421704571942,0.5635421704571942,0.5635421704571942,0.0,0.0,0.0,0.0,0.0,0.4108432958670326,0.10704961949382469,0.045649255096336945,4.528012791516646,123.73106175464036,545.0357543701678,6.3821359748505095,123.16751958418317,0.4108432958670326,6.846703525624098,0.0,0.0,-1023.8004238488797,0.0,3.637978807091713e-12,0.0,-1.1102230246251565e-16
contact_inhibition_hypothesis,recirculating,282.2832362099451,282.2832362099451,19875.059832675124,90000.0,0.0,0.0,0.0,0.0,124.75569933640999,0.0,0.0,506666.66666666727,76.0,0.07990317052350333,0.02077482433611087,0.0,0.3292251756638891,1.0,0.8523088302205247,0.9388975754820268,0.7815345571793707,0.569049130210904,0.569049130210904,0.569049130210904,0.0,0.0,0.0,0.0,0.0,0.4158089802611779,0.1070391521429286,0.04620099780679753,4.52828825461132,124.9401673248833,544.5780840215667,6.397669756338677,124.3711181946724,0.4158089802611779,6.92945665605253,0.0,0.0,-1025.5448579050287,0.0,7.275957614183426e-12,0.0,-1.1102230246251565e-16
contact_inhibition_hypothesis,recirculating,284.998584228428,284.998584228428,19873.858004184247,90000.0,0.0,0.0,0.0,0.0,126.58734446803973,0.0,0.0,513333.33333333395,77.0,0.08067177768085551,0.020974662197022435,0.0,0.32902533780297755,1.0,0.8509996553851109,0.9383098170675811,0.7796476434890319,0.5745229459744033,0.5745229459744033,0.5745229459744033,0.0,0.0,0.0,0.0,0.0,0.4207447779668374,0.10702874823347296,0.04674941977409303,4.528562093029516,126.14199581576197,544.1231681912902,6.4131534825454,125.56747286978757,0.4207447779668374,7.011711724817345,0.0,0.0,-1027.2942479678936,0.0,7.275957614183426e-12,0.0,-1.1102230246251565e-16
contact_inhibition_hypothesis,recirculating,287.6977074267988,287.6977074267988,19872.663356891117,90000.0,0.0,0.0,0.0,0.0,128.42343329214768,0.0,0.0,520000.00000000064,78.0,0.0814357922361618,0.02117330598140207,0.0,0.32882669401859793,1.0,0.8497002961207716,0.9377255706429352,0.7777758032242547,0.5799640544475351,0.5799640544475351,0.5799640544475351,0.0,0.0,0.0,0.0,0.0,0.4256510827680251,0.1070184069275072,0.04729456475200278,4.528834328026358,127.33664310889458,543.6709705862512,6.428587748902185,126.75667905444705,0.4256510827680251,7.093475294329138,0.0,0.0,-1029.0485732224897,0.0,1.0913936421275139e-11,0.0,0.0
contact_inhibition_hypothesis,recirculating,290.3808179659588,290.3808179659588,19871.475796892108,90000.0,0.0,0.0,0.0,0.0,130.2639517250039,0.0,0.0,526666.6666666672,79.0,0.08219527424374536,0.02137077130337379,0.0,0.3286292286966262,1.0,0.8484106116873789,0.9371447902841947,0.7759188146926583,0.585372883321217,0.585372883321217,0.585372883321217,0.0,0.0,0.0,0.0,0.0,0.4305282803251456,0.10700812740438848,0.04783647559168284,4.529104980420024,128.52420310790382,543.221455662073,6.443973139097679,127.9388302245826,0.4305282803251456,7.174753791618551,0.0,0.0,-1030.8078131580567,0.0,1.0913936421275139e-11,0.0,0.0
contact_inhibition_hypothesis,recirculating,293.04812366346556,293.04812366346556,19870.295232205986,90000.0,0.0,0.0,0.0,0.0,132.1088858484059,0.0,0.0,533333.3333333338,80.0,0.08295028252850119,0.02156707345741031,0.0,0.32843292654258965,1.0,0.8471304643710549,0.9365674310076166,0.7740764610343073,0.5907498515307069,0.5907498515307069,0.5907498515307069,0.0,0.0,0.0,0.0,0.0,0.4353767484033713,0.10699790886029435,0.04837519426704125,4.529374070603996,129.70476779402375,542.7745886020413,6.459310225399554,129.11401794249304,0.4353767484033713,7.255553512142183,0.0,0.0,-1032.571947560935,0.0,1.0913936421275139e-11,0.0,0.0
contact_inhibition_hypothesis,recirculating,295.69982811470277,295.69982811470277,19869.12157272028,90000.0,0.0,0.0,0.0,0.0,133.95822190645256,0.0,0.0,540000.0000000005,81.0,0.08370087472019463,0.021762227427250605,0.0,0.3282377725727494,1.0,0.8458597193971459,0.9359934487433806,0.7722485300815526,0.596095369499867,0.596095369499867,0.596095369499867,0.0,0.0,0.0,0.0,0.0,0.4401968570929019,0.1069877505077537,0.048910761899211314,4.5296416185588875,130.87842727973018,542.3303352968032,6.474599568965162,130.2823319102303,0.4401968570929019,7.3358806234532095,0.0,0.0,-1034.3409565076706,0.0,1.0913936421275139e-11,0.0,1.1102230246251565e-16
contact_inhibition_hypothesis,recirculating,298.3361308097744,298.3361308097744,19867.954730139532,90000.0,0.0,0.0,0.0,0.0,135.81194630240563,0.0,0.0,546666.6666666671,82.0,0.0844471072865494,0.021956247894502845,0.0,0.32804375210549713,1.0,0.8445982448463298,0.9354228003102858,0.7704348142239511,0.6014098393768079,0.6014098393768079,0.6014098393768079,0.0,0.0,0.0,0.0,0.0,0.4449889690214532,0.10697765157519329,0.04944321878016145,4.52990764386385,132.0452698604788,541.8886623247845,6.489841720141417,131.443860021102,0.4449889690214532,7.4157411687425165,0.0,0.0,-1036.1148203583343,0.0,1.0913936421275139e-11,0.0,0.0
contact_inhibition_hypothesis,recirculating,300.95722724630764,300.95722724630764,19866.79461793538,90000.0,0.0,0.0,0.0,0.0,137.6700455956353,0.0,0.0,553333.3333333337,83.0,0.08518903556517768,0.022149149246946196,0.0,0.32785085075305376,1.0,0.8433459115737219,0.9348554433913346,0.7686351102780478,0.6066936552612866,0.6066936552612866,0.6066936552612866,0.0,0.0,0.0,0.0,0.0,0.44975343955930736,0.10696761130650065,0.049972604395478584,4.5301721657075795,133.20538206463237,541.4495369332898,6.505037218754278,132.59868840937108,0.44975343955930736,7.4951410702558565,0.0,0.0,-1037.8935197500507,0.0,1.0913936421275139e-11,0.0,0.0
contact_inhibition_hypothesis,recirculating,303.56330903833526,303.56330903833526,19865.641151298358,90000.0,0.0,0.0,0.0,0.0,139.53250649864756,0.0,0.0,560000.0000000003,84.0,0.0859267137944003,0.022340945586544078,0.0,0.3276590544134559,1.0,0.8421025931308507,0.9342913365101644,0.766849219361795,0.6119472034241993,0.6119472034241993,0.6119472034241993,0.0,0.0,0.0,0.0,0.0,0.45449061701723725,0.1069576289606023,0.05049895744635968,4.5304352028989445,134.3588487016526,541.0129270202625,6.52018659438842,133.7469014982284,0.45449061701723725,7.574086132592258,0.0,0.0,-1039.6770355907265,0.0,1.0913936421275139e-11,0.0,0.0
contact_inhibition_hypothesis,recirculating,306.15456402142365,306.15456402142365,19864.49424709138,90000.0,0.0,0.0,0.0,0.0,141.39931587419014,0.0,0.0,566666.666666667,85.0,0.08666019514300435,0.022531650737181132,0.0,0.32746834926281887,1.0,0.8408681656903811,0.9337304390082909,0.7650769467734252,0.6171708625195075,0.6171708625195075,0.6171708625195075,0.0,0.0,0.0,0.0,0.0,0.45920084283760615,0.10694770381105623,0.05102231587084512,4.530696773877244,135.5057529086304,540.5788011166708,6.535290366657371,134.88858204611088,0.45920084283760615,7.652582045888706,0.0,0.0,-1041.4653490529727,0.0,1.0913936421275139e-11,0.0,-1.1102230246251565e-16
contact_inhibition_hypothesis,recirculating,308.73117635420164,308.73117635420164,19863.353823804788,90000.0,0.0,0.0,0.0,0.0,143.27046073243443,0.0,0.0,573333.3333333336,86.0,0.08738953173898202,0.022721278252135328,0.0,0.32727872174786465,1.0,0.8396425079734692,0.9331727110231314,0.7633181018745825,0.6223650037889079,0.6223650037889079,0.6223650037889079,0.0,0.0,0.0,0.0,0.0,0.4638844517789245,0.10693783514565852,0.05154271686432493,4.53095689672212,136.64617619522335,540.1471283694988,6.550349045464571,136.02381119143445,0.4638844517789245,7.730634388895776,0.0,0.0,-1043.25844156821,0.0,1.0913936421275139e-11,0.0,0.0
contact_inhibition_hypothesis,recirculating,311.29332661643895,311.29332661643895,19862.219801512943,90000.0,0.0,0.0,0.0,0.0,145.14592822823107,0.0,0.0,580000.0000000002,87.0,0.0881147746972926,0.022909841421296078,0.0,0.3270901585787039,1.0,0.8384255011796372,0.9326181134667761,0.7615724979775347,0.6275299912595469,0.6275299912595469,0.6275299912595469,0.0,0.0,0.0,0.0,0.0,0.4685417720941354,0.10692802226606317,0.05206019689934836,4.531215589163127,137.78019848706552,539.7178785253149,6.565363131255684,137.15266849580598,0.4685417720941354,7.808248631948766,0.0,0.0,-1045.0562948209536,0.0,7.275957614183426e-12,0.0,0.0
contact_inhibition_hypothesis,recirculating,313.84119190381716,313.84119190381716,19861.092101832295,90000.0,0.0,0.0,0.0,0.0,147.02570565843646,0.0,0.0,586666.6666666669,88.0,0.08883597414668848,0.023097353278139006,0.0,0.326902646721861,1.0,0.8372170289190661,0.9320666080054735,0.7598399522362944,0.6326661819350669,0.6326661819350669,0.6326661819350669,0.0,0.0,0.0,0.0,0.0,0.47317312570288667,0.10691826448741504,0.05257479174476517,4.531472868588984,138.9078981677137,539.2910219143939,6.580333115262547,138.27523198577865,0.47317312570288667,7.885430139838606,0.0,0.0,-1046.858890743269,0.0,7.275957614183426e-12,0.0,-1.1102230246251565e-16
contact_inhibition_hypothesis,recirculating,316.37494591952554,316.37494591952554,19859.97064788082,90000.0,0.0,0.0,0.0,0.0,148.90978045930797,0.0,0.0,593333.3333333335,89.0,0.08955317925564218,0.023283826606466967,0.0,0.326716173393533,1.0,0.8360169771472025,0.9315181570398029,0.7581202855414815,0.6377739259802531,0.6377739259802531,0.6377739259802531,0.0,0.0,0.0,0.0,0.0,0.4777788283580325,0.10690856113799475,0.05308653648422582,4.531728752056517,140.0293521191884,538.8665294353723,6.59525947973914,139.39157819320815,0.4777788283580325,7.962184174586611,0.0,0.0,-1048.6662115093927,0.0,7.275957614183426e-12,0.0,0.0
contact_inhibition_hypothesis,recirculating,318.89475906281257,318.89475906281257,19858.85536423884,90000.0,0.0,0.0,0.0,0.0,150.79814020396574,0.0,0.0,600000.0000000001,90.0,0.09026643825741189,0.02346927394692709,0.0,0.3265307260530729,1.0,0.8348252341015876,0.9309727236855085,0.7564133224187902,0.6428535668995425,0.6428535668995425,0.6428535668995425,0.0,0.0,0.0,0.0,0.0,0.4823591898066002,0.10689891155887572,0.053595465534066675,4.531983256299302,141.14463576116694,538.4443725404117,6.61014269818973,140.5017821942674,0.4823591898066002,8.038515898126992,0.0,0.0,-1050.47823953051,0.0,7.275957614183426e-12,0.0,-1.1102230246251565e-16
contact_inhibition_hypothesis,recirculating,321.4007985146132,321.4007985146132,19857.746176911125,90000.0,0.0,0.0,0.0,0.0,152.6907725999187,0.0,0.0,606666.6666666667,91.0,0.09097579847427906,0.023653707603312556,0.0,0.32634629239668744,1.0,0.8336416902408169,0.9304302717549632,0.7547188909308875,0.6479054417096384,0.6479054417096384,0.6479054417096384,0.0,0.0,0.0,0.0,0.0,0.4869145139454417,0.10688931510359205,0.05410161266060463,4.532236397736025,142.25382308888294,538.0245232208542,6.624983235589725,141.6059176471733,0.4869145139454417,8.114430374900786,0.0,0.0,-1052.2949574496893,0.0,7.275957614183426e-12,0.0,0.0
contact_inhibition_hypothesis,recirculating,323.89322832037044,323.89322832037044,19856.643013290224,90000.0,0.0,0.0,0.0,0.0,154.58766548665255,0.0,0.0,613333.3333333334,92.0,0.09168130634099192,0.0238371396486579,0.0,0.32616286035134207,1.0,0.8324662381855431,0.9298907657392415,0.7530368225826254,0.6529298811064683,0.6529298811064683,0.6529298811064683,0.0,0.0,0.0,0.0,0.0,0.4914450989717853,0.10687977113781792,0.054605010996865024,4.532488192478568,143.35698670978329,537.6069539933467,6.639781548599352,142.7040568286768,0.4914450989717853,8.189932574364802,0.0,0.0,-1054.116348136959,0.0,7.275957614183426e-12,0.0,1.1102230246251565e-16
contact_inhibition_hypothesis,recirculating,326.3722094701605,326.3722094701605,19855.545802121014,90000.0,0.0,0.0,0.0,0.0,156.4888068332785,0.0,0.0,620000.0,93.0,0.09238300742744576,0.0240195819311359,0.0,0.3259804180688641,1.0,0.8312987726614419,0.9293541707907768,0.7513669522294263,0.6579272096267071,0.6579272096267071,0.6579272096267071,0.0,0.0,0.0,0.0,0.0,0.49595123752888526,0.10687027903905683,0.05510569305876501,4.532738656339832,144.45419787899226,537.1916378864165,6.654538085770472,143.79627066936555,0.49595123752888526,8.265027373418873,0.0,0.0,-1055.9423946845309,0.0,7.275957614183426e-12,0.0,1.1102230246251565e-16
contact_inhibition_hypothesis,recirculating,328.8378999762286,328.8378999762286,19854.45447346638,90000.0,0.0,0.0,0.0,0.0,158.39418473623962,0.0,0.0,626666.6666666666,94.0,0.0930809464606302,0.024201046079763852,0.0,0.3257989539202361,1.0,0.8301391904440609,0.9288204527065769,0.7497091179887029,0.6628977458040797,0.6628977458040797,0.6628977458040797,0.0,0.0,0.0,0.0,0.0,0.5004332168469638,0.10686083819634198,0.05560369076077375,4.532987804841305,145.54552653362904,536.7785484274825,6.66925328774692,144.88262878782496,0.5004332168469638,8.339719558754652,0.0,0.0,-1057.7730804021562,0.0,7.275957614183426e-12,0.0,1.1102230246251565e-16
contact_inhibition_hypothesis,recirculating,331.29045494803603,331.29045494803603,19853.368958673982,90000.0,0.0,0.0,0.0,0.0,160.30378741707435,0.0,0.0,633333.3333333333,95.0,0.09377516734587203,0.024381543509926728,0.0,0.32561845649007326,1.0,0.8289873903054785,0.9282895779119802,0.7480631611542137,0.6678418023206468,0.6678418023206468,0.6678418023206468,0.0,0.0,0.0,0.0,0.0,0.5048913188796325,0.106851448009944,0.05609903543107026,4.533235653220397,146.6310413260243,536.3676596302807,6.683927587458417,145.96319952370365,0.5048913188796325,8.414013829129074,0.0,0.0,-1059.6083888126166,0.0,7.275957614183426e-12,0.0,0.0
contact_inhibition_hypothesis,recirculating,333.7300266649152,333.7300266649152,19852.28919034413,90000.0,0.0,0.0,0.0,0.0,162.217603220234,0.0,0.0,639999.9999999999,96.0,0.09446571318740099,0.024561085428724257,0.0,0.3254389145712757,1.0,0.8278432729626999,0.9277615134449286,0.746428926113217,0.6727596861532692,0.6727596861532692,0.6727596861532692,0.0,0.0,0.0,0.0,0.0,0.5093258204359603,0.10684210789109108,0.0565917578262178,4.533482216437523,147.7108096558774,535.9589459826934,6.6985614103084865,147.03804996972414,0.5093258204359603,8.487914797565278,0.0,0.0,-1061.44830364734,0.0,7.275957614183426e-12,0.0,0.0
contact_inhibition_hypothesis,recirculating,336.1567646464246,336.1567646464246,19851.21510229861,90000.0,0.0,0.0,0.0,0.0,164.1356206109537,0.0,0.0,646666.6666666665,97.0,0.09515262630826443,0.02473968284014875,0.0,0.3252603171598512,1.0,0.8267067410277225,0.9272362269407389,0.7448062602663281,0.6776516987154344,0.6776516987154344,0.6776516987154344,0.0,0.0,0.0,0.0,0.0,0.5137369933083653,0.10683281726169518,0.05708188814537391,4.533727509182988,148.7848977013961,535.5523824349611,6.71315517435648,148.10724600268065,0.5137369933083653,8.561426993483908,0.0,0.0,-1063.292808842141,0.0,7.275957614183426e-12,0.0,0.0
contact_inhibition_hypothesis,recirculating,338.57081572049117,338.57081572049117,19850.14662955055,90000.0,0.0,0.0,0.0,0.0,166.05782817317447,0.0,0.0,653333.3333333331,98.0,0.09583594826961578,0.024917346550100104,0.0,0.3250826534498999,1.0,0.8255776989592077,0.9267136866173526,0.7431950139499656,0.6825181359946236,0.6825181359946236,0.6825181359946236,0.0,0.0,0.0,0.0,0.0,0.5181251043964815,0.10682357555408867,0.05756945604405349,4.533971545883628,149.85337044945672,535.1479443882674,6.727709290493999,149.1708523134621,0.5181251043964815,8.634554864767365,0.0,0.0,-1065.1418885330784,0.0,7.275957614183426e-12,0.0,0.0
contact_inhibition_hypothesis,recirculating,340.97232408942494,340.97232408942494,19849.083708275182,90000.0,0.0,0.0,0.0,0.0,167.98421460751513,0.0,0.0,659999.9999999998,99.0,0.09651571988940061,0.02509408717124416,0.0,0.3249059128287558,1.0,0.824456053015695,0.9261938612610465,0.7415950403612884,0.6873592886853899,0.6873592886853899,0.6873592886853899,0.0,0.0,0.0,0.0,0.0,0.5224904158271596,0.10681438221076817,0.05805449064746216,4.5342143407092665,150.91629172482266,534.7456076836781,6.74222416261591,150.22893243613726,0.5224904158271596,8.707302779759614,0.0,0.0,-1066.995527052427,0.0,3.637978807091713e-12,0.0,-1.1102230246251565e-16
contact_inhibition_hypothesis,recirculating,343.3614313938859,343.3614313938859,19848.02627578155,90000.0,0.0,0.0,0.0,0.0,169.91476872929218,0.0,0.0,666666.6666666664,100.0,0.09719198126046308,0.0252699151277204,0.0,0.32473008487227956,1.0,0.8233417112102996,0.925676720212587,0.7400061954855335,0.6921754423183066,0.6921754423183066,0.6921754423183066,0.0,0.0,0.0,0.0,0.0,0.5268331850707436,0.10680523668414703,0.05853702056341594,4.534455907578956,151.97372421845625,534.3453485914252,6.756700187786125,151.28154877613795,0.5268331850707436,8.779675029203942,0.0,0.0,-1068.8537089247595,0.0,7.275957614183426e-12,0.0,1.1102230246251565e-16
contact_inhibition_hypothesis,recirculating,345.7382767748789,345.7382767748789,19846.97427048505,90000.0,0.0,0.0,0.0,0.0,171.84947946658687,0.0,0.0,673333.333333333,101.0,0.09786477176809436,0.025444840659704534,0.0,0.32455515934029544,1.0,0.8222345832668384,0.9251622333538102,0.7384283380256523,0.6969668773849428,0.6969668773849428,0.6969668773849428,0.0,0.0,0.0,0.0,0.0,0.5311536650537647,0.10679613843631532,0.059017073894862736,4.534696260167038,153.02572951495847,533.9471438005206,6.77113775639838,152.32876263757353,0.5311536650537647,8.851675828120989,0.0,0.0,-1070.7164188631373,0.0,7.275957614183426e-12,0.0,0.0
contact_inhibition_hypothesis,recirculating,348.1029969338519,348.1029969338519,19845.92763188084,90000.0,0.0,0.0,0.0,0.0,173.7883358583572,0.0,0.0,679999.9999999997,102.0,0.09853413010704387,0.025618873827831408,0.0,0.3243811261721686,1.0,0.8211345805773288,0.9246503710946136,0.7368613293341679,0.7017338694590133,0.7017338694590133,0.7017338694590133,0.0,0.0,0.0,0.0,0.0,0.5354521042681866,0.106787086938806,0.05949467825202071,4.534935411909013,154.0723681191683,533.550970408687,6.78553725233217,153.37063424970927,0.5354521042681866,8.923309317629329,0.0,0.0,-1072.583641765399,0.0,7.275957614183426e-12,0.0,0.0
contact_inhibition_hypothesis,recirculating,350.45572619096544,350.45572619096544,19844.886300518054,90000.0,0.0,0.0,0.0,0.0,175.731327052594,0.0,0.0,686666.6666666663,103.0,0.09920009429801327,0.025792024517483452,0.0,0.3242079754825165,1.0,0.8200416161608094,0.9241411043603427,0.7353050333471605,0.7064766893138433,0.7064766893138433,0.7064766893138433,0.0,0.0,0.0,0.0,0.0,0.5397287468773255,0.10677808167237059,0.05996986076414726,4.535173376007226,155.1136994819535,533.1568059125966,6.799899053104053,154.40722279263966,0.5397287468773255,8.99457956671063,0.0,0.0,-1074.4553627105547,0.0,7.275957614183426e-12,0.0,0.0
contact_inhibition_hypothesis,recirculating,352.79659654160224,352.79659654160224,19843.850217974785,90000.0,0.0,0.0,0.0,0.0,177.67844230452008,0.0,0.0,693333.3333333329,104.0,0.09986270170365188,0.02596430244294949,0.0,0.3240356975570505,1.0,0.818955604623434,0.9236344045795603,0.7337593165203122,0.711195603036285,0.711195603036285,0.711195603036285,0.0,0.0,0.0,0.0,0.0,0.5439838328185733,0.10676912212675917,0.06044264809095257,4.535410165436392,156.14978202522184,532.7646281984025,6.814223530014406,155.43858642218555,0.5439838328185733,9.065490573921524,0.0,0.0,-1076.3315669552699,0.0,7.275957614183426e-12,0.0,0.0
contact_inhibition_hypothesis,recirculating,355.1257377111804,355.1257377111804,19842.819326833825,90000.0,0.0,0.0,0.0,0.0,179.62967097483016,0.0,0.0,699999.9999999995,105.0,0.10052198904407228,0.026135717151458793,0.0,0.3238642828485412,1.0,0.8178764621197893,0.92313024367218,0.7322240477669224,0.7158908721372144,0.7158908721372144,0.7158908721372144,0.0,0.0,0.0,0.0,0.0,0.5482175979030353,0.10676020780050856,0.06091306643367057,4.535645792948952,157.18067316618192,532.3744155325574,6.828511048289926,156.4647822940447,0.5482175979030353,9.136046269054082,0.0,0.0,-1078.2122399304474,0.0,7.275957614183426e-12,0.0,0.0
contact_inhibition_hypothesis,recirculating,357.4432772083316,357.4432772083316,19841.793570659127,90000.0,0.0,0.0,0.0,0.0,181.58500252797154,0.0,0.0,706666.6666666662,106.0,0.10117799241190281,0.02630627802709473,0.0,0.32369372197290525,1.0,0.8168041063153947,0.9226285940379567,0.7306990983978273,0.7205627536587315,0.7205627536587315,0.7205627536587315,0.0,0.0,0.0,0.0,0.0,0.5524302739121958,0.10675133820073615,0.06138114154579952,4.535880271080266,158.20642934087994,531.9861465529021,6.84276196722192,157.4858665872212,0.5524302739121958,9.206250514746742,0.0,0.0,-1080.0973672378962,0.0,7.275957614183426e-12,0.0,0.0
contact_inhibition_hypothesis,recirculating,359.7493403765038,359.7493403765038,19840.77289397297,90000.0,0.0,0.0,0.0,0.0,183.54442653046337,0.0,0.0,713333.3333333328,107.0,0.10183074728689437,0.026475994294592537,0.0,0.32352400570540746,1.0,0.8157384563503373,0.9221294285453161,0.7291843420631576,0.7252115002781865,0.7252115002781865,0.7252115002781865,0.0,0.0,0.0,0.0,0.0,0.5566220886917218,0.10674251284293998,0.061846898743524635,4.536113612153652,159.22710602703958,531.5998002600223,6.856976640300553,158.5018945267614,0.5566220886917218,9.276107108047544,0.0,0.0,-1081.986934647087,0.0,1.0913936421275139e-11,0.0,0.0
contact_inhibition_hypothesis,recirculating,362.04405044404405,362.04405044404405,19839.75724223378,90000.0,0.0,0.0,0.0,0.0,185.50793264925414,0.0,0.0,719999.9999999994,108.0,0.10248028855009676,0.02664487502302516,0.0,0.32335512497697483,1.0,0.8146794328040036,0.9216327205205143,0.7276796546958554,0.7298373604091395,0.7298373604091395,0.7298373604091395,0.0,0.0,0.0,0.0,0.0,0.5607932662425015,0.10673373125080454,0.06231036291583348,4.536345828285286,160.24275776622872,531.215356008857,6.8711554153452665,159.51292040581959,0.5607932662425015,9.345619781931287,0.0,0.0,-1083.880928091994,0.0,7.275957614183426e-12,0.0,0.0
contact_inhibition_hypothesis,recirculating,364.32752857281605,364.32752857281605,19838.74656181463,90000.0,0.0,0.0,0.0,0.0,187.4755106501159,0.0,0.0,726666.666666666,109.0,0.10312665049762049,0.026812929129381328,0.0,0.32318707087061865,1.0,0.8136269576608663,0.9211384437371137,0.7261849144568978,0.7344405782993684,0.7344405782993684,0.7344405782993684,0.0,0.0,0.0,0.0,0.0,0.5649440268090195,0.10672499295601341,0.06277155853433548,4.536576931388945,161.25343818537803,530.8327935005532,6.885298634631402,160.51899760707866,0.5649440268090195,9.414792206772308,0.0,0.0,-1085.779333668015,0.0,7.275957614183426e-12,0.0,0.0
contact_inhibition_hypothesis,recirculating,366.59989390540414,366.59989390540414,19837.740799982334,90000.0,0.0,0.0,0.0,0.0,189.447150396074,0.0,0.0,733333.3333333327,110.0,0.10376986685399825,0.026980165382039546,0.0,0.3230198346179604,1.0,0.8125809542772902,0.920646572405766,0.7247000016821596,0.7390213941260261,0.7390213941260261,0.7390213941260261,0.0,0.0,0.0,0.0,0.0,0.5690745869651652,0.10671629749806479,0.06323050966279611,4.536806933180625,162.25920001767352,530.452092774558,6.899406635013242,161.5201786235475,0.5690745869651652,9.483627991774478,0.0,0.0,-1087.6821376289708,0.0,7.275957614183426e-12,0.0,0.0
contact_inhibition_hypothesis,recirculating,368.8612636109531,368.8612636109531,19836.73990487716,90000.0,0.0,0.0,0.0,0.0,191.4228418458719,0.0,0.0,739999.9999999993,111.0,0.1044099707851604,0.027146592404141703,0.0,0.3228534075958583,1.0,0.8115413473493179,0.9201570811642892,0.7232247988308577,0.743580044088048,0.743580044088048,0.743580044088048,0.0,0.0,0.0,0.0,0.0,0.5731851596975575,0.1067076444240953,0.06368723996639526,4.537035845183016,163.26009512284574,530.0732342009389,6.913479748043543,162.5165150787577,0.5731851596975575,9.552130686359794,0.0,0.0,-1089.5893263841833,0.0,3.637978807091713e-12,0.0,0.0
contact_inhibition_hypothesis,recirculating,371.11175292969153,371.11175292969153,19835.74382549313,90000.0,0.0,0.0,0.0,0.0,193.4025750524695,0.0,0.0,746666.6666666659,112.0,0.10504699491103779,0.027312218676869827,0.0,0.32268778132313014,1.0,0.8105080628814046,0.9196699450680299,0.7217591904355192,0.7481167604959065,0.7481167604959065,0.7481167604959065,0.0,0.0,0.0,0.0,0.0,0.5772759544864795,0.10669903328870699,0.06414177272071993,4.537263678729857,164.2561745068759,529.696198472924,6.927518300089719,163.50805774638,0.5772759544864795,9.62030378151718,0.0,0.0,-1091.5008864956235,0.0,3.637978807091713e-12,0.0,0.0
contact_inhibition_hypothesis,recirculating,373.35147521618524,373.35147521618524,19834.75251165887,90000.0,0.0,0.0,0.0,0.0,195.38634016157434,0.0,0.0,753333.3333333326,113.0,0.10568097131780499,0.027477052542629297,0.0,0.3225229474573707,1.0,0.809481028156064,0.9191851395805021,0.7203030630534248,0.7526317718588035,0.7526317718588035,0.7526317718588035,0.0,0.0,0.0,0.0,0.0,0.5813471773845034,0.10669046365379975,0.06459413082050036,4.53749044497016,165.24748834114013,529.3209665996563,6.941522612446742,164.49485656928132,0.5813471773845034,9.688150711112748,0.0,0.0,-1093.4168046751329,0.0,1.0913936421275139e-11,0.0,0.0
contact_inhibition_hypothesis,recirculating,375.5805419813623,375.5805419813623,19833.765914019,90000.0,0.0,0.0,0.0,0.0,197.3741274102047,0.0,0.0,759999.9999999992,114.0,0.10631193156977599,0.027641102208141758,0.0,0.3223588977918582,1.0,0.8084601717043971,0.918702640564289,0.7188563052194653,0.7571253029693885,0.7571253029693885,0.7571253029693885,0.0,0.0,0.0,0.0,0.0,0.5853990310928819,0.10668193508840862,0.06504433678809797,4.537716154872321,166.23408598101,528.9475198991524,6.955493001446945,165.4769606780406,0.5853990310928819,9.755674853162876,0.0,0.0,-1095.3370677817131,0.0,1.0913936421275139e-11,0.0,0.0
contact_inhibition_hypothesis,recirculating,377.79906293335455,377.79906293335455,19832.78398401608,90000.0,0.0,0.0,0.0,0.0,199.36592712528355,0.0,0.0,766666.6666666658,115.0,0.10693990672096479,0.027804375747450847,0.0,0.3221956242525491,1.0,0.8074454232774712,0.9182224242722034,0.7174188074003759,0.7615975749860907,0.7615975749860907,0.7615975749860907,0.0,0.0,0.0,0.0,0.0,0.5894317150357906,0.10667344716854564,0.0654924127817545,4.5379408192281065,167.2160159839292,528.5758399914604,6.969429778566717,166.4544184089431,0.5894317150357906,9.82287953107145,0.0,0.0,-1097.2616628188835,0.0,1.0913936421275139e-11,0.0,-1.1102230246251565e-16
contact_inhibition_hypothesis,recirculating,380.007146017194,380.007146017194,19831.806673873027,90000.0,0.0,0.0,0.0,0.0,201.36172972226305,0.0,0.0,773333.3333333324,116.0,0.10756492732632184,0.027966881104843678,0.0,0.3220331188951563,1.0,0.8064367138185196,0.9177444673386951,0.7159904619502838,0.7660488055131409,0.7660488055131409,0.7660488055131409,0.0,0.0,0.0,0.0,0.0,0.5934454254324854,0.10666499947704608,0.06593838060360947,4.538164448656536,168.19332612698338,528.2059087920094,6.983333250530347,167.42727732147023,0.5934454254324854,9.889768014832368,0.0,0.0,-1099.190576932102,0.0,1.0913936421275139e-11,0.0,0.0
contact_inhibition_hypothesis,recirculating,382.2048974534036,382.2048974534036,19830.833936576033,90000.0,0.0,0.0,0.0,0.0,203.3615257037778,0.0,0.0,779999.9999999991,117.0,0.1081870234526576,0.028128626097690977,0.0,0.321871373902309,1.0,0.8054339754359346,0.9172687467714972,0.7145711630675381,0.7704792086783672,0.7704792086783672,0.7704792086783672,0.0,0.0,0.0,0.0,0.0,0.5974403553674537,0.1066565916034187,0.06638226170749484,4.538387053607655,169.16606342398075,527.837708505144,6.99720371941097,168.39558421530236,0.5974403553674537,9.956343522198615,0.0,0.0,-1101.1237974062506,0.0,1.4551915228366852e-11,0.0,0.0
contact_inhibition_hypothesis,recirculating,384.39242177551927,384.39242177551927,19829.86572585795,90000.0,0.0,0.0,0.0,0.0,205.36530565832715,0.0,0.0,786666.6666666657,118.0,0.10880622468926353,0.028289618419208518,0.0,0.32171038158079146,1.0,0.8044371413770267,0.9167952399435043,0.7131608067527682,0.7748889952088337,0.7748889952088337,0.7748889952088337,0.0,0.0,0.0,0.0,0.0,0.6014166948586194,0.10664822314370109,0.06682407720651325,4.538608644366204,170.13427414205935,527.4712216178383,7.011041482728807,169.3593851468505,0.6014166948586194,10.022609219818891,0.0,0.0,-1103.0613116631796,0.0,1.0913936421275139e-11,0.0,0.0
contact_inhibition_hypothesis,recirculating,386.5698218665794,386.5698218665794,19828.901996182172,90000.0,0.0,0.0,0.0,0.0,207.3730602589848,0.0,0.0,793333.3333333323,119.0,0.10942256015824076,0.0284498656411426,0.0,0.3215501343588574,1.0,0.8034461460025218,0.9163239245848747,0.7117592907681367,0.7792783725044,0.7792783725044,0.7792783725044,0.0,0.0,0.0,0.0,0.0,0.6053746309236742,0.10663989370031762,0.06726384788040822,4.538829231055177,171.09800381783768,527.1064308935826,7.024846833546714,170.31872544533329,0.6053746309236742,10.08856822434303,0.0,0.0,-1105.003107259313,0.0,1.0913936421275139e-11,0.0,1.1102230246251565e-16
contact_inhibition_hypothesis,recirculating,388.73719899461577,388.73719899461577,19827.94270272689,90000.0,0.0,0.0,0.0,0.0,209.38478026213573,0.0,0.0,799999.999999999,120.0,0.11003605852454626,0.02860937521638203,0.0,0.32139062478361796,1.0,0.8024609247617754,0.915854778775347,0.7103665145977374,0.783647544709266,0.783647544709266,0.783647544709266,0.0,0.0,0.0,0.0,0.0,0.6093143476445912,0.10663160288194233,0.06770159418273235,4.539048823639304,172.0572972731231,526.7433193664369,7.038620060563207,171.27364972841386,0.6093143476445912,10.154223603497112,0.0,0.0,-1106.9491718833099,0.0,1.4551915228366852e-11,0.0,1.1102230246251565e-16
contact_inhibition_hypothesis,recirculating,390.8946528471788,390.8946528471788,19826.987801369818,90000.0,0.0,0.0,0.0,0.0,211.40045650623935,0.0,0.0,806666.6666666656,121.0,0.11064674800576547,0.028768154481499025,0.0,0.3212318455185009,1.0,0.8014814141686752,0.9153877809367675,0.7089823794091046,0.7879967127815708,0.7879967127815708,0.7879967127815708,0.0,0.0,0.0,0.0,0.0,0.6132360262303851,0.10662335030336507,0.06813733624782055,4.539267431928415,173.01219863019296,526.3818703352479,7.052361448202998,172.2242019174114,0.6132360262303851,10.219578377129366,0.0,0.0,-1108.8994933537813,0.0,1.0913936421275139e-11,0.0,0.0
contact_inhibition_hypothesis,recirculating,393.04228156492957,393.04228156492957,19826.03724867335,90000.0,0.0,0.0,0.0,0.0,213.42007991061806,0.0,0.0,813333.3333333322,122.0,0.11125465638162095,0.02892621065922145,0.0,0.3210737893407785,1.0,0.8005075517782125,0.9149229098258193,0.7076067880158017,0.7923260745611101,0.7923260745611101,0.7923260745611101,0.0,0.0,0.0,0.0,0.0,0.6171398450781735,0.10661513558536183,0.06857109389757482,4.539485065580733,173.96275132666247,526.0220673580195,7.066071276705085,173.17042525210135,0.6171398450781735,10.284635518227761,0.0,0.0,-1110.8540596170615,0.0,1.4551915228366852e-11,0.0,-1.1102230246251565e-16
contact_inhibition_hypothesis,recirculating,395.180181774328,395.180181774328,19825.09100187006,90000.0,0.0,0.0,0.0,0.0,215.44364147427083,0.0,0.0,819999.9999999988,123.0,0.111859811003225,0.0290835508608385,0.0,0.32091644913916145,1.0,0.7995392761636987,0.9144601445269455,0.706239644841038,0.7966358248352322,0.7966358248352322,0.7966358248352322,0.0,0.0,0.0,0.0,0.0,0.6210259798325984,0.1066069583545674,0.06900288664806647,4.539701734106062,174.90899812995292,525.663894246438,7.079749822208595,174.1123623051177,0.6210259798325984,10.349397953910252,0.0,0.0,-1112.812858745032,0.0,1.0913936421275139e-11,0.0,-1.1102230246251565e-16
contact_inhibition_hypothesis,recirculating,397.3084486194477,397.3084486194477,19824.14901884864,90000.0,0.0,0.0,0.0,0.0,217.47113227471107,0.0,0.0,826666.6666666655,124.0,0.1124622388020853,0.029240182088542177,0.0,0.3207598179114578,1.0,0.7985765268946051,0.9139994644454642,0.7048808558822967,0.8009261554029722,0.8009261554029722,0.8009261554029722,0.0,0.0,0.0,0.0,0.0,0.6248946034436575,0.10659881824335266,0.06943273371596193,4.539917446868904,175.8509811513729,525.3073350605408,7.093397356836311,175.05005499596993,0.6248946034436575,10.413868566388553,0.0,0.0,-1114.7758789329937,0.0,1.0913936421275139e-11,0.0,1.1102230246251565e-16
contact_inhibition_hypothesis,recirculating,399.42717579294475,399.42717579294475,19823.211258140185,90000.0,0.0,0.0,0.0,0.0,219.50254346682812,0.0,0.0,833333.3333333321,125.0,0.11306196629887084,0.02939611123770642,0.0,0.32060388876229357,1.0,0.7976192445150075,0.9135408493008634,0.7035303286769279,0.8051972551374814,0.8051972551374814,0.8051972551374814,0.0,0.0,0.0,0.0,0.0,0.6287458862229989,0.10659071488970491,0.06986065402477763,4.540132213091483,176.7887418598254,524.952374103529,7.107014148776062,175.98354460468792,0.6287458862229989,10.478050193906276,0.0,0.0,-1116.743108497593,0.0,1.0913936421275139e-11,0.0,0.0
contact_inhibition_hypothesis,recirculating,401.5364555662085,401.5364555662085,19822.27767890486,90000.0,0.0,0.0,0.0,0.0,221.53786628177153,0.0,0.0,839999.9999999987,126.0,0.11365901961194651,0.029551345099106095,0.0,0.32044865490089386,1.0,0.7966673705226128,0.9130842791202761,0.702187972268683,0.8094493100468083,0.8094493100468083,0.8094493100468083,0.0,0.0,0.0,0.0,0.0,0.6325799958987283,0.10658264793711017,0.0702866662109698,4.540346041856695,177.72232109515255,524.5989959167152,7.120600462359978,176.91287178510575,0.6325799958987283,10.541945631652306,0.0,0.0,-1118.7145358747905,0.0,1.0913936421275139e-11,0.0,1.1102230246251565e-16
contact_inhibition_hypothesis,recirculating,403.63637881871927,403.63637881871927,19821.348240918884,90000.0,0.0,0.0,0.0,0.0,223.5770920258581,0.0,0.0,846666.6666666653,127.0,0.11425342446568301,0.029705890361077583,0.0,0.3202941096389224,1.0,0.7957208473483518,0.9126297342321248,0.7008536971751544,0.8136825033330797,0.8136825033330797,0.8136825033330797,0.0,0.0,0.0,0.0,0.0,0.6363970976687752,0.10657461703444063,0.0707107886298639,4.540558942110981,178.65175908112982,524.2471852746058,7.134156558141721,177.83807657779676,0.6363970976687752,10.605557632650138,0.0,0.0,-1120.6901496178793,0.0,1.4551915228366852e-11,0.0,0.0
contact_inhibition_hypothesis,recirculating,405.72703506663976,405.72703506663976,19820.422904561892,90000.0,0.0,0.0,0.0,0.0,225.62021207950042,0.0,0.0,853333.333333332,128.0,0.11484520619854999,0.029859753611622998,0.0,0.32014024638837696,1.0,0.7947796183365177,0.9121771952599322,0.6995274153560919,0.8178970154501377,0.8178970154501377,0.8178970154501377,0.0,0.0,0.0,0.0,0.0,0.6401973542528652,0.10656662183584303,0.07113303936142945,4.540770922667119,179.57709543812032,523.8969271801104,7.147682692971752,178.75919842267018,0.6401973542528652,10.668888908623998,0.0,0.0,-1122.6699383955477,0.0,1.0913936421275139e-11,0.0,1.1102230246251565e-16
contact_inhibition_hypothesis,recirculating,407.80860767798123,407.80860767798123,19819.501588674164,90000.0,0.0,0.0,0.0,0.0,227.66721361655206,0.0,0.0,859999.9999999986,129.0,0.11543441671474716,0.03001294834583426,0.0002589333876476524,0.31999093733135997,1.0010357335505906,0.7938435849471887,0.9117380509745882,0.6982423954530831,0.8220932160458887,0.8220932160458887,0.8220932160458887,0.0,0.0,0.0,0.0,0.0,0.6439810989683342,0.10655866163662855,0.071553455440926,4.540982001859745,180.49841132584973,523.5481909126694,7.160837028172066,179.67631810980384,0.6439810989683342,10.73194501430729,0.0,0.0,-1124.6538838269162,0.0,1.4551915228366852e-11,0.0,0.0
contact_inhibition_hypothesis,recirculating,409.8959957656416,409.8959957656416,19818.57769882351,90000.0,0.0,0.0,0.0,0.0,229.71742531501366,0.0,0.0,866666.6666666653,130.0,0.11602527336127154,0.0301665710739306,0.003325878451173319,0.3198835941004097,1.0133035138046933,0.7929060434919575,0.9114223355894403,0.6973197710260886,0.8263011399440415,0.8263011399440415,0.8263011399440415,0.0,0.0,0.0,0.0,0.0,0.6477754144355539,0.10655067946009279,0.07197504604839486,4.541193690470668,181.42230117650416,523.1984803494032,7.170311538195203,180.59600003656013,0.6477754144355539,10.795177281568504,0.0,0.0,-1126.6408632581165,0.0,1.0913936421275139e-11,0.0,0.0
contact_inhibition_hypothesis,recirculating,411.99987580200974,411.99987580200974,19817.646509542472,90000.0,0.0,0.0,0.0,0.0,231.77037691868566,0.0,0.0,873333.333333332,131.0,0.11662079822333557,0.03032140753806725,0.006407534398921806,0.3197757351928447,1.0256301375956873,0.7919622151524148,0.9111051035083668,0.6963937402129993,0.8305423096317553,0.8305423096317553,0.8305423096317553,0.0,0.0,0.0,0.0,0.0,0.6515997076333295,0.10654263448361145,0.07239996751481437,4.541407071554322,182.3534904575418,522.8460068075102,7.179846272700122,181.52294814791003,0.6515997076333295,10.858909127709437,0.0,0.0,-1128.6300830156474,0.0,1.4551915228366852e-11,0.0,0.0
contact_inhibition_hypothesis,recirculating,414.1201338236657,414.1201338236657,19816.708071271914,90000.0,0.0,0.0,0.0,0.0,233.8260854848763,0.0,0.0,879999.9999999986,132.0,0.11722095904242226,0.03047744935102979,0.00950354021605557,0.31966737248176536,1.0380141608642224,0.7910121760592578,0.9107863896522511,0.6954644185251248,0.8348164953724512,0.8348164953724512,0.8348164953724512,0.0,0.0,0.0,0.0,0.0,0.6554537714009004,0.10653452714922847,0.07282819682232225,4.54162213402498,183.2919287281042,522.4907893798521,7.189440418251055,182.45711223273176,0.6554537714009004,10.923137100396005,0.0,0.0,-1130.6215636091515,0.0,1.8189894035458565e-11,0.0,0.0
contact_inhibition_hypothesis,recirculating,416.25664566446443,416.25664566446443,19815.762438968468,90000.0,0.0,0.0,0.0,0.0,235.88456810401837,0.0,0.0,886666.6666666652,133.0,0.11782572067202841,0.03063468737472739,0.012613521695939331,0.31955851827219733,1.0504540867837573,0.7900560068050391,0.9104662302123452,0.694531924758465,0.8391234468620805,0.8391234468620805,0.8391234468620805,0.0,0.0,0.0,0.0,0.0,0.6593373800316822,0.10652635793798924,0.07325970889240911,4.541838865761304,184.23756103154875,522.1328488686039,7.199093118345615,183.39843758468666,0.6593373800316822,10.987857438227984,0.0,0.0,-1132.6153258904617,0.0,1.8189894035458565e-11,0.0,0.0
contact_inhibition_hypothesis,recirculating,418.40928317224785,418.40928317224785,19814.809669353017,90000.0,0.0,0.0,0.0,0.0,237.94584161934162,0.0,0.0,893333.3333333319,134.0,0.1184350468373689,0.030793112177715916,0.015737100724764534,0.3194491849762689,1.0629484028990581,0.78909378963416,0.9101446616949086,0.6935963781906332,0.8434629057612709,0.8434629057612709,0.8434629057612709,0.0,0.0,0.0,0.0,0.0,0.6632503005735952,0.10651812734616513,0.07369447784151056,4.542057254236479,185.19033064700068,521.7722067437375,7.208803501891647,184.3468677412394,0.6632503005735952,11.053066259058964,0.0,0.0,-1134.6113905849538,0.0,1.8189894035458565e-11,0.0,-1.1102230246251565e-16
contact_inhibition_hypothesis,recirculating,420.57791429005357,420.57791429005357,19813.849820874722,90000.0,0.0,0.0,0.0,0.0,240.00992262273752,0.0,0.0,899999.9999999985,135.0,0.1190489001583636,0.030952714041174535,0.01887389553551753,0.3193393851045024,1.0754955821420702,0.7881256083903541,0.9098217208955953,0.6926578984969224,0.8478346058590331,0.8478346058590331,0.8478346058590331,0.0,0.0,0.0,0.0,0.0,0.6671922929766856,0.1065098358849381,0.07413247699740949,4.5422772865261765,186.15017912529672,521.4088851294158,7.218570683810972,185.3023445194377,0.6671922929766856,11.118759562456464,0.0,0.0,-1136.6097782849524,0.0,1.8189894035458565e-11,0.0,0.0
contact_inhibition_hypothesis,recirculating,422.7624031401374,422.7624031401374,19812.88295367385,90000.0,0.0,0.0,0.0,0.0,242.07682745079828,0.0,0.0,906666.6666666651,136.0,0.11966724217342085,0.031113482965089423,0.02202352096382556,0.3192291312570802,1.0880940838553022,0.7871515484630546,0.9094974448737653,0.6917166056667657,0.8522382732421401,0.8522382732421401,0.8522382732421401,0.0,0.0,0.0,0.0,0.0,0.6711631102458578,0.1065014840800759,0.0745736789162064,4.54249894931679,187.11704632617375,521.042906789917,7.2283937656525605,186.2648080529316,0.6711631102458578,11.18493323224722,0.0,0.0,-1138.6105094432223,0.0,2.1827872842550278e-11,0.0,0.0
contact_inhibition_hypothesis,recirculating,424.96261011067605,424.96261011067605,19811.90912954338,90000.0,0.0,0.0,0.0,0.0,244.14657218103213,0.0,0.0,913333.3333333317,137.0,0.12029003336397955,0.031275408674634686,0.02518558870528919,0.3191184361150999,1.1007423548211568,0.7861716967327301,0.9091718709267644,0.69077261992074,0.8566736264699095,0.8566736264699095,0.8566736264699095,0.0,0.0,0.0,0.0,0.0,0.6751624985984811,0.1064930724715973,0.07501805539983121,4.542722228913953,188.09087045664398,520.6742951151078,7.238271836213927,187.23419683017408,0.6751624985984811,11.251583039143688,0.0,0.0,-1140.6136043665597,0.0,2.1827872842550278e-11,0.0,-1.1102230246251565e-16
contact_inhibition_hypothesis,recirculating,427.17839194501454,427.17839194501454,19810.928411889527,90000.0,0.0,0.0,0.0,0.0,246.21917262825818,0.0,0.0,919999.9999999984,138.0,0.12091723317977147,0.03143848062674059,0.028359707573916534,0.31900731243183067,1.1134388302956661,0.7851861415152702,0.9088450365642079,0.6898260616282195,0.8611403767541158,0.8611403767541158,0.8611403767541158,0.0,0.0,0.0,0.0,0.0,0.6791901976266205,0.10648460161342647,0.07546557751406892,4.5429471112513085,189.0715881104964,520.303074105492,7.248203972169931,188.21044773374228,0.6791901976266205,11.31870464344763,0.0,0.0,-1142.619083209482,0.0,2.1827872842550278e-11,0.0,0.0
contact_inhibition_hypothesis,recirculating,429.40960183331873,429.40960183331873,19809.94086569116,90000.0,0.0,0.0,0.0,0.0,248.2946443411817,0.0,0.0,926666.666666665,139.0,0.12154880006476461,0.0316026880168388,0.03154548376127365,0.3188957730239851,1.1261819350450946,0.7841949725055057,0.9085169794823091,0.6888770512258002,0.8656382281437505,0.8656382281437505,0.8656382281437505,0.0,0.0,0.0,0.0,0.0,0.6832459404636402,0.10647607207303926,0.07591621560707111,4.543173581899532,190.05913430886267,519.9292683568549,7.258189238707995,189.19349608071892,0.6832459404636402,11.386293597826564,0.0,0.0,-1144.6269659680265,0.0,2.1827872842550278e-11,0.0,0.0
contact_inhibition_hypothesis,recirculating,431.65608950649107,431.65608950649107,19808.946557458235,90000.0,0.0,0.0,0.0,0.0,250.3730025991527,0.0,0.0,933333.3333333316,140.0,0.12218469148374685,0.03176801978577418,0.03474252109596887,0.31878383076301803,1.1389700843838755,0.7831982807199491,0.9081877375382884,0.6879257091366155,0.8701668777143452,0.8701668777143452,0.8701668777143452,0.0,0.0,0.0,0.0,0.0,0.6873294539549201,0.10646748443110056,0.07636993932832443,4.543401626075579,191.05344254178476,519.55290304453,7.2682266901687305,190.1832756640704,0.6873294539549201,11.454345350158743,0.0,0.0,-1146.6372724736652,0.0,2.1827872842550278e-11,0.0,1.1102230246251565e-16
contact_inhibition_hypothesis,recirculating,433.91770133220564,433.91770133220564,19807.945555189297,90000.0,0.0,0.0,0.0,0.0,252.45426240910808,0.0,0.0,939999.9999999983,141.0,0.12282486394950971,0.03193446462687253,0.03795042130309387,0.3186714985664667,1.1518016852123756,0.7821961584388382,0.9078573487249021,0.686972155690654,0.8747260157615666,0.8747260157615666,0.8747260157615666,0.0,0.0,0.0,0.0,0.0,0.6914404588324264,0.10645883928109284,0.07682671764804737,4.543631228652168,192.05444481072064,519.1740039073089,7.278315370690975,191.1797187949591,0.6914404588324264,11.522855246442386,0.0,0.0,-1148.650022387337,0.0,1.8189894035458565e-11,0.0,-1.1102230246251565e-16
contact_inhibition_hypothesis,recirculating,436.1942804129174,436.1942804129174,19806.937928328094,90000.0,0.0,0.0,0.0,0.0,254.53843850269962,0.0,0.0,946666.6666666649,142.0,0.12346927305059095,0.03210201099315365,0.04116878426325352,0.3185587893893432,1.1646751370530142,0.7811886991475705,0.9075258511451271,0.6860165110461822,0.8793153259987919,0.8793153259987919,0.8793153259987919,0.0,0.0,0.0,0.0,0.0,0.6955786698928678,0.10645013722893873,0.07728651887698529,4.543862374167439,193.06207167192363,518.7925972310218,7.288454314860365,192.18275634592484,0.6955786698928678,11.591818533764641,0.0,0.0,-1150.6652351936063,0.0,1.8189894035458565e-11,0.0,1.1102230246251565e-16
contact_inhibition_hypothesis,recirculating,438.48566668569777,438.48566668569777,19805.92374771939,90000.0,0.0,0.0,0.0,0.0,256.625545333608,0.0,0.0,953333.3333333315,143.0,0.12411787347953393,0.03227064710467882,0.04439720827081456,0.31844571621559137,1.1775888330832582,0.7801759974776116,0.9071932829870335,0.6850588951123824,0.8839344857583643,0.8839344857583643,0.8839344857583643,0.0,0.0,0.0,0.0,0.0,0.6997437961791745,0.106441378892615,0.07774931068657492,4.54409504683483,194.07625228063043,518.4087098318116,7.2986425483604025,193.19231779487205,0.6997437961791745,11.661230363325942,0.0,0.0,-1152.6829301949533,0.0,1.8189894035458565e-11,0.0,-1.1102230246251565e-16
contact_inhibition_hypothesis,recirculating,440.79169702374855,440.79169702374855,19804.903085564027,90000.0,0.0,0.0,0.0,0.0,258.7155970750435,0.0,0.0,959999.9999999981,144.0,0.12477061906162228,0.03244036095602179,0.04763529029101808,0.31833229204962094,1.1905411611640724,0.7791581491469634,0.9068596824988852,0.6840994274732984,0.8885831661962341,0.8885831661962341,0.8885831661962341,0.0,0.0,0.0,0.0,0.0,0.7039355411650252,0.10643256490176167,0.07821506012944723,4.544329230553106,195.0969144359914,518.0223690391263,7.308879088625108,194.20833126979517,0.7039355411650252,11.731085793515145,0.0,0.0,-1154.7031265061996,0.0,1.8189894035458565e-11,0.0,0.0
contact_inhibition_hypothesis,recirculating,443.1122053394457,443.1122053394457,19803.87601537334,90000.0,0.0,0.0,0.0,0.0,260.80860761743435,0.0,0.0,966666.6666666648,145.0,0.12542746278404743,0.03261114032385233,0.05088262621560379,0.31821852990792926,1.2035305048624152,0.7781352509002759,0.9065250879644979,0.6831382273131951,0.8932610324996818,0.8932610324996818,0.8932610324996818,0.0,0.0,0.0,0.0,0.0,0.7081536029421582,0.10642369589728384,0.07868373366023979,4.544564908916561,196.12398462667875,517.633602678456,7.319162945492251,195.23072359417907,0.7081536029421582,11.801379793031066,0.0,0.0,-1156.7258430490747,0.0,1.8189894035458565e-11,0.0,-1.1102230246251565e-16
contact_inhibition_hypothesis,recirculating,445.4470226887637,445.4470226887637,19802.842611922915,90000.0,0.0,0.0,0.0,0.0,262.90459056630203,0.0,0.0,973333.3333333314,146.0,0.126088356825467,0.03278297277462142,0.054138811116605776,0.31810444281082156,1.2165552444664232,0.7771074004486863,0.906189537678887,0.682175413343404,0.8979677440978249,0.8979677440978249,0.8979677440978249,0.0,0.0,0.0,0.0,0.0,0.7123976744101876,0.10641477253094982,0.0791552971566875,4.544802065225358,197.15738807710494,517.2424390538379,7.329493121856361,196.2594203330071,0.7123976744101876,11.872107244045777,0.0,0.0,-1158.7510985469276,0.0,2.1827872842550278e-11,0.0,0.0
contact_inhibition_hypothesis,recirculating,447.7959773769306,447.7959773769306,19801.802951205835,90000.0,0.0,0.0,0.0,0.0,265.0035592403235,0.0,0.0,979999.999999998,147.0,0.12675325258591164,0.032955845672337024,0.057403439497985605,0.31799004377424145,1.2296137579919424,0.7760746964094682,0.9058530699242396,0.6812111037307598,0.9027029548746067,0.9027029548746067,0.9027029548746067,0.0,0.0,0.0,0.0,0.0,0.7166674434686612,0.10640579546498324,0.07962971594096234,4.545040682496007,198.19704879418651,516.8489069301559,7.339868614320456,197.29434583931192,0.7166674434686612,11.943262945405237,0.0,0.0,-1160.7789115195897,0.0,2.1827872842550278e-11,0.0,0.0
contact_inhibition_hypothesis,recirculating,450.1588950651661,450.1588950651661,19800.757110385435,90000.0,0.0,0.0,0.0,0.0,267.1055266695808,0.0,0.0,986666.6666666646,148.0,0.1274221007169982,0.033129746186419534,0.060676105544781936,0.31787534580171994,1.2427044221791277,0.7750372382455731,0.9055157229462352,0.6802454160276898,0.907466313383967,0.907466313383967,0.907466313383967,0.0,0.0,0.0,0.0,0.0,0.720962593211083,0.10639676537165252,0.08010695480123142,4.545280743471939,199.2428896145869,516.4530355152573,7.3502884138457345,198.33542330120292,0.720962593211083,12.014841615862698,0.0,0.0,-1162.8093002783894,0.0,2.1827872842550278e-11,0.0,0.0
contact_inhibition_hypothesis,recirculating,452.5355988783546,452.5355988783546,19799.70516774765,90000.0,0.0,0.0,0.0,0.0,269.2105055939958,0.0,0.0,993333.3333333313,149.0,0.12809485115240776,0.03330466129962602,0.06395640336946333,0.31776036187645507,1.2558256134778534,0.773995126205143,0.9051775349307503,0.6792784671040487,0.9122574630668975,0.9122574630668975,0.9122574630668975,0.0,0.0,0.0,0.0,0.0,0.7252828021206381,0.10638768293285515,0.08058697801340421,4.5455222306342105,200.29483225237288,516.0548544419148,7.36075150639822,199.38257478930598,0.7252828021206381,12.086837897340434,0.0,0.0,-1164.8422829213266,0.0,2.1827872842550278e-11,0.0,0.0
contact_inhibition_hypothesis,recirculating,454.9259095135044,454.9259095135044,19798.647202653003,90000.0,0.0,0.0,0.0,0.0,271.3185084619504,0.0,0.0,999999.9999999979,150.0,0.12877145313858615,0.0334805778160324,0.06724392725518463,0.317645104953529,1.2689757090207385,0.7729484612610751,0.9048385439809676,0.6783103730807506,0.9170760424700831,0.9170760424700831,0.9170760424700831,0.0,0.0,0.0,0.0,0.0,0.7296277442673441,0.10637854883970078,0.08106974936303822,4.545765126212263,201.35279734701967,515.6543937496549,7.371256873591651,200.4357213045496,0.7296277442673441,12.15924635821529,0.0,0.0,-1166.8778773284064,0.0,2.1827872842550278e-11,0.0,0.0
contact_inhibition_hypothesis,recirculating,457.3296453488505,457.3296453488505,19797.583295488323,90000.0,0.0,0.0,0.0,0.0,273.42954742909046,0.0,0.0,1006666.6666666645,151.0,0.12945185526562664,0.03365748236906293,0.07053827189565773,0.3175295879522732,1.282153087582631,0.7718973450507147,0.9044987880949212,0.6773412492652793,0.9219216854658406,0.9219216854658406,0.9219216854658406,0.0,0.0,0.0,0.0,0.0,0.7339970895063753,0.10636936379209022,0.08155523216737502,4.546009412194777,202.41670451170017,515.2516838664802,7.381803493325652,201.49478282623434,0.7339970895063753,12.232061496623745,0.0,0.0,-1168.916101157138,0.0,2.1827872842550278e-11,0.0,0.0
contact_inhibition_hypothesis,recirculating,459.74662255345396,459.74662255345396,19796.51352761823,90000.0,0.0,0.0,0.0,0.0,275.5436343573125,0.0,0.0,1013333.3333333312,152.0,0.13013600549829302,0.033835361429556184,0.07383903263135747,0.3174138237487892,1.29535613052543,0.770841879815753,0.9041583051434976,0.6763712100891224,0.9267940214730567,0.9267940214730567,0.9267940214730567,0.0,0.0,0.0,0.0,0.0,0.7383905036772859,0.10636012849829461,0.08204338929747619,4.546255070340567,203.4864723817943,514.846755590507,7.392390340418499,202.55967836032124,0.7383905036772859,12.305277743781968,0.0,0.0,-1170.9569718382018,0.0,2.546585164964199e-11,0.0,0.0
contact_inhibition_hypothesis,recirculating,462.17665519715825,462.17665519715825,19795.437981336465,90000.0,0.0,0.0,0.0,0.0,277.66078081393044,0.0,0.0,1019999.9999999978,153.0,0.13082385120714402,0.03401420131385745,0.07714580568180342,0.3172978251686328,1.3085832227272136,0.7697821683424024,0.9038171328489201,0.6754003690471972,0.9316926756788473,0.9316926756788473,0.9316926756788473,0.0,0.0,0.0,0.0,0.0,0.7428076488038845,0.10635084367453125,0.08253418320043159,4.546502082189533,204.56201866355627,514.439640071544,7.403016387233567,203.63032598787743,0.7428076488038845,12.378889467316734,0.0,0.0,-1173.0005065712849,0.0,2.1827872842550278e-11,0.0,-1.1102230246251565e-16
contact_inhibition_hypothesis,recirculating,464.619555360761,464.619555360761,19794.356739817144,90000.0,0.0,0.0,0.0,0.0,279.78099807102177,0.0,0.0,1026666.6666666644,154.0,0.1315153391997185,0.03419398819192681,0.08045818837365945,0.3171816049796695,1.321832753494638,0.7687183139019231,0.9034753087637339,0.6744288386393008,0.9366172692606508,0.9366172692606508,0.9366172692606508,0.0,0.0,0.0,0.0,0.0,0.7472481832944997,0.10634151004454007,0.08302757592161106,4.546750429073625,205.64326018287736,514.0303687926349,7.413680604298875,204.70664291361672,0.7472481832944997,12.452890974602838,0.0,0.0,-1175.0467223210903,0.0,2.1827872842550278e-11,0.0,0.0
contact_inhibition_hypothesis,recirculating,467.0751332462653,467.0751332462653,19793.26988706594,90000.0,0.0,0.0,0.0,0.0,281.9042971049506,0.0,0.0,1033333.333333331,155.0,0.13221041575174322,0.03437470809545324,0.08377577936441923,0.31706517588510724,1.3351031174576768,0.7676504201915685,0.9031328702503155,0.673456730313642,0.9415674196084812,0.9415674196084812,0.9415674196084812,0.0,0.0,0.0,0.0,0.0,0.7517117621423893,0.10633212833915967,0.08352352912693213,4.547000092127838,206.73011293408362,513.6189735515868,7.424381960918859,205.78854551447515,0.7517117621423893,12.527276516102917,0.0,0.0,-1177.095635813519,0.0,2.546585164964199e-11,0.0,0.0
contact_inhibition_hypothesis,recirculating,469.543197287075,469.543197287075,19792.17750787131,90000.0,0.0,0.0,0.0,0.0,284.0306885960649,0.0,0.0,1039999.9999999977,156.0,0.1329090266383248,0.034556346925964446,0.0870981788614474,0.31694855051671345,1.3483927154457895,0.7665785912760192,0.902789854460922,0.6724841544124858,0.9465427405470687,0.9465427405470687,0.9465427405470687,0.0,0.0,0.0,0.0,0.0,0.7561980371260493,0.10632269929590282,0.08402200412511655,4.547251052301202,207.8224921287091,513.2054864425098,7.435119425777755,206.875949388162,0.7561980371260493,12.602040288705611,0.0,0.0,-1179.1472635320306,0.0,1.8189894035458565e-11,0.0,1.1102230246251565e-16
contact_inhibition_hypothesis,recirculating,472.023554258003,472.023554258003,19791.079687755835,90000.0,0.0,0.0,0.0,0.0,286.1601829285661,0.0,0.0,1046666.6666666643,157.0,0.13361111716508856,0.03473889046292303,0.09042498883616913,0.3168317414282223,1.3616999553446765,0.7655029315293698,0.9024462983183009,0.6715112201199476,0.951542842557623,0.951542842557623,0.951542842557623,0.0,0.0,0.0,0.0,0.0,0.7607066570091798,0.10631322365853438,0.08452296188990885,4.54750329036775,208.92031224418596,512.7899398373854,7.445891967533891,207.96876940162835,0.7607066570091798,12.67717643905798,0.0,0.0,-1181.2016217141795,0.0,2.1827872842550278e-11,0.0,0.0
contact_inhibition_hypothesis,recirculating,474.5160093849645,474.5160093849645,19789.976512927627,90000.0,0.0,0.0,0.0,0.0,288.2927901905478,0.0,0.0,1053333.333333331,158.0,0.1343166321992285,0.03492232437179941,0.09375581323320933,0.31671476108893654,1.3750232529328374,0.7644235455777306,0.9021022384968722,0.6705380354119564,0.9565673329989621,0.9565673329989621,0.9565673329989621,0.0,0.0,0.0,0.0,0.0,0.7652372677400822,0.10630370217664865,0.08502636308223133,4.547756786937483,210.02348707239548,512.3723663676899,7.456698555404341,209.06691973939652,0.7652372677400822,12.752679066888469,0.0,0.0,-1183.2587263483306,0.0,2.1827872842550278e-11,0.0,0.0
contact_inhibition_hypothesis,recirculating,477.0203664542292,477.0203664542292,19788.868070231998,90000.0,0.0,0.0,0.0,0.0,290.4285201742016,0.0,0.0,1059999.9999999977,159.0,0.13502551620043204,0.03510663421211233,0.09709025817429781,0.31659762187752993,1.3883610326971914,0.7633405382425067,0.9017577114044999,0.6695647070084236,0.9616158163277515,0.9616158163277515,0.9616158163277515,0.0,0.0,0.0,0.0,0.0,0.7697895126502513,0.10629413560525001,0.08553216807225013,4.548011522467282,211.1319297680236,511.95279890609066,7.467538159739199,210.17031395169585,0.7697895126502513,12.828542228316437,0.0,0.0,-1185.3185931705564,0.0,2.1827872842550278e-11,0.0,0.0
contact_inhibition_hypothesis,recirculating,479.5364279211126,479.5364279211126,19787.75444710335,90000.0,0.0,0.0,0.0,0.0,292.5673823761856,0.0,0.0,1066666.6666666644,160.0,0.13573771325164652,0.03529180544542809,0.10042793215677312,0.31648033607605364,1.4017117286270926,0.7622540144844097,0.9014127531648637,0.6685913403276205,0.9666878943176124,0.9666878943176124,0.9666878943176124,0.0,0.0,0.0,0.0,0.0,0.7743630326519496,0.10628452470433507,0.08604033696132772,4.54826747727177,212.24555289666844,511.53127054823636,7.478409752585069,211.27886500235084,0.7743630326519496,12.90475993914474,0.0,0.0,-1187.381237661712,0.0,1.8189894035458565e-11,0.0,0.0
contact_inhibition_hypothesis,recirculating,482.06399501798745,482.06399501798745,19786.635731517374,90000.0,0.0,0.0,0.0,0.0,294.7093859981542,0.0,0.0,1073333.3333333312,161.0,0.1364531670896526,0.03547782344330968,0.10376844624652681,0.3163629158641507,1.4150737849861073,0.761164079348259,0.9010673996004434,0.6676180394427887,0.9717831662768605,0.9717831662768605,0.9717831662768605,0.0,0.0,0.0,0.0,0.0,0.7789574664345444,0.10627487023847781,0.08655082960383824,4.548524631534124,213.36426848264657,511.1078145946614,7.489312308237101,212.39248531636972,0.7789574664345444,12.981326178131683,0.0,0.0,-1189.4466750446938,0.0,2.1827872842550278e-11,0.0,0.0
contact_inhibition_hypothesis,recirculating,484.602867861503,484.602867861503,19785.51201194357,90000.0,0.0,0.0,0.0,0.0,296.8545399474442,0.0,0.0,1079999.999999998,162.0,0.13717182113541407,0.03566467349520766,0.10711141426525043,0.31624537331348235,1.4284456570610018,0.7600708379086252,0.9007216862161246,0.6666449070409864,0.9769012292646466,0.9769012292646466,0.9769012292646466,0.0,0.0,0.0,0.0,0.0,0.7835724506594065,0.10626517297641722,0.08706360562882291,4.548782965316808,214.4879880564491,510.6824645328231,7.50024480377916,213.51108682718444,0.7835724506594065,13.058234890239008,0.0,0.0,-1191.5149202818766,0.0,1.8189894035458565e-11,0.0,0.0
contact_inhibition_hypothesis,recirculating,487.1528455589015,487.1528455589015,19784.38337729822,90000.0,0.0,0.0,0.0,0.0,299.0028528379153,0.0,0.0,1086666.6666666646,163.0,0.13789361852417162,0.03585234081628462,0.11045645297185583,0.3161277203823678,1.4418258118874232,0.7589743952163635,0.9003756481834347,0.6656720443841727,0.9820416783052783,0.9820416783052783,0.9820416783052783,0.0,0.0,0.0,0.0,0.0,0.7882076201531658,0.10625543369064963,0.08757862446146285,4.549042458572217,215.61662270179778,510.2552540192894,7.511206219611649,214.6345810234925,0.7882076201531658,13.135479989852508,0.0,0.0,-1193.5859880727342,0.0,1.8189894035458565e-11,0.0,1.1102230246251565e-16
contact_inhibition_hypothesis,recirculating,489.71372631332713,489.71372631332713,19783.249916897763,90000.0,0.0,0.0,0.0,0.0,301.15433299094,0.0,0.0,1093333.3333333314,164.0,0.13861850213525165,0.03604081055516543,0.1138031822379565,0.31600996891064115,1.455212728951826,0.7578748562460859,0.9000293203254152,0.6646995512725331,0.9872041066005098,0.9872041066005098,0.9872041066005098,0.0,0.0,0.0,0.0,0.0,0.792862608099137,0.10624565315702422,0.08809584534434854,4.549303091153236,216.75008310225545,509.8262168620967,7.522195539966527,215.76287899565494,0.792862608099137,13.213055363972117,0.0,0.0,-1195.6598928516391,0.0,1.8189894035458565e-11,0.0,1.1102230246251565e-16
contact_inhibition_hypothesis,recirculating,492.28530752802607,492.28530752802607,19782.11172041267,90000.0,0.0,0.0,0.0,0.0,303.30898843653995,0.0,0.0,1099999.9999999981,165.0,0.13934641462156136,0.03623006780160595,0.1171512252173109,0.3158921306147262,1.4686049008692437,0.7567723258446158,0.899682737102136,0.6637275260100374,0.9923881057395971,0.9923881057395971,0.9923881057395971,0.0,0.0,0.0,0.0,0.0,0.7975370462267288,0.10623583215434287,0.08861522735852541,4.549564842823693,217.88827958734552,509.39538700329217,7.533211753409164,216.89589148160593,0.7975370462267288,13.290954875368435,0.0,0.0,-1197.7366487858428,0.0,1.8189894035458565e-11,0.0,0.0
contact_inhibition_hypothesis,recirculating,494.8673859093413,494.8673859093413,19780.968877821877,90000.0,0.0,0.0,0.0,0.0,305.46682691466503,0.0,0.0,1106666.6666666649,166.0,0.14007729843874217,0.03642009759407296,0.1205002085091397,0.3157742170829315,1.4820008340365587,0.7556669086804668,0.8993359325968575,0.6627560653722246,0.9975932659069229,0.9975932659069229,0.9975932659069229,0.0,0.0,0.0,0.0,0.0,0.8022305649986624,0.10622597146396463,0.0891367294442958,4.549827693268687,219.0311221781381,508.9627985016784,7.5442538533266275,218.0335289122312,0.8022305649986624,13.369172365702708,0.0,0.0,-1199.8162697736336,0.0,1.4551915228366852e-11,0.0,0.0
contact_inhibition_hypothesis,recirculating,497.45975756840966,497.45975756840966,19779.821479367754,90000.0,0.0,0.0,0.0,0.0,307.627855876611,0.0,0.0,1113333.3333333316,167.0,0.14081109587395643,0.03661088492722867,0.12384976231524858,0.3156562397709654,1.4953990492609943,0.754558709194382,0.8989889405028395,0.661785264576196,1.0028191760870055,1.0028191760870055,1.0028191760870055,0.0,0.0,0.0,0.0,0.0,0.8069427937958301,0.10621607186941648,0.08966031042175888,4.55009162210481,220.17852063226167,508.5284855157765,7.555320838402129,219.17570145617466,0.8069427937958301,13.447701658607508,0.0,0.0,-1201.8987694426748,0.0,1.4551915228366852e-11,0.0,0.0
contact_inhibition_hypothesis,recirculating,500.06221812147373,500.06221812147373,19778.669615511717,90000.0,0.0,0.0,0.0,0.0,309.7920824865718,0.0,0.0,1119999.9999999984,168.0,0.1415477490742815,0.036802414759313194,0.12719952059089218,0.3155382099976727,1.5087980823635687,0.7534478315509728,0.898641794110802,0.6608152172528012,1.0080654242667164,1.0080654242667164,1.0080654242667164,0.0,0.0,0.0,0.0,0.0,0.8116733610996383,0.10620613415600717,0.0901859290110709,4.550356608890223,221.33038448830166,508.0924822870188,7.566411713075309,220.32231906403496,0.8116733610996383,13.526536562725472,0.0,0.0,-1203.9841611485176,0.0,1.8189894035458565e-11,0.0,0.0
contact_inhibition_hypothesis,recirculating,502.67456278872515,502.67456278872515,19777.51337689047,90000.0,0.0,0.0,0.0,0.0,311.9595136233219,0.0,0.0,1126666.666666665,169.0,0.14228720007468842,0.03699467201941899,0.130549121189336,0.3154201389409924,1.5221964847573441,0.7523343795914893,0.8982945262970365,0.6598460154210035,1.0133315976345352,1.0133315976345352,1.0133315976345352,0.0,0.0,0.0,0.0,0.0,0.8164218946716773,0.10619615911044937,0.09071354385240857,4.550622633134595,222.48662310954913,507.6548231231909,7.5775254879880345,221.4732915119146,0.8164218946716773,13.6056708747035,0.0,0.0,-1206.0724579732896,0.0,1.8189894035458565e-11,0.0,0.0
contact_inhibition_hypothesis,recirculating,505.29658649160103,505.29658649160103,19776.352854272955,90000.0,0.0,0.0,0.0,0.0,314.130155882026,0.0,0.0,1133333.3333333319,170.0,0.14302939082558283,0.03718764161465154,0.13389820600008198,0.31530203763413633,1.5355928240003278,0.7512184567877485,0.8979471695121658,0.658877749464383,1.0186172827766886,1.0186172827766886,1.0186172827766886,0.0,0.0,0.0,0.0,0.0,0.8211880217305825,0.10618614752048582,0.09124311352562026,4.550889674308894,223.64714572706467,507.2155423821296,7.588661180415662,222.62852844428798,0.8211880217305825,13.685098382140156,0.0,0.0,-1208.163672724557,0.0,1.8189894035458565e-11,0.0,0.0
contact_inhibition_hypothesis,recirculating,507.92808394845997,507.92808394845997,19775.188138517995,90000.0,0.0,0.0,0.0,0.0,316.3040155761696,0.0,0.0,1139999.9999999986,171.0,0.14377426321988676,0.03738130843717056,0.13724642108073293,0.3151839169619878,1.5489856843229317,0.7501001661972547,0.8975997557705523,0.657910508109772,1.0239220658700214,1.0239220658700214,1.0239220658700214,0.0,0.0,0.0,0.0,0.0,0.8259713691259487,0.10617610017452282,0.09177459656954984,4.551157711855016,224.81186148202517,506.7746744556947,7.59981781468332,223.78793941615515,0.8259713691259487,13.764812866483934,0.0,0.0,-1210.257817934357,0.0,2.1827872842550278e-11,0.0,0.0
contact_inhibition_hypothesis,recirculating,510.568849768568,510.568849768568,19774.019320532694,90000.0,0.0,0.0,0.0,0.0,318.48109873960914,0.0,0.0,1146666.6666666653,172.0,0.14452175911964255,0.03757565737110706,0.1405934167824901,0.315065787657719,1.5623736671299604,0.7489796104195304,0.89725231664035,0.6569443784079679,1.0292455328714607,1.0292455328714607,1.0292455328714607,0.0,0.0,0.0,0.0,0.0,0.8307715635091715,0.10616601786127025,0.09230795150101903,4.551426725195264,225.98067946732252,506.33225375402293,7.610994422567321,224.95143393445105,0.8307715635091715,13.844808105880341,0.0,0.0,-1212.3549058584001,0.0,1.8189894035458565e-11,0.0,0.0
contact_inhibition_hypothesis,recirculating,513.2186785443298,513.2186785443298,19772.846491231634,90000.0,0.0,0.0,0.0,0.0,320.6614111287338,0.0,0.0,1153333.333333332,173.0,0.14527182038211978,0.037770673299351146,0.14393884786928166,0.3149476602996267,1.5757553914771267,0.7478568915536826,0.8969048832341961,0.6559794457165152,1.0345872697039435,1.0345872697039435,1.0345872697039435,0.0,0.0,0.0,0.0,0.0,0.8355882315011,0.1061559013693879,0.09284313683345553,4.551696693741639,227.15350876838573,505.8883146900757,7.6221900436813,226.1189214986818,0.8355882315011,13.92507787796583,0.0,0.0,-1214.4549484754393,0.0,1.8189894035458565e-11,0.0,2.220446049250313e-16
contact_inhibition_hypothesis,recirculating,515.877364941706,515.877364941706,19771.66974149682,90000.0,0.0,0.0,0.0,0.0,322.8449582247383,0.0,0.0,1159999.9999999988,174.0,0.14602438888540867,0.037966341110206255,0.14728237363053517,0.3148295453081826,1.5891294945221408,0.7467321111572237,0.8965574862005371,0.6550157936844968,1.0399468624386863,1.0399468624386863,1.0399468624386863,0.0,0.0,0.0,0.0,0.0,0.8404209998563924,0.10614575148713909,0.09338011109515469,4.551967596904971,228.33025850320004,505.4428916644913,7.633403725847202,227.29031164076136,0.8404209998563924,14.005615962606779,0.0,0.0,-1216.557957486803,0.0,1.8189894035458565e-11,0.0,0.0
contact_inhibition_hypothesis,recirculating,518.5447037887599,518.5447037887599,19770.48916213852,90000.0,0.0,0.0,0.0,0.0,325.0317452359993,0.0,0.0,1166666.6666666656,175.0,0.14677940655348443,0.03816264570390595,0.15062365798762054,0.31471145294329794,1.6024946319504823,0.7456053702061629,0.8962101557155823,0.6540535042393107,1.0453238974736851,1.0453238974736851,1.0453238974736851,0.0,0.0,0.0,0.0,0.0,0.8452694956244702,0.10613556900205168,0.09391883284716332,4.552239414103851,229.51083786149823,504.99601905075014,7.644634525450928,228.46551396402455,0.8452694956244702,14.086416144581795,0.0,0.0,-1218.6639443160889,0.0,1.8189894035458565e-11,0.0,0.0
contact_inhibition_hypothesis,recirculating,521.2204901622844,521.2204901622844,19769.304843856917,90000.0,0.0,0.0,0.0,0.0,327.22177710055314,0.0,0.0,1173333.3333333323,176.0,0.14753681538072766,0.03835957199898919,0.15396236959399143,0.31459339330179864,1.6158494783759658,0.744476769056382,0.8958629214758784,0.6530926575753857,1.0507179617083457,1.0507179617083457,1.0507179617083457,0.0,0.0,0.0,0.0,0.0,0.8501333463069832,0.10612535470058661,0.0944592607007759,4.5525121247733935,230.69515614310228,504.5477311806616,7.655881507782617,229.64443818139392,0.8501333463069832,14.167472216205875,0.0,0.0,-1220.7729201090185,0.0,1.8189894035458565e-11,0.0,0.0
contact_inhibition_hypothesis,recirculating,523.9045194724613,523.9045194724613,19768.116877204626,90000.0,0.0,0.0,0.0,0.0,329.4150584886693,0.0,0.0,1179999.999999999,177.0,0.14829655745588807,0.0385571049385309,0.1572981819290716,0.31447537631510875,1.6291927277162865,0.7433464074063092,0.8955158126914964,0.6521333321447929,1.0561286427141452,1.0561286427141452,1.0561286427141452,0.0,0.0,0.0,0.0,0.0,0.8550121800116985,0.10611510936781356,0.09500135333463314,4.5527857083737935,231.88312279539397,504.09806233018116,7.667143747361548,230.82699415267982,0.8550121800116985,14.248777979894955,0.0,0.0,-1222.8848957334455,0.0,1.8189894035458565e-11,0.0,0.0
contact_inhibition_hypothesis,recirculating,526.5965875455116,526.5965875455116,19766.925352550123,90000.0,0.0,0.0,0.0,0.0,331.61159380551527,0.0,0.0,1186666.6666666658,178.0,0.14905857498547967,0.038755229496224716,0.1606307733859391,0.3143574117471393,1.6425230935437565,0.7422143842608957,0.8951688580798216,0.6511756046497068,1.061555528901246,1.061555528901246,1.061555528901246,0.0,0.0,0.0,0.0,0.0,0.8599056256027359,0.106104833787095,0.09554506951141507,4.553060144398691,233.07464744989642,503.6470467055627,7.67842032824571,232.01309192099518,0.8599056256027359,14.330327250669592,0.0,0.0,-1224.999881779517,0.0,1.8189894035458565e-11,0.0,0.0
contact_inhibition_hypothesis,recirculating,529.2964907043003,529.2964907043003,19765.730360042067,90000.0,0.0,0.0,0.0,0.0,333.8113871939096,0.0,0.0,1193333.3333333326,179.0,0.14982281031659647,0.038953930682315084,0.16395982735286688,0.31423950919237886,1.6558393094114674,0.7410807978969078,0.8948220858599379,0.6502195500366725,1.0669982096809847,1.0669982096809847,1.0669982096809847,0.0,0.0,0.0,0.0,0.0,0.8648133128470867,0.10609452873977723,0.09609036809412072,4.553335412383338,234.2696399579501,503.194718429855,7.689710344326003,233.20264174826912,0.8648133128470867,14.4121138585967,0.0,0.0,-1227.1178885599843,0.0,1.8189894035458565e-11,0.0,0.0
contact_inhibition_hypothesis,recirculating,532.0040258468593,532.0040258468593,19764.53198957455,90000.0,0.0,0.0,0.0,0.0,336.014442537157,0.0,0.0,1199999.9999999993,180.0,0.15058920595913963,0.039153193549376304,0.16728503228879232,0.31412167807418206,1.6691401291551693,0.7399457458295341,0.8944755237475943,0.6492652414926234,1.0724562756241667,1.0724562756241667,1.0724562756241667,0.0,0.0,0.0,0.0,0.0,0.869734872557348,0.10608419500489111,0.09663720806192753,4.553611491912556,235.46801042546784,502.7411115297464,7.701012899605233,234.39555414984366,0.869734872557348,14.494131651168205,0.0,0.0,-1229.23892611066,0.0,1.8189894035458565e-11,0.0,0.0
contact_inhibition_hypothesis,recirculating,534.7189905228043,534.7189905228043,19763.33033075326,90000.0,0.0,0.0,0.0,0.0,338.22076346196235,0.0,0.0,1206666.666666666,181.0,0.15135770460744752,0.03935300319793636,0.1706060817927914,0.3140039276432532,1.6824243271711656,0.7388093247803117,0.8941291989507447,0.648312750442607,1.0779293186151107,1.0779293186151107,1.0779293186151107,0.0,0.0,0.0,0.0,0.0,0.8746699367306267,0.10607383335885884,0.09718554852562516,4.553888362628493,236.66966924675694,502.28625992276193,7.71232710846188,235.59173992814183,0.8746699367306267,14.576374495615893,0.0,0.0,-1231.3630041910178,0.0,1.4551915228366852e-11,0.0,0.0
contact_inhibition_hypothesis,recirculating,537.4411830076151,537.4411830076151,19762.12547286262,90000.0,0.0,0.0,0.0,0.0,340.4303533414191,0.0,0.0,1213333.3333333328,182.0,0.15212824916132198,0.039553344781943715,0.17392267466764402,0.3138862669763198,1.695690698670576,0.7376716306463726,0.8937831381656466,0.6473621465491639,1.083416932001391,1.083416932001391,1.083416932001391,0.0,0.0,0.0,0.0,0.0,0.8796181386835621,0.10606344457521096,0.097735348742618,4.554166004238165,237.8745271373964,501.8301974048191,7.723652095898807,236.791110205395,0.8796181386835621,14.65883628116156,0.0,0.0,-1233.490132284929,0.0,1.4551915228366852e-11,0.0,0.0
contact_inhibition_hypothesis,recirculating,540.1704023747626,540.1704023747626,19760.917504833855,90000.0,0.0,0.0,0.0,0.0,342.64321529806733,0.0,0.0,1219999.9999999995,183.0,0.15290078274644442,0.03975420351407555,0.17723451497758244,0.3137687049749931,1.7089380599103299,0.7365327584710073,0.8934373675735091,0.6464134977133041,1.0889187107392364,1.0889187107392364,1.0889187107392364,0.0,0.0,0.0,0.0,0.0,0.8845791131834337,0.10605302942431005,0.09828656813149261,4.554444396520783,239.08249516616067,501.3729576381441,7.734986997777062,237.99357645542142,0.8845791131834337,14.741510921201922,0.0,0.0,-1235.6203196015367,0.0,1.4551915228366852e-11,0.0,0.0
contact_inhibition_hypothesis,recirculating,542.9064485656633,542.9064485656633,19759.70651521403,90000.0,0.0,0.0,0.0,0.0,344.85935220701765,0.0,0.0,1226666.6666666663,184.0,0.15367524873417712,0.039955564670886054,0.18054131210032004,0.3136512503648094,1.7221652484012802,0.7353928024155406,0.8930919128376748,0.6454668700770326,1.094434251534549,1.094434251534549,1.094434251534549,0.0,0.0,0.0,0.0,0.0,0.8895524965753184,0.10604258867308425,0.09883916628614647,4.554723519334879,240.29348478598172,500.9145741395516,7.746330961034886,239.19905053444717,0.8895524965753184,14.824392355427682,0.0,0.0,-1237.7535750762613,0.0,1.4551915228366852e-11,0.0,0.0
contact_inhibition_hypothesis,recirculating,545.6491224574479,545.6491224574479,19758.49259213607,90000.0,0.0,0.0,0.0,0.0,347.0787666991365,0.0,0.0,1233333.333333333,185.0,0.15445159076074594,0.04015741359779394,0.1838427807734668,0.3135339116944504,1.7353711230938673,0.7342518557325167,0.8927467991013247,0.6445223280273709,1.09996315297952,1.09996315297952,1.09996315297952,0.0,0.0,0.0,0.0,0.0,0.8945379269052768,0.10603212308476798,0.09939310298947518,4.555003352625201,241.5074078639441,500.45508026909135,7.757683143892054,240.4074447109646,0.8945379269052768,14.907474551876437,0.0,0.0,-1239.8899073719313,0.0,1.4551915228366852e-11,0.0,0.0
contact_inhibition_hypothesis,recirculating,548.3982259285362,548.3982259285362,19757.275823289703,90000.0,0.0,0.0,0.0,0.0,349.30146116428887,0.0,0.0,1239999.9999999998,186.0,0.1552297527458018,0.040359735713908475,0.18713864113544296,0.3134166973351347,1.748554564541772,0.7331100107401831,0.8924020509856904,0.6435799342018116,1.1055050156848176,1.1055050156848176,1.1055050156848176,0.0,0.0,0.0,0.0,0.0,0.8995350440395494,0.10602163341865163,0.09994833822661657,4.555283876429401,242.72417671030854,499.99450921906265,7.769042716039865,241.6186716946237,0.8995350440395494,14.990751508919091,0.0,0.0,-1242.029324880041,0.0,1.0913936421275139e-11,0.0,0.0
contact_inhibition_hypothesis,recirculating,551.1535619220094,551.1535619220094,19756.05629589345,90000.0,0.0,0.0,0.0,0.0,351.52743775463404,0.0,0.0,1246666.6666666665,187.0,0.15600967891035905,0.040562516516693355,0.19042861876100234,0.31329961548017876,1.7617144750440095,0.7319673587982654,0.8920576925887611,0.642639749495162,1.1110594424073403,1.1110594424073403,1.1110594424073403,0.0,0.0,0.0,0.0,0.0,0.9045434897797497,0.10601112042984054,0.10050483219774994,4.555565070884499,243.94370410656094,499.5328940033961,7.78040885881685,242.8326446641536,0.9045434897797497,15.074217257179528,0.0,0.0,-1244.1718357221257,0.0,1.0913936421275139e-11,0.0,0.0
contact_inhibition_hypothesis,recirculating,553.9149345067786,553.9149345067786,19754.834096667528,90000.0,0.0,0.0,0.0,0.0,353.7566983879707,0.0,0.0,1253333.3333333333,188.0,0.1567913137941098,0.04076574158646855,0.1937124446914903,0.3131826741447196,1.7748497787659612,0.7308239902850212,0.8917137474844695,0.64170183306771,1.116626038173525,1.116626038173525,1.116626038173525,0.0,0.0,0.0,0.0,0.0,0.9095629079740535,0.10600058486902093,0.10106254533045037,4.555846916233138,245.16590333248598,499.0702674474069,7.79178076537054,244.04927729431245,0.9095629079740535,15.1578658613876,0.0,0.0,-1246.3174477512543,0.0,1.4551915228366852e-11,0.0,2.220446049250313e-16
contact_inhibition_hypothesis,recirculating,556.6821489365503,556.6821489365503,19753.609311807748,90000.0,0.0,0.0,0.0,0.0,355.989244751127,0.0,0.0,1260000.0,189.0,0.15757460227211456,0.04096939659074979,0.1969898554599562,0.3130658811655969,1.7879594218398247,0.7296799945755625,0.8913702387223439,0.6407662423546688,1.122204410398213,1.122204410398213,1.122204410398213,0.0,0.0,0.0,0.0,0.0,0.91459294462438,0.10599002748223525,0.10162143829159775,4.556129392829612,246.3906881922655,498.606662177915,7.803157640805402,245.26848378186727,0.91459294462438,15.241691422165292,0.0,0.0,-1248.466168553633,0.0,1.4551915228366852e-11,0.0,-2.220446049250313e-16
contact_inhibition_hypothesis,recirculating,559.4550117065925,559.4550117065925,19752.382026960408,90000.0,0.0,0.0,0.0,0.0,358.22507830339185,0.0,0.0,1266666.6666666667,190.0,0.15835948957087065,0.04117346728842637,0.20026059311125394,0.31294924420138714,1.8010423724450157,0.7285354600214289,0.8910271888276093,0.6398330330768346,1.1277941689990856,1.1277941689990856,1.1277941689990856,0.0,0.0,0.0,0.0,0.0,0.9196332479895775,0.10597944901066621,0.10218147199884191,4.55641248114568,247.61797303960353,498.14211061373607,7.814538702317317,246.49017887060444,0.9196332479895775,15.325688077746308,0.0,0.0,-1250.6180054503168,0.0,1.0913936421275139e-11,0.0,0.0
contact_inhibition_hypothesis,recirculating,562.2333306083062,562.2333306083062,19751.15232719813,90000.0,0.0,0.0,0.0,0.0,360.46420027998414,0.0,0.0,1273333.3333333335,191.0,0.15914592128375918,0.041377939533777386,0.20352440521725626,0.3128327707325864,1.814097620869025,0.7273904739313999,0.8906846198017249,0.6389022592524061,1.1333949265066723,1.1333949265066723,1.1333949265066723,0.0,0.0,0.0,0.0,0.0,0.9246834686846191,0.10596885019042883,0.10274260763162432,4.55669616177616,248.84767280187998,497.6766449565375,7.8259231793148025,247.7142778753733,0.9246834686846191,15.409850005629178,0.0,0.0,-1252.7729654990262,0.0,1.0913936421275139e-11,0.0,0.0
contact_inhibition_hypothesis,recirculating,565.0169147816149,565.0169147816149,19749.920296996672,90000.0,0.0,0.0,0.0,0.0,362.70661169555467,0.0,0.0,1280000.0000000002,192.0,0.15993384338587432,0.04158279928032733,0.2067810448873223,0.3127164680619356,1.8271241795492892,0.7262451225535276,0.89034255312334,0.6379739732099121,1.1390062981699618,1.1390062981699618,1.1390062981699618,0.0,0.0,0.0,0.0,0.0,0.9297432597758318,0.10595823175237086,0.10330480664175908,4.556980415444315,250.07970300333844,497.2102971820621,7.837310313527247,248.94069670516848,0.9297432597758318,15.494171424164236,0.0,0.0,-1254.9310554960616,0.0,1.0913936421275139e-11,0.0,0.0
contact_inhibition_hypothesis,recirculating,567.8055747651827,567.8055747651827,19748.6860202127,90000.0,0.0,0.0,0.0,0.0,364.9523133477191,0.0,0.0,1286666.666666667,193.0,0.16072320224823824,0.041788032584541945,0.2100302707741535,0.3126003433148833,1.840121083096614,0.7250994910583718,0.8900010097496568,0.6370482256021898,1.1446279020576364,1.1446279020576364,1.1446279020576364,0.0,0.0,0.0,0.0,0.0,0.934812276872179,0.10594759442188185,0.10386803076357543,4.557265223007008,251.31397978731306,496.743099031715,7.848699359100473,250.16935188525542,0.934812276872179,15.578646594074863,0.0,0.0,-1257.0922819783154,0.0,1.0913936421275139e-11,0.0,0.0
contact_inhibition_hypothesis,recirculating,570.5991225444753,570.5991225444753,19747.44958006251,90000.0,0.0,0.0,0.0,0.0,367.20130582061654,0.0,0.0,1293333.3333333337,194.0,0.16151394465140512,0.04199362560936533,0.21327184707517655,0.312484403440181,1.8530873883007062,0.7239536635234197,0.8896600101181795,0.6361250654213607,1.1502593591549568,1.1502593591549568,1.1502593591549568,0.0,0.0,0.0,0.0,0.0,0.939890178212622,0.10593693891871012,0.10443224202362464,4.557550565459659,252.55041993750072,496.27508200451126,7.860089582679889,251.40016057834578,0.939890178212622,15.663269819913344,0.0,0.0,-1259.2566512253745,0.0,1.0913936421275139e-11,0.0,2.220446049250313e-16
contact_inhibition_hypothesis,recirculating,573.3973715976832,573.3973715976832,19746.211059101726,90000.0,0.0,0.0,0.0,0.0,369.4535894884913,0.0,0.0,1300000.0000000005,195.0,0.1623060177984602,0.042199564627599655,0.2165055435295961,0.3123686552106057,1.8660221741183844,0.7228077229186695,0.8893195741488403,0.6352045400147489,1.1559002934563376,1.1559002934563376,1.1559002934563376,0.0,0.0,0.0,0.0,0.0,0.944976624749594,0.10592626595678883,0.10499740274995487,4.557836423940977,253.78894089828663,495.8062773493822,7.871480263481593,252.63304060483028,0.944976624749594,15.748035451451983,0.0,0.0,-1261.4241692617106,0.0,1.4551915228366852e-11,0.0,-2.220446049250313e-16
contact_inhibition_hypothesis,recirculating,576.2001369395258,576.2001369395258,19744.97053920588,90000.0,0.0,0.0,0.0,0.0,371.70916451929395,0.0,0.0,1306666.6666666672,196.0,0.16309936932741906,0.04240583602512896,0.2197311354112592,0.3122531052238037,1.8789245416450369,0.7216617510933551,0.8889797212464814,0.6342866951016902,1.161550332053651,1.161550332053651,1.161550332053651,0.0,0.0,0.0,0.0,0.0,0.9500712802286242,0.10591557624406876,0.10556347558095822,4.558122779737492,255.0294607941325,495.3367160578365,7.88287069335167,253.86791046207884,0.9500712802286242,15.832937885010022,0.0,0.0,-1263.594841858955,0.0,1.0913936421275139e-11,0.0,0.0
contact_inhibition_hypothesis,recirculating,579.0072351629578,579.0072351629578,19743.728101551977,90000.0,0.0,0.0,0.0,0.0,373.9680308782986,0.0,0.0,1313333.333333334,197.0,0.163893947323033,0.04261242630398858,0.22294840351747447,0.31213775990325154,1.8917936140698979,0.7205158287637937,0.8886404703036811,0.6333715747911784,1.1672091052203033,1.1672091052203033,1.1672091052203033,0.0,0.0,0.0,0.0,0.0,0.955173811264148,0.10590487048236115,0.1061304234737942,4.558409614287863,256.27189844803604,494.8664288569738,7.894260176814047,255.10468934281573,0.955173811264148,15.917971564717027,0.0,0.0,-1265.7686745382528,0.0,1.0913936421275139e-11,0.0,0.0
contact_inhibition_hypothesis,recirculating,581.818484478804,581.818484478804,19742.48382660094,90000.0,0.0,0.0,0.0,0.0,376.2301883317329,0.0,0.0,1320000.0000000007,198.0,0.164689700328008,0.04281932208528208,0.22615713415393188,0.3120226254993287,1.9046285366157276,0.7193700355023304,0.888301839703908,0.632459221600299,1.1728762464911313,1.1728762464911313,1.1728762464911313,0.0,0.0,0.0,0.0,0.0,0.9602838874115509,0.10589414936718583,0.10669820971239452,4.558696909186998,257.5161733990733,494.3954462028436,7.905648031107206,256.3432971525822,0.9602838874115509,16.003130983713493,0.0,0.0,-1267.9456725726907,0.0,1.0913936421275139e-11,0.0,0.0
contact_inhibition_hypothesis,recirculating,584.6337047533455,584.6337047533455,19741.23779408098,90000.0,0.0,0.0,0.0,0.0,378.4956364504179,0.0,0.0,1326666.6666666674,199.0,0.1654865773536441,0.04302651011194747,0.22935711911586618,0.3119077080904955,1.9174284764634648,0.718224449727357,0.8879638473249868,0.6315496764733953,1.1785513927381739,1.1785513927381739,1.1785513927381739,0.0,0.0,0.0,0.0,0.0,0.9654011812354892,0.10588341358763048,0.10726679791505433,4.558984646189953,258.762205919035,493.9237982741482,7.917033586210111,257.5836545262968,0.9654011812354892,16.08841068528943,0.0,0.0,-1270.1258409897998,0.0,1.4551915228366852e-11,0.0,-2.220446049250313e-16
contact_inhibition_hypothesis,recirculating,587.4527175438888,587.4527175438888,19739.990082971843,90000.0,0.0,0.0,0.0,0.0,380.7643746134144,0.0,0.0,1333333.3333333342,200.0,0.16628452788990333,0.043233977251374865,0.23254815566561018,0.3117930135845732,1.9301926226624406,0.7170791486943822,0.8876265105428623,0.6306429788019217,1.1842341842423743,1.1842341842423743,1.1842341842423743,0.0,0.0,0.0,0.0,0.0,0.9705253683745441,0.10587266382621431,0.10783615204161598,4.559272807215644,260.00991702816907,493.4515149662845,7.928416184857657,258.8256828439267,0.9705253683745441,16.173805263961775,0.0,0.0,-1272.309184574124,0.0,1.0913936421275139e-11,0.0,-2.220446049250313e-16
contact_inhibition_hypothesis,recirculating,590.2753461323435,590.2753461323435,19738.740771489967,90000.0,0.0,0.0,0.0,0.0,383.03640201167286,0.0,0.0,1340000.000000001,201.0,0.16708350191491445,0.043441710497877754,0.2357300465066828,0.3116785477201195,1.9429201860267313,0.7159342084881272,0.8872898462356457,0.6297391664449338,1.1899242647612687,1.1899242647612687,1.1899242647612687,0.0,0.0,0.0,0.0,0.0,0.9756561276022554,0.10586190075876264,0.10840623640025057,4.559561374350346,261.25922851004276,492.9786258857178,7.9397951825459705,260.0693042452815,0.9756561276022554,16.259309366491586,0.0,0.0,-1274.4957078698526,0.0,1.0913936421275139e-11,0.0,2.220446049250313e-16
contact_inhibition_hypothesis,recirculating,593.1014155568437,593.1014155568437,19737.48993707447,90000.0,0.0,0.0,0.0,0.0,385.31171765168443,0.0,0.0,1346666.6666666677,202.0,0.16788344990392343,0.043649696975020094,0.23890259975455483,0.3115643160678953,1.9556103990182194,0.7147897040156219,0.8869538707879274,0.6288382757501645,1.1956212815927298,1.1956212815927298,1.1956212815927298,0.0,0.0,0.0,0.0,0.0,0.9807931408845997,0.10585112505428572,0.10897701565384439,4.559850329851009,262.510062925538,492.50516034468416,7.951169947527947,261.3144416439453,0.9807931408845997,16.344917692841854,0.0,0.0,-1276.685415183514,0.0,1.0913936421275139e-11,0.0,2.220446049250313e-16
contact_inhibition_hypothesis,recirculating,595.9307526414403,595.9307526414403,19736.237656374018,90000.0,0.0,0.0,0.0,0.0,387.59032035912975,0.0,0.0,1353333.3333333344,203.0,0.16868432283769855,0.04385792393780162,0.2420656289042364,0.3114503240324174,1.9682625156169458,0.7136457090002768,0.8866186000953453,0.6279403415756432,1.2013248856348266,1.2013248856348266,1.2013248856348266,0.0,0.0,0.0,0.0,0.0,0.9859360934339628,0.10584033737486798,0.10954845482599584,4.560139656148373,263.7623436259941,492.03114735621625,7.962539860799321,262.56101874035926,0.9859360934339628,16.43062499707699,0.0,0.0,-1278.878310586724,0.0,1.0913936421275139e-11,0.0,2.220446049250313e-16
contact_inhibition_hypothesis,recirculating,598.7631860239055,598.7631860239055,19734.9840052345,90000.0,0.0,0.0,0.0,0.0,389.8722087825235,0.0,0.0,1360000.0000000012,204.0,0.16948607221040043,0.04406637877470412,0.24521895279483236,0.31133657685359256,1.9808758111793294,0.7125022959769023,0.8862840495693899,0.6270453973118147,1.2070347314418706,1.2070347314418706,1.2070347314418706,0.0,0.0,0.0,0.0,0.0,0.9910846737596775,0.1058295383755622,0.1101205193066308,4.560429335849902,265.01599476551337,491.55661562948495,7.973904316075569,263.8089600340715,0.9910846737596775,16.516426088205023,0.0,0.0,-1281.0743979189897,0.0,1.0913936421275139e-11,0.0,2.220446049250313e-16
contact_inhibition_hypothesis,recirculating,601.598546181676,601.598546181676,19733.729058687568,90000.0,0.0,0.0,0.0,0.0,392.1573813968512,0.0,0.0,1366666.666666668,205.0,0.17028865003692567,0.04427504900960068,0.24836239557119832,0.3112230796084276,1.9934495822847933,0.7113595362876536,0.8859502341424341,0.6261534749041023,1.212750477276717,1.212750477276717,1.212750477276717,0.0,0.0,0.0,0.0,0.0,0.9962385737151822,0.10581872870429253,0.11069317485724244,4.560719351742515,266.27094131244434,491.08159356545286,7.985262719760148,265.05819083516764,0.9962385737151822,16.602315830963512,0.0,0.0,-1283.273680790559,0.0,1.0913936421275139e-11,0.0,0.0
contact_inhibition_hypothesis,recirculating,604.436665455979,604.436665455979,19732.472890939953,90000.0,0.0,0.0,0.0,0.0,394.4458365071964,0.0,0.0,1373333.3333333347,206.0,0.17109200885973583,0.04448392230353131,0.25149578664284833,0.31110983721281166,2.0059831465713933,0.7102175000788687,0.8856171682729755,0.6252646048758881,1.218471785159399,1.218471785159399,1.218471785159399,0.0,0.0,0.0,0.0,0.0,1.0013974885418715,0.10580790900176378,0.11126638761576348,4.561009686795159,267.52710906005956,490.60610925283254,7.996614490904175,266.30863727490015,1.0013974885418715,16.688289146550286,0.0,0.0,-1285.4761625853175,0.0,1.0913936421275139e-11,0.0,0.0
contact_inhibition_hypothesis,recirculating,607.277378074172,607.277378074172,19731.21557536357,90000.0,0.0,0.0,0.0,0.0,396.7375722523566,0.0,0.0,1380000.0000000014,207.0,0.17189610175518122,0.04469298645634712,0.254618960640245,0.31099685442336467,2.0184758425609797,0.7090762562987784,0.8852848659510726,0.6243788163518519,1.2241983209121619,1.2241983209121619,1.2241983209121619,0.0,0.0,0.0,0.0,0.0,1.006561116909707,0.10579707990137634,0.11184012410107853,4.561300324161181,268.7844246364439,490.13019046434346,8.007959061158129,267.56022631553174,1.006561116909707,16.77434101330027,0.0,0.0,-1287.6818464637277,0.0,1.4551915228366852e-11,0.0,0.0
contact_inhibition_hypothesis,recirculating,610.1205201703377,610.1205201703377,19729.957184486404,90000.0,0.0,0.0,0.0,0.0,399.0325866084435,0.0,0.0,1386666.6666666681,208.0,0.1727008823393301,0.04490222940822582,0.25773175736860776,0.3108841358393494,2.030927029474431,0.707935872696058,0.8849533407039688,0.6234961370816463,1.2299297542009804,1.2299297542009804,1.2299297542009804,0.0,0.0,0.0,0.0,0.0,1.0117291609546468,0.10578624202915059,0.11241435121718295,4.561591247180541,270.0428155136094,489.65386465326236,8.019295874715667,268.81288575940846,1.0117291609546468,16.860466467309188,0.0,0.0,-1289.8907353658055,0.0,1.4551915228366852e-11,0.0,0.0
contact_inhibition_hypothesis,recirculating,612.9659298041724,612.9659298041724,19728.69778998416,90000.0,0.0,0.0,0.0,0.0,401.330877392468,0.0,0.0,1393333.333333335,209.0,0.1735063047733156,0.04511163924106206,0.2608340217593833,0.3107716859046402,2.043336087037533,0.7067964158191946,0.884622605601883,0.6226165934638465,1.235665758573635,1.235665758573635,1.235665758573635,0.0,0.0,0.0,0.0,0.0,1.0169013263129818,0.10577539600365536,0.11298903625699794,4.561882439381837,271.3022100158559,489.17715895025793,8.030624388250159,270.06654425728226,1.0169013263129818,16.946660603005842,0.0,0.0,-1292.1028320141334,0.0,1.4551915228366852e-11,0.0,0.0
contact_inhibition_hypothesis,recirculating,615.8134469782063,615.8134469782063,19727.43746267262,90000.0,0.0,0.0,0.0,0.0,403.6324422659053,0.0,0.0,1400000.0000000016,210.0,0.17431232376820985,0.045321204179734564,0.26392560381949753,0.31065950890974703,2.05570241527799,0.7056579510166445,0.8842926732639619,0.6217402105701612,1.2414060114944265,1.2414060114944265,1.2414060114944265,0.0,0.0,0.0,0.0,0.0,1.0220773221526347,0.1057645424359436,0.11356414690584826,4.562173884484186,272.5625373273923,488.70010016050617,8.041944070843988,271.3211313158979,1.0220773221526347,17.032918573673655,0.0,0.0,-1294.3181389169029,0.0,1.0913936421275139e-11,0.0,-2.220446049250313e-16
contact_inhibition_hypothesis,recirculating,618.662938090924,618.662938090924,19726.176261684588,90000.0,0.0,0.0,0.0,0.0,405.9372787418459,0.0,0.0,1406666.6666666684,211.0,0.1751189015067311,0.04553091439175009,0.26700638494425655,0.3105476080357237,2.068025539777026,0.7045205326910001,0.8839635530462462,0.6208670046972822,1.2471502436387316,1.2471502436387316,1.246663608801966,0.0004866348367656494,0.0,0.0,0.0,0.0,1.0272569056221381,0.10575368183635597,0.11413965618023754,4.562465568900586,273.8237383154273,488.22271066693696,8.053254500837685,272.5765880717886,1.0272569056221381,17.11923633219293,0.0,0.0,-1296.5366576343242,0.0,1.4551915228366852e-11,0.0,0.0
contact_inhibition_hypothesis,recirculating,621.5181272036274,621.5181272036274,19724.91253872932,90000.0,0.0,0.0,0.0,0.0,408.2453858136046,0.0,0.0,1413333.3333333351,212.0,0.17592709212269642,0.04574104395190107,0.27008039353765423,0.3104358356237752,2.080321574150617,0.7033826787750439,0.8836348106581624,0.619995817053518,1.2529059622672483,1.2529059622672483,1.2465353048120555,0.006370657455192828,0.0,0.0,0.0,0.0,1.0324468460288427,0.1057428000129785,0.11471631622542695,4.56275787399754,275.08746127069355,487.7443665589402,8.064570538172518,273.83455530842633,1.0324468460288427,17.205726689070662,0.0,0.0,-1298.7582743492053,0.0,1.4551915228366852e-11,0.0,0.0
contact_inhibition_hypothesis,recirculating,624.3816973570714,624.3816973570714,19723.64510627771,90000.0,0.0,0.0,0.0,0.0,410.55676740481834,0.0,0.0,1420000.0000000019,213.0,0.17673765507836012,0.04595179032037363,0.2731504770298045,0.31032408640281817,2.092601908119218,0.702243330651807,0.883306136478877,0.619125824034502,1.258678576068173,1.258678576068173,1.2464066300588401,0.012271946009332834,0.0,0.0,0.0,0.0,1.0376520203919413,0.10573188674379383,0.1152946689324379,4.563051074740464,276.3548937223031,487.26461833328295,8.075902838970201,275.0962151462349,1.0376520203919413,17.2924709198317,0.0,0.0,-1300.9829117096579,0.0,1.0913936421275139e-11,0.0,0.0
contact_inhibition_hypothesis,recirculating,627.2535352941645,627.2535352941645,19722.37401445799,90000.0,0.0,0.0,0.0,0.0,412.87142829596934,0.0,0.0,1426666.6666666686,214.0,0.17755055831513877,0.046163145161936085,0.27621645568548703,0.3102123650080262,2.104865822741948,0.7011025464972337,0.8829775441412535,0.6182570600107149,1.2644678567288004,1.2644678567288004,1.246277589683281,0.018190267045519324,0.0,0.0,0.0,0.0,1.042872222837584,0.10572094246481822,0.11587469142639818,4.563345159868848,277.6259855420224,486.7834849644921,8.08725095660589,276.3615176852936,1.042872222837584,17.379465593588336,0.0,0.0,-1303.2105779270523,0.0,1.0913936421275139e-11,0.0,0.0
contact_inhibition_hypothesis,recirculating,630.1335190667467,630.1335190667467,19721.099317245113,90000.0,0.0,0.0,0.0,0.0,415.1893731309319,0.0,0.0,1433333.3333333354,215.0,0.1783657673143526,0.04637509950173168,0.2792781429873429,0.3101006763331167,2.1171125719493715,0.699960387637875,0.8826490480385787,0.6173895611943214,1.2702735584162732,1.2702735584162732,1.2461481892160542,0.024125369200219064,0.0,0.0,0.0,0.0,1.0481072316940363,0.10570996764512182,0.11645635907711512,4.563640117227112,278.9006827549017,486.3009868831526,8.098614415066642,277.63040919648546,1.0481072316940363,17.466707016181115,0.0,0.0,-1305.4412813394222,0.0,1.4551915228366852e-11,0.0,0.0
contact_inhibition_hypothesis,recirculating,633.0215264269015,633.0215264269015,19719.821068746696,90000.0,0.0,0.0,0.0,0.0,417.5106064170663,0.0,0.0,1440000.000000002,216.0,0.1791832474724728,0.04658764434284293,0.2823353546895897,0.30998902520200156,2.129341418758359,0.6988169152018922,0.8823206623588281,0.6165233630821473,1.276095434693462,1.276095434693462,1.2460184342004552,0.030077000493006874,0.0,0.0,0.0,0.0,1.0533568247447567,0.10569896275484357,0.11703964719386181,4.563935934623569,280.1789312533172,485.817144570069,8.109992742211436,278.90283581862377,1.0533568247447567,17.55419148437137,0.0,0.0,-1307.675030157366,0.0,1.4551915228366852e-11,0.0,2.220446049250313e-16
contact_inhibition_hypothesis,recirculating,635.9174348583987,635.9174348583987,19718.53932318912,90000.0,0.0,0.0,0.0,0.0,419.83513252632474,0.0,0.0,1446666.6666666688,217.0,0.18000296411002145,0.04680077066860558,0.28538790885090537,0.30987741636825644,2.1415516354036215,0.6976721901045109,0.8819924010831073,0.6156585004552996,1.2819332385823485,1.2819332385823485,1.2458883301909698,0.03604490839137883,0.0,0.0,0.0,0.0,1.058620779285548,0.10568792826507313,0.11762453103172751,4.564232599833572,281.460676810888,485.33197855099814,8.121385469870614,280.1787435723057,1.058620779285548,17.641915286793655,0.0,0.0,-1309.9118324642022,0.0,1.0913936421275139e-11,0.0,0.0
contact_inhibition_hypothesis,recirculating,638.821121607869,638.821121607869,19717.25413490374,90000.0,0.0,0.0,0.0,0.0,422.16295569638567,0.0,0.0,1453333.3333333356,218.0,0.18082488248039613,0.04701446944490299,0.2884356258657057,0.30976585451463934,2.153742503462823,0.6965262730337507,0.8816642779842334,0.6147950073791945,1.2877867226268709,1.2877867226268709,1.2457578827518716,0.042028839874999405,0.0,0.0,0.0,0.0,1.0638988721812275,0.1056768646477293,0.11821098579791413,4.564530100602641,282.74586509627403,484.8455093914256,8.13279213394147,281.45807837364714,1.0638988721812275,17.729874704900155,0.0,0.0,-1312.1516962161568,0.0,1.0913936421275139e-11,0.0,0.0
contact_inhibition_hypothesis,recirculating,641.732463715696,641.732463715696,19715.965558313164,90000.0,0.0,0.0,0.0,0.0,424.4940800318153,0.0,0.0,1460000.0000000023,219.0,0.18164896777861392,0.047228731622439624,0.2914783284938154,0.3096543442526562,2.1659133139752615,0.695379224436437,0.8813363066254595,0.6139329172039852,1.2936556389551972,1.2936556389551972,1.2456270974558155,0.04802854149938158,0.0,0.0,0.0,0.0,1.0691908799217795,0.105665772375442,0.11879898665797547,4.564828424649577,284.034441686849,484.3577576913909,8.144212274479983,282.7407860478938,1.0691908799217795,17.818066013896456,0.0,0.0,-1314.39462924259,0.0,1.4551915228366852e-11,0.0,2.220446049250313e-16
contact_inhibition_hypothesis,recirculating,644.65133804661,644.65133804661,19714.67364791777,90000.0,0.0,0.0,0.0,0.0,426.8285095052546,0.0,0.0,1466666.666666669,220.0,0.18247518514997152,0.0474435481389926,0.2945158418885406,0.30954289012217484,2.178063367554162,0.694231104504497,0.8810085003593379,0.6130722625653817,1.2995397393414,1.2995397393414,1.2454959798824605,0.05404375945893952,0.0,0.0,0.0,0.0,1.074496578677968,0.10565465192143567,0.11938850874199641,4.565127559669528,285.3263520822416,483.8687440803612,8.155645435788689,284.0268123429002,1.074496578677968,17.906485483668337,0.0,0.0,-1316.6406392462575,0.0,1.0913936421275139e-11,0.0,0.0
contact_inhibition_hypothesis,recirculating,647.5776213199747,647.5776213199747,19713.37845828227,90000.0,0.0,0.0,0.0,0.0,429.166247958632,0.0,0.0,1473333.3333333358,221.0,0.1833034996986181,0.04765890992164071,0.29754799362315437,0.3094314965910847,2.1901919744926177,0.6930819731615467,0.8806808723267198,0.6122130753858472,1.3054387752665104,1.3054387752665104,1.2453645356171001,0.06007423964941031,0.0,0.0,0.0,0.0,1.0798157443563885,0.10564350375941212,0.11997952715070981,4.5654274933370385,286.62154171774046,483.378489212158,8.167091166500732,285.31610294247395,1.0798157443563885,17.995129379699215,0.0,0.0,-1318.889733803604,0.0,1.0913936421275139e-11,0.0,0.0
contact_inhibition_hypothesis,recirculating,650.5111901397485,650.5111901397485,19712.08004402246,90000.0,0.0,0.0,0.0,0.0,431.50729910439946,0.0,0.0,1480000.0000000026,222.0,0.18413387649603613,0.047874807888969396,0.30057461371579774,0.30932016805500306,2.202298454863191,0.691931890049771,0.8803534354558914,0.6113553868761731,1.311352497978916,1.311352497978916,1.2452327702493067,0.0661197277296094,0.0,0.0,0.0,0.0,1.085148152653932,0.10563232836343617,0.12057201696154796,4.565728213309068,287.919955977555,482.88701375993713,8.178549019660023,286.60860347957606,1.085148152653932,18.083993963977775,0.0,0.0,-1321.141920365093,0.0,1.4551915228366852e-11,0.0,-2.220446049250313e-16
contact_inhibition_hypothesis,recirculating,653.4519210241136,653.4519210241136,19710.778459792084,90000.0,0.0,0.0,0.0,0.0,433.85166652679135,0.0,0.0,1486666.6666666693,223.0,0.18496628058942835,0.04809123295325137,0.3035955346528142,0.3092089088370263,2.2143821386112568,0.6907809145170993,0.880026202461842,0.61049922753741,1.3172806585540902,1.3172806585540902,1.2451006893715924,0.0721799691824977,0.0,0.0,0.0,0.0,1.0904935791116408,0.10562112620782246,0.12116595323462673,4.566029707227979,289.2215402079298,482.3943384112251,8.190018552797614,287.90425954937575,1.0904935791116408,18.173075495895493,0.0,0.0,-1323.3972062555672,0.0,1.4551915228366852e-11,0.0,2.220446049250313e-16
contact_inhibition_hypothesis,recirculating,656.3996904347567,656.3996904347567,19709.47376026991,90000.0,0.0,0.0,0.0,0.0,436.19935368310513,0.0,0.0,1493333.333333336,224.0,0.18580067701000577,0.048308176022601505,0.30661059141052327,0.3090977231875252,2.226442365642093,0.6896291056046837,0.8796991858456624,0.6096446271631543,1.3232230079536174,1.3232230079536174,1.2449682985780883,0.07825470937552893,0.0,0.0,0.0,0.0,1.095851799167935,0.10560989776702269,0.12176131101865943,4.566331962724483,290.5262397301041,481.90048386301294,8.201499328004232,289.2030167221505,1.095851799167935,18.262370233133637,0.0,0.0,-1325.6555986746428,0.0,1.4551915228366852e-11,0.0,0.0
contact_inhibition_hypothesis,recirculating,659.3543748057931,659.3543748057931,19708.1660001469,90000.0,0.0,0.0,0.0,0.0,438.5503639050025,0.0,0.0,1500000.0000000028,225.0,0.18663703078117502,0.04852562800310551,0.30961962147545086,0.3089866152839845,2.2384784859018034,0.6884765220346772,0.8793723978940722,0.6087916148421746,1.3291792970835021,1.3291792970835021,1.2448356034632384,0.08434369362026378,0.0,0.0,0.0,0.0,1.1012225882111886,0.10559864351551487,0.12235806535679869,4.566634967420569,291.8339998531138,481.4054708169114,8.212990911999041,290.5048205560303,1.1012225882111886,18.351874432539457,0.0,0.0,-1327.9171046971344,0.0,1.4551915228366852e-11,0.0,0.0
contact_inhibition_hypothesis,recirculating,662.315850572322,662.315850572322,19706.855234113584,90000.0,0.0,0.0,0.0,0.0,440.9047003998299,0.0,0.0,1506666.6666666695,226.0,0.18747530692662132,0.048743579800921547,0.31262246486302947,0.3088755892308844,2.250489859452118,0.6873232221983195,0.8790458506790717,0.6079402189613703,1.3351492768517323,1.3351492768517323,1.2447026096205083,0.09044666723122412,0.0,0.0,0.0,0.0,1.1066057216316338,0.10558736392769479,0.12295619129240373,4.56693870893238,293.14476588643055,480.90931997436604,8.22449287619464,291.8096166095788,1.1066057216316338,18.441584350991178,0.0,0.0,-1330.1817312735102,0.0,1.4551915228366852e-11,0.0,0.0
contact_inhibition_hypothesis,recirculating,665.2839941986028,665.2839941986028,19705.54151684758,90000.0,0.0,0.0,0.0,0.0,443.2623662519579,0.0,0.0,1513333.3333333363,227.0,0.18831547047828395,0.04896202232435383,0.31561896413478135,0.3087646490596244,2.262475856539125,0.6861692641443286,0.8787195560577189,0.6070904672090539,1.3411326982250793,1.3411326982250793,1.2445693226411156,0.09656337558396379,0.0,0.0,0.0,0.0,1.112000974872581,0.10557605947776706,0.1235556638747312,4.567243174873068,294.4584831524321,480.4120520319371,8.23600479675829,293.11735045420704,1.112000974872581,18.53149624625156,0.0,0.0,-1332.4494852303778,0.0,1.4551915228366852e-11,0.0,0.0
contact_inhibition_hypothesis,recirculating,668.258682205844,668.258682205844,19704.22490300131,90000.0,0.0,0.0,0.0,0.0,445.6233644241373,0.0,0.0,1520000.000000003,228.0,0.18915748648422218,0.04918094648589777,0.3186089644140054,0.30865379872848847,2.2744358576560213,0.6850147055676024,0.878393525672025,0.606242386578544,1.3471293122851167,1.3471293122851167,1.2444357481127786,0.10269356417233819,0.0,0.0,0.0,0.0,1.1174081234809294,0.10556473063963952,0.12415645816454769,4.567548352855603,295.77509699870257,479.91368767664386,8.247526254669436,294.42796768641745,1.1174081234809294,18.621606377809687,0.0,0.0,-1334.720373270999,0.0,1.4551915228366852e-11,0.0,0.0
contact_inhibition_hypothesis,recirculating,671.2397911995932,671.2397911995932,19702.90544718986,90000.0,0.0,0.0,0.0,0.0,447.98769775887223,0.0,0.0,1526666.6666666698,229.0,0.19000132001636835,0.04940034320425577,0.32159231339998157,0.30854304212264905,2.2863692535999265,0.6838596037982313,0.8780677709489678,0.6053960033720542,1.353138870283436,1.353138870283436,1.2443018916184734,0.10883697866496247,0.0,0.0,0.0,0.0,1.1228269431569557,0.10555337788681851,0.12475854923966172,4.567854230495549,297.0945528101547,479.4142475813761,8.25905683577363,295.7414139398713,1.1228269431569557,18.71191100771067,0.0,0.0,-1336.9944019758327,0.0,1.4551915228366852e-11,0.0,0.0
contact_inhibition_hypothesis,recirculating,674.2271978967219,674.2271978967219,19701.58320397904,90000.0,0.0,0.0,0.0,0.0,450.3553689798077,0.0,0.0,1533333.3333333365,230.0,0.1908469361781662,0.04962020340632321,0.3245688613807148,0.30843238305421167,2.298275445522859,0.6827040157908227,0.8777423031006226,0.6045513432048837,1.3591611236960437,1.3591611236960437,1.2441677587352267,0.11499336496081704,0.0,0.0,0.0,0.0,1.128257209803365,0.10554200169230499,0.12536191220037385,4.568160795413797,298.4167960209742,478.91375240037263,8.270596130832663,297.05763489727815,1.128257209803365,18.802406401373077,0.0,0.0,-1339.271577803106,0.0,1.4551915228366852e-11,0.0,-2.220446049250313e-16
contact_inhibition_hypothesis,recirculating,677.2207791519953,677.2207791519953,19700.258227873634,90000.0,0.0,0.0,0.0,0.0,452.7263806931321,0.0,0.0,1540000.0000000033,231.0,0.19169430011209168,0.04984051802914384,0.32753846124423464,0.3083218252622968,2.3101538449769388,0.6815479981141379,0.8774171331244024,0.6037084310098763,1.3651958242769242,1.3651958242769242,1.24403335503291,0.12116246924401423,0.0,0.0,0.0,0.0,1.1336986995735876,0.10553060252849376,0.12596652217484303,4.568468035239264,299.74177212637886,478.4122227647704,8.282143735571259,298.3765763021019,1.1336986995735876,18.893088828393836,0.0,0.0,-1341.5519070894097,0.0,1.0913936421275139e-11,0.0,0.0
contact_inhibition_hypothesis,recirculating,680.2204119842194,680.2204119842194,19698.930573305825,90000.0,0.0,0.0,0.0,0.0,455.1007353889925,0.0,0.0,1546666.66666667,232.0,0.19254337700705415,0.050061278021834084,0.3305009684884737,0.3082113724131593,2.3220038739538946,0.6803916069410442,0.8770922718034099,0.6028672910421589,1.371242724110748,1.371242724110748,1.243898686073069,0.12734403803767902,0.0,0.0,0.0,0.0,1.1391511889193073,0.10551918086707308,0.12657235432436745,4.568775937611543,301.06942669419226,477.9096792782237,8.293699250720085,299.6981839700815,1.1391511889193073,18.983954563340255,0.0,0.0,-1343.8353960503237,0.0,1.8189894035458565e-11,0.0,2.220446049250313e-16
contact_inhibition_hypothesis,recirculating,683.2259736019595,683.2259736019595,19697.60029462379,90000.0,0.0,0.0,0.0,0.0,457.4784354429222,0.0,0.0,1553333.3333333367,233.0,0.19339413210567633,0.05028247434747585,0.33345624122974576,0.30810102810034434,2.333824964918983,0.6792348980387799,0.8767677297068952,0.6020279468841336,1.377301575664718,1.377301575664718,1.243763757407758,0.1335378182569599,0.0,0.0,0.0,0.0,1.1446144546372121,0.10550773717892678,0.1271793838485791,4.569084490183526,302.3997053762264,477.4061425125957,8.305262282055322,301.0224038005617,1.1446144546372121,19.074999886529138,0.0,0.0,-1346.1220507810644,0.0,1.4551915228366852e-11,0.0,0.0
contact_inhibition_hypothesis,recirculating,686.2373414288214,686.2373414288214,19696.267446080543,90000.0,0.0,0.0,0.0,0.0,459.8594831172795,0.0,0.0,1560000.0000000035,234.0,0.19424653071145037,0.0505040979849771,0.3364041402098441,0.3079907958448779,2.3456165608393764,0.6780779267595346,0.8764435171908174,0.6011904214507211,1.3833721318395324,1.3833721318395324,1.2436285745784073,0.13974355726112522,0.0,0.0,0.0,0.0,1.1500882739149456,0.1054962719340373,0.12778758599054948,4.569393680623968,303.7325539194714,476.90163300372234,8.316832440434755,302.3491817876319,1.1500882739149456,19.166221084792568,0.0,0.0,-1348.4118772571583,0.0,1.4551915228366852e-11,0.0,0.0
contact_inhibition_hypothesis,recirculating,689.2543931282912,689.2543931282912,19694.932081822924,90000.0,0.0,0.0,0.0,0.0,462.2438805626967,0.0,0.0,1566666.6666666702,235.0,0.19510053819576895,0.05072613993089993,0.33934452880178534,0.3078806790954924,2.3573781152071414,0.6769207480313427,0.8761196443985071,0.6003547369948442,1.3894541460194596,1.3894541460194596,1.2434931431147018,0.14596100290475786,0.0,0.0,0.0,0.0,1.1555724243762617,0.10548478560139087,0.12839693604180683,4.5697034966200185,305.06791817708967,476.39617124725163,8.328409341830412,303.67846403107023,1.1555724243762617,19.2576144522304,0.0,0.0,-1350.7048813351375,0.0,1.4551915228366852e-11,0.0,0.0
contact_inhibition_hypothesis,recirculating,692.2770066281252,692.2770066281252,19693.594255880802,90000.0,0.0,0.0,0.0,0.0,464.6316298195381,0.0,0.0,1573333.333333337,236.0,0.19595612000482915,0.05094859120125558,0.3422772730142199,0.3077706812288854,2.3691090920568794,0.6757634163492916,0.8757961212614277,0.5995209151131379,1.3955473721215048,1.3955473721215048,1.2433574685334832,0.15218990358802176,0.0,0.0,0.0,0.0,1.1610666841253576,0.10547327864888532,0.12900740934726193,4.570013925879714,306.40574411921125,475.889777694557,8.339992607357878,305.01019674708976,1.1610666841253576,19.349176290949085,0.0,0.0,-1353.0010687532604,0.0,1.4551915228366852e-11,0.0,0.0
contact_inhibition_hypothesis,recirculating,695.3050601442875,695.3050601442875,19692.254022156485,90000.0,0.0,0.0,0.0,0.0,467.0227328193666,0.0,0.0,1580000.0000000037,237.0,0.19681324166640832,0.05117144283326616,0.3452022414945362,0.3076608055500103,2.3808089659781446,0.6746059857670423,0.8754729575000303,0.5986889767518797,1.4016515646436662,1.4016515646436662,1.2432215563376785,0.15843000830598766,0.0,0.0,0.0,0.0,1.1665708317903862,0.10546175154323713,0.12961898131004287,4.57032495613441,307.7459778435287,475.3824727487268,8.351581863302282,306.34432627888503,1.1665708317903862,19.440902911786786,0.0,0.0,-1355.300445132251,0.0,1.4551915228366852e-11,0.0,0.0
contact_inhibition_hypothesis,recirculating,698.3384322044285,698.3384322044285,19690.911434414324,90000.0,0.0,0.0,0.0,0.0,469.41719138641747,0.0,0.0,1586666.6666666705,238.0,0.19767186879650972,0.05139468588709253,0.34811930553068093,0.3075510552923985,2.3924772221227237,0.6734485098886632,0.8751501626247016,0.5978589422131267,1.4077664787122632,1.4077664787122632,1.2430854120152364,0.1646810666970268,0.0,0.0,0.0,0.0,1.172084646566133,0.10545020474989328,0.13023162739623698,4.570636575141191,309.0885655856884,474.87427676063106,8.363176741141029,307.6807991069761,1.172084646566133,19.532790635024604,0.0,0.0,-1357.6030159760642,0.0,1.0913936421275139e-11,0.0,0.0
contact_inhibition_hypothesis,recirculating,701.3770016709001,701.3770016709001,19689.566546270536,90000.0,0.0,0.0,0.0,0.0,471.8150072390784,0.0,0.0,1593333.3333333372,239.0,0.1985319671058773,0.051618311447528105,0.3510283390517217,0.307441433618512,2.404113356206887,0.672291041860774,0.8748277459368,0.5970308311610509,1.413891870128334,1.413891870128334,1.2429490410380988,0.17094282909023512,0.0,0.0,0.0,0.0,1.1776079082558515,0.10543863873294336,0.13084532313953903,4.570948770685213,310.4334537294777,474.3652100250657,8.374776877563354,309.0195618593494,1.1776079082558515,19.624835791083765,0.0,0.0,-1359.9087866726659,0.0,1.4551915228366852e-11,0.0,2.220446049250313e-16
contact_inhibition_hypothesis,recirculating,704.4206477633047,704.4206477633047,19688.219411183207,90000.0,0.0,0.0,0.0,0.0,474.21618199137515,0.0,0.0,1600000.000000004,240.0,0.19939350240637857,0.05184231062565843,0.3539292186271793,0.30733194362012495,2.415716874508717,0.6711336343650003,0.8745057165297793,0.5962046626284645,1.4200274954130907,1.4200274954130907,1.2428124488611865,0.17721504655190412,0.0,0.0,0.0,0.0,1.1831403973122516,0.10542705395503313,0.13146004414580573,4.571261530582021,311.78058881680516,473.8552927769747,8.386381914486702,310.3605613213921,1.1831403973122516,19.717034721208673,0.0,0.0,-1362.2177624948376,0.0,1.0913936421275139e-11,0.0,2.220446049250313e-16
contact_inhibition_hypothesis,recirculating,707.4692500805727,707.4692500805727,19686.87008244254,90000.0,0.0,0.0,0.0,0.0,476.620717154462,0.0,0.0,1606666.6666666707,241.0,0.20025644061725356,0.05206667456048593,0.35682182346515373,0.3072225883187337,2.4272872938606147,0.6699763396107357,0.8741840832903933,0.5953804550235217,1.4261731118524248,1.4261731118524248,1.2426756409214055,0.18349747093101934,0.0,0.0,0.0,0.0,1.18868189487763,0.10541545087728016,0.13207576609751442,4.571574842679804,313.12991755747186,473.34454518775124,8.397991499070061,311.7037444456194,1.18868189487763,19.809383778135704,0.0,0.0,-1364.5299486009976,0.0,1.0913936421275139e-11,0.0,0.0
contact_inhibition_hypothesis,recirculating,710.5226886225673,710.5226886225673,19685.51861316128,90000.0,0.0,0.0,0.0,0.0,479.02861413811564,0.0,0.0,1613333.3333333374,242.0,0.20112074777123057,0.05229139442051995,0.35970603540927293,0.3071133706659939,2.4388241416370917,0.6688192093282109,0.8738628548999822,0.5945582261365887,1.432328477540461,1.432328477540461,1.2425386226366792,0.1897898549037816,0.0,0.0,0.0,0.0,1.1942321828231415,0.10540382995919277,0.1326924647581268,4.5718886948616175,314.4813868387342,472.83298736161817,8.409605283724295,313.0490583611937,1.1942321828231415,19.90187932674765,0.0,0.0,-1366.8453500360392,0.0,1.4551915228366852e-11,0.0,0.0
contact_inhibition_hypothesis,recirculating,713.5808438112127,713.5808438112127,19684.16505626536,90000.0,0.0,0.0,0.0,0.0,481.43987425223196,0.0,0.0,1620000.0000000042,243.0,0.2019863900205065,0.05251646140533169,0.3625817389344905,0.3070042935441839,2.450326955737962,0.6676622947618674,0.8735420398358351,0.593737993147276,1.4384933514221474,1.4384933514221474,1.242401399405,0.19609195201714735,0.0,0.0,0.0,0.0,1.199791043787203,0.10539219165858858,0.13331011597635586,4.5722030750475495,315.83494373465504,472.32063933208843,8.42122292611946,314.3964503832329,1.199791043787203,19.994517744713736,0.0,0.0,-1369.1639717321896,0.0,1.4551915228366852e-11,0.0,0.0
contact_inhibition_hypothesis,recirculating,716.6435965111441,716.6435965111441,19682.80946448477,90000.0,0.0,0.0,0.0,0.0,483.8544987083251,0.0,0.0,1626666.666666671,244.0,0.20285333364259225,0.052741866747073984,0.36544882114176064,0.306895359766693,2.4617952845670423,0.6665056466640326,0.8732216463726266,0.5929197726316142,1.444667493334885,1.444667493334885,1.2422639766035022,0.20240351673138277,0.0,0.0,0.0,0.0,1.2053582612130318,0.10538053643151621,0.13392869569033686,4.572517971196847,317.19053551524365,471.8075210585055,8.432844089189349,315.7458680219088,1.2053582612130318,20.087295423115172,0.0,0.0,-1371.4858185098813,0.0,1.4551915228366852e-11,0.0,2.220446049250313e-16
contact_inhibition_hypothesis,recirculating,719.7108280498767,719.7108280498767,19681.45189034463,90000.0,0.0,0.0,0.0,0.0,486.27248862102743,0.0,0.0,1633333.3333333377,245.0,0.2037215450460216,0.05296760171196562,0.368307171751617,0.30678657207853444,2.473228687006468,0.6653493152888951,0.8729016825839249,0.5921035805693751,1.4508506640491854,1.4508506640491854,1.242126359587559,0.20872430446162646,0.0,0.0,0.0,0.0,1.210933619385306,0.10536886473217867,0.13454817993170062,4.57283337130999,318.5481096553828,471.29365242266397,8.444468441133104,317.0972589913336,1.210933619385306,20.180208767056122,0.0,0.0,-1373.8108950786427,0.0,1.0913936421275139e-11,0.0,2.220446049250313e-16
contact_inhibition_hypothesis,recirculating,722.7824202374936,722.7824202374936,19680.09238615647,90000.0,0.0,0.0,0.0,0.0,488.69384500959046,0.0,0.0,1640000.0000000044,246.0,0.2045909907759242,0.05319365760174029,0.37115668309668476,0.306677933156881,2.4846267323867393,0.6641933503867785,0.8725821563437678,0.5912894323515221,1.4570426253083586,1.4570426253083586,1.241988553689899,0.21505407161845969,0.0,0.0,0.0,0.0,1.21651690346595,0.10535717701285874,0.13516854482954996,4.573149263430721,319.9076138435424,470.77905322551146,8.456095655414142,318.450571218234,1.21651690346595,20.273254196260055,0.0,0.0,-1376.1392060380017,0.0,1.0913936421275139e-11,0.0,0.0
contact_inhibition_hypothesis,recirculating,725.8582553858512,725.8582553858512,19678.731004009733,90000.0,0.0,0.0,0.0,0.0,491.11856879938455,0.0,0.0,1646666.6666666712,247.0,0.20546163751946162,0.053420025755060024,0.3739972501131556,0.30656944561162314,2.4959890004526226,0.6630378011987079,0.8722630753283034,0.590477342787779,1.4632431398672296,1.4632431398672296,1.2418505642197462,0.22139257564748346,0.0,0.0,0.0,0.0,1.2221078995290455,0.10534547372384571,0.13578976661433836,4.573465635648032,321.2689959902801,470.26374318393147,8.467725410756412,319.80575285041283,1.2221078995290455,20.366428145651543,0.0,0.0,-1378.4707558784044,0.0,1.4551915228366852e-11,0.0,0.0
contact_inhibition_hypothesis,recirculating,728.9382163272998,728.9382163272998,19677.367795763486,90000.0,0.0,0.0,0.0,0.0,493.5466608233984,0.0,0.0,1653333.333333338,248.0,0.2063334521111268,0.05364669754889297,0.3768287703312504,0.30646111198594794,2.5073150813250016,0.6618827164512688,0.871944447017494,0.5896673261143175,1.4694519715298768,1.4694519715298768,1.2417123964619823,0.22773957506789455,0.0,0.0,0.0,0.0,1.2277063945948616,0.10533375531336404,0.13641182162165125,4.573782476098093,322.63220423652706,469.7477419276058,8.479357391137967,321.1627522649972,1.2277063945948616,20.459727065923367,0.0,0.0,-1380.8055489821463,0.0,1.4551915228366852e-11,0.0,0.0
contact_inhibition_hypothesis,recirculating,732.0221864329219,732.0221864329219,19676.00281303835,90000.0,0.0,0.0,0.0,0.0,495.97812182373593,0.0,0.0,1660000.0000000047,249.0,0.20720640153790623,0.05387366439985562,0.37965114386470245,0.3063529347569385,2.51860457545881,0.6607281443517555,0.8716262786968779,0.5888593960015406,1.4756688851863984,1.4756688851863984,1.24157405567633,0.23409482951006855,0.0,0.0,0.0,0.0,1.2333121766630044,0.10532202222750475,0.13703468629588936,4.5740997729661474,323.99718696166065,469.2310689959604,8.490991285782114,322.52151807647425,1.2333121766630044,20.553147424088966,0.0,0.0,-1383.1435896243183,0.0,1.0913936421275139e-11,0.0,-2.220446049250313e-16
contact_inhibition_hypothesis,recirculating,735.1100496302861,735.1100496302861,19674.63610720865,90000.0,0.0,0.0,0.0,0.0,498.41295245311136,0.0,0.0,1666666.6666666714,250.0,0.2080804529443055,0.05410091776551943,0.3824642733992877,0.30624491633619255,2.5298570935971507,0.6595741325836032,0.8713085774593899,0.5880535655619714,1.481893646848701,1.481893646848701,1.2414355470965603,0.24045809975214055,0.0,0.0,0.0,0.0,1.238925034744689,0.10531027491015779,0.13765833719385429,4.574417514488343,325.36389279136176,468.7137438351899,8.502626789145928,323.8819991445131,1.238925034744689,20.64668570402024,0.0,0.0,-1385.4848819737624,0.0,1.4551915228366852e-11,0.0,0.0
contact_inhibition_hypothesis,recirculating,738.2016904207175,738.2016904207175,19673.267729394753,90000.0,0.0,0.0,0.0,0.0,500.85115327634014,0.0,0.0,1673333.3333333381,251.0,0.20895557363723793,0.05432844914568186,0.38526806418043186,0.30613705907045907,2.541072256721727,0.6584207283021031,0.8709913502072326,0.5872498473582184,1.4881260236853158,1.4881260236853158,1.2412968759297187,0.2468291477555971,0.0,0.0,0.0,0.0,1.2445447588941323,0.10529851380294657,0.1382827509882369,4.574735688953532,326.73227060525943,468.195785795365,8.514263600906538,325.2441445815741,1.2445447588941323,20.740338406970714,0.0,0.0,-1387.8294300940406,0.0,1.0913936421275139e-11,0.0,0.0
contact_inhibition_hypothesis,recirculating,741.2969938960864,741.2969938960864,19671.897730455654,90000.0,0.0,0.0,0.0,0.0,503.29272477182656,0.0,0.0,1680000.000000005,252.0,0.20983173109077674,0.05455625008360195,0.3880624239999231,0.3060293652422923,2.5522496959996923,0.6572679781303957,0.8706746036538009,0.5864482534110261,1.4943657840552425,1.4943657840552425,1.2411580473553747,0.2532077366998678,0.0,0.0,0.0,0.0,1.2501711402390705,0.10528673934516418,0.1389079044710078,4.575054284705015,328.1022695443614,467.6772141276191,8.525901425944962,326.60790376030616,1.2501711402390705,20.83410205208411,0.0,0.0,-1390.1772379444137,0.0,1.4551915228366852e-11,0.0,0.0
contact_inhibition_hypothesis,recirculating,744.3958457551148,744.3958457551148,19670.526160981743,90000.0,0.0,0.0,0.0,0.0,505.73766733304655,0.0,0.0,1686666.6666666716,253.0,0.21070889295077067,0.05478431216720037,0.39084726318175905,0.3059218370707223,2.563389052727036,0.656115928155739,0.8703583443256538,0.5856487952073958,1.5006126975408207,1.5006126975408207,1.2410190665248966,0.2595936310159242,0.0,0.0,0.0,0.0,1.255803971010398,0.10527495197371178,0.13953377455671087,4.575373290142238,329.4738390182712,467.15804798141676,8.537539974327704,327.97322632073036,1.255803971010398,20.927973176888283,0.0,0.0,-1392.5283093808296,0.0,1.4551915228366852e-11,0.0,0.0
contact_inhibition_hypothesis,recirculating,747.498132319203,747.498132319203,19669.15307128782,90000.0,0.0,0.0,0.0,0.0,508.18598127002525,0.0,0.0,1693333.3333333384,254.0,0.21158702703932403,0.05501262703022425,0.3936224945671579,0.3058144767119405,2.5744899782686317,0.6549646239260477,0.8700425785645309,0.5848514837087645,1.5068665349796349,1.5068665349796349,1.2408799385607427,0.2659865964188922,0.0,0.0,0.0,0.0,1.2614430445709364,0.10526315212303901,0.14016033828565955,4.575692693722441,330.8469287121935,466.63830640190224,8.54917896128622,329.3400621772139,1.2614430445709364,21.021948337774653,0.0,0.0,-1394.882648156922,0.0,1.4551915228366852e-11,0.0,0.0
contact_inhibition_hypothesis,recirculating,750.6037405477788,750.6037405477788,19667.778511406286,90000.0,0.0,0.0,0.0,0.0,510.63766681080835,0.0,0.0,1700000.0000000051,255.0,0.21246610135914132,0.05524118635337674,0.39638803349876206,0.30570728626000004,2.5855521339950482,0.653814110446699,0.8697273125294119,0.5840563293592427,1.513127068495456,1.513127068495456,1.240740668555779,0.2723863999396773,0.0,0.0,0.0,0.0,1.2670881554433338,0.10525134022508528,0.14078757282703705,4.576012483962268,332.2214885937276,466.1180083273278,8.560818107194228,330.70836152523214,1.2670881554433338,21.116024110463155,0.0,0.0,-1397.2402579250165,0.0,1.4551915228366852e-11,0.0,0.0
contact_inhibition_hypothesis,recirculating,753.7125580531689,753.7125580531689,19666.402531080563,90000.0,0.0,0.0,0.0,0.0,513.0927241029276,0.0,0.0,1706666.6666666719,256.0,0.21334608409773687,0.055469981865411584,0.39914379780406245,0.3056002677475298,2.5965751912162496,0.6526644321776028,0.8694125521986171,0.5832633420939008,1.519394071528222,1.519394071528222,1.2406012615726123,0.27879280995560973,0.0,0.0,0.0,0.0,1.272739099337098,0.10523951670922416,0.14141545548189974,4.576332649439317,333.5974689194494,465.59717258656235,8.572457137542923,332.0780748479212,1.272739099337098,21.210197090452738,0.0,0.0,-1399.6011422371462,0.0,1.0913936421275139e-11,0.0,0.0
contact_inhibition_hypothesis,recirculating,756.824473114998,756.824473114998,19665.025179758726,90000.0,0.0,0.0,0.0,0.0,515.5511532148588,0.0,0.0,1713333.3333333386,257.0,0.21422694363151043,0.05569900534419271,0.4018897077780736,0.3054934231464608,2.6075588311122946,0.6515156330305297,0.8690983033719435,0.5824725313470913,1.525667318863062,1.525667318863062,1.2404617226429546,0.28520559622010744,0.0,0.0,0.0,0.0,1.278395673174768,0.10522768200220875,0.1420439636860853,4.576653178793653,334.9748202412848,465.07581789667876,8.584095782914327,333.4491529224218,1.278395673174768,21.30446389345751,0.0,0.0,-1401.9653045460727,0.0,1.0913936421275139e-11,0.0,0.0
contact_inhibition_hypothesis,recirculating,759.9393746941154,759.9393746941154,19663.646506587338,90000.0,0.0,0.0,0.0,0.0,518.0129541374722,0.0,0.0,1720000.0000000054,258.0,0.2151086485296895,0.05592824861771927,0.4046256861652869,0.3053867543687644,2.6185027446611473,0.6503677563666946,0.8687845716728365,0.5816839060608046,1.5319465866583732,1.5319465866583732,1.2403220567669992,0.291624529891374,0.0,0.0,0.0,0.0,1.284057675117229,0.1052158365281188,0.1426730750130254,4.576974060729271,336.35349341267363,464.55396286062125,8.595733778952688,334.82154682601526,1.284057675117229,21.39882115582862,0.0,0.0,-1404.332748206315,0.0,1.0913936421275139e-11,0.0,0.0
contact_inhibition_hypothesis,recirculating,763.0571524460536,763.0571524460536,19662.266560405486,90000.0,0.0,0.0,0.0,0.0,520.4781267854748,0.0,0.0,1726666.666666672,259.0,0.2159911675581387,0.05615770356511607,0.4073516581409308,0.30528026326720237,2.629406632563723,0.649220844994591,0.8684713625505952,0.5808974746930585,1.5382316524729505,1.5382316524729505,1.2401822689128228,0.2980493835601275,0.0,0.0,0.0,0.0,1.2897249045881756,0.10520398070831093,0.14330276717646392,4.577295284015515,337.73343959452643,464.0316259649504,8.607370866333959,336.19520794205346,1.2897249045881756,21.493265534961946,0.0,0.0,-1406.7034764751843,0.0,1.0913936421275139e-11,0.0,0.0
contact_inhibition_hypothesis,recirculating,766.1776967340214,766.1776967340214,19660.885389739036,90000.0,0.0,0.0,0.0,0.0,522.9466709988446,0.0,0.0,1733333.3333333388,260.0,0.21687446968303783,0.05638736211758984,0.4100675512915663,0.30517395163608557,2.6402702051662654,0.6480749411680709,0.8681586812826046,0.5801132452262943,1.5445222952921789,1.5445222952921789,1.2400423640158114,0.30447993127636774,0.0,0.0,0.0,0.0,1.2953971622977296,0.10519211496136825,0.14393301803308103,4.577616837488446,339.1146102609752,463.5088255776656,8.61900679073371,337.57008796568306,1.2953971622977296,21.587793709691663,0.0,0.0,-1409.0774925138244,0.0,1.0913936421275139e-11,0.0,0.0
contact_inhibition_hypothesis,recirculating,769.3008986414352,769.3008986414352,19659.50304279509,90000.0,0.0,0.0,0.0,0.0,525.418586544254,0.0,0.0,1740000.0000000056,261.0,0.21775852407442864,0.05661721625935145,0.41277329559504533,0.30506782121204346,2.6510931823801815,0.6469300865846674,0.8678465329765984,0.5793312251757975,1.5508182955532963,1.5508182955532963,1.2399023469780976,0.31091594857519855,0.0,0.0,0.0,0.0,1.3010742502652177,0.10518023970305428,0.14456380558502416,4.577938710052166,340.49695720492,462.98557994610707,8.630641302793157,338.9461389093667,1.3010742502652177,21.682402380669853,0.0,0.0,-1411.4547993882557,0.0,1.0913936421275139e-11,0.0,0.0
contact_inhibition_hypothesis,recirculating,772.4266499839916,772.4266499839916,19658.11956745664,90000.0,0.0,0.0,0.0,0.0,527.8938731164855,0.0,0.0,1746666.6666666723,262.0,0.21864330010963254,0.05684725802850446,0.41546882339986047,0.30496187367480104,2.661875293599442,0.6457863223841541,0.8675349225729443,0.5785514215981192,1.5571194351697288,1.5571194351697288,1.2397622226680332,0.3173572125016958,0.0,0.0,0.0,0.0,1.3067559718411155,0.10516835534626735,0.14519510798234614,4.578260890680103,341.8804325433724,462.4619071949319,8.642274158083676,340.3233131082027,1.3067559718411155,21.77708827073219,0.0,0.0,-1413.8354000704246,0.0,1.4551915228366852e-11,0.0,-2.220446049250313e-16
contact_inhibition_hypothesis,recirculating,775.5548433212864,775.5548433212864,19656.735011277415,90000.0,0.0,0.0,0.0,0.0,530.372530339836,0.0,0.0,1753333.333333339,263.0,0.21952876737653906,0.05707747951790016,0.41815406940391203,0.30485611064796403,2.6726162776156484,0.6446436891473372,0.8672238548469531,0.5777738410994973,1.5634254975545148,1.5634254975545148,1.2396219959196668,0.32380350163484783,0.0,0.0,0.0,0.0,1.3124421317281665,0.10515646230099635,0.1458269035253518,4.578583368416241,343.2649887225977,461.9378253241683,8.653905117069778,341.7015632250432,1.3124421317281665,21.871848125249894,0.0,0.0,-1416.2192974392574,0.0,1.0913936421275139e-11,0.0,0.0
contact_inhibition_hypothesis,recirculating,778.6853719679813,778.6853719679813,19655.349421476956,90000.0,0.0,0.0,0.0,0.0,532.8545577695114,0.0,0.0,1760000.0000000058,264.0,0.22041489567676703,0.05730787287595943,0.420828970632721,0.304750533699811,2.6833158825308843,0.6435022268950765,0.8669133344112088,0.5769984898442757,1.569736267642814,1.569736267642814,1.239481671532254,0.33025459611055996,0.0,0.0,0.0,0.0,1.318132536001681,0.10514456097427972,0.1464591706668534,4.578906132376311,344.6505785230579,461.41335220734425,8.665533945070521,343.08084225541506,1.318132536001681,21.96667871246801,0.0,0.0,-1418.6064942817147,0.0,1.4551915228366852e-11,0.0,-2.220446049250313e-16
contact_inhibition_hypothesis,recirculating,781.8181300045263,781.8181300045263,19653.962844935857,90000.0,0.0,0.0,0.0,0.0,535.3399548930095,0.0,0.0,1766666.6666666726,265.0,0.22130165502869953,0.05753843030746188,0.4234934664171146,0.3046451443440914,2.6939738656684584,0.6423619750875292,0.866603365717916,0.5762253735633116,1.5760515319135244,1.5760515319135244,1.2393412542697817,0.33671027764374273,0.0,0.0,0.0,0.0,1.323826992129024,0.10513265177016444,0.14709188801433595,4.579229171748937,346.0371550641572,460.8885055896917,8.67716041221957,344.46110353224367,1.323826992129024,22.061576823830183,0.0,0.0,-1420.9969932938507,0.0,1.4551915228366852e-11,0.0,0.0
contact_inhibition_hypothesis,recirculating,784.9530122874394,784.9530122874394,19652.575328191226,90000.0,0.0,0.0,0.0,0.0,537.8287211314914,0.0,0.0,1773333.3333333393,266.0,0.2221890156703935,0.057769144074302316,0.4261474983704094,0.3045399440408295,2.7045899934816378,0.641222972623613,0.8662939530612633,0.5754544975623642,1.5823710784100031,1.5823710784100031,1.2392007488605152,0.3431703295494879,0.0,0.0,0.0,0.0,1.329525308988302,0.10512073508966772,0.14772503433203352,4.579552475796737,347.4246718087919,460.3633030864238,8.688784293423879,345.8423007303819,1.329525308988302,22.15653927429005,0.0,0.0,-1423.3907970818727,0.0,1.8189894035458565e-11,0.0,0.0
contact_inhibition_hypothesis,recirculating,788.0899144591493,788.0899144591493,19651.18691743231,90000.0,0.0,0.0,0.0,0.0,540.320855841143,0.0,0.0,1780000.000000006,267.0,0.2230769480623662,0.058000006496215215,0.4287910103651205,0.3044349341971326,2.715164041460482,0.6400852578406832,0.8659851005798017,0.5746858667304617,1.5886946967599098,1.5886946967599098,1.239060159996561,0.349634536763349,0.0,0.0,0.0,0.0,1.3352272968862526,0.1051088113307404,0.14835858854291692,4.579876033857384,348.81308256770694,459.8377621810863,8.700405368321146,347.22438787094706,1.3352272968862526,22.2515629026094,0.0,0.0,-1425.787908163205,0.0,1.8189894035458565e-11,0.0,0.0
contact_inhibition_hypothesis,recirculating,791.2287329574057,791.2287329574057,19649.797658496358,90000.0,0.0,0.0,0.0,0.0,542.8163583145215,0.0,0.0,1786666.6666666728,268.0,0.22396542289025845,0.0582310099514672,0.4314239485092205,0.30433011616800365,2.725695794036882,0.6389488685144187,0.8656768122588343,0.5739194855482457,1.595022178194175,1.595022178194175,1.238919492333455,0.3561026858607199,0.0,0.0,0.0,0.0,1.340932767575349,0.10509688088823155,0.1489925297305943,4.580199835344614,350.2023415036606,459.311900223981,8.712023421235944,348.6073193254664,1.340932767575349,22.346644571643193,0.0,0.0,-1428.1883289675498,0.0,1.8189894035458565e-11,0.0,0.0
contact_inhibition_hypothesis,recirculating,794.3693650242628,794.3693650242628,19648.407596864618,90000.0,0.0,0.0,0.0,0.0,545.3152277818915,0.0,0.0,1793333.3333333395,269.0,0.22485441106737794,0.058462146877518266,0.4340462611219756,0.30422549125715703,2.736185044487902,0.6378138418589135,0.8653690919328149,0.5731553580962759,1.6013533155651107,1.6013533155651107,1.2387787504897678,0.3625745650753431,0.0,0.0,0.0,0.0,1.3466415342701301,0.10508494415385511,0.14962683714112554,4.5805238697492054,351.59240313540124,458.78573443066006,8.723638241134829,349.9910498198361,1.3466415342701301,22.441781168611715,0.0,0.0,-1430.5920618379512,0.0,1.8189894035458565e-11,0.0,0.0
contact_inhibition_hypothesis,recirculating,797.5117087146401,797.5117087146401,19647.016777658562,90000.0,0.0,0.0,0.0,0.0,547.8174634125481,0.0,0.0,1800000.0000000063,270.0,0.2257438837371221,0.058693409771651744,0.4366578987093811,0.3041210607178373,2.7466315948375244,0.6366802145269678,0.8650619432877568,0.5723934880633063,1.6076879033636686,1.6076879033636686,1.238637939046724,0.3690499643169447,0.0,0.0,0.0,0.0,1.3523534116627596,0.10507300151615799,0.15026149018475102,4.580848126639904,352.9832223414558,458.2592818804928,8.735249621580259,351.37553443809213,1.3523534116627596,22.536969605359886,0.0,0.0,-1432.9991090318595,0.0,1.8189894035458565e-11,0.0,0.0
contact_inhibition_hypothesis,recirculating,800.6556629044666,800.6556629044666,19645.625245636285,90000.0,0.0,0.0,0.0,0.0,550.3230643161262,0.0,0.0,1806666.666666673,271.0,0.22663381227528348,0.058924791191573705,0.4392588139392239,0.3040168257536398,2.757035255756896,0.6355480226105726,0.8647553698636465,0.5716338787545152,1.614025737735856,1.614025737735856,1.2384970625478502,0.37552867518800576,0.0,0.0,0.0,0.0,1.3580682159378301,0.10506105336048913,0.15089646843753665,4.581172595664317,354.3747543637348,457.73255951530007,8.746857360683515,352.7607286259989,1.3580682159378301,22.632206818603937,0.0,0.0,-1435.4094727221936,0.0,2.1827872842550278e-11,0.0,0.0
contact_inhibition_hypothesis,recirculating,803.8011272984135,803.8011272984135,19644.233045189063,90000.0,0.0,0.0,0.0,0.0,552.8320295438967,0.0,0.0,1813333.3333333398,272.0,0.22752416829223882,0.05915628375598209,0.4418489616157951,0.30391278751933287,2.7673958464631805,0.634417301641587,0.8644493750568615,0.5708765330996908,1.6203666164983257,1.6203666164983257,1.238356125498633,0.3820104909996924,0.0,0.0,0.0,0.0,1.363785764786418,0.10504910006897222,0.1515317516429353,4.581497266549752,355.76695481095476,457.2055841380602,8.75846126105671,354.14658819445646,1.363785764786418,22.727489770165654,0.0,0.0,-1437.8231549984025,0.0,1.8189894035458565e-11,0.0,2.220446049250313e-16
contact_inhibition_hypothesis,recirculating,806.9480024372217,806.9480024372217,19642.840220338137,90000.0,0.0,0.0,0.0,0.0,555.3443580900498,0.0,0.0,1820000.0000000065,273.0,0.2284149236350228,0.05938788014510593,0.44442829865427536,0.3038089471216808,2.7777131946171014,0.633288086592598,0.8641439621225906,0.5701214536613687,1.6267103391531463,1.6267103391531463,1.2382151323662018,0.38849520678694444,0.0,0.0,0.0,0.0,1.3695058774194029,0.10503714202047666,0.15216731971326694,4.581822129104032,357.15977966188143,456.67837241167996,8.770061129763794,355.5330693227283,1.3695058774194029,22.822815447194348,0.0,0.0,-1440.2401578675267,0.0,1.8189894035458565e-11,0.0,-2.220446049250313e-16
contact_inhibition_hypothesis,recirculating,810.0961897046279,810.0961897046279,19641.446814731626,90000.0,0.0,0.0,0.0,0.0,557.8600488929628,0.0,0.0,1826666.6666666733,274.0,0.22930605038928886,0.05961957310121511,0.4469967840548174,0.303705305620267,2.78798713621927,0.6321604118779632,0.8638391341772559,0.5693686426429126,1.6330567069017652,1.6330567069017652,1.2380740875790215,0.3949826193227438,0.0,0.0,0.0,0.0,1.375228374580054,0.10502517959059406,0.15280315273111708,4.582147173216258,358.5531852683953,456.15094085783517,8.781656778270838,356.9201285614935,1.375228374580054,22.918180862376598,0.0,0.0,-1442.6604832552575,0.0,2.1827872842550278e-11,0.0,0.0
contact_inhibition_hypothesis,recirculating,813.2455913338979,813.2455913338979,19640.052871641637,90000.0,0.0,0.0,0.0,0.0,560.3791008364553,0.0,0.0,1833333.33333334,275.0,0.23019752088115822,0.05985135542910114,0.4495543788763489,0.3036018640283174,2.798217515505396,0.6310343113550273,0.8635348942009335,0.5686181018965428,1.6394055226581778,1.6394055226581778,1.2379329955266127,0.4014725271315652,0.0,0.0,0.0,0.0,1.3809530785559097,0.10501321315161177,0.1534392309506566,4.582472388857537,359.94712835838305,455.6233058558754,8.793248022395398,358.30772283572486,1.3809530785559097,23.013583054134234,0.0,0.0,-1445.0841330069925,0.0,2.1827872842550278e-11,0.0,-2.220446049250313e-16
contact_inhibition_hypothesis,recirculating,816.3961104139696,816.3961104139696,19638.658433961566,90000.0,0.0,0.0,0.0,0.0,562.9015127510297,0.0,0.0,1840000.0000000068,276.0,0.23108930767895905,0.06008321999652935,0.45210104621011726,0.3034986233135224,2.808404184840469,0.6299098183255107,0.8632312450397718,0.5678698329312999,1.645756591061313,1.645756591061313,1.2377918605592848,0.4079647305020281,0.0,0.0,0.0,0.0,1.3866798131899387,0.10500124307249223,0.15407553479888203,4.582797766081669,361.34156603845713,455.09548364179557,8.804834682255244,359.69580944739585,1.3866798131899387,23.109019086810328,0.0,0.0,-1447.5111088888907,0.0,2.1827872842550278e-11,0.0,0.0
contact_inhibition_hypothesis,recirculating,819.5476508952156,819.5476508952156,19637.263544203517,90000.0,0.0,0.0,0.0,0.0,565.4272834150962,0.0,0.0,1846666.6666666735,277.0,0.23198138359485734,0.060315159734662914,0.45463675115299834,0.3033955843988577,2.818547004611993,0.6287869655370635,0.8629281894084051,0.5671238369209435,1.6521097184866471,1.6521097184866471,1.2376506869878836,0.41445903149876345,0.0,0.0,0.0,0.0,1.3924084038910167,0.10498926971885088,0.1547120448767796,4.583123295025798,362.7364557965056,454.56749030727,8.816416582216409,361.08434607801894,1.3924084038910167,23.204486050843794,0.0,0.0,-1449.9414125889239,0.0,2.1827872842550278e-11,0.0,0.0
contact_inhibition_hypothesis,recirculating,822.7001175948282,822.7001175948282,19635.868244495945,90000.0,0.0,0.0,0.0,0.0,567.9564115561842,0.0,0.0,1853333.3333333402,278.0,0.23287372168638137,0.06054716763845916,0.45716146078059183,0.3032927481634035,2.8286458431223673,0.6276657851849804,0.8626257298923633,0.5663801147117883,1.658464713057062,1.658464713057062,1.237509479083562,0.4209552339735002,0.0,0.0,0.0,0.0,1.3981386776437128,0.10497729345293681,0.15534874196041248,4.583448965911021,364.1317555040758,454.0393417987504,8.827993550840553,362.4732907910187,1.3981386776437128,23.299981062932474,0.0,0.0,-1452.375045717923,0.0,2.1827872842550278e-11,0.0,0.0
contact_inhibition_hypothesis,recirculating,825.8534162018343,825.8534162018343,19634.472576581426,90000.0,0.0,0.0,0.0,0.0,570.4888958521381,0.0,0.0,1860000.000000007,279.0,0.23376629525784115,0.060779236767038704,0.4596751441201219,0.30319011544316105,2.8387005764804876,0.6265463089140734,0.8623238689504737,0.5656386668304647,1.6648213846529536,1.6648213846529536,1.2373682410775615,0.42745314357539205,0.0,0.0,0.0,0.0,1.4038704630174061,0.10496531463361368,0.15598560700193398,4.583774769042967,365.5274234185943,453.5110539166256,8.839565420831844,363.86260203394136,1.4038704630174061,23.39550126618507,0.0,0.0,-1454.8120098106242,0.0,1.8189894035458565e-11,0.0,-2.220446049250313e-16
contact_inhibition_hypothesis,recirculating,829.0074532817471,829.0074532817471,19633.076581814596,90000.0,0.0,0.0,0.0,0.0,573.0247349322983,0.0,0.0,1866666.6666666737,280.0,0.2346590778616451,0.06101136024402773,0.4621777721231663,0.30308768703186656,2.8487110884926654,0.6254285678206941,0.8620226089172547,0.5648994934916093,1.6711795449216083,1.6711795449216083,1.237226977161016,0.43395256776059216,0.0,0.0,0.0,0.0,1.409603590174738,0.10495333361634385,0.15662262113052638,4.5841006948123315,366.92341818542525,452.98264231444244,8.851132028983253,365.25223864050366,1.409603590174738,23.491043830262004,0.0,0.0,-1457.2523063267076,0.0,2.1827872842550278e-11,0.0,2.220446049250313e-16
contact_inhibition_hypothesis,recirculating,832.162136280859,832.162136280859,19631.68030116025,90000.0,0.0,0.0,0.0,0.0,575.5639273786667,0.0,0.0,1873333.3333333405,281.0,0.23555204329951535,0.06124353125787399,0.4646693176382321,0.302985463681802,2.8586772705529286,0.6243125924549057,0.8617219520053001,0.5641625946054775,1.677539007285858,1.677539007285858,1.2370856914847663,0.4404533158010917,0.0,0.0,0.0,0.0,1.415337890879417,0.10494135075317244,0.15725976565326852,4.584426733695379,368.31969883977087,452.4541224981862,8.862693216122441,366.642159832485,1.415337890879417,23.586605951505483,0.0,0.0,-1459.6959366518327,0.0,2.1827872842550278e-11,0.0,0.0
contact_inhibition_hypothesis,recirculating,835.3173735301848,835.3173735301848,19630.283775191605,90000.0,0.0,0.0,0.0,0.0,578.1064717270572,0.0,0.0,1880000.0000000072,282.0,0.23644516562360363,0.06147574306213695,0.467149755383198,0.30288344610460183,2.868599021532792,0.6231984128227945,0.8614219003076525,0.5634279697854773,1.6838995869520288,1.6838995869520288,1.2369443881591933,0.4469551987928355,0.0,0.0,0.0,0.0,1.421073198503384,0.10492936639271329,0.1578970220559315,4.58475287625441,369.7162248084163,451.92550982562045,8.874248827057215,368.0323252214643,1.421073198503384,23.682184853058892,0.0,0.0,-1462.1429020986698,0.0,2.1827872842550278e-11,0.0,0.0
contact_inhibition_hypothesis,recirculating,838.4730742490588,838.4730742490588,19628.8870440887,90000.0,0.0,0.0,0.0,0.0,580.6523664682303,0.0,0.0,1886666.666666674,283.0,0.23733841913750975,0.06170798897575254,0.469619061917643,0.302781634972056,2.878476247670572,0.6220860583889218,0.8611224558001648,0.5626956183556246,1.6902611009171924,1.6902611009171924,1.2368030712540676,0.4534580296631248,0.0,0.0,0.0,0.0,1.4268093480333515,0.1049173808801352,0.15853437200370568,4.585079113138193,371.1129559113222,451.3968195056839,8.885798710520598,369.422694810405,1.4268093480333515,23.7777777849758,0.0,0.0,-1464.5932039079257,0.0,2.1827872842550278e-11,0.0,0.0
contact_inhibition_hypothesis,recirculating,841.6291485483935,841.6291485483935,19627.490147636956,90000.0,0.0,0.0,0.0,0.0,583.2016100490127,0.0,0.0,1893333.3333333407,284.0,0.2382317783972039,0.06194026238327302,0.47207721561507904,0.3026800309169084,2.888308862460316,0.6209755580789066,0.8608236203438484,0.5619655393579122,1.6966233679757352,1.6966233679757352,1.2366617447984105,0.45996162317732464,0.0,0.0,0.0,0.0,1.432546176076725,0.10490539455715192,0.1591717973418583,4.585405435082362,372.5098523630668,450.8680665979449,8.897342719115617,370.81322899509104,1.432546176076725,23.873382024318623,0.0,0.0,-1467.0468432493653,0.0,2.1827872842550278e-11,0.0,0.0
contact_inhibition_hypothesis,recirculating,844.7855074336078,844.7855074336078,19626.093125225878,90000.0,0.0,0.0,0.0,0.0,585.7542008734005,0.0,0.0,1900000.0000000075,285.0,0.23912521821185548,0.06217255673508243,0.47452419663510603,0.3025786345336503,2.898096786540424,0.6198669402821382,0.8605253956872069,0.5612377315595947,1.7029862087252612,1.7029862087252612,1.2365204127803766,0.4664657959448845,0.0,0.0,0.0,0.0,1.4382835208669256,0.10489340776201056,0.15980928009632503,4.585731832909775,373.9068747741417,450.33926601211044,8.908880709259794,372.2038885654165,1.4382835208669256,23.968994875247315,0.0,0.0,-1469.5038212228246,0.0,1.8189894035458565e-11,0.0,0.0
contact_inhibition_hypothesis,recirculating,847.9420628072279,847.9420628072279,19624.696015847916,90000.0,0.0,0.0,0.0,0.0,588.3101373036466,0.0,0.0,1906666.6666666742,286.0,0.24001871364456925,0.062404865547588007,0.4769599868955065,0.3024774463793087,2.9078399475820262,0.6187602328546127,0.860227783468555,0.5605121934603877,1.7093494455718345,1.7093494455718345,1.2363790791471427,0.47297036642469176,0.0,0.0,0.0,0.0,1.4440212222681161,0.10488142082948326,0.1604468024742351,4.586058297530853,375.3039841521037,449.81043250759103,8.920412541129416,373.59463470653185,1.4440212222681161,24.064613669098154,0.0,0.0,-1471.9641388592197,0.0,1.8189894035458565e-11,0.0,0.0
contact_inhibition_hypothesis,recirculating,851.098727471171,851.098727471171,19623.298858097434,90000.0,0.0,0.0,0.0,0.0,590.8694176613337,0.0,0.0,1913333.333333341,287.0,0.2409122400130319,0.0626371824033883,0.4793845700442983,0.302376466974229,2.917538280177193,0.6176554631218887,0.8599307852183206,0.5597889232995744,1.7157129027345839,1.7157129027345839,1.236237747804819,0.47947515492976495,0.0,0.0,0.0,0.0,1.449759121779353,0.10486943409085837,0.16108434686437254,4.586384819943873,376.7011419025847,449.2815806931173,8.931938078603638,374.9854289998501,1.449759121779353,24.160235764452917,0.0,0.0,-1474.4277971215522,0.0,1.8189894035458565e-11,0.0,-2.220446049250313e-16
contact_inhibition_hypothesis,recirculating,854.2554151287156,854.2554151287156,19621.901690169852,90000.0,0.0,0.0,0.0,0.0,593.4320402284301,0.0,0.0,1920000.0000000077,288.0,0.24180577289006977,0.06286950095141815,0.48179793143176014,0.302275696802852,2.927191725727041,0.6165526578821581,0.8596344023613295,0.5590679190630251,1.7220764062496752,1.7220764062496752,1.2360964226183673,0.4859799836313078,0.0,0.0,0.0,0.0,1.4554970625381656,0.10485744787393571,0.1617218958375739,4.586711391235236,378.0983098301647,448.7527250264106,8.943457189208415,376.376233423915,1.4554970625381656,24.255858547198528,0.0,0.0,-1476.894796905903,0.0,1.8189894035458565e-11,0.0,0.0
contact_inhibition_hypothesis,recirculating,857.4120403861671,857.4120403861671,19620.504549860907,90000.0,0.0,0.0,0.0,0.0,595.9980032483289,0.0,0.0,1926666.6666666744,289.0,0.24269928810412006,0.06310181490707122,0.48420005808244576,0.30217513631448456,2.936800232329783,0.6154518434094278,0.8593386362190722,0.5583491784901232,1.7284397839736663,1.7284397839736663,1.235955107411541,0.49248467656212536,0.0,0.0,0.0,0.0,1.4612348893235827,0.1048454625030189,0.16235943214706472,4.587038002579706,379.4954501391082,448.2238798139034,8.95496974406034,377.7670103551345,1.4612348893235827,24.351479430577506,0.0,0.0,-1479.365139042423,0.0,1.4551915228366852e-11,0.0,0.0
contact_inhibition_hypothesis,recirculating,860.5685187542227,860.5685187542227,19619.107474566044,90000.0,0.0,0.0,0.0,0.0,598.5673049268738,0.0,0.0,1933333.3333333412,290.0,0.24359276173961758,0.06333411805230058,0.48659093866720576,0.30207478592406367,2.9463637546688233,0.6143530454568082,0.8590434880119521,0.5576326990805964,1.7348028655862624,1.7348028655862624,1.2358138059668284,0.4989890596194339,0.0,0.0,0.0,0.0,1.4669724485586146,0.10483347829891279,0.1629969387287349,4.587364645240607,380.89252543396896,447.69505921051126,8.96647561781045,379.15772256838267,1.4669724485586146,24.44709585522931,0.0,0.0,-1481.8388242963158,0.0,1.4551915228366852e-11,0.0,0.0
contact_inhibition_hypothesis,recirculating,863.7247666490459,863.7247666490459,19617.710501279947,90000.0,0.0,0.0,0.0,0.0,601.1399434333664,0.0,0.0,1940000.000000008,291.0,0.24448617013729848,0.06356640423569761,0.4889705634752269,0.3019746460129139,2.9558822539009073,0.6132562892599033,0.8587489588615116,0.5569184781012542,1.7411654825924785,1.7411654825924785,1.23567252202542,0.5054929605670586,0.0,0.0,0.0,0.0,1.4727095883122039,0.10482149557891868,0.16363439870135596,4.5876913105700075,382.28949872006496,447.166277219452,8.977974688587981,380.5483332374725,1.4727095883122039,24.542705289222877,0.0,0.0,-1484.3158533688147,0.0,1.0913936421275139e-11,0.0,0.0
contact_inhibition_hypothesis,recirculating,866.8807013930531,866.8807013930531,19616.313666596187,90000.0,0.0,0.0,0.0,0.0,603.715916901559,0.0,0.0,1946666.6666666747,292.0,0.2453794898944232,0.06379866737255004,0.49133892438610866,0.30187471692949785,2.9653556975444344,0.6121615995402988,0.8584550497926408,0.5562065125926308,1.7475274683242277,1.7475274683242277,1.2355312592871812,0.5119962090370465,0.0,0.0,0.0,0.0,1.4784461583006547,0.10480951465683355,0.1642717953667394,4.588017990008861,383.68633340382706,446.63754769211477,8.989466837944114,381.93880593550284,1.4784461583006547,24.63830522808041,0.0,0.0,-1486.79622689815,0.0,1.4551915228366852e-11,0.0,0.0
contact_inhibition_hypothesis,recirculating,870.0362412154217,870.0362412154217,19614.917006706994,90000.0,0.0,0.0,0.0,0.0,606.2952234306308,0.0,0.0,1953333.3333333414,293.0,0.24627269786492026,0.06403090144487927,0.49369601484198744,0.3017749989901592,2.9747840593679498,0.6110690005091447,0.8581617617357624,0.5554967993755284,1.7538886579413442,1.7538886579413442,1.2353900214106377,0.5184986365307064,0.0,0.0,0.0,0.0,1.4841820098885559,0.1047975358429486,0.1649091122098395,4.588344675087129,385.0829932930237,446.1088843279743,9.000951950795825,383.3291046350824,1.4841820098885559,24.73389319479278,0.0,0.0,-1489.2799454605092,0.0,1.8189894035458565e-11,0.0,2.220446049250313e-16
contact_inhibition_hypothesis,recirculating,873.1913052523248,873.1913052523248,19613.520557403153,90000.0,0.0,0.0,0.0,0.0,608.8778610861489,0.0,0.0,1960000.0000000081,294.0,0.2471657711594525,0.06426310050145766,0.4960418298197228,0.3016754924798582,2.984167319278891,0.609978515870827,0.8578690955289947,0.5547893350574639,1.7602488884320564,1.7602488884320564,1.2352488120129799,0.5250000764190765,0.0,0.0,0.0,0.0,1.4899169960892071,0.10478555944404859,0.16554633289880075,4.5886713574238644,386.4794425968649,445.5803006745517,9.012429915369788,384.71919370843284,1.4899169960892071,24.829466739826636,0.0,0.0,-1491.7670095709937,0.0,1.8189894035458565e-11,0.0,0.0
contact_inhibition_hypothesis,recirculating,876.3458135469006,876.3458135469006,19612.12435407403,90000.0,0.0,0.0,0.0,0.0,611.4638279010118,0.0,0.0,1966666.666666675,295.0,0.24805868714540866,0.06449525865780625,0.4983763658031618,0.3015761976528999,2.993505463212647,0.6088901688267252,0.8575770519202939,0.554084116039019,1.7666079986129257,1.7666079986129257,1.2351076346700705,0.5315003639428553,0.0,0.0,0.0,0.0,1.495650971564561,0.10477358576341371,0.1661834412849512,4.58899802872728,387.8756459259882,445.05181012741997,9.023900623146353,386.10903792737525,1.495650971564561,24.925023441123408,0.0,0.0,-1494.2574196845599,0.0,1.8189894035458565e-11,0.0,-2.220446049250313e-16
contact_inhibition_hypothesis,recirculating,879.4996870489598,879.4996870489598,19610.72843170769,90000.0,0.0,0.0,0.0,0.0,614.0531218763795,0.0,0.0,1973333.3333333416,296.0,0.24895142344682036,0.0647273700961733,0.5006996207554887,0.30147711473365374,3.0027984830219547,0.607803982079052,0.8572856315695698,0.5533811385200869,1.7729658291282568,1.7729658291282568,1.2349664929164714,0.5379993362117854,0.0,0.0,0.0,0.0,1.5013837926246922,0.10476161510082109,0.16682042140274353,4.58932468079478,389.27156829232996,444.5234259302525,9.035363968803768,387.4986024632017,1.5013837926246922,25.020560904090495,0.0,0.0,-1496.7511761969604,0.0,1.8189894035458565e-11,0.0,0.0
contact_inhibition_hypothesis,recirculating,882.6528476144421,882.6528476144421,19609.33282489113,90000.0,0.0,0.0,0.0,0.0,616.6457409825849,0.0,0.0,1980000.0000000084,297.0,0.2498439579442084,0.06495942906549419,0.5030115940916782,0.30137824391726553,3.0120463763667127,0.6067199778347702,0.856994835050781,0.5526803985060224,1.7793222224490013,1.7793222224490013,1.234825390245476,0.5444968322035253,0.0,0.0,0.0,0.0,1.5071153172268081,0.10474964775254789,0.16745725746964532,4.589651305512974,390.6671751088841,443.9951611749144,9.046819850162493,388.8878528864351,1.5071153172268081,25.116076761584758,0.0,0.0,-1499.2482794456714,0.0,1.4551915228366852e-11,0.0,0.0
contact_inhibition_hypothesis,recirculating,885.8052180046237,885.8052180046237,19607.937567810666,90000.0,0.0,0.0,0.0,0.0,619.2416831600325,0.0,0.0,1986666.6666666751,298.0,0.25073626877435845,0.0651914298813332,0.5053122866510589,0.3012795853703611,3.0212491466042355,0.6056381778095844,0.8567046628540033,0.5519818918136916,1.7856770228711607,1.7856770228711607,1.2346843301091561,0.5509926927620046,0.0,0.0,0.0,0.0,1.5128454049738067,0.10473768401137534,0.16809393388597849,4.589977894857658,392.06243218935197,443.4670288015953,9.058268168129747,390.2767551664808,1.5128454049738067,25.211568673888486,0.0,0.0,-1501.7487297108155,0.0,1.8189894035458565e-11,0.0,0.0
contact_inhibition_hypothesis,recirculating,888.9567218850852,888.9567218850852,19606.542694252334,90000.0,0.0,0.0,0.0,0.0,621.8409463200778,0.0,0.0,1993333.3333333419,299.0,0.2516283343300286,0.06542336692580744,0.5076017006700014,0.3011811392317412,3.0304068026800057,0.6045586032320026,0.8564151153874743,0.5512856140774194,1.7920300765137056,1.7920300765137056,1.2345433159184178,0.5574867605952876,0.0,0.0,0.0,0.0,1.5185739171124015,0.1047257241665927,0.16873043523471123,4.590304440893781,393.45730574768487,442.9390415989822,9.06970882664431,391.6652756711712,1.5185739171124015,25.30703432867817,0.0,0.0,-1504.252527216071,0.0,1.8189894035458565e-11,0.0,2.220446049250313e-16
contact_inhibition_hypothesis,recirculating,892.107283824445,892.107283824445,19605.14823760249,90000.0,0.0,0.0,0.0,0.0,624.443528345895,0.0,0.0,2000000.0000000086,300.0,0.2525201332595913,0.06565523464749373,0.5098798397547415,0.3010829056130683,3.039519359018966,0.6034812748474639,0.8561261929796127,0.550591560754838,1.798381231316022,1.798381231316022,1.234402351043071,0.563978880272951,0.0,0.0,0.0,0.0,1.5243007165308158,0.10471376850400453,0.1693667462812017,4.590630935775372,394.85176239752377,442.41121220447155,9.081141732621564,393.05338116620777,1.5243007165308158,25.402471440986044,0.0,0.0,-1506.7596721295804,0.0,1.4551915228366852e-11,0.0,0.0
contact_inhibition_hypothesis,recirculating,895.2568292928637,895.2568292928637,19603.75423084848,90000.0,0.0,0.0,0.0,0.0,627.0494270933253,0.0,0.0,2006666.6666666754,301.0,0.2534116444666097,0.06588702756131852,0.5121467088543468,0.3009848845995439,3.048586835417387,0.6024062129225307,0.8558378958810116,0.5498997271326322,1.804730337034898,1.804730337034898,1.2342614388119042,0.5704688982229937,0.0,0.0,0.0,0.0,1.5300256677560657,0.10470181730593602,0.17000285197289616,4.590957371745456,396.2457691515377,441.88355310442006,9.092566795898833,394.44103881450275,1.5300256677560657,25.497877753154835,0.0,0.0,-1509.2701645648417,0.0,1.8189894035458565e-11,0.0,0.0
contact_inhibition_hypothesis,recirculating,898.4052846603296,898.4052846603296,19602.36070657935,90000.0,0.0,0.0,0.0,0.0,629.6586403917129,0.0,0.0,2013333.333333342,302.0,0.2543028471093524,0.06611874024843163,0.5144023142338399,0.30088707625057803,3.0576092569353595,0.601333437249138,0.855550224266406,0.5492101083321863,1.811077245241065,1.811077245241065,1.2341205825127726,0.5769566627282924,0.0,0.0,0.0,0.0,1.5357486369508424,0.10468987085124028,0.17063873743898245,4.591283741135951,397.63929342066416,441.35607663443164,9.103983929181036,395.8282161754231,1.5357486369508424,25.593251034785787,0.0,0.0,-1511.7840045815983,0.0,1.4551915228366852e-11,0.0,0.0
contact_inhibition_hypothesis,recirculating,901.5525771947249,901.5525771947249,19600.96769698676,90000.0,0.0,0.0,0.0,0.0,632.2711660447233,0.0,0.0,2020000.0000000088,303.0,0.25519372060024614,0.066350367356064,0.5166466634474842,0.30078948060044863,3.066586653789937,0.6002629671489015,0.8552631782366137,0.5485226993151286,1.8174218093153018,1.8174218093153018,1.2339797853926964,0.5834420239226055,0.0,0.0,0.0,0.0,1.5414694919099945,0.10467792941530799,0.17127438798999936,4.591610036367522,399.0323030132538,440.8287949796817,9.11539304798666,397.2148812039385,1.5414694919099945,25.688589082680057,0.0,0.0,-1514.3011921867146,0.0,1.4551915228366852e-11,0.0,0.0
contact_inhibition_hypothesis,recirculating,904.6986350596856,904.6986350596856,19599.575233865893,90000.0,0.0,0.0,0.0,0.0,634.8870018311472,0.0,0.0,2026666.6666666756,304.0,0.25608424460526996,0.06658190359737019,0.518879765312246,0.30069209765895283,3.075519061248984,0.5991948214774752,0.8549767578204496,0.5478374948887746,1.8237638844441189,1.8237638844441189,1.2338390506579662,0.5899248337861527,0.0,0.0,0.0,0.0,1.5471881020566398,0.1046659932700745,0.17190978911740437,4.591936249949437,400.424766134123,440.3017201752755,9.12679407059411,398.60100224967886,1.5471881020566398,25.7838897207739,0.0,0.0,-1516.8217273350447,0.0,1.4551915228366852e-11,0.0,2.220446049250313e-16
contact_inhibition_hypothesis,recirculating,907.8433873122564,907.8433873122564,19598.183348616498,90000.0,0.0,0.0,0.0,0.0,637.5061455056899,0.0,0.0,2033333.3333333423,305.0,0.2569743990432914,0.06681334375125576,0.5211016298814358,0.30059492741204824,3.0844065195257433,0.5981290186289606,0.8546909629766125,0.5471544897114686,1.8301033276150311,1.8301033276150311,1.2336983814742573,0.5964049461407739,0.0,0.0,0.0,0.0,1.5529043384379,0.10465406268403128,0.17254492649309996,4.592262374479388,401.8166513835158,439.7748641066411,9.13818691798847,399.9865480559008,1.5529043384379,25.879150800067602,0.0,0.0,-1519.3456099302937,0.0,1.4551915228366852e-11,0.0,-2.220446049250313e-16
contact_inhibition_hypothesis,recirculating,910.9867639003489,910.9867639003489,19596.792072244036,90000.0,0.0,0.0,0.0,0.0,640.1285947997438,0.0,0.0,2040000.000000009,306.0,0.257864164085347,0.06704468266219023,0.5233122684185422,0.3004979698224858,3.0932490736741687,0.5970655765403611,0.8544057935955465,0.5464736782978282,1.8364399976114352,1.8364399976114352,1.2335577809667582,0.6028822166446771,0.0,0.0,0.0,0.0,1.5586180737202797,0.10464213792223558,0.17317978596891992,4.592588402643294,403.20792775597926,439.24823850995494,9.149571513808574,401.37148775836783,1.5586180737202797,25.97437019854846,0.0,0.0,-1521.8728398258668,0.0,1.4551915228366852e-11,0.0,0.0
contact_inhibition_hypothesis,recirculating,914.1286956600089,914.1286956600089,19595.40143536086,90000.0,0.0,0.0,0.0,0.0,642.7543474221479,0.0,0.0,2046666.6666666758,307.0,0.258753520153869,0.06727591524000594,0.5255116933712635,0.3004012248304326,3.102046773485054,0.5960045126960776,0.8541212495012723,0.5457950550238859,1.8427737550070986,1.8427737550070986,1.233417252220297,0.6093565027868015,0.0,0.0,0.0,0.0,1.5643291821846994,0.10463021924632158,0.17381435357607766,4.592914327215088,404.5985646391533,438.72185497260034,9.160947784294569,402.7557908841462,1.5643291821846994,26.069545821108015,0.0,0.0,-1524.4034168257112,0.0,1.4551915228366852e-11,0.0,0.0
contact_inhibition_hypothesis,recirculating,917.269114312497,917.269114312497,19594.011468187535,90000.0,0.0,0.0,0.0,0.0,645.3834010599303,0.0,0.0,2053333.3333333426,308.0,0.2596424479218584,0.06750703645968319,0.5276999183457454,0.30030469235408586,3.1107996733829815,0.5949458441324464,0.8538373304531938,0.5451186141321295,1.8491044621602764,1.8491044621602764,1.2332767982794883,0.6158276638807879,0.0,0.0,0.0,0.0,1.5700375397211865,0.10461830691451332,0.17444861552457624,4.59324014105648,405.98853181247927,438.19572493365575,9.172315658235927,404.139427350319,1.5700375397211865,26.164675599453574,0.0,0.0,-1526.937340685148,0.0,1.4551915228366852e-11,0.0,4.440892098500626e-16
contact_inhibition_hypothesis,recirculating,920.4079524611909,920.4079524611909,19592.622200554186,90000.0,0.0,0.0,0.0,0.0,648.0157533790384,0.0,0.0,2060000.0000000093,309.0,0.26053092831200897,0.06773804136112234,0.5298769580810319,0.30020837229027697,3.1195078323241274,0.5938895874423115,0.8535540361478735,0.5444443497364464,1.8554319832074655,1.8554319832074655,1.23313642214888,0.6222955610585853,0.0,0.0,0.0,0.0,1.5757430238232466,0.10460640118163587,0.17508255820258292,4.593565837116704,407.3777994458285,437.6698596844143,9.183675066919863,405.52236746262105,1.5757430238232466,26.259757492014405,0.0,0.0,-1529.4746111116954,0.0,1.4551915228366852e-11,0.0,0.0
contact_inhibition_hypothesis,recirculating,923.5451435883135,923.5451435883135,19591.23366190196,90000.0,0.0,0.0,0.0,0.0,650.6514020250521,0.0,0.0,2066666.666666676,310.0,0.26141894249578024,0.06796892504890287,0.5320428284237355,0.3001122645150667,3.128171313694942,0.5928357587796311,0.8532713662207844,0.543772255826968,1.8617561840568093,1.8617561840568093,1.2329961267931104,0.628760057263699,0.0,0.0,0.0,0.0,1.581445513581911,0.10459450229913048,0.17571616817576782,4.593891408432245,408.76633809805406,437.1442703689318,9.195025944080225,406.9045819139973,1.581445513581911,26.354789483842545,0.0,0.0,-1532.0152277658808,0.0,1.4551915228366852e-11,0.0,0.0
contact_inhibition_hypothesis,recirculating,926.6806220514926,926.6806220514926,19589.845881284546,90000.0,0.0,0.0,0.0,0.0,653.2903446238843,0.0,0.0,2073333.3333333428,311.0,0.2623064718924244,0.06819968269203035,0.5341975463029347,0.3000163688843303,3.136790185211739,0.5917843738641149,0.8529893202480304,0.5431023262748145,1.8680769323811628,1.8680769323811628,1.232855915137071,0.6352210172440917,0.0,0.0,0.0,0.0,1.5871448896794866,0.1045826105150667,0.17634943218660956,4.5942168481265515,410.1541187154684,436.61896798460316,9.206368225846923,408.2860417830873,1.5871448896794866,26.449769586508644,0.0,0.0,-1534.559190262047,0.0,1.4551915228366852e-11,0.0,0.0
contact_inhibition_hypothesis,recirculating,929.8143230801581,929.8143230801581,19588.458887369765,90000.0,0.0,0.0,0.0,0.0,655.9325787824658,0.0,0.0,2080000.0000000095,312.0,0.263193498167966,0.06843030952367116,0.536341129705302,0.29992068523433346,3.145364518821208,0.5907354479858888,0.8527078977480397,0.5424345548367426,1.874394097610829,1.874394097610829,1.2327157900660823,0.6416783075447466,0.0,0.0,0.0,0.0,1.592841034383004,0.104570726074158,0.17698233715366707,4.59454214940973,411.54111263024856,436.0939633827656,9.217701850695809,409.66671853263773,1.592841034383004,26.54469583799276,0.0,0.0,-1537.1064981691443,0.0,1.4551915228366852e-11,0.0,2.220446049250313e-16
contact_inhibition_hypothesis,recirculating,932.9461827717828,932.9461827717828,19587.072708441243,90000.0,0.0,0.0,0.0,0.0,658.578102089417,0.0,0.0,2086666.6666666763,313.0,0.2640800032341381,0.0686608008408759,0.5384735976504713,0.29982521338229856,3.1538943906018853,0.5896889960101854,0.8524270981832311,0.5417689351596967,1.8807075509259814,1.8807075509259814,1.2325757544260687,0.6481317964999127,0.0,0.0,0.0,0.0,1.598533831537384,0.10455884921777689,0.17761487017082042,4.594867305578215,412.927291558772,435.5692672693293,9.229026759399106,411.04658400784604,1.598533831537384,26.639566302570504,0.0,0.0,-1539.6571510115177,0.0,1.4551915228366852e-11,0.0,0.0
contact_inhibition_hypothesis,recirculating,936.0761380879702,936.0761380879702,19585.687372400127,90000.0,0.0,0.0,0.0,0.0,661.2269121157049,0.0,0.0,2093333.333333343,314.0,0.2649659692472749,0.06889115200429147,0.5405949701666474,0.2997299531269615,3.1623798806665895,0.5886450323820555,0.8521469209616515,0.5411054607852641,1.8870171652487773,1.8870171652487773,1.2324358110237443,0.6545813542250328,0.0,0.0,0.0,0.0,1.6042231665583264,0.10454698018397021,0.17824701850648067,4.595192310014441,414.3126275998858,435.04489020543184,9.240342894976315,412.425610434637,1.6042231665583264,26.73437907069451,0.0,0.0,-1542.2111482696816,0.0,1.4551915228366852e-11,0.0,0.0
contact_inhibition_hypothesis,recirculating,939.2041268503983,939.2041268503983,19584.302906766905,90000.0,0.0,0.0,0.0,0.0,663.8790064152857,0.0,0.0,2100000.0000000093,315.0,0.26585137860716335,0.06912135843786248,0.542705268266464,0.29963490424911876,3.170821073065856,0.5876035711311003,0.8518673654385847,0.5404441251540326,1.8933228152351809,1.8933228152351809,1.2322959626268069,0.6610268526083739,0.0,0.0,0.0,0.0,1.6099089264249347,0.10453511920747574,0.17887876960277047,4.595517156186477,415.6970932331105,434.5208426081184,9.25165020264573,413.8037704178753,1.6099089264249347,26.829132258871535,0.0,0.0,-1544.7684893810856,0.0,1.4551915228366852e-11,0.0,0.0
contact_inhibition_hypothesis,recirculating,942.3300877366206,942.3300877366206,19582.919338683234,90000.0,0.0,0.0,0.0,0.0,666.5343825257357,0.0,0.0,2106666.666666676,316.0,0.26673621395585495,0.06935141562852229,0.5448045139230947,0.29954006651216547,3.179218055692379,0.5865646258762204,0.8515884309181337,0.539784921609857,1.8996243772664987,1.8996243772664987,1.2321562119641343,0.6674681653023644,0.0,0.0,0.0,0.0,1.615590999672084,0.10452326651973862,0.17951011107467596,4.595841837647668,417.08066131678225,433.9971347510452,9.262948629776425,415.18103693951576,1.615590999672084,26.92382400953528,0.0,0.0,-1547.3291737408717,0.0,1.4551915228366852e-11,0.0,0.0
contact_inhibition_hypothesis,recirculating,945.4539602757326,945.4539602757326,19581.53669491388,90000.0,0.0,0.0,0.0,0.0,669.1930379688655,0.0,0.0,2113333.3333333423,317.0,0.2676204581764388,0.06958131912587409,0.5468927300466206,0.2994454396626231,3.1875709201864826,0.5855282098303795,0.8513101166547739,0.5391278434040273,1.9059217294406436,1.9059217294406436,1.2320165617259882,0.6739051677146555,0.0,0.0,0.0,0.0,1.621269276382543,0.10451142234892949,0.1801410307091714,4.596166348036243,418.4633050861344,433.47377676520506,9.274238125840878,416.5573833566938,1.621269276382543,27.018452490915077,0.0,0.0,-1549.893200702622,0.0,1.4551915228366852e-11,0.0,0.0
contact_inhibition_hypothesis,recirculating,948.575684843907,948.575684843907,19580.155001848692,90000.0,0.0,0.0,0.0,0.0,671.8549702513237,0.0,0.0,2120000.000000009,318.0,0.26850409439177797,0.06981106454186227,0.5489699404606592,0.2993510234306584,3.1958797618426367,0.5844943358053798,0.8510324218548777,0.5384728836993473,1.9122147515631351,1.9122147515631351,1.231877014564226,0.680337736998909,0.0,0.0,0.0,0.0,1.6269436481788568,0.10449958691996097,0.18077151646431738,4.59649068107492,419.84499815132176,432.950778639676,9.285518642368102,417.93278339975865,1.6269436481788568,27.11301589690065,0.0,0.0,-1552.4605695790945,0.0,1.4551915228366852e-11,0.0,0.0
contact_inhibition_hypothesis,recirculating,951.6952026598043,951.6952026598043,19578.774285504627,90000.0,0.0,0.0,0.0,0.0,674.5201768651852,0.0,0.0,2126666.6666666754,319.0,0.26938710596321036,0.0700406475504347,0.5510361698792581,0.2992568175305926,3.2041446795170323,0.583463016216648,0.8507553456782135,0.53782003557412,1.918503325137846,1.918503325137846,1.2317375730925155,0.6867657520453305,0.0,0.0,0.0,0.0,1.632614008215005,0.10448776045450739,0.18140155646833384,4.5968148305705,421.2257144953886,432.42815022238966,9.296790132897387,419.30721117025075,1.632614008215005,27.207512446903056,0.0,0.0,-1555.0312796429535,0.0,1.4551915228366852e-11,0.0,0.0
contact_inhibition_hypothesis,recirculating,954.8124557798625,954.8124557798625,19577.39457152783,90000.0,0.0,0.0,0.0,0.0,677.1886552885281,0.0,0.0,2133333.333333342,320.0,0.27026947648921523,0.07027006388719596,0.5530914438840565,0.29916282166140107,3.212365775536226,0.5824342630880284,0.850478887239415,0.5371692920260422,1.924787333357509,1.924787333357509,1.2315982398865535,0.6931890934709555,0.0,0.0,0.0,0.0,1.6382802511678378,0.10447594317102266,0.18203113901864862,4.597138790413434,422.6054284721847,431.9059012209207,9.308052552932601,420.6806411388272,1.6382802511678378,27.301940385712015,0.0,0.0,-1557.6053301274874,0.0,1.4551915228366852e-11,0.0,-2.220446049250313e-16
contact_inhibition_hypothesis,recirculating,957.9273870934705,957.9273870934705,19576.015885195786,90000.0,0.0,0.0,0.0,0.0,679.8604029859957,0.0,0.0,2140000.0000000084,321.0,0.2711511898040474,0.07049930934905232,0.555135788901719,0.2990690355072039,3.220543155606876,0.5814080880565811,0.8502030456094232,0.5365206459760081,1.9310666610939853,1.9310666610939853,1.2314590174842954,0.69960764360969,0.0,0.0,0.0,0.0,1.6439422732283036,0.10446413528475904,0.18266025258092258,4.597462554577401,423.9841148042284,431.38404120329534,9.319305859897119,422.0530481431344,1.6439422732283036,27.396297983349676,0.0,0.0,-1560.1827202273175,0.0,1.4551915228366852e-11,0.0,0.0
contact_inhibition_hypothesis,recirculating,961.0399403180326,961.0399403180326,19574.638251419492,90000.0,0.0,0.0,0.0,0.0,682.5354174093474,0.0,0.0,2146666.666666675,322.0,0.2720322299763398,0.07072837979384836,0.5571692321816427,0.29897545873774667,3.228676928726571,0.5803845023773836,0.849927819816902,0.5358740902718254,1.9373411948883152,1.9373411948883152,1.231319908386184,0.7060212865021313,0.0,0.0,0.0,0.0,1.6495999720924743,0.10445233700778847,0.18328888578805266,4.597786117118843,425.3617485805223,430.86257959881834,9.330550013089304,423.424407385634,1.6495999720924743,27.490583534921083,0.0,0.0,-1562.7634490990977,0.0,1.4551915228366852e-11,0.0,-2.220446049250313e-16
contact_inhibition_hypothesis,recirculating,964.1500599939244,964.1500599939244,19573.261694745695,90000.0,0.0,0.0,0.0,0.0,685.2136959979962,0.0,0.0,2153333.3333333414,323.0,0.27291258130767587,0.07095727113999573,0.5591918017739409,0.29888209100887236,3.2367672070957636,0.5793635169283343,0.8496532088496247,0.535229617691841,1.9436108229405522,1.9436108229405522,1.2311809150553856,0.7124299078851666,0.0,0.0,0.0,0.0,1.6552532469523789,0.10444054854902003,0.18391702743915317,4.598109472176518,426.7383052543212,430.3415256989178,9.341784973638651,424.7946944313806,1.6552532469523789,27.584795360461392,0.0,0.0,-1565.3475158622061,0.0,1.8189894035458565e-11,0.0,0.0
contact_inhibition_hypothesis,recirculating,967.2576914793497,967.2576914793497,19571.88623935916,90000.0,0.0,0.0,0.0,0.0,687.895236179534,0.0,0.0,2160000.000000008,324.0,0.2737922283311338,0.07118597936609479,0.5612035265077071,0.29878893196298384,3.2448141060308284,0.578345142214953,0.8493792116558349,0.534587220948483,1.9498754350993912,1.9498754350993912,1.2310420399180282,0.7188333951813631,0.0,0.0,0.0,0.0,1.6609019984866518,0.10442877011422257,0.18454466649851684,4.598432613971031,428.11376064085476,429.82088865800716,9.353010704462461,426.1638852057554,1.6609019984866518,27.67893180478005,0.0,0.0,-1567.9349195994253,0.0,1.4551915228366852e-11,0.0,0.0
contact_inhibition_hypothesis,recirculating,970.3627809450986,970.3627809450986,19570.511909085006,90000.0,0.0,0.0,0.0,0.0,690.580035370244,0.0,0.0,2166666.6666666744,325.0,0.27467115580980256,0.07141450051054866,0.5632044359695583,0.298695981229497,3.252817743878233,0.5773293883751809,0.8491058271455794,0.5339468926917129,1.9561349228516052,1.9561349228516052,1.230903285363448,0.7252316374881571,0.0,0.0,0.0,0.0,1.666546128851005,0.10441700190604394,0.1851717920945561,4.598755536804343,429.48809091500846,429.30067749436284,9.36422717022322,427.53195599215684,1.666546128851005,27.772991237301998,0.0,0.0,-1570.5256593576132,0.0,1.4551915228366852e-11,0.0,0.0
contact_inhibition_hypothesis,recirculating,973.4652753692147,973.4652753692147,19569.13872739105,90000.0,0.0,0.0,0.0,0.0,693.2680909756023,0.0,0.0,2173333.333333341,326.0,0.27554934873527265,0.07164283067117089,0.5651945604824632,0.2986032384252851,3.2607782419298528,0.5763162651841737,0.8488330541920149,0.5333086255123988,1.9623891793112924,1.9623891793112924,1.2307646537444386,0.7316245255668538,0.0,0.0,0.0,0.0,1.6721855416685336,0.10440524412403286,0.18579839351872593,4.599078235059288,430.86127260896245,428.78090109101856,9.37543433728648,428.89888342965116,1.6721855416685336,27.86697205190611,0.0,0.0,-1573.1197341483676,0.0,1.4551915228366852e-11,0.0,0.0
contact_inhibition_hypothesis,recirculating,976.5651225315728,976.5651225315728,19567.76671739022,90000.0,0.0,0.0,0.0,0.0,695.9594003907658,0.0,0.0,2180000.0000000075,327.0,0.27642679232610096,0.07187096600478625,0.5671739310848529,0.29851070315511397,3.2686957243394117,0.5753057820590896,0.8485608916326882,0.5326724119455967,1.9686380992089467,1.9686380992089467,1.2306261473774993,0.7380119518314474,0.0,0.0,0.0,0.0,1.677820142019858,0.10439349696466016,0.18642446022442863,4.599400703199073,432.233282609792,428.2615681966729,9.386632173679503,430.2646445105831,1.677820142019858,27.96087266676093,0.0,0.0,-1575.7171429486762,0.0,1.0913936421275139e-11,0.0,-2.220446049250313e-16
contact_inhibition_hypothesis,recirculating,979.6622710083734,979.6622710083734,19566.39590184298,90000.0,0.0,0.0,0.0,0.0,698.6539610010504,0.0,0.0,2186666.666666674,328.0,0.2773034720262527,0.0720989027268257,0.5691425795100193,0.298418375012068,3.2765703180400774,0.5742979480638681,0.8482893382707883,0.5320382444737582,1.9748815788803595,1.9748815788803595,1.230487768543095,0.7443938103372645,0.0,0.0,0.0,0.0,1.6834498364331179,0.10438176062133984,0.18704998182590193,4.599722935766765,433.6040981570308,427.7426874266121,9.39782064905038,431.6292165781505,1.6834498364331179,28.054691524157906,0.0,0.0,-1578.3178847015638,0.0,1.0913936421275139e-11,0.0,0.0
contact_inhibition_hypothesis,recirculating,982.7566701665587,982.7566701665587,19565.02630315981,90000.0,0.0,0.0,0.0,0.0,701.3517701823954,0.0,0.0,2193333.3333333405,329.0,0.2781793735035207,0.07232663711091537,0.5711005381657996,0.2983262535779677,3.2844021526631986,0.5732927719139986,0.8480183928763757,0.5314061155298507,1.9811195162553623,1.9811195162553623,1.2303495194859122,0.7507699967694501,0.0,0.0,0.0,0.0,1.6890745328738193,0.10437003528445209,0.18767494809709098,4.600044927384776,434.97369684019924,427.2242672636455,9.408999734627884,432.99257732394386,1.6890745328738193,28.148427090342196,0.0,0.0,-1580.9219583167246,0.0,1.0913936421275139e-11,0.0,0.0
contact_inhibition_hypothesis,recirculating,985.8482701581507,985.8482701581507,19563.657943403716,90000.0,0.0,0.0,0.0,0.0,704.0528253018183,0.0,0.0,2200000.000000007,330.0,0.27905448264792243,0.07255416548845983,0.5730478401145478,0.29823433842377783,3.292191360458191,0.5722902619812781,0.8477480541875819,0.5307760175004009,1.9873518108464128,1.9873518108464128,1.2302114024151236,0.7571404084312892,0.0,0.0,0.0,0.0,1.6946941407345433,0.10435832114136473,0.18829934897050477,4.6003666727543315,436.34205659629833,426.70631605905413,9.420169403181866,434.35470478545193,1.6946941407345433,28.24207785534116,0.0,0.0,-1583.5293626711486,0.0,1.4551915228366852e-11,0.0,0.0
contact_inhibition_hypothesis,recirculating,988.9370219145208,988.9370219145208,19562.29084429274,90000.0,0.0,0.0,0.0,0.0,706.7571237178576,0.0,0.0,2206666.6666666735,331.0,0.2799287855700784,0.07278148424822038,0.5749845190533964,0.2981426291100073,3.2999380762135857,0.5712904262985539,0.8474783209117861,0.5301479427284562,1.993578363737044,1.993578363737044,1.230073419504654,0.7635049442323898,0.0,0.0,0.0,0.0,1.7003085708245291,0.10434661837645617,0.18892317453605872,4.600688166654946,437.70915570727385,426.1888420335507,9.431329628984374,435.7155773435368,1.7003085708245291,28.335642332790776,0.0,0.0,-1586.140096609738,0.0,1.4551915228366852e-11,0.0,0.0
contact_inhibition_hypothesis,recirculating,992.0228771405887,992.0228771405887,19560.925027202564,90000.0,0.0,0.0,0.0,0.0,709.4646627810044,0.0,0.0,2213333.33333334,332.0,0.28080226859956997,0.07300858983588819,0.5769106092948064,0.2980511251871002,3.3076424371792257,0.5702932725644532,0.8472091917267653,0.5295218835164713,1.9997990775701697,1.9997990775701697,1.2299355728934478,0.7698635046767219,0.0,0.0,0.0,0.0,1.7059177353591286,0.10433492717113811,0.18954641503990313,4.60100940394387,439.07497279744825,425.67185327825143,9.442480387771301,437.0751737198781,1.7059177353591286,28.429119059759877,0.0,0.0,-1588.754158945916,0.0,1.0913936421275139e-11,0.0,0.0
contact_inhibition_hypothesis,recirculating,995.1057883089608,995.1057883089608,19559.560513169086,90000.0,0.0,0.0,0.0,0.0,712.1754398341238,0.0,0.0,2220000.0000000065,333.0,0.28167491828328,0.0732354787536528,0.5788261457474068,0.2979598261958187,3.315304582989627,0.5692988081480949,0.8469406652818197,0.52889783212912,2.0060138565362675,2.0060138565362675,1.2297978646857415,0.7762159918505261,0.0,0.0,0.0,0.0,1.71152154794915,0.10432324770387892,0.19016906088323884,4.601330379555547,440.4394868309266,425.15535775565826,9.45362165670467,438.4334729743904,1.71152154794915,28.522506596572583,0.0,0.0,-1591.3715484622226,0.0,1.4551915228366852e-11,0.0,0.0
contact_inhibition_hypothesis,recirculating,998.1857086540065,998.1857086540065,19558.19732289104,90000.0,0.0,0.0,0.0,0.0,714.8894522128646,0.0,0.0,2226666.666666673,334.0,0.28254672138371617,0.07346214755976621,0.5807311638971225,0.29786873166761635,3.32292465558849,0.5683070400937846,0.8466727401988716,0.5282757807960223,2.0122226063614383,2.0122226063614383,1.2296602969513364,0.782562309410102,0.0,0.0,0.0,0.0,1.7171199235900916,0.10431158015022558,0.19079110262112126,4.601651088501057,441.80267710897465,424.63936330065104,9.46475341433568,439.7904545026132,1.7171199235900916,28.615803526628873,0.0,0.0,-1593.9922639109072,0.0,1.4551915228366852e-11,0.0,0.0
contact_inhibition_hypothesis,recirculating,1001.2625921658787,1001.2625921658787,19556.835476732642,90000.0,0.0,0.0,0.0,0.0,717.6066972460594,0.0,0.0,2233333.3333333395,335.0,0.2834176648773186,0.07368859286810285,0.5826256997885937,0.2977778411250047,3.3305027991543747,0.5673179751256897,0.8464054150735434,0.5276557217144131,2.0184252342953513,2.0184252342953513,1.229522871725877,0.7889023625694743,0.0,0.0,0.0,0.0,1.7227127786512704,0.10429992468282875,0.19141253096125221,4.601971525867553,443.16452326737203,424.12387762148944,9.475875640568123,441.14609803307667,1.7227127786512704,28.70900845622342,0.0,0.0,-1596.6163040145075,0.0,1.4551915228366852e-11,0.0,0.0
contact_inhibition_hypothesis,recirculating,1004.336393584483,1004.336393584483,19555.474994726268,90000.0,0.0,0.0,0.0,0.0,720.3271722561137,0.0,0.0,2240000.000000006,336.0,0.2842877359527524,0.07391481134771563,0.5845097900068825,0.29768715408191015,3.33803916002753,0.5663316196524941,0.8461386884762064,0.527037647051722,2.024621649099087,2.024621649099087,1.2293855910111273,0.7952360580879599,0.0,0.0,0.0,0.0,1.7283000308648595,0.10428828147146563,0.19203333676276213,4.602291686817694,444.52500527374326,423.60890830082354,9.486988316622691,442.5003836246442,1.7283000308648595,28.80212001436288,0.0,0.0,-1599.2436674664223,0.0,1.0913936421275139e-11,0.0,0.0
contact_inhibition_hypothesis,recirculating,1007.4070683933955,1007.4070683933955,19554.115896575146,90000.0,0.0,0.0,0.0,0.0,723.0508745593859,0.0,0.0,2246666.6666666726,337.0,0.28515692200918646,0.07414079972238849,0.5863834716594697,0.2975966700440233,3.3455338866378788,0.5653479797720316,0.8458725589530097,0.5264215489480909,2.030811761032878,2.030811761032878,1.2292484567752546,0.8015633042576233,0.0,0.0,0.0,0.0,1.7338815993148329,0.10427665068306377,0.19265351103498138,4.602611566589071,445.8841034248659,423.09446279671243,9.498091425001748,443.85329166383303,1.7338815993148329,28.89513685258169,0.0,0.0,-1601.8743529314756,0.0,1.0913936421275139e-11,0.0,0.0
contact_inhibition_hypothesis,recirculating,1010.4745728137381,1010.4745728137381,19552.758201656052,90000.0,0.0,0.0,0.0,0.0,725.7778014665553,0.0,0.0,2253333.333333339,338.0,0.28602521065455944,0.07436655477018546,0.5882467823585386,0.29750638850914035,3.3529871294341542,0.5643670612758956,0.8456070250268835,0.5258074195188208,2.0369954818437583,2.0369954818437583,1.2291114709531097,0.8078840108906485,0.0,0.0,0.0,0.0,1.7394574044258295,0.10426503248172547,0.19327304493620323,4.602931160493628,447.24179834395903,422.58054844365034,9.50918494945473,445.2048028621153,1.7394574044258295,28.98805764475645,0.0,0.0,-1604.50835904647,0.0,1.0913936421275139e-11,0.0,0.0
contact_inhibition_hypothesis,recirculating,1013.5388637980076,1013.5388637980076,19551.40192902206,90000.0,0.0,0.0,0.0,0.0,728.5079502829827,0.0,0.0,2260000.0000000056,339.0,0.28689258970383325,0.07459207332299665,0.590099760203547,0.2974163089674962,3.360399040814188,0.5633888696540257,0.8453420851985183,0.5251952508567457,2.0431727247531275,2.0431727247531275,1.2289746354465114,0.8141980893066159,0.0,0.0,0.0,0.0,1.745027367951939,0.1042534270287508,0.1938919297724376,4.6032504639170755,448.5980709779529,422.06717245360073,9.520268874944225,446.5548982531998,1.745027367951939,29.080881086919064,0.0,0.0,-1607.145684420735,0.0,1.4551915228366852e-11,0.0,0.0
contact_inhibition_hypothesis,recirculating,1016.5998990238695,1016.5998990238695,19550.047097405273,90000.0,0.0,0.0,0.0,0.0,731.2413183090595,0.0,0.0,2266666.666666672,340.0,0.28775904717723627,0.07481735226608144,0.5919424437640861,0.2973264309020899,3.3677697750563445,0.5624134100992676,0.8450777379473232,0.5245850350345406,2.049343404444238,2.049343404444238,1.228837952124536,0.8205054523197018,0.0,0.0,0.0,0.0,1.7505914129654174,0.10424183448266314,0.19451015699615742,4.603569472318305,449.95290259474115,421.55434191703597,9.531343187612627,447.9035591902969,1.7505914129654174,29.17360589706868,0.0,0.0,-1609.786327636662,0.0,1.4551915228366852e-11,0.0,0.0
contact_inhibition_hypothesis,recirculating,1019.6576368879137,1019.6576368879137,19548.693725219593,90000.0,0.0,0.0,0.0,0.0,733.9779028405483,0.0,0.0,2273333.3333333386,341.0,0.2886245712984958,0.0750423885376089,0.5937748720630238,0.2972367537890023,3.3750994882520953,0.561440687511908,0.8448139817323597,0.523976764106965,2.055507437049607,2.055507437049607,1.2287014228238002,0.826806014225807,0.0,0.0,0.0,0.0,1.7561494638453365,0.10423025499923338,0.19512771820503733,4.603888181228796,451.3062747804177,421.04206380398335,9.542407874749378,449.2507673433681,1.7561494638453365,29.26623081498253,0.0,0.0,-1612.4302872502371,0.0,1.0913936421275139e-11,0.0,0.0
contact_inhibition_hypothesis,recirculating,1022.7120364993777,1022.7120364993777,19547.341830563513,90000.0,0.0,0.0,0.0,0.0,736.7177011689137,0.0,0.0,2280000.000000005,342.0,0.28948915049306123,0.07526717912819593,0.5955970845599337,0.29714727709770594,3.3823883382397346,0.5604707065041817,0.8445508149932528,0.5233704301130363,2.0616647401383656,2.0616647401383656,1.2285650493487557,0.8330996907896098,0.0,0.0,0.0,0.0,1.7617014462661755,0.10421868873150386,0.19574460514068612,4.604206586252013,452.6581694364984,420.5303449650767,9.553462924758879,450.59650469636,1.7617014462661755,29.358754602025815,0.0,0.0,-1615.0775617915592,0.0,1.0913936421275139e-11,0.0,4.440892098500626e-16
contact_inhibition_hypothesis,recirculating,1025.7630576738416,1025.7630576738416,19545.991431222883,90000.0,0.0,0.0,0.0,0.0,739.4607105816442,0.0,0.0,2286666.6666666716,343.0,0.29035277338631976,0.07549172108044314,0.5974091211348072,0.2970580002913676,3.3896364845392286,0.5595034714047502,0.8442882361510812,0.5227660250781422,2.0678152327035435,2.0678152327035435,1.2284288334719737,0.8393863992315699,0.0,0.0,0.0,0.0,1.7672472871863574,0.10420713582981325,0.196360809687373,4.604524683062813,454.00856877713,420.0191921326129,9.564508327128964,451.94075354442646,1.7672472871863574,29.451176040960643,0.0,0.0,-1617.7281497653548,0.0,1.4551915228366852e-11,0.0,0.0
contact_inhibition_hypothesis,recirculating,1028.8106609268941,1028.8106609268941,19544.642544673723,90000.0,0.0,0.0,0.0,0.0,742.2069283625656,0.0,0.0,2293333.333333338,344.0,0.29121542880180296,0.07571601148846877,0.5992110220720464,0.2969689228271433,3.3968440882881854,0.5585389862631512,0.8440262436092452,0.522163541016091,2.0739588351493072,2.0739588351493072,1.2282927769344405,0.8456660582148666,0.0,0.0,0.0,0.0,1.7727869148367372,0.10419559644182137,0.19697632387074854,4.604842467406837,455.3574553262875,419.5086119216128,9.575544072399953,453.2834964911382,1.7727869148367372,29.543493935754224,0.0,0.0,-1620.3820496514827,0.0,1.0913936421275139e-11,0.0,0.0
contact_inhibition_hypothesis,recirculating,1031.8548074677765,1031.8548074677765,19543.295188085052,90000.0,0.0,0.0,0.0,0.0,744.9563517921445,0.0,0.0,2300000.0000000047,345.0,0.29207710575938806,0.07594004749744089,0.6010028280447387,0.29688004415646596,3.404011312178955,0.5575772548542183,0.8437648357543117,0.521562969931096,2.0800954692781413,2.0800954692781413,1.2281568814458497,0.8519385878322914,0.0,0.0,0.0,0.0,1.7783202587090463,0.10418407071253416,0.19759113985656065,4.605159935099903,456.70481191496015,418.998610830886,9.58657015213437,454.624716445682,1.7783202587090463,29.635707111386257,0.0,0.0,-1623.0392599054294,0.0,1.0913936421275139e-11,0.0,0.0
contact_inhibition_hypothesis,recirculating,1034.8954591930042,1034.8954591930042,19541.949378321682,90000.0,0.0,0.0,0.0,0.0,747.7089781477843,0.0,0.0,2306666.666666671,346.0,0.2929377934734922,0.07616382630310797,0.602784580099209,0.296791363725326,3.411138320396836,0.5566182806824695,0.8435040109568412,0.5209643038197039,2.086225058277993,2.086225058277993,1.2280211486848922,0.8582039095931009,0.0,0.0,0.0,0.0,1.783847249544299,0.10417255878432768,0.1982052499493665,4.605477082027394,458.0506216783288,418.4891952441,9.597586558887166,455.9643966200508,1.783847249544299,29.72781441365574,0.0,0.0,-1625.6997789588,0.0,1.0913936421275139e-11,0.0,0.0
contact_inhibition_hypothesis,recirculating,1037.9325786799718,1037.9325786799718,19540.60513194707,90000.0,0.0,0.0,0.0,0.0,750.4648047041119,0.0,0.0,2313333.3333333377,347.0,0.2937974813512624,0.07638734515132822,0.6045563196398493,0.29670288097454467,3.4182252785593974,0.5556620669864639,0.8432437675721902,0.5203675346726615,2.0923475267093816,2.0923475267093816,1.2278855802995536,0.8644619464098277,0.0,0.0,0.0,0.0,1.7893678193211664,0.10416106079697435,0.19881864659124066,4.605793904143653,459.3948680529353,417.9803714308509,9.60859328617659,457.3025205262259,1.7893678193211664,29.819814708987238,0.0,0.0,-1628.363605219796,0.0,7.275957614183426e-12,0.0,4.440892098500626e-16
contact_inhibition_hypothesis,recirculating,1040.96612918054,1040.96612918054,19539.262465226166,90000.0,0.0,0.0,0.0,0.0,753.223828733257,0.0,0.0,2320000.000000004,348.0,0.2946561589907602,0.07661060133759766,0.6063180884142245,0.29661459534004053,3.425272353656898,0.5547086167431264,0.8429841039412957,0.519772654476724,2.098462800492467,2.098462800492467,1.2277501779074085,0.8707126225850585,0.0,0.0,0.0,0.0,1.7948819012443198,0.10414957688766713,0.19943132236047995,4.606110397471354,460.7375347738439,417.4721455477382,9.61959032845562,458.6390719733514,1.7948819012443198,29.911706884236587,0.0,0.0,-1631.0307370736919,0.0,1.0913936421275139e-11,0.0,4.440892098500626e-16
contact_inhibition_hypothesis,recirculating,1043.9960746146112,1043.9960746146112,19537.92139412821,90000.0,0.0,0.0,0.0,0.0,755.9860475051227,0.0,0.0,2326666.6666666707,349.0,0.2955138161791433,0.07683359220657726,0.6080699284984491,0.29652650625308896,3.4322797139937964,0.5537579326720383,0.8427250183914382,0.5191796552164071,2.104570806894102,2.104570806894102,1.227614943095912,0.8769558637981901,0.0,0.0,0.0,0.0,1.800389429732752,0.10413810719104458,0.20004326997030572,4.606426558100902,462.078605871798,416.96452363944104,9.630577681083968,459.9740350649039,1.800389429732752,30.00348984649631,0.0,0.0,-1633.7011728832977,0.0,7.275957614183426e-12,0.0,-4.440892098500626e-16
contact_inhibition_hypothesis,recirculating,1047.0223795636934,1047.0223795636934,19536.581934329635,90000.0,0.0,0.0,0.0,0.0,758.7514582876473,0.0,0.0,2333333.333333337,350.0,0.2963704428908436,0.07705631515161933,0.6098118822828374,0.2964386131405749,3.43924752913135,0.5528100172396956,0.8424665092369851,0.5185885288756821,2.110671474514858,2.110671474514858,1.2274798774227003,0.8831915970921578,0.0,0.0,0.0,0.0,1.8058903404080784,0.1041266518392158,0.20065448226756422,4.606742382189804,463.41806567037156,416.45751163979656,9.641555340300668,461.3073941958567,1.8058903404080784,30.095162522900626,0.0,0.0,-1636.374910989418,0.0,7.275957614183426e-12,0.0,-4.440892098500626e-16
contact_inhibition_hypothesis,recirculating,1050.0450092644578,1050.0450092644578,19535.244101216893,90000.0,0.0,0.0,0.0,0.0,761.5200583470611,0.0,0.0,2340000.0000000037,351.0,0.2972260292857436,0.07727876761429334,0.6115439924578229,0.2963509154252393,3.4461759698312915,0.5518648726637306,0.8422085747801156,0.5179992674396202,2.116764733276035,2.116764733276035,1.2273449824158835,0.8894197508601516,0.0,0.0,0.0,0.0,1.811384570082824,0.10411521096178633,0.20126495223142485,4.607057865962049,464.7558987831172,415.95111537287903,9.652523303197176,462.6391340498411,1.811384570082824,30.18672386043026,0.0,0.0,-1639.0519497113023,0.0,1.0913936421275139e-11,0.0,-4.440892098500626e-16
contact_inhibition_hypothesis,recirculating,1053.0639296022864,1053.0639296022864,19533.907909889298,90000.0,0.0,0.0,0.0,0.0,764.2918449481315,0.0,0.0,2346666.6666666702,352.0,0.29808056570735025,0.07750094708391107,0.6132663020001416,0.2962634125259183,3.4530652080005666,0.5509225009171014,0.8419512133115244,0.5174118628959773,2.122850514406657,2.122850514406657,1.2272102595743393,0.8956402548323176,0.0,0.0,0.0,0.0,1.8168720567486971,0.10410378468588224,0.20187467297207742,4.607373005707491,466.09209011071084,415.44534055408093,9.663481567691116,463.9692395963042,1.8168720567486971,30.278172825717036,0.0,0.0,-1641.7322873470857,0.0,7.275957614183426e-12,0.0,0.0
contact_inhibition_hypothesis,recirculating,1056.0791071048209,1056.0791071048209,19532.573375161912,90000.0,0.0,0.0,0.0,0.0,767.0668153544046,0.0,0.0,2353333.3333333367,353.0,0.2989340426809685,0.07772285109705182,0.6149788541592847,0.296176103857777,3.4599154166371386,0.5499829037322427,0.8416944231111089,0.5168263072367323,2.1289287504304664,2.1289287504304664,1.227075710368014,0.901853040062452,0.0,0.0,0.0,0.0,1.822352739564862,0.10409237313617532,0.20248363772942907,4.607687797781226,467.42662483809613,414.94019279119374,9.674430132500492,465.29769608766566,1.822352739564862,30.369508404848425,0.0,0.0,-1644.4159221742275,0.0,7.275957614183426e-12,0.0,0.0
contact_inhibition_hypothesis,recirculating,1059.0905089355083,1059.0905089355083,19531.24051156838,90000.0,0.0,0.0,0.0,0.0,769.8449668284368,0.0,0.0,2360000.0000000033,354.0,0.2997864509118748,0.07794447723708745,0.6166816924442103,0.2960889888325357,3.4667267697768414,0.5490460826051821,0.8414382024486344,0.5162425924595682,2.1349993751529124,2.1349993751529124,1.226941336238216,0.9080580389146963,0.0,0.0,0.0,0.0,1.827826558846203,0.1040809764349092,0.2030918398718003,4.608002238602964,468.75948843162786,414.4356775854896,9.685368997118534,466.62448905647494,1.827826558846203,30.460729603171973,0.0,0.0,-1647.102852449936,0.0,7.275957614183426e-12,0.0,0.0
contact_inhibition_hypothesis,recirculating,1062.098102887145,1062.098102887145,19529.909333363794,90000.0,0.0,0.0,0.0,0.0,772.6262966320203,0.0,0.0,2366666.66666667,355.0,0.300637781283489,0.07816582313370714,0.6183748606103165,0.29600206685869124,3.473499442441266,0.5481120387996206,0.8411825495843861,0.51566071056931,2.1410623236481374,2.1410623236481374,1.2268071385979098,0.9142551850502276,0.0,0.0,0.0,0.0,1.8332934560515928,0.10406959470192341,0.20369927289462136,4.608316324656412,470.0906666362142,413.9318003328021,9.696298161788981,467.94960431256607,1.8332934560515928,30.55183544509979,0.0,0.0,-1649.7930764115918,0.0,7.275957614183426e-12,0.0,0.0
contact_inhibition_hypothesis,recirculating,1065.1018573754277,1065.1018573754277,19528.579854527547,90000.0,0.0,0.0,0.0,0.0,775.4108020264017,0.0,0.0,2373333.3333333363,356.0,0.3014880248555497,0.07838688646244292,0.6200584026466724,0.29591533734173125,3.48023361058669,0.5471807733509735,0.8409274627697979,0.5150806535793081,2.1471175322459772,2.1471175322459772,1.2266731188320141,0.9204444134139628,0.0,0.0,0.0,0.0,1.8387533737721689,0.1040582280546784,0.20430593041912984,4.608630052488646,471.42014547246293,413.4285663246077,9.707217627481983,469.27302794021693,1.8387533737721689,30.642824973913193,0.0,0.0,-1652.4865922771598,0.0,1.0913936421275139e-11,0.0,0.0
contact_inhibition_hypothesis,recirculating,1068.1017414325067,1068.1017414325067,19527.25208876618,90000.0,0.0,0.0,0.0,0.0,778.1984802724929,0.0,0.0,2380000.000000003,357.0,0.3023371728622888,0.07860766494419509,0.6217323627635032,0.295828799684343,3.4869294510540128,0.5462522870703764,0.8406729402480677,0.5145024135127765,2.1531649385189615,2.1531649385189615,1.2265392782976956,0.9266256602212659,0.0,0.0,0.0,0.0,1.8442062557196117,0.10404687660828164,0.2049118061910679,4.608943418709488,472.7479112338273,412.92598074910495,9.71812739587049,470.59474629530837,1.8442062557196117,30.733697251567328,0.0,0.0,-1655.183398245597,0.0,7.275957614183426e-12,0.0,4.440892098500626e-16
contact_inhibition_hypothesis,recirculating,1071.097724700547,1071.097724700547,19525.926049516253,90000.0,0.0,0.0,0.0,0.0,780.9893286310763,0.0,0.0,2386666.6666666693,358.0,0.303185216710609,0.07882815634475834,0.6233967853799287,0.295742453286616,3.493587141519715,0.5453265805486518,0.840418980254753,0.5139259824040827,2.1592044812693385,2.1592044812693385,1.226405618324665,0.9327988629446734,0.0,0.0,0.0,0.0,1.8496520467144444,0.10403554047551118,0.20551689407938264,4.609256419990882,474.0739504837568,412.4240486922938,9.729027469307182,471.91474600248745,1.8496520467144444,30.824451358496216,0.0,0.0,-1657.8834924972516,0.0,1.0913936421275139e-11,0.0,4.440892098500626e-16
contact_inhibition_hypothesis,recirculating,1074.089777425297,1074.089777425297,19524.60174994716,90000.0,0.0,0.0,0.0,0.0,783.783344363003,0.0,0.0,2393333.333333336,359.0,0.3040321479782639,0.07904835847434862,0.6250517151119523,0.2956562975462394,3.5002068604478094,0.5444036541602374,0.8401655810183513,0.5133513522999942,2.1652361005161076,2.1652361005161076,1.2262721402154697,0.9389639603006377,0.0,0.0,0.0,0.0,1.8550906926743387,0.1040242197668421,0.20612118807492646,4.609569053066272,475.39825005285024,411.9227751390529,9.739917850801884,473.23301395233415,1.8550906926743387,30.91508639341785,0.0,0.0,-1660.5868731942564,0.0,1.0913936421275139e-11,0.0,4.440892098500626e-16
contact_inhibition_hypothesis,recirculating,1077.0778704496695,1077.0778704496695,19523.279202963997,90000.0,0.0,0.0,0.0,0.0,786.5805247293843,0.0,0.0,2400000.0000000023,360.0,0.3048779584120403,0.07926826918713048,0.6266971967606961,0.29557033185869297,3.5067887870427845,0.5434835080670768,0.8399127407608618,0.5127785152608768,2.1712597374820795,2.1712597374820795,1.2261388452457884,0.9451208922362911,0.0,0.0,0.0,0.0,1.8605221406024486,0.10401291459047003,0.2067246822891609,4.609881314729972,476.7207970360149,411.42216497421464,9.750798543999533,474.5495372985328,1.8605221406024486,31.005601473139805,0.0,0.0,-1663.2935384809157,0.0,1.0913936421275139e-11,0.0,0.0
contact_inhibition_hypothesis,recirculating,1080.0619752073342,1080.0619752073342,19521.95842121038,90000.0,0.0,0.0,0.0,0.0,789.3808669917768,0.0,0.0,2406666.666666669,361.0,0.3057226399259448,0.07948788638074565,0.6283332753008812,0.2954845556174334,3.513333101203525,0.542566142222471,0.8396604576983336,0.5122074633618536,2.1772753345809606,2.1772753345809606,1.2260057346647248,0.9512695999162358,0.0,0.0,0.0,0.0,1.8659463385757618,0.10400162505233643,0.20732737095286238,4.610193201836556,478.04157878963036,410.92222298363924,9.761669553158589,475.8643034550494,1.8659463385757618,31.09599573236507,0.0,0.0,-1666.0034864840832,0.0,1.0913936421275139e-11,0.0,0.0
contact_inhibition_hypothesis,recirculating,1083.0420637163231,1083.0420637163231,19520.639417071292,90000.0,0.0,0.0,0.0,0.0,792.1843684123628,0.0,0.0,2413333.3333333354,362.0,0.3065661845993939,0.07970720799584241,0.6299599958695502,0.2953989682140747,3.519839983478201,0.5416515563748898,0.8394087300413962,0.511638188693918,2.1832828354044613,2.1832828354044613,1.2258728096950995,0.957410025709362,0.0,0.0,0.0,0.0,1.8713632357334755,0.1039903512561551,0.20792924841483057,4.610504711300221,479.36058292871826,410.4229538552858,9.772530883129985,477.1773000933138,1.8713632357334755,31.186268323498368,0.0,0.0,-1668.7167153135358,0.0,1.0913936421275139e-11,0.0,0.0
contact_inhibition_hypothesis,recirculating,1086.0181085726545,1086.0181085726545,19519.322202675892,90000.0,0.0,0.0,0.0,0.0,794.9910262541229,0.0,0.0,2420000.000000002,363.0,0.30740858467540894,0.07992623201560632,0.6315774037550291,0.29531356903856304,3.5263096150201165,0.5407397500717452,0.8391575559957737,0.5110706833650063,2.1892821847094424,2.1892821847094424,1.225740071533741,0.9635421131757015,0.0,0.0,0.0,0.0,1.8767727822654083,0.10397909330343359,0.20853030914060086,4.610815840094179,480.6777973241202,409.92436218028024,9.783382539336548,478.48851513941077,1.8767727822654083,31.27641841645303,0.0,0.0,-1671.4332230623413,0.0,1.0913936421275139e-11,0.0,-4.440892098500626e-16
contact_inhibition_hypothesis,recirculating,1088.9900829439707,1088.9900829439707,19518.00678990033,90000.0,0.0,0.0,0.0,0.0,797.8008377810032,0.0,0.0,2426666.6666666684,364.0,0.3082498325588155,0.08014495646529203,0.6331855443861247,0.29522835747934706,3.532742177544499,0.5398307226631244,0.8389069337627855,0.5105049395010298,2.1952733284050914,2.1952733284050914,1.225607521351776,0.9696658070533155,0.0,0.0,0.0,0.0,1.8821749294004317,0.1039678512935008,0.20913054771115905,4.611126585250029,481.99321009968213,409.4264524539818,9.794224527752906,479.797936771277,1.8821749294004317,31.366445198458194,0.0,0.0,-1674.1530078072165,0.0,1.0913936421275139e-11,0.0,0.0
contact_inhibition_hypothesis,recirculating,1091.957960563197,1091.957960563197,19516.693190370563,90000.0,0.0,0.0,0.0,0.0,800.613800258078,0.0,0.0,2433333.333333335,365.0,0.3090899208144481,0.0803633794117565,0.6347844633215556,0.29514333292354267,3.5391378532862223,0.5389244733054831,0.8386568615398314,0.5099409492468683,2.2012562135401375,2.2012562135401375,1.2254751602949214,0.9757810532452161,0.0,0.0,0.0,0.0,1.8875696293949467,0.10395662532353002,0.2097299588216607,4.611436943857146,483.30680962944706,408.9292290770447,9.805056854885844,481.1055534159069,1.8875696293949467,31.456347873866786,0.0,0.0,-1676.8760676088825,0.0,1.0913936421275139e-11,0.0,0.0
