scenario,mode,extent_mol,reactor_h2_mol,water_kg,salt_mol,export_h2_mol,export_water_kg,export_salt_mol,outlet_separator_gas_mol,flow_pump_kwh,feed_water_kg,feed_salt_mol,circulated_water_kg,time_days,altered_fraction_proxy,expansion_loading,crack_opening_fraction,porosity,area_factor,passivation_factor,pore_access_factor,permeability_ratio,generated_h2_kg,retained_h2_kg,dissolved_h2_kg,free_h2_kg,exported_h2_kg,outlet_collected_h2_kg,outlet_uncollected_gas_h2_kg,outlet_residual_dissolved_h2_kg,endpoint_collected_h2_kg,endpoint_residual_h2_kg,endpoint_uncollected_gas_h2_kg,salt_molality,water_consumed_kg,remaining_reactive_fe_kg,flow_head_bar,solid_mass_gain_kg,total_deliverable_h2_kg,gross_electricity_kwh,outlet_delivered_electricity_kwh,new_feed_heater_kwh,standalone_engineering_balance_kwh,h2_balance_error_kg,water_balance_error_kg,salt_balance_error_kg,hydrogen_recovery_balance_error_kg
film_only_hypothesis,stationary,0.0,0.0,20000.0,90000.0,0.0,0.0,0.0,0.0,0.0,0.0,0.0,0.0,0.0,0.0,0.0,0.0,0.35,1.0,1.0,1.0,1.0,0.0,0.0,0.0,0.0,0.0,0.0,0.0,0.0,0.0,0.0,0.0,4.5,0.0,591.8704059999999,0.0,0.0,0.0,0.0,0.0,0.0,-907.7186152246713,0.0,0.0,0.0,0.0
film_only_hypothesis,stationary,3.3484861073622483,3.3484861073622483,19998.51794098666,90000.0,0.0,0.0,0.0,0.0,0.0,0.0,0.0,0.0,1.0,0.0009478233990245059,0.00024643408374637156,0.0,0.3497535659162536,1.0,0.9981061488055532,0.9992751938713342,0.9971329666707487,0.006750146174109409,0.006750146174109409,0.006750146174109409,0.0,0.0,0.0,0.0,0.0,0.0,0.006750146174109409,0.0,4.500333487990445,1.4820590133369997,591.3094173800031,0.0,1.4753088671628902,0.0,0.0,0.0,0.0,-907.7186152246713,0.0,0.0,0.0,0.0
film_only_hypothesis,stationary,6.685061627788512,6.685061627788512,19997.041153666905,90000.0,0.0,0.0,0.0,0.0,0.0,0.0,0.0,0.0,2.0,0.001892275384033221,0.0004919915998486374,0.0,0.34950800840015134,1.0,0.99622260161849,0.9985529658827981,0.9942831186482467,0.013476282034226305,0.013476282034226305,0.013476282034226305,0.0,0.0,0.0,0.0,0.0,0.0,0.013476282034226305,0.0,4.500665838930701,2.958846333091697,590.7504242001885,0.0,2.9453700510574707,0.0,0.0,0.0,0.0,-907.7186152246713,0.0,-3.637978807091713e-12,0.0,0.0
film_only_hypothesis,stationary,10.009806297700106,10.009806297700106,19995.56960274894,90000.0,0.0,0.0,0.0,0.0,0.0,0.0,0.0,0.0,3.0,0.002833378525239505,0.0007366784165622714,0.0,0.3492633215834377,1.0,0.9943492687315615,0.9978332987748169,0.9914502980496,0.02017856831940769,0.02017856831940769,0.02017856831940769,0.0,0.0,0.0,0.0,0.0,0.0,0.02017856831940769,0.0,4.500997060250138,4.430397251058089,590.1934131019148,0.0,4.410218682738681,0.0,0.0,0.0,0.0,-907.7186152246713,0.0,-3.637978807091713e-12,0.0,0.0
film_only_hypothesis,stationary,13.322799066783615,13.322799066783615,19994.103253289177,90000.0,0.0,0.0,0.0,0.0,0.0,0.0,0.0,0.0,4.0,0.0037711551701633704,0.0009805003442424764,0.0,0.3490194996557575,1.0,0.9924860615077371,0.9971161754581104,0.988634348947181,0.02685716418274775,0.02685716418274775,0.02685716418274775,0.0,0.0,0.0,0.0,0.0,0.0,0.02685716418274775,0.0,4.501327159306049,5.896746710816901,589.6383708583463,0.0,5.869889546634153,0.0,0.0,0.0,0.0,-907.7186152246713,0.0,-7.275957614183426e-12,0.0,0.0
film_only_hypothesis,stationary,16.624118108243223,16.624118108243223,19992.64207068772,90000.0,0.0,0.0,0.0,0.0,0.0,0.0,0.0,0.0,5.0,0.004705627446533504,0.0012234631360987112,0.0,0.34877653686390125,1.0,0.9906328923640193,0.9964015790114743,0.985835117338183,0.033512227212045345,0.033512227212045345,0.033512227212045345,0.0,0.0,0.0,0.0,0.0,0.0,0.033512227212045345,0.0,4.501656143384561,7.3579293122733285,589.0852843727355,0.0,7.324417085061283,0.0,0.0,0.0,0.0,-907.7186152246713,0.0,-3.637978807091713e-12,0.0,0.0
film_only_hypothesis,stationary,19.91384082888716,19.91384082888716,19991.186020683872,90000.0,0.0,0.0,0.0,0.0,0.0,0.0,0.0,0.0,6.0,0.005636817265142347,0.0014655724889370103,0.0,0.34853442751106295,1.0,0.9887896747555531,0.9956894926795969,0.9830524511147531,0.04014391345013704,0.04014391345013704,0.04014391345013704,0.0,0.0,0.0,0.0,0.0,0.0,0.04014391345013704,0.0,4.50198401970156,8.813979316121355,588.5341406767322,0.0,8.773835402671217,0.0,0.0,0.0,0.0,-907.7186152246713,0.0,-7.275957614183426e-12,0.0,0.0
film_only_hypothesis,stationary,23.19204387905136,23.19204387905136,19989.73506935176,90000.0,0.0,0.0,0.0,0.0,0.0,0.0,0.0,0.0,7.0,0.006564746322655081,0.0017068340438903212,0.0,0.34829316595610965,1.0,0.9869563231600267,0.9949798998709108,0.9802862000346798,0.046752377414902055,0.046752377414902055,0.046752377414902055,0.0,0.0,0.0,0.0,0.0,0.0,0.046752377414902055,0.0,4.502310795403583,10.26493064823602,587.9849269287231,0.0,10.218178270821117,0.0,0.0,0.0,0.0,-907.7186152246713,0.0,-7.275957614183426e-12,0.0,0.0
film_only_hypothesis,stationary,26.4588031623637,26.4588031623637,19988.289183096,90000.0,0.0,0.0,0.0,0.0,0.0,0.0,0.0,0.0,8.0,0.0074894361043735015,0.0019472533871371105,0.0,0.34805274661286284,1.0,0.9851327530623538,0.994272784155479,0.9775362156926188,0.053337772118945734,0.053337772118945734,0.053337772118945734,0.0,0.0,0.0,0.0,0.0,0.0,0.053337772118945734,0.0,4.5026364775687036,11.71081690399512,587.4376304121934,0.0,11.657479131876174,0.0,0.0,0.0,0.0,-907.7186152246713,0.0,-3.637978807091713e-12,0.0,0.0
film_only_hypothesis,stationary,29.714193845351655,29.714193845351655,19986.848328647462,90000.0,0.0,0.0,0.0,0.0,0.0,0.0,0.0,0.0,9.0,0.008410907886955562,0.002186836050608446,0.0,0.34781316394939155,1.0,0.9833188809396359,0.9935681292629164,0.9748023514918694,0.05990024908896749,0.05990024908896749,0.05990024908896749,0.0,0.0,0.0,0.0,0.0,0.0,0.05990024908896749,0.0,4.502961073207405,13.151671352531627,586.892238534119,0.0,13.09177110344266,0.0,0.0,0.0,0.0,-907.7186152246713,0.0,-7.275957614183426e-12,0.0,0.0
film_only_hypothesis,stationary,32.95829036689643,32.95829036689643,19985.412473059077,90000.0,0.0,0.0,0.0,0.0,0.0,0.0,0.0,0.0,10.0,0.009329182741091457,0.002425587512683779,0.0,0.3475744124873162,1.0,0.9815146242463936,0.9928659190803418,0.9720844626166543,0.06643995838481917,0.06643995838481917,0.06643995838481917,0.0,0.0,0.0,0.0,0.0,0.0,0.06643995838481917,0.0,4.503284589263426,14.587526940918128,586.348738823382,0.0,14.521086982533308,0.0,0.0,0.0,0.0,-907.7186152246713,0.0,-3.637978807091713e-12,0.0,0.0
film_only_hypothesis,stationary,36.191166447536574,36.191166447536574,19983.98158370171,90000.0,0.0,0.0,0.0,0.0,0.0,0.0,0.0,0.0,11.0,0.01024428153413712,0.0026635131988756514,0.0,0.34733648680112433,1.0,0.9797199014000654,0.9921661376503658,0.9693824060049266,0.07295704861826002,0.07295704861826002,0.07295704861826002,0.0,0.0,0.0,0.0,0.0,0.0,0.07295704861826002,0.0,4.5036070326146165,16.018416298284656,585.8071189292119,0.0,15.945459249666396,0.0,0.0,0.0,0.0,-907.7186152246713,0.0,-7.275957614183426e-12,0.0,0.0
film_only_hypothesis,stationary,39.41289509862387,39.41289509862387,19982.555628260125,90000.0,0.0,0.0,0.0,0.0,0.0,0.0,0.0,0.0,12.0,0.011156224932705877,0.0029006184825035282,0.0,0.3470993815174965,1.0,0.9779346317667666,0.9914687691691073,0.9666960403216629,0.07945166697141388,0.07945166697141388,0.07945166697141388,0.0,0.0,0.0,0.0,0.0,0.0,0.07945166697141388,0.0,4.5039284100737556,17.444371739871155,585.2673666196521,0.0,17.36492007289974,0.0,0.0,0.0,0.0,-907.7186152246713,0.0,-3.637978807091713e-12,0.0,0.0
film_only_hypothesis,stationary,42.623548631334266,42.623548631334266,19981.13457472898,90000.0,0.0,0.0,0.0,0.0,0.0,0.0,0.0,0.0,13.0,0.012065033405219092,0.003136908685356964,0.0,0.346863091314643,1.0,0.9761587356473025,0.9907737979842441,0.9640252259326565,0.08592395921493412,0.08592395921493412,0.08592395921493412,0.0,0.0,0.0,0.0,0.0,0.0,0.08592395921493412,0.0,4.504248728389375,18.86542527101574,584.7294697800493,0.0,18.779501311800807,0.0,0.0,0.0,0.0,-907.7186152246713,0.0,-3.637978807091713e-12,0.0,0.0
film_only_hypothesis,stationary,45.82319866553666,45.82319866553666,19979.718391408915,90000.0,0.0,0.0,0.0,0.0,0.0,0.0,0.0,0.0,14.0,0.012970727224416563,0.0033723890783483065,0.0,0.3466276109216517,1.0,0.9743921342634307,0.9900812085930932,0.9613698248787858,0.09237406972588204,0.09237406972588204,0.09237406972588204,0.0,0.0,0.0,0.0,0.0,0.0,0.09237406972588204,0.0,4.504567994246562,20.281608591080115,584.1934164115693,0.0,20.189234521354233,0.0,0.0,0.0,0.0,-907.7186152246713,0.0,-3.637978807091713e-12,0.0,0.0
film_only_hypothesis,stationary,49.01191613852221,49.01191613852221,19978.307046902682,90000.0,0.0,0.0,0.0,0.0,0.0,0.0,0.0,0.0,15.0,0.01387332646982745,0.003607064882155137,0.0,0.34639293511784486,1.0,0.9726347497443691,0.9893909856407203,0.9587297008507457,0.09880214150532414,0.09880214150532414,0.09880214150532414,0.0,0.0,0.0,0.0,0.0,0.0,0.09880214150532414,0.0,4.504886214267743,21.692953097313172,583.6591946297326,0.0,21.594150955807848,0.0,0.0,0.0,0.0,-907.7186152246713,0.0,-3.637978807091713e-12,0.0,0.0
film_only_hypothesis,stationary,52.18977131359667,52.18977131359667,19976.900510111343,90000.0,0.0,0.0,0.0,0.0,0.0,0.0,0.0,0.0,16.0,0.01477285103020241,0.003840941267852627,0.0,0.34615905873214736,1.0,0.9708865051135411,0.9887031139180805,0.9561047191642471,0.10520831619565325,0.10520831619565325,0.10520831619565325,0.0,0.0,0.0,0.0,0.0,0.0,0.10520831619565325,0.0,4.5052033950134724,23.099489888654027,583.1267926629765,0.0,22.994281572458373,0.0,0.0,0.0,0.0,-907.7186152246713,0.0,-3.637978807091713e-12,0.0,0.0
film_only_hypothesis,stationary,55.35683378853857,55.35683378853857,19975.49875023052,90000.0,0.0,0.0,0.0,0.0,0.0,0.0,0.0,0.0,17.0,0.01566932060590779,0.0040740233575360255,0.0,0.34592597664246394,1.0,0.9691473242755566,0.9880175783601881,0.9534947467356576,0.11159273409763913,0.11159273409763913,0.11159273409763913,0.0,0.0,0.0,0.0,0.0,0.0033142969716926035,0.10791018190686957,0.00036825521907695585,4.505519542983196,24.50124976947567,582.5961988512371,0.0,24.389657035378033,0.0033142969716926035,0.05523275903325724,0.0,0.0,-907.663382465638,0.0,-3.637978807091713e-12,0.0,-1.3877787807814457e-17
film_only_hypothesis,stationary,58.5131725039254,58.5131725039254,19974.101736746725,90000.0,0.0,0.0,0.0,0.0,0.0,0.0,0.0,0.0,18.0,0.016562754711282424,0.0043063162249334305,0.0,0.34569368377506654,1.0,0.9674171320034213,0.9873343640443134,0.9508996520580884,0.11795553418721312,0.11795553418721312,0.11795553418721312,0.0,0.0,0.0,0.0,0.0,0.009051739696606543,0.10789804563542807,0.0010057488551785045,4.505834664615998,25.898263253270155,582.0674016445548,0.0,25.78030771908294,0.009051739696606543,0.15084724204394803,0.0,0.0,-907.5677679826274,0.0,-3.637978807091713e-12,0.0,1.3877787807814457e-17
film_only_hypothesis,stationary,61.65885575133058,61.65885575133058,19972.70943943372,90000.0,0.0,0.0,0.0,0.0,0.0,0.0,0.0,0.0,19.0,0.01745317267695788,0.004537824896009049,0.0,0.3454621751039909,1.0,0.9656958539259709,0.9866534561882087,0.9483193051779012,0.12429685413199228,0.12429685413199228,0.12429685413199228,0.0,0.0,0.0,0.0,0.0,0.014769812887276043,0.10788595092390778,0.0016410903208084488,4.506148766291357,27.290560566276657,581.5403896017008,0.0,27.166263712144666,0.014769812887276043,0.24613893176645524,0.0,0.0,-907.4724762929048,0.0,-3.637978807091713e-12,0.0,1.3877787807814457e-17
film_only_hypothesis,stationary,64.79395118139337,64.79395118139337,19971.32182834894,90000.0,0.0,0.0,0.0,0.0,0.0,0.0,0.0,0.0,20.0,0.018340593652142727,0.004768554349557109,0.0,0.3452314456504429,1.0,0.9639834165155257,0.9859748401483616,0.945753577671649,0.13061683030754725,0.13061683030754725,0.13061683030754725,0.0,0.0,0.0,0.0,0.0,0.020468639521115415,0.10787389750630791,0.0022742932801239346,4.506461854329872,28.678171651053223,581.0151513888253,0.0,28.547554820745674,0.020468639521115415,0.3411098776193884,0.0,0.0,-907.377505347052,0.0,-7.275957614183426e-12,0.0,0.0
film_only_hypothesis,stationary,67.91852581176424,67.91852581176424,19969.938873830004,90000.0,0.0,0.0,0.0,0.0,0.0,0.0,0.0,0.0,21.0,0.019225036606871544,0.004998509517786602,0.0,0.3450014904822134,1.0,0.9622797470757595,0.9852985014182748,0.9432023426234177,0.13691559781341928,0.13691559781341928,0.13691559781341928,0.0,0.0,0.0,0.0,0.0,0.026148341424859885,0.10786188511913053,0.0029053712694288754,4.5067739349939755,30.061126169993475,580.491675778126,0.0,29.924210572180055,0.026148341424859885,0.43576210984528996,0.0,0.0,-907.282853114826,0.0,-3.637978807091713e-12,0.0,-2.7755575615628914e-17
film_only_hypothesis,stationary,71.03264603492792,71.03264603492792,19968.560546491208,90000.0,0.0,0.0,0.0,0.0,0.0,0.0,0.0,0.0,22.0,0.02010652033421933,0.005227695286897025,0.0,0.34477230471310294,1.0,0.9605847737297807,0.9846244256267734,0.9406654746025792,0.14319329048889048,0.14319329048889048,0.14319329048889048,0.0,0.0,0.0,0.0,0.0,0.03180903928878733,0.10784991350134901,0.0035343376987541472,4.507085014488659,31.43945350878911,579.9699516465382,0.0,31.29626021830022,0.03180903928878733,0.5300976397476409,0.0,0.0,-907.1885175849236,0.0,-3.637978807091713e-12,0.0,0.0
film_only_hypothesis,stationary,74.13637762590629,74.13637762590629,19967.186817220158,90000.0,0.0,0.0,0.0,0.0,0.0,0.0,0.0,0.0,23.0,0.02098506345248188,0.005456116497645289,0.0,0.3445438835023547,1.0,0.9588984254084197,0.9839525985363374,0.9381428496419354,0.14945004092851197,0.14945004092851197,0.14945004092851197,0.0,0.0,0.0,0.0,0.0,0.03745085268072055,0.10783798239437802,0.004161205853413393,4.507395098962161,32.81318277983926,579.4499679744438,0.0,32.663732738910745,0.03745085268072055,0.6241184599242079,0.0,0.0,-907.0944967647471,0.0,-3.637978807091713e-12,0.0,0.0
film_only_hypothesis,stationary,77.2297857498435,77.2297857498435,19965.81765717439,90000.0,0.0,0.0,0.0,0.0,0.0,0.0,0.0,0.0,24.0,0.02186068440732283,0.005683777945903936,0.0,0.34431622205409607,1.0,0.957220631838719,0.9832830060414591,0.9356343452162511,0.15568598049739452,0.15568598049739452,0.15568598049739452,0.0,0.0,0.0,0.0,0.0,0.043073900059816275,0.10782609154204309,0.0047859888955351405,4.507704194506654,34.182342825607684,578.9317138444,0.0,34.02665684511029,0.043073900059816275,0.7178265444968381,0.0,0.0,-907.0007886801744,0.0,-3.637978807091713e-12,0.0,2.7755575615628914e-17
film_only_hypothesis,stationary,80.31293496947532,80.31293496947532,19964.45303777807,90000.0,0.0,0.0,0.0,0.0,0.0,0.0,0.0,0.0,25.0,0.022733401473887933,0.005910684383210863,0.0,0.3440893156167891,1.0,0.9555513235326205,0.9826156341670269,0.933139840221165,0.1619012393462659,0.1619012393462659,0.1619012393462659,0.0,0.0,0.0,0.0,0.0,0.04867829879014349,0.10781424069055091,0.005408699865571498,4.508012307158929,35.54696222192879,578.4151784398889,0.0,35.38506098258252,0.04867829879014349,0.8112238493377412,0.0,0.0,-906.9073913753335,0.0,-3.637978807091713e-12,0.0,0.0
film_only_hypothesis,stationary,83.38588925248497,83.38588925248497,19963.092930718736,90000.0,0.0,0.0,0.0,0.0,0.0,0.0,0.0,0.0,26.0,0.023603232758887205,0.006136840517310674,0.0,0.3438631594826893,1.0,0.9538904317758498,0.9819504690667333,0.930659214952473,0.16809594642629938,0.16809594642629938,0.16809594642629938,0.0,0.0,0.0,0.0,0.0,0.054264165154055084,0.10780242958846041,0.006029351683783897,4.508319442901061,36.90706928126332,577.9003510440849,0.0,36.73897333483702,0.054264165154055084,0.9043123122923279,0.0,0.0,-906.8143029123789,0.0,0.0,0.0,-2.7755575615628914e-17
film_only_hypothesis,stationary,86.44871197874726,86.44871197874726,19961.737307944095,90000.0,0.0,0.0,0.0,0.0,0.0,0.0,0.0,0.0,27.0,0.024470196202645452,0.006362251012687818,0.0,0.34363774898731214,1.0,0.9522378886169881,0.9812874970215064,0.9281923510857739,0.174270229503717,0.174270229503717,0.174270229503717,0.0,0.0,0.0,0.0,0.0,0.05983161436535693,0.10779065798665376,0.006647957151706324,4.508625607661065,38.262692055904665,577.3872210386405,0.0,38.088421826400946,0.05983161436535693,0.9970938533986732,0.0,0.0,-906.7215213712726,0.0,0.0,0.0,0.0
film_only_hypothesis,stationary,89.50146594746333,89.50146594746333,19960.386141658862,90000.0,0.0,0.0,0.0,0.0,0.0,0.0,0.0,0.0,28.0,0.025334309581121834,0.006586920491091677,0.0,0.3434130795089083,1.0,0.9505936268567331,0.9806267044379657,0.9257391316564736,0.18042421517417237,0.18042421517417237,0.18042421517417237,0.0,0.0,0.0,0.0,0.0,0.0653807605822779,0.10777892563830802,0.007264528953586432,4.508930807313545,39.61385834113677,576.8757779024917,0.0,39.4334341259626,0.0653807605822779,1.0895703751036612,0.0,0.0,-906.6290448495677,0.0,0.0,0.0,2.7755575615628914e-17
film_only_hypothesis,stationary,92.5442133841878,92.5442133841878,19959.039404321655,90000.0,0.0,0.0,0.0,0.0,0.0,0.0,0.0,0.0,29.0,0.02619559050789896,0.00681085353205373,0.0,0.34318914646794624,1.0,0.9489575800373412,0.9799680778469008,0.9232994410401316,0.1865580288769165,0.1865580288769165,0.1865580288769165,0.0,0.0,0.0,0.0,0.0,0.07091171692024405,0.10776723229886755,0.007879079657804893,4.509235047680333,40.96059567834433,576.36601121068,0.0,40.77403764946742,0.07091171692024405,1.1817437624758669,0.0,0.0,-906.5368714621954,0.0,0.0,0.0,0.0
film_only_hypothesis,stationary,95.57701594775024,95.57701594775024,19957.697068641923,90000.0,0.0,0.0,0.0,0.0,0.0,0.0,0.0,0.0,30.0,0.027054056436142098,0.0070340546733969455,0.0,0.342965945326603,1.0,0.94732968243225,0.9793116039017736,0.9208731649331612,0.19267179490875075,0.19267179490875075,0.19267179490875075,0.0,0.0,0.0,0.0,0.0,0.07642459546446095,0.10775557772601635,0.008491621718273437,4.509538334531114,42.302931358076336,575.8579106331936,0.0,42.11025956316759,0.07642459546446095,1.2736158834152418,0.0,0.0,-906.4449993412561,0.0,0.0,0.0,0.0
film_only_hypothesis,stationary,98.59993473707308,98.59993473707308,19956.359107576936,90000.0,0.0,0.0,0.0,0.0,0.0,0.0,0.0,0.0,31.0,0.02790972466052905,0.007256528411737553,0.0,0.3427434715882624,1.0,0.9457098690358763,0.9786572693772424,0.9184601903338507,0.19876563643777087,0.19876563643777087,0.19876563643777087,0.0,0.0,0.0,0.0,0.0,0.08191950728230812,0.10774396167965074,0.009102167475812011,4.509840673584052,43.64089242306367,575.3514659338243,0.0,43.4421267866259,0.08191950728230812,1.3651885888596649,0.0,0.0,-906.3534266358116,0.0,0.0,0.0,0.0
film_only_hypothesis,stationary,101.61303029788746,101.61303029788746,19955.02549432881,90000.0,0.0,0.0,0.0,0.0,0.0,0.0,0.0,0.0,32.0,0.028762612319151122,0.007478279202979292,0.0,0.3425217207970207,1.0,0.9440980755535855,0.978005061167708,0.9160604055237226,0.20483967551690535,0.20483967551690535,0.20483967551690535,0.0,0.0,0.0,0.0,0.0,0.08739656243554685,0.10773238392185332,0.009710729159505202,4.510142070506394,44.974505671191615,574.8466669690433,0.0,44.76966599567471,0.08739656243554685,1.4564637129883882,0.0,0.0,-906.2621515116829,0.0,0.0,0.0,0.0
film_only_hypothesis,stationary,104.61636262934924,104.61636262934924,19953.696202341573,90000.0,0.0,0.0,0.0,0.0,0.0,0.0,0.0,0.0,33.0,0.029612736395385895,0.007699311462800333,0.0,0.34230068853719964,1.0,0.9424942383918312,0.9773549662858814,0.9136737000492099,0.21089403309725252,0.21089403309725252,0.21089403309725252,0.0,0.0,0.0,0.0,0.0,0.09285586999234773,0.10772084421686617,0.010317318888038633,4.510442530915073,46.3037976584281,574.343503686892,0.0,46.09290362533085,0.09285586999234773,1.5474430734224747,0.0,0.0,-906.1711721512488,0.0,0.0,0.0,-2.7755575615628914e-17
film_only_hypothesis,stationary,107.60999119055653,107.60999119055653,19952.371205298292,90000.0,0.0,0.0,0.0,0.0,0.0,0.0,0.0,0.0,34.0,0.030460113719742037,0.00791962956713293,0.0,0.34208037043286704,1.0,0.9408982946484594,0.9767069718613737,0.911299964703649,0.21692882904121907,0.21692882904121907,0.21692882904121907,0.0,0.0,0.0,0.0,0.0,0.09829753803913847,0.10770934233106522,0.010921948671015383,4.510742060377304,47.628794701708465,573.84196612589,0.0,47.41186587266724,0.09829753803913847,1.6381284714222426,0.0,0.0,-906.080486753249,0.0,0.0,0.0,0.0
film_only_hypothesis,stationary,110.59397490697087,110.59397490697087,19951.050477118224,90000.0,0.0,0.0,0.0,0.0,0.0,0.0,0.0,0.0,35.0,0.031304760971676907,0.008139237852635995,0.0,0.341860762147364,1.0,0.939310182103175,0.9760610651393059,0.9089390915095801,0.22294418213546444,0.22294418213546444,0.22294418213546444,0.0,0.0,0.0,0.0,0.0,0.10372167369227665,0.1076978780329348,0.01152463041025296,4.511040664411161,48.94952288177742,573.3420444139606,0.0,48.726578699641955,0.10372167369227665,1.7285216920817903,0.0,0.0,-905.9900935325895,0.0,0.0,0.0,2.7755575615628914e-17
film_only_hypothesis,stationary,113.56837217674352,113.56837217674352,19949.73399195401,90000.0,0.0,0.0,0.0,0.0,0.0,0.0,0.0,0.0,36.0,0.032146694681387276,0.008358140617160692,0.0,0.3416418593828393,1.0,0.9377298392081674,0.9754172334789392,0.9065909737013491,0.2289402101036537,0.2289402101036537,0.2289402101036537,0.0,0.0,0.0,0.0,0.0,0.10912838310955016,0.10768645109304244,0.012125375901061126,4.511338348486159,50.26600804598916,572.8437287673692,0.0,50.03706783588551,0.10912838310955016,1.8186245045206533,0.0,0.0,-905.8999907201506,0.0,0.0,0.0,-2.7755575615628914e-17
film_only_hypothesis,stationary,116.53324087694858,116.53324087694858,19948.42172418893,90000.0,0.0,0.0,0.0,0.0,0.0,0.0,0.0,0.0,37.0,0.03298593123157366,0.008576342120209152,0.0,0.34142365787979084,1.0,0.9361572050788924,0.9747754643523261,0.9042555057080083,0.23491702961902308,0.23491702961902308,0.23491702961902308,0.0,0.0,0.0,0.0,0.0,0.11451777150150798,0.10767506128401425,0.012724196833500883,4.511635118023817,51.57827581106616,572.3470094896803,0.0,51.34335878144714,0.11451777150150798,1.9084386620726304,0.0,0.0,-905.8101765625987,0.0,-3.637978807091713e-12,0.0,0.0
film_only_hypothesis,stationary,119.48863836972467,119.48863836972467,19947.11364843418,90000.0,0.0,0.0,0.0,0.0,0.0,0.0,0.0,0.0,38.0,0.0338224868591788,0.00879384658338649,0.0,0.3412061534166135,1.0,0.9345922194850066,0.9741357453429809,0.901932583136506,0.24087475631676056,0.24087475631676056,0.24087475631676056,0.0,0.0,0.0,0.0,0.0,0.11988994314262517,0.10766370838051037,0.013321104793625015,4.5119309783982136,52.88635156581754,571.8518769707281,0.0,52.64547680950078,0.11988994314262517,1.9979659024718484,0.0,0.0,-905.7206493221995,0.0,-3.637978807091713e-12,0.0,-2.7755575615628914e-17
film_only_hypothesis,stationary,122.43462150832663,122.43462150832663,19945.80973952618,90000.0,0.0,0.0,0.0,0.0,0.0,0.0,0.0,0.0,39.0,0.034656377657100675,0.009010658190846175,0.0,0.3409893418091538,1.0,0.9330348228414516,0.9734980641445701,0.8996221027551635,0.24681350480620545,0.24681350480620545,0.24681350480620545,0.0,0.0,0.0,0.0,0.0,0.1252450013823038,0.10765239215920126,0.013916111264700418,4.512225934936547,54.19026047381753,571.3583216856024,0.0,53.943446969011326,0.1252450013823038,2.0872079480360926,0.0,0.0,-905.6314072766352,0.0,-3.637978807091713e-12,0.0,-2.7755575615628914e-17
film_only_hypothesis,stationary,125.37124664308895,125.37124664308895,19944.509972523956,90000.0,0.0,0.0,0.0,0.0,0.0,0.0,0.0,0.0,40.0,0.035487619575880446,0.009226781089728917,0.0,0.34077321891027107,1.0,0.9314849561996854,0.9728624085596208,0.8973239624774236,0.25273338868287015,0.25273338868287015,0.25273338868287015,0.0,0.0,0.0,0.0,0.0,0.13058304865571374,0.10764111239874377,0.014509227628412636,4.512519992919666,55.49002747604498,570.8663341936501,0.0,55.23729408736211,0.13058304865571374,2.1761665058474695,0.0,0.0,-905.5424487188238,0.0,0.0,0.0,0.0
film_only_hypothesis,stationary,128.29856962730236,128.29856962730236,19943.214322706517,90000.0,0.0,0.0,0.0,0.0,0.0,0.0,0.0,0.0,41.0,0.03631622842536598,0.009442219390595155,0.0,0.34055778060940484,1.0,0.9299425612390587,0.9722287664982496,0.895038061345884,0.25863452054028624,0.25863452054028624,0.25863452054028624,0.0,0.0,0.0,0.0,0.0,0.1359041864944755,0.10762986887975792,0.015100465166052828,4.512813157582613,56.78567729348431,570.3759051374899,0.0,56.52704277294403,0.1359041864944755,2.2648432679304342,0.0,0.0,-905.4537719567409,0.0,0.0,0.0,0.0
film_only_hypothesis,stationary,131.21664582300514,131.21664582300514,19941.922765570314,90000.0,0.0,0.0,0.0,0.0,0.0,0.0,0.0,0.0,42.0,0.03714221987635105,0.009656977167851273,0.0,0.3403430228321487,1.0,0.9284075802583314,0.971597125976908,0.8927642995165879,0.2645170119816796,0.2645170119816796,0.2645170119816796,0.0,0.0,0.0,0.0,0.0,0.14120851553718805,0.10761866138480398,0.015689835059687556,4.5131054341151495,58.07723442968885,569.8870252420428,0.0,57.81271741770717,0.14120851553718805,2.353239911427239,0.0,0.0,-905.365375313244,0.0,3.637978807091713e-12,0.0,0.0
film_only_hypothesis,stationary,134.1255301066907,134.1255301066907,19940.635276826695,90000.0,0.0,0.0,0.0,0.0,0.0,0.0,0.0,0.0,43.0,0.037965609462191,0.00987105846016966,0.0,0.3401289415398303,1.0,0.9268799561673278,0.970967475117148,0.890502578243586,0.2703809736314756,0.2703809736314756,0.2703809736314756,0.0,0.0,0.0,0.0,0.0,0.14649613553980426,0.10760748969835977,0.016277348393311578,4.513396827662272,59.364723173306956,569.3996853135754,0.0,59.09434219967548,0.14649613553980426,2.441358098770838,0.0,0.0,-905.2772571259004,0.0,3.637978807091713e-12,0.0,0.0
film_only_hypothesis,stationary,137.02527687493267,137.02527687493267,19939.35183239943,90000.0,0.0,0.0,0.0,0.0,0.0,0.0,0.0,0.0,44.0,0.03878641258039492,0.010084467270902678,0.0,0.3399155327290973,1.0,0.9253596324787293,0.9703398021444039,0.8882527998637509,0.27622651514663926,0.27622651514663926,0.27622651514663926,0.0,0.0,0.0,0.0,0.0,0.15176714538585673,0.10759635360679845,0.016863016153984077,4.513687343324727,60.64816760057181,568.913876238758,0.0,60.37194108542517,0.15176714538585673,2.529199477855302,0.0,0.0,-905.1894157468159,0.0,0.0,0.0,0.0
film_only_hypothesis,stationary,139.91594004992908,139.91594004992908,19938.072408422246,90000.0,0.0,0.0,0.0,0.0,0.0,0.0,0.0,0.0,45.0,0.03960464449419502,0.010297207568490705,0.0,0.33970279243150925,1.0,0.9238465532999992,0.969714095386792,0.8860148677818467,0.282053745227851,0.282053745227851,0.282053745227851,0.0,0.0,0.0,0.0,0.0,0.15702164309653607,0.10758525289836647,0.01744684923294845,4.513976986159514,61.927591577755216,568.429588983735,0.0,61.64553783252737,0.15702164309653607,2.6167656822037735,0.0,0.0,-905.1018495424676,0.0,0.0,0.0,0.0
film_only_hypothesis,stationary,142.79757308496715,142.79757308496715,19936.796981236417,90000.0,0.0,0.0,0.0,0.0,0.0,0.0,0.0,0.0,46.0,0.0404203203340935,0.01050928328686431,0.0,0.3394907167131357,1.0,0.9223406633254382,0.9690903432739285,0.8837886864558463,0.28786277163052354,0.28786277163052354,0.28786277163052354,0.0,0.0,0.0,0.0,0.0,0.1622597258406256,0.1075741873631618,0.018028858426736172,4.5142657611803845,63.20301876358639,567.94681459321,0.0,62.91515599195587,0.1622597258406256,2.7040583311340254,0.0,0.0,-905.0145568935372,0.0,3.637978807091713e-12,0.0,0.0
film_only_hypothesis,stationary,145.67022896980964,145.67022896980964,19935.525527388367,90000.0,0.0,0.0,0.0,0.0,0.0,0.0,0.0,0.0,47.0,0.04123345509938718,0.010720698325840668,0.0,0.3392793016741593,1.0,0.9208419078283694,0.9684685343357627,0.881574161382489,0.29365370117565986,0.29365370117565986,0.29365370117565986,0.0,0.0,0.0,0.0,0.0,0.16748148994429243,0.10756315679311268,0.01860905443825471,4.514553673358335,64.474472611636,567.4655441895428,0.0,64.18081891046035,0.16748148994429243,2.791079029921633,0.0,0.0,-904.9275361947497,0.0,3.637978807091713e-12,0.0,0.0
film_only_hypothesis,stationary,148.53396023600453,148.53396023600453,19934.258023627335,90000.0,0.0,0.0,0.0,0.0,0.0,0.0,0.0,0.0,48.0,0.04204406365967049,0.010931456551514328,0.0,0.33906854344848564,1.0,0.9193502326534485,0.9678486572014284,0.8793711990830827,0.2994266397605568,0.2994266397605568,0.2994266397605568,0.0,0.0,0.0,0.0,0.0,0.17268703090074017,0.10755216098195662,0.019187447877860014,4.514840727622084,65.74197637266623,566.9857689718609,0.0,65.44254973290568,0.17268703090074017,2.8778293699608346,0.0,0.0,-904.8407858547105,0.0,0.0,0.0,-5.551115123125783e-17
film_only_hypothesis,stationary,151.38881896211907,151.38881896211907,19932.994446903056,90000.0,0.0,0.0,0.0,0.0,0.0,0.0,0.0,0.0,49.0,0.042852160756317016,0.011141561796642425,0.0,0.33885843820335754,1.0,0.9178655842090976,0.9672307005981104,0.8771797070895332,0.30518169236935655,0.30518169236935655,0.30518169236935655,0.0,0.0,0.0,0.0,0.0,0.1778764433797233,0.1075411997252196,0.019764049264413695,4.515126928858554,67.00555309694741,566.5074802151813,0.0,66.70037140457805,0.1778764433797233,2.964310928923089,0.0,0.0,-904.7543042957482,0.0,3.637978807091713e-12,0.0,-5.551115123125783e-17
film_only_hypothesis,stationary,154.23485677889963,154.23485677889963,19931.734774363464,90000.0,0.0,0.0,0.0,0.0,0.0,0.0,0.0,0.0,50.0,0.043657761003940025,0.011351017861024408,0.0,0.3386489821389756,1.0,0.9163879094600607,0.9666146533499282,0.8749995939306063,0.31091896308344813,0.31091896308344813,0.31091896308344813,0.0,0.0,0.0,0.0,0.0,0.1830498212369274,0.1075302728201955,0.02033886902632526,4.51541228191334,68.26522563654181,566.030669269547,0.0,67.95430667345836,0.1830498212369274,3.0505252709133948,0.0,0.0,-904.6680899537579,0.0,7.275957614183426e-12,0.0,-5.551115123125783e-17
film_only_hypothesis,stationary,157.0721248743585,157.0721248743585,19930.47898335245,90000.0,0.0,0.0,0.0,0.0,0.0,0.0,0.0,0.0,51.0,0.04446087889183237,0.011559828511876416,0.0,0.33844017148812355,1.0,0.9149171559200772,0.966000504376834,0.8728307691184118,0.3166385550917218,0.3166385550917218,0.3166385550917218,0.0,0.0,0.0,0.0,0.0,0.18820725752321624,0.10751938006592598,0.020911917502579577,4.515696791591175,69.52101664755509,565.5553275591743,0.0,69.20437809246336,0.18820725752321624,3.1364739466243985,0.0,0.0,-904.582141278047,0.0,3.637978807091713e-12,0.0,0.0
film_only_hypothesis,stationary,159.900673998789,159.900673998789,19929.227051407648,90000.0,0.0,0.0,0.0,0.0,0.0,0.0,0.0,0.0,52.0,0.04526152878538603,0.011767997484200368,0.0,0.3382320025157996,1.0,0.9134532716446737,0.9653882426935283,0.8706731431351141,0.32234057070067873,0.32234057070067873,0.32234057070067873,0.0,0.0,0.0,0.0,0.0,0.19334884449374812,0.10750852126318083,0.021483204943749785,4.515980462656382,70.77294859235595,565.0814465816128,0.0,70.45060802165527,0.19334884449374812,3.2221584934883123,0.0,0.0,-904.496456731183,0.0,3.637978807091713e-12,0.0,0.0
film_only_hypothesis,stationary,162.7205544697098,162.7205544697098,19927.978956258237,90000.0,0.0,0.0,0.0,0.0,0.0,0.0,0.0,0.0,53.0,0.046059724927491705,0.011975528481147843,0.0,0.3380244715188521,1.0,0.9119962052240689,0.9647778574083886,0.8685266274198511,0.3280251113443986,0.3280251113443986,0.3280251113443986,0.0,0.0,0.0,0.0,0.0,0.19847467361696444,0.10749769621443811,0.022052741512996046,4.516263299833331,72.02104374176463,564.6090179069171,0.0,71.69301863042023,0.19847467361696444,3.3075804358267122,0.0,0.0,-904.4110347888446,0.0,3.637978807091713e-12,0.0,5.551115123125783e-17
film_only_hypothesis,stationary,165.53181617674025,165.53181617674025,19926.73467582279,90000.0,0.0,0.0,0.0,0.0,0.0,0.0,0.0,0.0,54.0,0.04685548143991876,0.012182425174378878,0.0,0.3378175748256211,1.0,0.9105459057761914,0.964169337722415,0.8663911343558738,0.3336922775943671,0.3336922775943671,0.3336922775943671,0.0,0.0,0.0,0.0,0.0,0.20358483558345206,0.10748690472386484,0.022620537287050223,4.516545307806877,73.26532417721064,564.1380331768297,0.0,72.93163189961628,0.20358483558345206,3.392741284998228,0.0,0.0,-904.3258739396731,0.0,0.0,0.0,0.0
film_only_hypothesis,stationary,168.3345085864071,168.3345085864071,19925.49418820714,90000.0,0.0,0.0,0.0,0.0,0.0,0.0,0.0,0.0,55.0,0.04764881232467588,0.01238869120441573,0.0,0.33761130879558426,1.0,0.9091023229398085,0.9635626729281891,0.8642665772578846,0.3393421691691663,0.3393421691691663,0.3393421691691663,0.0,0.0,0.0,0.0,0.0,0.20867942031468154,0.10747614659729797,0.02318660225718683,4.516826491222803,74.50581179286036,563.6684841039762,0.0,74.16646962369119,0.20867942031468154,3.4776425395441675,0.0,0.0,-904.2409726851272,0.0,0.0,0.0,0.0
film_only_hypothesis,stationary,171.12868074688453,171.12868074688453,19924.257471702287,90000.0,0.0,0.0,0.0,0.0,0.0,0.0,0.0,0.0,56.0,0.04843973146535274,0.012594330180991714,0.0,0.33740566981900827,1.0,0.9076654068677621,0.9629578524088479,0.8621528703595879,0.34497488494402956,0.34497488494402956,0.34497488494402956,0.0,0.0,0.0,0.0,0.0,0.21375851697162332,0.10746542164222586,0.023750946330180364,4.517106854688251,75.74252829771484,563.2003624710705,0.0,75.39755341277082,0.21375851697162332,3.5622856853321023,0.0,0.0,-904.1563295393391,0.0,3.637978807091713e-12,0.0,0.0
film_only_hypothesis,stationary,173.9143812926677,173.9143812926677,19923.024504782323,90000.0,0.0,0.0,0.0,0.0,0.0,0.0,0.0,0.0,57.0,0.04922825262844294,0.012799345683395164,0.0,0.33720065431660484,1.0,0.9062351082203117,0.9623548656370732,0.8600499288014399,0.35059052296026294,0.35059052296026294,0.35059052296026294,0.0,0.0,0.0,0.0,0.0,0.21882221396324433,0.10745472966776928,0.024313579329249362,4.517386402772149,76.97549521767857,562.7336601301329,0.0,76.62490469471831,0.21882221396324433,3.646672195697467,0.0,0.0,-904.0719430289738,0.0,0.0,0.0,-5.551115123125783e-17
film_only_hypothesis,stationary,176.6916584491822,176.6916584491822,19921.795266102403,90000.0,0.0,0.0,0.0,0.0,0.0,0.0,0.0,0.0,58.0,0.05001438946464869,0.013003741260808659,0.0,0.3369962587391913,1.0,0.904811378158582,0.9617537021740922,0.8579576686185886,0.3561891804345374,0.3561891804345374,0.3561891804345374,0.0,0.0,0.0,0.0,0.0,0.22387059895488656,0.10744407048466344,0.02487451099498739,4.517665140005629,78.20473389759941,562.2683690017162,0.0,77.84854471716487,0.22387059895488656,3.7308035315831845,0.0,0.0,-903.9878116930881,0.0,3.637978807091713e-12,0.0,0.0
film_only_hypothesis,stationary,179.46056003732895,179.46056003732895,19920.569734496723,90000.0,0.0,0.0,0.0,0.0,0.0,0.0,0.0,0.0,59.0,0.050798155510167385,0.01320752043264352,0.0,0.3367924795673565,1.0,0.9033941683381115,0.9611543516686956,0.8558760067290169,0.36177095376805063,0.36177095376805063,0.36177095376805063,0.0,0.0,0.0,0.0,0.0,0.2289037588765295,0.10743344390524008,0.02543375098628105,4.517943070882444,79.43026550328037,561.804481074146,0.0,79.06849454951232,0.2289037588765295,3.814681141677364,0.0,0.0,-903.9039340829939,0.0,3.637978807091713e-12,0.0,0.0
film_only_hypothesis,stationary,182.2211334779668,182.2211334779668,19919.34788897654,90000.0,0.0,0.0,0.0,0.0,0.0,0.0,0.0,0.0,60.0,0.05157956418796038,0.013410686688869699,0.0,0.3365893133111303,1.0,0.9019834309025037,0.9605568038562656,0.8538048609218638,0.3673359385555637,0.3673359385555637,0.3673359385555637,0.0,0.0,0.0,0.0,0.0,0.23392177993093888,0.10742284974340935,0.025991308881215425,4.518220199859375,80.6521110234635,561.3419884027688,0.0,80.28477508490793,0.23392177993093888,3.898306462549096,0.0,0.0,-903.8203087621222,0.0,3.637978807091713e-12,0.0,5.551115123125783e-17
film_only_hypothesis,stationary,184.97342579633334,184.97342579633334,19918.129708728215,90000.0,0.0,0.0,0.0,0.0,0.0,0.0,0.0,0.0,61.0,0.05235862880900436,0.013613243490341135,0.0,0.3363867565096588,1.0,0.900579118477175,0.9599610485578202,0.8517441498459422,0.37288422959431244,0.37288422959431244,0.37288422959431244,0.0,0.0,0.0,0.0,0.0,0.23892474760170293,0.10741228781464253,0.026547194177966988,4.518496531356636,81.87029127178671,560.8808831092113,0.0,81.4974070421924,0.23892474760170293,3.981680918782379,0.0,0.0,-903.7369343058889,0.0,0.0,0.0,0.0
film_only_hypothesis,stationary,187.71748362640506,187.71748362640506,19916.91517311129,90000.0,0.0,0.0,0.0,0.0,0.0,0.0,0.0,0.0,62.0,0.05313536257352555,0.013815194269116643,0.0,0.33618480573088333,1.0,0.8991811841632011,0.9593670756790686,0.8496937929984328,0.3784159208927974,0.3784159208927974,0.3784159208927974,0.0,0.0,0.0,0.0,0.0,0.24391274666115814,0.10740175793595502,0.027101416295684234,4.51877206975827,83.08482688871344,560.4211573806501,0.0,82.70641096782064,0.24391274666115814,4.0648059231082,0.0,0.0,-903.6538093015631,0.0,3.637978807091713e-12,0.0,0.0
film_only_hypothesis,stationary,190.45335321519775,190.45335321519775,19915.704261656567,90000.0,0.0,0.0,0.0,0.0,0.0,0.0,0.0,0.0,63.0,0.05390977857221697,0.014016542428776412,0.0,0.33598345757122355,1.0,0.8977895815312572,0.9587748752094811,0.8476537107137555,0.3839311056794528,0.3839311056794528,0.3839311056794528,0.0,0.0,0.0,0.0,0.0,0.24888586117820796,0.10739125992588842,0.027653984575356432,4.519046819412546,84.29573834343614,559.9628034690918,0.0,83.91180723775669,0.24888586117820796,4.1476828765348355,0.0,0.0,-903.5709323481365,0.0,3.637978807091713e-12,0.0,0.0
film_only_hypothesis,stationary,193.18108042700817,193.18108042700817,19914.496954064245,90000.0,0.0,0.0,0.0,0.0,0.0,0.0,0.0,0.0,64.0,0.05468188978743907,0.014217291344734158,0.0,0.3357827086552658,1.0,0.8964042646156529,0.9581844372213701,0.845623824152624,0.3894298764111972,0.3894298764111972,0.3894298764111972,0.0,0.0,0.0,0.0,0.0,0.25384417452603203,0.10738079360449493,0.02820490828067022,4.519320784632342,85.50304593575368,559.5058136906612,0.0,85.11361605934248,0.25384417452603203,4.230313168476323,0.0,0.0,-903.4883020561949,0.0,0.0,0.0,0.0
film_only_hypothesis,stationary,195.90071074759814,195.90071074759814,19913.293230202078,90000.0,0.0,0.0,0.0,0.0,0.0,0.0,0.0,0.0,65.0,0.05545170909440412,0.014417444364545071,0.0,0.3355825556354549,1.0,0.8950251879084576,0.9575957518689852,0.8436040552912634,0.3949123247818681,0.3949123247818681,0.3949123247818681,0.0,0.0,0.0,0.0,0.0,0.2587877693896936,0.10737035879331969,0.028754196598854836,4.519593969695523,86.70676979792316,559.0501804249011,0.0,86.31185747314129,0.2587877693896936,4.312698176879244,0.0,0.0,-903.4059170477921,0.0,0.0,0.0,0.0
film_only_hypothesis,stationary,198.61228928832156,198.61228928832156,19912.093070103514,90000.0,0.0,0.0,0.0,0.0,0.0,0.0,0.0,0.0,66.0,0.05621924926234436,0.014617004808209533,0.0,0.33538299519179043,1.0,0.8936523063537171,0.957008809387619,0.8415943269108046,0.40037854173054166,0.40037854173054166,0.40037854173054166,0.0,0.0,0.0,0.0,0.0,0.26371672777364086,0.10735995531538513,0.029301858641515643,4.519866378845332,87.90692989648664,558.595896114081,0.0,87.5065513547561,0.26371672777364086,4.394839268347725,0.0,0.0,-903.3237759563235,0.0,0.0,0.0,5.551115123125783e-17
film_only_hypothesis,stationary,201.31586079019576,201.31586079019576,19910.89645396593,90000.0,0.0,0.0,0.0,0.0,0.0,0.0,0.0,0.0,67.0,0.05698452295566447,0.014815975968472762,0.0,0.3351840240315272,1.0,0.8922855753417576,0.9564236000927271,0.8395945625868423,0.4058286174497398,0.4058286174497398,0.4058286174497398,0.0,0.0,0.0,0.0,0.0,0.26863113100910885,0.10734958299517441,0.029847903445456528,4.520138016290746,89.1035460340731,558.1429532625145,0.0,88.69771741662336,0.26863113100910885,4.476737798266798,0.0,0.0,-903.2418774264045,0.0,0.0,0.0,5.551115123125783e-17
film_only_hypothesis,stationary,204.01146962791768,204.01146962791768,19909.703362148823,90000.0,0.0,0.0,0.0,0.0,0.0,0.0,0.0,0.0,68.0,0.05774754273507838,0.015014361111120379,0.0,0.3349856388888796,1.0,0.8909249507035774,0.9558401143790577,0.8376046866791539,0.41126264139352664,0.41126264139352664,0.41126264139352664,0.0,0.0,0.0,0.0,0.0,0.2735310597614196,0.10733924165861596,0.03039233997349106,4.520408886206853,90.296637851176,557.6913444358868,0.0,89.88537520978248,0.2735310597614196,4.5583951109240575,0.0,0.0,-903.1602201137473,0.0,0.0,0.0,0.0
film_only_hypothesis,stationary,206.69915981382613,206.69915981382613,19908.513775172094,90000.0,0.0,0.0,0.0,0.0,0.0,0.0,0.0,0.0,69.0,0.05850832105873082,0.015212163475270013,0.0,0.33478783652473,1.0,0.8895703887053237,0.9552583427197942,0.8356246243215797,0.4166807022854958,0.4166807022854958,0.4166807022854958,0.0,0.0,0.0,0.0,0.0,0.2784165940371856,0.10732893113306731,0.030935177115242837,4.520678992735208,91.48622482790707,557.2410622605906,0.0,91.06954412562158,0.2784165940371856,4.639812539629698,0.0,0.0,-903.0788026850416,0.0,0.0,0.0,5.551115123125783e-17
film_only_hypothesis,stationary,209.3789750018107,209.3789750018107,19907.327673714273,90000.0,0.0,0.0,0.0,0.0,0.0,0.0,0.0,0.0,70.0,0.0592668702833038,0.01540938627365899,0.0,0.33459061372634097,1.0,0.8882218460428527,0.9546782756657088,0.8336543014120646,0.42208288812665007,0.42208288812665007,0.42208288812665007,0.0,0.0,0.0,0.0,0.0,0.2832878131914152,0.10731865124729986,0.03147642368793502,4.520948339984196,92.67232628572633,556.7920994230716,0.0,92.25024339759968,0.2832878131914152,4.720991406834934,0.0,0.0,-902.9976238178364,0.0,0.0,0.0,0.0
film_only_hypothesis,stationary,212.05095849116813,212.05095849116813,19906.14503861085,90000.0,0.0,0.0,0.0,0.0,0.0,0.0,0.0,0.0,71.0,0.060023202665108175,0.015606032692928125,0.0,0.3343939673070718,1.0,0.8868792798363727,0.954099903844329,0.8316936446028483,0.427469286203176,0.427469286203176,0.427469286203176,0.0,0.0,0.0,0.0,0.0,0.2881447959345232,0.10730840183148356,0.032016088437169236,4.521216932029379,93.85496138914903,556.344448669182,0.0,93.42749210294585,0.2881447959345232,4.801933024248829,0.0,0.0,-902.9166822004224,0.0,0.0,0.0,0.0
film_only_hypothesis,stationary,214.71515323040762,214.71515323040762,19904.96585085257,90000.0,0.0,0.0,0.0,0.0,0.0,0.0,0.0,0.0,72.0,0.06077733036116076,0.015802105893901797,0.0,0.3341978941060982,1.0,0.8855426476251678,0.9535232179591123,0.8297425812908089,0.4328399830941141,0.4328399830941141,0.4328399830941141,0.0,0.0,0.0,0.0,0.0,0.29298762033924797,0.10729818271717192,0.03255418003769421,4.521484772913846,95.03414914742983,555.8981028035436,0.0,94.60130916433572,0.29298762033924797,4.8826386929535674,0.0,0.0,-902.8359765317177,0.0,0.0,0.0,-5.551115123125783e-17
film_only_hypothesis,stationary,217.37160182100487,217.37160182100487,19903.790091583778,90000.0,0.0,0.0,0.0,0.0,0.0,0.0,0.0,0.0,73.0,0.061529265430247,0.01599760901186422,0.0,0.3340023909881358,1.0,0.8842119073624005,0.9529482087886347,0.8278010396079569,0.43819506467892727,0.43819506467892727,0.43819506467892727,0.0,0.0,0.0,0.0,0.0,0.29781636384747623,0.10728799373728704,0.033090707094164014,4.5217518666485566,96.20990841622441,555.4530546889179,0.0,95.77171335154549,0.29781636384747623,4.9631097035181915,0.0,0.0,-902.755505521153,0.0,3.637978807091713e-12,0.0,0.0
film_only_hypothesis,stationary,220.02034652110655,220.02034652110655,19902.617742100774,90000.0,0.0,0.0,0.0,0.0,0.0,0.0,0.0,0.0,74.0,0.06227901983396951,0.016192545156832074,0.0,0.33380745484316793,1.0,0.8828870174099933,0.9523748671857881,0.8258689484120729,0.44353461614496825,0.44353461614496825,0.44353461614496825,0.0,0.0,0.0,0.0,0.0,0.30263110327697706,0.10727783472610483,0.033625678141886335,4.52201821721268,97.38225789922903,555.0092972455864,0.0,96.93872328308406,0.30263110327697706,5.0433473361108225,0.0,0.0,-902.6752678885605,0.0,3.637978807091713e-12,0.0,0.0
film_only_hypothesis,stationary,222.66142924918557,222.66142924918557,19901.448783850203,90000.0,0.0,0.0,0.0,0.0,0.0,0.0,0.0,0.0,75.0,0.0630266054377828,0.01638691741382353,0.0,0.33361308258617645,1.0,0.8815679365335859,0.9518031840769896,0.8239462372774911,0.44885872199484816,0.44885872199484816,0.44885872199484816,0.0,0.0,0.0,0.0,0.0,0.3074319148280466,0.10726770551924089,0.034159101647560725,4.5222838285539275,98.55121614979845,554.5668234507376,0.0,98.1023574278036,0.3074319148280466,5.123352860609397,0.0,0.0,-902.5952623640619,0.0,0.0,0.0,-5.551115123125783e-17
film_only_hypothesis,stationary,225.29489158764795,225.29489158764795,19900.28319842746,90000.0,0.0,0.0,0.0,0.0,0.0,0.0,0.0,0.0,76.0,0.06377203401201412,0.01658072884312367,0.0,0.3334192711568763,1.0,0.8802546238975685,0.951233150461401,0.8220328364860237,0.4541674660537077,0.4541674660537077,0.4541674660537077,0.0,0.0,0.0,0.0,0.0,0.3122188740900646,0.10725760595363594,0.03469098601000717,4.522548704588882,99.7168015725423,554.1256263378633,0.0,99.26263410648859,0.3122188740900646,5.203127536710927,0.0,0.0,-902.5154876879603,0.0,3.637978807091713e-12,0.0,0.0
film_only_hypothesis,stationary,227.9207747863922,227.9207747863922,19899.1209675751,90000.0,0.0,0.0,0.0,0.0,0.0,0.0,0.0,0.0,77.0,0.06451531723287111,0.01677398248054649,0.0,0.33322601751945347,1.0,0.8789470390601887,0.9506647574101573,0.8201286770180208,0.4594609314763923,0.4594609314763923,0.4594609314763923,0.0,0.0,0.0,0.0,0.0,0.3169920560479656,0.10724753586754161,0.03522133956088506,4.522812849203326,100.87903242490046,553.6856989961618,0.0,100.41957149342407,0.3169920560479656,5.282672614039346,0.0,0.0,-902.435942610632,0.0,3.637978807091713e-12,0.0,0.0
film_only_hypothesis,stationary,230.53911976632176,230.53911976632176,19897.962073181305,90000.0,0.0,0.0,0.0,0.0,0.0,0.0,0.0,0.0,78.0,0.06525646668343596,0.01696668133769335,0.0,0.3330333186623066,1.0,0.8776451419687311,0.9500979960656077,0.8182336905435699,0.4647392007545327,0.4647392007545327,0.4647392007545327,0.0,0.0,0.0,0.0,0.0,0.3217515350886231,0.10723749510050704,0.035750170565402556,4.523076266252563,102.03792681869777,553.2470345699492,0.0,101.57318761794323,0.3217515350886231,5.361989332251904,0.0,0.0,-902.3566258924194,0.0,3.637978807091713e-12,0.0,0.0
film_only_hypothesis,stationary,233.1499671228115,233.1499671228115,19896.806497278325,90000.0,0.0,0.0,0.0,0.0,0.0,0.0,0.0,0.0,79.0,0.06599549385464666,0.017158828402208132,0.0,0.33284117159779186,1.0,0.876348892954768,0.9495328576405644,0.8163478094138261,0.47000235572353316,0.47000235572353316,0.47000235572353316,0.0,0.0,0.0,0.0,0.0,0.32649738500715175,0.10722748349336456,0.03627748722301685,4.5233389595617295,103.19350272167824,552.8096262580797,0.0,102.7235003659547,0.32649738500715175,5.441078921144183,0.0,0.0,-902.2775363035271,0.0,3.637978807091713e-12,0.0,5.551115123125783e-17
film_only_hypothesis,stationary,235.7533571291287,235.7533571291287,19895.654222040986,90000.0,0.0,0.0,0.0,0.0,0.0,0.0,0.0,0.0,80.0,0.06673241014626533,0.017350426638028986,0.0,0.332649573361971,1.0,0.8750582527294815,0.9489693334175617,0.8144709666524746,0.4752504775694679,0.4752504775694679,0.4752504775694679,0.0,0.0,0.0,0.0,0.0,0.3312296790131263,0.1072175008882165,0.03680329766812513,4.523600932926115,104.34577795901924,552.3734673133714,0.0,103.87052748144977,0.3312296790131263,5.519942600753749,0.0,0.0,-902.1986726239176,0.0,7.275957614183426e-12,0.0,5.551115123125783e-17
film_only_hypothesis,stationary,238.34932973980946,238.34932973980946,19894.505229785176,90000.0,0.0,0.0,0.0,0.0,0.0,0.0,0.0,0.0,81.0,0.06746722686783393,0.017541478985636825,0.0,0.33245852101436313,1.0,0.8737731823790525,0.948407414748127,0.8126030959473239,0.48048364683588707,0.48048364683588707,0.48048364683588707,0.0,0.0,0.0,0.0,0.0,0.3359484897367188,0.10720754712842173,0.03732760997074652,4.523862190111467,105.4947702148259,551.938551042041,0.0,105.01428656799001,0.3359484897367188,5.598581581462419,0.0,0.0,-902.1200336432089,0.0,3.637978807091713e-12,0.0,0.0
film_only_hypothesis,stationary,240.93792459399117,240.93792459399117,19893.359502966396,90000.0,0.0,0.0,0.0,0.0,0.0,0.0,0.0,0.0,82.0,0.06819995523961762,0.017731988362300583,0.0,0.33226801163769937,1.0,0.8724936433601197,0.947847093052057,0.8107441316420225,0.48570194343053485,0.48570194343053485,0.48570194343053485,0.0,0.0,0.0,0.0,0.0,0.34065388923475703,0.10719762205858263,0.03785043213719522,4.524122734854295,106.64049703360608,551.5048708031455,0.0,106.15479509017554,0.34065388923475703,5.676997064097225,0.0,0.0,-902.0416181605741,0.0,0.0,0.0,0.0
film_only_hypothesis,stationary,243.51918101870152,243.51918101870152,19892.21702417828,90000.0,0.0,0.0,0.0,0.0,0.0,0.0,0.0,0.0,83.0,0.06893060639353568,0.017921957662319278,0.0,0.3320780423376807,1.0,0.8712195974953034,0.9472883598167079,0.8088940087279018,0.49090544663198,0.49090544663198,0.49090544663198,0.0,0.0,0.0,0.0,0.0,0.34534594899670346,0.10718772552453172,0.03837177211074482,4.524382570862172,107.78297582172613,551.0724200080318,0.0,107.29207037509414,0.34534594899670346,5.755190240030063,0.0,0.0,-901.9634249846413,0.0,7.275957614183426e-12,0.0,0.0
film_only_hypothesis,stationary,246.09313803210512,246.09313803210512,19891.077776151156,90000.0,0.0,0.0,0.0,0.0,0.0,0.0,0.0,0.0,84.0,0.06965919137408051,0.018111389757260933,0.0,0.331888610242739,1.0,0.8699510069687959,0.9467312065962913,0.8070526628359386,0.49609423509616,0.49609423509616,0.49609423509616,0.0,0.0,0.0,0.0,0.0,0.3500247399505569,0.10717785737331903,0.03889163777228409,4.52464170181404,108.92222384884779,550.6411921197913,0.0,108.42612961375163,0.3500247399505569,5.833162291276031,0.0,0.0,-901.8854529333953,0.0,3.637978807091713e-12,0.0,0.0
film_only_hypothesis,stationary,248.65983434670807,248.65983434670807,19889.94174175066,90000.0,0.0,0.0,0.0,0.0,0.0,0.0,0.0,0.0,85.0,0.07038572113922476,0.01830028749619844,0.0,0.33169971250380154,1.0,0.8686878343220156,0.946175625011181,0.8052200302288438,0.5012683868628418,0.5012683868628418,0.5012683868628418,0.0,0.0,0.0,0.0,0.0,0.35469033246867815,0.10716801745319943,0.03941003694096423,4.5249001313604875,110.0582582493467,550.2111806527242,0.0,109.55698986248385,0.35469033246867815,5.910914390590521,0.0,0.0,-901.8077008340808,0.0,7.275957614183426e-12,0.0,0.0
film_only_hypothesis,stationary,251.21930837252117,251.21930837252117,19888.808903976293,90000.0,0.0,0.0,0.0,0.0,0.0,0.0,0.0,0.0,86.0,0.07111020656131663,0.018488653705942323,0.0,0.33151134629405765,1.0,0.8674300424493245,0.9456216067472284,0.8033960477932613,0.5064279793619979,0.5064279793619979,0.5064279793619979,0.0,0.0,0.0,0.0,0.0,0.35934279637354005,0.10715820561362009,0.039926977374837774,4.525157863124053,111.19109602371226,549.7823791718097,0.0,110.68466804435026,0.35934279637354005,5.988447701565045,0.0,0.0,-901.7301675231063,0.0,3.637978807091713e-12,0.0,0.0
film_only_hypothesis,stationary,253.77159822018263,253.77159822018263,19887.679245960073,90000.0,0.0,0.0,0.0,0.0,0.0,0.0,0.0,0.0,87.0,0.07183265842796387,0.018676491191270607,0.0,0.33132350880872935,1.0,0.8661775945938084,0.9450691435550864,0.8015806530320878,0.5115730894201017,0.5115730894201017,0.5115730894201017,0.0,0.0,0.0,0.0,0.0,0.3639822009434043,0.10714842170520811,0.040442466771489355,4.525414900699505,112.3207540399299,549.3547812921817,0.0,111.8091809505098,0.3639822009434043,6.065763378721832,0.0,0.0,-901.6528518459495,0.0,3.637978807091713e-12,0.0,0.0
film_only_hypothesis,stationary,256.3167417040405,256.3167417040405,19886.55275096516,90000.0,0.0,0.0,0.0,0.0,0.0,0.0,0.0,0.0,88.0,0.07255308744290626,0.018863802735155626,0.0,0.33113619726484433,1.0,0.8649304543431166,0.9445182272495423,0.7997737840569051,0.5167037932663412,0.5167037932663412,0.5167037932663412,0.0,0.0,0.0,0.0,0.0,0.36860861491792457,0.10713866557975826,0.040956512768658276,4.525671247654122,113.44724903484536,548.9283806786135,0.0,112.93054524157901,0.36860861491792457,6.142862567607213,0.0,0.0,-901.5757526570641,0.0,3.637978807091713e-12,0.0,1.1102230246251565e-16
film_only_hypothesis,stationary,258.85477634519606,258.85477634519606,19885.429402384492,90000.0,0.0,0.0,0.0,0.0,0.0,0.0,0.0,0.0,89.0,0.07327150422687703,0.019050591098988028,0.0,0.33094940890101193,1.0,0.863688585625364,0.9439688497088586,0.7979753795805251,0.5218201665387537,0.5218201665387537,0.5218201665387537,0.0,0.0,0.0,0.0,0.0,0.3732221065036795,0.10712893709022105,0.04146912294485327,4.525926907527979,114.57059761551163,548.5031710450075,0.0,114.04877744897287,0.3732221065036795,6.219746404883819,0.0,0.0,-901.4988688197875,0.0,3.637978807091713e-12,0.0,0.0
film_only_hypothesis,stationary,261.3857393745076,261.3857393745076,19884.309183739486,90000.0,0.0,0.0,0.0,0.0,0.0,0.0,0.0,0.0,90.0,0.07398791931845318,0.019236859022797828,0.0,0.33076314097720216,1.0,0.8624519527050902,0.9434210028741241,0.7961853789096425,0.5269222842902823,0.5269222842902823,0.5269222842902823,0.0,0.0,0.0,0.0,0.0,0.37782274337963245,0.10711923609069073,0.041980304819959145,4.526181883834217,115.69081626051856,548.0791461538918,0.0,115.16389397622828,0.37782274337963245,6.296416018421574,0.0,0.0,-901.4221992062497,0.0,3.637978807091713e-12,0.0,0.0
film_only_hypothesis,stationary,263.909667735557,263.909667735557,19883.192078678698,90000.0,0.0,0.0,0.0,0.0,0.0,0.0,0.0,0.0,91.0,0.07470234317489519,0.01942260922547275,0.0,0.33057739077452725,1.0,0.8612205201792775,0.9428746787486096,0.7944037219375968,0.5320102209947546,0.5320102209947546,0.5320102209947546,0.0,0.0,0.0,0.0,0.0,0.382410592702525,0.10710956243639348,0.0424900658558361,4.526436180059314,116.8079213213058,547.6562998159234,0.0,116.27591110031105,0.382410592702525,6.372872527387578,0.0,0.0,-901.3457426972838,0.0,3.637978807091713e-12,0.0,0.0
film_only_hypothesis,stationary,266.42659808757804,266.42659808757804,19882.078070976542,90000.0,0.0,0.0,0.0,0.0,0.0,0.0,0.0,0.0,92.0,0.07541478617297583,0.019607844404973717,0.0,0.33039215559502627,1.0,0.8599942529734261,0.9423298693971361,0.792630349137243,0.5370840505527867,0.5370840505527867,0.5370840505527867,0.0,0.0,0.0,0.0,0.0,0.38698572111219953,0.10709991598367617,0.04299841345691105,4.526689799663355,117.92192902345893,547.2346258893976,0.0,117.38484497290614,0.38698572111219953,6.449117042334805,0.0,0.0,-901.2694981823365,0.0,0.0,0.0,0.0
film_only_hypothesis,stationary,268.93656680834755,268.93656680834755,19880.967144532013,90000.0,0.0,0.0,0.0,0.0,0.0,0.0,0.0,0.0,93.0,0.07612525860979863,0.019792567238547644,0.0,0.3302074327614523,1.0,0.8587731163376849,0.941786566945448,0.7908652015539221,0.5421438462976116,0.5421438462976116,0.5421438462976116,0.0,0.0,0.0,0.0,0.0,0.39154819473685526,0.10709029658999467,0.04350535497076168,4.526942746080302,119.03285546798904,546.8141182797635,0.0,118.49071162169143,0.39154819473685526,6.525150665289693,0.0,0.0,-901.1934645593816,0.0,0.0,0.0,0.0
film_only_hypothesis,stationary,271.43960999704024,271.43960999704024,19879.859283367405,90000.0,0.0,0.0,0.0,0.0,0.0,0.0,0.0,0.0,94.0,0.07683377070360592,0.01997678038293754,0.0,0.33002321961706244,1.0,0.8575570758430381,0.9412447635795954,0.7891082207985396,0.5471896810008334,0.5471896810008334,0.5471896810008334,0.0,0.0,0.0,0.0,0.0,0.396098079198238,0.10708070411390237,0.044010897688693096,4.527195022718244,120.14071663259635,546.3947709391458,0.0,119.59352695159552,0.396098079198238,6.600974489838635,0.0,0.0,-901.1176407348327,0.0,0.0,0.0,0.0
film_only_hypothesis,stationary,273.9357634770477,273.9357634770477,19878.754471627086,90000.0,0.0,0.0,0.0,0.0,0.0,0.0,0.0,0.0,95.0,0.07754033259457678,0.020160486474589963,0.0,0.32983951352541,1.0,0.8563460973775452,0.9407044515453237,0.7873593490407365,0.5522216268781109,0.5522216268781109,0.5522216268781109,0.0,0.0,0.0,0.0,0.0,0.40063543961676434,0.10707113841503943,0.04451504884630714,4.527446632959668,121.24552837291796,545.9765778658727,0.0,120.69330674603985,0.40063543961676434,6.676589601213378,0.0,0.0,-901.0420256234579,0.0,3.637978807091713e-12,0.0,1.1102230246251565e-16
film_only_hypothesis,stationary,276.4250627987618,276.4250627987618,19877.652693576245,90000.0,0.0,0.0,0.0,0.0,0.0,0.0,0.0,0.0,96.0,0.07824495434561492,0.02034368812985988,0.0,0.3296563118701401,1.0,0.8551401471426352,0.940165623147471,0.7856185290021702,0.5572397555947679,0.5572397555947679,0.5572397555947679,0.0,0.0,0.0,0.0,0.0,0.4051603406165818,0.10706159935412146,0.045017815624064636,4.527697580161707,122.34730642375965,545.5595331040095,0.0,121.79006666816488,0.4051603406165818,6.751997076375336,0.0,0.0,-900.966618148296,0.0,3.637978807091713e-12,0.0,0.0
film_only_hypothesis,stationary,278.9075432423228,278.9075432423228,19876.55393359969,90000.0,0.0,0.0,0.0,0.0,0.0,0.0,0.0,0.0,97.0,0.07894764594312653,0.020526387945212898,0.0,0.3294736120547871,1.0,0.8539391916494528,0.9396282707493738,0.783885703949885,0.5622441382713336,0.5622441382713336,0.5622441382713336,0.0,0.0,0.0,0.0,0.0,0.4096728463305644,0.10705208679292874,0.045519205147840476,4.527947867656392,123.44606640031235,545.1436307428974,0.0,122.88382226204101,0.4096728463305644,6.827197984098855,0.0,0.0,-900.8914172405724,0.0,3.637978807091713e-12,0.0,0.0
film_only_hypothesis,stationary,281.383239820334,281.383239820334,19875.45817620065,90000.0,0.0,0.0,0.0,0.0,0.0,0.0,0.0,0.0,98.0,0.07964841729778877,0.02070858849742508,0.0,0.3292914115025749,1.0,0.8527431977152559,0.9390923867722792,0.782160817689781,0.5672348454890148,0.5672348454890148,0.5672348454890148,0.0,0.0,0.0,0.0,0.0,0.4141730204052472,0.10704260059429568,0.046019224489471905,4.528197498750905,124.54182379935361,544.7288649167002,0.0,123.9745889538646,0.4141730204052472,6.902193385053445,0.0,0.0,-900.8164218396179,0.0,3.637978807091713e-12,0.0,0.0
film_only_hypothesis,stationary,283.85218728054167,283.85218728054167,19874.36540599957,90000.0,0.0,0.0,0.0,0.0,0.0,0.0,0.0,0.0,99.0,0.08034727824530824,0.020890292343780145,0.0,0.32910970765621983,1.0,0.8515521324598647,0.9385579636947643,0.7804438145601755,0.5722119472950983,0.5722119472950983,0.5722119472950983,0.0,0.0,0.0,0.0,0.0,0.41866092600569865,0.1070331406220998,0.04651788066729984,4.528446476727819,125.63459400043375,544.3152298039544,0.0,125.06238205313865,0.41866092600569865,6.976984331884967,0.0,0.0,-900.7416308927864,0.0,3.637978807091713e-12,0.0,-1.1102230246251565e-16
film_only_hypothesis,stationary,286.3144201084822,286.3144201084822,19873.275607732958,90000.0,0.0,0.0,0.0,0.0,0.0,0.0,0.0,0.0,100.0,0.08104423854717036,0.021071502022264293,0.0,0.3289284979777357,1.0,0.8503659633021599,0.9380249940521639,0.7787346394254631,0.577175513208287,0.577175513208287,0.577175513208287,0.0,0.0,0.0,0.0,0.0,0.4231366258203318,0.1070237067412517,0.04701518064670352,4.528694804845347,126.72439226704746,543.9027196271254,0.0,126.14721675383917,0.4231366258203318,7.051571869295829,0.0,0.0,-900.6670433553754,0.0,3.637978807091713e-12,0.0,0.0
film_only_hypothesis,stationary,288.7699725300957,288.7699725300957,19872.188766252213,90000.0,0.0,0.0,0.0,0.0,0.0,0.0,0.0,0.0,101.0,0.08173930789137915,0.02125222005175858,0.0,0.3287477799482414,1.0,0.8491846579566298,0.9374934704360042,0.7770332376698557,0.5821256122239692,0.5821256122239692,0.5821256122239692,0.0,0.0,0.0,0.0,0.0,0.4276001820656565,0.10701429881768428,0.04751113134062849,4.528942486337579,127.81123374779071,543.4913286521704,0.0,127.22910813556673,0.4276001820656565,7.1259570341241645,0.0,0.0,-900.5926581905471,0.0,3.637978807091713e-12,0.0,0.0
film_only_hypothesis,stationary,291.21887851430824,291.21887851430824,19871.1048665225,90000.0,0.0,0.0,0.0,0.0,0.0,0.0,0.0,0.0,102.0,0.0824324958931882,0.021432448932228933,0.0,0.328567551067771,1.0,0.8480081844299668,0.9369633854934443,0.775339555191224,0.5870623128194237,0.5870623128194237,0.5870623128194237,0.0,0.0,0.0,0.0,0.0,0.4320516564909726,0.10700491671834296,0.04800573961010805,4.529189524414717,128.89513347750355,543.0810511881053,0.0,128.30807116468412,0.4320516564909726,7.200140855422058,0.0,0.0,-900.5184743692492,0.0,3.637978807091713e-12,0.0,1.1102230246251565e-16
film_only_hypothesis,stationary,293.6611717755811,293.6611717755811,19870.023893621605,90000.0,0.0,0.0,0.0,0.0,0.0,0.0,0.0,0.0,103.0,0.08312381209582219,0.02161219114491377,0.0,0.3283878088550862,1.0,0.8468365110177102,0.9364347319267242,0.7736535383950199,0.5919856829589585,0.5919856829589585,0.5919856829589585,0.0,0.0,0.0,0.0,0.0,0.4364911103830047,0.10699556031117544,0.04849901226477829,4.529435922263311,129.97610637839847,542.671881586578,0.0,129.38412069543952,0.4364911103830047,7.2741243545327725,0.0,0.0,-900.4444908701386,0.0,3.637978807091713e-12,0.0,1.1102230246251565e-16
film_only_hypothesis,stationary,296.0968857764297,296.0968857764297,19868.945832738827,90000.0,0.0,0.0,0.0,0.0,0.0,0.0,0.0,0.0,104.0,0.0838132659711899,0.021791449152509374,0.0,0.3282085508474906,1.0,0.845669606300936,0.9359075024926196,0.7719751341882842,0.5968957900989891,0.5968957900989891,0.5968957900989891,0.0,0.0,0.0,0.0,0.0,0.4409186045704808,0.10698622946512147,0.04899095606338675,4.529681683046492,131.05416726117525,542.2638142414457,0.0,130.45727147107627,0.4409186045704808,7.347908545167063,0.0,0.0,-900.3707066795042,0.0,3.637978807091713e-12,0.0,0.0
film_only_hypothesis,stationary,298.52605372991025,298.52605372991025,19867.87066917388,90000.0,0.0,0.0,0.0,0.0,0.0,0.0,0.0,0.0,105.0,0.08450086692058821,0.021970225399352936,0.0,0.32802977460064703,1.0,0.8445074391429932,0.9353816900019031,0.7703042899737476,0.6017927011930514,0.6017927011930514,0.6017927011930514,0.0,0.0,0.0,0.0,0.0,0.4453341994286532,0.10697692405010342,0.04948157771429479,4.529926809904197,132.1293308261217,541.8568435883594,0.0,131.52753812492864,0.4453341994286532,7.421494433478506,0.0,0.0,-900.2971207911928,0.0,3.637978807091713e-12,0.0,-1.1102230246251565e-16
film_only_hypothesis,stationary,300.9487086020771,300.9487086020771,19866.7983883358,90000.0,0.0,0.0,0.0,0.0,0.0,0.0,0.0,0.0,106.0,0.08518662427539753,0.022148522311603358,0.0,0.3278514776883966,1.0,0.8433499786862843,0.9348572873188137,0.7686409536440059,0.6066764826967551,0.6066764826967551,0.6066764826967551,0.0,0.0,0.0,0.0,0.0,0.44973795488376483,0.10696764393701638,0.04997088387597386,4.530171305953395,133.20161166420112,541.450964104351,0.0,132.59493518150438,0.44973795488376483,7.494883018137941,0.0,0.0,-900.2237322065333,0.0,0.0,0.0,1.1102230246251565e-16
film_only_hypothesis,stationary,303.36488311440957,303.36488311440957,19865.728975741873,90000.0,0.0,0.0,0.0,0.0,0.0,0.0,0.0,0.0,107.0,0.08587054729776877,0.022326342297419883,0.0,0.3276736577025801,1.0,0.8421971943490911,0.9343342873605298,0.7669850735757835,0.6115472005726759,0.6115472005726759,0.6115472005726759,0.0,0.0,0.0,0.0,0.0,0.45412993041746175,0.10695838899771841,0.050458881157495736,4.530415174288312,134.27102425812652,541.0461703074274,0.0,133.65947705755383,0.45412993041746175,7.568075290406999,0.0,0.0,-900.1505399342643,0.0,0.0,0.0,0.0
film_only_hypothesis,stationary,305.77460974620885,305.77460974620885,19864.662417016578,90000.0,0.0,0.0,0.0,0.0,0.0,0.0,0.0,0.0,108.0,0.0865526451813019,0.022503687747138495,0.0,0.32749631225286147,1.0,0.8410490558224442,0.9338126830966514,0.7653365986242757,0.6164049202951875,0.6164049202951875,0.6164049202951875,0.0,0.0,0.0,0.0,0.0,0.4585101850711495,0.10694915910502135,0.0509455761190166,4.53065841798065,135.33758298342156,540.6424567561688,0.0,134.72117806312636,0.4585101850711495,7.641072234210706,0.0,0.0,-900.0775429904606,0.0,0.0,0.0,0.0
film_only_hypothesis,stationary,308.1779207369663,308.1779207369663,19863.59869789053,90000.0,0.0,0.0,0.0,0.0,0.0,0.0,0.0,0.0,109.0,0.0872329270517162,0.022680561033446213,0.0,0.32731943896655374,1.0,0.839905533067034,0.9332924675486876,0.7636954781175709,0.6212497068552356,0.6212497068552356,0.6212497068552356,0.0,0.0,0.0,0.0,0.0,0.46287877745029876,0.10693995413268141,0.05143097527225541,4.530901040079802,136.40130210946856,540.2398180493323,0.0,135.78005240261334,0.46287877745029876,7.713874826209229,0.0,0.0,-900.0047403984621,0.0,0.0,0.0,1.1102230246251565e-16
film_only_hypothesis,stationary,310.57484808870254,310.57484808870254,19862.537804199455,90000.0,0.0,0.0,0.0,0.0,0.0,0.0,0.0,0.0,110.0,0.08791140196751243,0.022856964511553234,0.0,0.32714303548844675,1.0,0.8387665963101669,0.9327736337895494,0.7620616618511519,0.6260816247650536,0.6260816247650536,0.6260816247650536,0.0,0.0,0.0,0.0,0.0,0.4672357657286977,0.10693077395538957,0.05191508508096639,4.531143043613071,137.4621958005441,539.8382488254591,0.0,136.83611417577904,0.4672357657286977,7.786484035868747,0.0,0.0,-899.9321311888025,0.0,0.0,0.0,-1.1102230246251565e-16
film_only_hypothesis,stationary,312.9654235682782,312.9654235682782,19861.47972188316,90000.0,0.0,0.0,0.0,0.0,0.0,0.0,0.0,0.0,111.0,0.08858807892062691,0.023032900519362996,0.0,0.32696709948063696,1.0,0.8376322160427603,0.9322561749430499,0.7604351000824704,0.6309007380628207,0.6309007380628207,0.6309007380628207,0.0,0.0,0.0,0.0,0.0,0.47158120765265177,0.10692161844876305,0.05239791196140574,4.53138443158588,138.5202781168415,539.4377437624885,0.0,137.88937737877868,0.47158120765265177,7.858900825531442,0.0,0.0,-899.8597143991399,0.0,0.0,0.0,1.1102230246251565e-16
film_only_hypothesis,stationary,315.3496787096771,315.3496787096771,19860.424436984522,90000.0,0.0,0.0,0.0,0.0,0.0,0.0,0.0,0.0,112.0,0.08926296683707777,0.02320837137764022,0.0,0.3267916286223598,1.0,0.8365023630163801,0.9317400841834111,0.7588157435256067,0.6357071103172638,0.6357071103172638,0.6357071103172638,0.0,0.0,0.0,0.0,0.0,0.4759151605451354,0.1069124874893356,0.05287946228279281,4.531625206981982,139.57556301548152,539.0382975773742,0.0,138.93985590516425,0.4759151605451354,7.931126150484681,0.0,0.0,-899.7874890741866,0.0,3.637978807091713e-12,0.0,0.0
film_only_hypothesis,stationary,317.72764481626155,317.72764481626155,19859.37193564849,90000.0,0.0,0.0,0.0,0.0,0.0,0.0,0.0,0.0,113.0,0.08993607457760336,0.023383379390176873,0.0,0.3266166206098231,1.0,0.8353770082403186,0.9312253547347739,0.7572035433459894,0.6405008046322053,0.6405008046322053,0.6405008046322053,0.0,0.0,0.0,0.0,0.0,0.4802376813098906,0.10690338095454914,0.053359742367765604,4.5318653727636695,140.62806435151055,538.6399050257075,0.0,139.98756354687833,0.4802376813098906,8.003160959029326,0.0,0.0,-899.7154542656419,0.0,0.0,0.0,-1.1102230246251565e-16
film_only_hypothesis,stationary,320.0993529630007,320.0993529630007,19858.322204121116,90000.0,0.0,0.0,0.0,0.0,0.0,0.0,0.0,0.0,114.0,0.09060741093829301,0.023557926843956183,0.0,0.3264420731560438,1.0,0.8342561229787107,0.9307119798707171,0.7555984511552033,0.6452818836510538,0.6452818836510538,0.6452818836510538,0.0,0.0,0.0,0.0,0.0,0.4845488264354782,0.10689429872274467,0.053838758492830895,4.532104931871972,141.6777958788868,538.2425609013436,0.0,141.03251399523575,0.4845488264354782,8.075006192547244,0.0,0.0,-899.643609032124,0.0,3.637978807091713e-12,0.0,0.0
film_only_hypothesis,stationary,322.4648339986718,322.4648339986718,19857.27522874855,90000.0,0.0,0.0,0.0,0.0,0.0,0.0,0.0,0.0,115.0,0.09127698465121009,0.023732016009314624,0.0,0.32626798399068535,1.0,0.8331396787476911,0.9301999529137805,0.7540004190058603,0.6500504095612425,0.6500504095612425,0.6500504095612425,0.0,0.0,0.0,0.0,0.0,0.4888486519992799,0.10688524067315366,0.05431651688880886,4.532343887226868,142.7247712514547,537.8462600360324,0.0,142.07472084189348,0.4888486519992799,8.146662785568,0.0,0.0,-899.5719524391033,0.0,3.637978807091713e-12,0.0,0.0
film_only_hypothesis,stationary,324.8241185480357,324.8241185480357,19856.230995976093,90000.0,0.0,0.0,0.0,0.0,0.0,0.0,0.0,0.0,116.0,0.09194480438500784,0.02390564914010204,0.0,0.32609435085989796,1.0,0.8320276473125886,0.9296892672349941,0.752409399386542,0.6548064440986141,0.6548064440986141,0.6548064440986141,0.0,0.0,0.0,0.0,0.0,0.49313721367145247,0.10687620668588925,0.054793023741272484,4.53258224172748,143.7690040239078,537.4509972990548,0.0,143.11419757980917,0.49313721367145247,8.218131665834754,0.0,0.0,-899.5004835588365,0.0,0.0,0.0,-1.1102230246251565e-16
film_only_hypothesis,stationary,327.17723701398586,327.17723701398586,19855.189492347265,90000.0,0.0,0.0,0.0,0.0,0.0,0.0,0.0,0.0,117.0,0.09261087874553763,0.024078828473839783,0.0,0.3259211715261602,1.0,0.8309200006851583,0.9291799162534123,0.7508253452168159,0.6595500485517538,0.6595500485517538,0.6595500485517538,0.0,0.0,0.0,0.0,0.0,0.49741456671883405,0.1068671966419382,0.05526828519098154,4.532819998252269,144.81050765273974,537.0567675968618,0.0,144.150957604188,0.49741456671883405,8.289413754369368,0.0,0.0,-899.4292014703019,0.0,3.637978807091713e-12,0.0,0.0
film_only_hypothesis,stationary,329.5242195796719,329.5242195796719,19854.15070450282,90000.0,0.0,0.0,0.0,0.0,0.0,0.0,0.0,0.0,118.0,0.09327521627645012,0.024251556231877032,0.0,0.32574844376812295,1.0,0.8298167111208515,0.9286718934356558,0.7492482098423172,0.6642812837662689,0.6642812837662689,0.6642812837662689,0.0,0.0,0.0,0.0,0.0,0.5016807660088052,0.10685821042315219,0.055742307334311667,4.533057159659237,145.84929549718444,536.6635658727197,0.0,145.18501421341819,0.5016807660088052,8.360509965536737,0.0,0.0,-899.3581052591346,0.0,3.637978807091713e-12,0.0,0.0
film_only_hypothesis,stationary,331.8650962105979,331.8650962105979,19853.11461917986,90000.0,0.0,0.0,0.0,0.0,0.0,0.0,0.0,0.0,119.0,0.09393782545978913,0.024423834619545174,0.0,0.3255761653804548,1.0,0.8287177511161222,0.9281651922954554,0.7476779470298996,0.6690002101490201,0.6690002101490201,0.6690002101490201,0.0,0.0,0.0,0.0,0.0,0.5059358660131027,0.10684924791223935,0.05621509622367806,4.533293728786115,146.88538082014455,536.2713871063575,0.0,146.21638060999553,0.5059358660131027,8.431421207108356,0.0,0.0,-899.2871940175629,0.0,7.275957614183426e-12,0.0,0.0
film_only_hypothesis,stationary,334.1998966566959,334.1998966566959,19852.081223210895,90000.0,0.0,0.0,0.0,0.0,0.0,0.0,0.0,0.0,120.0,0.0945987147165786,0.024595665826310436,0.0,0.3254043341736895,1.0,0.827623093405769,0.9276598063932046,0.7461145109628509,0.6737068876723,0.6737068876723,0.6737068876723,0.0,0.0,0.0,0.0,0.0,0.5101799208115894,0.10684030899275633,0.056686657867954356,4.533529708450554,147.91877678910933,535.8802263136204,0.0,147.24506990143703,0.5101799208115894,8.502148380325137,0.0,0.0,-899.2164668443462,0.0,3.637978807091713e-12,0.0,0.0
film_only_hypothesis,stationary,336.5286504543745,336.5286504543745,19851.050503522943,90000.0,0.0,0.0,0.0,0.0,0.0,0.0,0.0,0.0,121.0,0.0952578924074025,0.02476705202592465,0.0,0.3252329479740753,1.0,0.8265327109603133,0.9271557293355157,0.7445578562361764,0.6784013758779643,0.6784013758779643,0.6784013758779643,0.0,0.0,0.0,0.0,0.0,0.5144129840959777,0.10683139354910032,0.05715699823288639,4.533765101450314,148.94949647706144,535.4900785461263,0.0,148.27109510118348,0.5144129840959777,8.572692379959468,0.0,0.0,-899.1459228447118,0.0,3.637978807091713e-12,0.0,0.0
film_only_hypothesis,stationary,338.85138692854395,338.85138692854395,19850.022447136635,90000.0,0.0,0.0,0.0,0.0,0.0,0.0,0.0,0.0,122.0,0.09591536683297798,0.024937995376574276,0.0,0.3250620046234257,1.0,0.8254465769834118,0.9266529547747816,0.7430079378519447,0.6830837338815131,0.6830837338815131,0.6830837338815131,0.0,0.0,0.0,0.0,0.0,0.5186351091735111,0.10682250146650085,0.057626123241501216,4.533999910563451,149.97755286337303,535.1009388909263,0.0,149.29446912949152,0.5186351091735111,8.643054094376561,0.0,0.0,-899.0755611302948,0.0,7.275957614183426e-12,0.0,0.0
film_only_hypothesis,stationary,341.1681351946166,341.1681351946166,19848.997041165316,90000.0,0.0,0.0,0.0,0.0,0.0,0.0,0.0,0.0,123.0,0.09657114623472168,0.025108498021027638,0.0,0.3248915019789723,1.0,0.8243646649093043,0.9261514764087422,0.7414647112146967,0.6877540203761237,0.6877540203761237,0.6877540203761237,0.0,0.0,0.0,0.0,0.0,0.5228463489706009,0.1068136326310115,0.0580940387745112,4.534234138548503,151.00295883469138,534.7128024701698,0.0,150.31520481431525,0.5228463489706009,8.713234405595063,0.0,0.0,-899.0053808190762,0.0,7.275957614183426e-12,0.0,0.0
film_only_hypothesis,stationary,343.47892416048444,343.47892416048444,19847.974272814194,90000.0,0.0,0.0,0.0,0.0,0.0,0.0,0.0,0.0,124.0,0.09722523879530946,0.025278562086780462,0.0,0.3247214379132195,1.0,0.8232869484002937,0.9256512879800575,0.7399281321269211,0.6924122936366374,0.6924122936366374,0.6924122936366374,0.0,0.0,0.0,0.0,0.0,0.5270467560364209,0.10680478692950297,0.058560750670713424,4.534467788144665,152.0257271858141,534.3256644407732,0.0,151.33331489217747,0.5270467560364209,8.783234189346954,0.0,0.0,-898.9353810353243,0.0,7.275957614183426e-12,0.0,0.0
film_only_hypothesis,stationary,345.78378252847307,345.78378252847307,19846.954129379454,90000.0,0.0,0.0,0.0,0.0,0.0,0.0,0.0,0.0,125.0,0.09787765263922951,0.025448189686199673,0.0,0.3245518103138003,1.0,0.8222134013442614,0.9251523832758833,0.738398156784584,0.6970586115234982,0.6970586115234982,0.6970586115234982,0.0,0.0,0.0,0.0,0.0,0.531236382546459,0.10679596424965496,0.059026264727384314,4.534700862071977,153.0458706205538,533.9395199940922,0.0,152.34881200903033,0.531236382546459,8.853054315136738,0.0,0.0,-898.8655609095346,0.0,7.275957614183426e-12,0.0,0.0
film_only_hypothesis,stationary,348.0827387972731,348.0827387972731,19845.936598247412,90000.0,0.0,0.0,0.0,0.0,0.0,0.0,0.0,0.0,126.0,0.09852839583332902,0.025617382916665547,0.0,0.32438261708333443,1.0,0.8211439978522134,0.9246547561274543,0.7368747417727238,0.7016930314866469,0.7016930314866469,0.7016930314866469,0.0,0.0,0.0,0.0,0.0,0.5354152803060293,0.10678716447994782,0.059490586700669895,4.534933363031497,154.06340175259328,533.5543643555988,0.0,153.36170872110662,0.5354152803060293,8.922695646299976,0.0,0.0,-898.7959195783714,0.0,3.637978807091713e-12,0.0,-1.1102230246251565e-16
film_only_hypothesis,stationary,350.37582126384876,350.37582126384876,19844.921666893675,90000.0,0.0,0.0,0.0,0.0,0.0,0.0,0.0,0.0,127.0,0.09917747638735448,0.025786143860712166,0.0,0.3242138561392878,1.0,0.8200787122558609,0.9241584004096701,0.7353578440611067,0.7063156105693674,0.7063156105693674,0.7063156105693674,0.0,0.0,0.0,0.0,0.0,0.5395835007537401,0.10677838750965622,0.0599537223059711,4.535165293705475,155.0783331063299,533.1701927845611,0.0,154.37201749576053,0.5395835007537401,8.992159040061077,0.0,0.0,-898.7264561846102,0.0,3.637978807091713e-12,0.0,1.1102230246251565e-16
film_only_hypothesis,stationary,352.6630580253243,352.6630580253243,19843.909322882293,90000.0,0.0,0.0,0.0,0.0,0.0,0.0,0.0,0.0,128.0,0.0998249022544856,0.02595447458616626,0.0,0.3240455254138337,1.0,0.8190175191052306,0.9236633100406874,0.7338474209999358,0.7109264054120906,0.7109264054120906,0.7109264054120906,0.0,0.0,0.0,0.0,0.0,0.5437410949649245,0.10676963322884116,0.060415677218324935,4.535396656757533,156.09067711771087,532.7870005737271,0.0,155.37975071229877,0.5437410949649245,9.061445347590466,0.0,0.0,-898.6571698770808,0.0,3.637978807091713e-12,0.0,0.0
film_only_hypothesis,stationary,354.9444769808488,354.9444769808488,19842.899553864947,90000.0,0.0,0.0,0.0,0.0,0.0,0.0,0.0,0.0,129.0,0.10047068133186322,0.026122377146284438,0.0,0.3238776228537155,1.0,0.8179603931663076,0.9231694789815162,0.732343430315623,0.7155254722561534,0.7155254722561534,0.7155254722561534,0.0,0.0,0.0,0.0,0.0,0.5478881136550302,0.10676090152834201,0.060876457072781116,4.535627454832832,157.10044613505838,532.4047830490134,0.0,156.38492066280222,0.5478881136550302,9.130555414061078,0.0,0.0,-898.5880598106103,0.0,3.637978807091713e-12,0.0,0.0
film_only_hypothesis,stationary,357.2201058334388,357.2201058334388,19841.89234758012,90000.0,0.0,0.0,0.0,0.0,0.0,0.0,0.0,0.0,130.0,0.10111482146111082,0.026289853579888816,0.0,0.32371014642011114,1.0,0.816907309418709,0.9226769012356211,0.7308458301066119,0.7201128669475126,0.7201128669475126,0.7201128669475126,0.0,0.0,0.0,0.0,0.0,0.5520246071829681,0.1067521922997703,0.06133606746477421,4.535857690558241,158.10765241988528,532.0235355691948,0.0,157.38753955293777,0.5520246071829681,9.199490078704162,0.0,0.0,-898.5191251459671,0.0,7.275957614183426e-12,0.0,1.1102230246251565e-16
film_only_hypothesis,stationary,359.4899720918005,359.4899720918005,19840.887691852302,90000.0,0.0,0.0,0.0,0.0,0.0,0.0,0.0,0.0,131.0,0.10175733042885034,0.02645690591150109,0.0,0.3235430940884989,1.0,0.8158582430533873,0.9221855708485263,0.7293545788392622,0.7246886449404187,0.7246886449404187,0.7246886449404187,0.0,0.0,0.0,0.0,0.0,0.5561506255544253,0.10674350543550183,0.06179451395049168,4.536087366542509,159.11230814770147,531.6432535256001,0.0,158.38761950276105,0.5561506255544253,9.268250174864496,0.0,0.0,-898.4503650498068,0.0,3.637978807091713e-12,0.0,-1.1102230246251565e-16
film_only_hypothesis,stationary,361.75410307212957,361.75410307212957,19839.885574591193,90000.0,0.0,0.0,0.0,0.0,0.0,0.0,0.0,0.0,132.0,0.10239821596721163,0.026623536151475027,0.0,0.323376463848525,1.0,0.8148131694703642,0.9216954819074265,0.7278696353437856,0.7292528613010445,0.7292528613010445,0.7292528613010445,0.0,0.0,0.0,0.0,0.0,0.5602662184251372,0.10673484082866984,0.06225180204723746,4.536316485376427,160.11442540881072,531.2639323418107,0.0,159.38517254750968,0.5602662184251372,9.336836530054912,0.0,0.0,-898.3817786946164,0.0,3.637978807091713e-12,0.0,0.0
film_only_hypothesis,stationary,364.01252589989167,364.01252589989167,19838.885983790904,90000.0,0.0,0.0,0.0,0.0,0.0,0.0,0.0,0.0,133.0,0.1030374857543365,0.02678974629612749,0.0,0.32321025370387246,1.0,0.8137720642764935,0.9212066285408014,0.7263909588102353,0.7338055707110736,0.7338055707110736,0.7338055707110736,0.0,0.0,0.0,0.0,0.0,0.5643714351041245,0.10672619837315758,0.06270793723379159,4.536545049632993,161.11401620909854,530.8855674733616,0.0,160.38021063838747,0.5643714351041245,9.405249966010233,0.0,0.0,-898.3133652586611,0.0,3.637978807091713e-12,0.0,0.0
film_only_hypothesis,stationary,366.2652675115816,366.2652675115816,19837.88890752919,90000.0,0.0,0.0,0.0,0.0,0.0,0.0,0.0,0.0,134.0,0.10367514741487655,0.026955538327867904,0.0,0.3230444616721321,1.0,0.8127349032832535,0.9207190049180356,0.7249185087845536,0.7383468274712471,0.7383468274712471,0.7383468274712471,0.0,0.0,0.0,0.0,0.0,0.5684663245568896,0.10671757796359198,0.06316292495076549,4.536773061867574,162.11109247081086,530.5081544074471,0.0,161.3727456433396,0.5684663245568896,9.473491298740566,0.0,0.0,-898.2451239259308,0.0,3.637978807091713e-12,0.0,1.1102230246251565e-16
film_only_hypothesis,stationary,368.51235465646283,368.51235465646283,19836.894333966677,90000.0,0.0,0.0,0.0,0.0,0.0,0.0,0.0,0.0,135.0,0.10431120852048566,0.02712091421532627,0.0,0.3228790857846737,1.0,0.8117016625045673,0.9202326052490404,0.7234522451646632,0.7428766855048702,0.7428766855048702,0.7428766855048702,0.0,0.0,0.0,0.0,0.0,0.5725509354085806,0.1067089794953363,0.06361677060095339,4.537000524618068,163.10566603332396,530.1316886626295,0.0,162.36278934781907,0.5725509354085806,9.541561338583994,0.0,0.0,-898.1770538860873,0.0,0.0,0.0,-1.1102230246251565e-16
film_only_hypothesis,stationary,370.75381389828647,370.75381389828647,19835.902251346095,90000.0,0.0,0.0,0.0,0.0,0.0,0.0,0.0,0.0,136.0,0.10494567659030654,0.027285875913479703,0.0,0.3227141240865203,1.0,0.8106723181546517,0.9197474237838832,0.7219921281966186,0.7473951983612777,0.7473951983612777,0.7473951983612777,0.0,0.0,0.0,0.0,0.0,0.5766253159471147,0.10670040286448353,0.0640694795496794,4.53722744040506,164.09774865390534,529.7561657885506,0.0,163.35035345554405,0.5766253159471147,9.609460890258667,0.0,0.0,-898.1091543344127,0.0,0.0,0.0,0.0
film_only_hypothesis,stationary,372.9896716169915,372.9896716169915,19834.912647991536,90000.0,0.0,0.0,0.0,0.0,0.0,0.0,0.0,0.0,137.0,0.10557855909145197,0.027450425363777516,0.0,0.32254957463622247,1.0,0.809646846645893,0.9192634548124191,0.7205381184708044,0.7519024192192607,0.7519024192192607,0.7519024192192607,0.0,0.0,0.0,0.0,0.0,0.58068951412627,0.10669184796784958,0.0645210571251411,4.537453811731977,165.08735200846613,529.3815813656472,0.0,164.33544958924688,0.58068951412627,9.677190752914289,0.0,0.0,-898.041424471757,0.0,3.637978807091713e-12,0.0,0.0
film_only_hypothesis,stationary,375.2199540103846,375.2199540103846,19833.925512307695,90000.0,0.0,0.0,0.0,0.0,0.0,0.0,0.0,0.0,138.0,0.10620986343948034,0.02761456449426489,0.0,0.32238543550573506,1.0,0.8086252245867518,0.9187806926639267,0.7190901769181822,0.7563984008904541,0.7563984008904541,0.7563984008904541,0.0,0.0,0.0,0.0,0.0,0.5847435775687386,0.1066833147029667,0.06497150861874872,4.537679641085252,166.0744876923047,529.0079310048701,0.0,165.31808929141425,0.5847435775687386,9.744751720183029,0.0,0.0,-897.9738635044882,0.0,0.0,0.0,1.1102230246251565e-16
film_only_hypothesis,stationary,377.4446870958022,377.4446870958022,19832.940832779157,90000.0,0.0,0.0,0.0,0.0,0.0,0.0,0.0,0.0,139.0,0.10683959699886604,0.027778295219705172,0.0,0.3222217047802948,1.0,0.8076074287796925,0.9182991317067496,0.7176482648065912,0.7608831958226856,0.7608831958226856,0.7608831958226856,0.0,0.0,0.0,0.0,0.0,0.5887875535691477,0.10667480296807709,0.06542083928546084,4.537904930934463,167.0591672208423,528.6352103474047,0.0,166.29828402501963,0.5887875535691477,9.812144580229846,0.0,0.0,-897.9064706444415,0.0,0.0,0.0,0.0
film_only_hypothesis,stationary,379.66389671175244,379.66389671175244,19831.95859796965,90000.0,0.0,0.0,0.0,0.0,0.0,0.0,0.0,0.0,140.0,0.1074677670834643,0.02794161944170072,0.0,0.3220583805582993,1.0,0.8065934362191406,0.9178187663479391,0.7162123437370902,0.7653568561032874,0.7653568561032874,0.7653568561032874,0.0,0.0,0.0,0.0,0.0,0.5928214890970454,0.10666631266212599,0.06586905434411613,4.538129683732498,168.04140203034976,528.2634150643964,0.0,167.27604517424646,0.5928214890970454,9.87937011580226,0.0,0.0,-897.839245108869,0.0,0.0,0.0,-1.1102230246251565e-16
film_only_hypothesis,stationary,381.8776085195392,381.8776085195392,19830.978796521333,90000.0,0.0,0.0,0.0,0.0,0.0,0.0,0.0,0.0,141.0,0.10809438095697084,0.02810453904881242,0.0,0.32189546095118754,1.0,0.805583224089466,0.9173395910329046,0.7147823756403573,0.7698194334623686,0.7698194334623686,0.7698194334623686,0.0,0.0,0.0,0.0,0.0,0.5968454307998516,0.10665784368475568,0.06631615897776129,4.538353901915695,169.02120347866617,527.892540856679,0.0,168.2513840452038,0.5968454307998516,9.946429104279527,0.0,0.0,-897.7721861203918,0.0,0.0,0.0,-1.1102230246251565e-16
film_only_hypothesis,stationary,384.0858480048679,384.0858480048679,19830.00141715409,90000.0,0.0,0.0,0.0,0.0,0.0,0.0,0.0,0.0,142.0,0.10871944583337649,0.02826705591667789,0.0,0.3217329440833221,1.0,0.8045767697629912,0.916861600245065,0.7133583227731275,0.774270979276053,0.774270979276053,0.774270979276053,0.0,0.0,0.0,0.0,0.0,0.6008594250057786,0.10664939593629907,0.06676215833397538,4.538577587903994,169.99858284590985,527.5225834545045,0.0,169.2243118666338,0.6008594250057786,10.0133223177213,0.0,0.0,-897.70529290695,0.0,0.0,0.0,0.0
film_only_hypothesis,stationary,386.28864047943284,386.28864047943284,19829.026448664816,90000.0,0.0,0.0,0.0,0.0,0.0,0.0,0.0,0.0,143.0,0.10934296887741636,0.028429171908128256,0.0,0.3215708280918717,1.0,0.8035740507980258,0.9163847885055051,0.7119401477146788,0.7787115445696791,0.7787115445696791,0.7787115445696791,0.0,0.0,0.0,0.0,0.0,0.6048635177267154,0.10664096931777294,0.06720705752519059,4.538800744101087,170.97355133518087,527.1535386172782,0.0,170.19483979061118,0.6048635177267154,10.080050522915712,0.0,0.0,-897.6385647017556,0.0,-3.637978807091713e-12,0.0,1.1102230246251565e-16
film_only_hypothesis,stationary,388.48601108248687,388.48601108248687,19828.05387992674,90000.0,0.0,0.0,0.0,0.0,0.0,0.0,0.0,0.0,144.0,0.1099649572050143,0.02859088887330372,0.0,0.32140911112669623,1.0,0.802575044936925,0.9159091503726361,0.7105278133633696,0.7831411800209636,0.7831411800209636,0.7831411800209636,0.0,0.0,0.0,0.0,0.0,0.6088577546610819,0.10663256373087253,0.06765086162900909,4.539023372894553,171.94612007325557,526.7854021332954,0.0,171.1629788932346,0.6088577546610819,10.14661448142693,0.0,0.0,-897.5720007432444,0.0,-3.637978807091713e-12,0.0,0.0
film_only_hypothesis,stationary,390.6779847823937,390.6779847823937,19827.083699888724,90000.0,0.0,0.0,0.0,0.0,0.0,0.0,0.0,0.0,145.0,0.11058541788372223,0.02875220864976778,0.0,0.3212477913502322,1.0,0.801579730104173,0.9154346804418594,0.7091212829332121,0.7875599359631318,0.7875599359631318,0.7875599359631318,0.0,0.0,0.0,0.0,0.0,0.6128421811966501,0.10662417907796495,0.06809357568851666,4.53924547665601,172.9163001112739,526.4181698194817,0.0,172.12874017531075,0.6128421811966501,10.213014949642174,0.0,0.0,-897.5056002750291,0.0,0.0,0.0,0.0
film_only_hypothesis,stationary,392.8645863781624,392.8645863781624,19826.115897574582,90000.0,0.0,0.0,0.0,0.0,0.0,0.0,0.0,0.0,146.0,0.11120435793315445,0.028913133062620156,0.0,0.3210868669373798,1.0,0.8005880844044911,0.9149613733452348,0.7077205199504969,0.79196786238801,0.79196786238801,0.79196786238801,0.0,0.0,0.0,0.0,0.0,0.6168168424133342,0.1066158152620831,0.06853520471259268,4.539467057741255,173.88410242541846,526.0518375211344,0.0,173.09213456303044,0.6168168424133342,10.279252678818214,0.0,0.0,-897.4393625458531,0.0,0.0,0.0,0.0
film_only_hypothesis,stationary,395.0458405009652,395.0458405009652,19825.150462082413,90000.0,0.0,0.0,0.0,0.0,0.0,0.0,0.0,0.0,147.0,0.11182178432541735,0.029073663924608514,0.0,0.32092633607539145,1.0,0.7996000861209684,0.9144892237511514,0.7063254882504567,0.7963650089490857,0.7963650089490857,0.7963650089490857,0.0,0.0,0.0,0.0,0.0,0.6207817830859494,0.10660747218691971,0.06897575367621658,4.5396881184904005,174.84953791758628,525.6864011116706,0.0,174.05317290863718,0.6207817830859494,10.345328415127346,0.0,0.0,-897.373286809544,0.0,0.0,0.0,0.0
film_only_hypothesis,stationary,397.22177161563803,397.22177161563803,19824.187382583947,90000.0,0.0,0.0,0.0,0.0,0.0,0.0,0.0,0.0,148.0,0.11243770398553417,0.029233803036238886,0.0,0.3207661969637611,1.0,0.7986157137132175,0.9140182263640032,0.704936151973977,0.8007514249645323,0.8007514249645323,0.8007514249645323,0.0,0.0,0.0,0.0,0.0,0.6247370476869396,0.10659914975682168,0.06941522752077105,4.539908661228015,175.81261741605303,525.3218564923741,0.0,175.01186599108848,0.6247370476869396,10.411242899702849,0.0,0.0,-897.3073723249685,0.0,0.0,0.0,0.0
film_only_hypothesis,stationary,399.3924040221647,399.3924040221647,19823.226648323867,90000.0,0.0,0.0,0.0,0.0,0.0,0.0,0.0,0.0,149.0,0.11305212379186495,0.029393552185884887,0.0,0.32060644781411507,1.0,0.7976349458155515,0.913548375923868,0.7035524755643454,0.8051271594202014,0.8051271594202014,0.8051271594202014,0.0,0.0,0.0,0.0,0.0,0.6286826803890757,0.10659084787678387,0.06985363115434173,4.540128688263263,176.77335167612986,524.9581995921466,0.0,175.96822451670965,0.6286826803890757,10.476996868683946,0.0,0.0,-897.2416183559874,0.0,-3.637978807091713e-12,0.0,1.1102230246251565e-16
film_only_hypothesis,stationary,401.55776185714456,401.55776185714456,19822.268248619184,90000.0,0.0,0.0,0.0,0.0,0.0,0.0,0.0,0.0,150.0,0.11366505057652218,0.02955291314989577,0.0,0.3204470868501042,1.0,0.7966577612351858,0.9130796672061889,0.702174423764043,0.8094922609725805,0.8094922609725805,0.8094922609725805,0.0,0.0,0.0,0.0,0.0,0.6326187250681233,0.10658256645244354,0.07029096945201369,4.5403482018900325,177.73175138081305,524.5954263672633,0.0,176.92225911984048,0.6326187250681233,10.542591053260274,0.0,0.0,-897.176024171411,0.0,-3.637978807091713e-12,0.0,0.0
film_only_hypothesis,stationary,403.7178690952436,403.7178690952436,19821.312172858572,90000.0,0.0,0.0,0.0,0.0,0.0,0.0,0.0,0.0,151.0,0.11427649112578141,0.02971188769270317,0.0,0.3202881123072968,1.0,0.7956841389504604,0.9126120950214612,0.7008019616115805,0.8138467779517196,0.8138467779517196,0.8138467779517196,0.0,0.0,0.0,0.0,0.0,0.6365452253054807,0.10657430539007438,0.07072724725616451,4.540567204387078,178.68782714142628,524.2335328011283,0.0,177.87398036347457,0.6365452253054807,10.608026179715836,0.0,0.0,-897.1105890449554,0.0,0.0,0.0,-1.1102230246251565e-16
film_only_hypothesis,stationary,405.87274955063015,405.87274955063015,19820.358410501743,90000.0,0.0,0.0,0.0,0.0,0.0,0.0,0.0,0.0,152.0,0.11488645218048768,0.029870477566926797,0.0,0.3201295224330732,1.0,0.794714058109086,0.9121456542149212,0.6994350544383678,0.8181907583641242,0.8181907583641242,0.8181907583641242,0.0,0.0,0.0,0.0,0.0,0.6404622243907887,0.10656606459658122,0.07116246937675429,4.540785698018147,179.641589498256,523.8725149040351,0.0,178.82339873989187,0.6404622243907887,10.673302969472493,0.0,0.0,-897.0453122551988,0.0,0.0,0.0,0.0
film_only_hypothesis,stationary,408.0228714121007,408.0228714121007,19819.40675432567,90000.0,0.0,0.0,0.0,0.0,0.0,0.0,0.0,0.0,153.0,0.11549506626629055,0.030028717229235544,0.0005741796804320393,0.31997990371039564,1.0022967187217282,0.793747298272205,0.9117055991482226,0.6981475135236319,0.8225251460222255,0.8225251460222255,0.8225251460222255,0.0,0.0,0.0,0.0,0.0,0.6443705733683863,0.10655784227957396,0.07159673037426513,4.541003730112008,180.5932456743288,523.5122942379737,0.0,179.77072052830658,0.6443705733683863,10.738435605184158,0.0,0.0,-896.9801796194871,0.0,0.0,0.0,0.0
film_only_hypothesis,stationary,410.18611015456185,410.18611015456185,19818.4492925434,90000.0,0.0,0.0,0.0,0.0,0.0,0.0,0.0,0.0,154.0,0.11610739322003628,0.030187922237209435,0.0037513906310066127,0.3198687011071156,1.0150055625240264,0.7927758275209568,0.9113785326679872,0.6971918449337312,0.8268859757383781,0.8268859757383781,0.8268859757383781,0.0,0.0,0.0,0.0,0.0,0.6483027650900227,0.10654957008279729,0.07203364056555805,4.54122311344824,181.5507074565997,523.1498760352554,0.0,180.72382148086132,0.6483027650900227,10.803965580225228,0.0,0.0,-896.9146496444461,0.0,0.0,0.0,0.0
film_only_hypothesis,stationary,412.37169611075734,412.37169611075734,19817.481939757112,90000.0,0.0,0.0,0.0,0.0,0.0,0.0,0.0,0.0,155.0,0.11672604578225142,0.03034877190338537,0.006951166168090121,0.31975670777486354,1.0278046646723604,0.7917955285165951,0.9110491405143045,0.6962304855089694,0.8312918547557534,0.8312918547557534,0.8312918547557534,0.0,0.0,0.0,0.0,0.0,0.6522755778352968,0.10654121271653484,0.07247506420392184,4.54144478463963,182.51806024288734,522.7837138920842,0.0,181.68676838813158,0.6522755778352968,10.87017250462522,0.0,0.0,-896.848442720046,0.0,0.0,0.0,0.0
film_only_hypothesis,stationary,414.57965799021275,414.57965799021275,19816.50468325981,90000.0,0.0,0.0,0.0,0.0,0.0,0.0,0.0,0.0,156.0,0.11735103207946217,0.030511268340660164,0.010173265486250334,0.31964393127591567,1.0406930619450014,0.7908064241110477,0.9107174449291638,0.6952635224031376,0.8357428409493101,0.8357428409493101,0.8357428409493101,0.0,0.0,0.0,0.0,0.0,0.6562890637825134,0.10653277007985067,0.07292100708694592,4.541668747265425,183.49531674019119,522.4138029986096,0.0,182.65957389924188,0.6562890637825134,10.937057247935584,0.0,0.0,-896.7815579767357,0.0,0.0,0.0,1.1102230246251565e-16
film_only_hypothesis,stationary,416.81001870371284,416.81001870371284,19815.517512911047,90000.0,0.0,0.0,0.0,0.0,0.0,0.0,0.0,0.0,157.0,0.11798235859680158,0.03067541323516841,0.01341743752818899,0.3195303794851987,1.0536697501127559,0.7898085401030126,0.9103834690741138,0.6942910452622914,0.8402389805044406,0.8402389805044406,0.8402389805044406,0.0,0.0,0.0,0.0,0.0,0.6603432645693181,0.10652424209408708,0.07337147384103533,4.541895004324736,184.48248708895497,522.0401395164735,0.0,183.64224810845053,0.6603432645693181,11.004620504047686,0.0,0.0,-896.7139947206236,0.0,0.0,0.0,0.0
film_only_hypothesis,stationary,419.06279651813844,419.06279651813844,19814.5204206258,90000.0,0.0,0.0,0.0,0.0,0.0,0.0,0.0,0.0,158.0,0.11862003050489794,0.030841207931273467,0.01668342282783784,0.31941606052494587,1.0667336913113514,0.7888019047049721,0.9100472368380761,0.6933131456452042,0.8447803102449849,0.8447803102449849,0.8447803102449849,0.0,0.0,0.0,0.0,0.0,0.6644382133918844,0.10651562869844668,0.0738264681546538,4.5421235583534525,185.4795793742042,521.6627203853336,0.0,184.63479906395924,0.6644382133918844,11.072862826175752,0.0,0.0,-896.6457523984956,0.0,3.637978807091713e-12,0.0,1.1102230246251565e-16
film_only_hypothesis,stationary,421.33800501441164,421.33800501441164,19813.51340039307,90000.0,0.0,0.0,0.0,0.0,0.0,0.0,0.0,0.0,159.0,0.11926405164797083,0.031008653428472414,0.01997095359644289,0.31930098276088165,1.0798838143857716,0.7877865485475305,0.9097087728261225,0.692329916972994,0.8493668575484521,0.8493668575484521,0.8493668575484521,0.0,0.0,0.0,0.0,0.0,0.6685739349284726,0.10650692985014919,0.07428599276983028,4.542354411419761,186.48659960693226,521.2815433299105,0.0,185.6372327493838,0.6685739349284726,11.141784625582995,0.0,0.0,-896.5768305990883,0.0,0.0,0.0,0.0
film_only_hypothesis,stationary,423.6356530483885,423.6356530483885,19812.496448293212,90000.0,0.0,0.0,0.0,0.0,0.0,0.0,0.0,0.0,160.0,0.11991442453276127,0.031177750378517933,0.02327975381654204,0.3191851547981648,1.093119015266168,0.7867625046819225,0.9093681023475435,0.6913414544767992,0.8539986402671854,0.8539986402671854,0.8539986402671854,0.0,0.0,0.0,0.0,0.0,0.6727504452683462,0.10649814552457859,0.07475004947426067,4.5425875651199545,187.50355170679148,520.8966068665381,0.0,186.6495530665243,0.6727504452683462,11.211386170396988,0.0,0.0,-896.5072290542743,0.0,3.637978807091713e-12,0.0,0.0
film_only_hypothesis,stationary,425.9557447147651,425.9557447147651,19811.469562513885,90000.0,0.0,0.0,0.0,0.0,0.0,0.0,0.0,0.0,161.0,0.12057115031831508,0.031348499082761924,0.026609539343784863,0.3190685854770937,1.1064381573751394,0.7857298085806813,0.9090252514032169,0.690347855143568,0.8586756666556006,0.8586756666556006,0.8586756666556006,0.0,0.0,0.0,0.0,0.0,0.6769677518461641,0.10648927571541826,0.07521863909401821,4.542823020574546,188.53043748611765,520.5079103092118,0.0,187.67176181946203,0.6769677518461641,11.281667584516324,0.0,0.0,-896.4369476401549,0.0,3.637978807091713e-12,0.0,0.0
film_only_hypothesis,stationary,428.2982793140567,428.2982793140567,19810.432743364687,90000.0,0.0,0.0,0.0,0.0,0.0,0.0,0.0,0.0,162.0,0.12123422880663591,0.031520899489725335,0.02996001801652738,0.3189512838685793,1.1198400720661095,0.7846884981364439,0.9086802466722921,0.689349217660029,0.8633979353036205,0.8633979353036205,0.8633979353036205,0.0,0.0,0.0,0.0,0.0,0.6812258533819625,0.10648032043477333,0.07569176148688471,4.543060778424673,189.5672566353148,520.1154537751194,0.0,188.70385870001118,0.6812258533819625,11.352628846610404,0.0,0.0,-896.3659863780609,0.0,0.0,0.0,0.0
film_only_hypothesis,stationary,430.6632513227071,430.6632513227071,19809.38599329038,90000.0,0.0,0.0,0.0,0.0,0.0,0.0,0.0,0.0,163.0,0.12190365843422443,0.031694951192898356,0.03333088977312117,0.3188332592693891,1.1333235590924846,0.7836386136588882,0.9083331154982033,0.6883456423549176,0.8681654350764186,0.8681654350764186,0.8681654350764186,0.0,0.0,0.0,0.0,0.0,0.6855247398268228,0.10647127971328228,0.07616941553631362,4.543300838828817,190.61400670962558,519.7192381896501,0.0,189.74584127454918,0.6855247398268228,11.424269789214001,0.0,0.0,-896.2943454354573,0.0,3.637978807091713e-12,0.0,-1.1102230246251565e-16
film_only_hypothesis,stationary,433.0506503663806,433.0506503663806,19808.329316882693,90000.0,0.0,0.0,0.0,0.0,0.0,0.0,0.0,0.0,164.0,0.12257943626451831,0.031870653428774764,0.03672184677680028,0.3187145211971692,1.1468873871072012,0.7825801978697855,0.9079838858740271,0.6873372311395257,0.8729781450605792,0.8729781450605792,0.8729781450605792,0.0,0.0,0.0,0.0,0.0,0.6898643923143278,0.10646215360021503,0.0766515991460364,4.5435432014598405,191.67068311730992,519.3192652908683,0.0,190.79770497224933,0.6898643923143278,11.496590097918272,0.0,0.0,-896.222025126753,0.0,3.637978807091713e-12,0.0,0.0
film_only_hypothesis,stationary,435.4604611964851,435.4604611964851,19807.26272089075,90000.0,0.0,0.0,0.0,0.0,0.0,0.0,0.0,0.0,165.0,0.12326155798124688,0.03204800507512419,0.04013257354806248,0.31859507938524884,1.16053029419225,0.7815132958961668,0.9076325864272026,0.686324087446663,0.8778360345167703,0.8778360345167703,0.8778360345167703,0.0,0.0,0.0,0.0,0.0,0.6942447831178897,0.10645294216355951,0.07713830923532106,4.543787865502327,192.73727910925413,518.9155376334469,0.0,191.85944307473736,0.6942447831178897,11.569589310659632,0.0,0.0,-896.1490259140116,0.0,3.637978807091713e-12,0.0,0.0
film_only_hypothesis,stationary,437.89266366997003,437.89266366997003,19806.186214229976,90000.0,0.0,0.0,0.0,0.0,0.0,0.0,0.0,0.0,166.0,0.12395001788271272,0.03222700464950531,0.0435627471044185,0.31847494377723434,1.174250988417674,0.7804379552615959,0.9072792464036304,0.6853063161681,0.8827390628390192,0.8827390628390192,0.8827390628390192,0.0,0.0,0.0,0.0,0.0,0.6986658756140315,0.10644364549009526,0.07762954173489237,4.544034829650268,193.8137857700294,518.5080585920515,0.0,192.93104670719038,0.6986658756140315,11.643266817107834,0.0,0.0,-896.0753484075635,0.0,3.637978807091713e-12,0.0,1.1102230246251565e-16
film_only_hypothesis,stationary,440.34723273243924,440.34723273243924,19805.099807989587,90000.0,0.0,0.0,0.0,0.0,0.0,0.0,0.0,0.0,167.0,0.12464480887701151,0.03240765030802299,0.04701203710737675,0.31835412452139883,1.1880481484295071,0.7793542258755486,0.906923895651173,0.6842840235905863,0.8876871795206696,0.8876871795206696,0.8876871795206696,0.0,0.0,0.0,0.0,0.0,0.7031276242516942,0.10643426368545376,0.07812529158352155,4.544284092105057,194.90019201041733,518.0968323641707,0.0,194.01250483089666,0.7031276242516942,11.717621858154482,0.0,0.0,-896.0009933665168,0.0,3.637978807091713e-12,0.0,1.1102230246251565e-16
film_only_hypothesis,stationary,442.8241384046126,442.8241384046126,19804.003515438588,90000.0,0.0,0.0,0.0,0.0,0.0,0.0,0.0,0.0,168.0,0.12534592247820003,0.03258993984433201,0.05048010601651609,0.31823263196487483,1.2019204240660644,0.7782621600209012,0.9065665646025731,0.6832573173305261,0.8926803241270904,0.8926803241270904,0.8926803241270904,0.0,0.0,0.0,0.0,0.0,0.7076299745276312,0.10642479687416677,0.07862555272529234,4.544535650573824,195.9964845614179,517.6818639723832,0.0,195.1038042372908,0.7076299745276312,11.792653525502974,0.0,0.0,-895.9259616991683,0.0,7.275957614183426e-12,0.0,1.1102230246251565e-16
film_only_hypothesis,stationary,445.3233457721679,445.3233457721679,19802.89735203025,90000.0,0.0,0.0,0.0,0.0,0.0,0.0,0.0,0.0,169.0,0.1260533488034206,0.03277387068888935,0.05396660925048273,0.3181104766476572,1.215866437001931,0.7771618123395314,0.9062072842578153,0.6822263062674054,0.8977184262751977,0.8977184262751977,0.8977184262751977,0.0,0.0,0.0,0.0,0.0,0.7121728629679475,0.10641524519970057,0.0791303181075497,4.544789502268109,197.1026479697533,517.2631592660598,0.0,196.2049295434781,0.7121728629679475,11.868360761360844,0.0,0.0,-895.8502544633104,0.0,3.637978807091713e-12,0.0,0.0
film_only_hypothesis,stationary,447.8448149789877,447.8448149789877,19801.781335405125,90000.0,0.0,0.0,0.0,0.0,0.0,0.0,0.0,0.0,170.0,0.12676707657098962,0.0329594399084573,0.057471195354743085,0.31798766929642364,1.2298847814189724,0.7760532398160401,0.905846086165952,0.6811911004760551,0.9028014056198417,0.9028014056198417,0.9028014056198417,0.0,0.0,0.0,0.0,0.0,0.716756217115827,0.10640560882447836,0.07963957967953632,4.545045643902859,198.21866459487907,516.8407249224953,0.0,197.31586318925923,0.716756217115827,11.944742358235256,0.0,0.0,-895.773872866436,0.0,3.637978807091713e-12,0.0,0.0
film_only_hypothesis,stationary,450.3885012238319,450.3885012238319,19800.655485392494,90000.0,0.0,0.0,0.0,0.0,0.0,0.0,0.0,0.0,171.0,0.12748709309945577,0.0331466442058585,0.060993506175900325,0.31786422081818166,1.2439740247036013,0.7749365017596054,0.9054830024064168,0.680151811157855,0.9079291718470982,0.9079291718470982,0.9079291718470982,0.0,0.0,0.0,0.0,0.0,0.721379955525489,0.10639588792988823,0.08015332839172097,4.545304071695786,199.34451460751131,516.4145684474653,0.0,198.43658543566423,0.721379955525489,12.021796958832272,0.0,0.0,-895.696818265839,0.0,3.637978807091713e-12,0.0,1.1102230246251565e-16
film_only_hypothesis,stationary,452.9543547604516,452.9543547604516,19799.519824010327,90000.0,0.0,0.0,0.0,0.0,0.0,0.0,0.0,0.0,172.0,0.12821338430763216,0.03333547991998436,0.06453317704238264,0.3177401422937502,1.2581327081695306,0.7738116597839813,0.9051180655698535,0.6791085505709681,0.9131016246744992,0.9131016246744992,0.9131016246744992,0.0,0.0,0.0,0.0,0.0,0.7260439877623985,0.1063860827162786,0.08067155419582205,4.545564781367046,200.4801759896771,515.9846981752077,0.0,199.56707436500258,0.7260439877623985,12.09952305606037,0.0,0.0,-895.6190921686109,0.0,3.637978807091713e-12,0.0,0.0
film_only_hypothesis,stationary,455.54232090115585,455.54232090115585,19798.37437546371,90000.0,0.0,0.0,0.0,0.0,0.0,0.0,0.0,0.0,173.0,0.1289459347156059,0.033525943026057534,0.06808983695129067,0.3176154449710837,1.2723593478051627,0.7726787777856583,0.9047513087384815,0.6780614319597028,0.918318653858222,0.918318653858222,0.918318653858222,0.0,0.0,0.0,0.0,0.0,0.730748214409754,0.10637619340293986,0.0811942460455282,4.545827768139274,201.625624536293,515.5511232678248,0.0,200.70730588243478,0.730748214409754,12.17791899313855,0.0,0.0,-895.5406962315327,0.0,3.637978807091713e-12,0.0,0.0
film_only_hypothesis,stationary,458.15234002383596,458.15234002383596,19797.21916614173,90000.0,0.0,0.0,0.0,0.0,0.0,0.0,0.0,0.0,174.0,0.12968472744672652,0.033718029136148894,0.07166310876118599,0.3174901402584494,1.286652435044744,0.7715379219202059,0.9043827654660277,0.6770105694831097,0.9235801392072504,0.9235801392072504,0.9235801392072504,0.0,0.0,0.0,0.0,0.0,0.735492527081259,0.1063662202280737,0.08172139189791765,4.546093026737959,202.78083385827438,515.1138537141065,0.0,201.85725371906713,0.735492527081259,12.25698296380918,0.0,0.0,-895.4616322608621,0.0,3.637978807091713e-12,0.0,0.0
film_only_hypothesis,stationary,460.7843475824491,460.7843475824491,19796.054224612828,90000.0,0.0,0.0,0.0,0.0,0.0,0.0,0.0,0.0,175.0,0.13042974423057335,0.033911733499949075,0.07525260939058839,0.3173642397174656,1.3010104375623537,0.7703891605768175,0.9040124697572518,0.6759560781429048,0.9288859506045074,0.9288859506045074,0.9288859506045074,0.0,0.0,0.0,0.0,0.0,0.7402768084401838,0.1063561634487476,0.08225297871557595,4.5463605513921665,203.9457753871752,514.6729003277744,0.0,203.0168894365707,0.7402768084401838,12.336713012655663,0.0,0.0,-895.3819022120156,0.0,3.637978807091713e-12,0.0,1.1102230246251565e-16
film_only_hypothesis,stationary,463.4382741209566,463.4382741209566,19794.879581618647,90000.0,0.0,0.0,0.0,0.0,0.0,0.0,0.0,0.0,176.0,0.13118096540690102,0.03410705100579427,0.0788579500219421,0.3172377550560111,1.3154318000877683,0.7692325643510861,0.9036404560470915,0.6748980737108274,0.9342359480349539,0.9342359480349539,0.9342359480349539,0.0,0.0,0.0,0.0,0.0,0.7451009322247045,0.10634602334083776,0.0827889924694116,4.546630335835598,205.12041838135733,514.2282747451455,0.0,204.18618243332236,0.7451009322247045,12.417107035524701,0.0,0.0,-895.3015081891466,0.0,3.637978807091713e-12,0.0,0.0
film_only_hypothesis,stationary,466.1140452907078,466.1140452907078,19793.69527006632,90000.0,0.0,0.0,0.0,0.0,0.0,0.0,0.0,0.0,177.0,0.13193836993056,0.0343039761819456,0.08247873631080004,0.3171106981210157,1.3299149452432002,0.7680682060160349,0.9032667591794581,0.6738366726555338,0.9396299816206319,0.9396299816206319,0.9396299816206319,0.0,0.0,0.0,0.0,0.0,0.7499647632795073,0.10633580019895714,0.08332941814216746,4.546902373308006,206.30472993368477,513.7799894222211,0.0,205.36509995206413,0.7499647632795073,12.49816278005299,0.0,0.0,-895.2204524446183,0.0,3.637978807091713e-12,0.0,0.0
film_only_hypothesis,stationary,468.8115818712555,468.8115818712555,19792.501325019264,90000.0,0.0,0.0,0.0,0.0,0.0,0.0,0.0,0.0,178.0,0.13270193537738867,0.03450250319812106,0.08611456859996718,0.3169830808911415,1.3444582743998688,0.7668961604914366,0.9028914143857104,0.6727719920691287,0.9450678916626265,0.9450678916626265,0.9450678916626265,0.0,0.0,0.0,0.0,0.0,0.7548681575936297,0.10632549433637122,0.0838742397326255,4.547176656556945,207.4986749807366,513.3280576311992,0.0,206.55360708907398,0.7548681575936297,12.579877846297839,0.0,0.0,-895.1387373783734,0.0,0.0,0.0,1.1102230246251565e-16
film_only_hypothesis,stationary,471.5307997945831,471.5307997945831,19791.29778368647,90000.0,0.0,0.0,0.0,0.0,0.0,0.0,0.0,0.0,179.0,0.13347163795107114,0.0347026258672785,0.08976504213833356,0.316854915469365,1.3590601685533343,0.7657165048114538,0.9025144572628383,0.6717041495934384,0.9505495086899042,0.9505495086899042,0.9505495086899042,0.0,0.0,0.0,0.0,0.0,0.7598109623445027,0.10631510608490108,0.08442344026050029,4.547453177839859,208.70221631353007,512.8724934564144,0.0,207.75166680484017,0.7598109623445027,12.662249687471137,0.0,0.0,-895.0563655372001,0.0,0.0,0.0,0.0
film_only_hypothesis,stationary,474.27161017272067,474.27161017272067,19790.084685410256,90000.0,0.0,0.0,0.0,0.0,0.0,0.0,0.0,0.0,180.0,0.13424745249095418,0.03490433764764809,0.0934297473041242,0.3167262140754707,1.373718989216497,0.7645293180906356,0.9021359237513844,0.6706332633461299,0.9560746535149841,0.9560746535149841,0.9560746535149841,0.0,0.0,0.0,0.0,0.0,0.7647930159481547,0.10630463579481216,0.08497700177201717,4.547731928926521,209.91531458974367,512.4133117897132,0.0,208.9592399362287,0.7647930159481547,12.745275610775998,0.0,0.0,-894.9733396138953,0.0,0.0,0.0,0.0
film_only_hypothesis,stationary,477.03391932871926,477.03391932871926,19788.862071652577,90000.0,0.0,0.0,0.0,0.0,0.0,0.0,0.0,0.0,181.0,0.13502935248081485,0.035107631645011864,0.0971082698322791,0.31659698903846617,1.3884330793291164,0.7633346814883104,0.9017558501131359,0.6695594518467772,0.9616431372963785,0.9616431372963785,0.9616431372963785,0.0,0.0,0.0,0.0,0.0,0.7698141481155185,0.10629408383469134,0.0855349053461687,4.548012901101799,211.13792834742657,511.950528325263,0.0,210.17628521013017,0.7698141481155185,12.828952778345116,0.0,0.0,-894.8896624463262,0.0,3.637978807091713e-12,0.0,0.0
film_only_hypothesis,stationary,479.81762883095155,479.81762883095155,19787.629985979824,90000.0,0.0,0.0,0.0,0.0,0.0,0.0,0.0,0.0,182.0,0.1358173100585696,0.035312500615228094,0.10080019104567656,0.3164672527889297,1.4032007641827062,0.7621326781714144,0.9013742729086167,0.6684828339429801,0.9672547616077385,0.9672547616077385,0.9672547616077385,0.0,0.0,0.0,0.0,0.0,0.7748741799147854,0.10628345059131043,0.08609713110164278,4.54829608516876,212.37001402018007,511.4841595538065,0.0,211.40275925857233,0.7748741799147854,12.913278208279896,0.0,0.0,-894.8053370163914,0.0,3.637978807091713e-12,0.0,0.0
film_only_hypothesis,stationary,482.62263553069863,482.62263553069863,19786.38847404621,90000.0,0.0,0.0,0.0,0.0,0.0,0.0,0.0,0.0,183.0,0.13661129602691371,0.035518936966997566,0.10450508808990416,0.3163370178513003,1.4180203523596167,0.7609233932758006,0.9009912289744128,0.6674035287366342,0.9729093185136247,0.9729093185136247,0.9729093185136247,0.0,0.0,0.0,0.0,0.0,0.7799729238397325,0.10627273646947752,0.0866636582044147,4.548581471452101,213.61152595379403,511.01422275636435,0.0,212.6386166352804,0.7799729238397325,12.998248775789142,0.0,0.0,-894.7203664488821,0.0,3.637978807091713e-12,0.0,0.0
film_only_hypothesis,stationary,485.4488316029806,485.4488316029806,19785.137583575684,90000.0,0.0,0.0,0.0,0.0,0.0,0.0,0.0,0.0,184.0,0.13741127986487867,0.035726932764868456,0.1082225341712733,0.3162062968361219,1.4328901366850932,0.7597069138660726,0.9006067554003586,0.6663216555104559,0.9786065906518164,0.9786065906518164,0.9786065906518164,0.0,0.0,0.0,0.0,0.0,0.7851101838839463,0.10626194189187617,0.087234464875994,4.548869049801911,214.86241642431852,510.54073599739456,0.0,213.8838098336667,0.7851101838839463,13.083861214425964,0.0,0.0,-894.6347540102454,0.0,3.637978807091713e-12,0.0,0.0
film_only_hypothesis,stationary,488.2961045905831,488.2961045905831,19783.87736434245,90000.0,0.0,0.0,0.0,0.0,0.0,0.0,0.0,0.0,185.0,0.13821722974029446,0.03593647973247656,0.11195209879777711,0.3160751024322507,1.4478083951911085,0.7584833288939913,0.9002208895066197,0.6652373336548586,0.9843463513220646,0.9843463513220646,0.9843463513220646,0.0,0.0,0.0,0.0,0.0,0.7902857556208561,0.10625106729889118,0.08780952840231733,4.549158809597752,216.12263565755032,510.06371811741656,0.0,215.13828930622824,0.7902857556208561,13.170112117421567,0.0,0.0,-894.5485031072498,0.0,0.0,0.0,-1.1102230246251565e-16
film_only_hypothesis,stationary,491.1643374512276,491.1643374512276,19782.60786815009,90000.0,0.0,0.0,0.0,0.0,0.0,0.0,0.0,0.0,186.0,0.13902911252314146,0.03614756925601678,0.115693348022678,0.3159434473990383,1.462773392090712,0.7572527291555052,0.8998336688207009,0.6641506825952831,0.9901283645811806,0.9901283645811806,0.9901283645811806,0.0,0.0,0.0,0.0,0.0,0.7954994262894811,0.10624011314842383,0.08838882514327566,4.549450739753053,217.39213184991056,509.58318872510847,0.0,216.40200348532937,0.7954994262894811,13.256997939114202,0.0,0.0,-894.461617285557,0.0,0.0,0.0,0.0
film_only_hypothesis,stationary,494.05340860782854,494.05340860782854,19781.329148809313,90000.0,0.0,0.0,0.0,0.0,0.0,0.0,0.0,0.0,187.0,0.13984689379977644,0.03636019238794187,0.11944584469041468,0.31581134455849996,1.4777833787616588,0.7560152072464545,0.8994451310544117,0.6630618217200724,0.9959523853443494,0.9959523853443494,0.9959523853443494,0.0,0.0,0.0,0.0,0.0,0.80075097488579,0.1062290799156938,0.08897233054286553,4.549744828719829,218.6708511906891,509.0991681888874,0.0,217.67489880534475,0.80075097488579,13.34451499647169,0.0,0.0,-894.3741002281996,0.0,3.637978807091713e-12,0.0,1.1102230246251565e-16
film_only_hypothesis,stationary,496.9631920017769,496.9631920017769,19780.041262114373,90000.0,0.0,0.0,0.0,0.0,0.0,0.0,0.0,0.0,188.0,0.1406705378880148,0.036574339850883854,0.12320914868451265,0.31567880678747884,1.4928365947380506,0.7547708575170039,0.8990553140808202,0.6619708703089923,1.001818159492542,1.001818159492542,1.001818159492542,0.0,0.0,0.0,0.0,0.0,0.8060401722595599,0.10621796809303102,0.08956001913995108,4.550041064493691,219.95873788562798,508.6116776279822,0.0,218.95691972613545,0.8060401722595599,13.432659470705566,0.0,0.0,-894.2859557539657,0.0,0.0,0.0,0.0
film_only_hypothesis,stationary,499.89355714918565,499.89355714918565,19778.744265818186,90000.0,0.0,0.0,0.0,0.0,0.0,0.0,0.0,0.0,189.0,0.14150000785305158,0.03679000204179341,0.12698281717718182,0.31554584700981714,1.5079312687087274,0.7535197760248579,0.8986642559112269,0.6608779474624844,1.0077254239859004,1.0077254239859004,1.0077254239859004,0.0,0.0,0.0,0.0,0.0,0.8113667812166206,0.10620677818965513,0.0901518645796245,4.550339434619156,221.25573418181594,508.1207389030111,0.0,220.24800875783004,0.8113667812166206,13.521427408974983,0.0,0.0,-894.1971878156963,0.0,3.637978807091713e-12,0.0,2.220446049250313e-16
film_only_hypothesis,stationary,502.8443692000273,502.8443692000273,19777.438219606138,90000.0,0.0,0.0,0.0,0.0,0.0,0.0,0.0,0.0,190.0,0.1423352655242009,0.03700716903629223,0.13076640488028432,0.31541247818854423,1.5230656195211374,0.7522620604873177,0.898271994672189,0.6597831720317457,1.013673906982951,1.013673906982951,1.013673906982951,0.0,0.0,0.0,0.0,0.0,0.8167305566263565,0.10619551073144373,0.0907478396251507,4.550639926195271,222.5617803938632,507.62637460607334,0.0,221.54810648688024,0.8167305566263565,13.61081472617823,0.0,0.0,-894.107800498493,0.0,0.0,0.0,0.0
film_only_hypothesis,stationary,505.8154890000925,505.8154890000925,19776.123185068675,90000.0,0.0,0.0,0.0,0.0,0.0,0.0,0.0,0.0,191.0,0.14317627151243392,0.03722583059323282,0.13455946429735197,0.3152787133180919,1.538237857189408,0.7509978102322364,0.8978785685826233,0.6586866625497165,1.0196633279655063,1.0196633279655063,1.0196633279655063,0.0,0.0,0.0,0.0,0.0,0.8221312455343337,0.10618416626069113,0.0913479161704815,4.550942525881494,223.87681493132447,507.1286080503695,0.0,222.85715160335897,0.8221312455343337,13.70081720682967,0.0,0.0,-894.0177980178416,0.0,0.0,0.0,0.0
film_only_hypothesis,stationary,508.8067731556919,508.8067731556919,19774.799225672665,90000.0,0.0,0.0,0.0,0.0,0.0,0.0,0.0,0.0,192.0,0.14402298522869353,0.03744597615946032,0.138361545976338,0.3151445654165477,1.553446183905352,0.7497271261479319,0.8974840159310227,0.6575885371630732,1.025693397869096,1.025693397869096,1.025693397869096,0.0,0.0,0.0,0.0,0.0,0.8275685872799169,0.10617274533585504,0.09195206525332408,4.551247219903874,225.20077432733657,506.6274632593612,0.0,224.17508092946747,0.8275685872799169,13.791430507019815,0.0,0.0,-893.9271847176515,0.0,0.0,0.0,0.0
film_only_hypothesis,stationary,511.8180741010234,511.8180741010234,19773.466406731568,90000.0,0.0,0.0,0.0,0.0,0.0,0.0,0.0,0.0,193.0,0.14487536490296316,0.03766759487477042,0.14217219876278464,0.3150100475179555,1.5686887950511386,0.7484501106321194,0.8970883750528105,0.656488913565294,1.031763819218771,1.031763819218771,1.031763819218771,0.0,0.0,0.0,0.0,0.0,0.833042313618729,0.1061612485312943,0.09256025706874764,4.551553994061502,226.53359326843545,506.12296495548503,0.0,225.50182944921667,0.833042313618729,13.882650156456119,0.0,0.0,-893.8359650682152,0.0,3.637978807091713e-12,0.0,0.0
film_only_hypothesis,stationary,514.8492401681204,514.8492401681204,19772.124795374486,90000.0,0.0,0.0,0.0,0.0,0.0,0.0,0.0,0.0,194.0,0.14573336760406647,0.03789067557705728,0.14599097005309236,0.3148751726646735,1.5839638802123694,0.7471668675399263,0.8966916843078634,0.655387908930886,1.0378742862701105,1.0378742862701105,1.0378742862701105,0.0,0.0,0.0,0.0,0.0,0.8385521488498032,0.10614967643699591,0.09317246098331144,4.551862833733211,227.87520462551564,505.6151385484339,0.0,226.8373303392455,0.8385521488498032,13.97447156058197,0.0,0.0,-893.7441436640893,0.0,0.0,0.0,-2.220446049250313e-16
film_only_hypothesis,stationary,517.9001156592968,517.9001156592968,19770.77446051411,90000.0,0.0,0.0,0.0,0.0,0.0,0.0,0.0,0.0,195.0,0.14659694926017353,0.038115206807645116,0.14981740604757743,0.31473995389979903,1.5992696241903097,0.7458775021310493,0.8962939820582325,0.6542856398508474,1.0440244851552631,1.0440244851552631,1.0440244851552631,0.0,0.0,0.0,0.0,0.0,0.8440978099472726,0.10613802965829378,0.09378864554969693,4.552173723884547,229.2255394858949,505.10401012301963,0.0,228.18151500073964,0.8440978099472726,14.066890002771297,0.0,0.0,-893.6517252219,0.0,3.637978807091713e-12,0.0,-2.220446049250313e-16
film_only_hypothesis,stationary,520.970540921998,520.970540921998,19769.415472813558,90000.0,0.0,0.0,0.0,0.0,0.0,0.0,0.0,0.0,196.0,0.14746606467998832,0.03834117681679697,0.15365105200300894,0.3146044042596701,1.6146042080120357,0.7445821210161211,0.8958953066460886,0.6531822222694352,1.0502140940338374,1.0502140940338374,1.0502140940338374,0.0,0.0,0.0,0.0,0.0,0.8496790066964351,0.10612630881557605,0.0944087785218261,4.552486649074977,230.58452718644372,504.589606426633,0.0,229.5343130924099,0.8496790066964351,14.15990064659609,0.0,0.0,-893.5587145780752,0.0,3.637978807091713e-12,0.0,0.0
film_only_hypothesis,stationary,524.060352425968,524.060352425968,19768.047904652263,90000.0,0.0,0.0,0.0,0.0,0.0,0.0,0.0,0.0,197.0,0.14834066757459158,0.03856857356939381,0.1574914524843169,0.3144685367664522,1.6299658099372676,0.7432808321023491,0.8954956963719183,0.6520777714223094,1.0564427832484602,1.0564427832484602,1.0564427832484602,0.0,0.0,0.0,0.0,0.0,0.8552954418340264,0.1061145145439864,0.09503282687044735,4.55280159346534,231.95209534773986,504.0719548563154,0.0,230.8956525644914,0.8552954418340264,14.253498538164049,0.0,0.0,-893.4651166865073,0.0,3.637978807091713e-12,0.0,0.0
film_only_hypothesis,stationary,527.1693828426386,527.1693828426386,19766.671830090792,90000.0,0.0,0.0,0.0,0.0,0.0,0.0,0.0,0.0,198.0,0.14922071057991276,0.03879738475077732,0.16133815161517473,0.31433236442081924,1.645352606460699,0.7419737445384909,0.8950951894729978,0.6509724017761207,1.0627102154848183,1.0627102154848183,1.0627102154848183,0.0,0.0,0.0,0.0,0.0,0.8609468111925332,0.10610264749311467,0.09566075679917033,4.553118540825525,233.32816990920648,503.5510834454585,0.0,232.26545969372165,0.8609468111925332,14.347678608523566,0.0,0.0,-893.3709366161477,0.0,0.0,0.0,0.0
film_only_hypothesis,stationary,530.2974611266432,530.2974611266432,19765.28732483481,90000.0,0.0,0.0,0.0,0.0,0.0,0.0,0.0,0.0,199.0,0.15010614527980332,0.03902759777274886,0.16519069332715275,0.3141959001947379,1.660762773308611,0.740660968659233,0.8946938241021705,0.6498662269696012,1.0690160459359774,1.0690160459359774,1.0690160459359774,0.0,0.0,0.0,0.0,0.0,0.8666328038483672,0.10609070832668047,0.09629253376092967,4.5534374745423625,234.71267516519055,503.0270208501478,0.0,233.64365911925458,0.8666328038483672,14.442435676133037,0.0,0.0,-893.2761795485383,0.0,3.637978807091713e-12,0.0,2.220446049250313e-16
film_only_hypothesis,stationary,533.4444125993579,533.4444125993579,19763.89446619806,90000.0,0.0,0.0,0.0,0.0,0.0,0.0,0.0,0.0,200.0,0.1509969222296839,0.03925919977971781,0.16904862160715695,0.3140591570243628,1.6761944864286278,0.7393426159290383,0.8942916383069496,0.6487593597562183,1.0753599224707935,1.0753599224707935,1.0753599224707935,0.0,0.0,0.0,0.0,0.0,0.872353102273726,0.10607869772220908,0.09692812247485841,4.553758377627743,236.10553380193878,502.49979633516654,0.0,235.03017387946798,0.872353102273726,14.537764449391643,0.0,0.0,-893.1808507752796,0.0,0.0,0.0,0.0
film_only_hypothesis,stationary,536.6100590343698,536.6100590343698,19762.493333064573,90000.0,0.0,0.0,0.0,0.0,0.0,0.0,0.0,0.0,201.0,0.151892990980737,0.03949217765499162,0.17291148074286525,0.31392214780305083,1.6916459229714609,0.7380187988855261,0.8938886700089731,0.6476519119484424,1.0817414858062053,1.0817414858062053,1.0817414858062053,0.0,0.0,0.0,0.0,0.0,0.8781073824919551,0.10606661637069968,0.09756748694355054,4.554081232726907,237.5066669354262,501.9694397596768,0.0,236.42492544962,0.8781073824919551,14.633659529228431,0.0,0.0,-893.0849556954429,0.0,0.0,0.0,0.0
film_only_hypothesis,stationary,539.7942187447699,539.7942187447699,19761.084005850007,90000.0,0.0,0.0,0.0,0.0,0.0,0.0,0.0,0.0,202.0,0.1527943001046162,0.03972651802720021,0.17677881556588312,0.31378488537450233,1.7071152622635326,0.7366896310824546,0.8934849569838305,0.6465439943636857,1.0881603696832065,1.0881603696832065,1.0881603696832065,0.0,0.0,0.0,0.0,0.0,0.883895314236228,0.10605446497628657,0.09821059047069199,4.554406022126959,238.91599414999257,501.4359815625949,0.0,237.82783378030936,0.883895314236228,14.73011541174674,0.0,0.0,-892.9884998129246,0.0,0.0,0.0,0.0
film_only_hypothesis,stationary,542.996706672167,542.996706672167,19759.66656646226,90000.0,0.0,0.0,0.0,0.0,0.0,0.0,0.0,0.0,203.0,0.15370079721864233,0.039962207276847,0.18065017169234604,0.31364738252603674,1.7226006867693842,0.7353552270323661,0.8930805368412846,0.6454357167719563,1.0946162010462879,1.0946162010462879,1.0946162010462879,0.0,0.0,0.0,0.0,0.0,0.8897165611113538,0.10604224425589479,0.09885739567903928,4.55473272776553,240.33343353774043,500.8994527476785,0.0,239.23881733669415,0.8897165611113538,14.82712649092071,0.0,0.0,-892.8914887337506,0.0,0.0,0.0,0.0
film_only_hypothesis,stationary,546.2173344773205,546.2173344773205,19758.24109826135,90000.0,0.0,0.0,0.0,0.0,0.0,0.0,0.0,0.0,204.0,0.1546124290114581,0.04019923154297911,0.18452509576070825,0.3135096519820084,1.738100383042833,0.7340157021489659,0.8926754470059072,0.6443271878452622,1.1011086002261408,1.1011086002261408,1.1011086002261408,0.0,0.0,0.0,0.0,0.0,0.8955707807585273,0.10602995493888831,0.09950786452872522,4.555061331239634,241.75890173864977,500.359884868342,0.0,240.65779313842364,0.8955707807585273,14.924687061340856,0.0,0.0,-892.7939281633304,0.0,0.0,0.0,0.0
film_only_hypothesis,stationary,549.455910632282,549.455910632282,19756.807686018645,90000.0,0.0,0.0,0.0,0.0,0.0,0.0,0.0,0.0,205.0,0.1555291412691098,0.04043757672996855,0.18840313566645658,0.31337170639737094,1.7536125426658264,0.732671172689295,0.8922697246981499,0.643218515108821,1.1076371811254044,1.1076371811254044,1.1076371811254044,0.0,0.0,0.0,0.0,0.0,0.9014576250228217,0.10601759776671374,0.10016195833586905,4.555391813814666,243.19231398136023,499.8173100122207,0.0,242.08467680023483,0.9014576250228217,15.022791321005322,0.0,0.0,-892.695823903666,0.0,3.637978807091713e-12,0.0,0.0
film_only_hypothesis,stationary,552.712240513944,552.712240513944,19755.36641587543,90000.0,0.0,0.0,0.0,0.0,0.0,0.0,0.0,0.0,206.0,0.156450878901527,0.04067722851439702,0.19228384079350744,0.31323355835139466,1.7691353631740299,0.7313217556957649,0.8918634069158667,0.6421098048940916,1.1142015514072494,1.1142015514072494,1.1142015514072494,0.0,0.0,0.0,0.0,0.0,0.9073767401232407,0.10600517349253769,0.10081963779147116,4.555724156433562,244.63358412457654,499.2717607854963,0.0,243.51938257316928,0.9073767401232407,15.121433374153805,0.0,0.0,-892.5971818505175,0.0,7.275957614183426e-12,0.0,-2.220446049250313e-16
film_only_hypothesis,stationary,555.9861264988854,555.9861264988854,19753.91737530096,90000.0,0.0,0.0,0.0,0.0,0.0,0.0,0.0,0.0,207.0,0.15737758596936974,0.04091817235203613,0.1961667622420444,0.3130952203415443,1.7846670489681777,0.7299675689381157,0.8914565304163068,0.6410011622936757,1.120801312686573,1.120801312686573,1.120801312686573,0.0,0.0,0.0,0.0,0.0,0.9133277668251234,0.10599268288088029,0.10148086298056924,4.556058339726087,246.08262469904744,498.72327029700915,0.0,244.96182338636086,0.9133277668251234,15.220607234140681,0.0,0.0,-892.4980079905306,0.0,7.275957614183426e-12,0.0,0.0
film_only_hypothesis,stationary,559.2773680594071,559.2773680594071,19752.460653049933,90000.0,0.0,0.0,0.0,0.0,0.0,0.0,0.0,0.0,208.0,0.15830920571121235,0.04116039348491521,0.20005145305256922,0.3129567047775212,1.8002058122102769,0.7286087308553632,0.8910491316985918,0.6398926911180991,1.1274360607235974,1.1274360607235974,1.1274360607235974,0.0,0.0,0.0,0.0,0.0,0.9193103406147188,0.10598012670724324,0.1021455934016354,4.556394344018263,247.5393469500718,498.1718721421672,0.0,246.4119108893482,0.9193103406147188,15.32030682634429,0.0,0.0,-892.398308398327,0.0,3.637978807091713e-12,0.0,0.0
film_only_hypothesis,stationary,562.5857618606515,562.5857618606515,19750.996339119523,90000.0,0.0,0.0,0.0,0.0,0.0,0.0,0.0,0.0,209.0,0.15924568057103408,0.041403876948468865,0.2039374684259464,0.3128180239754762,1.8157498737037856,0.7272453604977941,0.8906412469866948,0.6387844938545125,1.13410538561965,1.13410538561965,1.13410538561965,0.0,0.0,0.0,0.0,0.0,0.9253240918757235,0.10596750575773514,0.10281378798619148,4.556732149341895,249.00366088048406,497.6176003866757,0.0,247.86955549486441,0.9253240918757235,15.420525991108931,0.0,0.0,-892.2980892335623,0.0,7.275957614183426e-12,0.0,-2.220446049250313e-16
film_only_hypothesis,stationary,565.9111018586954,565.9111018586954,19749.524524705936,90000.0,0.0,0.0,0.0,0.0,0.0,0.0,0.0,0.0,210.0,0.1601869522259853,0.04164860757875618,0.20782436593922896,0.3126791901523972,1.8312974637569157,0.7258775774690749,0.890232912212933,0.6376766716273204,1.1408088720149068,1.1408088720149068,1.1408088720149068,0.0,0.0,0.0,0.0,0.0,0.9313686460675941,0.10595482082869107,0.10348540511862155,4.557071735444227,250.4754752940709,497.0604895501034,0.0,249.334666422056,0.9313686460675941,15.521258486716455,0.0,0.0,-892.1973567379548,0.0,7.275957614183426e-12,0.0,0.0
film_only_hypothesis,stationary,569.2531793995117,569.2531793995117,19748.045302160634,90000.0,0.0,0.0,0.0,0.0,0.0,0.0,0.0,0.0,211.0,0.16113296161439977,0.04189457001974394,0.2117117057570714,0.31254021542067556,1.8468468230282857,0.7245055018685296,0.889824163001987,0.6365693241607544,1.1475460992878876,1.1475460992878876,1.1475460992878876,0.0,0.0,0.0,0.0,0.0,0.9374436239054362,0.1059420727262919,0.10416040265615956,4.557413081797676,251.9546978393721,496.5005745893028,0.0,250.8071517400842,0.9374436239054362,15.622497992384094,0.0,0.0,-892.0961172322872,0.0,7.275957614183426e-12,0.0,0.0
film_only_hypothesis,stationary,572.6117833186901,572.6117833186901,19746.55876494619,90000.0,0.0,0.0,0.0,0.0,0.0,0.0,0.0,0.0,212.0,0.16208364896402128,0.04214174873064553,0.21559905083853131,0.31240111178285596,1.8623962033541253,0.7231292542336513,0.8894150346554588,0.6354625497434049,1.1543166417564807,1.1543166417564807,1.1543166417564807,0.0,0.0,0.0,0.0,0.0,0.943548641541273,0.10592926226617741,0.10483873794903031,4.557756167609656,253.44123505381745,495.93789088170325,0.0,252.28691841206097,0.943548641541273,15.724238111285315,0.0,0.0,-891.994377113386,0.0,7.275957614183426e-12,0.0,0.0
film_only_hypothesis,stationary,575.9867000418125,575.9867000418125,19745.065007591853,90000.0,0.0,0.0,0.0,0.0,0.0,0.0,0.0,0.0,213.0,0.16303895382041633,0.04239012799330825,0.21948596713909205,0.3122618911265723,1.8779438685563683,0.7217489554828999,0.8890055621369775,0.6343564451947187,1.1611200688802887,1.1611200688802887,1.1611200688802887,0.0,0.0,0.0,0.0,0.0,0.9496833107465055,0.10591639027306048,0.1055203678607228,4.558100971832484,254.93499240815373,495.37247420849485,0.0,253.77387233927345,0.9496833107465055,15.826472373590512,0.0,0.0,-891.8921428510807,0.0,7.275957614183426e-12,0.0,0.0
film_only_hypothesis,stationary,579.3777136853756,579.3777136853756,19743.564125648893,90000.0,0.0,0.0,0.0,0.0,0.0,0.0,0.0,0.0,214.0,0.16399881507554107,0.042639691919640677,0.2233720238077276,0.31212256521967335,1.8934880952309103,0.7203647268588469,0.8885957800578629,0.6332511058334643,1.1679559454640749,1.1679559454640749,1.1679559454640749,0.0,0.0,0.0,0.0,0.0,0.9558472390953648,0.10590345758033615,0.10620524878837385,4.55844747317334,256.43587435111345,494.80436073772063,0.0,255.26791840564937,0.9558472390953648,15.929194239524254,0.0,0.0,-891.789420985147,0.0,7.275957614183426e-12,0.0,0.0
film_only_hypothesis,stationary,582.784606158157,582.784606158157,19742.056215645727,90000.0,0.0,0.0,0.0,0.0,0.0,0.0,0.0,0.0,215.0,0.16496317099643404,0.04289042445907285,0.22725679337886087,0.3119831457055407,1.9090271735154434,0.7189766898717196,0.888185722663355,0.6321466254481707,1.1748238318621054,1.1748238318621054,1.1748238318621054,0.0,0.0,0.0,0.0,0.0,0.9620400301491725,0.10589046502969145,0.10689333668324137,4.558795650104285,257.94378435427996,494.233587007293,0.0,256.76896052241784,0.9620400301491725,16.032397102435958,0.0,0.0,-891.6862181222353,0.0,7.275957614183426e-12,0.0,0.0
film_only_hypothesis,stationary,586.2071572629193,586.2071572629193,19740.541375042907,90000.0,0.0,0.0,0.0,0.0,0.0,0.0,0.0,0.0,216.0,0.16593195925400464,0.04314230940604121,0.23113985195906275,0.311843644098601,1.924559407836251,0.7175849662434001,0.8877754238194148,0.6310430962695245,1.1817232841831737,1.1817232841831737,1.1817232841831737,0.0,0.0,0.0,0.0,0.0,0.9682612836412143,0.1058774134707134,0.107584587071246,4.559145480872324,259.4586249571025,493.66018990795675,0.0,258.2769016729193,0.9682612836412143,16.136074291880835,0.0,0.0,-891.5825409327905,0.0,1.0913936421275139e-11,0.0,0.0
film_only_hypothesis,stationary,589.6451447983526,589.6451447983526,19739.019702187994,90000.0,0.0,0.0,0.0,0.0,0.0,0.0,0.0,0.0,217.0,0.16690511695188898,0.043395330407491134,0.2350207794083627,0.31170407178003484,1.9400831176334508,0.7161896778519301,0.8873649170001026,0.6299406089447355,1.188653854496103,1.188653854496103,1.188653854496103,0.0,0.0,0.0,0.0,0.0,0.9745105956620475,0.10586430376049466,0.10827895507356079,4.559496943509502,260.9802978120163,493.0842066662079,0.0,259.7916439575202,0.9745105956620475,16.24021907670802,0.0,0.0,-891.4783961479633,0.0,1.0913936421275139e-11,0.0,0.0
film_only_hypothesis,stationary,593.0983446611502,593.0983446611502,19737.491296270386,90000.0,0.0,0.0,0.0,0.0,0.0,0.0,0.0,0.0,218.0,0.16788258065534334,0.04364947097038927,0.23889915951604046,0.3115644399936836,1.9555966380641618,0.7147909466765727,0.8869542352755401,0.6288392525138501,1.1956150910355194,1.1956150910355194,1.1956150910355194,0.0,0.0,0.0,0.0,0.0,0.9807875588450501,0.10585113676324158,0.10897639542722777,4.559850015843021,262.50870372962214,492.5056748271942,0.0,261.31308863858663,0.9807875588450501,16.344824668152757,0.0,0.0,-891.3737905565185,0.0,7.275957614183426e-12,0.0,0.0
film_only_hypothesis,stationary,596.5665309481224,596.5665309481224,19735.956257276124,90000.0,0.0,0.0,0.0,0.0,0.0,0.0,0.0,0.0,219.0,0.16886428642014867,0.04390471446923865,0.24277458017079223,0.3114247598421553,1.971098320683169,0.7133888947434792,0.8865434113004568,0.6277391143879965,1.2026065384077007,1.2026065384077007,1.2026065384077007,0.0,0.0,0.0,0.0,0.0,0.9870917625520386,0.10583791334988028,0.10967686250578203,4.560204675505368,264.04374272388213,491.92463223760626,0.0,262.84113618547445,0.9870917625520386,16.44988422292972,0.0,0.0,-891.2687310017416,0.0,7.275957614183426e-12,0.0,-2.220446049250313e-16
film_only_hypothesis,stationary,600.0494760582463,600.0494760582463,19734.41468594272,90000.0,0.0,0.0,0.0,0.0,0.0,0.0,0.0,0.0,220.0,0.1698501698214969,0.04416104415358919,0.24664663352516517,0.31128504228313025,1.9865865341006606,0.7119836440720088,0.8861324773033243,0.6266402803295598,1.2096277377962976,1.2096277377962976,1.2096277377962976,0.0,0.0,0.0,0.0,0.0,0.9934227930587708,0.10582463439766339,0.1103803103398634,4.560560899944455,265.5853140572879,491.34111702858155,0.0,264.3756863194916,0.9934227930587708,16.555390846324414,0.0,0.0,-891.1632243783469,0.0,7.275957614183426e-12,0.0,0.0
film_only_hypothesis,stationary,603.546950794559,603.546950794559,19732.86668371405,90000.0,0.0,0.0,0.0,0.0,0.0,0.0,0.0,0.0,221.0,0.1708401659828325,0.044418443155536454,0.250514916154169,0.3111452981258675,2.002059664616676,0.7105753166217453,0.885721465076081,0.6255428344342535,1.2166782271677357,1.2166782271677357,1.2166782271677357,0.0,0.0,0.0,0.0,0.0,0.9997802337401622,0.10581130078977762,0.11108669263779578,4.560918666433746,267.1333162859589,490.75516759863353,0.0,265.9166380587912,0.9997802337401622,16.661337595279804,0.0,0.0,-891.0572776293915,0.0,1.0913936421275139e-11,0.0,0.0
film_only_hypothesis,stationary,607.0587244657984,607.0587244657984,19731.312352695382,90000.0,0.0,0.0,0.0,0.0,0.0,0.0,0.0,0.0,222.0,0.17183420960462337,0.04467689449720208,0.25437902920799066,0.3110055380279109,2.0175161168319624,0.7091640342402555,0.885310405964444,0.6244468591150717,1.2237575414761135,1.2237575414761135,1.2237575414761135,0.0,0.0,0.0,0.0,0.0,1.0061636652550445,0.10579791341495287,0.11179596280611603,4.561277952082372,268.68764730462925,490.1668225966224,0.0,267.46388976315313,1.0061636652550445,16.767717481475316,0.0,0.0,-890.950897743196,0.0,1.0913936421275139e-11,0.0,0.0
film_only_hypothesis,stationary,610.5845649876993,610.5845649876993,19729.75179560853,90000.0,0.0,0.0,0.0,0.0,0.0,0.0,0.0,0.0,223.0,0.1728322349930336,0.04493638109818874,0.2582385785587354,0.3108657724919962,2.0329543142349413,0.7077499186116287,0.8848993308588124,0.6233524350881025,1.2308652128674031,1.2308652128674031,1.2308652128674031,0.0,0.0,0.0,0.0,0.0,1.0125726657302971,0.10578447316707305,0.112508073970033,4.5616387338452125,270.24820439148203,489.57612090478574,0.0,269.01733917861463,1.0125726657302971,16.8745234743954,0.0,0.0,-890.8440917502759,0.0,1.0913936421275139e-11,0.0,0.0
film_only_hypothesis,stationary,614.1242389838576,614.1242389838576,19728.185115747223,90000.0,0.0,0.0,0.0,0.0,0.0,0.0,0.0,0.0,224.0,0.17383417608847399,0.04519688578300324,0.262093174941142,0.31072601186315646,2.0483726997645677,0.7063330912058396,0.8844882701857544,0.6222596413601615,1.2380007708827787,1.2380007708827787,1.2380007708827787,0.0,0.0,0.0,0.0,0.0,1.0190068109441928,0.10577098094478693,0.11322297899379916,4.562000988532957,271.81488425279207,488.9831016218393,0.0,270.5768834819093,1.0190068109441928,16.98174850438497,0.0,0.0,-890.7368667202863,0.0,1.4551915228366852e-11,0.0,0.0
film_only_hypothesis,stationary,617.6775118860714,617.6775118860714,19726.612416932676,90000.0,0.0,0.0,0.0,0.0,0.0,0.0,0.0,0.0,225.0,0.17483996649400474,0.04545839128844124,0.2659424340872209,0.3105862663260274,2.063769736348884,0.7049136732289693,0.8840772539000807,0.6211685552182339,1.2451637426608937,1.2451637426608937,1.2451637426608937,0.0,0.0,0.0,0.0,0.0,1.0254656745087938,0.10575743765112264,0.11394063050097707,4.562364692822117,273.387583067338,488.38780404616693,0.0,272.1424193246771,1.0254656745087938,17.08938546568905,0.0,0.0,-890.6292297589822,0.0,1.4551915228366852e-11,0.0,2.220446049250313e-16
film_only_hypothesis,stationary,621.2441480340786,621.2441480340786,19725.03380346947,90000.0,0.0,0.0,0.0,0.0,0.0,0.0,0.0,0.0,226.0,0.17584953950356721,0.04572088027092748,0.26978597685478223,0.3104465459023489,2.079143907419129,0.7034917855743215,0.8836663114774967,0.6200792522206781,1.2523536531389383,1.2523536531389383,1.2465476163953257,0.005806036743612657,0.0,0.0,0.0,0.0,1.0319488280512499,0.1057438441931052,0.11466098089458329,4.56272982326498,274.9661965305462,487.79026765911055,0.0,273.7138428774073,1.0319488280512499,17.19742721947408,0.0,0.0,-890.5211880051972,0.0,1.4551915228366852e-11,0.0,0.0
film_only_hypothesis,stationary,624.8239107746035,624.8239107746035,19723.449380101683,90000.0,0.0,0.0,0.0,0.0,0.0,0.0,0.0,0.0,227.0,0.17686282813002008,0.04598433531380522,0.2736234293498214,0.3103068604486625,2.0944937173992857,0.702067548774468,0.8832554719078309,0.6189918061901657,1.2595700252523077,1.2595700252523077,1.2463867596865008,0.013183265565806939,0.0,0.0,0.0,0.0,1.0384558413938396,0.10573020148137471,0.11538398237709326,4.5630963562995195,276.5506198983296,487.1905321083767,0.0,275.2910498730773,1.0384558413938396,17.305866596828338,0.0,0.0,-890.4127486278429,0.0,1.4551915228366852e-11,0.0,0.0
film_only_hypothesis,stationary,628.4165625596373,628.4165625596373,19721.859251969425,90000.0,0.0,0.0,0.0,0.0,0.0,0.0,0.0,0.0,228.0,0.17787976513295858,0.04624873893456923,0.2774544230427516,0.31016721965420363,2.1098176921710063,0.7006410829542535,0.8828447636888342,0.6179062892083192,1.2668123801327216,1.2668123801327216,1.2462253330246824,0.020587047108039082,0.0,0.0,0.0,0.0,1.044986282732621,0.10571651042980935,0.11610958697029121,4.563464268259221,278.1407480305873,486.5886371915711,0.0,276.8739356504546,1.044986282732621,17.41469640173913,0.0,0.0,-890.3039188229321,0.0,1.0913936421275139e-11,0.0,-2.220446049250313e-16
film_only_hypothesis,stationary,632.0218650438724,632.0218650438724,19720.263524565686,90000.0,0.0,0.0,0.0,0.0,0.0,0.0,0.0,0.0,229.0,0.17890028304629438,0.04651407359203654,0.2812785948784712,0.31002763303898434,2.1251143795138847,0.6992125077847899,0.8824342148205422,0.6168227716120097,1.2740802373046414,1.2740802373046414,1.2460633472189409,0.02801689008570041,0.0,0.0,0.0,0.0,1.0515397188145408,0.10570277195515154,0.11683774653494895,4.563833535382846,279.7364754343291,485.9846228398748,0.0,278.4623951970245,1.0515397188145408,17.523909414044322,0.0,0.0,-890.1947058106269,0.0,1.4551915228366852e-11,0.0,0.0
film_only_hypothesis,stationary,635.6395791812166,635.6395791812166,19718.66230369362,90000.0,0.0,0.0,0.0,0.0,0.0,0.0,0.0,0.0,230.0,0.1799243142055748,0.04678032169344945,0.2850955873802715,0.30988810995206656,2.140382349521086,0.6977819424384687,0.8820238528001958,0.6157413219912746,1.2813731148798309,1.2813731148798309,1.2459008131077405,0.035472301772090445,0.0,0.0,0.0,0.0,1.058115715112875,0.10568898697663653,0.11756841279031942,4.564204133824106,281.33769630639404,485.37852910187485,0.0,280.0563231915142,1.058115715112875,17.633498392356064,0.0,0.0,-890.0851168323152,0.0,1.4551915228366852e-11,0.0,-2.220446049250313e-16
film_only_hypothesis,stationary,639.2694653203171,639.2694653203171,19717.055695424286,90000.0,0.0,0.0,0.0,0.0,0.0,0.0,0.0,0.0,231.0,0.180951790775022,0.04704746560150572,0.2889050487475975,0.30974865957002123,2.15562019499039,0.6963495055450146,0.8816137046177096,0.6146620071888169,1.2886905297499207,1.2886905297499207,1.2457377415546202,0.04295278819530047,0.0,0.0,0.0,0.0,1.0647138360008643,0.10567515641562701,0.11830153733342934,4.564576039661246,282.94430457572884,484.7703961275607,0.0,281.6556140459789,1.0647138360008643,17.743456076954402,0.0,0.0,-889.9751591477169,0.0,1.4551915228366852e-11,0.0,0.0
film_only_hypothesis,stationary,642.9112832990222,642.9112832990222,19715.443806054816,90000.0,0.0,0.0,0.0,0.0,0.0,0.0,0.0,0.0,232.0,0.18198264477427123,0.04731548764131052,0.29270663294767874,0.3096092908955722,2.170826531790715,0.6949153151486067,0.881203796751683,0.61358489230104,1.2960319977768329,1.2960319977768329,1.2455741434439243,0.050457854332908655,0.0,0.0,0.0,0.0,1.071333644923425,0.10566128119524942,0.1190370716581583,4.564949228906532,284.55619394519806,484.1602641524983,0.0,283.26016194742124,1.071333644923425,17.853775192648875,0.0,0.0,-889.8648400320224,0.0,1.4551915228366852e-11,0.0,2.220446049250313e-16
film_only_hypothesis,stationary,646.5647925377192,646.5647925377192,19713.826742067118,90000.0,0.0,0.0,0.0,0.0,0.0,0.0,0.0,0.0,233.0,0.1830168081047911,0.047584370107245685,0.29649999980106456,0.30947001275642033,2.1859999992042582,0.6934794886660863,0.8807941551659422,0.6125100406805758,1.3033970339809373,1.3033970339809373,1.245410029676575,0.05798700430436214,0.0,0.0,0.0,0.0,1.07797470456681,0.10564736224003739,0.11977496717408997,4.5653236775156385,286.1732579328956,483.54817348219314,0.0,284.8698608989146,1.07797470456681,17.964448451605886,0.0,0.0,-889.7541667730654,0.0,1.4551915228366852e-11,0.0,0.0
film_only_hypothesis,stationary,650.2297521314815,650.2297521314815,19712.204610087083,90000.0,0.0,0.0,0.0,0.0,0.0,0.0,0.0,0.0,234.0,0.18405421257596677,0.04785409526975136,0.3002848150610995,0.30933083380424536,2.201139260244398,0.6920421428462725,0.880384805306604,0.6114375139402646,1.3107851527268108,1.3107851527268108,1.245245411165915,0.06553974156089583,0.0,0.0,0.0,0.0,1.0846365770261104,0.10563340047557714,0.12051517522512334,4.565699361396919,287.7953899129294,482.9341644766521,0.0,286.4846047602026,1.0846365770261104,18.07546855614013,0.0,0.0,-889.6431466685311,0.0,1.0913936421275139e-11,0.0,0.0
film_only_hypothesis,stationary,653.9059209409673,653.9059209409673,19710.577516844358,90000.0,0.0,0.0,0.0,0.0,0.0,0.0,0.0,0.0,235.0,0.18509478993082984,0.04812464538201576,0.30406075048738507,0.3091917625138817,2.2162430019495405,0.6906033937304014,0.879975772099652,0.6103673719585315,1.3181958679064771,1.3181958679064771,1.2450802988335923,0.07311556907288484,0.0,0.0,0.0,0.0,1.0913188239704859,0.10561939682815964,0.12125764710783173,4.566076256420563,289.42248315565416,482.31827753515495,0.0,288.1042872877477,1.0913188239704859,18.186828201468145,0.0,0.0,-889.5317870232032,0.0,1.0913936421275139e-11,0.0,0.0
film_only_hypothesis,stationary,657.5930576820123,657.5930576820123,19708.945569132688,90000.0,0.0,0.0,0.0,0.0,0.0,0.0,0.0,0.0,236.0,0.1861384718714183,0.04839600268656876,0.30782748391328263,0.3090528071826647,2.2313099356531305,0.6891633566137068,0.8795670799490138,0.6092996728861252,1.3256286931200147,1.3256286931200147,1.2449147036055195,0.08071398951449525,0.0,0.0,0.0,0.0,1.098021006806019,0.1056053522244382,0.12200233408955763,4.566454338427631,291.05443086732504,481.7005530812439,0.0,289.72880217420504,1.098021006806019,18.298520078422307,0.0,0.0,-889.420095146249,0.0,1.0913936421275139e-11,0.0,0.0
film_only_hypothesis,stationary,661.2909210138611,661.2909210138611,19707.30887377086,90000.0,0.0,0.0,0.0,0.0,0.0,0.0,0.0,0.0,237.0,0.1871851900837516,0.048668149421775414,0.3115846993075186,0.3089139759299432,2.2463387972300746,0.687722146008154,0.8791587527351271,0.6082344731541607,1.3330831418534221,1.3330831418534221,1.2447486364078852,0.0883345054455369,0.0,0.0,0.0,0.0,1.1047426868360997,0.10559126759108924,0.12274918742623325,4.566833583238964,292.69112622915,481.0810315479428,0.0,291.35804308729655,1.1047426868360997,18.4105368761236,0.0,0.0,-889.3080783485477,0.0,1.0913936421275139e-11,0.0,0.0
film_only_hypothesis,stationary,664.9992696259886,664.9992696259886,19705.66753756429,90000.0,0.0,0.0,0.0,0.0,0.0,0.0,0.0,0.0,238.0,0.188234876262406,0.04894106782822556,0.3153320868299605,0.3087752766967549,2.261328347319842,0.6862798756063396,0.8787508138139851,0.6071718274834251,1.340558727653638,1.340558727653638,1.244582108163239,0.09597661949039867,0.0,0.0,0.0,0.0,1.1114834254192416,0.10557714385448047,0.1234981583799157,4.567213966663948,294.3324624357167,480.4597533632099,0.0,292.9919037080631,1.1114834254192416,18.52287128461166,0.0,0.0,-889.1957439400596,0.0,7.275957614183426e-12,0.0,2.220446049250313e-16
film_only_hypothesis,stationary,668.7178623234612,668.7178623234612,19704.021667267236,90000.0,0.0,0.0,0.0,0.0,0.0,0.0,0.0,0.0,239.0,0.1892874621346773,0.0492147401550161,0.3190693428816398,0.3086367172456597,2.276277371526559,0.6848366582465664,0.8783432860166462,0.6061117888948913,1.3480549643006188,1.3480549643006188,1.2444151297866393,0.10363983451397965,0.0,0.0,0.0,0.0,1.1182427841242466,0.10556298194034484,0.12424919823602737,4.567595464509158,295.97833273277456,479.83675893563884,0.0,294.63027776847395,1.1182427841242466,18.63551599743057,0.0,0.0,-889.0830992272407,0.0,1.0913936421275139e-11,0.0,0.0
film_only_hypothesis,stationary,672.4464581107932,672.4464581107932,19702.37136954566,90000.0,0.0,0.0,0.0,0.0,0.0,0.0,0.0,0.0,240.0,0.19034287948431694,0.049489148665922404,0.32279617014910156,0.3084983051607272,2.2911846805964062,0.6833926058791029,0.8779361916491977,0.6050544087213958,1.3555713659763857,1.3555713659763857,1.244247712181867,0.11132365379451878,0.0,0.0,0.0,0.0,1.125020324882634,0.10554878277345912,0.12500225832029263,4.567978052586845,297.62863045434966,479.2120886404082,0.0,296.27305908837326,1.125020324882634,18.748463714169095,0.0,0.0,-888.9701515105022,0.0,1.0913936421275139e-11,0.0,0.0
film_only_hypothesis,stationary,676.1848162742577,676.1848162742577,19700.716750940832,90000.0,0.0,0.0,0.0,0.0,0.0,0.0,0.0,0.0,241.0,0.19140106017483122,0.049764275645456116,0.32651227764317187,0.3083600478476741,2.3060491105726877,0.6819478295336318,0.8775295524931592,0.6039997366204322,1.3631074474309506,1.3631074474309506,1.244079866237719,0.11902758119323158,0.0,0.0,0.0,0.0,1.13181561013826,0.10553454727732836,0.1257572900153622,4.568361706723281,299.2832490591761,478.5857828054923,0.0,297.9201416117452,1.13181561013826,18.8617071429541,0.0,0.0,-888.8569080817172,0.0,7.275957614183426e-12,0.0,0.0
film_only_hypothesis,stationary,679.9326964626106,679.9326964626106,19699.057917833583,90000.0,0.0,0.0,0.0,0.0,0.0,0.0,0.0,0.0,242.0,0.19246193617233073,0.05004010340480599,0.33021738073223206,0.3082219525341465,2.3208695229289282,0.6805024392878941,0.8771233898063133,0.6029478205880019,1.3706627241450473,1.3706627241450473,1.2439116028243706,0.12675112132067656,0.0,0.0,0.0,0.0,1.138628202994051,0.10552027637387948,0.12651424477711676,4.56874640276695,300.94208216642505,477.9578816981364,0.0,299.57141944228,1.138628202994051,18.97523900289586,0.0,0.0,-888.7433762217754,0.0,7.275957614183426e-12,0.0,0.0
film_only_hypothesis,stationary,683.6898587661927,683.6898587661927,19697.394976409294,90000.0,0.0,0.0,0.0,0.0,0.0,0.0,0.0,0.0,243.0,0.1935254395679214,0.050316614287659565,0.3339112011701035,0.30808402627014303,2.335644804680414,0.6790565442375305,0.8767177243239501,0.6018987069734851,1.3782367124895925,1.3782367124895925,1.2437429327898077,0.13449377969978474,0.0,0.0,0.0,0.0,1.145457667355792,0.10550597098315696,0.1272730741506435,4.569132116596588,302.6050235907155,477.3284255116058,0.0,301.22678687822594,1.145457667355792,19.08905202648427,0.0,0.0,-888.629563198187,0.0,1.0913936421275139e-11,0.0,0.0
film_only_hypothesis,stationary,687.4560637943778,687.4560637943778,19695.728032623618,90000.0,0.0,0.0,0.0,0.0,0.0,0.0,0.0,0.0,244.0,0.19459150259962665,0.05059379067590293,0.3375934671186431,0.30794627592857354,2.3503738684745725,0.6776102524671205,0.8763125762605105,0.6008524404954722,1.38582892988181,1.38582892988181,1.2435738669563436,0.14225506292546644,0.0,0.0,0.0,0.0,1.1523035680729037,0.10549163202302826,0.12803372978587815,4.569518824129058,304.27196737639355,476.69745435220887,0.0,302.8861384465117,1.1523035680729037,19.20313896193494,0.0,0.0,-888.5154762627363,0.0,1.0913936421275139e-11,0.0,-2.220446049250313e-16
film_only_hypothesis,stationary,691.2310727513325,691.2310727513325,19694.057192168948,90000.0,0.0,0.0,0.0,0.0,0.0,0.0,0.0,0.0,245.0,0.19566005767383224,0.050871614995196386,0.34126391316515875,0.30780870820594963,2.3650556526606348,0.6761636710224221,0.8759079653116166,0.5998090642585115,1.393438894937956,1.393438894937956,1.2434044161172053,0.15003447882075063,0.0,0.0,0.0,0.0,1.1591654710761554,0.10547726040889424,0.12879616345290615,4.569906501327069,305.942807831064,476.06500822660547,0.0,304.54936893612603,1.1591654710761554,19.317492575484128,0.0,0.0,-888.4011226491872,0.0,1.0913936421275139e-11,0.0,0.0
film_only_hypothesis,stationary,695.0146475100653,695.0146475100653,19692.382560441645,90000.0,0.0,0.0,0.0,0.0,0.0,0.0,0.0,0.0,246.0,0.19673103738624634,0.051150069720424046,0.3449222803347585,0.3076713296232012,2.379689121339034,0.6747169058838067,0.8755039106564741,0.598768619770726,1.4010661276225902,1.4010661276225902,1.2432345910332057,0.1578315365893846,0.0,0.0,0.0,0.0,1.1660429435122657,0.10546285705340626,0.12956032705691836,4.570295124206726,307.61743955836465,475.4311270294011,0.0,306.21637343074207,1.1660429435122657,19.432105653631908,0.0,0.0,-888.2865095710393,0.0,1.0913936421275139e-11,0.0,0.0
film_only_hypothesis,stationary,698.8065506847355,698.8065506847355,19690.704242510037,90000.0,0.0,0.0,0.0,0.0,0.0,0.0,0.0,0.0,247.0,0.1978043745423676,0.05142913738101558,0.34856831609774963,0.3075341465266146,2.3942732643909985,0.6732700619408867,0.8751004309606312,0.5977311469622413,1.4087101493943446,1.4087101493943446,1.2430644024294877,0.16564574696485673,0.0,0.0,0.0,0.0,1.1729355538753379,0.1054484228661912,0.1303261726528153,4.570684668844907,309.2957574899711,474.7958505310328,0.0,307.88704734057677,1.1729355538753379,19.546971005332505,0.0,0.0,-888.1716442193388,0.0,7.275957614183426e-12,0.0,2.220446049250313e-16
film_only_hypothesis,stationary,702.6065457012033,702.6065457012033,19689.022343083187,90000.0,0.0,0.0,0.0,0.0,0.0,0.0,0.0,0.0,248.0,0.19888000217745488,0.051708800566138274,0.35220177437220596,0.3073971650888879,2.4088070974888236,0.6718232429683331,0.8746975443790822,0.5966966842043897,1.4163704833481416,1.4163704833481416,1.242893860992358,0.17347662235578362,0.0,0.0,0.0,0.0,1.179842872135104,0.10543395875358176,0.13109365245945595,4.571075111386486,310.9776569168223,474.1592183659488,0.0,309.56128643347415,1.179842872135104,19.662081464131507,0.0,0.0,-888.0565337605398,0.0,7.275957614183426e-12,0.0,0.0
film_only_hypothesis,stationary,706.4143968657985,706.4143968657985,19687.33696648045,90000.0,0.0,0.0,0.0,0.0,0.0,0.0,0.0,0.0,249.0,0.19995785357599305,0.051989041929758194,0.35582241552182947,0.3072603913102979,2.423289662087318,0.6703765516028746,0.8742952685596999,0.5956652683296311,1.4240466543538257,1.4240466543538257,1.2427229773661916,0.1813236769876342,0.0,0.0,0.0,0.0,1.1867644698619242,0.10541946561835441,0.13186271887354709,4.571466428051367,312.66303351955804,473.52127002108836,0.0,311.2389868652042,1.1867644698619242,19.777429890248964,0.0,0.0,-887.9411853344224,0.0,7.275957614183426e-12,0.0,0.0
film_only_hypothesis,stationary,710.2298694322947,710.2298694322947,19685.648216601847,90000.0,0.0,0.0,0.0,0.0,0.0,0.0,0.0,0.0,250.0,0.20103786229065065,0.052269844195569175,0.3594300063492315,0.3071238310199742,2.437720025396926,0.668930089321471,0.873893620646983,0.5946369346521503,1.431738189191174,1.431738189191174,1.2425517621504307,0.18918642704074343,0.0,0.0,0.0,0.0,1.1936999203485288,0.10540494435947537,0.13263332448316983,4.571858595141343,314.35178339816224,472.8820448246604,0.0,312.9200452089711,1.1936999203485288,19.89300917260823,0.0,0.0,-887.8256060520631,0.0,7.275957614183426e-12,0.0,0.0
film_only_hypothesis,stationary,714.0527296670712,714.0527296670712,19683.956196899202,90000.0,0.0,0.0,0.0,0.0,0.0,0.0,0.0,0.0,251.0,0.20211996216072473,0.05255119016178843,0.3630243200847601,0.30698748987727564,2.45209728033904,0.6674839564206533,0.8734926172861048,0.5936117169890837,1.4394446166812553,1.4394446166812553,1.2423802258966519,0.1970643907846034,0.0,0.0,0.0,0.0,1.200648798728464,0.10539039587185088,0.13340542208094042,4.572251589046801,316.0438031008037,472.2415819352272,0.0,314.60435848412243,1.200648798728464,20.008812230809852,0.0,0.0,-887.7098029938614,0.0,7.275957614183426e-12,0.0,0.0
film_only_hypothesis,stationary,717.882744912454,717.882744912454,19682.261010348135,90000.0,0.0,0.0,0.0,0.0,0.0,0.0,0.0,0.0,252.0,0.20320408733007,0.0528330627058182,0.3666051363710086,0.30685137337326407,2.466420545484034,0.6660382519970188,0.8730922746272474,0.5925896476823245,1.4471654678141177,1.4471654678141177,1.2422083791057343,0.20495708870838322,0.0,0.0,0.0,0.0,1.2076106820912267,0.10537582104608781,0.13417896467680293,4.572645386253218,317.7389896518714,471.59992033109194,0.0,316.2918241840573,1.2076106820912267,20.12483201705029,0.0,0.0,-887.593783207621,0.0,7.275957614183426e-12,0.0,2.220446049250313e-16
film_only_hypothesis,stationary,721.7196836482246,721.7196836482246,19680.56275942081,90000.0,0.0,0.0,0.0,0.0,0.0,0.0,0.0,0.0,253.0,0.20429017226450974,0.05311544478877253,0.3701722412431351,0.3067154868322704,2.4806889649725403,0.6645930739288717,0.8726926083302071,0.591570757620868,1.454900275872783,1.454900275872783,1.2420362322250944,0.21286404364768857,0.0,0.0,0.0,0.0,1.2145851495940718,0.10536122076825873,0.13495390551045242,4.5730399633475045,319.43724057919883,470.9570987999946,0.0,317.98234030332605,1.2145851495940718,20.241061517985205,0.0,0.0,-887.4775537066861,0.0,7.275957614183426e-12,0.0,-2.220446049250313e-16
film_only_hypothesis,stationary,725.5633155512908,725.5633155512908,19678.861546059532,90000.0,0.0,0.0,0.0,0.0,0.0,0.0,0.0,0.0,254.0,0.20537815176872606,0.05339831945986878,0.3737254271051287,0.306579835413549,2.4949017084205147,0.6631485188589958,0.8722936335692618,0.5905550762636512,1.462648576553536,1.462648576553536,1.2418637956460141,0.22078478090752182,0.0,0.0,0.0,0.0,1.2215717825704746,0.10534659591967523,0.13573019806338604,4.573435297024155,321.13845394047394,470.31315592911443,0.0,319.6758053639204,1.2215717825704746,20.357493756536957,0.0,0.0,-887.3611214681343,0.0,7.275957614183426e-12,0.0,0.0
film_only_hypothesis,stationary,729.4134115535142,729.4134115535142,19677.15747165117,90000.0,0.0,0.0,0.0,0.0,0.0,0.0,0.0,0.0,255.0,0.20646796100262868,0.053681669860683456,0.3772644927021571,0.3064444241130142,2.5090579708086285,0.6617046821785469,0.8718953650382771,0.5895426316628384,1.470409908082498,1.470409908082498,1.2416910797010547,0.2287188283814433,0.0,0.0,0.0,0.0,1.2285701646352463,0.10533194737666884,0.1365077960705829,4.573831364091219,322.84252834883483,469.66813009538197,0.0,321.37211844075233,1.2285701646352463,20.47412179364638,0.0,0.0,-887.2444934310249,0.0,7.275957614183426e-12,0.0,0.0
film_only_hypothesis,stationary,733.2697438976938,733.2697438976938,19675.450637002363,90000.0,0.0,0.0,0.0,0.0,0.0,0.0,0.0,0.0,256.0,0.20755953549720163,0.053965479229272424,0.38078924308913586,0.30630925776505613,2.5231569723565435,0.6602616580120488,0.8714978169560474,0.58853345048752,1.4781838113284829,1.4781838113284829,1.241518094661546,0.23666571666693695,0.0,0.0,0.0,0.0,1.235579881786294,0.10531727601037862,0.1372866535318104,4.574228141476096,324.54936299764773,469.0220594560998,0.0,323.0711791863192,1.235579881786294,20.590938729968588,0.0,0.0,-887.1276764947027,0.0,1.0913936421275139e-11,0.0,-2.220446049250313e-16
film_only_hypothesis,stationary,737.132086191704,737.132086191704,19673.74114231554,90000.0,0.0,0.0,0.0,0.0,0.0,0.0,0.0,0.0,257.0,0.2086528111698275,0.054249730904155156,0.3842994895956514,0.306174341044429,2.5371979583826056,0.6588195392034798,0.87110100307185,0.5875275580477727,1.4859698299121322,1.4859698299121322,1.241344850735168,0.24462497917696427,0.0,0.0,0.0,0.0,1.242600522503029,0.10530258268654456,0.13806672472255874,4.574625606231153,326.258857684469,468.3749819398728,0.0,324.77288785455687,1.242600522503029,20.707937707512976,0.0,0.0,-887.0106775171583,0.0,7.275957614183426e-12,0.0,0.0
film_only_hypothesis,stationary,741.0002134607896,741.0002134607896,19672.029087165818,90000.0,0.0,0.0,0.0,0.0,0.0,0.0,0.0,0.0,258.0,0.2097477243390902,0.054534408328163454,0.3877950497873809,0.3060396784682093,2.5511801991495235,0.6573784173034327,0.8707049366712039,0.5865249783190507,1.4937675103113364,1.4937675103113364,1.2411713580636141,0.2525961522477224,0.0,0.0,0.0,0.0,1.249631677841423,0.10528786826531086,0.13884796420460252,4.575023735539141,327.9709128341912,467.7269352378466,0.0,326.4771453238799,1.249631677841423,20.825111911227314,0.0,0.0,-886.893503313444,0.0,1.0913936421275139e-11,0.0,0.0
film_only_hypothesis,stationary,744.8739021980215,744.8739021980215,19670.314570478633,90000.0,0.0,0.0,0.0,0.0,0.0,0.0,0.0,0.0,259.0,0.21084421173905685,0.05481949505215478,0.391275747424144,0.3059052743978182,2.565102989696576,0.6559383825573314,0.8703096305818183,0.5855257339668619,1.5015764019629474,1.5015764019629474,1.2409976267203355,0.26057877524261197,0.0,0.0,0.0,0.0,1.2566729415257225,0.10527313360103352,0.13963032683619137,4.575422506718461,329.6854295213752,467.07795679525447,0.0,328.1838531194123,1.2566729415257225,20.942454570526163,0.0,0.0,-886.7761606541451,0.0,7.275957614183426e-12,0.0,0.0
film_only_hypothesis,stationary,748.7529304129201,748.7529304129201,19668.59769050824,90000.0,0.0,0.0,0.0,0.0,0.0,0.0,0.0,0.0,260.0,0.21194221053304121,0.05510497473859072,0.39474141241472643,0.3057711330411038,2.5789656496589055,0.6544995238946856,0.8699150971797172,0.5845298463716941,1.5093960573607974,1.5093960573607974,1.2408236667083739,0.26857239065242355,0.0,0.0,0.0,0.0,1.26372391003683,0.10525837954209731,0.14041376778186998,4.57582189722822,331.4023094917711,466.4280838032713,0.0,329.89291343441033,1.26372391003683,21.059958960763772,0.0,0.0,-886.6586562639075,0.0,1.0913936421275139e-11,0.0,0.0
film_only_hypothesis,stationary,752.6370776782541,752.6370776782541,19666.878544816977,90000.0,0.0,0.0,0.0,0.0,0.0,0.0,0.0,0.0,261.0,0.21304165832685054,0.05539083116498114,0.39819188076861245,0.3056372584544791,2.59276752307445,0.653061928919367,0.8695213483955267,0.5835373356541534,1.5172260321500386,1.5172260321500386,1.2406494879582706,0.27657654419176814,0.0,0.0,0.0,0.0,1.27078418269737,0.10524360693073856,0.14119824252192997,4.576221884673136,333.1214551830313,465.7773531911737,0.0,331.6042291508812,1.27078418269737,21.17761840465167,0.0,0.0,-886.5409968200196,0.0,7.275957614183426e-12,0.0,0.0
film_only_hypothesis,stationary,756.5261251750223,756.5261251750223,19665.157230255387,90000.0,0.0,0.0,0.0,0.0,0.0,0.0,0.0,0.0,262.0,0.21414249318151815,0.05567704822719472,0.40162699454476314,0.3055036545451113,2.6065079781790526,0.6516256839008865,0.8691283957209156,0.5825482207002801,1.5250658852178238,1.5250658852178238,1.2404751003260666,0.2845907848917573,0.0,0.0,0.0,0.0,1.2778533617534547,0.10522881660287446,0.14198370686149492,4.576622446808232,334.8427697446203,465.12580161880254,0.0,333.31770385940246,1.2778533617534547,21.29542627362132,0.0,0.0,-886.42318895105,0.0,7.275957614183426e-12,0.0,-2.220446049250313e-16
film_only_hypothesis,stationary,760.4198557356337,760.4198557356337,19663.433842943083,90000.0,0.0,0.0,0.0,0.0,0.0,0.0,0.0,0.0,263.0,0.21524465362552594,0.05596360994263675,0.40504660179757906,0.3053703250731583,2.6201864071903165,0.6501908737666531,0.8687362502151715,0.5815625191870052,1.5329151787803492,1.5329151787803492,1.2403005135913783,0.292614665188971,0.0,0.0,0.0,0.0,1.2849310524531674,0.10521400938794105,0.1427701169392408,4.577023561543381,336.56615705692593,464.47346546933056,0.0,335.0332418781456,1.2849310524531674,21.413375989132035,0.0,0.0,-886.3052392355393,0.0,7.275957614183426e-12,0.0,0.0
film_only_hypothesis,stationary,764.3180538852951,764.3180538852951,19661.70847825043,90000.0,0.0,0.0,0.0,0.0,0.0,0.0,0.0,0.0,264.0,0.21634807866651964,0.05625050045329511,0.40845055652018036,0.3052372736540484,2.6338022260807215,0.6487575820951949,0.8683449225119071,0.5805802476077199,1.5407734784662885,1.5407734784662885,1.2401257374555545,0.3006477410107338,0.0,0.0,0.0,0.0,1.2920168631217972,0.10519918610873613,0.1435574292357552,4.577425206947658,338.2915217495781,463.820380842327,0.0,336.75074827111183,1.2920168631217972,21.53146102392475,0.0,0.0,-886.1871542007466,0.0,1.0913936421275139e-11,0.0,0.0
film_only_hypothesis,stationary,768.2205058816229,768.2205058816229,19659.981230781028,90000.0,0.0,0.0,0.0,0.0,0.0,0.0,0.0,0.0,265.0,0.21745270780252138,0.05653770402865556,0.4118387185851411,0.3051045037607982,2.6473548743405644,0.6473258911103208,0.867954422825877,0.579601421297914,1.5486403533966457,1.5486403533966457,1.239950781539922,0.3086895718567239,0.0,0.0,0.0,0.0,1.2991104052338378,0.10518434758127043,0.1443456005815375,4.577827361253518,340.01876921898116,463.16658354712223,0.0,338.4701288655845,1.2991104052338378,21.649674903221907,0.0,0.0,-886.0689403214494,0.0,1.0913936421275139e-11,0.0,0.0
film_only_hypothesis,stationary,772.1269997524953,772.1269997524953,19658.25219435494,90000.0,0.0,0.0,0.0,0.0,0.0,0.0,0.0,0.0,266.0,0.218558481032644,0.05682520506848744,0.41521095368280986,0.3049720187263665,2.6608438147312397,0.6458958816762023,0.8675647609599014,0.5786260544608676,1.5565153762610602,1.5565153762610602,1.239775655384099,0.316739720876961,0.0,0.0,0.0,0.0,1.306211293481791,0.10516949461462564,0.14513458816464342,4.578230002860803,341.74780564506716,462.5121090964656,0.0,340.1912902688061,1.306211293481791,21.768011205874046,0.0,0.0,-885.9506040187972,0.0,7.275957614183426e-12,0.0,0.0
film_only_hypothesis,stationary,776.0373253321613,776.0373253321613,19656.52146199273,90000.0,0.0,0.0,0.0,0.0,0.0,0.0,0.0,0.0,267.0,0.2196653388673122,0.057112988105501174,0.4185671332573485,0.30483982174603913,2.674268533029394,0.6444676332933535,0.8671759463118799,0.5776541601933567,1.5643981233905973,1.5643981233905973,1.2396003684443997,0.32479775494619767,0.0,0.0,0.0,0.0,1.3133191458418016,0.10515462801081789,0.14592434953797792,4.578633110340573,343.4785380072783,461.85699270047627,0.0,341.9141398838877,1.3133191458418016,21.886463565453624,0.0,0.0,-885.8321516592176,0.0,7.275957614183426e-12,0.0,-2.220446049250313e-16
film_only_hypothesis,stationary,779.9512742956265,779.9512742956265,19654.78912590022,90000.0,0.0,0.0,0.0,0.0,0.0,0.0,0.0,0.0,268.0,0.2207732223379957,0.057401037807878884,0.4219071344406197,0.30470791587984103,2.687628537762479,0.643041224095488,0.8667879878818854,0.5766857505113419,1.5722881748270674,1.5722881748270674,1.2394249300923086,0.3328632447347588,0.0,0.0,0.0,0.0,1.3204335836361591,0.10513974856466843,0.14671484262623988,4.579036662438771,345.2108740997861,461.2012692608822,0.0,343.63858592495905,1.3204335836361591,22.00502567129659,0.0,0.0,-885.7135895533747,0.0,7.275957614183426e-12,0.0,0.0
film_only_hypothesis,stationary,783.8686401913342,783.8686401913342,19653.055277454052,90000.0,0.0,0.0,0.0,0.0,0.0,0.0,0.0,0.0,269.0,0.2218820730064601,0.057689338981679626,0.4252308399840509,0.3045763040549725,2.700923359936204,0.6416167308472301,0.8664008942793309,0.5757208363756207,1.5801851143889065,1.5801851143889065,1.2392493496130352,0.3409357647758713,0.0,0.0,0.0,0.0,1.327554231592702,0.10512485706368221,0.14750602573252242,4.57944063807971,346.94472254595627,460.54497336554476,0.0,345.3645374315674,1.327554231592702,22.12369126949238,0.0,0.0,-885.594923955179,0.0,7.275957614183426e-12,0.0,-2.220446049250313e-16
film_only_hypothesis,stationary,787.7892184721655,787.7892184721655,19651.320007187936,90000.0,0.0,0.0,0.0,0.0,0.0,0.0,0.0,0.0,270.0,0.2229918329735416,0.05797787657312082,0.42853813818860137,0.304444989068266,2.7141525527544053,0.6401942289426579,0.8660146737301941,0.5747594277174134,1.5880885297336689,1.5880885297336689,1.2390736362041472,0.3490148935295218,0.0,0.0,0.0,0.0,1.3346807179011646,0.10510995428793056,0.1482978575445738,4.579845016369402,348.67999281206966,459.88813928326573,0.0,347.091904282336,1.3346807179011646,22.242454163822906,0.0,0.0,-885.4761610608484,0.0,7.275957614183426e-12,0.0,0.0
film_only_hypothesis,stationary,791.7128065247788,791.7128065247788,19649.5834047797,90000.0,0.0,0.0,0.0,0.0,0.0,0.0,0.0,0.0,271.0,0.22410244488745198,0.05826663567073752,0.43182892283295654,0.3043139735886599,2.7273156913318264,0.6387737924046557,0.8656293340842939,0.5738015334638572,1.5959980124171709,1.5959980124171709,1.2388977989742749,0.3571002134428961,0.0,0.0,0.0,0.0,1.3418126742665062,0.1050950410099418,0.14909029714072286,4.580249776598713,350.41659522030767,459.23080095887116,0.0,348.8205972078905,1.3418126742665062,22.361308216651324,0.0,0.0,-885.3573070080199,0.0,7.275957614183426e-12,0.0,0.0
film_only_hypothesis,stationary,795.6392036973123,795.6392036973123,19647.845559038993,90000.0,0.0,0.0,0.0,0.0,0.0,0.0,0.0,0.0,272.0,0.22521385195162,0.0585556015074212,0.43510309310007156,0.3041832601596859,2.7404123724002862,0.6373554938850545,0.8652448828226056,0.5728471615633828,1.6039131579493378,1.6039131579493378,1.2387218469418921,0.3651913110074456,0.0,0.0,0.0,0.0,1.3489497359592655,0.1050801179945984,0.1498833039954739,4.580654898246363,352.15444096101413,458.57299200857074,0.0,350.55052780306477,1.3489497359592655,22.480247349761157,0.0,0.0,-885.2383678749102,0.0,7.275957614183426e-12,0.0,0.0
film_only_hypothesis,stationary,799.5682113254747,799.5682113254747,19646.10655789576,90000.0,0.0,0.0,0.0,0.0,0.0,0.0,0.0,0.0,273.0,0.22632599793207675,0.058844759462339954,0.43836055350218345,0.3040528512019671,2.753442214008734,0.6359394046655341,0.8648613270646093,0.5718963190109563,1.611833565846798,1.611833565846798,1.2385457890341705,0.3732877768126274,0.0,0.0,0.0,0.0,1.356091541862983,0.1050651859990391,0.15067683798477585,4.581060360981756,353.8934421042427,457.91474571558655,0.0,352.2816085383959,1.356091541862983,22.59926554514661,0.0,0.0,-885.1193496795247,0.0,3.637978807091713e-12,0.0,0.0
film_only_hypothesis,stationary,803.4996327570501,803.4996327570501,19644.3664883894,90000.0,0.0,0.0,0.0,0.0,0.0,0.0,0.0,0.0,274.0,0.2274388271643918,0.059134095062741865,0.44160121380441064,0.30392274901572425,2.7664048552176426,0.6345255946592679,0.8644786735756596,0.5709490118731606,1.619758839682282,1.619758839682282,1.2383696340859047,0.38138920559637723,0.0,0.0,0.0,0.0,1.3632377345187427,0.1050502457725677,0.15147085939097138,4.581466144667662,355.63351161060314,457.25609502604755,0.0,354.01375277092086,1.3632377345187427,22.718356845754847,0.0,0.0,-885.0002583789164,0.0,3.637978807091713e-12,0.0,0.0
film_only_hypothesis,stationary,807.4332733748396,807.4332733748396,19642.625436658593,90000.0,0.0,0.0,0.0,0.0,0.0,0.0,0.0,0.0,275.0,0.22855228456016732,0.05942359398564351,0.44482498894705214,0.30379295578328547,2.7792999557882085,0.6331141324132844,0.864096928774369,0.5700052453130968,1.6276885871308715,1.6276885871308715,1.2381933908385088,0.3894951962923626,0.0,0.0,0.0,0.0,1.3703879601668723,0.10503529805656893,0.15226532890743022,4.581872229362731,357.37456334141524,456.59707254514615,0.0,355.74687475428436,1.3703879601668723,22.837515356180926,0.0,0.0,-884.8810998684903,0.0,7.275957614183426e-12,0.0,0.0
film_only_hypothesis,stationary,811.3689406180716,811.3689406180716,19640.88348793182,90000.0,0.0,0.0,0.0,0.0,0.0,0.0,0.0,0.0,276.0,0.22966631561309833,0.05971324205940557,0.44803179896670053,0.3036634735715992,2.792127195866802,0.6317050851115243,0.8637160987399977,0.5690650236150869,1.6356224200131582,1.6356224200131582,1.2380170679390805,0.39760535207407754,0.0,0.0,0.0,0.0,1.3775418687858572,0.1050203435844278,0.15306020764287298,4.582278595323869,359.1165120681854,455.93771053355135,0.0,357.48088964817225,1.3775418687858572,22.95673524331631,0.0,0.0,-884.7618799813549,0.0,7.275957614183426e-12,0.0,0.0
film_only_hypothesis,stationary,815.3064440023045,815.3064440023045,19639.14072651859,90000.0,0.0,0.0,0.0,0.0,0.0,0.0,0.0,0.0,277.0,0.2307808664046063,0.060003025265197636,0.45122156891627846,0.30353430433474515,2.8048862756651136,0.6302985185785689,0.8633361892198388,0.5681283502091594,1.6435599543353654,1.6435599543353654,1.2378406739395373,0.4057192803958281,0.0,0.0,0.0,0.0,1.3846991141285174,0.10500538308145721,0.15385545712539078,4.582685223008441,360.8592734814153,455.27804090407386,0.0,359.2157135270799,1.3846991141285174,23.07601073695174,0.0,0.0,-884.6426044877196,0.0,7.275957614183426e-12,0.0,0.0
film_only_hypothesis,stationary,819.2455951378511,819.2455951378511,19637.397235801247,90000.0,0.0,0.0,0.0,0.0,0.0,0.0,0.0,0.0,278.0,0.23189588360905458,0.06029292973835419,0.454394228784104,0.3034054499164426,2.8175769151364163,0.628894497284017,0.8629572056365958,0.5671952276953013,1.651500810326491,1.651500810326491,1.2376642172958152,0.41383659303067594,0.0,0.0,0.0,0.0,1.3918593537554953,0.10499041726482958,0.1546510393061661,4.583092093076346,362.6027641987569,454.6180952185801,0.0,360.95126338843045,1.3918593537554953,23.195336130335328,0.0,0.0,-884.523279094336,0.0,3.637978807091713e-12,0.0,0.0
film_only_hypothesis,stationary,823.186207746754,823.186207746754,19635.65309822748,90000.0,0.0,0.0,0.0,0.0,0.0,0.0,0.0,0.0,279.0,0.23301131449855333,0.060582941769623866,0.45754971341208933,0.30327691205255247,2.8301988536483575,0.6274930843474887,0.8625791530957426,0.5662656578674603,1.6594446124725264,1.6594446124725264,1.2374877063671368,0.42195690610538966,0.0,0.0,0.0,0.0,1.3990222490661102,0.10497544684351502,0.1554469165629011,4.583499186391938,364.34690177252594,453.95790468514747,0.0,362.68745716005344,1.3990222490661102,23.314705780686726,0.0,0.0,-884.4039094439846,0.0,7.275957614183426e-12,0.0,0.0
film_only_hypothesis,stationary,827.1280976783409,827.1280976783409,19633.90839530342,90000.0,0.0,0.0,0.0,0.0,0.0,0.0,0.0,0.0,280.0,0.23412710694736247,0.060873047806314244,0.4606879624131745,0.30314869237357106,2.8427518496526982,0.6260943415442315,0.8622020363928561,0.5653396417372807,1.6673909895478136,1.6673909895478136,1.2373111494153404,0.43007984013247336,0.0,0.0,0.0,0.0,1.4061874653266309,0.10496047251822382,0.15624305170295893,4.583906484025803,366.0916046965864,453.29750015545915,0.0,364.4242137070386,1.4061874653266309,23.4341141096683,0.0,0.0,-884.284501115003,0.0,7.275957614183426e-12,0.0,0.0
film_only_hypothesis,stationary,831.0710829233886,831.0710829233886,19632.163207587382,90000.0,0.0,0.0,0.0,0.0,0.0,0.0,0.0,0.0,281.0,0.2352432094359013,0.06116323445333434,0.4638089200880953,0.30302079240711366,2.855235680352381,0.6246983293113072,0.8618258600209225,0.5644171795575629,1.6753395746436006,1.6753395746436006,1.2371345546042727,0.438205020039328,0.0,0.0,0.0,0.0,1.41335467169602,0.10494549498135645,0.1570394079662244,4.5843139672563975,367.83679241262,452.63691212243003,0.0,366.1614528379764,1.41335467169602,23.55355560381417,0.0,0.0,-884.1650596208572,0.0,3.637978807091713e-12,0.0,-2.220446049250313e-16
film_only_hypothesis,stationary,835.0149836269279,835.0149836269279,19630.417614684207,90000.0,0.0,0.0,0.0,0.0,0.0,0.0,0.0,0.0,282.0,0.23635957105437264,0.06145348847413689,0.46691253534157773,0.3028932135803849,2.867650141366311,0.6233051067543371,0.8614506281776027,0.5634982708454271,1.6832900051938513,1.6832900051938513,1.236957929999246,0.44633207519460544,0.0,0.0,0.0,0.0,1.4205235412492065,0.10493051491695525,0.15783594902768958,4.584721617571549,369.5823853157935,451.9761707180626,0.0,367.89909531059965,1.4205235412492065,23.673024814918026,0.0,0.0,-884.0455904097532,0.0,0.0,0.0,0.0
film_only_hypothesis,stationary,838.959622099717,838.959622099717,19628.671695240166,90000.0,0.0,0.0,0.0,0.0,0.0,0.0,0.0,0.0,283.0,0.23747614150601085,0.06174379679156282,0.4699987615980552,0.3027659572226354,2.879995046392221,0.6219147316547831,0.8610763447724571,0.5625829144051813,1.6912419229983773,1.6912419229983773,1.236781283566551,0.4544606394318263,0.0,0.0,0.0,0.0,1.427693750997941,0.10491553300066515,0.1586326389997712,4.585129416669822,371.32830475983684,451.3153057115239,0.0,369.6370628368385,1.427693750997941,23.792516360380688,0.0,0.0,-883.9260988642906,0.0,3.637978807091713e-12,0.0,-2.220446049250313e-16
film_only_hypothesis,stationary,842.9048228284162,842.9048228284162,19626.925526938452,90000.0,0.0,0.0,0.0,0.0,0.0,0.0,0.0,0.0,284.0,0.23859287110996172,0.06203414648859005,0.47306755671699535,0.30263902456760067,2.892270226867981,0.6205272604777418,0.8607030134341197,0.5616711083508648,1.6991949742433474,1.6991949742433474,1.2366046231730294,0.46259035107031804,0.0,0.0,0.0,0.0,1.4348649819092858,0.10490054989969666,0.15942944243436505,4.585537346461764,373.0744730615469,450.6543465074413,0.0,371.3752780873035,1.4348649819092858,23.912024923518246,0.0,0.0,-883.806590301153,0.0,0.0,0.0,0.0
film_only_hypothesis,stationary,846.8504124844949,846.8504124844949,19625.179186495272,90000.0,0.0,0.0,0.0,0.0,0.0,0.0,0.0,0.0,285.0,0.23970971080380366,0.06232452480898895,0.47611888290792426,0.30251241675592255,2.904475531631697,0.619142748380232,0.8603306375174193,0.5607628501284728,1.7071488095192433,1.7071488095192433,1.2364279565857086,0.47072085293353494,0.0,0.0,0.0,0.0,1.442036918921804,0.1048855662727944,0.16022632432464487,4.585945389070992,374.8208135047292,449.99332214441006,0.0,373.11366469520993,1.442036918921804,24.031545253831865,0.0,0.0,-883.6870699708394,0.0,0.0,0.0,0.0
film_only_hypothesis,stationary,850.7962199318999,850.7962199318999,19623.43274965641,90000.0,0.0,0.0,0.0,0.0,0.0,0.0,0.0,0.0,286.0,0.24082661214571838,0.06261491915788678,0.47915270664523174,0.3023861348375501,2.9166108265809267,0.6177612492199515,0.8599592201104416,0.5598581365378476,1.7151030838363184,1.7151030838363184,1.2362512914714814,0.478851792364837,0.0,0.0,0.0,0.0,1.4492092509594972,0.10487058277021054,0.16102325010661075,4.586353526835198,376.5672503435923,449.3322612937091,0.0,374.852147259756,1.4492092509594972,24.15107216724002,0.0,0.0,-883.5675430574313,0.0,3.637978807091713e-12,0.0,0.0
film_only_hypothesis,stationary,854.7420762335187,854.7420762335187,19621.686291194394,90000.0,0.0,0.0,0.0,0.0,0.0,0.0,0.0,0.0,287.0,0.24194352731632027,0.06290531710224327,0.48216899858283746,0.30226017977411895,2.92867599433135,0.6163828155644838,0.8595887640415264,0.558956963754227,1.7230574566376256,1.7230574566376256,1.2360746353968541,0.4869828212407713,0.0,0.0,0.0,0.0,1.4563816709435478,0.10485560003368344,0.16182018566039416,4.586761742306991,378.3137088056086,448.6711922582174,0.0,376.590651348971,1.4563816709435478,24.27060054627422,0.0,0.0,-883.448014678397,0.0,3.637978807091713e-12,0.0,2.220446049250313e-16
film_only_hypothesis,stationary,858.6878146564667,858.6878146564667,19619.93988490615,90000.0,0.0,0.0,0.0,0.0,0.0,0.0,0.0,0.0,288.0,0.24306040912015317,0.06319570637123982,0.48516773346879666,0.30213455244130716,2.940670933875187,0.6150074987009329,0.8592192718861976,0.5580593273494387,1.731011591809678,1.731011591809678,1.2358979958277354,0.49511359598194254,0.0,0.0,0.0,0.0,1.4635538758019326,0.10484061869641942,0.16261709731132581,4.587170018254645,380.0601150938541,448.01014297152875,0.0,378.3291035020444,1.4635538758019326,24.390125340239205,0.0,0.0,-883.3284898844321,0.0,3.637978807091713e-12,0.0,0.0
film_only_hypothesis,stationary,862.6332706762322,862.6332706762322,19618.193603611162,90000.0,0.0,0.0,0.0,0.0,0.0,0.0,0.0,0.0,289.0,0.2441772109868635,0.06348607485658452,0.48814889005991974,0.3020092536311668,2.952595560239679,0.6136353486459653,0.8588507459740201,0.5571652223127451,1.7389651576908027,1.7389651576908027,1.2357213801292832,0.5032437775615197,0.0,0.0,0.0,0.0,1.4707255664769503,0.10482563938308026,0.1634139518307722,4.587578337662725,381.8063963888434,447.3491409972574,0.0,380.06743123115257,1.4707255664769503,24.509641565338374,0.0,0.0,-883.208973659333,0.0,3.637978807091713e-12,0.0,0.0
film_only_hypothesis,stationary,866.5782819797085,866.5782819797085,19616.447519150137,90000.0,0.0,0.0,0.0,0.0,0.0,0.0,0.0,0.0,290.0,0.24529388697205867,0.06377641061273526,0.49111245103647744,0.30188428405442935,2.96444980414591,0.6122664141562402,0.8584831883953805,0.556274643071322,1.7469178270772547,1.7469178270772547,1.2355447955658005,0.5113730315114542,0.0,0.0,0.0,0.0,1.4778964479307335,0.1048106627097732,0.16421071643674812,4.587986683732589,383.5524808498714,446.6882135285295,0.0,381.80556302279416,1.4778964479307335,24.62914430476567,0.0,0.0,-883.0894709199056,0.0,7.275957614183426e-12,0.0,0.0
film_only_hypothesis,stationary,870.5226884671453,870.5226884671453,19614.701702384133,90000.0,0.0,0.0,0.0,0.0,0.0,0.0,0.0,0.0,291.0,0.24641039175785923,0.0640667018570434,0.49405840291706077,0.30175964434278374,2.976233611668243,0.6109007427392065,0.8581166010081875,0.5553875835103682,1.7548692772271486,1.7548692772271486,1.2353682493006766,0.519501027926472,0.0,0.0,0.0,0.0,1.4850662291487908,0.10479568928404771,0.16500735879431006,4.588395039882797,385.29829761587723,446.0273873876568,0.0,383.5434283386501,1.4850662291487908,24.7486287087646,0.0,0.0,-882.9699865159067,0.0,1.0913936421275139e-11,0.0,0.0
film_only_hypothesis,stationary,874.4663322530499,874.4663322530499,19612.956223194167,90000.0,0.0,0.0,0.0,0.0,0.0,0.0,0.0,0.0,292.0,0.24752668065315422,0.0643569369698201,0.4969867359736621,0.30163533505112666,2.9879469438946487,0.6095383806642478,0.8577509854444902,0.5545040369928501,1.7628191898622783,1.7628191898622783,1.2351917483963828,0.5276274414658952,0.0,0.0,0.0,0.0,1.4922346231416461,0.10478071970489365,0.16580384701573841,4.588803389749401,387.04377680584304,445.36668902598524,0.0,385.28095761598075,1.4922346231416461,24.86808999465553,0.0,0.0,-882.8505252300158,0.0,1.0913936421275139e-11,0.0,2.220446049250313e-16
film_only_hypothesis,stationary,878.4090576660709,878.4090576660709,19611.211150481264,90000.0,0.0,0.0,0.0,0.0,0.0,0.0,0.0,0.0,293.0,0.24864270959356802,0.06464710449432769,0.4998974441470392,0.3015113566597828,2.9995897765881567,0.6081793729741557,0.8573863431170082,0.5536239963788608,1.770767251167879,1.770767251167879,1.2350152998145045,0.5357519513533745,0.0,0.0,0.0,0.0,1.4994013469446208,0.10476575456274469,0.16660014966051337,4.589211717186135,388.78884951874244,444.7061445239147,0.0,387.0180822675746,1.4994013469446208,24.987523446832103,0.0,0.0,-882.7310917778392,0.0,7.275957614183426e-12,0.0,0.0
film_only_hypothesis,stationary,882.3507112478931,882.3507112478931,19609.466552166956,90000.0,0.0,0.0,0.0,0.0,0.0,0.0,0.0,0.0,294.0,0.24975843514114773,0.0649371931366984,0.5027905249624254,0.3013877095766951,3.0111620998497015,0.6068237634969126,0.8570226752255738,0.5527474540446086,1.7787131517904025,1.7787131517904025,1.2348389104158264,0.5438742413745762,0.0,0.0,0.0,0.0,1.5065661216158253,0.10475079443948569,0.16739623573509163,4.5896200062645,390.5334478330515,444.04577959108417,0.0,388.75473468126114,1.5065661216158253,25.106924416727725,0.0,0.0,-882.6116908079435,0.0,7.275957614183426e-12,0.0,0.0
film_only_hypothesis,stationary,886.2911417511759,886.2911417511759,19607.72249519417,90000.0,0.0,0.0,0.0,0.0,0.0,0.0,0.0,0.0,295.0,0.25087381448377954,0.06522719176578268,0.5056659794456395,0.30126439413958384,3.022663917782558,0.6054715948577666,0.8566599827634819,0.5518744019010203,1.7866565868333604,1.7866565868333604,1.2346625869604546,0.5519939998729058,0.0,0.0,0.0,0.0,1.5137286722324081,0.10473583990846229,0.16819207469248976,4.590028241273758,392.27750480583643,443.38561956671674,0.0,390.49084821900306,1.5137286722324081,25.22628832275308,0.0,0.0,-882.4923269019182,0.0,7.275957614183426e-12,0.0,0.0
film_only_hypothesis,stationary,890.2302001365659,890.2302001365659,19605.97904552858,90000.0,0.0,0.0,0.0,0.0,0.0,0.0,0.0,0.0,296.0,0.251988805434343,0.06551708941292918,0.5085238120396549,0.30114141061807365,3.0340952481586196,0.6041229084915786,0.8562982665237461,0.5510048314119627,1.7945972558513004,1.7945972558513004,1.2344863361079814,0.5601109197433191,0.0,0.0,0.0,0.0,1.5208887278851246,0.10472089153449535,0.16898763643168047,4.5904364067208245,394.02095447143074,442.7256894201203,0.0,392.22635721557947,1.5208887278851246,25.3456106502056,0.0,0.0,-882.3730045744657,0.0,1.0913936421275139e-11,0.0,0.0
film_only_hypothesis,stationary,894.1677395688132,894.1677395688132,19604.236268160294,90000.0,0.0,0.0,0.0,0.0,0.0,0.0,0.0,0.0,297.0,0.25310336642961184,0.06580687527169908,0.5113640305216764,0.3010187592157875,3.045456122086706,0.6027777446554246,0.8559375271052575,0.5501387336120779,1.802534862841979,1.802534862841979,1.2343101644176928,0.5682246984242862,0.0,0.0,0.0,0.0,1.5280460216712723,0.10470594987389863,0.169782891296808,4.590844487330075,395.763731839717,442.0660137513388,0.0,393.96119697687504,1.5280460216712723,25.46488695115175,0.0,0.0,-882.2537282735195,0.0,1.0913936421275139e-11,0.0,0.0
film_only_hypothesis,stationary,898.1036154120204,898.1036154120204,19602.494227105988,90000.0,0.0,0.0,0.0,0.0,0.0,0.0,0.0,0.0,298.0,0.2542174565289092,0.06609653869751639,0.5141866459207758,0.30089644007240796,3.056746583683103,0.6014361424414376,0.855577764918847,0.5492760991242366,1.8104691162367836,1.8104691162367836,1.2341340783488157,0.5763350378879679,0.0,0.0,0.0,0.0,1.5352002906860551,0.10469101547450005,0.1705778100762283,4.5912524680430495,397.5057728940237,441.40661679194704,0.0,395.69530377778693,1.5352002906860551,25.58411284428311,0.0,0.0,-882.1345023803882,0.0,1.0913936421275139e-11,0.0,2.220446049250313e-16
film_only_hypothesis,stationary,902.0376852240576,902.0376852240576,19600.75298541136,90000.0,0.0,0.0,0.0,0.0,0.0,0.0,0.0,0.0,299.0,0.2553310354125266,0.06638606920725693,0.516991672436134,0.3007744532657034,3.067966689744536,0.6000981397898694,0.8552189801932454,0.5484169181766014,1.818399728889473,1.818399728889473,1.2339580842607945,0.5844416446286786,0.0,0.0,0.0,0.0,1.5423512760124276,0.10467608887566442,0.1713723640013808,4.59166033401809,399.24701458865314,440.74752240598747,0.0,397.4286148597637,1.5423512760124276,25.703284014747105,0.0,0.0,-882.0153312099242,0.0,1.4551915228366852e-11,0.0,2.220446049250313e-16
film_only_hypothesis,stationary,905.9698087501688,905.9698087501688,19599.012605153963,90000.0,0.0,0.0,0.0,0.0,0.0,0.0,0.0,0.0,300.0,0.25644406337991416,0.06667545647877768,0.5197791273559315,0.300652798813521,3.079116509423726,0.5987637735023575,0.8548611729809442,0.5475611806193094,1.82632641806329,1.82632641806329,1.233782188413614,0.5925442296496761,0.0,0.0,0.0,0.0,1.5494987227094723,0.10466117060832092,0.17216652474549687,4.592068070629877,400.98739484605204,440.0887540910404,0.0,399.16106842798877,1.5494987227094723,25.822396213953354,0.0,0.0,-881.8962190107179,0.0,1.4551915228366852e-11,0.0,0.0
film_only_hypothesis,stationary,909.8998479158013,909.8998479158013,19597.273147446376,90000.0,0.0,0.0,0.0,0.0,0.0,0.0,0.0,0.0,301.0,0.25755650134765107,0.06696469035038928,0.5225490309769337,0.30053147667574387,3.090196123907735,0.5974330792553818,0.8545043431639526,0.5467088759407672,1.8342489054165054,1.8342489054165054,1.233606396968151,0.6006425084483544,0.0,0.0,0.0,0.0,1.556642379799361,0.10464626119499336,0.17296026442215115,4.592475663468897,402.7268525536372,439.43033497942616,0.0,400.89260364822064,1.556642379799361,25.94144525935635,0.0,0.0,-881.7771699653149,0.0,1.4551915228366852e-11,0.0,0.0
film_only_hypothesis,stationary,913.827666818686,913.827666818686,19595.53467243972,90000.0,0.0,0.0,0.0,0.0,0.0,0.0,0.0,0.0,302.0,0.25866831084720354,0.06725376082027293,0.5253014065248042,0.3004104867562131,3.1012056260992167,0.5961060916138935,0.8541484904594504,0.5458599932835643,1.8421669169864525,1.8421669169864525,1.2334307159865607,0.6087362009998919,0.0,0.0,0.0,0.0,1.5637820002529574,0.10463136114983322,0.1737535555836619,4.592883098340825,404.4653275602907,438.77228783953143,0.0,402.62316064330423,1.5637820002529574,26.060427034215536,0.0,0.0,-881.6581881904558,0.0,1.0913936421275139e-11,0.0,-2.220446049250313e-16
film_only_hypothesis,stationary,917.7531317201964,917.7531317201964,19593.797239327476,90000.0,0.0,0.0,0.0,0.0,0.0,0.0,0.0,0.0,303.0,0.2597794540224792,0.0675426580458446,0.5280362800751889,0.30028982890461453,3.1121451203007555,0.5947828440451024,0.8537936144253369,0.5450145214600035,1.8500801831721094,1.8500801831721094,1.2332551514326973,0.6168250317394119,0.0,0.0,0.0,0.0,1.5709173409741097,0.10461647097865416,0.1745463712193455,4.593290361265834,406.2027606725351,438.1146350772569,0.0,404.35268048936297,1.5709173409741097,26.179337487333537,0.0,0.0,-881.5392777373378,0.0,1.0913936421275139e-11,0.0,0.0
film_only_hypothesis,stationary,921.6761110360159,921.6761110360159,19592.060906349612,90000.0,0.0,0.0,0.0,0.0,0.0,0.0,0.0,0.0,304.0,0.26088989362718523,0.06783137234306816,0.5307536804756038,0.30016950291832906,3.123014721902415,0.5934633689324079,0.8534397144656738,0.5441724489672533,1.8579884387152836,1.8579884387152836,1.2330797091725605,0.6249087295427229,0.0,0.0,0.0,0.0,1.5780481627826815,0.10460159117897085,0.1753386847536312,4.593697438477838,407.93909365040275,437.45739873758106,0.0,406.0811052116875,1.5780481627826815,26.298172632773387,0.0,0.0,-881.4204425918979,0.0,1.4551915228366852e-11,0.0,2.220446049250313e-16
film_only_hypothesis,stationary,925.5964753261388,925.5964753261388,19590.325730797,90000.0,0.0,0.0,0.0,0.0,0.0,0.0,0.0,0.0,305.0,0.26199959302199793,0.06811989418571947,0.5334536392681568,0.3000495085442474,3.1338145570726272,0.592147697589459,0.8530867898360218,0.5433337640021204,1.8658914226804566,1.8658914226804566,1.232904394974777,0.6329870277056795,0.0,0.0,0.0,0.0,1.5851742303963754,0.10458672224003969,0.17613047004404167,4.59410431642366,409.6742692030104,436.8006005062353,0.0,407.8083777803299,1.5851742303963754,26.416928549555596,0.0,0.0,-881.3016866751157,0.0,1.0913936421275139e-11,0.0,0.0
film_only_hypothesis,stationary,929.5140972842343,929.5140972842343,19588.591769016162,90000.0,0.0,0.0,0.0,0.0,0.0,0.0,0.0,0.0,306.0,0.26310851617155223,0.06840821420460358,0.5361361906131372,0.29992984548054824,3.144544762452549,0.5908358602743283,0.8527348396486714,0.5424984544754512,1.873788878433342,1.873788878433342,1.2327292145111102,0.6410596639222318,0.0,0.0,0.0,0.0,1.592295312411396,0.10457186464290173,0.17692170137904398,4.594510981762129,411.4082309838511,436.1442617114858,0.0,409.5344421054178,1.592295312411396,26.535601381335916,0.0,0.0,-881.1830138433354,0.0,1.4551915228366852e-11,0.0,2.220446049250313e-16
film_only_hypothesis,stationary,933.4288517263972,933.4288517263972,19586.859076414195,90000.0,0.0,0.0,0.0,0.0,0.0,0.0,0.0,0.0,307.0,0.2642166276412576,0.06869632318672697,0.5388013712134992,0.2998105133784401,3.155205484853997,0.5895278862037902,0.8523838628777651,0.5416665080261562,1.8816805536182093,1.8816805536182093,1.2325541733569916,0.6491263802612179,0.0,0.0,0.0,0.0,1.5994111812820035,0.10455701886042779,0.17771235347577813,4.594917421363124,413.1409235858159,435.488403326018,0.0,411.25924303219773,1.5994111812820035,26.654187336064588,0.0,0.0,-881.0644278886067,0.0,1.0913936421275139e-11,0.0,0.0
film_only_hypothesis,stationary,937.3406155793155,937.3406155793155,19585.127707464057,90000.0,0.0,0.0,0.0,0.0,0.0,0.0,0.0,0.0,308.0,0.2653238925939484,0.06898421207442658,0.5414492202402655,0.2996915118438671,3.165796880961062,0.5882238035676843,0.8520338583643151,0.5408379120348721,1.8895662001340303,1.8895662001340303,1.232379276992084,0.6571869231419462,0.0,0.0,0.0,0.0,1.6065216132989975,0.10454218535736655,0.17850240147766636,4.595323622306545,414.8722925359563,434.83304596891935,0.0,412.9827263358223,1.6065216132989975,26.772682685627792,0.0,0.0,-880.9459325390435,0.0,1.4551915228366852e-11,0.0,0.0
film_only_hypothesis,stationary,941.2492678678769,941.2492678678769,19583.397715710013,90000.0,0.0,0.0,0.0,0.0,0.0,0.0,0.0,0.0,309.0,0.26643027678637604,0.06927187196445778,0.5440797792588756,0.29957284043917787,3.1763191170355025,0.5869236395433587,0.8516848248211114,0.5400126536372555,1.8974455741094955,1.8974455741094955,1.232204530800868,0.6652410433086277,0.0,0.0,0.0,0.0,1.6136263885671913,0.10452736459039412,0.1792918209519101,4.595729571881239,416.6022842899989,434.1782099077552,0.0,414.7048387158894,1.6136263885671913,26.891083765472242,0.0,0.0,-880.827531459199,0.0,1.0913936421275139e-11,0.0,0.0
film_only_hypothesis,stationary,945.1546897022419,945.1546897022419,19581.66915377339,90000.0,0.0,0.0,0.0,0.0,0.0,0.0,0.0,0.0,310.0,0.26753574656554985,0.06955929410704297,0.5466930921565011,0.29945449868475843,3.1867723686260043,0.585627420310173,0.8513367608375249,0.5391907197369166,1.9053184358769553,1.9053184358769553,1.232029940073251,0.6732884958037042,0.0,0.0,0.0,0.0,1.620725290981911,0.10451255700816511,0.18008058788687895,4.5961352575838506,418.3308462266238,433.52391506073485,0.0,416.42552779074686,1.620725290981911,27.009386974213545,0.0,0.0,-880.7092282504577,0.0,1.4551915228366852e-11,0.0,2.220446049250313e-16
film_only_hypothesis,stationary,949.0567642644062,949.0567642644062,19579.942073358496,90000.0,0.0,0.0,0.0,0.0,0.0,0.0,0.0,0.0,311.0,0.2686402688649334,0.06984646990488269,0.5492892050703471,0.29933648606062874,3.1971568202813883,0.5843351710640571,0.8509896648842022,0.5383720970179948,1.913184549945331,1.913184549945331,1.2318555100051984,0.6813290399401326,0.0,0.0,0.0,0.0,1.6278181082045675,0.10449776305136717,0.18086867868939635,4.596540667117639,420.0579266415174,432.8701809989627,0.0,418.144742091572,1.6278181082045675,27.127588773229117,0.0,0.0,-880.5910264514422,0.0,1.4551915228366852e-11,0.0,0.0
film_only_hypothesis,stationary,952.9553767942795,952.9553767942795,19578.216525258802,90000.0,0.0,0.0,0.0,0.0,0.0,0.0,0.0,0.0,312.0,0.26974381120050395,0.07013339091213103,0.5518681663169592,0.29921880200800305,3.207472665267837,0.5830469160321079,0.8506435353176561,0.5375567719573878,1.921043684972052,1.921043684972052,1.2316812456993909,0.6893624392726612,0.0,0.0,0.0,0.0,1.6349046316373481,0.10448298315277646,0.1816560701819275,4.596945788391229,421.7834747412104,432.21702694877035,0.0,419.86243105623834,1.6349046316373481,27.245685686236406,0.0,0.0,-880.4729295384349,0.0,1.0913936421275139e-11,0.0,0.0
film_only_hypothesis,stationary,956.8504145753016,956.8504145753016,19576.4925593633,90000.0,0.0,0.0,0.0,0.0,0.0,0.0,0.0,0.0,313.0,0.2708463416666809,0.07042004883333704,0.5544300263225526,0.29910144593081417,3.2177201052902102,0.5817626784872167,0.8502983703847476,0.5367447308366233,1.9288956137340587,1.9288956137340587,1.2315071521658951,0.6973884615681636,0.0,0.0,0.0,0.0,1.6419846563970708,0.10446821773731357,0.18244273959967447,4.597350609517312,423.5074406367115,431.56447179412675,0.0,421.57854502297744,1.6419846563970708,27.363674298857184,0.0,0.0,-880.3549409258142,0.0,1.4551915228366852e-11,0.0,0.0
film_only_hypothesis,stationary,960.7417669196207,960.7417669196207,19574.770224663065,90000.0,0.0,0.0,0.0,0.0,0.0,0.0,0.0,0.0,314.0,0.27194782893213054,0.07070643552235395,0.5569748375543767,0.2989844171972021,3.227899350217507,0.580482480762716,0.849954168227065,0.5359359597533959,1.9367401130979247,1.9367401130979247,1.231333234322859,0.7054068787750658,0.0,0.0,0.0,0.0,1.6490579812882387,0.10445346722210405,0.18322866458758202,4.597755118811319,425.22977533694757,430.9125340791213,0.0,423.29303522384964,1.6490579812882387,27.481551258168494,0.0,0.0,-880.2370639665028,0.0,1.4551915228366852e-11,0.0,0.0
film_only_hypothesis,stationary,964.629325152857,964.629325152857,19573.049569257997,90000.0,0.0,0.0,0.0,0.0,0.0,0.0,0.0,0.0,315.0,0.273048242235453,0.07099254298121778,0.5595026544531305,0.2988677151409669,3.238010617812522,0.5792063442670341,0.8496109268851968,0.5351304446327624,1.944576963989141,1.944576963989141,1.231159496997225,0.7134174669919161,0.0,0.0,0.0,0.0,1.6561244087753435,0.10443873201653726,0.18401382319726034,4.598159304790022,426.95043074201925,430.26123201051604,0.0,425.0058537780301,1.6561244087753435,27.599313272241098,0.0,0.0,-880.1193019524302,0.0,1.4551915228366852e-11,0.0,0.0
film_only_hypothesis,stationary,968.5129825984716,968.5129825984716,19571.33064036373,90000.0,0.0,0.0,0.0,0.0,0.0,0.0,0.0,0.0,316.0,0.27414755138075775,0.07127836335899701,0.5620135333664392,0.2987513390629864,3.248054133465757,0.5779342894983499,0.8492686443029013,0.5343281712380027,1.9524059513606067,1.9524059513606067,1.2309859449254554,0.7214200064351514,0.0,0.0,0.0,0.0,1.6631837449544493,0.10442401252232965,0.18479819388382765,4.59856315617012,428.6693596362832,429.610583460365,0.0,426.7169536849226,1.6631837449544493,27.716957109665895,0.0,0.0,-880.0016581150054,0.0,1.0913936421275139e-11,0.0,0.0
film_only_hypothesis,stationary,972.3926345617658,972.3926345617658,19569.613484318743,90000.0,0.0,0.0,0.0,0.0,0.0,0.0,0.0,0.0,317.0,0.27524572673313463,0.07156388895061501,0.5645075324834025,0.29863528823259894,3.25803012993361,0.5766663360592362,0.8489273183311734,0.5335291251811578,1.9602268641603724,1.9602268641603724,1.2308125827542828,0.7294142814060894,0.0,0.0,0.0,0.0,1.670235799524107,0.10440930913358684,0.1855817555026785,4.598966661866755,430.3865156812698,428.9606059686945,0.0,428.4262888171095,1.670235799524107,27.834479599069244,0.0,0.0,-879.8841356256021,0.0,1.0913936421275139e-11,0.0,0.0
film_only_hypothesis,stationary,976.2681783135299,976.2681783135299,19567.898146591564,90000.0,0.0,0.0,0.0,0.0,0.0,0.0,0.0,0.0,318.0,0.27634273921402525,0.07184911219564656,0.5669847117702222,0.2985195618889509,3.267938847080889,0.5754025026712847,0.8485869467322086,0.5327332919332388,1.9680394952986786,1.9680394952986786,1.2306394150414695,0.7374000802572092,0.0,0.0,0.0,0.0,1.6772803857556289,0.10439462223686878,0.18636448730618094,4.599369810992023,432.10185340844606,428.3113167462427,0.0,430.1338139131474,1.6772803857556289,27.951877628617552,0.0,0.0,-879.7667375960538,0.0,1.0913936421275139e-11,0.0,0.0
film_only_hypothesis,stationary,980.1395130733611,980.1395130733611,19566.184671788178,90000.0,0.0,0.0,0.0,0.0,0.0,0.0,0.0,0.0,319.0,0.27743856029650105,0.07213402567709028,0.5694451329069189,0.29840415924231056,3.2777805316276756,0.5741428071897019,0.8482475271832665,0.5319406568341243,1.975843641614327,1.975843641614327,1.2304664462565813,0.7453771953577457,0.0,0.0,0.0,0.0,1.6843173204627644,0.10437995221125543,0.1871463689403071,4.599772592853422,433.81532821183185,427.6627326772544,0.0,431.8394845702175,1.6843173204627644,28.069148145511967,0.0,0.0,-879.6494670791593,0.0,1.0913936421275139e-11,0.0,2.220446049250313e-16
film_only_hypothesis,stationary,984.0065399926742,984.0065399926742,19564.47310365953,90000.0,0.0,0.0,0.0,0.0,0.0,0.0,0.0,0.0,320.0,0.27853316200045436,0.07241862212011814,0.5718888592251391,0.2982890794753472,3.2875554369005564,0.5728872666178696,0.8479090572804331,0.5311512051021416,1.983639103840432,1.983639103840432,1.230293680781778,0.7533454230586542,0.0,0.0,0.0,0.0,1.6913464239708167,0.10436529942841354,0.1879273804412018,4.600174996952283,435.52689634048073,427.0148703223273,0.0,433.5432572366403,1.6913464239708167,28.186288155473658,0.0,0.0,-879.5323270691977,0.0,1.0913936421275139e-11,0.0,0.0
film_only_hypothesis,stationary,987.8691621374223,987.8691621374223,19562.76348510918,90000.0,0.0,0.0,0.0,0.0,0.0,0.0,0.0,0.0,321.0,0.2796265168877071,0.07270289439080385,0.5743159556470635,0.29817432174437714,3.297263822588254,0.5716358971218601,0.8475715345422857,0.5303649218433464,1.9914256865695867,1.9914256865695867,1.2301211229126157,0.7613045636569711,0.0,0.0,0.0,0.0,1.69836752008523,0.10435066425266462,0.18870750223169216,4.600577012982157,437.2365148908317,426.3677459213069,0.0,435.2450892042621,1.69836752008523,28.303294722220357,0.0,0.0,-879.415320502451,0.0,1.0913936421275139e-11,0.0,0.0
film_only_hypothesis,stationary,991.7272844705466,991.7272844705466,19561.055858201067,90000.0,0.0,0.0,0.0,0.0,0.0,0.0,0.0,0.0,322.0,0.2807185980570433,0.07298683549483126,0.5767264886254132,0.2980598851805761,3.306905954501653,0.5703887140449004,0.8472349564134591,0.5295817920604984,1.9992031982184852,1.9992031982184852,1.2299487768588582,0.7692544213596272,0.0,0.0,0.0,0.0,1.7053804360596883,0.10433604704105402,0.1894867151177431,4.600978630827183,438.94414179894153,425.72137539622696,0.0,436.94493860072305,1.7053804360596883,28.420164966934703,0.0,0.0,-879.2984502577366,0.0,7.275957614183426e-12,0.0,0.0
film_only_hypothesis,stationary,995.5808138341752,995.5808138341752,19559.350264167406,90000.0,0.0,0.0,0.0,0.0,0.0,0.0,0.0,0.0,323.0,0.2818093791391701,0.07327043857618423,0.5791205260845613,0.2979457688911589,3.3164821043382453,0.5691457319217762,0.8468993202681145,0.5288018006617443,2.0069714509920367,2.0069714509920367,1.2297766467453046,0.7771948042467322,0.0,0.0,0.0,0.0,1.7123850025637541,0.10432144814342123,0.19026500028486154,4.601379840560418,440.6497358326057,425.07577435429147,0.0,438.6427643816137,1.7123850025637541,28.53689606772496,0.0,0.0,-879.1817191569463,0.0,1.0913936421275139e-11,0.0,0.0
film_only_hypothesis,stationary,999.4296589315882,999.4296589315882,19557.646743416633,90000.0,0.0,0.0,0.0,0.0,0.0,0.0,0.0,0.0,324.0,0.2828988342916129,0.07355369691581935,0.5814981373627469,0.29783197196052713,3.3259925494509877,0.5679069644931708,0.8465646234133152,0.5280249324690128,2.01473026084701,2.01473026084701,1.2296047366126202,0.7851255242343896,0.0,0.0,0.0,0.0,1.7193810536500858,0.10430686790247,0.19104233929445394,4.601780632442153,442.3532565833764,424.43095809089635,0.0,440.3385263225294,1.7193810536500858,28.65348525907868,0.0,0.0,-879.0651299655926,0.0,1.0913936421275139e-11,0.0,4.440892098500626e-16
film_only_hypothesis,stationary,1003.273730308967,1003.273730308967,19555.945335541524,90000.0,0.0,0.0,0.0,0.0,0.0,0.0,0.0,0.0,325.0,0.2839869381935491,0.07383660393032276,0.5838593931553935,0.2977184934513839,3.335437572621574,0.566672424719931,0.8462308630923057,0.5272511722261238,2.02247944745524,2.02247944745524,1.2294330504181827,0.7930463970370574,0.0,0.0,0.0,0.0,1.7263684267212602,0.10429230665383989,0.19181871408013998,4.602180996918184,444.0546644584841,423.7869415926871,0.0,442.0321850110289,1.7263684267212602,28.7699298313098,0.0,0.0,-878.9486853933615,0.0,7.275957614183426e-12,0.0,0.0
film_only_hypothesis,stationary,1007.1129403369455,1007.1129403369455,19554.246079327335,90000.0,0.0,0.0,0.0,0.0,0.0,0.0,0.0,0.0,326.0,0.2850736660405862,0.07411915317055241,0.5862043654595311,0.2976053324058183,3.3448174618381246,0.5654421247972535,0.845898036487701,0.5264805046066244,2.0302188341664413,2.0302188341664413,1.2292615920369345,0.8009572421295069,0.0,0.0,0.0,0.0,1.7333469624962354,0.10427776472617982,0.19259410694402612,4.602580924618087,445.7539206726727,423.1437395406498,0.0,443.72370183850626,1.7333469624962354,28.886227129999764,0.0,0.0,-878.8323880946715,0.0,7.275957614183426e-12,0.0,0.0
film_only_hypothesis,stationary,1010.9472031919788,1010.9472031919788,19552.549012760057,90000.0,0.0,0.0,0.0,0.0,0.0,0.0,0.0,0.0,327.0,0.2861589935394881,0.07440133832026691,0.5885331275193185,0.2974924878463579,3.354132510077274,0.5642160761687872,0.8455661407245821,0.5257129142213494,2.037948247970646,2.037948247970646,1.2290903652622416,0.8088578827084044,0.0,0.0,0.0,0.0,1.7403165049764846,0.10426324244121885,0.1933685005529427,4.602980406353448,447.4509872399525,422.50136631323176,0.0,445.41303899198186,1.7403165049764846,29.002374555433114,0.0,0.0,-878.7162406692382,0.0,1.0913936421275139e-11,0.0,-4.440892098500626e-16
film_only_hypothesis,stationary,1014.7764348375464,1014.7764348375464,19550.854173034728,90000.0,0.0,0.0,0.0,0.0,0.0,0.0,0.0,0.0,328.0,0.287242896902854,0.07468315319474204,0.5908457537726617,0.2973799587769912,3.3633830150906467,0.5629942895406445,0.8452351728735036,0.52494838562572,2.045667519460313,2.045667519460313,1.228919373806762,0.8167481456535508,0.0,0.0,0.0,0.0,1.7472769014118237,0.10424874011384207,0.19414187793464704,4.603379433116093,449.1458269652812,421.8598359894916,0.0,447.10015944582085,1.7472769014118237,29.11836956202804,0.0,0.0,-878.6002456626433,0.0,7.275957614183426e-12,0.0,0.0
film_only_hypothesis,stationary,1018.6005530052048,1018.6005530052048,19549.161596563834,90000.0,0.0,0.0,0.0,0.0,0.0,0.0,0.0,0.0,329.0,0.2883253528437558,0.07496459173937652,0.5931423197989285,0.29726774418416013,3.372569279195714,0.5617767748953163,0.8449051299534122,0.5241869033267825,2.053376482792132,2.053376482792132,1.2287486213033183,0.8246278614888137,0.0,0.0,0.0,0.0,1.7542280022659726,0.1042342580521626,0.1949142224739969,4.603777996076279,450.8384034361773,421.219162352273,0.0,448.78502695338517,1.7542280022659726,29.23420965776243,0.0,0.0,-878.4844055669089,0.0,1.0913936421275139e-11,0.0,0.0
film_only_hypothesis,stationary,1022.4194771755061,1022.4194771755061,19547.471318985736,90000.0,0.0,0.0,0.0,0.0,0.0,0.0,0.0,0.0,330.0,0.2894063385703363,0.07524564802828744,0.5954229022677495,0.2971558430377228,3.381691609070998,0.5605635415054877,0.8445760089344789,0.5234284517899911,2.0610749756485593,2.0610749756485593,1.2285781113057772,0.832496864342782,0.0,0.0,0.0,0.0,1.7611696611818652,0.10421979655759782,0.1956855179090961,4.604176086580893,452.52868101427487,420.57935889140157,0.0,450.4676060386263,1.7611696611818652,29.34989240359578,0.0,0.0,-878.3687228210755,0.0,1.0913936421275139e-11,0.0,4.440892098500626e-16
film_only_hypothesis,stationary,1026.233128558796,1026.233128558796,19545.783375173185,90000.0,0.0,0.0,0.0,0.0,0.0,0.0,0.0,0.0,331.0,0.29048583178037435,0.07552631626289734,0.597687578888905,0.2970442542918871,3.39075031555562,0.5593545979477457,0.8442478067408444,0.5226730154457446,2.0687628391991053,2.0687628391991053,1.2284078472899347,0.8403549919091705,0.0,0.0,0.0,0.0,1.7681017349467458,0.10420535592494345,0.19645574832741614,4.604573696151616,454.2166248268243,419.94043880690214,0.0,452.14786198762516,1.7681017349467458,29.465415412887516,0.0,0.0,-878.2531998117838,0.0,1.0913936421275139e-11,0.0,0.0
film_only_hypothesis,stationary,1030.0414300759046,1030.0414300759046,19544.097799241863,90000.0,0.0,0.0,0.0,0.0,0.0,0.0,0.0,0.0,332.0,0.29156381065581893,0.07580659077051292,0.5999364283632853,0.2969329768861164,3.3997457134531412,0.5581499521161785,0.8439205202532837,0.5219205786956831,2.0764399180614146,2.0764399180614146,1.2282378326544043,0.84820208540701,0.0,0.0,0.0,0.0,1.775024083457069,0.10419093644244898,0.1972248981618965,4.604970816483082,455.90220075814625,419.3024150122333,0.0,453.82576084008485,1.775024083457069,29.58077635081205,0.0,0.0,-878.1378388738592,0.0,1.0913936421275139e-11,0.0,0.0
film_only_hypothesis,stationary,1033.8443063387483,1033.8443063387483,19542.41462455896,90000.0,0.0,0.0,0.0,0.0,0.0,0.0,0.0,0.0,333.0,0.2926402538572983,0.07608646600289756,0.6021695303349248,0.2968220097460069,3.4086781213396993,0.5569496112358592,0.8435941463117851,0.521171125918745,2.084106060262156,2.084106060262156,1.2280680707215088,0.8560379895406469,0.0,0.0,0.0,0.0,1.7819365696832359,0.10417653839189364,0.19799295218702617,4.605367439441028,457.58537544104576,418.66530013753777,0.0,455.5012693807836,1.7819365696832359,29.695972933771124,0.0,0.0,-878.0226422909002,0.0,7.275957614183426e-12,0.0,4.440892098500626e-16
film_only_hypothesis,stationary,1037.641683630849,1037.641683630849,19540.733883751815,90000.0,0.0,0.0,0.0,0.0,0.0,0.0,0.0,0.0,334.0,0.29371514051860587,0.07636593653483753,0.6043869653440951,0.29671135178413754,3.4175478613763803,0.5557535818762119,0.8432686817180517,0.5204246414769961,2.091761117197756,2.091761117197756,1.2278985647381757,0.8638625524595801,0.0,0.0,0.0,0.0,1.788839059634184,0.10416216204866241,0.1987598955149093,4.6057635570604285,459.26611624819,418.02910653290564,0.0,457.17435513099224,1.788839059634184,29.811002928803678,0.0,0.0,-877.9076122958676,0.0,3.637978807091713e-12,0.0,0.0
film_only_hypothesis,stationary,1041.43348988779,1041.43348988779,19539.055608716546,90000.0,0.0,0.0,0.0,0.0,0.0,0.0,0.0,0.0,335.0,0.294788450241168,0.07664499706270368,0.6065888147814535,0.296601001900893,3.426355259125814,0.5545618699642555,0.8429441232379207,0.5196811097212328,2.099404943594998,2.099404943594998,1.227729317876837,0.8716756257181613,0.0,0.0,0.0,0.0,1.7957314223218586,0.10414780768182198,0.19952571359131757,4.606159161543621,460.9443912834578,417.39384627164907,0.0,458.84498633986277,1.7957314223218586,29.92586415299377,0.0,0.0,-877.7927510716776,0.0,3.637978807091713e-12,0.0,-4.440892098500626e-16
film_only_hypothesis,stationary,1045.2196546776179,1045.2196546776179,19537.37983062674,90000.0,0.0,0.0,0.0,0.0,0.0,0.0,0.0,0.0,336.0,0.29586016308849666,0.07692364240300914,0.6087751608432376,0.2964909589852606,3.4351006433729503,0.5533744807977207,0.8426204676037078,0.5189405149963677,2.107037397471516,2.107037397471516,1.2275603332363263,0.8794770642351899,0.0,0.0,0.0,0.0,1.8026135297255879,0.1041334755541965,0.20029039219173192,4.606554245258428,462.6201693732656,416.7595311535852,0.0,460.51313197579407,1.8026135297255879,30.04055447287692,0.0,0.0,-877.6780607517944,0.0,7.275957614183426e-12,0.0,0.0
film_only_hypothesis,stationary,1049.000109181201,1049.000109181201,19535.706579942133,90000.0,0.0,0.0,0.0,0.0,0.0,0.0,0.0,0.0,337.0,0.2969302595806294,0.07720186749096365,0.610946086487491,0.2963812219156014,3.443784345949964,0.5521914190580406,0.8422977115164748,0.5182028416466008,2.114658340096199,2.114658340096199,1.227391613842784,0.8872667262534153,0.0,0.0,0.0,0.0,1.8094852567563784,0.10411916592244556,0.20105391741737533,4.606948800736267,464.293420057874,416.12617270832743,0.0,462.17876171777783,1.8094852567563784,30.155071803845043,0.0,0.0,-877.5635434208262,0.0,7.275957614183426e-12,0.0,-4.440892098500626e-16
film_only_hypothesis,stationary,1052.7747861725613,1052.7747861725613,19534.035886417325,90000.0,0.0,0.0,0.0,0.0,0.0,0.0,0.0,0.0,338.0,0.2979987206885625,0.07747966737902624,0.613101675391321,0.29627178956039535,3.452406701565284,0.5510126888232072,0.8419758516482216,0.5174680740203824,2.1222676359495427,2.1222676359495427,1.2272231626505565,0.8950444732989863,0.0,0.0,0.0,0.0,1.8163464812211634,0.10410487903713912,0.20181627569124033,4.607342820670256,465.96411358268256,415.4937821985798,0.0,463.84184594673303,1.8163464812211634,30.269414109550688,0.0,0.0,-877.4492011151206,0.0,7.275957614183426e-12,0.0,0.0
film_only_hypothesis,stationary,1056.543619999185,1056.543619999185,19532.367779110493,90000.0,0.0,0.0,0.0,0.0,0.0,0.0,0.0,0.0,339.0,0.2990655278286772,0.07775703723545607,0.6152420119091658,0.29616266077896286,3.4609680476366633,0.5498382935804942,0.8416548846440085,0.5167361964751771,2.1298651526839567,2.1298651526839567,1.2270549825431027,0.9028101701408542,0.0,0.0,0.0,0.0,1.8231970837870095,0.10409061514283548,0.20257745375411212,4.60773629791332,467.6322208895147,414.8623706234365,0.0,465.50235573683074,1.8231970837870095,30.383579401310513,0.0,0.0,-877.3350358233608,0.0,7.275957614183426e-12,0.0,-4.440892098500626e-16
film_only_hypothesis,stationary,1060.3065465623251,1060.3065465623251,19530.702286392105,90000.0,0.0,0.0,0.0,0.0,0.0,0.0,0.0,0.0,340.0,0.30013066285716467,0.07803397234286281,0.6173671810320692,0.296053834422161,3.469468724128277,0.5486682362390427,0.841334807124003,0.5160071933820252,2.1374507610840596,2.1374507610840596,1.226887076333894,0.910563684750166,0.0,0.0,0.0,0.0,1.8300369479453131,0.10407637447815649,0.20333743866059031,4.608129225476287,469.2977136079003,414.2319487216808,0.0,467.16026284681624,1.8300369479453131,30.49756573750864,0.0,0.0,-877.2210494871626,0.0,3.637978807091713e-12,0.0,-4.440892098500626e-16
film_only_hypothesis,stationary,1064.0635032973073,1064.0635032973073,19529.039435953644,90000.0,0.0,0.0,0.0,0.0,0.0,0.0,0.0,0.0,341.0,0.30119410806445085,0.07831046809675722,0.6194772683479468,0.29594530933305685,3.4779090733917872,0.5475025191423077,0.8410156156854613,0.5152810491299193,2.1450243350269758,2.1450243350269758,1.2267194467673175,0.9183048882596582,0.0,0.0,0.0,0.0,1.8368659599759993,0.10406215727586533,0.20409621777511097,4.608521596525985,470.9605640463582,413.6025269750856,0.0,468.8155397113312,1.8368659599759993,30.611371223000027,0.0,0.0,-877.1072440016712,0.0,3.637978807091713e-12,0.0,0.0
film_only_hypothesis,stationary,1067.814429153848,1067.814429153848,19527.37925481632,90000.0,0.0,0.0,0.0,0.0,0.0,0.0,0.0,0.0,342.0,0.30225584616962575,0.0785865200041027,0.6215723600028348,0.29583708434757733,3.486289440011339,0.5463411440803614,0.8406973069046393,0.5145577481299887,2.152585751442659,2.152585751442659,1.2265520965195795,0.9260336549230797,0.0,0.0,0.0,0.0,1.843684008911745,0.10404796376294251,0.20485377876797162,4.608913404383336,472.6207451836854,412.97411561171003,0.0,470.46815943224277,1.843684008911745,30.72499400851423,0.0,0.0,-876.9936212161571,0.0,3.637978807091713e-12,0.0,-4.440892098500626e-16
film_only_hypothesis,stationary,1071.559264576393,1071.559264576393,19525.72176933975,90000.0,0.0,0.0,0.0,0.0,0.0,0.0,0.0,0.0,343.0,0.3033158603148778,0.07886212368186822,0.6236525426631071,0.2957291582951365,3.4946101706524284,0.5451841123020547,0.8403798773386368,0.5138372748195077,2.160134890274259,2.160134890274259,1.2263850281996032,0.9337498620746557,0.0,0.0,0.0,0.0,1.8504909865022374,0.10403379416066175,0.20561010961135967,4.609304642521457,474.2782306602545,412.3467246091939,0.0,472.11809576998024,1.8504909865022374,30.838432290059785,0.0,0.0,-876.8801829346115,0.0,3.637978807091713e-12,0.0,0.0
film_only_hypothesis,stationary,1075.2979514844865,1075.2979514844865,19524.06700523068,90000.0,0.0,0.0,0.0,0.0,0.0,0.0,0.0,0.0,344.0,0.3043741340599372,0.07913727485558367,0.6257179034786496,0.295621529999241,3.5028716139145986,0.5440314245270327,0.8400633235271795,0.5131196136657246,2.1676716344385465,2.1676716344385465,1.2262182443499285,0.9414533900886178,0.0,0.0,0.0,0.0,1.8572867871784917,0.10401964868466675,0.2063651985753879,4.609695304563755,475.9329947693252,411.72036369804647,0.0,473.76532313488667,1.8572867871784917,30.95168430832956,0.0,0.0,-876.7669309163417,0.0,7.275957614183426e-12,0.0,0.0
film_only_hypothesis,stationary,1079.0304332531834,1079.0304332531834,19522.41498755163,90000.0,0.0,0.0,0.0,0.0,0.0,0.0,0.0,0.0,345.0,0.3054306513765314,0.07941196935789817,0.6277685300469801,0.29551419827807357,3.5110741201879203,0.5428830809576021,0.839747641994334,0.5124047491695218,2.1751958697864273,2.1751958697864273,1.2260517474476083,0.949144122338819,0.0,0.0,0.0,0.0,1.8640713080172417,0.1040055275450473,0.20711903422413794,4.610085384282018,477.5850124483745,411.09504236492785,0.0,475.4098165785881,1.8640713080172417,31.064748348107333,0.0,0.0,-876.6538668765639,0.0,3.637978807091713e-12,0.0,4.440892098500626e-16
film_only_hypothesis,stationary,1082.756654693505,1082.756654693505,19520.76574072956,90000.0,0.0,0.0,0.0,0.0,0.0,0.0,0.0,0.0,346.0,0.30648539664285285,0.07968620312714174,0.6298045103782985,0.2954071619450558,3.519218041513194,0.541739081290452,0.8394328292501642,0.5116926658689104,2.182707485063543,2.182707485063543,1.225885539905103,0.9568219451584398,0.0,0.0,0.0,0.0,1.870844448705415,0.10399143094641489,0.20787160541171273,4.610474875594526,479.2342592704461,410.47076985592355,0.0,477.05155178538257,1.870844448705415,31.17762273767574,0.0,0.0,-876.5409924869955,0.0,3.637978807091713e-12,0.0,0.0
film_only_hypothesis,stationary,1086.4765620329538,1086.4765620329538,19519.11928856448,90000.0,0.0,0.0,0.0,0.0,0.0,0.0,0.0,0.0,347.0,0.30753835463804374,0.07995997220589138,0.6318259328614573,0.29530041980939037,3.527303731445829,0.5405994247282235,0.8391188817923246,0.510983348342363,2.1902063718709908,2.1902063718709908,1.225719624071169,0.9644867477998217,0.0,0.0,0.0,0.0,1.877606111504712,0.10397735908797742,0.20862290127830127,4.610863772564145,480.8807114355266,409.847555179809,0.0,478.6905050636556,1.877606111504712,31.290305848226023,0.0,0.0,-876.4283093764452,0.0,7.275957614183426e-12,0.0,0.0
film_only_hypothesis,stationary,1090.1901028960906,1090.1901028960906,19517.47565423806,90000.0,0.0,0.0,0.0,0.0,0.0,0.0,0.0,0.0,348.0,0.3085895105366977,0.08023327273954141,0.6338328862308347,0.2951939706765832,3.5353315449233387,0.5394641099909298,0.8388057961075978,0.5102767812119899,2.197692424626171,2.197692424626171,1.2255540022317484,0.9721384223944226,0.0,0.0,0.0,0.0,1.884356201216299,0.10396331216361623,0.2093729112462554,4.611252069396445,482.52434576194844,409.2254071113034,0.0,480.3266533373223,1.884356201216299,31.40279609326962,0.0,0.0,-876.3158191314017,0.0,7.275957614183426e-12,0.0,4.440892098500626e-16
film_only_hypothesis,stationary,1093.8972262851844,1093.8972262851844,19515.834860322182,90000.0,0.0,0.0,0.0,0.0,0.0,0.0,0.0,0.0,349.0,0.30963884990338303,0.08050610097487959,0.6358254595341035,0.2950878133489463,3.543301838136414,0.5383331353272227,0.8384935686733715,0.509572949146567,2.2051655405237773,2.2051655405237773,1.2253886766108535,0.979776863912924,0.0,0.0,0.0,0.0,1.8910946251456353,0.10394929036196032,0.21012162501618165,4.611639760437807,484.1651396778255,408.6043341943116,0.0,481.95997413730174,1.8910946251456353,31.515091928052012,0.0,0.0,-876.2035232966193,0.0,7.275957614183426e-12,0.0,0.0
film_only_hypothesis,stationary,1097.5978825609386,1097.5978825609386,19514.196928787485,90000.0,0.0,0.0,0.0,0.0,0.0,0.0,0.0,0.0,350.0,0.31068635868718675,0.08077845325866856,0.6378037421008751,0.2949819466260811,3.5512149684035004,0.5372064985255096,0.8381821959590622,0.5088718368644126,2.212625619496945,2.212625619496945,1.225223649371446,0.987401970125499,0.0,0.0,0.0,0.0,1.897821293067437,0.10393529386645925,0.2108690325630485,4.6120268401735425,485.8030712125226,407.9843447451531,0.0,483.59044559302566,1.897821293067437,31.627191848968835,0.0,0.0,-876.0914233757024,0.0,7.275957614183426e-12,0.0,4.440892098500626e-16
film_only_hypothesis,stationary,1101.292023423304,1101.292023423304,19512.561881011847,90000.0,0.0,0.0,0.0,0.0,0.0,0.0,0.0,0.0,351.0,0.3117320232162837,0.08105032603623376,0.6397678235122093,0.29487636930534433,3.559071294048837,0.5360841969249142,0.8378716744274833,0.5081734291361266,2.22007256417857,2.22007256417857,1.2250589226163133,0.9950136415622566,0.0,0.0,0.0,0.0,1.9045361171907977,0.1039213228554615,0.21161512413231082,4.612413303226021,487.4381189881629,407.3654468557767,0.0,485.21804642398433,1.9045361171907977,31.739094392984644,0.0,0.0,-875.9795208316866,0.0,1.0913936421275139e-11,0.0,0.0
film_only_hypothesis,stationary,1104.9796018923814,1104.9796018923814,19510.929737788836,90000.0,0.0,0.0,0.0,0.0,0.0,0.0,0.0,0.0,352.0,0.3127758301925306,0.08132171585005796,0.6417177935709752,0.29477108018229453,3.566871174283901,0.5349662274260859,0.8375620005361605,0.5074777107871883,2.227506279862814,2.227506279862814,1.2248944983889407,1.002611781473873,0.0,0.0,0.0,0.0,1.9112390121244776,0.10390737750228325,0.212359890236053,4.6127991443528025,489.07026221117565,406.74764839695985,0.0,486.8427559313128,1.9112390121244776,31.850798137054415,0.0,0.0,-875.8678170876169,0.0,1.0913936421275139e-11,0.0,0.0
film_only_hypothesis,stationary,1108.6605722894237,1108.6605722894237,19509.300519336124,90000.0,0.0,0.0,0.0,0.0,0.0,0.0,0.0,0.0,353.0,0.31381776668608874,0.08159261933838308,0.6436537422730484,0.29466607805112216,3.5746149690921936,0.5338525865018541,0.8372531707385946,0.5067846667004233,2.2349266744668035,2.2349266744668035,1.224730378674377,1.0101962957924262,0.0,0.0,0.0,0.0,1.9179298948423646,0.1038934579752872,0.21310332164915158,4.613184358444778,490.6994806638873,406.1309570214913,0.0,488.4645539894205,1.9179298948423646,31.962301697548003,0.0,0.0,-875.7563135271233,0.0,1.0913936421275139e-11,0.0,0.0
film_only_hypothesis,stationary,1112.3348902179387,1112.3348902179387,19507.674245303853,90000.0,0.0,0.0,0.0,0.0,0.0,0.0,0.0,0.0,354.0,0.31485782013007485,0.08186303323381947,0.6455757597793307,0.2945613617050623,3.5823030391173227,0.5327432702077285,0.8369451814854775,0.5060942818183413,2.242333658492538,2.242333658492538,1.2245665654000977,1.0177670930924403,0.0,0.0,0.0,0.0,1.9246086846491288,0.10387956443795042,0.2138454094054587,4.613568940524317,492.3257546961577,405.5153801673376,0.0,490.0834210376651,1.9246086846491288,32.07360372967773,0.0,0.0,-875.6450114949936,0.0,1.0913936421275139e-11,0.0,0.0
film_only_hypothesis,stationary,1116.0025125449033,1116.0025125449033,19506.050934782947,90000.0,0.0,0.0,0.0,0.0,0.0,0.0,0.0,0.0,355.0,0.3158959783152435,0.08213295436196331,0.6474839363885795,0.29445692993679046,3.589935745554318,0.5316382741922453,0.8366380292258543,0.5054065411453472,2.2497271449890195,2.2497271449890195,1.2244030604368619,1.0253240845521576,0.0,0.0,0.0,0.0,1.9312753031460699,0.1038656970489418,0.2145861447940077,4.613952885743425,493.94906521706525,404.9009250607896,0.0,491.6993380720762,1.9312753031460699,32.184702926929255,0.0,0.0,-875.5339122977421,0.0,1.0913936421275139e-11,0.0,0.0
film_only_hypothesis,stationary,1119.6633973820901,1119.6633973820901,19504.43060631337,90000.0,0.0,0.0,0.0,0.0,0.0,0.0,0.0,0.0,356.0,0.3169322293847016,0.08240237964002242,0.6493783625110314,0.2943527815388026,3.5975134500441257,0.5305375937071581,0.8363317104082431,0.504721429749833,2.2571070495146075,2.2571070495146075,1.2242398655995623,1.0328671839150454,0.0,0.0,0.0,0.0,1.9379296741971748,0.10385185596219125,0.2153255193552416,4.6143361893819135,495.56939368664206,404.2875987195914,0.0,493.31228663712744,1.9379296741971748,32.295598020495916,0.0,0.0,-875.4230172041754,0.0,1.0913936421275139e-11,0.0,0.0
film_only_hypothesis,stationary,1123.3175040675135,1123.3175040675135,19502.81327789235,90000.0,0.0,0.0,0.0,0.0,0.0,0.0,0.0,0.0,357.0,0.31796656182865624,0.08267130607545062,0.651259128642805,0.29424891530377967,3.60503651457122,0.529441223617476,0.8360262214817049,0.5040389327661539,2.2644732900996187,2.2644732900996187,1.2240769826480726,1.0403963074515463,0.0,0.0,0.0,0.0,1.9445717238953908,0.10383804132696263,0.21606352487726557,4.6147188468455775,497.1867221076618,403.675407956049,0.0,494.9222488175622,1.9445717238953908,32.40628777871669,0.0,0.0,-875.3123274459546,0.0,1.0913936421275139e-11,0.0,-4.440892098500626e-16
film_only_hypothesis,stationary,1126.964793146999,1126.964793146999,19501.19896698253,90000.0,0.0,0.0,0.0,0.0,0.0,0.0,0.0,0.0,358.0,0.318998964479198,0.08293973076459149,0.6531263253410726,0.29414533002493626,3.6125053013642905,0.5283491584113463,0.8357215588968714,0.5033590353964889,2.2718257872091723,2.2718257872091723,1.223914413288085,1.047911373921087,0.0,0.0,0.0,0.0,1.951201380529124,0.10382425328792334,0.21680015339212483,4.61510085366438,498.80103301748227,403.0643593801174,0.0,496.5292072302731,1.951201380529124,32.51677100651785,0.0,0.0,-875.2018442181534,0.0,1.4551915228366852e-11,0.0,0.0
film_only_hypothesis,stationary,1130.6052263558809,1130.6052263558809,19499.587690520068,90000.0,0.0,0.0,0.0,0.0,0.0,0.0,0.0,0.0,359.0,0.32002942650511995,0.08320765089133118,0.6549800431999807,0.2940420244963553,3.619920172799923,0.5272613922097843,0.8354177191069274,0.5026817229125959,2.279164463706293,2.279164463706293,1.2237521591719454,1.0554123045343475,0.0,0.0,0.0,0.0,1.9578185745489671,0.1038104919852182,0.2175353971721074,4.615482205490656,500.4123094799445,402.4544594024675,0.0,498.1331450162382,1.9578185745489671,32.62704654485854,0.0,0.0,-875.0915686798128,0.0,1.0913936421275139e-11,0.0,4.440892098500626e-16
film_only_hypothesis,stationary,1134.2387666008322,1134.2387666008322,19497.979464922682,90000.0,0.0,0.0,0.0,0.0,0.0,0.0,0.0,0.0,360.0,0.32105793740677485,0.08347506372576147,0.6568203728273123,0.29393899751330765,3.6272814913092493,0.5261779187762485,0.835114698568552,0.5020069806574572,2.2864892448152854,2.2864892448152854,1.2235902218994812,1.0628990229158042,0.0,0.0,0.0,0.0,1.964423238534674,0.10379675755453632,0.21826924872607484,4.615862898097317,502.0205350773309,401.84571423752953,0.0,499.7340458325156,1.964423238534674,32.737113270180345,0.0,0.0,-874.9815019544909,0.0,1.4551915228366852e-11,0.0,4.440892098500626e-16
film_only_hypothesis,stationary,1137.8653779418305,1137.8653779418305,19496.37430609763,90000.0,0.0,0.0,0.0,0.0,0.0,0.0,0.0,0.0,361.0,0.3220844870109701,0.08374196662285223,0.6586474048218697,0.29383624787255835,3.6345896192874787,0.525098731526065,0.8348124937428187,0.5013347940468287,2.293800058085377,2.293800058085377,1.2234286030188197,1.0703714550665573,0.0,0.0,0.0,0.0,1.9710153071623753,0.1037830501271826,0.2190017007958194,4.616242927376084,503.62569390238303,401.2381299065154,0.0,501.33189384429767,1.9710153071623753,32.84697009386098,0.0,0.0,-874.8716451308103,0.0,1.4551915228366852e-11,0.0,-4.440892098500626e-16
film_only_hypothesis,stationary,1141.4850255742638,1141.4850255742638,19494.772229449634,90000.0,0.0,0.0,0.0,0.0,0.0,0.0,0.0,0.0,362.0,0.3231090654659025,0.08400835702113466,0.6604612297515692,0.2937337743726591,3.6418449190062767,0.5240238235356972,0.8345111010960562,0.5006651485706868,2.301096833354647,2.301096833354647,1.2232673040272068,1.0778295293274398,0.0,0.0,0.0,0.0,1.9775947171720503,0.10376936983014652,0.21973274635244996,4.6166222893357105,505.2277705503813,400.6317122404157,0.0,502.9266737170267,1.9775947171720503,32.95661596167221,0.0,0.0,-874.7619992629991,0.0,1.4551915228366852e-11,0.0,0.0
film_only_hypothesis,stationary,1145.0976758111801,1145.0976758111801,19493.173249888725,90000.0,0.0,0.0,0.0,0.0,0.0,0.0,0.0,0.0,363.0,0.3241316632361343,0.08427423244139493,0.6622619381322321,0.2936315758142273,3.6490477525289284,0.5229531875518653,0.8342105171006685,0.4999980297945812,2.3083795027142417,2.3083795027142417,1.22310632637181,1.0852731763424315,0.0,0.0,0.0,0.0,1.9841614073352647,0.10375571678616996,0.22046237859280712,4.617000980100239,506.8267501112891,400.0264668829739,0.0,504.51837060857486,1.9841614073352647,33.066049853242184,0.0,0.0,-874.6525653714291,0.0,1.4551915228366852e-11,0.0,0.0
film_only_hypothesis,stationary,1148.7032960656827,1148.7032960656827,19491.57738183806,90000.0,0.0,0.0,0.0,0.0,0.0,0.0,0.0,0.0,364.0,0.32515227109760947,0.08453959048537847,0.6640496204070556,0.2935296510002133,3.6561984816282225,0.5218868160005146,0.8339107382359214,0.4993334233609008,2.3156480004728883,2.3156480004728883,1.222945671450523,1.0927023290223654,0.0,0.0,0.0,0.0,1.9907153184231652,0.10374209111381591,0.22119059093590718,4.617378995907256,508.4226181619603,399.42239929363575,0.0,506.1069701614874,1.9907153184231652,33.175270781522045,0.0,0.0,-874.5433444431493,0.0,1.8189894035458565e-11,0.0,0.0
film_only_hypothesis,stationary,1152.3018548334749,1152.3018548334749,19489.984639241604,90000.0,0.0,0.0,0.0,0.0,0.0,0.0,0.0,0.0,365.0,0.32617088013271306,0.0848044288345054,0.6658243669267538,0.2934279987361543,3.6632974677070154,0.5208247009956333,0.8336117609886893,0.49867131499004597,2.3229022631217053,2.3229022631217053,1.2227853406127556,1.1001169225089495,0.0,0.0,0.0,0.0,1.997256393174753,0.10372849292753547,0.22191737701941694,4.6177563331061755,510.01536075841403,398.81951475047373,0.0,507.6924584952923,1.997256393174753,33.28427779225726,0.0,0.0,-874.434337432414,0.0,1.8189894035458565e-11,0.0,0.0
