scenario,mode,extent_mol,reactor_h2_mol,water_kg,salt_mol,export_h2_mol,export_water_kg,export_salt_mol,outlet_separator_gas_mol,flow_pump_kwh,feed_water_kg,feed_salt_mol,circulated_water_kg,time_days,altered_fraction_proxy,expansion_loading,crack_opening_fraction,porosity,area_factor,passivation_factor,pore_access_factor,permeability_ratio,generated_h2_kg,retained_h2_kg,dissolved_h2_kg,free_h2_kg,exported_h2_kg,outlet_collected_h2_kg,outlet_uncollected_gas_h2_kg,outlet_residual_dissolved_h2_kg,endpoint_collected_h2_kg,endpoint_residual_h2_kg,endpoint_uncollected_gas_h2_kg,salt_molality,water_consumed_kg,remaining_reactive_fe_kg,flow_head_bar,solid_mass_gain_kg,total_deliverable_h2_kg,gross_electricity_kwh,outlet_delivered_electricity_kwh,new_feed_heater_kwh,standalone_engineering_balance_kwh,h2_balance_error_kg,water_balance_error_kg,salt_balance_error_kg,hydrogen_recovery_balance_error_kg
film_only_hypothesis,once_through,0.0,0.0,20000.0,90000.0,0.0,0.0,0.0,0.0,0.0,0.0,0.0,0.0,0.0,0.0,0.0,0.0,0.35,1.0,1.0,1.0,1.0,0.0,0.0,0.0,0.0,0.0,0.0,0.0,0.0,0.0,0.0,0.0,4.5,0.0,591.8704059999999,5.0,0.0,0.0,0.0,0.0,0.0,-907.7186152246713,0.0,0.0,0.0,0.0
film_only_hypothesis,once_through,5.35185556918524,4.550473131936617,19997.63123825811,89998.40386607028,0.8013824372486219,6666.666666666669,30001.596133929736,0.0,35.41484155299865,6666.666666666669,29999.999999999993,0.0,1.0,0.0015148977101981497,0.00039387340465151893,0.0,0.34960612659534845,1.0,0.9969747897778419,0.9988415488098484,0.9954210057690714,0.01078869860480914,0.009173207777208387,0.009173207777208387,0.0,0.0016154908276007518,0.0,0.0,0.0016154908276007518,0.0,0.009173207777208387,0.0,4.500453218373757,2.368761741895656,590.9737828772165,5.0230002893468715,2.357973043290847,0.0,0.0,0.0,243.73541403508773,-1186.8688708127577,1.1190381954406801e-18,2.7284841053187847e-12,1.2756820069625973e-12,0.0
film_only_hypothesis,once_through,10.67334249092356,7.7849349892696305,19995.275917852454,89994.24708478503,2.888407501653927,13333.333333333338,60005.75291521497,0.0,70.83627561866027,13333.333333333338,59999.99999999998,0.0,2.0,0.0030211992626927838,0.0007855118083001238,0.0,0.34921448819169987,1.0,0.9939758200514807,0.9976896711520585,0.9908857634650348,0.021516177660602983,0.01569349474616886,0.01569349474616886,0.0,0.005822682914434118,0.0,0.0,0.005822682914434118,0.0,0.01569349474616886,0.0,4.5007754558883155,4.724082147549061,590.0822475657831,5.045990349599401,4.702565969888458,0.0,0.0,0.0,487.47082807017546,-1466.025718913507,4.4761527817627206e-18,5.4569682106375694e-12,1.2756820069625973e-12,3.469446951953614e-18
film_only_hypothesis,once_through,15.964784471678826,10.076547450414749,19992.93389550872,89988.27224748259,5.888237021264071,20000.000000000007,90011.72775251744,0.0,106.26429207795361,20000.000000000007,89999.99999999997,0.0,3.0,0.004518996285924646,0.001174939034340408,0.0,0.3488250609656596,1.0,0.99100272731533,0.9965442969578223,0.986393633588735,0.03218308972076791,0.020313110474342082,0.020313110474342082,0.0,0.011869979246425813,0.0,0.0,0.011869979246425813,0.0,0.020313110474342082,0.0,4.501003840546778,7.066104491283915,589.1957458335373,5.068970266777583,7.0339214015631475,0.0,0.0,0.0,731.2062421052632,-1745.1891494078882,1.2533227788935619e-17,7.275957614183426e-12,3.401818685233593e-12,1.3877787807814457e-17
film_only_hypothesis,once_through,21.22650014218502,11.692763906992491,19990.605030199124,89981.01141330949,9.533736235192519,26666.666666666675,120018.98858669055,0.0,141.6988828545296,26666.666666666675,119999.99999999996,0.0,4.0,0.006008378971596981,0.001562178532615215,0.0,0.3484378214673848,1.0,0.9880551549510335,0.9954053572570141,0.9819439892170605,0.04279007710662794,0.02357120890482802,0.02357120890482802,0.0,0.019218868201799893,0.0,0.0,0.019218868201799893,0.0,0.02357120890482802,0.0,4.501164986121143,9.394969800876975,588.3142242986789,5.09194012581785,9.352179723770346,0.0,0.0,0.0,974.9416561403509,-2024.3591542195518,2.148553335246106e-17,-3.637978807091713e-12,5.953182699158788e-12,2.7755575615628914e-17
film_only_hypothesis,once_through,26.458803162363715,12.825265078584469,19988.289183096007,89972.84573294083,13.633538083779234,33333.33333333334,150027.1542670592,0.0,177.14004134976472,33333.33333333334,149999.99999999994,0.0,5.0,0.007489436104373506,0.0019472533871371116,0.0,0.34805274661286284,1.0,0.9851327530623538,0.994272784155479,0.9775362156926188,0.05333777211894576,0.025854195366616855,0.025854195366616855,0.0,0.02748357675232888,0.0,0.0,0.02748357675232888,0.0,0.025854195366616855,0.0,4.501277968753343,11.710816903995127,587.4376304121934,5.114900010591755,11.657479131876181,0.0,0.0,0.0,1218.6770701754388,-2303.535726749875,2.5066455577871237e-17,0.0,5.102728027850389e-12,2.7755575615628914e-17
film_only_hypothesis,once_through,31.662002323553693,13.611419527620722,19985.986217526555,89964.04819183379,18.05058279593296,40000.000000000015,180035.9518081662,0.0,212.58776203571148,40000.000000000015,179999.99999999994,0.0,6.0,0.008962255090815554,0.002330186323612044,0.0,0.34766981367638794,1.0,0.9822351783148396,0.9931465108129057,0.9731697103226176,0.06382679724400542,0.027438988397340058,0.027438988397340058,0.0,0.036387808846665336,0.0,0.0,0.036387808846665336,0.0,0.027438988397340058,0.0,4.501356461105758,14.0137824734428,586.5659124407233,5.137850003924227,13.949955676198796,0.0,0.0,0.0,1462.4124842105264,-2582.7188614709094,2.148553335246106e-17,0.0,3.401818685233593e-12,2.7755575615628914e-17
film_only_hypothesis,once_through,36.83640164813472,14.149667713615553,19983.695998928742,89954.81425084427,22.68673393451915,46666.666666666686,210045.1857491557,0.0,248.04204016181762,46666.666666666686,209999.99999999994,0.0,7.0,0.010426921987581604,0.002710999716771217,0.0,0.3472890002832288,1.0,0.9793620937801093,0.9920264714212612,0.9688438820866185,0.07425776535444181,0.02852403215052332,0.02852403215052332,0.0,0.045733733203918464,0.0,0.0,0.045733733203918464,0.0,0.02852403215052332,0.0,4.501410262429254,16.304001071256014,585.6990194498798,5.160790187611444,16.22974330590157,0.0,0.0,0.0,1706.1478982456144,-2861.9085536321036,2.864737780328141e-17,0.0,3.401818685233593e-12,2.7755575615628914e-17
film_only_hypothesis,once_through,41.982300486624624,14.510549648345682,19981.418394808323,89945.28381009665,27.47175083827893,53333.33333333336,240054.71618990332,0.0,283.5028715436109,53333.33333333336,239999.99999999994,0.0,8.0,0.011883521528911612,0.003089715597517019,0.0,0.34691028440248295,1.0,0.9765131687845964,0.9909126011837734,0.9645581513528713,0.08463127990497683,0.02925152682510709,0.02925152682510709,0.0,0.055379753079869726,0.0,0.0,0.055379753079869726,0.0,0.02925152682510709,0.0,4.501446395490458,18.581605191678097,584.8369012879732,5.183720642438295,18.49697391177312,0.0,0.0,0.0,1949.8833122807025,-3141.104799048984,2.864737780328141e-17,0.0,3.401818685233593e-12,1.3877787807814457e-17
film_only_hypothesis,once_through,47.099993612326074,14.744609449672923,19979.15327469695,89935.55695249785,32.355384162653145,60000.00000000003,270064.4430475021,0.0,318.9702524104315,60000.00000000003,269999.9999999999,0.0,9.0,0.013332137153417752,0.0034663556598886155,0.0,0.34653364434011136,1.0,0.9736880787626063,0.9898048362944453,0.9603119496029264,0.09494793512321588,0.02972336329740665,0.02972336329740665,0.0,0.06522457182580922,0.0,0.0,0.06522457182580922,0.0,0.02972336329740665,0.0,4.501469892940797,20.846725303050896,583.9795085701588,5.206641448195474,20.75177736792768,0.0,0.0,0.0,2193.6187263157904,-3420.3075939508926,1.4323688901640707e-17,0.0,3.401818685233593e-12,1.3877787807814457e-17
film_only_hypothesis,once_through,52.18977131359668,14.888061039849829,19976.900510111347,89925.70522806967,37.30171027374684,66666.6666666667,300074.2947719303,0.0,354.4441792956981,66666.6666666667,299999.9999999999,0.0,10.0,0.014772851030202414,0.0038409412678526277,0.0,0.34615905873214736,1.0,0.9708865051135411,0.9887031139180805,0.9561047191642471,0.10520831619565327,0.03001254448901247,0.03001254448901247,0.0,0.07519577170664078,0.0,0.0,0.07519577170664078,0.0,0.03001254448901247,0.0,4.501484361027558,23.09948988865403,583.1267926629765,5.229552683696211,22.994281572458377,0.0,0.0,0.0,2437.354140350878,-3699.516934871247,1.4323688901640707e-17,0.0,6.803637370467186e-12,1.3877787807814457e-17
film_only_hypothesis,once_through,57.251919483813474,14.966848944746143,19974.659974513477,89915.7797417678,42.28507053906732,73333.33333333337,330084.22025823215,0.0,389.9246489578145,73333.33333333337,329999.9999999999,0.0,11.0,0.016205744084323574,0.00421349346192413,0.0,0.34578650653807586,1.0,0.9681081350631537,0.9876073721708114,0.9519359129505489,0.1154129994490299,0.030171371450734855,0.030171371450734855,0.0,0.08524162799829502,0.0,0.0,0.08524162799829502,0.0,0.030171371450734855,0.0,4.501492383674875,25.340025486523714,582.2787056692792,5.252454426792636,25.224612487074683,0.0,0.0,0.0,2681.089554385966,-3978.732818568452,2.864737780328141e-17,0.0,3.401818685233593e-12,2.7755575615628914e-17
film_only_hypothesis,once_through,62.286719709100595,14.999558687006376,19972.431543271723,89905.81695001145,47.2871610220942,80000.00000000004,360094.18304998847,0.0,425.41165832314243,80000.00000000004,359999.9999999999,0.0,12.0,0.01763089602162702,0.004584032965623025,0.0,0.34541596703437694,1.0,0.9653526615286993,0.9865175501011088,0.9478049942096114,0.1255625525271817,0.03023731036596241,0.03023731036596241,0.0,0.09532524216121925,0.0,0.0,0.09532524216121925,0.0,0.03023731036596241,0.0,4.501495812126028,27.568456728281497,581.4352004135359,5.275346754391787,27.442894175754315,0.0,0.0,0.0,2924.8249684210537,-4257.955241968867,2.864737780328141e-17,0.0,0.0,5.551115123125783e-17
film_only_hypothesis,once_through,67.29444935388625,14.999502592216006,19970.215093623003,89895.84281486677,52.29494676167022,86666.66666666672,390104.15718513314,0.0,460.90520444487066,86666.66666666672,389999.9999999999,0.0,13.0,0.01904838535296413,0.004952580191770675,0.0,0.3450474198082293,1.0,0.962619782987854,0.9854335876712627,0.9437114362783028,0.1356575345635122,0.030237197285596398,0.030237197285596398,0.0,0.10542033727791575,0.0,0.0,0.10542033727791575,0.0,0.030237197285596398,0.0,4.501495972548278,29.784906377002276,580.5962304274966,5.298229742471286,29.649248842438762,0.0,0.0,0.0,3168.5603824561413,-4537.184202125683,5.729475560656283e-17,0.0,0.0,5.551115123125783e-17
film_only_hypothesis,once_through,72.27538164435303,14.976214572895536,19968.010504635855,89885.87578107994,57.299167071457475,93333.33333333339,420114.12421892,0.0,496.40528447333014,93333.33333333339,419999.9999999999,0.0,14.0,0.02045828941781334,0.005319155248631469,0.0,0.3446808447513685,1.0,0.9599092033512804,0.9843554257393192,0.939654722344583,0.1456984963492184,0.03019025143320865,0.03019025143320865,0.0,0.11550824491600968,0.0,0.0,0.11550824491600968,0.0,0.03019025143320865,0.0,4.5014938148300585,31.989495364149892,579.7617499362133,5.321103466094685,31.843796867800673,0.0,0.0,0.0,3412.2957964912293,-4816.41969618923,4.297106670492212e-17,0.0,3.401818685233593e-12,5.551115123125783e-17
film_only_hypothesis,once_through,77.2297857498435,14.936521315230301,19965.817657174397,89875.92890942526,62.293264434613185,100000.00000000006,450124.07109057467,0.0,531.9118956345542,100000.00000000006,449999.9999999999,0.0,15.0,0.02186068440732283,0.005683777945903936,0.0,0.34431622205409607,1.0,0.957220631838719,0.9832830060414591,0.9356343452162511,0.15568598049739452,0.030110234588946457,0.030110234588946457,0.0,0.12557574590844803,0.0,0.0,0.12557574590844803,0.0,0.030110234588946457,0.0,4.501490019224421,34.182342825607684,578.9317138444,5.343967999426487,34.02665684511029,0.0,0.0,0.0,3656.031210526317,-5095.6617213855425,2.864737780328141e-17,0.0,0.0,2.7755575615628914e-17
film_only_hypothesis,once_through,82.15792686228049,14.885309877735104,19963.636433863172,89866.0114053928,67.27261698454538,106666.66666666673,480133.98859460716,0.0,567.4250352147761,106666.66666666673,479999.9999999999,0.0,16.0,0.023255645386791247,0.006046467800565725,0.0,0.34395353219943425,1.0,0.9545537828584916,0.9822162711748067,0.9316498070962173,0.16562052160313398,0.03000699847632864,0.03000699847632864,0.0,0.13561352312680533,0.0,0.0,0.13561352312680533,0.0,0.03000699847632864,0.0,4.501485072777534,36.36356613683038,578.1060777231278,5.366823415746834,36.19794561522725,0.0,0.0,0.0,3899.7666245614055,-5374.910275000853,0.0,0.0,6.803637370467186e-12,0.0
film_only_hypothesis,once_through,87.06006627366008,14.82607772017034,19961.46671905286,89856.12971454076,72.23398855348972,113333.3333333334,510143.87028545915,0.0,602.9447005492028,113333.3333333334,509999.9999999999,0.0,17.0,0.024643246317602917,0.006407244042576758,0.0,0.3435927559574232,1.0,0.9519083758903085,0.9811551645806567,0.9277006193640792,0.1755026463997459,0.029887593554536983,0.029887593554536983,0.0,0.14561505284520884,0.0,0.0,0.14561505284520884,0.0,0.029887593554536983,0.0,4.501479324100703,38.53328094714292,577.2847977968422,5.3896697874659205,38.35777830074318,0.0,0.0,0.0,4143.502038596494,-5654.165354370368,2.864737780328141e-17,0.0,0.0,5.551115123125783e-17
film_only_hypothesis,once_through,91.93646145167286,14.761326815022311,19959.308398786794,89846.28830730692,77.17513463665054,120000.00000000007,540153.7116926931,0.0,638.4708890138678,120000.00000000007,539999.9999999999,0.0,18.0,0.02602356007863318,0.0067661256204446275,0.0,0.3432338743795553,1.0,0.9492841353712718,0.980099630528104,0.9237863023638018,0.18533287391119826,0.029757063499867176,0.029757063499867176,0.0,0.1555758104113311,0.0,0.0,0.1555758104113311,0.0,0.029757063499867176,0.0,4.501473022620771,40.691601213210866,576.4678309306938,5.412507186138077,40.506268339299666,0.0,0.0,0.0,4387.237452631581,-5933.42695687012,0.0,1.4551915228366852e-11,6.803637370467186e-12,0.0
film_only_hypothesis,once_through,96.78736611350729,14.692846028082512,19957.1613607683,89836.49024128605,82.09452008542478,126666.66666666674,570163.5097587139,0.0,674.0035980197025,126666.66666666674,569999.9999999999,0.0,19.0,0.027396658487139236,0.007123131206656201,0.0,0.3428768687933438,1.0,0.9466807905849725,0.97904961409807,0.9199063851972987,0.19511171560089705,0.029619014451090973,0.029619014451090973,0.0,0.16549270114980608,0.0,0.0,0.16549270114980608,0.0,0.029619014451090973,0.0,4.501466346706312,42.838639231706196,575.6551346181735,5.435335682475576,42.6435275161053,0.0,0.0,0.0,4630.972866666669,-6212.695079911043,0.0,0.0,6.803637370467186e-12,0.0
film_only_hypothesis,once_through,101.61303029788746,14.621913435551004,19955.025494328813,89826.73756404668,86.99111686233645,133333.3333333334,600173.2624359532,0.0,709.5428250082058,133333.3333333334,599999.9999999999,0.0,20.0,0.028762612319151122,0.007478279202979292,0.0,0.3425217207970207,1.0,0.9440980755535855,0.978005061167708,0.9160604055237226,0.20483967551690535,0.029476022856458558,0.029476022856458558,0.0,0.1753636526604468,0.0,0.0,0.1753636526604468,0.0,0.029476022856458558,0.0,4.501459423821598,44.974505671191615,574.8466669690433,5.458155346362165,44.76966599567471,0.0,0.0,0.0,4874.708280701756,-6491.969720934633,0.0,0.0,0.0,0.0
film_only_hypothesis,once_through,106.41370043539528,14.549441272020749,19952.90069039676,89817.03160168779,91.86425916337453,140000.00000000006,630182.9683983122,0.0,745.0885674482636,140000.00000000006,629999.9999999999,0.0,21.0,0.03012149132937718,0.007831587745638066,0.0,0.3421684122543619,1.0,0.9415357289328649,0.9769659183951821,0.9122479093642867,0.21451725043370462,0.029329927671441186,0.029329927671441186,0.0,0.18518732276226343,0.0,0.0,0.18518732276226343,0.0,0.029329927671441186,0.0,4.501452344967382,47.09930960324554,574.042386697556,5.480966246866297,46.884792352811836,0.0,0.0,0.0,5118.443694736844,-6771.250877409779,2.864737780328141e-17,0.0,6.803637370467186e-12,0.0
film_only_hypothesis,once_through,111.18961941712604,14.476079772522596,19950.786841467158,89807.37316552669,96.71353964460343,146666.66666666672,660192.6268344732,0.0,780.6408228337989,146666.66666666672,659999.9999999999,0.0,22.0,0.03147336427063767,0.008183074710365794,0.0,0.3418169252896342,1.0,0.9389934939099499,0.9759321332048065,0.9084684509124336,0.22414492999059601,0.029182039691832848,0.029182039691832848,0.0,0.19496289029876315,0.0,0.0,0.19496289029876315,0.0,0.029182039691832848,0.0,4.501445175027611,49.21315853284947,573.2422531109518,5.5037684522540955,48.989013602858876,0.0,0.0,0.0,5362.179108771931,-7050.538546830401,2.864737780328141e-17,0.0,0.0,2.7755575615628914e-17
film_only_hypothesis,once_through,115.94102666172431,14.402291562645065,19948.68384157195,89797.76270013038,101.53873509907925,153333.33333333337,690202.2372998695,0.0,816.1995886820195,153333.33333333337,689999.9999999999,0.0,23.0,0.03281829891284002,0.008532757717338406,0.0,0.34146724228266156,1.0,0.9364711181038935,0.9749036537725341,0.9047215923491789,0.2337231968268368,0.02903329151530493,0.02903329151530493,0.0,0.20468990531153186,0.0,0.0,0.20468990531153186,0.0,0.02903329151530493,0.0,4.501437960182457,51.316158428058465,572.446226098228,5.526562030002088,51.08243523123163,0.0,0.0,0.0,5605.914522807019,-7329.83272671371,0.0,0.0,0.0,0.0
film_only_hypothesis,once_through,120.66815818084578,14.328404947532054,19946.59158625103,89788.20038932216,106.33975323331373,160000.00000000003,720211.7996106778,0.0,851.7648625320971,160000.00000000003,719999.9999999999,0.0,24.0,0.03415636206150844,0.008880654135992195,0.0,0.3411193458640078,1.0,0.9339683534688278,0.9738804290117876,0.901006903663475,0.24325252671360337,0.028884344965630915,0.028884344965630915,0.0,0.21436818174797245,0.0,0.0,0.21436818174797245,0.0,0.028884344965630915,0.0,4.5014307332192125,53.408413748974894,571.654266119172,5.549347046809637,53.16516122226129,0.0,0.0,0.0,5849.649936842105,-7609.133414598873,0.0,0.0,0.0,0.0
film_only_hypothesis,once_through,125.37124664308895,14.25465208337363,19944.50997252396,89778.68623208144,111.11659455971531,166666.6666666667,750221.3137679184,0.0,887.3366419441579,166666.6666666667,749999.9999999999,0.0,25.0,0.035487619575880446,0.009226781089728917,0.0,0.34077321891027107,1.0,0.9314849561996854,0.9728624085596208,0.8973239624774236,0.25273338868287015,0.028735668041831232,0.028735668041831232,0.0,0.22399772064103887,0.0,0.0,0.22399772064103887,0.0,0.028735668041831232,0.0,4.501423517336988,55.49002747604498,570.8663341936501,5.5721235686111505,55.23729408736211,0.0,0.0,0.0,6093.385350877194,-7888.440608046023,2.864737780328141e-17,0.0,-6.803637370467186e-12,5.551115123125783e-17
film_only_hypothesis,once_through,130.05052143643942,14.181196318670123,19942.438898862307,89769.22009687568,115.8693251177693,173333.33333333334,780230.7799031242,0.0,922.9149244984974,173333.33333333334,779999.9999999999,0.0,26.0,0.03681213638658237,0.009571155460511417,0.0,0.3404288445394886,1.0,0.9290206866403973,0.9718495427632018,0.8936723538761951,0.2621662451532895,0.028587590034880726,0.028587590034880726,0.0,0.23357865511840878,0.0,0.0,0.23357865511840878,0.0,0.028587590034880726,0.0,4.501416328872238,57.561101137697015,570.0823918911461,5.594891660588031,57.29893489254373,0.0,0.0,0.0,6337.120764912281,-8167.754304635449,0.0,0.0,0.0,0.0
film_only_hypothesis,once_through,134.7062087292681,14.108151776998506,19940.378265162664,89759.80176054242,120.5980569522696,180000.0,810240.1982394574,0.0,958.4997077949589,180000.0,809999.9999999999,0.0,27.0,0.038129976512895514,0.009913793893352833,0.0,0.34008620610664714,1.0,0.9265753091944909,0.9708417826666093,0.8900516702424973,0.27155155205315695,0.028440341004215747,0.028440341004215747,0.0,0.24311121104894123,0.0,0.0,0.24311121104894123,0.0,0.028440341004215747,0.0,4.501409179251104,59.62173483733948,569.3024013205421,5.617651387180404,59.35018328528633,0.0,0.0,0.0,6580.856178947369,-8447.074501967,-2.864737780328141e-17,0.0,0.0,0.0
film_only_hypothesis,once_through,139.33853152992302,14.035597382012195,19938.327972720268,89750.43093610449,125.30293414791083,186666.66666666666,840249.5690638954,0.0,994.0909894524295,186666.66666666666,839999.9999999999,0.0,28.0,0.039441203079624246,0.010254712800702304,0.0,0.3397452871992977,1.0,0.9241485922380164,0.9698390799979345,0.8864615110954598,0.2808897589405412,0.028294080050450744,0.028294080050450744,0.0,0.2525956788900905,0.0,0.0,0.2525956788900905,0.0,0.028294080050450744,0.0,4.5014020763878255,61.67202727973677,568.5263251201343,5.640402812098594,61.39113752079623,0.0,0.0,0.0,6824.591592982456,-8726.401197659556,-2.864737780328141e-17,0.0,0.0,-5.551115123125783e-17
film_only_hypothesis,once_through,143.94770974495353,13.963586901319397,19936.287924203225,89741.10729265862,129.98412284363414,193333.3333333333,870258.8927073412,0.0,1029.6887671084223,193333.3333333333,869999.9999999999,0.0,29.0,0.04074587833357695,0.010593928366730008,0.0,0.33940607163326997,1.0,0.9217403080347268,0.9688413871566764,0.8829014829337916,0.29018130912065687,0.028148915562631743,0.028148915562631743,0.0,0.26203239355802516,0.0,0.0,0.26203239355802516,0.0,0.028148915562631743,0.0,4.501395025686318,63.71207579677949,567.7541264478792,5.6631459983343895,63.42189448765883,0.0,0.0,0.0,7068.327007017543,-9005.734389350637,0.0,0.0,0.0,0.0
film_only_hypothesis,once_through,148.5339602360045,13.892156138734508,19934.25802362734,89731.83046958744,134.64180409727,199999.99999999997,900268.1695304124,0.0,1065.2930384187202,199999.99999999997,899999.9999999999,0.0,30.0,0.042044063659670484,0.010931456551514326,0.0,0.33906854344848564,1.0,0.9193502326534485,0.9678486572014284,0.8793711990830827,0.2994266397605567,0.02800491971695212,0.02800491971695212,0.0,0.27142172004360465,0.0,0.0,0.27142172004360465,0.0,0.02800491971695212,0.0,4.501388030757484,65.74197637266622,566.9857689718609,5.685881008172069,65.44254973290566,0.0,0.0,0.0,7312.062421052629,-9285.07407469602,-5.729475560656283e-17,0.0,0.0,-5.551115123125783e-17
film_only_hypothesis,once_through,153.09749687541614,13.821328084030839,19932.238176331495,89722.6000867051,139.27616879138535,206666.66666666663,930277.3999132947,0.0,1100.903801057067,206666.66666666663,929999.9999999999,0.0,31.0,0.04333581959666834,0.011267313095133768,0.0,0.3387326869048662,1.0,0.9169781458875714,0.9668608438378418,0.8758702795471182,0.3086261820012139,0.027862138858036085,0.027862138858036085,0.0,0.2807640431431779,0.0,0.0,0.2807640431431779,0.0,0.027862138858036085,0.0,4.501381093932846,67.76182366851225,566.221216860977,5.7086079031992325,67.45319748651103,0.0,0.0,0.0,7555.797835087718,-9564.420251369456,-5.729475560656283e-17,0.0,-6.803637370467186e-12,-5.551115123125783e-17
film_only_hypothesis,once_through,157.6385306005654,13.75111659980195,19930.228288953607,89713.41575149285,143.88741400076347,213333.33333333328,960286.5842485069,0.0,1136.5210527148904,213333.33333333328,959999.9999999999,0.0,32.0,0.04462120585256247,0.011601513521666242,0.0,0.33839848647833376,1.0,0.9146238311765981,0.965877901406864,0.8723983508630867,0.31778036106706775,0.027720600931208754,0.027720600931208754,0.0,0.29005976013585905,0.0,0.0,0.29005976013585905,0.0,0.027720600931208754,0.0,4.50137421663237,69.77171104640145,565.4604347758343,5.731326744317396,69.45393068533438,0.0,0.0,0.0,7799.5332491228055,-9843.772917062366,-5.729475560656283e-17,0.0,-6.803637370467186e-12,-5.551115123125783e-17
film_only_hypothesis,once_through,162.15726946698186,13.681529060608622,19928.22826940711,89704.27706424915,148.47574040637323,219999.99999999997,990295.7229357506,0.0,1172.1447911010516,219999.99999999997,989999.9999999999,0.0,33.0,0.04590028131960835,0.01193407314309817,0.0,0.3380659268569018,1.0,0.9122870755296887,0.9648997848732406,0.8689550459605575,0.3268895963730994,0.027580320802699707,0.027580320802699707,0.0,0.29930927557039966,0.0,0.0,0.29930927557039966,0.0,0.027580320802699707,0.0,4.501367399627743,71.77173059289565,564.7033878598493,5.754037591752421,71.44484099652256,0.0,0.0,0.0,8043.2686631578945,-10123.132069483616,0.0,0.0,-6.803637370467186e-12,0.0
film_only_hypothesis,once_through,166.65391870027227,13.612568241794627,19926.23802685799,89695.18362174867,153.04135045847767,226666.66666666663,1020304.8163782512,0.0,1207.775013941613,226666.66666666663,1019999.9999999999,0.0,34.0,0.047173104089022685,0.012265007063145898,0.0,0.3377349929368541,1.0,0.909967669451143,0.9639264498142769,0.8655400040241249,0.33595430162950485,0.02744130406726895,0.02744130406726895,0.0,0.30851299756223594,0.0,0.0,0.30851299756223594,0.0,0.02744130406726895,0.0,4.501360643230858,73.76197314201667,563.9500417305499,5.77674050506467,73.42601884038717,0.0,0.0,0.0,8287.004077192982,-10402.497706359265,-5.729475560656283e-17,0.0,-6.803637370467186e-12,-5.551115123125783e-17
film_only_hypothesis,once_through,171.12868074688447,13.544233670972478,19924.25747170229,89686.13501983276,157.58444707591198,233333.33333333328,1050313.8649801672,0.0,1243.4117189796207,233333.33333333328,1050000.0,0.0,35.0,0.04843973146535272,0.012594330180991709,0.0,0.33740566981900827,1.0,0.9076654068677621,0.9629578524088479,0.8621528703595879,0.34497488494402945,0.027303549772639997,0.027303549772639997,0.0,0.3176713351713894,0.0,0.0,0.3176713351713894,0.0,0.027303549772639997,0.0,4.501353947428694,75.74252829771481,563.2003624710705,5.799435543159061,75.39755341277079,0.0,0.0,0.0,8530.73949122807,-10681.869825432363,0.0,0.0,0.0,5.551115123125783e-17
film_only_hypothesis,once_through,175.5817553237421,13.476522594735963,19922.28651554417,89677.13085523607,162.10523272900616,239999.99999999994,1080322.869144764,0.0,1279.0549039748983,239999.99999999994,1080000.0,0.0,36.0,0.04970021998052583,0.012922057194936717,0.0,0.33707794280506326,1.0,0.9053800850580335,0.9619939494266567,0.8587932962635814,0.3539517489220252,0.02716705236827633,0.02716705236827633,0.0,0.3267846965537489,0.0,0.0,0.3267846965537489,0.0,0.02716705236827633,0.0,4.501347311979796,77.71348445583745,562.4543166218368,5.82212276429484,77.35953270691542,0.0,0.0,0.0,8774.474905263156,-10961.248424462725,-5.729475560656283e-17,0.0,0.0,-5.551115123125783e-17
film_only_hypothesis,once_through,180.01333946678042,13.409430669859773,19920.325071174393,89668.17072686656,166.6039087969207,246666.6666666666,1110331.8292731333,0.0,1314.704566703847,246666.6666666666,1110000.0,0.0,37.0,0.05095462540758806,0.013248202605972896,0.0,0.3367517973940271,1.0,0.9031115045830865,0.9610346982177268,0.855460938896538,0.36288529076429327,0.02703180309875692,0.02703180309875692,0.0,0.33585348766553647,0.0,0.0,0.33585348766553647,0.0,0.02703180309875692,0.0,4.501340736483284,79.67492882561119,561.7118711724329,5.844802226095229,79.3120435348469,0.0,0.0,0.0,9018.210319298245,-11240.633501226763,-1.1458951121312565e-16,2.9103830456733704e-11,-1.3607274740934373e-11,-1.1102230246251565e-16
film_only_hypothesis,once_through,184.4236275784115,13.34295245723522,19918.373052549356,89659.25423669483,171.08067512117634,253333.33333333326,1140340.745763305,0.0,1350.3607049592567,253333.33333333326,1140000.0,0.0,38.0,0.05220300277413967,0.013572780721276314,0.0,0.33642721927872365,1.0,0.9008594692193672,0.9600800567021285,0.8521554611588898,0.37177590236276814,0.026897790999491335,0.026897790999491335,0.0,0.34487811136327695,0.0,0.0,0.34487811136327695,0.0,0.026897790999491335,0.0,4.501334220428175,81.6269474506503,560.9729935536508,5.867473985556865,81.25517154828754,0.0,0.0,0.0,9261.945733333332,-11520.02505351726,-1.1458951121312565e-16,0.0,0.0,-1.6653345369377348e-16
film_only_hypothesis,once_through,188.81281147394728,13.277081774578829,19916.4303747705,89650.38099036386,175.53572969936852,259999.9999999999,1170349.6190096359,0.0,1386.0233165501197,259999.9999999999,1170000.0,0.0,39.0,0.053445406375475644,0.013895805657623668,0.0,0.3361041943423763,1.0,0.8986237858929805,0.9591299833599304,0.8488765315704145,0.3806239703941008,0.026765003607737967,0.026765003607737967,0.0,0.35385896678636297,0.0,0.0,0.35385896678636297,0.0,0.026765003607737967,0.0,4.5013277632286,83.56962522950384,560.2376516297122,5.890138099059048,83.18900125910974,0.0,0.0,0.0,9505.681147368417,-11799.423079143207,-1.1458951121312565e-16,2.9103830456733704e-11,-1.3607274740934373e-11,-1.6653345369377348e-16
film_only_hypothesis,once_through,193.18108042700814,13.211811948042675,19914.496954064252,89641.55059760017,179.96926847896552,266666.66666666657,1200358.4494023996,0.0,1421.69239930145,266666.66666666657,1200000.0,0.0,40.0,0.05468188978743906,0.014217291344734156,0.0,0.3357827086552658,1.0,0.8964042646156529,0.9581844372213701,0.845623824152624,0.38942987641119714,0.026633427469820264,0.026633427469820264,0.0,0.36279644894137697,0.0,0.0,0.36279644894137697,0.0,0.026633427469820264,0.0,4.501321364248955,85.50304593575366,559.5058136906612,5.91279462237285,85.11361605934246,0.0,0.0,0.0,9749.416561403506,-12078.827575929627,-1.1458951121312565e-16,0.0,-1.3607274740934373e-11,-1.1102230246251565e-16
film_only_hypothesis,once_through,197.5286212139425,13.147135991461244,19912.57270776233,89632.76267248197,184.38148522248133,273333.33333333326,1230367.237327518,0.0,1457.367951054107,273333.33333333326,1230000.0,0.0,41.0,0.055912505878994496,0.01453725152853857,0.0,0.3354627484714614,1.0,0.8942007184222689,0.9572433778572395,0.8423970183141174,0.39819399693276236,0.026503048502466892,0.026503048502466892,0.0,0.37169094843029565,0.0,0.0,0.37169094843029565,0.0,0.026503048502466892,0.0,4.501315022821801,87.42729223767486,558.7774484449221,5.935443610670015,87.0290982407421,0.0,0.0,0.0,9993.151975438594,-12358.23854171737,-1.718842668196885e-16,0.0,0.0,-1.6653345369377348e-16
film_only_hypothesis,once_through,201.8556181572844,13.083046733810834,19910.657554282534,89624.01683360663,188.7725714234736,279999.99999999994,1260375.9831663934,0.0,1493.049969664623,279999.99999999994,1260000.0,0.0,42.0,0.05713730682452916,0.014855699774377581,0.0,0.3351443002256224,1.0,0.892012963309934,0.9563067653694778,0.8391957987388032,0.4069167035309064,0.02637385224975458,0.02637385224975458,0.0,0.38054285128115195,0.0,0.0,0.38054285128115195,0.0,0.02637385224975458,0.0,4.501308738260612,89.3424457174703,558.0525250120193,5.958085118531716,88.93552901393939,0.0,0.0,0.0,10236.887389473684,-12637.655974362979,-1.1458951121312565e-16,0.0,0.0,-1.1102230246251565e-16
film_only_hypothesis,once_through,206.16225316827237,13.019536909613732,19908.751413109916,89615.31270418603,193.1427162586587,286666.6666666666,1290384.6872958138,0.0,1528.738453005034,286666.6666666666,1290000.0,0.0,43.0,0.05835634411588829,0.015172649470130957,0.0,0.334827350529869,1.0,0.8898408181785236,0.9553745603819678,0.8360198552769074,0.41559836291685687,0.026245824065352127,0.026245824065352127,0.0,0.3893525388515049,0.0,0.0,0.3893525388515049,0.0,0.026245824065352127,0.0,4.501302509868817,91.24858689008975,557.3310129154535,5.980719199957153,90.8329885271729,0.0,0.0,0.0,10480.62280350877,-12917.079871738473,-1.1458951121312565e-16,0.0,-1.3607274740934373e-11,-1.6653345369377348e-16
film_only_hypothesis,once_through,210.44870578845533,12.95659922283515,19906.854204778363,89606.64991209094,197.49210656562025,293333.3333333333,1320393.3500879088,0.0,1564.4333989627125,293333.3333333333,1320000.0,0.0,44.0,0.059569668574152135,0.015488113829279556,0.0,0.3345118861707204,1.0,0.8876841047726729,0.9544467240315307,0.8328688828386943,0.4242393370248313,0.02611894924132892,0.02611894924132892,0.0,0.3981203877835025,0.0,0.0,0.3981203877835025,0.0,0.02611894924132892,0.0,4.501296336946202,93.14579522164485,556.6128820757311,6.003345908371959,92.72155588462002,0.0,0.0,0.0,10724.358217543857,-13196.51023173124,-1.1458951121312565e-16,0.0,-1.3607274740934373e-11,-1.1102230246251565e-16
film_only_hypothesis,once_through,214.7151532304076,12.894226391824649,19904.965850852575,89598.02808985952,201.820926838583,300000.0,1350401.9719101402,0.0,1600.134805440205,300000.0,1350000.0,0.0,45.0,0.06077733036116075,0.015802105893901797,0.0,0.3341978941060982,1.0,0.8855426476251678,0.9535232179591123,0.8297425812908089,0.43283998309411403,0.02599321309875147,0.02599321309875147,0.0,0.4068467699953627,0.0,0.0,0.4068467699953627,0.0,0.02599321309875147,0.0,4.501290218793409,95.03414914742982,555.8981028035436,6.025965296636494,94.6013091643357,0.0,0.0,0.0,10968.09363157895,-13475.947052243824,-1.1458951121312565e-16,0.0,-1.3607274740934373e-11,-1.1102230246251565e-16
film_only_hypothesis,once_through,218.96177041757662,12.832411180708135,19903.08627391045,89589.44687468043,206.12935923686854,306666.6666666667,1380410.5531253193,0.0,1635.8426703550697,306666.6666666667,1380000.0,0.0,46.0,0.0619793789907933,0.01611463853760626,0.0,0.3338853614623937,1.0,0.8834162740016971,0.9526040043011581,0.8266406553551772,0.4414006537493843,0.025868601050965914,0.025868601050965914,0.0,0.41553205269841853,0.0,0.0,0.41553205269841853,0.0,0.025868601050965914,0.0,4.501284154715086,96.91372608955831,555.1866457930913,6.048577417053948,96.47232543580893,0.0,0.0,0.0,11211.829045614035,-13755.390331193776,-1.1458951121312565e-16,0.0,-1.3607274740934373e-11,-1.1102230246251565e-16
film_only_hypothesis,once_through,223.1887300232849,12.771146421100122,19901.215397525782,89580.90590835824,210.41758360218483,313333.3333333334,1410419.0940916415,0.0,1671.5569916397192,313333.3333333334,1410000.0,0.0,47.0,0.06317586334000798,0.016425724468402077,0.0,0.3335742755315979,1.0,0.881304813846928,0.9516890456811704,0.82356281451038,0.44992169707933954,0.02574509864736731,0.02574509864736731,0.0,0.4241765984319723,0.0,0.0,0.4241765984319723,0.0,0.02574509864736731,0.0,4.501278144022067,98.78460247422585,554.4784821155489,6.07118232137833,98.33468077714652,0.0,0.0,0.0,11455.564459649124,-14034.840066513514,-1.1458951121312565e-16,0.0,-1.3607274740934373e-11,-5.551115123125783e-17
film_only_hypothesis,once_through,227.39620250890798,12.710425026906465,19899.353146251404,89572.40483726718,214.68577748200155,320000.00000000006,1440427.5951627325,0.0,1707.2777672412642,320000.00000000006,1440000.0,0.0,48.0,0.06436683165964865,0.016735376231508652,0.0,0.3332646237684913,1.0,0.8792080997318676,0.9507783052014451,0.820508772895442,0.4584034567136574,0.025622691603240204,0.025622691603240204,0.0,0.43278076511041724,0.0,0.0,0.43278076511041724,0.0,0.025622691603240204,0.0,4.501272186032873,100.64685374860765,553.77358321267,6.0937800608222785,100.188450291894,0.0,0.0,0.0,11699.29987368421,-14314.296256150144,-1.1458951121312565e-16,0.0,-1.3607274740934373e-11,-5.551115123125783e-17
film_only_hypothesis,once_through,231.58435616124873,12.65024000419962,19897.49944560261,89563.94331229606,218.93411615704917,326666.66666666674,1470436.0566877036,0.0,1743.004995121359,326666.66666666674,1470000.0,0.0,49.0,0.06555233158502405,0.017043606212106252,0.0,0.3329563937878937,1.0,0.8771259668024737,0.9498717464349815,0.8174782492159547,0.46684627189833805,0.02550136581966593,0.02550136581966593,0.0,0.44134490607867227,0.0,0.0,0.44134490607867227,0.0,0.02550136581966593,0.0,4.5012662800747,102.5005543974007,553.0719208905251,6.116370686064751,102.03370812550237,0.0,0.0,0.0,11943.035287719302,-14593.75889806533,-1.1458951121312565e-16,0.0,-2.7214549481868745e-11,-1.6653345369377348e-16
film_only_hypothesis,once_through,235.75335712912866,12.590584457585251,19895.654222040994,89555.5209887884,223.16277267154345,333333.33333333343,1500444.4790112113,0.0,1778.7386732560512,333333.33333333343,1500000.0,0.0,50.0,0.06673241014626531,0.017350426638028982,0.0,0.332649573361971,1.0,0.8750582527294815,0.9489693334175617,0.8144709666524746,0.47525047756946787,0.025381107396356954,0.025381107396356954,0.0,0.44986937017311096,0.0,0.0,0.44986937017311096,0.0,0.025381107396356954,0.0,4.501260425484081,104.34577795901923,552.3734673133714,6.138954247258567,103.87052748144976,0.0,0.0,0.0,12186.770701754389,-14873.227990235111,-1.1458951121312565e-16,0.0,-1.3607274740934373e-11,-5.551115123125783e-17
film_only_hypothesis,once_through,239.90336945921533,12.531451594074957,19893.81740295856,89547.13752647837,227.37191786514043,340000.0000000001,1530452.8624735214,0.0,1814.4787996356315,340000.0000000001,1530000.0,0.0,51.0,0.06790711377846731,0.0176558495824015,0.0,0.33234415041759846,1.0,0.873004797659412,0.9480710306399955,0.8114866527711303,0.48361640442544296,0.02526190263946382,0.02526190263946382,0.0,0.45835450178597925,0.0,0.0,0.45835450178597925,0.0,0.02526190263946382,0.0,4.501254621607271,106.18259704145218,551.6781949976503,6.161530794037826,105.69898063702674,0.0,0.0,0.0,12430.506115789478,-15152.70353064978,-1.1458951121312565e-16,0.0,-1.3607274740934373e-11,-1.1102230246251565e-16
film_only_hypothesis,once_through,244.03455513110524,12.472834725191252,19891.988916662223,89538.79258942549,231.56172040591403,346666.6666666668,1560461.2074105742,0.0,1850.2253722644878,346666.6666666668,1560000.0,0.0,52.0,0.0690764883316192,0.01795988696622099,0.0,0.332040113033779,1.0,0.8709654441667286,0.9471768030405265,0.8085250394363772,0.4919443789976924,0.025143738065818537,0.025143738065818537,0.0,0.46680064093187396,0.0,0.0,0.46680064093187396,0.0,0.025143738065818537,0.0,4.501248867800478,108.01108333779109,550.9860768061102,6.1841003755251664,107.5191389587934,0.0,0.0,0.0,12674.241529824563,-15432.185517313721,-1.1458951121312565e-16,0.0,-1.3607274740934373e-11,-1.1102230246251565e-16
film_only_hypothesis,once_through,248.14707409168034,12.414727267823881,19890.168692358577,89530.48584594768,235.73234682385652,353333.3333333335,1590469.5141540521,0.0,1885.978389160958,353333.3333333335,1590000.0,0.0,53.0,0.0702405790803294,0.018262550560885642,0.0,0.3317374494391143,1.0,0.8689400372071123,0.9462866159973952,0.805585862725837,0.5002347237199365,0.025026600404660804,0.025026600404660804,0.0,0.47520812331527584,0.0,0.0,0.47520812331527584,0.0,0.025026600404660804,0.0,4.501243163429961,109.83130764143647,550.2970859420503,6.206663040338926,109.33107291771653,0.0,0.0,0.0,12917.976943859652,-15711.673948245281,-1.1458951121312565e-16,0.0,-1.3607274740934373e-11,-1.1102230246251565e-16
film_only_hypothesis,once_through,252.24108428875644,12.357122744208674,19888.356660139023,89522.2169685543,239.88396154454784,360000.0000000002,1620477.7830314452,0.0,1921.7378483571895,360000.0000000002,1620000.0,0.0,54.0,0.07139943073335012,0.01856385199067103,0.0,0.33143614800932897,1.0,0.8669284240718226,0.9454004353215558,0.8026688628471683,0.5084877569960183,0.02491047659759538,0.02491047659759538,0.0,0.48357728039842307,0.0,0.0,0.48357728039842307,0.0,0.02491047659759538,0.0,4.501237507872032,111.64333986099074,549.6111959436831,6.229218836600146,111.13485210399472,0.0,0.0,0.0,13161.712357894743,-15991.168821476604,-1.718842668196885e-16,0.0,-2.7214549481868745e-11,-1.1102230246251565e-16
film_only_hypothesis,once_through,256.31674170404057,12.300014781294,19886.552750965166,89513.98563387926,244.0167269227466,366666.66666666686,1650486.0143661203,0.0,1957.5037478989962,366666.66666666686,1650000.0,0.0,55.0,0.07255308744290627,0.01886380273515563,0.0,0.33113619726484433,1.0,0.8649304543431166,0.9445182272495423,0.7997737840569051,0.5167037932663413,0.024795353797314946,0.024795353797314946,0.0,0.4919084394690264,0.0,0.0,0.4919084394690264,0.0,0.024795353797314946,0.0,4.501231900513015,113.44724903484538,548.9283806786135,6.251767811939485,112.93054524157904,0.0,0.0,0.0,13405.44777192983,-16270.670135053497,-1.1458951121312565e-16,0.0,-2.7214549481868745e-11,0.0
film_only_hypothesis,once_through,260.37420038541427,12.243397109684244,19884.75689665454,89505.79152261451,248.13080327573007,373333.33333333355,1680494.2084773853,0.0,1993.276085845721,373333.33333333355,1680000.0,0.0,56.0,0.07370159281383361,0.01916241413159674,0.0,0.33083758586840323,1.0,0.8629459798506961,0.9436399584364802,0.7969003745812192,0.5248831430729489,0.024681219365470273,0.024681219365470273,0.0,0.5002019237074787,0.0,0.0,0.5002019237074787,0.0,0.024681219365470273,0.0,4.501226340749138,115.24310334546976,548.2486143384295,6.27431001350396,114.71822020239681,0.0,0.0,0.0,13649.18318596492,-16550.177887035312,-1.1458951121312565e-16,0.0,-1.3607274740934373e-11,-1.1102230246251565e-16
film_only_hypothesis,once_through,264.4136124785598,12.187263562295392,19882.969029866603,89497.63431944448,252.22634891626447,380000.00000000023,1710502.3656805553,0.0,2029.0548602700974,380000.00000000023,1710000.0,0.0,57.0,0.07484498991253082,0.01945969737725801,0.0,0.330540302622742,1.0,0.8609748546291562,0.9427655959492411,0.7940483865385393,0.5330261131232791,0.024568060869960034,0.024568060869960034,0.0,0.5084580522533192,0.0,0.0,0.5084580522533192,0.0,0.024568060869960034,0.0,4.501220827986419,117.03097013340897,547.5718714334045,6.296845487963628,116.49794402028569,0.0,0.0,0.0,13892.918600000006,-16829.692075494775,-1.1458951121312565e-16,0.0,-1.3607274740934373e-11,-1.1102230246251565e-16
film_only_hypothesis,once_through,268.4351282579443,12.131608072818882,19881.189084089012,89489.51371298119,256.3035201851255,386666.6666666669,1740510.4862870187,0.0,2064.840069258115,386666.6666666669,1740000.0,0.0,58.0,0.07598332127572992,0.01975566353168978,0.0,0.3302443364683102,1.0,0.8590169348764066,0.9418951072597359,0.791217575863989,0.5411330063526247,0.024455866081834126,0.024455866081834126,0.0,0.5166771402707907,0.0,0.0,0.5166771402707907,0.0,0.024455866081834126,0.0,4.501215361640516,118.81091591099765,546.8981267873053,6.319374281518114,118.26978290464503,0.0,0.0,0.0,14136.654014035097,-17109.212698517884,-1.1458951121312565e-16,0.0,0.0,-1.1102230246251565e-16
film_only_hypothesis,once_through,272.438896157178,12.076424674062299,19879.416993624214,89481.4293957006,260.36247148311577,393333.3333333336,1770518.5706042994,0.0,2100.631710908886,393333.3333333336,1770000.0,0.0,59.0,0.07711662891908946,0.02005032351896326,0.0,0.32994967648103674,1.0,0.8570720789130424,0.9410284602383434,0.7884077022355894,0.549204121985332,0.024344622971948705,0.024344622971948705,0.0,0.5248594990133834,0.0,0.0,0.5248594990133834,0.0,0.024344622971948705,0.0,4.501209941136571,120.58300637579669,546.2273555323071,6.341896439903014,120.03380225381136,0.0,0.0,0.0,14380.389428070184,-17388.739754203743,-1.1458951121312565e-16,0.0,0.0,-1.1102230246251565e-16
film_only_hypothesis,once_through,276.42506279876176,12.021707496215475,19877.652693576252,89473.38106387992,264.40335530254634,400000.0000000003,1800526.61893612,0.0,2136.429783334514,400000.0000000003,1800000.0,0.0,60.0,0.0782449543456149,0.020343688129859875,0.0,0.3296563118701401,1.0,0.8551401471426352,0.940165623147471,0.7856185290021702,0.5572397555947678,0.02423431970747085,0.02423431970747085,0.0,0.5330054358872971,0.0,0.0,0.5330054358872971,0.0,0.02423431970747085,0.0,4.501204565909059,122.34730642375962,545.5595331040095,6.364412008396237,121.79006666816485,0.0,0.0,0.0,14624.12484210527,-17668.273240664457,-1.1458951121312565e-16,0.0,0.0,-1.1102230246251565e-16
film_only_hypothesis,once_through,280.3937730232379,11.967450765076336,19875.89611983788,89465.3684175359,268.42632225816163,406666.666666667,1830534.631582464,0.0,2172.234284659963,406666.666666667,1830000.0,0.0,61.0,0.07936833855391,0.0206357680240166,0.0,0.32936423197598336,1.0,0.8532210020129243,0.9393065646352452,0.7828498231129598,0.5652401991620848,0.02412494464830208,0.02412494464830208,0.0,0.5411152545137828,0.0,0.0,0.5411152545137828,0.0,0.02412494464830208,0.0,4.5011992354016,124.10388016213507,544.8946352365517,6.386921031824177,123.53863996297298,0.0,0.0,0.0,14867.86025614036,-17947.813156024997,-1.1458951121312565e-16,0.0,0.0,-1.1102230246251565e-16
film_only_hypothesis,once_through,284.3451699177594,11.913648800260878,19874.147209077903,89457.39116036444,272.4315211174985,413333.33333333366,1860542.6088396357,0.0,2208.0452130229314,413333.33333333366,1860000.0,0.0,62.0,0.08048682204626366,0.020926573732028553,0.0,0.3290734262679714,1.0,0.8513145079778802,0.9384512537293278,0.780101355048793,0.5732057411338127,0.0240164863434699,0.0240164863434699,0.0,0.5491892547903429,0.0,0.0,0.5491892547903429,0.0,0.0240164863434699,0.0,4.501193949066808,125.85279092211151,544.2326379578282,6.409423554567811,125.27958518097769,0.0,0.0,0.0,15111.595670175446,-18227.35949842305,0.0,0.0,1.3607274740934373e-11,0.0
film_only_hypothesis,once_through,288.27939484409046,11.860296013414171,19872.405898728804,89449.44899968113,276.4190988306762,420000.00000000035,1890550.551000319,0.0,2243.862566573723,420000.00000000035,1890000.0,0.0,63.0,0.08160044483657576,0.0212161156575097,0.0,0.3287838843424903,1.0,0.849420531460621,0.9375996598308538,0.777372898754898,0.5811366664783051,0.023908933527521357,0.023908933527521357,0.0,0.5572277329507835,0.0,0.0,0.5572277329507835,0.0,0.023908933527521357,0.0,4.501188706366098,127.59410127121049,543.5735175847952,6.431919620568707,127.01296460473219,0.0,0.0,0.0,15355.331084210538,-18506.912266008934,1.1458951121312565e-16,0.0,0.0,2.220446049250313e-16
film_only_hypothesis,once_through,292.19658746605273,11.807386906434209,19870.67212697458,89441.54164636337,280.3892005596185,426666.66666666704,1920558.4583536366,0.0,2279.6863434751253,426666.66666666704,1920000.0,0.0,64.0,0.08270924645812608,0.02150440407911278,0.0,0.3284955959208872,1.0,0.8475389408171558,0.9367517527084918,0.774664231575228,0.5890332567410663,0.023802275116942592,0.023802275116942592,0.0,0.5652309816241237,0.0,0.0,0.5652309816241237,0.0,0.023802275116942592,0.0,4.501183506769549,129.32787302543457,542.9172507188748,6.454409273334892,128.7388397686935,0.0,0.0,0.0,15599.066498245626,-18786.471456945423,1.1458951121312565e-16,0.0,0.0,1.1102230246251565e-16
film_only_hypothesis,once_through,296.0968857764298,11.754916069716796,19868.94583273884,89433.66881479287,284.34196970671303,433333.3333333337,1950566.3311852072,0.0,2315.516541902285,433333.3333333337,1950000.0,0.0,65.0,0.08381326597118993,0.021791449152509385,0.0,0.32820855084749057,1.0,0.8456696063009359,0.9359075024926193,0.7719751341882836,0.5968957900989893,0.02369650020662069,0.02369650020662069,0.0,0.5731992898923686,0.0,0.0,0.5731992898923686,0.0,0.02369650020662069,0.0,4.501178349755704,131.0541672611753,542.2638142414457,6.476892555946637,130.45727147107633,0.0,0.0,0.0,15842.80191228071,-19066.03706940767,0.0,0.0,0.0,0.0
film_only_hypothesis,once_through,299.98042612334297,11.702878180426826,19867.226955673126,89425.83022279998,288.27754794291616,440000.0000000004,1980574.1697772,0.0,2351.3531600425863,440000.0000000004,1980000.0,0.0,66.0,0.08491254197050405,0.022077260912331052,0.0,0.32792273908766895,1.0,0.8438124000281927,0.9350668796696147,0.7693053905443947,0.6047245414135246,0.023591598066358827,0.023591598066358827,0.0,0.5811329433471658,0.0,0.0,0.5811329433471658,0.0,0.023591598066358827,0.0,4.501173234811427,132.7730443268874,541.6131853094257,6.499369511062151,132.16831978547387,0.0,0.0,0.0,16086.5373263158,-19345.609101583057,0.0,0.0,0.0,0.0
film_only_hypothesis,once_through,303.84734323611,11.651268000799735,19865.515436145477,89418.02559160866,292.1960752353103,446666.6666666671,2010581.9744083914,0.0,2387.1961960955327,446666.6666666671,2010000.0,0.0,67.0,0.08600711259258619,0.02236184927407241,0.0,0.32763815072592756,1.0,0.8419671959440396,0.9342298550762576,0.7666547878044205,0.6125197822828095,0.02348755813745217,0.02348755813745217,0.0,0.5890322241453573,0.0,0.0,0.5890322241453573,0.0,0.02348755813745217,0.0,4.501168161431734,134.4845638545339,540.9653413509383,6.521840180923174,133.87204407225107,0.0,0.0,0.0,16330.272740350892,-19625.187551671097,0.0,0.0,0.0,0.0
film_only_hypothesis,once_through,307.69777025060034,11.600080376475232,19863.8112152292,89410.25464578276,296.09768987412514,453333.3333333338,2040589.7453542172,0.0,2423.045648272627,453333.3333333338,2040000.0,0.0,68.0,0.08709701552291217,0.022645224035957166,0.0,0.32735477596404283,1.0,0.8401338697893213,0.9333963998942437,0.7640231162798313,0.6202817810927802,0.023384370029328888,0.023384370029328888,0.0,0.5968974110634513,0.0,0.0,0.5968974110634513,0.0,0.023384370029328888,0.0,4.501163129119634,136.1887847708085,540.3202600610656,6.5443046073604645,135.5685029897157,0.0,0.0,0.0,16574.008154385978,-19904.772417883276,0.0,0.0,0.0,0.0
film_only_hypothesis,once_through,311.5318387340969,11.549310234864798,19862.11423469187,89402.51711317313,299.98252849923216,460000.00000000047,2070597.482886827,0.0,2458.9015147972577,460000.00000000047,2070000.0,0.0,69.0,0.08818228800295334,0.02292739488076787,0.0,0.3270726051192321,1.0,0.8383122990681882,0.9325664856448003,0.7614101693741335,0.6280108030672912,0.023282023516259246,0.023282023516259246,0.0,0.6047287795510321,0.0,0.0,0.6047287795510321,0.0,0.023282023516259246,0.0,4.501158137385976,137.8857653081396,539.6779193976831,6.566762831799209,137.2577545050723,0.0,0.0,0.0,16817.743568421065,-20184.363698442994,-1.1458951121312565e-16,0.0,0.0,-2.220446049250313e-16
film_only_hypothesis,once_through,315.3496787096771,11.49895258355347,19860.42443698453,89394.81272486596,303.8507261261237,466666.66666666715,2100605.1872751345,0.0,2494.7637939045803,466666.66666666715,2099999.9999999995,0.0,70.0,0.08926296683707777,0.02320837137764022,0.0,0.3267916286223598,1.0,0.8365023630163801,0.9317400841834111,0.7588157435256067,0.6357071103172638,0.023180508534133767,0.023180508534133767,0.0,0.6125266017831301,0.0,0.0,0.6125266017831301,0.0,0.023180508534133767,0.0,4.50115318574929,139.57556301548152,539.0382975773742,6.589214895264323,138.93985590516425,0.0,0.0,0.0,17061.478982456152,-20463.961391585406,-1.1458951121312565e-16,0.0,5.442909896373749e-11,-1.1102230246251565e-16
film_only_hypothesis,once_through,319.15141868012347,11.449002508736255,19858.741765231112,89387.141215132,307.70241617138726,473333.33333333384,2130612.8587848684,0.0,2530.632483841406,473333.33333333384,2129999.9999999995,0.0,71.0,0.09033908839931842,0.02348816298382279,0.0,0.3265118370161772,1.0,0.8347039425701986,0.9309171676946388,0.7562396381513108,0.6433709618888872,0.02307981517731124,0.02307981517731124,0.0,0.6202911467115761,0.0,0.0,0.6202911467115761,0.0,0.02307981517731124,0.0,4.501148273735646,141.2582347688973,538.4013730714254,6.611660838385708,140.61486380700842,0.0,0.0,0.0,17305.214396491243,-20743.565495557323,-1.1458951121312565e-16,0.0,5.442909896373749e-11,-2.220446049250313e-16
film_only_hypothesis,once_through,322.9371856513752,11.399455173688931,19857.06616321807,89379.5023213768,311.53773047768635,480000.0000000005,2160620.4976786235,0.0,2566.50758286609,480000.0000000005,2159999.9999999995,0.0,72.0,0.09141068864001142,0.02376677904640297,0.0,0.326233220953597,1.0,0.8329169203361522,0.9300977086870501,0.7536816555923432,0.6510026138108942,0.02297993369553604,0.02297993369553604,0.0,0.6280226801153583,0.0,0.0,0.6280226801153583,0.0,0.02297993369553604,0.0,4.501143400878501,142.93383678193865,537.7671246018967,6.634100701403347,142.28283416812775,0.0,0.0,0.0,17548.949810526334,-21023.176008617098,-1.1458951121312565e-16,0.0,5.442909896373749e-11,-2.220446049250313e-16
film_only_hypothesis,once_through,326.7071051555305,11.350305817272995,19855.397575384184,89371.89578409206,315.35679933825753,486666.6666666672,2190628.1042159083,0.0,2602.3890892484196,486666.6666666672,2189999.9999999995,0.0,73.0,0.092477803092307,0.024044228803999822,0.0,0.32595577119600017,1.0,0.8311411805612563,0.9292816799882359,0.7511416010602996,0.6586023191409307,0.022880854490924283,0.022880854490924283,0.0,0.6357214646500066,0.0,0.0,0.6357214646500066,0.0,0.022880854490924283,0.0,4.501138566718566,144.60242461582683,537.1355311377681,6.656534524172379,143.9438222966859,0.0,0.0,0.0,17792.685224561417,-21302.79292903451,-1.1458951121312565e-16,0.0,5.442909896373749e-11,-1.1102230246251565e-16
film_only_hypothesis,once_through,330.46130127341075,11.301549752474163,19853.735946810568,89364.32134680753,319.1597515209366,493333.3333333339,2220635.6786531927,0.0,2638.277001269506,493333.3333333339,2219999.9999999995,0.0,74.0,0.09354046687855665,0.024320521388424728,0.0,0.32567947861157526,1.0,0.8293766091039724,0.9284690547399272,0.7486192825849137,0.6661703280110433,0.022782568115017613,0.022782568115017613,0.0,0.6433877598960256,0.0,0.0,0.6433877598960256,0.0,0.022782568115017613,0.0,4.501133770803655,146.26405318943984,536.5065718911591,6.678962346168079,145.5978828614288,0.0,0.0,0.0,18036.420638596508,-21582.416255090688,0.0,0.0,2.7214549481868745e-11,0.0
film_only_hypothesis,once_through,334.19989665669596,11.253182364973858,19852.081223210902,89356.77875604427,322.9467142917221,500000.0000000006,2250643.221243956,0.0,2674.171317221676,500000.0000000006,2249999.9999999995,0.0,75.0,0.09459871471657862,0.02459566582631044,0.0,0.3254043341736895,1.0,0.827623093405769,0.9276598063932046,0.7461145109628509,0.6737068876723001,0.022685065265903498,0.022685065265903498,0.0,0.6510218224063967,0.0,0.0,0.6510218224063967,0.0,0.022685065265903498,0.0,4.501129012688554,147.91877678910936,535.8802263136204,6.701384206490726,147.24506990143706,0.0,0.0,0.0,18280.15605263159,-21862.04598507794,0.0,0.0,5.442909896373749e-11,-1.1102230246251565e-16
film_only_hypothesis,once_through,337.92301254964127,11.205199111753004,19850.43335092178,89349.26776126854,326.7178134378883,506666.66666666727,2280650.732238732,0.0,2710.0720354083664,506666.66666666727,2279999.9999999995,0.0,76.0,0.09565258092580516,0.02486967104070934,0.0,0.3251303289592906,1.0,0.8258805224632901,0.926853908703796,0.7436270997076158,0.6812122425385708,0.022588336785400644,0.022588336785400644,0.0,0.6586239057531702,0.0,0.0,0.6586239057531702,0.0,0.022588336785400644,0.0,4.50112429193489,149.56664907823304,535.2564740924959,6.723800143870407,148.88543683569446,0.0,0.0,0.0,18523.891466666682,-22141.682117299722,-1.1458951121312565e-16,5.820766091346741e-11,5.442909896373749e-11,0.0
film_only_hypothesis,once_through,341.6307688103843,11.157595519727456,19848.79227689331,89341.78811484667,330.47317329065686,513333.33333333395,2310658.211885154,0.0,2745.979154144018,513333.33333333395,2309999.9999999995,0.0,77.0,0.09670209943331369,0.02514254585266156,0.0,0.3248574541473384,1.0,0.8241487868011149,0.926051335727466,0.741156865000551,0.6886866342294775,0.022492373656308184,0.022492373656308184,0.0,0.6661942605731693,0.0,0.0,0.6661942605731693,0.0,0.022492373656308184,0.0,4.501119608111001,151.20772310670486,534.6352951473522,6.74621019667177,150.5190364724754,0.0,0.0,0.0,18767.626880701773,-22421.324650070463,0.0,0.0,5.442909896373749e-11,0.0
film_only_hypothesis,once_through,345.32328393185173,11.110367184414313,19847.157948679844,89334.3395720008,334.21291674743736,520000.00000000064,2340665.6604279997,0.0,2781.8926717539725,520000.00000000064,2339999.9999999995,0.0,78.0,0.09774730377974462,0.025414298982733605,0.0,0.32458570101726636,1.0,0.8224277784450946,0.9252520618154894,0.7387036256429017,0.6961303016125412,0.022397166999717125,0.022397166999717125,0.0,0.673733134612824,0.0,0.0,0.673733134612824,0.0,0.022397166999717125,0.0,4.501114960791803,152.84205132016874,534.0166696264772,6.768614402898654,152.1459210185562,0.0,0.0,0.0,19011.36229473686,-22700.973581715505,1.1458951121312565e-16,5.820766091346741e-11,5.442909896373749e-11,0.0
film_only_hypothesis,once_through,349.0006750622752,11.063509768628277,19845.530314430915,89326.92189076525,337.93716529364684,526666.6666666673,2370673.078109235,0.0,2817.8125865743705,526666.6666666673,2369999.9999999995,0.0,79.0,0.09878822712510867,0.025684939052528253,0.0,0.3243150609474717,1.0,0.8207173908962522,0.924456061610211,0.7362672030089121,0.7035434808445393,0.02230270807238237,0.02230270807238237,0.0,0.6812407727721568,0.0,0.0,0.6812407727721568,0.0,0.02230270807238237,0.0,4.501110349558667,154.4696855690989,533.4005779034417,6.7910128001986765,153.76614208825438,0.0,0.0,0.0,19255.097708771948,-22980.62891057099,2.291790224262513e-16,0.0,5.442909896373749e-11,2.220446049250313e-16
film_only_hypothesis,once_through,352.6630580253244,11.017019001207505,19843.9093228823,89319.53483194405,341.6460390241168,533333.333333334,2400680.465168056,0.0,2853.738896952049,533333.333333334,2399999.9999999995,0.0,80.0,0.09982490225448563,0.025954474586166267,0.0,0.3240455254138337,1.0,0.8190175191052305,0.9236633100406874,0.7338474209999358,0.710926405412091,0.022208988264154184,0.022208988264154184,0.0,0.6887174171479366,0.0,0.0,0.6887174171479366,0.0,0.022208988264154184,0.0,4.501105773999299,156.09067711771092,532.7870005737271,6.8134054258677255,155.37975071229883,0.0,0.0,0.0,19498.83312280703,-23260.29063498375,1.1458951121312565e-16,0.0,2.7214549481868745e-11,2.220446049250313e-16
film_only_hypothesis,once_through,356.3105473398664,10.970890675768128,19842.294923347305,89312.17815906905,345.3396566640982,540000.0000000006,2430687.821840931,0.0,2889.6716012444444,540000.0000000006,2429999.9999999995,0.0,81.0,0.10085736158361755,0.026222914011740563,0.0,0.32377708598825944,1.0,0.8173280594472759,0.9228737823184102,0.7314441059995267,0.7182793061714898,0.022115999095467454,0.022115999095467454,0.0,0.6961633070760221,0.0,0.0,0.6961633070760221,0.0,0.022115999095467454,0.0,4.501101233707622,157.70507665270728,532.1759184514154,6.8357923168544,156.98679734653578,0.0,0.0,0.0,19742.56853684212,-23539.958753311235,1.1458951121312565e-16,0.0,5.442909896373749e-11,2.220446049250313e-16
film_only_hypothesis,once_through,359.94325623935885,10.925120649486615,19840.687065708153,89304.85163835897,349.01813558987214,546666.6666666672,2460695.1483616414,0.0,2925.6106978194907,546666.6666666672,2459999.9999999995,0.0,82.0,0.1018856371643981,0.026490265662743505,0.0,0.3235097343372565,1.0,0.8156489096977437,0.9220874539331074,0.729057086829492,0.7256024113877987,0.022023732214887078,0.022023732214887078,0.0,0.7035786791729114,0.0,0.0,0.7035786791729114,0.0,0.022023732214887078,0.0,4.501096728283664,159.31293429186093,531.5673125659389,6.858173509764364,158.58733188047313,0.0,0.0,0.0,19986.303950877213,-23819.633263921376,2.291790224262513e-16,0.0,5.442909896373749e-11,2.220446049250313e-16
film_only_hypothesis,once_through,363.5612966908859,10.879704841909474,19839.085700407573,89297.55503867898,352.6815918489763,553333.3333333338,2490702.444961321,0.0,2961.556185055525,553333.3333333338,2489999.9999999995,0.0,83.0,0.10290976069026092,0.02675653777946784,0.0,0.32324346222053213,1.0,0.8139799690081133,0.921304300648624,0.7266861947068789,0.732895946773223,0.021932179396708468,0.021932179396708468,0.0,0.7109637673765143,0.0,0.0,0.7109637673765143,0.0,0.021932179396708468,0.0,4.501092257333434,160.91429959244078,530.9611641588923,6.880549040864653,160.18140364566756,0.0,0.0,0.0,20230.039364912296,-24099.314165192493,2.291790224262513e-16,0.0,2.7214549481868745e-11,2.220446049250313e-16
film_only_hypothesis,once_through,367.16477941384414,10.83463923378944,19837.49077844053,89290.28813150112,356.3301401800546,560000.0000000005,2520709.711868499,0.0,2997.508061341189,560000.0000000005,2519999.9999999995,0.0,84.0,0.1039297635014689,0.027021738510381917,0.0,0.32297826148961806,1.0,0.8123211378825,0.9205242984988767,0.7243312632018799,0.7401601355247801,0.021841332538611456,0.021841332538611456,0.0,0.7183188029861685,0.0,0.0,0.7183188029861685,0.0,0.021841332538611456,0.0,4.501087820468816,162.509221559482,530.3574546809016,6.902918946087848,161.76906142395723,0.0,0.0,0.0,20473.77477894738,-24379.00145551324,1.1458951121312565e-16,0.0,2.7214549481868745e-11,2.220446049250313e-16
film_only_hypothesis,once_through,370.75381389828664,10.78991986594752,19835.902251346106,89283.0506908657,359.96389403233906,566666.6666666671,2550716.9493091344,0.0,3033.466325075337,566666.6666666671,2549999.9999999995,0.0,85.0,0.10494567659030658,0.027285875913479713,0.0,0.3227141240865203,1.0,0.8106723181546516,0.9197474237838832,0.7219921281966186,0.747395198361278,0.021751183659366284,0.021751183659366284,0.0,0.7256440147019116,0.0,0.0,0.7256440147019116,0.0,0.021751183659366284,0.0,4.501083417307461,164.0977486539054,529.7561657885504,6.925283261036276,163.3503534555441,0.0,0.0,0.0,20717.51019298247,-24658.69513328248,1.1458951121312565e-16,0.0,2.7214549481868745e-11,1.1102230246251565e-16
film_only_hypothesis,once_through,374.32850842293203,10.745542838160272,19834.320071199523,89275.84249334299,363.58296558477167,573333.3333333337,2580724.1575066573,0.0,3069.4309746669387,573333.3333333337,2579999.9999999995,0.0,86.0,0.10595753060617787,0.027548957957606247,0.0,0.3224510420423937,1.0,0.8090334129654182,0.918973653065864,0.7196686278448093,0.7546013535596202,0.021661724896590528,0.021661724896590528,0.0,0.7329396286630294,0.0,0.0,0.7329396286630294,0.0,0.021661724896590528,0.0,4.501079047472679,165.67992880048828,529.1572793413641,6.947642020986094,164.92532744692866,0.0,0.0,0.0,20961.245607017554,-24938.395196909165,2.291790224262513e-16,0.0,5.442909896373749e-11,2.220446049250313e-16
film_only_hypothesis,once_through,377.88897007284646,10.701504308071634,19832.74419060432,89268.66331799605,367.1874657647748,580000.0000000003,2610731.3366820044,0.0,3105.4020085349903,580000.0000000003,2609999.9999999995,0.0,87.0,0.10696535586061104,0.027810992523758873,0.0,0.32218900747624113,1.0,0.8074043267406841,0.9182029631654152,0.7173606025322656,0.7617788169904497,0.021572948504555444,0.021572948504555444,0.0,0.7402058684858942,0.0,0.0,0.7402058684858942,0.0,0.021572948504555444,0.0,4.501074710593338,167.2558093956905,528.5607773988456,6.969995260891274,166.49403057870006,0.0,0.0,0.0,21204.98102105264,-25218.101644812305,1.1458951121312565e-16,0.0,5.442909896373749e-11,0.0
film_only_hypothesis,once_through,381.4353047568054,10.657800490128677,19831.17456268467,89261.51294634388,370.77750426667666,586666.666666667,2640738.4870536565,0.0,3141.3794251084205,586666.666666667,2639999.9999999995,0.0,88.0,0.10796918233217323,0.028071987406365042,0.0,0.32192801259363496,1.0,0.8057849651697497,0.9174353311577499,0.7150678948382263,0.7689278021531488,0.021484846852040596,0.021484846852040596,0.0,0.747442955301108,0.0,0.0,0.747442955301108,0.0,0.021484846852040596,0.0,4.50107040630376,168.82543731533903,527.9666422175686,6.992343015387619,168.0565095131859,0.0,0.0,0.0,21448.71643508773,-25497.814475420822,1.1458951121312565e-16,0.0,5.442909896373749e-11,2.220446049250313e-16
film_only_hypothesis,once_through,384.96761722434155,10.61442765454069,19829.611141077836,89254.39116232534,374.3531895698008,593333.3333333336,2670745.608837675,0.0,3177.363222826001,593333.3333333336,2669999.9999999995,0.0,89.0,0.108969039671296,0.02833195031453696,0.0,0.32166804968546303,1.0,0.8041752351841539,0.9166707343690089,0.7127903494974964,0.7760485202102055,0.021397412420235483,0.021397412420235483,0.0,0.75465110778997,0.0,0.0,0.75465110778997,0.0,0.021397412420235483,0.0,4.501066134243615,170.38885892217334,527.3748562483198,7.01468531879662,169.61281040196315,0.0,0.0,0.0,21692.451849122812,-25777.533687173483,1.1458951121312565e-16,0.0,2.7214549481868745e-11,0.0
film_only_hypothesis,once_through,388.48601108248704,10.571382126261005,19828.053879926752,89247.29775226406,377.91462895622595,600000.0000000002,2700752.702247736,0.0,3213.3534001362577,600000.0000000002,2699999.9999999995,0.0,90.0,0.10996495720501435,0.028590888873303733,0.0,0.32140911112669623,1.0,0.8025750449369249,0.9159091503726361,0.7105278133633696,0.7831411800209639,0.021310637800687034,0.021310637800687034,0.0,0.7618305422202767,0.0,0.0,0.7618305422202767,0.0,0.021310637800687034,0.0,4.501061894057842,171.94612007325563,526.7854021332954,7.037022205129302,171.16297889323465,0.0,0.0,0.0,21936.1872631579,-26057.259278518828,1.1458951121312565e-16,0.0,2.7214549481868745e-11,2.220446049250313e-16
film_only_hypothesis,once_through,391.9905888122147,10.52866028399098,19826.502733872763,89240.23250483345,381.4619285282236,606666.6666666669,2730759.767495167,0.0,3249.3499554973823,606666.6666666669,2729999.9999999995,0.0,91.0,0.11095696394162068,0.028848810624821378,0.0,0.3211511893751786,1.0,0.8009843037822515,0.9151505569858195,0.7082801353713167,0.7902059881747673,0.021224515693291736,0.021224515693291736,0.0,0.7689814724814753,0.0,0.0,0.7689814724814753,0.0,0.021224515693291736,0.0,4.501057685396536,173.49726612724794,526.1982627033456,7.059353708090011,172.70706013907318,0.0,0.0,0.0,22179.922677192986,-26336.99124791504,2.291790224262513e-16,0.0,5.442909896373749e-11,2.220446049250313e-16
film_only_hypothesis,once_through,395.48145178458634,10.486258559205567,19824.95765804845,89233.19521102257,384.99519322538066,613333.3333333335,2760766.8047889774,0.0,3285.352887377145,613333.3333333335,2759999.9999999995,0.0,92.0,0.11194508857523564,0.029105723029561267,0.0,0.3208942769704387,1.0,0.7994029222555626,0.9143949322659962,0.7060471665034248,0.7972431490235119,0.021139038904331317,0.021139038904331317,0.0,0.7761041101191803,0.0,0.0,0.7761041101191803,0.0,0.021139038904331317,0.0,4.501053507914861,175.04234195155928,525.6134209752693,7.08167986108014,174.24509880253578,0.0,0.0,0.0,22423.658091228077,-26616.729593829896,2.291790224262513e-16,0.0,2.7214549481868745e-11,2.220446049250313e-16
film_only_hypothesis,once_through,398.95870027661346,10.44417343519998,19823.418608070646,89226.18566410284,388.5145268414134,620000.0000000001,2790773.8143358976,0.0,3321.3621942528093,620000.0000000001,2789999.9999999995,0.0,93.0,0.11292935949029768,0.0293616334674774,0.0,0.3206383665325226,1.0,0.797830812054007,0.9136422545074194,0.7038287597535676,0.8042528647136195,0.021054200344550935,0.021054200344550935,0.0,0.7831986643690684,0.0,0.0,0.7831986643690684,0.0,0.021054200344550935,0.0,4.501049361272957,176.5813919293658,525.0308601491575,7.1040006972017675,175.77713906465218,0.0,0.0,0.0,22667.39350526316,-26896.47431474064,2.291790224262513e-16,0.0,5.442909896373749e-11,1.1102230246251565e-16
film_only_hypothesis,once_through,402.4224334868368,10.402401446156853,19821.885540033505,89219.20365959502,392.02003204067984,626666.6666666667,2820780.796340405,0.0,3357.377874611046,626666.6666666667,2819999.9999999995,0.0,94.0,0.11390980476597305,0.029616549239152995,0.0,0.32038345076084696,1.0,0.7962678860173221,0.9128925022377852,0.7016247700932858,0.8112353352174445,0.020969993027278675,0.020969993027278675,0.0,0.7902653421901656,0.0,0.0,0.7902653421901656,0.0,0.020969993027278675,0.0,4.501045245135858,178.11445996650633,524.4505636057828,7.126316249261291,177.30322463128888,0.0,0.0,0.0,22911.128919298248,-27176.225409133967,2.291790224262513e-16,0.0,2.7214549481868745e-11,2.220446049250313e-16
film_only_hypothesis,once_through,405.87274955063026,10.360939176233433,19820.358410501754,89212.248995237,395.51181037439676,633333.3333333334,2850787.751004763,0.0,3393.3999269478513,633333.3333333334,2849999.9999999995,0.0,95.0,0.11488645218048771,0.029870477566926804,0.0,0.3201295224330732,1.0,0.794714058109086,0.9121456542149212,0.6994350544383678,0.8181907583641245,0.020886410066585454,0.020886410066585454,0.0,0.7973043482975388,0.0,0.0,0.7973043482975388,0.0,0.020886410066585454,0.0,4.501041159173396,179.64158949825605,523.872514904035,7.148626549772943,178.82339873989193,0.0,0.0,0.0,23154.864333333335,-27455.98287550586,1.1458951121312565e-16,0.0,2.7214549481868745e-11,2.220446049250313e-16
film_only_hypothesis,once_through,409.31814176551933,10.327737875756121,19818.833460293565,89205.32059141944,398.9904038897631,640000.0,2880794.6794085805,0.0,3429.42812308783,640000.0,2879999.9999999995,0.0,96.0,0.11586170584897648,0.030124043520733886,0.0024777955989359335,0.319913277090495,1.0099111823957436,0.7931654732619613,0.9115096385014559,0.6975747969866251,0.825136255622275,0.020819480228979247,0.020819480228979247,0.0,0.8043167753932956,0.0,0.0,0.8043167753932956,0.0,0.020819480228979247,0.0,4.501037902666654,181.16653970645024,523.2952911193137,7.167690148209107,180.34140345082795,0.0,0.0,0.0,23398.59974736842,-27735.74648568092,2.291790224262513e-16,0.0,2.7214549481868745e-11,1.1102230246251565e-16
film_only_hypothesis,once_through,412.8115044681928,10.345378033346346,19817.28727807439,89198.39790578691,402.4661264348464,646666.6666666666,2910801.602094213,0.0,3465.4610603491474,646666.6666666666,2909999.9999999995,0.0,97.0,0.11685053805693858,0.03038113989480403,0.007593818054774971,0.31973421452952483,1.0303752722191,0.7915984082047051,0.9109829839103672,0.696037535335454,0.8321784556273405,0.02085504066986223,0.02085504066986223,0.0,0.8113234149574781,0.0,0.0,0.8113234149574781,0.0,0.02085504066986223,0.0,4.5010397565601705,182.7127219256236,522.7100305989213,7.183520638136648,181.88054346999627,0.0,0.0,0.0,23642.335161403505,-28015.514836977323,2.291790224262513e-16,0.0,2.7214549481868745e-11,2.220446049250313e-16
film_only_hypothesis,once_through,416.36216067693334,10.406400555101001,19815.71573742327,89191.44751297672,405.9557601218322,653333.3333333333,2940808.552487023,0.0,3501.498550251693,653333.3333333333,2939999.9999999995,0.0,98.0,0.1178555877804947,0.03064245282292862,0.012766859759280588,0.3195531511260067,1.0510674390371224,0.7900088148376413,0.910450444488255,0.6944859744120092,0.8393361524654164,0.020978054751017005,0.020978054751017005,0.0,0.818358097714399,0.0,0.0,0.818358097714399,0.0,0.020978054751017005,0.0,4.501045972542534,184.28426257674198,522.1151714109899,7.199569443044952,183.44492642427656,0.0,0.0,0.0,23886.070575438596,-28295.287740914962,2.291790224262513e-16,0.0,2.7214549481868745e-11,3.3306690738754696e-16
film_only_hypothesis,once_through,419.97019471106887,10.49847641618522,19814.11880101999,89184.44468901328,409.4717182948836,659999.9999999999,2970815.555310987,0.0,3537.540655302207,659999.9999999999,2969999.9999999995,0.0,99.0,0.118876878887097,0.03090798851064522,0.017995875184036125,0.3193701196410684,1.0719835007361445,0.7883968037772005,0.9099121165913776,0.6929204853096468,0.8466095161141495,0.02116366863785946,0.02116366863785946,0.0,0.8254458474762899,0.0,0.0,0.8254458474762899,0.0,0.02116366863785946,0.0,4.501055312357481,185.88119898001992,521.510699429081,7.215835158583369,185.03458946390577,0.0,0.0,0.0,24129.805989473683,-28575.065260000563,1.1458951121312565e-16,0.0,2.7214549481868745e-11,1.1102230246251565e-16
film_only_hypothesis,once_through,423.6356602386176,10.61277055319544,19812.49644511078,89177.37172998243,413.0228896854221,666666.6666666665,3000822.6282700174,0.0,3573.5874374869186,666666.6666666665,2999999.9999999995,0.0,100.0,0.1199144265680295,0.031177750907687672,0.023279764153557946,0.31918515443629697,1.0931190566142317,0.7867625014793771,0.9093681012832264,0.6913414513905023,0.8539986547618245,0.021394071902775622,0.021394071902775622,0.0,0.8326045828590487,0.0,0.0,0.8326045828590487,0.0,0.021394071902775622,0.0,4.501066888619639,187.50355488922781,520.8966056619232,7.232316230920984,186.649556234466,0.0,0.0,0.0,24373.541403508767,-28854.84745622036,1.1458951121312565e-16,0.0,2.7214549481868745e-11,1.1102230246251565e-16
film_only_hypothesis,once_through,427.35857986956984,10.742944071629688,19810.848659688334,89170.21596551278,416.6156357979401,673333.3333333331,3030829.7840344873,0.0,3609.638958256655,673333.3333333331,3029999.9999999995,0.0,101.0,0.12096823722328226,0.03145174167805339,0.028617372838792107,0.3189982914309617,1.1144694913551685,0.7851060502640654,0.9088185042087109,0.6897492677350396,0.8615036139874683,0.021656486095116854,0.021656486095116854,0.0,0.8398471278923515,0.0,0.0,0.8398471278923515,0.0,0.021656486095116854,0.0,4.501080064629377,189.15134031167605,520.2728863215515,7.249010957878538,188.28983669768857,0.0,0.0,0.0,24617.276817543854,-29134.63439102518,1.1458951121312565e-16,0.0,2.7214549481868745e-11,0.0
film_only_hypothesis,once_through,431.13894480010526,10.88444130798653,19809.17544864927,89162.96833950742,420.2545034921187,679999.9999999998,3060837.0316604925,0.0,3645.6952785044696,679999.9999999998,3059999.9999999995,0.0,102.0,0.1220383083608435,0.031729960173819315,0.03400749488166184,0.31880956805528393,1.1360299795266473,0.7834276083083683,0.9082634354567175,0.6881443405604296,0.8691243760436361,0.021941727543943884,0.021941727543943884,0.0,0.8471826484996922,0.0,0.0,0.8471826484996922,0.0,0.021941727543943884,0.0,4.501094382784479,190.8245513507437,519.6395428829143,7.265917490403197,189.95542697470006,0.0,0.0,0.0,24861.012231578938,-29414.42612530808,0.0,0.0,2.7214549481868745e-11,1.1102230246251565e-16
film_only_hypothesis,once_through,434.97671450929755,11.03398044942613,19807.476829928375,89155.62239620225,423.94273405987144,686666.6666666664,3090844.3776037977,0.0,3681.756458538109,686666.6666666664,3089999.9999999995,0.0,103.0,0.12312462851084865,0.032012403412820654,0.03944887264860887,0.31861902319988344,1.1577954905944354,0.781727349608523,0.9077030094114219,0.686527086609645,0.8768608592450027,0.022243180508389145,0.022243180508389145,0.0,0.8546176787366135,0.0,0.0,0.8546176787366135,0.0,0.022243180508389145,0.0,4.501109513428351,192.52317007163805,518.9965821346848,7.283033834385283,191.64630921239305,0.0,0.0,0.0,25104.74764561402,-29694.2227193768,0.0,0.0,2.7214549481868745e-11,0.0
film_only_hypothesis,once_through,438.87181650968245,11.1891896132804,19805.75283560902,89148.17355583285,427.68262689640204,693333.333333333,3120851.826444167,0.0,3717.822558049021,693333.333333333,3119999.9999999995,0.0,104.0,0.12422717715497614,0.0322990660602938,0.04494019861048698,0.3184266971615476,1.179760794441948,0.7800054639102042,0.907137344592787,0.6848979325133027,0.8847129174655386,0.02255606355761969,0.02255606355761969,0.0,0.8621568539079189,0.0,0.0,0.8621568539079189,0.0,0.02255606355761969,0.0,4.501125218302846,194.24716439099475,518.3440162210503,7.300357852814639,193.3624514735292,0.0,0.0,0.0,25348.483059649112,-29974.024232922806,0.0,0.0,2.7214549481868745e-11,0.0
film_only_hypothesis,once_through,442.824146152881,11.348346868504487,19804.003512009167,89140.61859721597,431.4757992843765,699999.9999999997,3150859.381402784,0.0,3753.8936360791417,699999.9999999997,3149999.9999999995,0.0,105.0,0.12534592467142702,0.03258994041457103,0.050480116845581825,0.318232631585488,1.2019204673823274,0.7782621566070901,0.9065665634867294,0.6832573141264211,0.8926803397466696,0.022876905485280825,0.022876905485280825,0.0,0.8698034342613888,0.0,0.0,0.8698034342613888,0.0,0.022876905485280825,0.0,4.50114132443781,195.9964879908456,517.681862674277,7.317887268272791,195.10380765109892,0.0,0.0,0.0,25592.2184736842,-30253.830724988013,0.0,0.0,2.7214549481868745e-11,-1.1102230246251565e-16
film_only_hypothesis,once_through,446.8335664912752,11.510194529981465,19802.228919742614,89132.95528815,435.3233719612937,706666.6666666663,3180867.0447118506,0.0,3789.9697509863786,706666.6666666663,3179999.9999999995,0.0,106.0,0.12648083229577084,0.03288501639690042,0.05606722466196122,0.31803686940426823,1.224268898647845,0.7764976486076995,0.9059907923654948,0.6816056758424047,0.9007628500184317,0.023203170949099034,0.023203170949099034,0.0,0.8775596790693326,0.0,0.0,0.8775596790693326,0.0,0.023203170949099034,0.0,4.501157705498767,197.77108025739517,517.0101444378842,7.335619665755335,196.87031740737675,0.0,0.0,0.0,25835.953887719286,-30533.64225393034,1.1458951121312565e-16,0.0,5.442909896373749e-11,0.0
film_only_hypothesis,once_through,450.89990819653434,11.673806524238707,19800.42913375505,89125.18212140627,439.2261016722956,713333.3333333329,3210874.817878594,0.0,3826.0509604094686,713333.3333333329,3209999.9999999995,0.0,107.0,0.12763185209788372,0.033184281545449765,0.061700074334808695,0.3178394547736009,1.2468002973392347,0.7747121761706399,0.9054101610988263,0.6799434698866651,0.9089601069352296,0.02353299309608232,0.02353299309608232,0.0,0.8854271138391472,0.0,0.0,0.8854271138391472,0.0,0.02353299309608232,0.0,4.501174268464157,199.57086624496043,516.3288898802936,7.3535524958176515,198.6619061380252,0.0,0.0,0.0,26079.68930175437,-30813.45887738851,0.0,0.0,5.442909896373749e-11,0.0
film_only_hypothesis,once_through,455.02296953558465,11.838493676341994,19798.604243334674,89117.2981261343,443.18447585924264,719999.9999999995,3240882.701873866,0.0,3862.1373212327203,719999.9999999995,3239999.9999999995,0.0,108.0,0.12879892697514628,0.03348772101353803,0.06737717495385556,0.3176404330052295,1.2695086998154221,0.7729059907085266,0.9048248029565573,0.6782711555924017,0.9172717038273943,0.023864982632264296,0.023864982632264296,0.0,0.89340672119513,0.0,0.0,0.89340672119513,0.0,0.023864982632264296,0.0,4.501190944110931,201.39575666533446,515.6381327988557,7.371683078035366,200.47848496150706,0.0,0.0,0.0,26323.424715789464,-31093.280652246856,0.0,0.0,2.7214549481868745e-11,0.0
film_only_hypothesis,once_through,459.2025164044033,12.00373609200649,19796.75435209726,89109.30273311834,447.19878031239676,726666.6666666662,3270890.697266882,0.0,3898.2288895510333,726666.6666666662,3269999.9999999995,0.0,109.0,0.1299819906620094,0.033795317572122445,0.07309699437551832,0.3174398504971217,1.2923879775020732,0.7710793585609661,0.9042348544032992,0.6765891986611345,0.9256971687693084,0.02419809151315404,0.02419809151315404,0.0,0.9014990772561543,0.0,0.0,0.9014990772561543,0.0,0.02419809151315404,0.0,4.501207680221487,203.24564790274403,514.9379124141882,7.39000860476967,202.3199507339747,0.0,0.0,0.0,26567.160129824548,-31373.107634600252,1.1458951121312565e-16,0.0,2.7214549481868745e-11,1.1102230246251565e-16
film_only_hypothesis,once_through,463.43828241980816,12.169134899084575,19794.879577945532,89101.1956784767,451.26914752072355,733333.3333333328,3300898.8043215233,0.0,3934.3257206354924,733333.3333333328,3299999.9999999995,0.0,110.0,0.13118096775597624,0.03410705161655382,0.07885796127386818,0.3172377546612182,1.3154318450954727,0.7692325607371159,0.9036404548859359,0.6748980704106646,0.9342359647644428,0.024531515660366612,0.024531515660366612,0.0,0.9097044491040761,0.0,0.0,0.9097044491040761,0.0,0.024531515660366612,0.0,4.501224436735084,205.12042205447628,514.2282733547974,7.40852614522602,204.18618608971184,0.0,0.0,0.0,26810.89554385963,-31652.939879719797,1.1458951121312565e-16,0.0,2.7214549481868745e-11,1.1102230246251565e-16
film_only_hypothesis,once_through,467.7299690691964,12.334377820744816,19792.98005300285,89092.97693479483,455.3955912484515,739999.9999999994,3330907.023065205,0.0,3970.427868899775,739999.9999999994,3329999.9999999995,0.0,111.0,0.1323957737599873,0.03442290117759669,0.08465846728410636,0.31703419384898707,1.3386338691364255,0.7673658926284606,0.9030417466146679,0.6731982470131803,0.9428874900472115,0.02486462556128306,0.02486462556128306,0.0,0.9180228644859284,0.0,0.0,0.9180228644859284,0.0,0.02486462556128306,0.0,4.50124118228868,207.01994699715385,513.5092656319921,7.427232649793437,206.07705950710664,0.0,0.0,0.0,27054.63095789472,-31932.777442019167,1.1458951121312565e-16,0.0,2.7214549481868745e-11,0.0
film_only_hypothesis,once_through,472.07724591797296,12.49921463053864,19791.05592352146,89084.64666182535,459.5780312874342,746666.666666666,3360915.3533381745,0.0,4006.535387867559,746666.666666666,3359999.9999999995,0.0,112.0,0.13362631514113515,0.03474284193669514,0.09049686923180443,0.31682921727504804,1.3619874769272178,0.7654796636925616,0.9024388743383767,0.671490208726259,0.9516510785011233,0.02519691678941023,0.02519691678941023,0.0,0.9264541617117128,0.0,0.0,0.9264541617117128,0.0,0.02519691678941023,0.0,4.501257891750444,208.94407647854385,512.7809446051324,7.446124954650396,207.99242540004272,0.0,0.0,0.0,27298.366371929806,-32212.620375022037,2.291790224262513e-16,0.0,2.7214549481868745e-11,2.220446049250313e-16
film_only_hypothesis,once_through,476.4797508741944,12.663439667036556,19789.107349765316,89076.2051711349,463.8163112071577,753333.3333333327,3390923.794828865,0.0,4042.648330141084,753333.3333333327,3389999.9999999995,0.0,113.0,0.13487248940557464,0.03506684724544941,0.0963714914407912,0.31662287493913577,1.3854859657631649,0.7635741971086542,0.9018319851151052,0.6697744391195394,0.960526000192271,0.02552797475598565,0.02552797475598565,0.0,0.934998025436285,0.0,0.0,0.934998025436285,0.0,0.02552797475598565,0.0,4.501274544462526,210.89265023469082,512.0433709372918,7.465199786621918,209.93212423449856,0.0,0.0,0.0,27542.101785964893,-32492.46873133065,2.291790224262513e-16,0.0,2.7214549481868745e-11,3.3306690738754696e-16
film_only_hypothesis,once_through,480.9370905097424,12.82687939135295,19787.134505867936,89067.65290068257,468.1102111183894,759999.9999999993,3420932.3470993172,0.0,4078.7667473709917,759999.9999999993,3419999.9999999995,0.0,114.0,0.13613418518943435,0.03539488814925293,0.1022806281122326,0.31641521754668095,1.4091225124489304,0.7616498294060773,0.9012212280784735,0.668051424299835,0.9695114620167794,0.025857449627440583,0.025857449627440583,0.0,0.9436540123893387,0.0,0.0,0.9436540123893387,0.0,0.025857449627440583,0.0,4.501291122990511,212.8654941320699,511.29661054145026,7.484453768271436,211.89598267005312,0.0,0.0,0.0,27785.83719999998,-32772.32256259564,1.1458951121312565e-16,0.0,2.7214549481868745e-11,1.1102230246251565e-16
film_only_hypothesis,once_through,485.4488404371344,12.989383546528954,19785.13757966564,89058.99039646107,472.4594568906053,766666.6666666659,3450941.009603539,0.0,4114.890690227555,766666.6666666659,3449999.9999999995,0.0,115.0,0.13741128236547667,0.035726933415023934,0.10822254576715332,0.3162062964282898,1.4328901830686132,0.7597069100666294,0.9006067542008523,0.6663216521374364,0.9786066084604104,0.026185038503776785,0.026185038503776785,0.0,0.9524215699566333,0.0,0.0,0.9524215699566333,0.0,0.026185038503776785,0.0,4.501307612234766,214.8624203343653,510.5407345173646,7.503883423209986,213.8838137259049,0.0,0.0,0.0,28029.572614035067,-33052.181919487295,3.43768533639377e-16,0.0,2.7214549481868745e-11,3.3306690738754696e-16
film_only_hypothesis,once_through,490.0145457408734,13.150818889055563,19783.11677250662,89050.21829915275,476.8637268518177,773333.3333333326,3480949.7817008477,0.0,4151.020208373374,773333.3333333326,3479999.9999999995,0.0,116.0,0.13870365216519584,0.03606294956295092,0.11419548574440151,0.3159961634584076,1.456781942977606,0.7577458011020405,0.89998871605414,0.6645856114963258,0.9878105224681119,0.026510472782069326,0.026510472782069326,0.0,0.9613000496860422,0.0,0.0,0.9613000496860422,0.0,0.026510472782069326,0.0,4.501323998800299,216.88322749338838,509.7758190793027,7.523485181604241,215.89541697092025,0.0,0.0,0.0,28273.308028070154,-33332.0468516682,2.291790224262513e-16,0.0,5.442909896373749e-11,3.3306690738754696e-16
film_only_hypothesis,once_through,494.6337214620467,13.311064756704326,19781.07229903644,89041.33733433667,481.32265670534224,779999.9999999992,3510958.6626656638,0.0,4187.155350437629,779999.9999999992,3509999.9999999995,0.0,117.0,0.14001115731598854,0.03640290090215702,0.12019766674585894,0.315784870973453,1.4807906669834359,0.7557668766078478,0.8993672675689794,0.6628437914709665,0.9971222264209106,0.026833509221745114,0.026833509221745114,0.0,0.9702887171991652,0.0,0.0,0.9702887171991652,0.0,0.026833509221745114,0.0,4.501340270551156,218.92770096356358,509.001945474856,7.543255385864177,217.93057873714267,0.0,0.0,0.0,28517.043442105238,-33611.917407767534,3.43768533639377e-16,0.0,5.442909896373749e-11,3.3306690738754696e-16
film_only_hypothesis,once_through,499.3058531346889,13.470009946814033,19779.00438696068,89032.34830520264,485.8358431878747,786666.6666666658,3540967.651694798,0.0,4223.296163991934,786666.6666666658,3539999.9999999995,0.0,118.0,0.14133365219297703,0.03674674957017403,0.12622728742053693,0.31557247168970837,1.5049091496821476,0.7537705222950457,0.89874256379326,0.661096680632274,1.0065406832171566,0.02715392365158347,0.02715392365158347,0.0,0.9793867595655728,0.0,0.0,0.9793867595655728,0.0,0.02715392365158347,0.0,4.501356416296528,220.99561303932586,508.21919989507984,7.563190296490358,219.9890723561087,0.0,0.0,0.0,28760.77885614032,-33891.793635356924,3.43768533639377e-16,0.0,5.442909896373749e-11,4.440892098500626e-16
film_only_hypothesis,once_through,504.0303973722489,13.627550529212252,19776.91327678531,89023.2520870273,490.4028468430365,793333.3333333324,3570976.747912973,0.0,4259.44269552787,793333.3333333324,3569999.9999999995,0.0,119.0,0.14267098298501468,0.037094455576103816,0.13228252897909695,0.31535901862125104,1.529130115916388,0.7517571350009626,0.8981147606507384,0.6593447662852806,1.016064797454769,0.027471506560828394,0.027471506560828394,0.0,0.9885932908939403,0.0,0.0,0.9885932908939403,0.0,0.027471506560828394,0.0,4.5013724255708425,223.08672321469433,507.42767337624025,7.583286098060321,222.07065841723957,0.0,0.0,0.0,29004.51427017541,-34171.67558092795,2.291790224262513e-16,0.0,5.442909896373749e-11,2.220446049250313e-16
film_only_hypothesis,once_through,508.80678250232654,13.78358832514718,19774.799221535795,89014.04962287993,495.0231941771793,799999.9999999991,3600985.9503771206,0.0,4295.5949904362105,799999.9999999991,3599999.9999999995,0.0,120.0,0.14402298787435452,0.037445976847332176,0.1383615578302748,0.3151445649982044,1.5534462313210993,0.7497271221808842,0.8974840147006014,0.6575885337409221,1.0256934167107898,0.027786060032897696,0.027786060032897696,0.0,0.9979073566778921,0.0,0.0,0.9979073566778921,0.0,0.027786060032897696,0.0,4.501388288480773,225.2007784642103,506.6274616934726,7.603538905333026,224.1750850474995,0.0,0.0,0.0,29248.2496842105,-34451.56328987138,1.1458951121312565e-16,0.0,5.442909896373749e-11,0.0
film_only_hypothesis,once_through,513.6344092476853,13.93802986019867,19772.662486455647,89004.74192018103,499.69637938748656,806666.6666666657,3630995.25807982,0.0,4331.753092987907,806666.6666666657,3629999.9999999995,0.0,121.0,0.14538949722941708,0.03780126927964844,0.1444625282306781,0.31492916418558486,1.5778501129227123,0.7476809013820084,0.8968504828987791,0.6558284656042586,1.0354253329142238,0.02809739563457729,0.02809739563457729,0.0,1.0073279372796464,0.0,0.0,1.0073279372796464,0.0,0.02809739563457729,0.0,4.501403995599967,227.33751354435728,505.81866524668897,7.623944769449991,226.30208821144305,0.0,0.0,0.0,29491.985098245586,-34731.45680645817,1.1458951121312565e-16,0.0,8.164364844560623e-11,0.0
film_only_hypothesis,once_through,518.512651451399,14.090785653866009,19770.503348685488,88995.33004784283,504.4218657975329,813333.3333333323,3661004.669952158,0.0,4367.917046316842,813333.3333333323,3659999.9999999995,0.0,122.0,0.14677033381005056,0.038160286790613146,0.1505835849394642,0.31471286960301115,1.6023343397578569,0.7456188997013657,0.8962143223617975,0.6540650410813253,1.0452592838078463,0.028405332983915406,0.028405332983915406,0.0,1.0168539508239305,0.0,0.0,1.0168539508239305,0.0,0.028405332983915406,0.0,4.501419537897602,229.4966513145152,505.0013889390898,7.6444996842115405,228.45139203070735,0.0,0.0,0.0,29735.720512280674,-35011.35617382219,2.291790224262513e-16,0.0,8.164364844560623e-11,4.440892098500626e-16
film_only_hypothesis,once_through,523.4408568438524,14.2417697476387,19768.322096923566,88985.8151338016,509.1990870962136,819999.999999999,3691014.184866199,0.0,4404.0868924043725,819999.999999999,3689999.9999999995,0.0,123.0,0.1481653129846381,0.038522981376005905,0.15672286586948916,0.3144957346455364,1.6268914634779565,0.7435415532293903,0.8955756901339306,0.6522987353066728,1.0551939544943851,0.028709698798869903,0.028709698798869903,0.0,1.026484255695515,0.0,0.0,1.026484255695515,0.0,0.028709698798869903,0.0,4.501434906690941,231.67790307643907,504.17574204866514,7.665199592406525,230.62270912194467,0.0,0.0,0.0,29979.455926315757,-35291.261433944805,2.291790224262513e-16,0.0,5.442909896373749e-11,2.220446049250313e-16
film_only_hypothesis,once_through,528.4183478491938,14.39089940130528,19766.119031068807,88976.19836280671,514.0274484478883,826666.6666666656,3721023.801637194,0.0,4440.262672065696,826666.6666666656,3719999.9999999995,0.0,124.0,0.14957424295837268,0.0388893031691769,0.16287850472665444,0.31427781260585164,1.6515140189066178,0.7414493064808507,0.8949347429583873,0.6505300186935177,1.0652279790622325,0.029010326285103284,0.029010326285103284,0.0,1.036217652777129,0.0,0.0,1.036217652777129,0.0,0.029010326285103284,0.0,4.501450093614838,233.88096893119965,503.3418380930853,7.6860403921738705,232.81574095213742,0.0,0.0,0.0,30223.191340350844,-35571.172627641216,2.291790224262513e-16,0.0,8.164364844560623e-11,2.220446049250313e-16
film_only_hypothesis,once_through,533.4444224287256,14.538094907232765,19763.894461847533,88966.48097437092,518.9063275214927,833333.3333333322,3751033.51902563,0.0,4476.444424938019,833333.3333333322,3749999.9999999995,0.0,125.0,0.15099692501198742,0.03925920050311673,0.16904863362934341,0.3140591565980994,1.6761945345173737,0.7393426118148871,0.8942916370532337,0.648759356308276,1.0753599422856193,0.029307054761592382,0.029307054761592382,0.0,1.0460528875240267,0.0,0.0,1.0460528875240267,0.0,0.029307054761592382,0.0,4.501465090603116,236.10553815247292,502.4997946884034,7.707017943374541,235.0301782101873,0.0,0.0,0.0,30466.926754385928,-35851.08979454862,2.291790224262513e-16,0.0,8.164364844560623e-11,2.220446049250313e-16
film_only_hypothesis,once_through,538.5183549586229,14.683279486631386,19761.648710424983,88956.66426081551,523.8350754719914,839999.9999999988,3781043.335739185,0.0,4512.632189470555,839999.9999999988,3779999.9999999995,0.0,126.0,0.1524331537502027,0.0396326199750527,0.17523138570006375,0.3138398194835235,1.700925542800255,0.7372219288459086,0.8936465278927163,0.6469872072710926,1.0855883813939886,0.029599729451510477,0.029599729451510477,0.0,1.055988651942478,0.0,0.0,1.055988651942478,0.0,0.029599729451510477,0.0,4.501479889878199,238.35128957502303,501.64973340200703,7.728128073952723,237.26570119362904,0.0,0.0,0.0,30710.66216842102,-36131.012973116245,2.291790224262513e-16,0.0,5.442909896373749e-11,2.220446049250313e-16
film_only_hypothesis,once_through,543.6393971392882,14.826379242033973,19759.382108002817,88946.74956536444,528.8130178972542,846666.6666666655,3811053.250434636,0.0,4548.826002916319,846666.6666666655,3809999.9999999995,0.0,127.0,0.15388271735912853,0.04000950651337342,0.18142489762166203,0.31361985379816754,1.7256995904866481,0.7350877238471162,0.8929995699946105,0.6452140241838207,1.0959117879051483,0.029888201386431442,0.029888201386431442,0.0,1.0660235865187166,0.0,0.0,1.0660235865187166,0.0,0.029888201386431442,0.0,4.501494483946429,240.6178919971883,500.7917796002693,7.7493665862654995,239.52198020928316,0.0,0.0,0.0,30954.39758245611,-36410.9422005971,0.0,0.0,5.442909896373749e-11,2.220446049250313e-16
film_only_hypothesis,once_through,548.8067789335811,14.967323147527821,19757.094995403855,88936.73828025635,533.8394557860532,853333.3333333321,3841063.261719744,0.0,4585.0259013257455,853333.3333333321,3839999.9999999995,0.0,128.0,0.15534539787184007,0.04038980344667842,0.1876273121507686,0.31339931168282065,1.7505092486030744,0.7329404691484137,0.8923509167141784,0.643440252586733,1.1063286095166274,0.030172327386638383,0.030172327386638383,0.0,1.0761562821299888,0.0,0.0,1.0761562821299888,0.0,0.030172327386638383,0.0,4.5015088655971915,242.90500459614665,499.9260622913625,7.770729263360814,241.79867598663003,0.0,0.0,0.0,31198.13299649119,-36690.8775130416,0.0,0.0,5.442909896373749e-11,2.220446049250313e-16
film_only_hypothesis,once_through,554.0197095311095,15.10604306350935,19754.787722645287,88926.63184485308,538.9136664676001,859999.9999999987,3871073.3681551474,0.0,4621.23191954207,859999.9999999987,3869999.9999999995,0.0,129.0,0.15682097144133006,0.040773452574745815,0.19383678058145976,0.3131782448153939,1.775347122325839,0.7307806425304584,0.8917007200452762,0.6416663304450883,1.1168372520495728,0.030451970090867225,0.030451970090867225,0.0,1.0863852819587057,0.0,0.0,1.0863852819587057,0.0,0.030451970090867225,0.0,4.501523027904511,245.21227735471672,499.0527139637055,7.7922118751840665,244.09544010266714,0.0,0.0,0.0,31441.868410526284,-36970.818945293024,0.0,0.0,5.442909896373749e-11,0.0
film_only_hypothesis,once_through,559.2773783357302,15.24247376648256,19752.460648501572,88916.43174373251,544.0349045692477,866666.6666666653,3901083.5682562683,0.0,4657.444091198478,866666.6666666653,3899999.9999999995,0.0,130.0,0.1583092086200312,0.04116039424120811,0.2000514651524773,0.3129567043458955,1.8002058606099092,0.7286087266165815,0.8910491304291045,0.6398926876664967,1.1274360814394317,0.03072699801637686,0.03072699801637686,0.0,1.096709083423055,0.0,0.0,1.096709083423055,0.0,0.03072699801637686,0.0,4.501536964230213,247.5393514984309,498.1718704205234,7.813810184694487,246.41191541699146,0.0,0.0,0.0,31685.60382456136,-37250.76653098451,-2.291790224262513e-16,0.0,8.164364844560623e-11,-2.220446049250313e-16
film_only_hypothesis,once_through,564.5789559733782,15.37655298711212,19750.114140058395,88906.1395047567,549.2024029862662,873333.333333332,3931093.860495244,0.0,4693.662448716997,873333.333333332,3929999.9999999995,0.0,131.0,0.1598098746450924,0.041550567407724025,0.20626954139172615,0.3127347408341546,1.8250781655669046,0.7264252082642878,0.8903962965710429,0.6381197456498593,1.1381234257676136,0.03099728563565958,0.03099728563565958,0.0,1.107126140131954,0.0,0.0,1.107126140131954,0.0,0.03099728563565958,0.0,4.5015506682278765,249.88585994160664,497.28367061100005,7.835519953873257,248.74773651583902,0.0,0.0,0.0,31929.339238596454,-37530.720302538124,0.0,0.0,8.164364844560623e-11,0.0
film_only_hypothesis,once_through,569.9235953173386,15.508221451676576,19747.748572258868,88895.75669711275,554.4153738656621,879999.9999999986,3961104.243302888,0.0,4729.887023309065,879999.9999999986,3959999.9999999995,0.0,132.0,0.16132272972859252,0.041943909729434056,0.21248920039218555,0.31251240419043064,1.8499568015687422,0.7242305779579981,0.8897423652659725,0.6363479168664921,1.1488975773283165,0.031262713460005774,0.031262713460005774,0.0,1.117634863868311,0.0,0.0,1.117634863868311,0.0,0.031262713460005774,0.0,4.501564133847199,252.25142774113735,496.3882564585096,7.8573369496061645,251.10253016380904,0.0,0.0,0.0,32173.074652631534,-37810.68029116527,-2.291790224262513e-16,0.0,5.442909896373749e-11,-2.220446049250313e-16
film_only_hypothesis,once_through,575.3104325280723,15.63742292345943,19745.36432744328,88885.2849293238,559.6730096046131,886666.6666666652,3991114.715070677,0.0,4766.117844977783,886666.6666666652,3989999.9999999995,0.0,133.0,0.16284752935187402,0.042340357631487247,0.21870865101378958,0.31228974361902473,1.8748346040551582,0.7220253292046656,0.8890874812324258,0.634577604473874,1.1597567947246903,0.031523168122943396,0.031523168122943396,0.0,1.1282336266017474,0.0,0.0,1.1282336266017474,0.0,0.031523168122943396,0.0,4.501577355338323,254.63567255672538,495.48577268640935,7.8792569494246205,253.47591576200068,0.0,0.0,0.0,32416.81006666662,-38090.64652686907,-4.583580448525026e-16,0.0,8.164364844560623e-11,-4.440892098500626e-16
film_only_hypothesis,once_through,580.7385881047288,15.764104241622825,19742.96179488372,88874.72584723242,564.9744838631062,893333.3333333319,4021125.2741527683,0.0,4802.3549425217725,893333.3333333319,4019999.9999999995,0.0,134.0,0.1643840245631841,0.04273984638642787,0.2249261220062802,0.3120668075649938,1.8997044880251208,0.7198099579338415,0.8884317869558641,0.6328092019622928,1.1706993049885606,0.031778542458602614,0.031778542458602614,0.0,1.1389207625299584,0.0,0.0,1.1389207625299584,0.0,0.031778542458602614,0.0,4.501590327255955,257.03820511628754,494.57636664187413,7.901275747089933,255.86750581129897,0.0,0.0,0.0,32660.545480701712,-38370.61903844816,-4.583580448525026e-16,0.0,8.164364844560623e-11,-4.440892098500626e-16
film_only_hypothesis,once_through,586.2071679455015,15.888215355837078,19740.54137031473,88864.08113195757,570.3189525896647,899999.9999999985,4051135.918868043,0.0,4838.59834354061,899999.9999999985,4049999.9999999995,0.0,135.0,0.1659319622778193,0.043142310192233024,0.23113986404849376,0.3118436436640523,1.924559456193975,0.7175849619037122,0.8877754225413304,0.6310430928345148,1.1817233057179775,0.032028735571524844,0.032028735571524844,0.0,1.1496945701464532,0.0,0.0,1.1496945701464532,0.0,0.032028735571524844,0.0,4.5016030444630495,259.4586296852742,493.66018811825035,7.923389158006684,258.27690637955624,0.0,0.0,0.0,32904.2808947368,-38650.597853502084,-6.87537067278754e-16,0.0,5.442909896373749e-11,-4.440892098500626e-16
film_only_hypothesis,once_through,591.7152644140276,16.009709355471927,19738.10345546134,88853.35249782875,575.7055550585559,906666.6666666651,4081146.647502172,0.0,4874.848074441779,906666.6666666651,4079999.9999999995,0.0,136.0,0.16749108557998105,0.043547682250795076,0.23734815170000859,0.31162029869572766,1.9493926068000342,0.7153508401145666,0.8871185255756696,0.6292796503184331,1.1928269672269498,0.03227365289550874,0.03227365289550874,0.0,1.1605533143314415,0.0,0.0,1.1605533143314415,0.0,0.03227365289550874,0.0,4.501615502133965,261.89654453866433,492.7373891763959,7.945593024452419,260.7037175714374,0.0,0.0,0.0,33148.01630877189,-38930.582998438345,-4.583580448525026e-16,0.0,5.442909896373749e-11,-4.440892098500626e-16
film_only_hypothesis,once_through,597.2619574090852,16.12854249254374,19735.64845756559,88842.5416903012,581.1334149165416,913333.3333333317,4111157.4583096993,0.0,4911.1041604490965,913333.3333333317,4109999.9999999995,0.0,137.0,0.1690611340255642,0.04395589484664669,0.24354928526155653,0.31139681853981976,1.974197141046226,0.7131080922310877,0.8864612309994699,0.6275192371125248,1.2040084347018265,0.03251320623986907,0.03251320623986907,0.0,1.1714952284619577,0.0,0.0,1.1714952284619577,0.0,0.03251320623986907,0.0,4.501627695757001,264.35154243441906,491.80812396546884,7.967883220611794,263.1475339997172,0.0,0.0,0.0,33391.75172280697,-39210.57449848074,-2.291790224262513e-16,0.0,8.164364844560623e-11,-2.220446049250313e-16
film_only_hypothesis,once_through,602.8463154349024,16.24467419790106,19733.1767889128,88831.65048385623,586.6016412370016,919999.9999999984,4141168.3495161445,0.0,4947.366625612535,919999.9999999984,4139999.9999999995,0.0,138.0,0.17064184394511928,0.04436687942573101,0.24974159254107545,0.31117324813619895,1.9989663701643017,0.7108572180147905,0.8858036709888205,0.6257622051637853,1.215265830358911,0.032747313822064784,0.032747313822064784,0.0,1.1825185165368466,0.0,0.0,1.1825185165368466,0.0,0.032747313822064784,0.0,4.501639621136259,266.82321108720697,490.87254854361356,7.990255657404738,265.60794525684804,0.0,0.0,0.0,33635.48713684206,-39490.572377679266,-4.583580448525026e-16,0.0,8.164364844560623e-11,-4.440892098500626e-16
film_only_hypothesis,once_through,608.4673966694697,16.3580670903438,19730.68886635876,88820.68067989178,592.109329579126,926666.666666665,4171179.3193201087,0.0,4983.63549281941,926666.666666665,4169999.9999999995,0.0,139.0,0.17223294874624906,0.04478056667402476,0.25592343052275834,0.31094963144795995,2.0236937220910334,0.7085987167678501,0.8851459748469411,0.6240088954776924,1.2265972555980507,0.03297590028608225,0.03297590028608225,0.0,1.1936213553119683,0.0,0.0,1.1936213553119683,0.0,0.03297590028608225,0.0,4.501651274392802,269.31113364124514,489.93082069898037,8.012706287099306,268.0845363856471,0.0,0.0,0.0,33879.222550877144,-39770.57665892123,0.0,0.0,8.164364844560623e-11,0.0
film_only_hypothesis,once_through,614.124250028326,16.46868697853276,19728.185110858867,88809.63410460738,597.6555630497934,933333.3333333316,4201190.365895392,0.0,5019.910783806838,933333.3333333316,4199999.999999999,0.0,140.0,0.17383417921472424,0.0451968865958283,0.2620931869369251,0.3107260114279354,2.0483727477477007,0.7063330867894916,0.8844882689056923,0.6222596379596272,1.2380007931471015,0.03319889670628461,0.03319889670628461,0.0,1.2048018964408174,0.0,0.0,1.2048018964408174,0.0,0.03319889670628461,0.0,4.501662651965103,271.81488914113663,488.9830997715043,8.035231107701065,270.57688834798955,0.0,0.0,0.0,34122.957964912224,-40050.587363943734,-4.583580448525026e-16,0.0,5.442909896373749e-11,-4.440892098500626e-16
film_only_hypothesis,once_through,619.8159162213836,16.576502855667208,19725.665947000376,88798.51260688862,603.2394133657166,939999.9999999983,4231201.487393112,0.0,5056.192519175429,939999.9999999983,4229999.999999999,0.0,141.0,0.17544526381362868,0.04561576859154346,0.26824928172901474,0.31050242998855576,2.072997126916059,0.7040608248460228,0.8838306764369288,0.620514751287051,1.2494745091923627,0.03341624057668241,0.03341624057668241,0.0,1.2160582686156807,0.0,0.0,1.2160582686156807,0.0,0.03341624057668241,0.0,4.501673750608757,274.3340529996278,488.0295464758504,8.057826167112331,273.08457849043543,0.0,0.0,0.0,34366.69337894732,-40330.60451334742,-2.291790224262513e-16,0.0,1.0885819792747498e-10,-4.440892098500626e-16
film_only_hypothesis,once_through,625.5414288004537,16.681486887001935,19723.131802538755,88787.31805619599,608.8599419134517,946666.6666666649,4261212.681943805,0.0,5092.480718404128,946666.6666666649,4259999.999999999,0.0,142.0,0.177065928979872,0.04603714153476672,0.2743901684264423,0.31027892797503154,2.097560673705769,0.7017824256555171,0.8831733175736223,0.6187745428116538,1.2610164554902585,0.03362787578576946,0.03362787578576946,0.0,1.227388579704489,0.0,0.0,1.227388579704489,0.0,0.03362787578576946,0.0,4.501684567395494,276.86819746124826,487.07032272591596,8.080487567055469,275.607181005758,0.0,0.0,0.0,34610.428792982406,-40610.628126611206,0.0,0.0,1.0885819792747498e-10,0.0
film_only_hypothesis,once_through,631.299815195239,16.783614390347555,19720.583107939157,88776.05234046244,614.5162008048916,953333.3333333315,4291223.947659538,0.0,5128.775399866146,953333.3333333315,4289999.999999999,0.0,143.0,0.17869589941743833,0.04646093384853397,0.2805143354025247,0.3100555451418171,2.1220573416100987,0.699498381388059,0.8825163092406386,0.617039308490579,1.2726246714557783,0.03383375257721383,0.03383375257721383,0.0,1.2387909188785649,0.0,0.0,1.2387909188785649,0.0,0.03383375257721383,0.0,4.501695099711467,279.41689206084794,486.10559146126553,8.103211466755916,278.14426738939216,0.0,0.0,0.0,34854.164207017486,-40890.6582221083,-2.291790224262513e-16,0.0,1.0885819792747498e-10,-4.440892098500626e-16
film_only_hypothesis,once_through,637.0900977356762,16.882863809754106,19718.020295923914,88764.717364005,620.2072339259221,959999.9999999981,4321235.282635996,0.0,5165.076580845896,959999.9999999981,4319999.999999999,0.0,144.0,0.18033489838677036,0.046887073580560296,0.28662030703709684,0.30983232013230527,2.1464812281483874,0.6972091811823871,0.8818597650950155,0.6153093328457432,1.2842971862233947,0.034033827496807105,0.034033827496807105,0.0,1.2502633587265877,0.0,0.0,1.2502633587265877,0.0,0.034033827496807105,0.0,4.501705345254885,281.97970407609114,485.1355164758535,8.125994086381736,280.69540688986774,0.0,0.0,0.0,35097.89962105258,-41170.69481712315,0.0,0.0,1.0885819792747498e-10,0.0
film_only_hypothesis,once_through,642.9112946586176,16.97921668262266,19715.443801026984,88753.31504545404,625.932077975995,966666.6666666648,4351246.684954546,0.0,5201.384277556904,966666.6666666648,4349999.999999999,0.0,145.0,0.18198264798972144,0.047315488477327576,0.29270664477386493,0.3096092904616899,2.1708265790954595,0.6949153106796755,0.8812037954755586,0.613584888950205,1.296032020676414,0.03422806332616536,0.03422806332616536,0.0,1.2618039573502486,0.0,0.0,1.2618039573502486,0.0,0.03422806332616536,0.0,4.50171530203296,284.55619897301966,484.16026224936843,8.148831710237523,283.26016695234324,0.0,0.0,0.0,35341.63503508767,-41450.737927869246,0.0,0.0,5.442909896373749e-11,0.0
film_only_hypothesis,once_through,648.7624210969745,17.07265760052471,19712.85405915615,88741.8473157052,631.6897634964498,973333.3333333314,4381258.152684296,0.0,5237.698505160563,973333.3333333314,4379999.999999999,0.0,146.0,0.18363886944954236,0.04774610605688102,0.29877194807493496,0.3093864925029224,2.1950877922997396,0.6926172515751138,0.8805485073615364,0.6118662384404618,1.307827189440969,0.03441642900374575,0.03441642900374575,0.0,1.2734107604372231,0.0,0.0,1.2734107604372231,0.0,0.03441642900374575,0.0,4.501724968358234,287.14594084385345,483.1799937815183,8.171720689711709,285.8381136544125,0.0,0.0,0.0,35585.37044912275,-41730.787569507986,0.0,0.0,1.0885819792747498e-10,2.220446049250313e-16
film_only_hypothesis,once_through,654.6424900495555,17.163174164036825,19710.251507163757,88730.31611589779,637.4793158855186,979999.999999998,4411269.683884103,0.0,5274.019277785725,979999.999999998,4409999.999999999,0.0,147.0,0.18530328338540428,0.048178853680205115,0.3048148552733336,0.30916396147567826,2.2192594210933345,0.6903154811878545,0.8798940043402302,0.6101536315534883,1.3196807028410977,0.03459889953379855,0.03459889953379855,0.0,1.2850818033072993,0.0,0.0,1.2850818033072993,0.0,0.03459889953379855,0.0,4.501734342844304,289.7484928362464,482.1948764295477,8.19465744597749,288.4288121334053,0.0,0.0,0.0,35829.105863157834,-42010.84375616823,0.0,0.0,1.0885819792747498e-10,0.0
film_only_hypothesis,once_through,660.5505133299678,17.250756931919813,19707.636582426727,88718.72339542359,643.299756398048,986666.6666666646,4441281.276604577,0.0,5310.346608549006,986666.6666666646,4439999.999999999,0.0,148.0,0.18697561008099492,0.04861365862105868,0.31083404432469613,0.3089417314382432,2.2433361772987848,0.6880104720498176,0.8792403865830684,0.6084473071873141,1.3315905688116154,0.03477545588391851,0.03477545588391851,0.0,1.2968151129276968,0.0,0.0,1.2968151129276968,0.0,0.03477545588391851,0.0,4.501743424400973,292.3634175732755,481.20507574926376,8.217638472448233,291.0318270044639,0.0,0.0,0.0,36072.841277192914,-42290.906500966594,0.0,0.0,1.0885819792747498e-10,0.0
film_only_hypothesis,once_through,666.4855024930746,17.335399364988234,19705.00972243651,88707.07110996985,649.1501031280864,993333.3333333313,4471292.928890031,0.0,5346.680509575773,993333.3333333313,4469999.999999999,0.0,149.0,0.18865556974676187,0.04905044813415809,0.31682823345962846,0.3087198352822161,2.2673129338385136,0.685702691513753,0.8785877508300474,0.6067474929838526,1.3435547947657391,0.03494608487189248,0.03494608487189248,0.0,1.3086087098938466,0.0,0.0,1.3086087098938466,0.0,0.03494608487189248,0.0,4.501752212228865,294.99027756349625,480.21075733982275,8.24066033698975,293.6467227687305,0.0,0.0,0.0,36316.576691228016,-42570.97581602846,0.0,0.0,1.0885819792747498e-10,0.0
film_only_hypothesis,once_through,672.4464697376267,17.417097765028814,19702.371364399554,88695.36121959983,655.0293719725979,999999.9999999979,4501304.6387804,0.0,5383.0209920217185,999999.9999999979,4499999.999999999,0.0,150.0,0.19034288277541164,0.04948914952160703,0.3227961817385596,0.3084983047299247,2.2911847269542385,0.6833926013808833,0.8779361903821314,0.6050544054327184,1.3555713894146868,0.035110779042566286,0.035110779042566286,0.0,1.3204606103721206,0.0,0.0,1.3204606103721206,0.0,0.035110779042566286,0.0,4.501760705813541,297.62863560045236,479.21208669250666,8.263719683892123,296.27306421103765,0.0,0.0,0.0,36560.312105263096,-42851.051712509485,-2.291790224262513e-16,0.0,5.442909896373749e-11,0.0
film_only_hypothesis,once_through,678.4324287838206,17.495851209135004,19699.721944848916,88683.59568687408,660.9365775746855,1006666.6666666645,4531316.404313126,0.0,5419.368066094972,1006666.6666666645,4529999.999999999,0.0,151.0,0.19203726999031168,0.04992969019748104,0.32873668951119434,0.3082771703344387,2.314946758044777,0.6810806575483703,0.8772857951012903,0.6033682499946931,1.367638364536728,0.03526953653547107,0.03526953653547107,0.0,1.3323688280012569,0.0,0.0,1.3323688280012569,0.0,0.03526953653547107,0.0,4.501768904919141,300.2780551510881,478.20922904370263,8.28681323560525,298.91041678655137,0.0,0.0,0.0,36804.04751929818,-43131.13420061783,0.0,0.0,5.442909896373749e-11,0.0
film_only_hypothesis,once_through,684.4423957246581,17.57166147983055,19697.06189926744,88671.77647501566,666.8707342448275,1013333.3333333312,4561328.223524984,0.0,5455.721741078666,1013333.3333333312,4559999.999999999,0.0,152.0,0.19373845288647631,0.05037199775048384,0.3346485987829293,0.3080564614820643,2.338594395131717,0.6787673096767698,0.8766366514178362,0.6016892212435445,1.3797537366934238,0.035422360943960805,0.035422360943960805,0.0,1.3443313757494628,0.0,0.0,1.3443313757494628,0.0,0.035422360943960805,0.0,4.50177680958161,302.938100732565,477.20234923226934,8.309937794242387,301.55834699587155,0.0,0.0,0.0,37047.78293333327,-43411.22328963661,0.0,0.0,5.442909896373749e-11,2.220446049250313e-16
film_only_hypothesis,once_through,690.475389850113,17.644532991357977,19694.391661722962,88659.90554612178,672.830856858755,1019999.9999999978,4591340.094453878,0.0,5492.082025353906,1019999.9999999978,4589999.999999999,0.0,153.0,0.1954461538638556,0.05081600000460246,0.34053079349084214,0.3078362063971965,2.3621231739633686,0.6764530008775668,0.8759888423446957,0.6000175030248494,1.3919155288910456,0.03556926116661872,0.03556926116661872,0.0,1.3563462677244271,0.0,0.0,1.3563462677244271,0.0,0.03556926116661872,0.0,4.501784420101523,305.6083382770423,476.19161156146123,8.333090242857345,304.2164227481513,0.0,0.0,0.0,37291.51834736836,-43691.318987946936,-2.291790224262513e-16,0.0,5.442909896373749e-11,-2.220446049250313e-16
film_only_hypothesis,once_through,696.530434443231,17.714472712508066,19691.711664515966,88647.98485942461,678.815961730723,1026666.6666666644,4621352.015140574,0.0,5528.448926423069,1026666.6666666644,4619999.999999999,0.0,154.0,0.19716009645267973,0.05126162507769673,0.3463821996920726,0.3076164321494047,2.3855287987682905,0.6741381674208143,0.8753424474982492,0.5983532686305055,1.4041217721854204,0.03571025125169076,0.03571025125169076,0.0,1.3684115209337298,0.0,0.0,1.3684115209337298,0.0,0.03571025125169076,0.0,4.501791737036569,308.28833548403605,475.17717966555324,8.356267546501186,306.88421371185063,0.0,0.0,0.0,37535.253761403445,-43971.42130305119,0.0,0.0,0.0,0.0
film_only_hypothesis,once_through,702.6065575474157,17.781490086364258,19689.022337839982,88636.01636960298,684.8250674610514,1033333.333333331,4651363.9836303955,0.0,5564.822450933372,1033333.333333331,4649999.999999999,0.0,155.0,0.19888000553064702,0.05170880143796823,0.3522017856676038,0.30739716466262373,2.4088071426704154,0.6718232384628282,0.874697543125364,0.5966966809876147,1.4163705072286843,0.03584535023529998,0.03584535023529998,0.0,1.380525156993384,0.0,0.0,1.380525156993384,0.0,0.03584535023529998,0.0,4.501798761193693,310.9776621600233,474.1592163812937,8.379466753065083,309.56129165279464,0.0,0.0,0.0,37778.98917543853,-44251.53024159658,2.291790224262513e-16,1.1641532182693481e-10,-5.442909896373749e-11,2.220446049250313e-16
film_only_hypothesis,once_through,708.7027927042694,17.845596947332023,19686.32410945499,88624.00202514774,690.8571957569375,1039999.9999999977,4681375.997974851,0.0,5601.202604700659,1039999.9999999977,4679999.999999999,0.0,156.0,0.20060560753177747,0.05215745795826215,0.3579885619446184,0.3071784287263204,2.4319542477784735,0.6695086357938296,0.8740542021362365,0.5950478928604381,1.4286597857566825,0.035974581974187674,0.035974581974187674,0.0,1.392685203782495,0.0,0.0,1.392685203782495,0.0,0.035974581974187674,0.0,4.501805493620987,313.6758905450156,473.1378836242902,8.402684993916438,312.2472307592589,0.0,0.0,0.0,38022.72458947362,-44531.64580939895,-2.291790224262513e-16,0.0,0.0,-2.220446049250313e-16
film_only_hypothesis,once_through,714.8181796614763,17.906807435817313,19683.617404374134,88611.94376678186,696.911372225659,1046666.6666666643,4711388.056233217,0.0,5637.589392733328,1046666.6666666643,4709999.999999999,0.0,157.0,0.20233663064678628,0.052607523968164434,0.3637415812407464,0.30696024800850585,2.4549663249629856,0.6671947736053653,0.8734124941426643,0.5934070470641405,1.4409876720159767,0.036097974973715405,0.036097974973715405,0.0,1.4048896970422613,0.0,0.0,1.4048896970422613,0.0,0.036097974973715405,0.0,4.501811935599314,316.3825956258712,472.11334227041453,8.425919484335948,314.9416079538552,0.0,0.0,0.0,38266.4600035087,-44811.7680114667,0.0,1.1641532182693481e-10,0.0,0.0
film_only_hypothesis,once_through,720.9517650503233,17.965137910910443,19680.90264456383,88599.84352593703,702.9866271394128,1053333.333333331,4741400.156474061,0.0,5673.9828192563655,1053333.333333331,4739999.999999999,0.0,158.0,0.2040728050148632,0.05305892930386443,0.3694599383336337,0.3067426450704627,2.4778397533345347,0.6648820582772814,0.872772485501361,0.5917742766890801,1.4533522441296456,0.03621556221184614,0.03621556221184614,0.0,1.4171366819177993,0.0,0.0,1.4171366819177993,0.0,0.03621556221184614,0.0,4.501818088633739,319.0973554361706,471.085752042294,8.449167523763482,317.64400319204094,0.0,0.0,0.0,38510.195417543786,-45091.89685202482,0.0,0.0,-5.442909896373749e-11,2.220446049250313e-16
film_only_hypothesis,once_through,727.1026030325696,18.020606861422852,19678.180248657478,88587.70322328815,709.0819961711468,1059999.9999999977,4771412.29677671,0.0,5710.382887735421,1059999.9999999977,4769999.999999999,0.0,159.0,0.2058138629067755,0.05351160435576163,0.3751427698593658,0.3065256413830578,2.500571079437463,0.6625708881839723,0.8721342393619348,0.5901497053344179,1.4657515954012963,0.036327380959805096,0.036327380959805096,0.0,1.4294242144414913,0.0,0.0,1.4294242144414913,0.0,0.036327380959805096,0.0,4.5018239544447685,321.81975134252383,470.05527140093835,8.472426495861196,320.35399974712254,0.0,0.0,0.0,38753.93083157888,-45372.03233453898,0.0,0.0,-5.442909896373749e-11,0.0
film_only_hypothesis,once_through,733.2697559164709,18.07323481561357,19675.450631682776,88575.52476734653,715.1965211008574,1066666.6666666644,4801424.475232652,0.0,5746.789600900872,1066666.6666666644,4799999.999999999,0.0,160.0,0.20755953889923998,0.053965480113802394,0.38078925404334524,0.3063092573445105,2.523157016173381,0.6602616535195779,0.8714978157191485,0.588533447349859,1.4781838355568953,0.03643347260009908,0.03643347260009908,0.0,1.4417503629567963,0.0,0.0,1.4417503629567963,0.0,0.03643347260009908,0.0,4.501829534959473,324.5493683172269,469.02205744253405,8.49569386840253,323.07118448167,0.0,0.0,0.0,38997.66624561397,-45652.17446173951,0.0,0.0,0.0,0.0
film_only_hypothesis,once_through,739.4522947418697,18.123044249930885,19672.714204802774,88563.31005311289,721.3292504919389,1073333.3333333312,4831436.689946885,0.0,5783.202960771836,1073333.3333333312,4829999.999999999,0.0,161.0,0.2093095700405388,0.05442048821054009,0.3863986103672844,0.30609351229949083,2.5455944414691376,0.6579547361417615,0.8708632714690907,0.5869256080843921,1.49064709192424,0.036533882442550666,0.036533882442550666,0.0,1.4541132094816895,0.0,0.0,1.4541132094816895,0.0,0.036533882442550666,0.0,4.501834832302479,327.2857951972255,467.9862658004208,8.51896719299572,325.7951481053013,0.0,0.0,0.0,39241.401659649055,-45932.32323564556,-2.291790224262513e-16,0.0,-5.442909896373749e-11,-2.220446049250313e-16
film_only_hypothesis,once_through,745.6492998343539,18.170059497081855,19669.97137507061,88551.06096079032,727.4792403372721,1079999.999999998,4861448.939039208,0.0,5819.622968680077,1079999.999999998,4859999.999999999,0.0,162.0,0.21106369600737984,0.05487656096191876,0.3919700991760003,0.30587842455942177,2.567880396704001,0.6556505094336548,0.8702306604688876,0.5853262841409087,1.503139510550077,0.036628659538977364,0.036628659538977364,0.0,1.4665108510111,0.0,0.0,1.4665108510111,0.0,0.036628659538977364,0.0,4.501839848786889,330.0286249293896,466.9480505522515,8.542244104651079,328.52548541883954,0.0,0.0,0.0,39485.13707368415,-46212.4786575889,-2.291790224262513e-16,0.0,-5.442909896373749e-11,-2.220446049250313e-16
film_only_hypothesis,once_through,751.8598613285767,18.21430665372902,19667.222545197863,88538.77935455836,733.6455546748479,1086666.6666666646,4891461.22064544,0.0,5856.049625293771,1086666.6666666646,4889999.999999999,0.0,163.0,0.2128216592530276,0.055333631405787176,0.397503021227721,0.30566401142386357,2.5900120849108843,0.6533493381835247,0.8696000335995988,0.5837355636356585,1.5156592572550511,0.036717856497119256,0.036717856497119256,0.0,1.4789414007579322,0.0,0.0,1.4789414007579322,0.0,0.036717856497119256,0.0,4.501844586905172,332.7774548021369,465.90756413231685,8.565522321200865,331.26179554488186,0.0,0.0,0.0,39728.87248771924,-46492.64072823769,-4.583580448525026e-16,0.0,-5.442909896373749e-11,-4.440892098500626e-16
film_only_hypothesis,once_through,758.0830796609134,18.255813488099516,19664.468113336516,88526.4670814076,739.8272661728141,1093333.3333333314,4921473.532918591,0.0,5892.482930641081,1093333.3333333314,4919999.999999999,0.0,164.0,0.21458320514675494,0.05579163333815629,0.4029967171916079,0.3054502892028611,2.6119868687664316,0.6510515784816815,0.8689714388319445,0.582153526461516,1.528204518626842,0.03680152929439005,0.03680152929439005,0.0,1.4914029893324525,0.0,0.0,1.4914029893324525,0.0,0.03680152929439005,0.0,4.501849049320008,335.5318866634861,464.8649572490088,8.588799642581108,334.0036821448592,0.0,0.0,0.0,39972.60790175432,-46772.80944762008,-4.583580448525026e-16,0.0,0.0,-4.440892098500626e-16
film_only_hypothesis,once_through,764.3180660317087,18.29460934777714,19661.70847287435,88514.12597003547,746.0234566839317,1099999.9999999981,4951485.874029963,0.0,5928.92288413351,1099999.9999999981,4949999.999999999,0.0,165.0,0.2163480821046868,0.056250501347218575,0.40845056709617883,0.3052372732401393,2.6338022683847155,0.6487575776341209,0.8683449212945273,0.580580244554109,1.5407735029520007,0.036879737091996975,0.036879737091996975,0.0,1.5038937658600042,0.0,0.0,1.5038937658600042,0.0,0.036879737091996975,0.0,4.501853238855167,338.29152712564996,463.82037880737766,8.612073949984376,336.75075362269797,0.0,0.0,0.0,40216.34331578941,-47052.98481514759,-4.583580448525026e-16,0.0,0.0,-4.440892098500626e-16
film_only_hypothesis,once_through,770.563942837444,18.33072506793244,19658.94401224369,88501.75782980249,752.2332177695117,1106666.6666666649,4981498.242170196,0.0,5965.369484588995,1106666.6666666649,4979999.999999999,0.0,166.0,0.21811604171212978,0.05671017084515374,0.4138639897322878,0.30502497793703376,2.655455958929151,0.6464676740923639,0.867720523344217,0.5790157821598881,1.5533644410871463,0.036952542049943644,0.036952542049943644,0.0,1.516411899037203,0.0,0.0,1.516411899037203,0.0,0.036952542049943644,0.0,4.501857158486394,341.05598775631523,462.77397583672877,8.635343204892662,339.5026233152281,0.0,0.0,0.0,40460.07872982451,-47333.16682963818,-4.583580448525026e-16,0.0,-5.442909896373749e-11,-4.440892098500626e-16
film_only_hypothesis,once_through,776.8198440732189,18.364192880230863,19656.17511474322,88489.36444974953,758.4556511929883,1113333.3333333316,5011510.635550249,0.0,6001.822730254702,1113333.3333333316,5009999.999999999,0.0,167.0,0.21988683883749838,0.05717057809774958,0.41923644201426635,0.30481341677705004,2.6769457680570654,0.6441821973989428,0.8670982846383826,0.5774601961052768,1.5659755872703203,0.03702000914339979,0.03702000914339979,0.0,1.528955578126921,0.0,0.0,1.528955578126921,0.0,0.03702000914339979,0.0,4.501860811332394,343.8248852567829,461.7258934231932,8.658605447999484,342.2589096695126,0.0,0.0,0.0,40703.81414385959,-47613.35548933897,-6.87537067278754e-16,0.0,0.0,-6.661338147750939e-16
film_only_hypothesis,once_through,783.0849157060057,18.39504632264295,19653.402158372828,88476.94759767441,764.6898693833631,1119999.9999999984,5041523.052402324,0.0,6038.282618829508,1119999.9999999984,5039999.999999999,0.0,168.0,0.2216602317379688,0.05763166025187189,0.42456741830277417,0.304602602350948,2.6982696732110965,0.6419014681479559,0.8664782422086706,0.5759135360660999,1.5786052198734228,0.03708220598088947,0.03708220598088947,0.0,1.5415230138925338,0.0,0.0,1.5415230138925338,0.0,0.03708220598088947,0.0,4.501864200645845,346.5978416271733,460.67627464719425,8.681858798029936,345.0192364072999,0.0,0.0,0.0,40947.54955789469,-47893.55079194887,-6.87537067278754e-16,0.0,-5.442909896373749e-11,-4.440892098500626e-16
film_only_hypothesis,once_through,789.3583160191915,18.423320150364884,19650.625515681077,88464.50901926853,770.934995868827,1126666.666666665,5071535.49098073,0.0,6074.749147486118,1126666.666666665,5069999.999999999,0.0,169.0,0.22343598215700494,0.05809335536082129,0.42985644969283404,0.3043925463822521,2.7194257987713364,0.6396257979601068,0.8658604305360357,0.5743758448365209,1.5912516420967677,0.03713920262471756,0.03713920262471756,0.0,1.5541124394720507,0.0,0.0,1.5541124394720507,0.0,0.03713920262471756,0.0,4.50186732980456,349.3744843189216,459.6252605257247,8.705101450467684,347.7832326768248,0.0,0.0,0.0,41191.284971929774,-48173.75273464056,-6.87537067278754e-16,0.0,0.0,-4.440892098500626e-16
film_only_hypothesis,once_through,795.6392159289759,18.449050248042152,19647.845553625182,88452.05043731166,777.190165680934,1133333.3333333319,5101547.949562687,0.0,6111.2223128928235,1133333.3333333319,5099999.999999999,0.0,170.0,0.22521385541391806,0.058555602407618694,0.435103103270447,0.30418325975309396,2.740412413081788,0.6373554894716251,0.865244881626747,0.5728471585967917,1.6039131826069037,0.03719107141402321,0.03719107141402321,0.0,1.566722111192881,0.0,0.0,1.566722111192881,0.0,0.03719107141402321,0.0,4.501870202302744,352.15444637481806,458.57298995933905,8.728331676197309,350.55053319221116,0.0,0.0,0.0,41435.02038596487,-48453.961314082364,-4.583580448525026e-16,0.0,0.0,-4.440892098500626e-16
film_only_hypothesis,once_through,801.9267992732383,18.472273543472994,19645.062633443136,88439.57355092488,783.4545257297656,1139999.9999999986,5131560.426449074,0.0,6147.702111234843,1139999.9999999986,5129999.999999999,0.0,171.0,0.2269936204856338,0.05901834132626479,0.4403069813410917,0.3039747525302981,2.761227925364367,0.6350908363364628,0.8646316250891121,0.571327507179154,1.6165881961189354,0.037237886790816334,0.037237886790816334,0.0,1.5793503093281198,0.0,0.0,1.5793503093281198,0.0,0.037237886790816334,0.0,4.501872821742402,354.9373665568619,457.5195996837579,8.751547820070433,353.32077836074296,0.0,0.0,0.0,41678.755799999955,-48734.17652645947,-4.583580448525026e-16,0.0,0.0,-6.661338147750939e-16
film_only_hypothesis,once_through,808.2202630735318,18.493027922953168,19642.27711053778,88427.08003488004,789.727235150579,1146666.6666666653,5161572.919965119,0.0,6184.188538235252,1146666.6666666653,5159999.999999999,0.0,172.0,0.22877505008085192,0.0594815130210215,0.4454677206333118,0.303767033991626,2.781870882533247,0.6328321232411497,0.8640206882106648,0.5698169143312917,1.6292750639246711,0.03727972512932283,0.03727972512932283,0.0,1.591995338795349,0.0,0.0,1.591995338795349,0.0,0.03727972512932283,0.0,4.5018751918248965,357.7228894622212,456.46522422597576,8.774748299403761,356.0936143982965,0.0,0.0,0.0,41922.49121403504,-49014.39836749497,-6.87537067278754e-16,0.0,0.0,-6.661338147750939e-16
film_only_hypothesis,once_through,814.5188177708964,18.511352148408122,19639.489334372392,88414.57153896509,796.0074656224886,1153333.333333332,5191585.428461034,0.0,6220.681589175477,1153333.333333332,5189999.999999999,0.0,173.0,0.23055792070679595,0.05994505938376695,0.4505849914804961,0.30356011265209926,2.802339965921984,0.6305796259316931,0.8634120960355861,0.56831539797677,1.6419721943679944,0.03731666456893296,0.03731666456893296,0.0,1.6046555297990621,0.0,0.0,1.6046555297990621,0.0,0.03731666456893296,0.0,4.50187731634268,360.5106656276056,455.40999586475283,8.797931602416966,358.8686934332376,0.0,0.0,0.0,42166.22662807014,-49294.62683247028,-6.87537067278754e-16,0.0,0.0,-6.661338147750939e-16
film_only_hypothesis,once_through,820.8216874362172,18.52728577644379,19636.699648377627,88402.04968740375,802.2944016597738,1159999.9999999988,5221597.950312595,0.0,6257.181258915328,1159999.9999999988,5219999.999999999,0.0,174.0,0.23234201272875715,0.060408923309476864,0.45565849698383654,0.30335399629032717,2.822633987935346,0.6283336112519019,0.8628058714421388,0.5668229704719691,1.6546780232689213,0.0373487848510175,0.0373487848510175,0.0,1.6173292384179048,0.0,0.0,1.6173292384179048,0.0,0.0373487848510175,0.0,4.501879199171205,363.30035162237164,454.35404459537324,8.821096286617875,361.64567359910274,0.0,0.0,0.0,42409.96204210524,-49574.86191624524,-9.167160897050052e-16,0.0,0.0,-8.881784197001252e-16
film_only_hypothesis,once_through,827.1281099558836,18.540869079432923,19633.908389869302,88389.51607832882,808.587240876451,1166666.6666666656,5251610.48392167,0.0,6293.687541912562,1166666.6666666656,5249999.999999999,0.0,175.0,0.23412711042264708,0.060873048709888244,0.4606879721593412,0.30314869197476935,2.842751888637365,0.6260943371925195,0.8622020352199099,0.5653396388590366,1.6673910142978665,0.03737616715984724,0.03737616715984724,0.0,1.63001484713802,0.0,0.0,1.63001484713802,0.0,0.03737616715984724,0.0,4.501880844261044,366.09161013069667,453.2974980985409,8.84424097714244,364.4242191163988,0.0,0.0,0.0,42653.69745614032,-49855.103613277555,-6.87537067278754e-16,0.0,0.0,-6.661338147750939e-16
film_only_hypothesis,once_through,833.4373371935243,18.552142968739318,19631.115889976834,88376.97228330685,814.8851942247854,1173333.3333333323,5281623.027716693,0.0,6330.200432241977,1173333.3333333323,5279999.999999999,0.0,176.0,0.2359130020207787,0.06133738052540246,0.46567318307165484,0.3029442060898683,2.8626927322866194,0.6238620529505539,0.8616006061466714,0.5638654051144552,1.6801096593016815,0.037398893967822214,0.037398893967822214,0.0,1.6427107653338604,0.0,0.0,1.6427107653338604,0.0,0.037398893967822214,0.0,4.501882255630204,368.88411002316377,452.24048171328286,8.867364365056382,367.20400036386206,0.0,0.0,0.0,42897.432870175406,-50135.35191764205,-9.167160897050052e-16,0.0,0.0,-1.1102230246251565e-15
film_only_hypothesis,once_through,839.7486351286185,18.561148920169362,19628.322473581888,88364.41984691375,821.1874862084495,1179999.999999999,5311635.580153086,0.0,6366.719923614001,1179999.999999999,5309999.999999999,0.0,177.0,0.2376994797511013,0.061801864735286344,0.4706139259573176,0.3027405443619917,2.8824557038292706,0.6216369989981976,0.8610016010646816,0.5624002663928503,1.6928324785830793,0.03741704888519101,0.03741704888519101,0.0,1.6554154296978891,0.0,0.0,1.6554154296978891,0.0,0.03741704888519101,0.0,4.501883437356657,371.6775264181119,451.18311841372685,8.890465205625237,369.9846939395288,0.0,0.0,0.0,43141.1682842105,-50415.60682304917,-6.87537067278754e-16,0.0,5.442909896373749e-11,-8.881784197001252e-16
film_only_hypothesis,once_through,846.0612839727928,18.56792890172654,19625.52845926689,88351.86028635921,827.4933550710667,1186666.6666666658,5341648.13971364,0.0,6403.246009392797,1186666.6666666658,5339999.999999999,0.0,178.0,0.2394863398701199,0.06226644836623118,0.47551002633996775,0.30253771188513023,2.902040105359871,0.6194194071607392,0.8604050349562654,0.560944215265711,1.7055580211350734,0.037430716514412495,0.037430716514412495,0.0,1.668127304620662,0.0,0.0,1.668127304620662,0.0,0.037430716514412495,0.0,4.501884393571106,374.47154073310924,450.1255287896181,8.913542316559186,372.7659827119742,0.0,0.0,0.0,43384.90369824559,-50695.868322863054,-9.167160897050052e-16,0.0,5.442909896373749e-11,-1.1102230246251565e-15
film_only_hypothesis,once_through,852.3745782646331,18.572525303732675,19622.73415927308,88339.29509115871,833.8020529609009,1193333.3333333326,5371660.70490884,0.0,6439.778682613843,1193333.3333333326,5369999.999999999,0.0,179.0,0.24127338268973245,0.06273107949933043,0.4803613381398715,0.30233571314629804,2.921445352559486,0.6172095007028774,0.8598109210185236,0.5594972399547326,1.7182848648321085,0.03743998230928862,0.03743998230928862,0.0,1.6808448825228208,0.0,0.0,1.6808448825228208,0.0,0.03743998230928862,0.0,4.50188512844997,377.26584072691793,449.0678310304346,8.936594576238726,375.5475558620858,0.0,0.0,0.0,43628.639112280674,-50976.13641011919,-9.167160897050052e-16,0.0,0.0,-8.881784197001252e-16
film_only_hypothesis,once_through,858.68782694384,18.57498087136733,19619.939879467685,88326.7257228514,840.1128460724732,1199999.9999999993,5401673.274277148,0.0,6476.317936001027,1199999.9999999993,5399999.999999999,0.0,180.0,0.24306041259822045,0.06319570727553732,0.48516774278002717,0.30213455205059253,2.9406709711201087,0.615007494422858,0.8592192707370369,0.5580593245595411,1.7310116165795482,0.03744493243897197,0.03744493243897197,0.0,1.6935666841405772,0.0,0.0,1.6935666841405772,0.0,0.03744493243897197,0.0,4.501885646208607,380.0601205323155,448.0101409129637,8.959620921926795,378.32910891573596,0.0,0.0,0.0,43872.37452631577,-51256.41107754147,-9.167160897050052e-16,0.0,0.0,-1.1102230246251565e-15
film_only_hypothesis,once_through,865.0003534055699,18.575338639665688,19617.145919319853,88314.15361476246,846.4250147659046,1206666.666666666,5431685.846385237,0.0,6512.863761983216,1206666.666666666,5429999.999999999,0.0,181.0,0.24484723807563064,0.06366028189966397,0.4899291482909738,0.3019342319458688,2.959716593163895,0.6128135947538693,0.8586300939584378,0.5566304492795735,1.74373691242322,0.03744565365692926,0.03744565365692926,0.0,1.7062912587662917,0.0,0.0,1.7062912587662917,0.0,0.03744565365692926,0.0,4.501885951094786,382.85408068014624,446.9525717921978,8.98262034797291,381.110343767723,0.0,0.0,0.0,44116.109940350856,-51536.69231755874,-9.167160897050052e-16,0.0,0.0,-8.881784197001252e-16
film_only_hypothesis,once_through,871.3114955358009,18.573641871004423,19614.35257188503,88301.58017180813,852.737853664797,1213333.3333333328,5461698.4198281905,0.0,6549.416152710304,1213333.3333333328,5459999.999999999,0.0,182.0,0.2466336717037858,0.06412475464298431,0.49464548841630207,0.3017347556469929,2.9785819536652083,0.6106279998721409,0.858043398961744,0.5552105906299478,1.7564594176207102,0.037442233174920396,0.037442233174920396,0.0,1.7190171844457907,0.0,0.0,1.7190171844457907,0.0,0.037442233174920396,0.0,4.501886047382391,385.6474281149749,445.89523459540953,9.0055919040142,383.8909686973542,0.0,0.0,0.0,44359.84535438595,-51816.98012232093,-9.167160897050052e-16,0.0,-5.442909896373749e-11,-8.881784197001252e-16
film_only_hypothesis,once_through,877.620605728564,18.56993399509509,19611.560123797288,88289.00677034186,859.0506717334694,1219999.9999999995,5491710.9932296565,0.0,6585.975100068761,1219999.9999999995,5489999.999999999,0.0,183.0,0.24841953017116214,0.06458907784450216,0.49931672172074204,0.30153612545963915,2.997266886882968,0.6084508998112093,0.8574591925283505,0.5537997216511712,1.7691778266760974,0.03743475854203229,0.03743475854203229,0.0,1.731743068134066,0.0,0.0,1.731743068134066,0.0,0.03743475854203229,0.0,4.501885939365384,388.43987620271287,444.838237819265,9.028534693178146,386.6706983760368,0.0,0.0,0.0,44603.580768421045,-52097.27448371448,-9.167160897050052e-16,0.0,-5.442909896373749e-11,-8.881784197001252e-16
film_only_hypothesis,once_through,883.9270508858756,18.56425855149493,19608.768855269413,88276.43475804,865.3627923343811,1226666.6666666663,5521723.565241959,0.0,6622.54059569666,1226666.6666666663,5519999.999999999,0.0,184.0,0.25020463427287015,0.06505320491094624,0.5039428307025778,0.30133834320360225,3.0157713228103114,0.6062824765818247,0.8568774800105949,0.5523978121125726,1.7818908633398187,0.037423317528787595,0.037423317528787595,0.0,1.744467545811032,0.0,0.0,1.744467545811032,0.0,0.037423317528787595,0.0,4.5018856313520015,391.23114473058854,443.78168752983476,9.051447870291447,389.44925386724873,0.0,0.0,0.0,44847.31618245612,-52377.57539337745,-9.167160897050052e-16,0.0,0.0,-8.881784197001252e-16
film_only_hypothesis,once_through,890.2302124012018,18.556659134636597,19605.97904010017,88263.8654538252,871.6735532665657,1233333.333333333,5551736.134546174,0.0,6659.112630998194,1233333.333333333,5549999.999999999,0.0,185.0,0.2519888089059742,0.06551709031555329,0.50852382091202,0.3011414102355982,3.03409528364808,0.6041229042969947,0.8562982653988183,0.5510048287093782,1.7945972805753345,0.03740799801633122,0.03740799801633122,0.0,1.7571892825590043,0.0,0.0,1.7571892825590043,0.0,0.03740799801633122,0.0,4.501885127659213,394.0209598998284,442.72568736536465,9.07433064009898,392.2263626192531,0.0,0.0,0.0,45091.05159649123,-52657.88284271409,-9.167160897050052e-16,0.0,0.0,-1.1102230246251565e-15
film_only_hypothesis,once_through,896.5294861272785,18.547179341369443,19603.190945688584,88251.30014782597,877.9823067859095,1239999.9999999998,5581748.699852173,0.0,6695.691197157687,1239999.9999999998,5579999.999999999,0.0,186.0,0.25377188306038334,0.06598068959569967,0.5130597200770443,0.30094532747153036,3.052238880308177,0.6019723493016716,0.855721551386854,0.549620735253362,1.807295860494258,0.03738888789067983,0.03738888789067983,0.0,1.769906972603579,0.0,0.0,1.769906972603579,0.0,0.03738888789067983,0.0,4.50188443260741,396.80905431141406,441.6703385416664,9.09718225549682,395.0017584509198,0.0,0.0,0.0,45334.787010526314,-52938.19682290867,-9.167160897050052e-16,0.0,0.0,-8.881784197001252e-16
film_only_hypothesis,once_through,902.8242823290973,18.535862720998065,19600.404833054723,88238.7401013709,884.2884196080997,1246666.6666666665,5611761.259898629,0.0,6732.276285153103,1246666.6666666665,5609999.999999999,0.0,187.0,0.2555536898055439,0.06644395934944142,0.5175505772380942,0.3007500954082025,3.0702023089523767,0.599830970306612,0.8551473394358898,0.5482454928570493,1.8199854142615806,0.03736607494200558,0.03736607494200558,0.0,1.782619339319576,0.0,0.0,1.782619339319576,0.0,0.03736607494200558,0.0,4.501883550515364,399.5951669452736,440.6157398599947,9.120002015782573,397.77518153101204,0.0,0.0,0.0,45578.52242456139,-53218.51732493917,-9.167160897050052e-16,0.0,5.442909896373749e-11,-8.881784197001252e-16
film_only_hypothesis,once_through,909.1140256228607,18.522752727796547,19597.620956866733,88226.18654701563,890.5912728950647,1253333.3333333333,5641773.813452984,0.0,6768.867885769053,1253333.3333333333,5639999.999999999,0.0,188.0,0.25733406627315975,0.06690685723102154,0.521996461892926,0.30055571414446264,3.087985847571704,0.5976989185259509,0.8545756298366549,0.5468790601114523,1.8326647819726123,0.0373396467689105,0.0373396467689105,0.0,1.7953251352037027,0.0,0.0,1.7953251352037027,0.0,0.0373396467689105,0.0,4.5018824856954085,402.37904313326266,439.561987717274,9.142789264926353,400.54637835129006,0.0,0.0,0.0,45822.25783859649,-53498.844339590214,-9.167160897050052e-16,0.0,5.442909896373749e-11,-8.881784197001252e-16
film_only_hypothesis,once_through,915.3981549016905,18.507892675970435,19594.839565473714,88213.64068860114,896.8902622257204,1260000.0,5671786.359311398,0.0,6805.465989609316,1260000.0,5669999.999999999,0.0,189.0,0.2591128536361636,0.06736934194540253,0.5263974631527737,0.30036218340176324,3.1055898526110948,0.5955763378180554,0.8540064217698919,0.5455213932573548,1.8453328325032197,0.037309690687635275,0.037309690687635275,0.0,1.8080231418155852,0.0,0.0,1.8080231418155852,0.0,0.037309690687635275,0.0,4.501881242448873,405.16043452628276,438.50917611854527,9.165543389865196,403.3151016937795,0.0,0.0,0.0,46065.993252631575,-53779.17785746556,-6.87537067278754e-16,0.0,0.0,-8.881784197001252e-16
film_only_hypothesis,once_through,921.6761232488631,18.491325697032757,19592.060900944118,88201.10370134159,903.1847975518308,1266666.6666666667,5701798.896298658,0.0,6842.070587108877,1266666.6666666667,5699999.999999999,0.0,190.0,0.2608898970841571,0.06783137324188085,0.5307536889108947,0.30016950254412916,3.1230147556435788,0.5934633648292356,0.8534397133650858,0.5441724463501714,1.857988463334918,0.03727629364613439,0.03727629364613439,0.0,1.8207121696887845,0.0,0.0,1.8207121696887845,0.0,0.03727629364613439,0.0,4.501879825061756,407.93909905587844,437.4573966915017,9.18826381882359,406.08111059254355,0.0,0.0,0.0,46309.72866666667,-54059.51786900022,-9.167160897050052e-16,0.0,5.442909896373749e-11,-8.881784197001252e-16
film_only_hypothesis,once_through,927.947397839326,18.473094699555194,19589.28519910935,88188.57673194044,909.474303139771,1273333.3333333335,5731811.423268059,0.0,6878.681668545477,1273333.3333333335,5729999.999999999,0.0,191.0,0.2626650457955343,0.06829291190683892,0.5350652650244676,0.2999776705975237,3.1402610600978704,0.5913601291399122,0.8528755017574228,0.5428321714184311,1.8706306003563402,0.03723954214293932,0.03723954214293932,0.0,1.8333910582134014,0.0,0.0,1.8333910582134014,0.0,0.03723954214293932,0.0,4.501878237800634,410.71480089064835,436.4067387029885,9.210950019662434,408.844170290292,0.0,0.0,0.0,46553.46408070176,-54339.864364471905,-4.583580448525026e-16,0.0,5.442909896373749e-11,-4.440892098500626e-16
film_only_hypothesis,once_through,934.2114598302329,18.453242331250696,19586.512689612202,88176.06089873276,915.7582174989825,1280000.0000000002,5761823.939101267,0.0,6915.299224050715,1280000.0000000002,5759999.999999999,0.0,192.0,0.26443815290649636,0.06875391975568905,0.5393323345107067,0.2997866862686097,3.157329338042827,0.5892667534128585,0.8523137831429698,0.5415005186159535,1.8832581976425697,0.03719952215072165,0.03719952215072165,0.0,1.8460586754918487,0.0,0.0,1.8460586754918487,0.0,0.03719952215072165,0.0,4.501876484908788,413.48731038779493,435.3572890773419,9.233601498258457,411.60405219015234,0.0,0.0,0.0,46797.19949473684,-54620.217334012224,-6.87537067278754e-16,0.0,0.0,-6.661338147750939e-16
film_only_hypothesis,once_through,940.4678042412181,18.43181094333973,19583.743595959866,88163.5572918529,922.0359932978787,1286666.666666667,5791836.442708147,0.0,6951.92324362067,1286666.666666667,5789999.999999999,0.0,193.0,0.26620907547716194,0.06921435962406211,0.5435550567579678,0.2995965479628996,3.174220227031871,0.5871833535431509,0.8517545528320577,0.540177436367784,1.8958702372137866,0.03715631904445969,0.03715631904445969,0.0,1.8587139181693275,0.0,0.0,1.8587139181693275,0.0,0.03715631904445969,0.0,4.501874570602583,416.25640404013365,434.3091324164474,9.256217796916106,414.36053380291986,0.0,0.0,0.0,47040.93490877194,-54900.57676761728,-6.87537067278754e-16,0.0,5.442909896373749e-11,-6.661338147750939e-16
film_only_hypothesis,once_through,946.7159398251064,18.40884255714868,19580.97813558113,88151.0669734254,928.307097267958,1293333.3333333337,5821848.933026575,0.0,6988.553717126097,1293333.3333333337,5819999.999999999,0.0,194.0,0.2679776744549705,0.06967419535829233,0.5477336067525287,0.2994072538022965,3.1909344270101148,0.5851100388094802,0.8511978053008721,0.5388628715099946,1.9084657287746354,0.03711001753410488,0.03711001753410488,0.0,1.8713557112405312,0.0,0.0,1.8713557112405312,0.0,0.03711001753410488,0.0,4.501872499068047,419.0218644188682,433.2623510214007,9.278798492813328,417.11339869009356,0.0,0.0,0.0,47284.670322807026,-55180.94265515779,-6.87537067278754e-16,0.0,5.442909896373749e-11,-6.661338147750939e-16
film_only_hypothesis,once_through,952.9553889297413,18.38437883288559,19578.216519887563,88138.59097777806,934.5710100968561,1300000.0000000005,5851861.409022222,0.0,7025.190634322154,1300000.0000000005,5849999.999999999,0.0,195.0,0.2697438146355711,0.0701333918052485,0.5518681743216465,0.2992188016420251,3.207472697286586,0.5830469120264973,0.8506435342412503,0.5375567694234417,1.9210437094356867,0.0370607016016374,0.0370607016016374,0.0,1.88398300783405,0.0,0.0,1.88398300783405,0.0,0.0370607016016374,0.0,4.501870274457677,421.78348011243486,432.21702491565577,9.301343196482796,419.86243640299915,0.0,0.0,0.0,47528.405736842105,-55461.314986388934,-6.87537067278754e-16,0.0,5.442909896373749e-11,-6.661338147750939e-16
film_only_hypothesis,once_through,959.1856873515874,18.35846104053568,19575.45895433829,88126.13031167536,940.8272263110521,1306666.6666666672,5881873.869688325,0.0,7061.833984857734,1306666.6666666672,5879999.999999999,0.0,196.0,0.27150736462138336,0.07059191480155967,0.5559589633934058,0.2990311890869557,3.223835853573623,0.5809940696978794,0.8500917326086933,0.5362590741616013,1.933603243418318,0.03700845444239506,0.03700845444239506,0.0,1.8965947889759236,0.0,0.0,1.8965947889759236,0.0,0.03700845444239506,0.0,4.50186790088745,424.54104566170633,431.1732318695517,9.32385155032967,422.60744241828803,0.0,0.0,0.0,47772.141150877214,-55741.69375095962,-6.87537067278754e-16,0.0,5.442909896373749e-11,-6.661338147750939e-16
film_only_hypothesis,once_through,965.4063841817455,18.33113003281697,19572.70563850816,88113.68595457156,947.075254148929,1313333.333333334,5911886.314045429,0.0,7098.4837582843475,1313333.333333334,5909999.999999999,0.0,197.0,0.2732681967780101,0.07104973116228264,0.5600061912738026,0.2988444135073261,3.2400247650952103,0.5789516021698249,0.8495423926686062,0.5349697285725992,1.946143421744297,0.03695335841055507,0.03695335841055507,0.0,1.9091900633337429,0.0,0.0,1.9091900633337429,0.0,0.03695335841055507,0.0,4.501865382434047,427.29436149183687,430.1310474261112,9.346323227186984,425.34821807009257,0.0,0.0,0.0,48015.8765649123,-56022.07893842132,-1.1458951121312565e-15,0.0,1.0885819792747498e-10,-8.881784197001252e-16
film_only_hypothesis,once_through,971.6170416449961,18.302426220133963,19569.956766158975,88101.25885888118,953.3146154248625,1320000.0000000007,5941898.741141119,0.0,7135.139944064618,1320000.0000000007,5939999.999999999,0.0,198.0,0.27502618718867733,0.07150680866905611,0.5640100879414299,0.29865847205386653,3.2560403517657197,0.5769195937846977,0.848995506040784,0.5336886744155721,1.9586633619113145,0.03689549496864365,0.03689549496864365,0.0,1.9217678669426717,0.0,0.0,1.9217678669426717,0.0,0.03689549496864365,0.0,4.501862723132267,430.04323384102224,429.0905449280055,9.368757928909329,428.08457047911094,0.0,0.0,0.0,48259.611978947396,-56302.47053823669,-6.87537067278754e-16,0.0,5.442909896373749e-11,-8.881784197001252e-16
film_only_hypothesis,once_through,977.817234932463,18.272389547466165,19567.21252531356,88088.8499502664,959.5448453849973,1326666.6666666674,5971911.150049734,0.0,7171.802531580376,1326666.6666666674,5969999.999999999,0.0,199.0,0.27678121560686747,0.07196311605778555,0.5679708953600668,0.29847336167233485,3.2718835814402674,0.5748981230345653,0.8484510637421614,0.5324158524714906,1.9711622075556532,0.03683494464094609,0.03683494464094609,0.0,1.9343272629147081,0.0,0.0,1.9343272629147081,0.0,0.03683494464094609,0.0,4.501859926972649,432.7874746864353,428.0517955455898,9.391155385005627,430.81631247887964,0.0,0.0,0.0,48503.347392982476,-56582.86853978752,-1.1458951121312565e-15,0.0,5.442909896373749e-11,-1.1102230246251565e-15
film_only_hypothesis,once_through,984.006552028472,18.24105947312672,19564.473098332404,88076.46012793954,965.7654925553459,1333333.3333333342,6001923.5398720605,0.0,7208.471510140361,1333333.3333333342,5999999.999999999,0.0,200.0,0.2785331654073106,0.07241862300590075,0.5718888668094072,0.2982890791174704,3.287555467237629,0.5728872627143805,0.8479090562278541,0.5311512026485908,1.983639128103156,0.03677178697068669,0.03677178697068669,0.0,1.9468673411324704,0.0,0.0,1.9468673411324704,0.0,0.03677178697068669,0.0,4.501856997899259,435.5269016675934,427.0148683059099,9.413515351311359,433.54326253949023,0.0,0.0,0.0,48747.08280701757,-56863.272932382606,-1.1458951121312565e-15,0.0,5.442909896373749e-11,-1.1102230246251565e-15
film_only_hypothesis,once_through,990.1845935321513,18.208474949325723,19561.7386619926,88064.09026497963,971.9761185828261,1340000.000000001,6031935.90973502,0.0,7245.146868987557,1340000.000000001,6029999.999999999,0.0,201.0,0.28028192353548587,0.07287330011922633,0.5757642662341003,0.2981056209663755,3.303057064936401,0.5708870800745858,0.8473694734305162,0.5298946640825587,1.996093318409593,0.036706100480846736,0.036706100480846736,0.0,1.9593872179287473,0.0,0.0,1.9593872179287473,0.0,0.036706100480846736,0.0,4.501853939807682,438.2613380073967,425.979830122591,9.435837608700641,436.26524468898714,0.0,0.0,0.0,48990.818221052665,-57143.68370526489,-9.167160897050052e-16,0.0,5.442909896373749e-11,-8.881784197001252e-16
film_only_hypothesis,once_through,996.3509724743016,18.17467440447195,19559.009387568924,88051.74120866202,978.17629806983,1346666.6666666677,6061948.258791338,0.0,7281.8285973061675,1346666.6666666677,6059999.999999999,0.0,202.0,0.28202738045578535,0.0733271189185042,0.5795973676112268,0.297922983631336,3.3183894704449073,0.5688976369729222,0.8468323047980472,0.5286461752316236,2.0085239983914946,0.03663796263848691,0.03663796263848691,0.0,1.9718860357530086,0.0,0.0,1.9718860357530086,0.0,0.03663796263848691,0.0,4.501850756543164,440.9906124310748,424.94674582651777,9.458121961838229,438.9820884326833,0.0,0.0,0.0,49234.55363508775,-57424.10084761859,-6.87537067278754e-16,0.0,5.442909896373749e-11,-8.881784197001252e-16
film_only_hypothesis,once_through,1002.505314130043,18.139695727146844,19556.285440916734,88039.4137807995,984.3656184028966,1353333.3333333344,6091960.586219201,0.0,7318.516684228225,1353333.3333333344,6089999.999999999,0.0,203.0,0.2837694300984813,0.07378005182560515,0.5833884543362731,0.2977411633720898,3.3335538173450923,0.566918990025249,0.8462975393296759,0.5274056739667037,2.020930412648471,0.03656744982244078,0.03656744982244078,0.0,1.984362962826031,0.0,0.0,1.984362962826031,0.0,0.03656744982244078,0.0,4.501847451898948,443.71455908326266,423.91567819722326,9.480368237971708,441.6936286706142,0.0,0.0,0.0,49478.28904912283,-57704.52434857573,-1.1458951121312565e-15,0.0,5.442909896373749e-11,-8.881784197001252e-16
film_only_hypothesis,once_through,1008.6472558277208,18.103576251683936,19553.566982556575,88027.1087780942,990.5436795760373,1360000.0000000012,6121972.891221906,0.0,7355.211118839883,1360000.0000000012,6119999.999999999,0.0,204.0,0.2855079698056355,0.07423207214946523,0.5871378186276237,0.29756015630755744,3.348551274510495,0.5649511907551892,0.8457651656104631,0.5261730976567728,2.0333118300779858,0.03649463729424461,0.03649463729424461,0.0,1.996817192783742,0.0,0.0,1.996817192783742,0.0,0.03649463729424461,0.0,4.501844029614739,446.43301744342125,422.8866879949028,9.502576285763555,444.39970561334326,0.0,0.0,0.0,49722.02446315793,-57984.95419722249,-1.1458951121312565e-15,0.0,5.442909896373749e-11,-8.881784197001252e-16
film_only_hypothesis,once_through,1014.7764467545321,18.06635274528783,19550.85416776019,88014.82697249921,996.7100940092448,1366666.666666668,6151985.173027501,0.0,7391.911890187361,1366666.666666668,6149999.999999999,0.0,205.0,0.2872429002760793,0.07468315407178062,0.5908457609495428,0.29737995842704595,3.363383043798171,0.5629942857424313,0.8452351718442529,0.5249483832495943,2.045667543483526,0.03641959917217083,0.03641959917217083,0.0,2.0092479443113564,0.0,0.0,2.0092479443113564,0.0,0.03641959917217083,0.0,4.501840493375358,449.1458322398069,421.8598339929794,9.524745974163098,447.10016469632336,0.0,0.0,0.0,49965.75987719302,-58265.39038260505,-1.1458951121312565e-15,0.0,1.0885819792747498e-10,-1.3322676295501878e-15
film_only_hypothesis,once_through,1020.8925477593148,18.028061396626185,19548.14714663781,88002.56911158843,1002.8644863626889,1373333.3333333347,6181997.430888412,0.0,7428.618987282578,1373333.3333333347,6179999.999999999,0.0,206.0,0.2889741255095914,0.07513327263249377,0.5945125894535752,0.2972005656009389,3.378050357814301,0.5610483167695339,0.8447075458851144,0.5237314673479846,2.0579968691770474,0.03634240840823079,0.03634240840823079,0.0,2.021654460768817,0.0,0.0,2.021654460768817,0.0,0.03634240840823079,0.0,4.501836846809518,451.85285336218453,420.8351730111431,9.546877191318034,449.7948564930075,0.0,0.0,0.0,50209.4952912281,-58545.83289373535,-6.87537067278754e-16,0.0,5.442909896373749e-11,-4.440892098500626e-16
film_only_hypothesis,once_through,1026.9952311529173,17.988737805830176,19545.446064226526,87990.3359189345,1009.0064933470876,1380000.0000000014,6212009.664081065,0.0,7465.332399108492,1380000.0000000014,6209999.999999999,0.0,207.0,0.29070155275039045,0.07558240371510151,0.5981386194382605,0.2970219735908865,3.392554477753042,0.5591133209670882,0.8441822752673133,0.5225222862817657,2.070299146576543,0.036263136768016936,0.036263136768016936,0.0,2.034036009808527,0.0,0.0,2.034036009808527,0.0,0.036263136768016936,0.0,4.501833093488755,454.5539357734702,419.81275994879593,9.56896984352509,452.48363662689366,0.0,0.0,0.0,50453.230705263195,-58826.28171959636,-9.167160897050052e-16,0.0,0.0,-8.881784197001252e-16
film_only_hypothesis,once_through,1033.0841805065513,17.94841697583819,19542.751060579514,87978.12809449293,1015.1357635307136,1386666.6666666681,6242021.871905507,0.0,7502.052114624124,1386666.6666666681,6239999.999999999,0.0,208.0,0.29242509243005654,0.0760305240318147,0.6017241728270172,0.29684417805950947,3.4068966913080687,0.5571893309571078,0.8436593472338514,0.5213207761755585,2.0825737377995464,0.03618185481325269,0.03618185481325269,0.0,2.0463918829862946,0.0,0.0,2.0463918829862946,0.0,0.03618185481325269,0.0,4.501829236926485,457.2489394204809,418.79264781883484,9.591023854219488,455.1663656826814,0.0,0.0,0.0,50696.96611929829,-59106.736849147084,-9.167160897050052e-16,0.0,0.0,-8.881784197001252e-16
film_only_hypothesis,once_through,1039.1590904485004,17.907133305019396,19540.06227085604,87965.94631499256,1021.2519571434813,1393333.333333335,6272034.053685008,0.0,7538.778122769319,1393333.333333335,6269999.999999999,0.0,209.0,0.2941446581099875,0.07647761110859676,0.6052695776640166,0.2966671745796299,3.4210783106560663,0.5552763749945299,0.8431387487636174,0.5201268730125775,2.0948200272533226,0.0360986318869225,0.0360986318869225,0.0,2.0587213953664008,0.0,0.0,2.0587213953664008,0.0,0.0360986318869225,0.0,4.501825280577205,459.9377291439564,417.7748877817104,9.613039163002624,457.8429091167031,0.0,0.0,0.0,50940.70153333338,-59387.19827132737,-6.87537067278754e-16,0.0,5.442909896373749e-11,-4.440892098500626e-16
film_only_hypothesis,once_through,1045.2196664595492,17.86492058101473,19537.379825411983,87953.79123433048,1027.354745878535,1400000.0000000016,6302046.20876567,0.0,7575.51041246922,1400000.0000000016,6299999.999999999,0.0,210.0,0.2958601664234934,0.07692364327010828,0.608775167627852,0.2964909586430443,3.435100670511408,0.5533744771067165,0.8426204665971893,0.5189405126945816,2.107037421222476,0.03601353610085597,0.03601353610085597,0.0,2.0710238851216207,0.0,0.0,2.0710238851216207,0.0,0.03601353610085597,0.0,4.501821227835796,462.62017458801546,416.7595291796994,9.635015724707372,460.513137166793,0.0,0.0,0.0,51184.436947368464,-59667.66597506236,-9.167160897050052e-16,0.0,5.442909896373749e-11,-4.440892098500626e-16
film_only_hypothesis,once_through,1051.2656246674712,17.821811975733645,19534.7038498908,87941.66348397169,1033.4438126917382,1406666.6666666684,6332058.336516029,0.0,7612.2489726384865,1406666.6666666684,6329999.999999999,0.0,211.0,0.2975715370176234,0.07736859962458209,0.6122412815627616,0.29631552566885305,3.4489651262510463,0.5514836572308631,0.8421044872613326,0.5177616310981298,2.1192253474546616,0.035926634325641936,0.035926634325641936,0.0,2.0832987131290213,0.0,0.0,2.0832987131290213,0.0,0.035926634325641936,0.0,4.501817082036966,465.2961501091945,415.7466195713352,9.65695350850045,463.1769247617398,0.0,0.0,0.0,51428.17236140355,-59948.13994926671,-1.375074134557508e-15,0.0,1.0885819792747498e-10,-1.7763568394002505e-15
film_only_hypothesis,once_through,1057.2966916408943,17.777840041446662,19532.03446531478,87929.56367335163,1039.518851599448,1413333.3333333351,6362070.436326649,0.0,7648.993792185264,1413333.3333333351,6359999.999999999,0.0,212.0,0.29927869249481825,0.07781246004865275,0.615668263027159,0.29614087101135933,3.462673052108636,0.5496039313492254,0.8415907970922334,0.516590164127297,2.131383254745046,0.035837992182751494,0.035837992182751494,0.0,2.095545262562295,0.0,0.0,2.095545262562295,0.0,0.035837992182751494,0.0,4.501812846454782,467.96553468521176,414.73620476594266,9.678852497021046,465.8341514304667,0.0,0.0,0.0,51671.907775438645,-60228.62018284858,-4.583580448525026e-16,0.0,1.0885819792747498e-10,-4.440892098500626e-16
film_only_hypothesis,once_through,1063.3126041828475,17.733036707915055,19529.371788176406,87917.49239028178,1045.579567474933,1420000.0000000019,6392082.5076097185,0.0,7685.7448600149055,1420000.0000000019,6389999.999999999,0.0,213.0,0.3009815583544709,0.07825520517216243,0.6190564598591893,0.2959669899675543,3.4762258394367573,0.5477353116220901,0.8410793822575127,0.5154260477629963,2.1435106125201187,0.0357476740387518,0.0357476740387518,0.0,2.1077629384813674,0.0,0.0,2.1077629384813674,0.0,0.0357476740387518,0.0,4.501808524302319,470.6282118235895,413.7283288582266,9.700712685555049,468.48470121106936,0.0,0.0,0.0,51915.64318947374,-60509.10666471332,-9.167160897050052e-16,0.0,5.442909896373749e-11,-4.440892098500626e-16
film_only_hypothesis,once_through,1069.3131091242753,17.687433280500304,19526.715930529735,87905.45020135713,1051.6256758437755,1426666.6666666686,6422094.549798643,0.0,7722.502165033469,1426666.6666666686,6419999.999999999,0.0,214.0,0.30268006293447874,0.07869681636296448,0.6224062237590211,0.2957938777842004,3.4896248950360844,0.5458778065184213,0.8405702287770601,0.5142692181090504,2.155606910421444,0.035655743001494954,0.035655743001494954,0.0,2.11995116741995,0.0,0.0,2.11995116741995,0.0,0.035655743001494954,0.0,4.501804118731417,473.28406947026247,412.7230342628645,9.722534081244104,471.128462559841,0.0,0.0,0.0,52159.37860350881,-60789.59938376695,-9.167160897050052e-16,0.0,5.442909896373749e-11,-4.440892098500626e-16
film_only_hypothesis,once_through,1075.2979631177866,17.641060439197688,19524.067000081708,87893.43765236503,1057.6569026785892,1433333.3333333354,6452106.562347636,0.0,7759.26569615099,1433333.3333333354,6449999.999999999,0.0,215.0,0.30437413735286234,0.07913727571174421,0.6257179098875608,0.29562152966452987,3.5028716395502433,0.5440314209441232,0.840063322542735,0.5131196114351634,2.1676716578898834,0.03556226091816983,0.03556226091816983,0.0,2.132109396971714,0.0,0.0,2.132109396971714,0.0,0.03556226091816983,0.0,4.501799632832503,475.9329999182901,411.7203617490616,9.744316702328554,473.7653282604002,0.0,0.0,0.0,52403.114017543914,-61070.09832891958,-4.583580448525026e-16,0.0,1.0885819792747498e-10,-4.440892098500626e-16
film_only_hypothesis,once_through,1081.2669324318854,17.593948238539937,19521.425100283217,87881.45526869486,1063.6729841933459,1440000.000000002,6482118.544731306,0.0,7796.035442284539,1440000.000000002,6479999.999999999,0.0,216.0,0.3060637154495201,0.07957656601687522,0.6289918764812636,0.2954499407745695,3.5159675059250546,0.5421961563678717,0.8395586493369691,0.5119771642169177,2.179704383750789,0.03546728837510789,0.03546728837510789,0.0,2.144237095375682,0.0,0.0,2.144237095375682,0.0,0.03546728837510789,0.0,4.501795069634536,478.57489971678166,410.720350475024,9.76606057742366,476.39519533303087,0.0,0.0,0.0,52646.84943157901,-61350.60348908822,-9.167160897050052e-16,0.0,1.0885819792747498e-10,-8.881784197001252e-16
film_only_hypothesis,once_through,1087.2197927459254,17.546126108318337,19518.790330419855,87869.50355574791,1069.6736666376073,1446666.6666666688,6512130.496444252,0.0,7832.811392361087,1446666.6666666688,6509999.999999999,0.0,217.0,0.3077487337281882,0.08001467076932893,0.6322284844827052,0.29527910624910875,3.5289139379308208,0.5403720109444697,0.8390561948503199,0.5108418131729463,2.1917046358006558,0.035370884699236764,0.035370884699236764,0.0,2.15633375110142,0.0,0.0,2.15633375110142,0.0,0.035370884699236764,0.0,4.501790432105011,481.2096695801421,409.72303802231136,9.787765744828022,479.01796494434143,0.0,0.0,0.0,52890.5848456141,-61631.11485319986,-4.583580448525026e-16,0.0,5.442909896373749e-11,-8.881784197001252e-16
film_only_hypothesis,once_through,1093.1563289460007,17.497622855070684,19516.162785702265,87857.5829993467,1075.6587060909305,1453333.3333333356,6542142.417000654,0.0,7869.593535320169,1453333.3333333356,6539999.999999999,0.0,218.0,0.3094291312986651,0.08045157413765293,0.6354280971865625,0.2951090211973233,3.54171238874625,0.5385589796356934,0.8385559446980098,0.5097134952994026,2.2036719803956637,0.03527310796107989,0.03527310796107989,0.0,2.168398872434585,0.0,0.0,2.168398872434585,0.0,0.03527310796107989,0.0,4.501785723150047,483.83721429773203,408.72846043003176,9.809432251863432,481.6335423173364,0.0,0.0,0.0,53134.32025964918,-61911.632410194026,-9.167160897050052e-16,0.0,1.0885819792747498e-10,-8.881784197001252e-16
film_only_hypothesis,once_through,1099.076334921983,17.448466664286745,19513.54255735596,87845.6940661439,1081.6278682576967,1460000.0000000023,6572154.305933856,0.0,7906.381860116365,1460000.0000000023,6569999.999999999,0.0,219.0,0.3111048498193614,0.08088726095303396,0.6385910799006511,0.29493968070806786,3.5543643196026045,0.5367570543285991,0.8380578844354938,0.5085921479018599,2.2156060020425272,0.03517401497920236,0.03517401497920236,0.0,2.1804319870633253,0.0,0.0,2.1804319870633253,0.0,0.03517401497920236,0.0,4.501780945614562,486.4574426440354,407.73665222884557,9.831060154245286,484.24183664199285,0.0,0.0,0.0,53378.05567368428,-62192.156149025315,-9.167160897050052e-16,0.0,5.442909896373749e-11,-4.440892098500626e-16
film_only_hypothesis,once_through,1104.9796133658879,17.398685103283974,19510.92973271058,87833.83720402935,1087.5809282626044,1466666.666666669,6602166.162795971,0.0,7943.176355721607,1466666.666666669,6599999.999999999,0.0,220.0,0.31277583344022447,0.08132171669445837,0.641717799621648,0.294771079854853,3.566871198486592,0.5349662239512728,0.8375619995730972,0.5074777086247699,2.2275063029920257,0.035073661326008095,0.035073661326008095,0.0,2.1924326416660187,0.0,0.0,2.1924326416660187,0.0,0.035073661326008095,0.0,4.501776102282488,489.0702672894149,406.7476464747459,9.852649515482483,486.8427609864229,0.0,0.0,0.0,53621.791087719364,-62472.68605866564,-9.167160897050052e-16,0.0,1.0885819792747498e-10,-1.3322676295501878e-15
film_only_hypothesis,once_through,1110.865975571756,17.348305124707842,19508.32439528846,87822.01284253589,1093.5176704470487,1473333.3333333358,6632177.987157464,0.0,7979.97701112732,1473333.3333333358,6629999.999999999,0.0,221.0,0.3144420287460937,0.08175492747398437,0.6448086247251372,0.29460321370051723,3.579234498900549,0.5331864745860022,0.8370682755897566,0.5063701154785887,2.2393725028355913,0.034972101334796044,0.034972101334796044,0.0,2.2044004015007963,0.0,0.0,2.2044004015007963,0.0,0.034972101334796044,0.0,4.501771195877088,491.67560471153894,405.7614747825858,9.874200406306205,489.43623220870336,0.0,0.0,0.0,53865.52650175446,-62753.22212810645,-9.167160897050052e-16,0.0,5.442909896373749e-11,-8.881784197001252e-16
film_only_hypothesis,once_through,1116.7352412372038,17.297353070612665,19505.72662489245,87810.22139324245,1099.4378881665918,1480000.0000000026,6662189.7786067575,0.0,8016.7838153464,1480000.0000000026,6659999.999999999,0.0,222.0,0.31610338470052673,0.08218688002213695,0.6478639246695983,0.29443607730160853,3.591455698678393,0.5314177895798664,0.8365766979459075,0.5052693068647008,2.251204238105254,0.034869388107986656,0.034869388107986656,0.0,2.216334849997269,0.0,0.0,2.216334849997269,0.0,0.034869388107986656,0.0,4.501766229061288,494.2733751075459,404.778167359325,9.895712904126357,492.0221708694407,0.0,0.0,0.0,54109.261915789546,-63033.76434636062,-1.375074134557508e-15,0.0,5.442909896373749e-11,-1.3322676295501878e-15
film_only_hypothesis,once_through,1122.5872382667985,17.245854677080917,19503.13649769298,87798.46325017516,1105.3413835897181,1486666.6666666693,6692201.536749825,0.0,8053.596757415041,1486666.6666666693,6689999.999999999,0.0,223.0,0.317759852590143,0.08261756167343719,0.6508840697139633,0.29426966571248836,3.603536278855853,0.529660149652735,0.836087252095554,0.5041752215982483,2.263001161877274,0.03476557352643388,0.03476557352643388,0.0,2.2282355883508407,0.0,0.0,2.2282355883508407,0.0,0.03476557352643388,0.0,4.5017612044381075,496.86350230701765,403.7977530369718,9.917187092514924,494.60050114514036,0.0,0.0,0.0,54352.99732982464,-63314.312702464355,-9.167160897050052e-16,0.0,5.442909896373749e-11,-8.881784197001252e-16
film_only_hypothesis,once_through,1128.4218025773926,17.19383507934022,19500.554086314176,87786.73879020514,1111.2279674980532,1493333.333333336,6722213.261209795,0.0,8090.415826394424,1493333.333333336,6719999.999999999,0.0,224.0,0.3194113859695216,0.08304696035207562,0.6538694306483607,0.2941039739891687,3.6154777225934427,0.5279135330026788,0.8355999234975551,0.5030877989289726,2.274762943379714,0.03466070825974036,0.03466070825974036,0.0,2.2401022351199753,0.0,0.0,2.2401022351199753,0.0,0.03466070825974036,0.0,4.501756124551116,499.4459136858189,402.8202593051965,9.938623060715322,497.1711507424392,0.0,0.0,0.0,54596.73274385973,-63594.867185478826,-1.8334321794100104e-15,0.0,5.442909896373749e-11,-1.7763568394002505e-15
film_only_hypothesis,once_through,1134.2387779055491,17.14131881733948,19497.979459919134,87775.04837344307,1117.0974590882104,1500000.0000000028,6752224.951626557,0.0,8127.241011372259,1500000.0000000028,6749999.999999999,0.0,225.0,0.3210579406066912,0.08347506455773972,0.6568203785376721,0.29393899719289585,3.6272815141506882,0.5261779154087979,0.8351146976261643,0.5020069785601773,2.2864892676042383,0.03455484177749831,0.03455484177749831,0.0,2.2519344258267413,0.0,0.0,2.2519344258267413,0.0,0.03455484177749831,0.0,4.501750991884936,502.02054008086304,401.84571234359373,9.960020903176813,499.7340508132588,0.0,0.0,0.0,54840.46815789482,-63875.42778449175,-1.375074134557508e-15,0.0,5.442909896373749e-11,-1.3322676295501878e-15
film_only_hypothesis,once_through,1140.0380156171661,17.088329841746802,19495.412684294144,87763.39234363048,1122.9496857754202,1506666.6666666695,6782236.60765637,0.0,8164.07230146421,1506666.6666666695,6779999.999999999,0.0,226.0,0.32269947442924174,0.08390186335160285,0.6597372844775131,0.29377473039349206,3.6389491379100525,0.5244532703314739,0.834631559980859,0.5009327006659143,2.298179834922333,0.03444802236138054,0.03444802236138054,0.0,2.263731812560954,0.0,0.0,2.263731812560954,0.0,0.03444802236138054,0.0,4.501745808865808,504.5873157058503,400.874137053578,9.981380719113078,502.28913587092796,0.0,0.0,0.0,55084.2035719299,-64155.99448861879,-1.8334321794100104e-15,0.0,5.442909896373749e-11,-1.7763568394002505e-15
film_only_hypothesis,once_through,1145.8193745194123,17.034891520333723,19492.853821931967,87751.77102852697,1128.7844829990795,1513333.3333333363,6812248.228971473,0.0,8200.909685815184,1513333.3333333363,6809999.999999999,0.0,227.0,0.3243359474710918,0.08432734634248387,0.662620519362273,0.29361116867246556,3.650482077449092,0.522739569010062,0.834150496095487,0.4998649059064861,2.309834360706193,0.03434029711801034,0.03434029711801034,0.0,2.275494063588184,0.0,0.0,2.275494063588184,0.0,0.03434029711801034,0.0,4.5017405778621775,507.14617806802977,399.9055570898902,10.002702612084137,504.8363437073236,0.0,0.0,0.0,55327.938985965,-64436.56728700485,-1.8334321794100104e-15,0.0,5.442909896373749e-11,-1.7763568394002505e-15
film_only_hypothesis,once_through,1151.5827206750635,16.981026644711882,19490.302932113973,87740.18474029333,1134.6016940303523,1520000.000000003,6842259.815259706,0.0,8237.753153600519,1520000.000000003,6839999.999999999,0.0,228.0,0.3259673218199336,0.08475150367318274,0.6654704536648235,0.2934483071259017,3.661881814659294,0.5210367805580389,0.8336714915467698,0.498803535442367,2.3214525749544466,0.03423171199254178,0.03423171199254178,0.0,2.2872208629619064,0.0,0.0,2.2872208629619064,0.0,0.03423171199254178,0.0,4.501735301185326,509.6970678860235,398.93999489170324,10.023986689600584,507.37561531106905,0.0,0.0,0.0,55571.6744000001,-64717.14616882529,-1.375074134557508e-15,0.0,5.442909896373749e-11,-1.7763568394002505e-15
film_only_hypothesis,once_through,1157.3279272193272,16.926757437389746,19487.760070991244,87728.63377587053,1140.401169781938,1526666.6666666698,6872271.366224129,0.0,8274.60269402704,1526666.6666666698,6869999.999999999,0.0,229.0,0.3275935615653843,0.08517432600699991,0.6682874572275371,0.29328614086714366,3.6731498289101485,0.5193448720556259,0.8331945319621873,0.49774853094661947,2.333034221922897,0.03412231178288524,0.03412231178288524,0.0,2.298911910140013,0.0,0.0,2.298911910140013,0.0,0.03412231178288524,0.0,4.501729981090034,512.2399290087523,397.97747171330997,10.045233062749551,509.90689478682935,0.0,0.0,0.0,55815.40981403517,-64997.73112328688,-1.375074134557508e-15,0.0,0.0,-1.3322676295501878e-15
film_only_hypothesis,once_through,1163.0548741792334,16.87210555911877,19485.2252916645,87717.11841735417,1146.1827686201154,1533333.3333333365,6902282.881582646,0.0,8311.458296334044,1533333.3333333365,6899999.999999999,0.0,230.0,0.32921463274786184,0.08559580451444408,0.6710718990642358,0.2931246650292754,3.6842875962569432,0.5176638086399107,0.8327196030272807,0.4966998346159117,2.3445790597604326,0.03401214015451634,0.03401214015451634,0.0,2.310566919605918,0.0,0.0,2.310566919605918,0.0,0.03401214015451634,0.0,4.5017246197752865,514.7747083354964,397.01800765438213,10.066441845841165,512.4301292757359,0.0,0.0,0.0,56059.145228070265,-65278.32213962898,-1.8334321794100104e-15,0.0,5.442909896373749e-11,-1.7763568394002505e-15
film_only_hypothesis,once_through,1168.7634482956553,16.81709211649957,19482.698644262873,87705.63893236389,1151.9463561791563,1540000.0000000033,6932294.361067636,0.0,8348.319949794148,1540000.0000000033,6929999.999999999,0.0,231.0,0.3308305033082067,0.08601593086013375,0.6738241471727112,0.2929638747674145,3.695296588690845,0.515993553592495,0.8322466904923955,0.4956573891801958,2.3560868601502456,0.03390123965580915,0.03390123965580915,0.0,2.3221856204944373,0.0,0.0,2.3221856204944373,0.0,0.03390123965580915,0.0,4.501719219384981,517.3013557371218,396.0616216897874,10.087613156075141,514.9452688769715,0.0,0.0,0.0,56302.88064210537,-65558.91920712419,-1.375074134557508e-15,0.0,5.442909896373749e-11,-8.881784197001252e-16
film_only_hypothesis,once_through,1174.4535428480215,16.761737669820427,19480.1801760215,87694.19557440821,1157.6918051782018,1546666.66666667,6962305.8044255925,0.0,8385.187643714076,1546666.66666667,6959999.999999999,0.0,232.0,0.3324411430380645,0.08643469718989677,0.6765445683574528,0.29280376526082613,3.706178273429811,0.5143340684246941,0.8317757801789004,0.49462113791114654,2.367557407956469,0.0337896517338376,0.0337896517338376,0.0,2.3337677562226333,0.0,0.0,2.3337677562226333,0.0,0.0337896517338376,0.0,4.501713782008678,519.8198239784958,395.10833169895665,10.10874711322628,517.4522665705393,0.0,0.0,0.0,56546.61605614045,-65839.5223150792,-1.375074134557508e-15,0.0,1.0885819792747498e-10,-1.7763568394002505e-15
film_only_hypothesis,once_through,1180.1250574817734,16.7060622411018,19477.669931357872,87682.78858324427,1163.4189952406725,1553333.3333333367,6992317.211416757,0.0,8422.061367435344,1553333.3333333367,6989999.999999999,0.0,233.0,0.3340465235310463,0.08685209611807204,0.679233528062233,0.29264433171486703,3.716934112248932,0.5126853129603206,0.8313068579849031,0.49359102462942467,2.378990500876357,0.0336774167505923,0.0336774167505923,0.0,2.345313084125767,0.0,0.0,2.345313084125767,0.0,0.0336774167505923,0.0,4.501708309682376,522.3300686421197,394.158154494791,10.129843839348315,519.9510781412433,0.0,0.0,0.0,56790.351470175534,-66120.13145283556,-1.8334321794100104e-15,0.0,1.0885819792747498e-10,-1.7763568394002505e-15
film_only_hypothesis,once_through,1185.7778980386086,16.65008532232197,19475.167951946998,87671.41818523224,1169.1278127162875,1560000.0000000035,7022328.581814768,0.0,8458.941110334868,1560000.0000000035,7019999.999999999,0.0,234.0,0.3356466181346771,0.08726812071501605,0.6818913902121957,0.2924855693627679,3.7275655608487828,0.511047245416084,0.8308399098904939,0.49256699371084295,2.39038594909807,0.03356457399956241,0.03356457399956241,0.0,2.3568213750985096,0.0,0.0,2.3568213750985096,0.0,0.03356457399956241,0.0,4.50170280438929,524.8320480529926,393.21110585210164,10.150903458495243,522.4416621038945,0.0,0.0,0.0,57034.08688421062,-66400.74660977015,-1.8334321794100104e-15,0.0,5.442909896373749e-11,-1.7763568394002505e-15
film_only_hypothesis,once_through,1191.4119763895494,16.59382588379987,19472.674276795264,87660.08459368449,1174.8181505057503,1566666.6666666702,7052339.915406316,0.0,8495.826861825484,1566666.6666666702,7049999.999999999,0.0,235.0,0.3372414019031443,0.08768276449481752,0.6845185170651089,0.2923274734672633,3.7380740682604356,0.5094198224796425,0.8303749219625391,0.4915489900914972,2.4017435749641645,0.03345116172263448,0.03345116172263448,0.0,2.3682924132415315,0.0,0.0,2.3682924132415315,0.0,0.03345116172263448,0.0,4.501697268060668,527.3257232047275,392.2672005355768,10.171926096459474,524.9239796297634,0.0,0.0,0.0,57277.822298245716,-66681.36777529588,-1.375074134557508e-15,0.0,5.442909896373749e-11,-1.3322676295501878e-15
film_only_hypothesis,once_through,1197.02721027087,16.537302382713452,19470.188942313063,87648.78800920944,1180.4899078881572,1573333.333333337,7082351.21199079,0.0,8532.71861135642,1573333.333333337,7079999.999999999,0.0,236.0,0.3388308515508549,0.08809602140322227,0.687115269071444,0.2921700393220771,3.748461076285776,0.5078029993853395,0.8299118803590503,0.4905369592719378,2.413063212640841,0.03333721712726439,0.03333721712726439,0.0,2.379725995513578,0.0,0.0,2.379725995513578,0.0,0.03333721712726439,0.0,4.501691702576603,529.811057686931,391.32645232726975,10.192911880525932,527.3979944742902,0.0,0.0,0.0,57521.55771228081,-66961.9949388619,-1.375074134557508e-15,0.0,5.442909896373749e-11,-1.3322676295501878e-15
film_only_hypothesis,once_through,1202.623523122904,16.480532771731912,19467.711982386136,87637.52862004981,1186.1429903511728,1580000.0000000037,7112362.47137995,0.0,8569.616348413667,1580000.0000000037,7109999.999999999,0.0,237.0,0.3404149454068088,0.08850788580577028,0.689682004742953,0.29201326225327173,3.758728018971812,0.5061967299876664,0.8294507713331523,0.4895308473204357,2.424344707793,0.033222776403878926,0.033222776403878926,0.0,2.391121931389122,0.0,0.0,2.391121931389122,0.0,0.033222776403878926,0.0,4.501686109766874,532.2880176138588,390.3888740536042,10.213860939241515,529.8636729060657,0.0,0.0,0.0,57765.29312631589,-67242.62808995423,-1.375074134557508e-15,0.0,0.0,-8.881784197001252e-16
film_only_hypothesis,once_through,1208.2008439317538,16.423534507742463,19465.243428445636,87626.30660241502,1191.777309424012,1586666.6666666705,7142373.693397584,0.0,8606.520062520314,1586666.6666666705,7139999.999999999,0.0,238.0,0.3419936633697924,0.08891835247614603,0.6922190805294184,0.2918571376204682,3.7688763221176735,0.5046009668324875,0.8289915812366713,0.4885306008754091,2.4355879172651433,0.03310787474346787,0.03310787474346787,0.0,2.402480042521677,0.0,0.0,2.402480042521677,0.0,0.03310787474346787,0.0,4.501680491411777,534.7565715543556,389.4544776118936,10.234773402199139,532.3209836370904,0.0,0.0,0.0,58009.02854035098,-67523.26721809596,-1.375074134557508e-15,0.0,0.0,-1.3322676295501878e-15
film_only_hypothesis,once_through,1213.7591070739143,16.36632456065275,19462.783309536906,87615.12212080852,1197.392782513262,1593333.3333333372,7172384.877879191,0.0,8643.429743236813,1593333.3333333372,7169999.999999999,0.0,239.0,0.34356698686439857,0.08932741658474364,0.6947268507032643,0.2917016608179451,3.7789074028130574,0.5030156612260672,0.828534296523368,0.48753616714706405,2.4467927087681622,0.03299254635532866,0.03299254635532866,0.0,2.4138001624128345,0.0,0.0,2.4138001624128345,0.0,0.03299254635532866,0.0,4.501674849242989,537.2166904630844,388.52327399637176,10.25564939983573,534.7698977543163,0.0,0.0,0.0,58252.76395438608,-67803.91231284756,-1.375074134557508e-15,0.0,5.442909896373749e-11,-8.881784197001252e-16
film_only_hypothesis,once_through,1219.298252163823,16.308919422251552,19460.33165238694,87603.97532834894,1202.9893327415723,1600000.000000004,7202396.0246716505,0.0,8680.345380161187,1600000.000000004,7199999.999999999,0.0,240.0,0.3451348987978732,0.08973507368744703,0.6972056672517182,0.29154682727562226,3.7888226690068727,0.5014407633019433,0.8280789037518302,0.48654749391830426,2.4579589605720074,0.03287682448492846,0.03287682448492846,0.0,2.4250821360870805,0.0,0.0,2.4250821360870805,0.0,0.03287682448492846,0.0,4.501669184944427,539.6683476130517,387.5952733237339,10.276489063243526,537.2103886524797,0.0,0.0,0.0,58496.49936842116,-68084.56336380701,-1.8334321794100104e-15,0.0,0.0,-1.7763568394002505e-15
film_only_hypothesis,once_through,1224.8182239043372,16.251335115111427,19457.888481470567,87592.86636708556,1208.5668887892266,1606666.6666666707,7232407.133632914,0.0,8717.266962929181,1606666.6666666707,7229999.999999999,0.0,241.0,0.3466973835177918,0.09014131971462587,0.6996558797762242,0.29139263245993735,3.798623519104897,0.49987622208568194,0.8276253895880511,0.4855645295449596,2.469086561204275,0.03276074143185082,0.03276074143185082,0.0,2.436325819772426,0.0,0.0,2.436325819772426,0.0,0.03276074143185082,0.0,4.5016635001531045,542.111518529427,386.67048485818685,10.297292523994049,539.6424319682228,0.0,0.0,0.0,58740.234782456246,-68365.2203606101,-1.8334321794100104e-15,0.0,5.442909896373749e-11,-1.7763568394002505e-15
film_only_hypothesis,once_through,1230.3189719401407,16.193587201517694,19455.453819075334,87581.79536830814,1214.1253847386238,1613333.3333333374,7262418.204631691,0.0,8754.194481214383,1613333.3333333374,7259999.999999999,0.0,242.0,0.34825442677056484,0.09054615096034686,0.702077835398815,0.29123907187462045,3.80831134159526,0.4983219855575626,0.8271737408077072,0.4845872229553889,2.4801754091546906,0.032644328567795484,0.032644328567795484,0.0,2.447531080586897,0.0,0.0,2.447531080586897,0.0,0.032644328567795484,0.0,4.50165779646001,544.546180924661,385.7489170360085,10.318059913974041,542.0660055155064,0.0,0.0,0.0,58983.97019649135,-68645.8832929304,-1.375074134557508e-15,0.0,0.0,-1.7763568394002505e-15
film_only_hypothesis,once_through,1235.8004507140756,16.135690792409697,19453.027685365098,87570.76245285089,1219.6647599216665,1620000.0000000042,7292429.237547148,0.0,8791.127924728271,1620000.0000000042,7289999.999999999,0.0,243.0,0.34980601566077063,0.09094956407180037,0.7044718786751556,0.2910861410613734,3.8178875147006224,0.49677800071323147,0.8267239442981572,0.4836155236494929,2.4912254125854907,0.032527616354602856,0.032527616354602856,0.0,2.4586977962308887,0.0,0.0,2.4586977962308887,0.0,0.032527616354602856,0.0,4.501652075410972,546.9723146348962,384.8305774896173,10.338791365232973,544.4810892223107,0.0,0.0,0.0,59227.705610526435,-68926.55215047937,-9.167160897050052e-16,0.0,0.0,-8.881784197001252e-16
film_only_hypothesis,once_through,1241.2626193263898,16.07766055632086,19450.610098442325,87559.76773139062,1225.1849587700694,1626666.666666671,7322440.232268608,0.0,8828.06728322025,1626666.666666671,7319999.999999999,0.0,244.0,0.35135213861131404,0.09135155603894166,0.7068383515139851,0.2909338356004598,3.8273534060559404,0.49524421362236887,0.826275987060176,0.4826493816971881,2.5022364890476823,0.03241063436227609,0.03241063436227609,0.0,2.4698258546854075,0.0,0.0,2.4698258546854075,0.0,0.03241063436227609,0.0,4.501646338507537,549.3899015576694,383.9154730711532,10.359487009841393,546.8876650686217,0.0,0.0,0.0,59471.44102456153,-69207.22692300646,-9.167160897050052e-16,0.0,0.0,-1.3322676295501878e-15
film_only_hypothesis,once_through,1246.7054413968922,16.019510728304876,19448.201074409095,87548.81130473895,1230.6859306685878,1633333.3333333377,7352451.188695259,0.0,8865.012546477632,1633333.3333333377,7349999.999999999,0.0,245.0,0.35289278532440826,0.09175212418434615,0.7091775931026844,0.2907821511112104,3.8367103724107374,0.49372056948541104,0.8258298562094425,0.48168874773638276,2.5132085652031666,0.03229341128697523,0.03229341128697523,0.0,2.4809151539161927,0.0,0.0,2.4809151539161927,0.0,0.03229341128697523,0.0,4.501640587207832,551.7989255909009,383.0036098755716,10.380146979759605,549.2857170256977,0.0,0.0,0.0,59715.17643859662,-69487.90760029893,-9.167160897050052e-16,0.0,-5.442909896373749e-11,-1.3322676295501878e-15
film_only_hypothesis,once_through,1252.1288849299972,15.961255118836787,19445.80062742683,87537.89326412904,1236.167629811161,1640000.0000000044,7382462.106735869,0.0,8901.96370432557,1640000.0000000044,7379999.999999999,0.0,246.0,0.3544279467433739,0.09215126615327722,0.7114899398387078,0.29063108325245074,3.845959759354831,0.49220701268837375,0.8253855389777963,0.480733572970492,2.5241415765526827,0.0321759749689607,0.0321759749689607,0.0,2.4919656015837233,0.0,0.0,2.4919656015837233,0.0,0.0321759749689607,0.0,4.501634822927448,554.1993725731626,382.0949932632529,10.400771406716181,551.6752309966099,0.0,0.0,0.0,59958.9118526317,-69768.59417218194,-1.375074134557508e-15,0.0,-5.442909896373749e-11,-1.3322676295501878e-15
film_only_hypothesis,once_through,1257.5329221826432,15.902907122677838,19443.408769774775,87527.01369149609,1241.6300150599661,1646666.6666666712,7412472.986308503,0.0,8938.920746626989,1646666.6666666712,7409999.999999999,0.0,247.0,0.3559576150152524,0.09254897990396563,0.7137757252666269,0.2904806277228541,3.8551029010665077,0.4907034868558171,0.8249430227142768,0.47978380916552743,2.5350354671695468,0.0320583524104638,0.0320583524104638,0.0,2.5029771147590845,0.0,0.0,2.5029771147590845,0.0,0.0320583524104638,0.0,4.501629047040293,556.5912302252171,381.18962788213076,10.421360422095818,554.0561947580476,0.0,0.0,0.0,60202.647266666805,-70049.28662851847,-1.375074134557508e-15,0.0,0.0,-1.3322676295501878e-15
film_only_hypothesis,once_through,1262.9175295350642,15.844479727694418,19441.02551190717,87516.17265975256,1247.0730498073704,1653333.333333338,7442483.827340246,0.0,8975.883663282457,1653333.333333338,7439999.999999999,0.0,248.0,0.35748178345422627,0.09294526369809883,0.7160352800205377,0.2903307802612266,3.864141120082151,0.4892099349019984,0.8245022948859606,0.47883940864680363,2.5458901894391452,0.03194056979346462,0.03194056979346462,0.0,2.5139496196456816,0.0,0.0,2.5139496196456816,0.0,0.03194056979346462,0.0,4.501623260879472,558.9744880928218,380.287517689343,10.441914156835923,556.4285979033828,0.0,0.0,0.0,60446.38268070189,-70329.98495920902,-9.167160897050052e-16,0.0,0.0,-8.881784197001252e-16
film_only_hypothesis,once_through,1268.2826873643905,15.78598552362175,19438.65086250921,87505.37023305698,1252.4967018407694,1660000.0000000047,7472494.629766942,0.0,9012.852444230044,1660000.0000000047,7469999.999999999,0.0,249.0,0.3590004465058406,0.09334011609151857,0.7182689317715932,0.2901815366467272,3.873075727086373,0.48772629908025433,0.8240633430786094,0.47790032429528456,2.5567057038041274,0.03182265249735861,0.03182265249735861,0.0,2.52488305130677,0.0,0.0,2.52488305130677,0.0,0.03182265249735861,0.0,4.501617465738128,561.3491374907829,379.38866597240684,10.462432741331654,558.7924317869788,0.0,0.0,0.0,60690.11809473697,-70610.68915419168,-1.375074134557508e-15,0.0,0.0,-1.3322676295501878e-15
film_only_hypothesis,once_through,1273.6283799210557,15.727436710763826,19436.28482855174,87494.6064670779,1257.9009432102928,1666666.6666666714,7502505.393532922,0.0,9049.82707944515,1666666.6666666714,7499999.999999999,0.0,250.0,0.36051359971201885,0.0937335359251249,0.7204770051804318,0.29003289269902827,3.881908020721727,0.4862525210306571,0.823626154997142,0.4769665095436087,2.5674819785152576,0.03170462511649458,0.03170462511649458,0.0,2.535777353398765,0.0,0.0,2.535777353398765,0.0,0.03170462511649458,0.0,4.501611662870316,563.7151714482525,378.4930753699259,10.4829163053488,561.1476894697372,0.0,0.0,0.0,60933.85350877207,-70891.39920344189,-1.8334321794100104e-15,0.0,0.0,-1.7763568394002505e-15
film_only_hypothesis,once_through,1278.9545952079807,15.66884510862195,19433.927415344737,87483.88140925142,1263.2857500993593,1673333.3333333381,7532516.118590748,0.0,9086.807558940302,1673333.3333333381,7529999.999999999,0.0,251.0,0.36202123967686445,0.09412552231598476,0.7226598218542758,0.2898848442784203,3.890639287417103,0.48478854182598574,0.8231907184659422,0.47603791837181947,2.5782189893878638,0.031586511477568815,0.031586511477568815,0.0,2.5466324779102965,0.0,0.0,2.5466324779102965,0.0,0.031586511477568815,0.0,4.50160585349184,566.0725846552551,377.6007478918309,10.50336497794414,563.4943656658672,0.0,0.0,0.0,61177.58892280716,-71172.11509697213,-1.375074134557508e-15,0.0,0.0,-1.3322676295501878e-15
film_only_hypothesis,once_through,1284.2613248625034,15.610222164444597,19431.578626589562,87473.19509903347,1268.6511026980595,1680000.000000005,7562526.804900967,0.0,9123.793872764953,1680000.000000005,7559999.999999999,0.0,252.0,0.36352336403324,0.0945160746486424,0.7248177003084839,0.28973738728586457,3.8992708012339357,0.48333430201605826,0.8227570214290135,0.47511450530282795,2.5889167195638234,0.03146833465686057,0.03146833465686057,0.0,2.557448384906964,0.0,0.0,2.557448384906964,0.0,0.03146833465686057,0.0,4.5016000387810955,568.4213734104289,376.7116849391604,10.523778887392853,565.8324566908651,0.0,0.0,0.0,61421.32433684223,-71452.83682483186,-1.375074134557508e-15,0.0,5.442909896373749e-11,-1.3322676295501878e-15
film_only_hypothesis,once_through,1289.5485640410295,15.551578961692199,19429.238464430022,87462.54756814633,1273.9969850793382,1686666.6666666716,7592537.452431854,0.0,9160.786011005233,1686666.6666666716,7589999.999999999,0.0,253.0,0.3650199714101163,0.09490519256663023,0.7269509559323502,0.28959051766299754,3.9078038237294006,0.48188974167046345,0.8223250519499928,0.47419622539763373,2.5995751592790306,0.03135011699729607,0.03135011699729607,0.0,2.568225042281736,0.0,0.0,2.568225042281736,0.0,0.03135011699729607,0.0,4.5015942198798955,570.7615355699714,375.8258873233861,10.544158161122617,568.1619604106924,0.0,0.0,0.0,61665.059750877335,-71733.56437710724,-1.8334321794100104e-15,0.0,5.442909896373749e-11,-1.3322676295501878e-15
film_only_hypothesis,once_through,1294.8163113063636,15.492926228410775,19426.90692950222,87451.93884081978,1279.3233850779538,1693333.3333333384,7622548.0611591805,0.0,9197.783963783697,1693333.3333333384,7619999.999999999,0.0,254.0,0.3665110614006804,0.0952928759641769,0.7290599009589463,0.2894442313920911,3.9162396038357854,0.48045480041973715,0.8218947982120326,0.4732830342503314,2.6101943056362717,0.031231880125328713,0.031231880125328713,0.0,2.5789624255109453,0.0,0.0,2.5789624255109453,0.0,0.031231880125328713,0.0,4.501588397894311,573.0930704977719,374.94335528528836,10.56450292565394,570.4828761921357,0.0,0.0,0.0,61908.79516491242,-72014.29774392079,-2.291790224262513e-15,0.0,5.442909896373749e-11,-2.220446049250313e-15
film_only_hypothesis,once_through,1300.0645685176924,15.434274345509236,19424.584020983275,87441.36893402685,1284.6302941721842,1700000.0000000051,7652558.631065973,0.0,9234.787721259056,1700000.0000000051,7649999.999999999,0.0,255.0,0.3679966345311943,0.09567912497811053,0.7311448444388124,0.2892985244959706,3.92457937775525,0.4790294174950229,0.8214662485175607,0.47237488798292,2.6207741623834453,0.031113644967625156,0.031113644967625156,0.0,2.5896605174158225,0.0,0.0,2.5896605174158225,0.0,0.031113644967625156,0.0,4.501582573895477,575.4159790167168,374.0640885133884,10.58481330654645,572.7952048543334,0.0,0.0,0.0,62152.53057894752,-72295.03691543125,-2.291790224262513e-15,0.0,5.442909896373749e-11,-2.220446049250313e-15
film_only_hypothesis,once_through,1305.293340723182,15.375633354935285,19422.26973663884,87430.83785771372,1289.9177073682476,1706666.6666666719,7682569.162142286,0.0,9271.797273625889,1706666.6666666719,7679999.999999999,0.0,256.0,0.3694766922305933,0.09606393997995427,0.7332060922173085,0.2891533930378959,3.932824368869234,0.4776135317662588,0.8210393912879291,0.47147174323994356,2.6313147396970478,0.03099543176754694,0.03099543176754694,0.0,2.600319307929503,0.0,0.0,2.600319307929503,0.0,0.03099543176754694,0.0,4.5015767489203995,577.7302633611534,373.1880861619417,10.605089428350698,575.0989486214564,0.0,0.0,0.0,62396.26599298261,-72575.78188183317,-1.8334321794100104e-15,0.0,5.442909896373749e-11,-2.220446049250313e-15
film_only_hypothesis,once_through,1310.5026360551528,15.31701296774583,19419.9640728695,87420.34561502485,1295.185623087408,1713333.3333333386,7712579.654384975,0.0,9308.81261111435,1713333.3333333386,7709999.999999999,0.0,257.0,0.3709512368008142,0.0964473215682117,0.7352439469154455,0.28900883312140585,3.940975787661782,0.47620708177893034,0.8206142150629584,0.47057355718297517,2.6418160539708615,0.030877260101419463,0.030877260101419463,0.0,2.610938793869444,0.0,0.0,2.610938793869444,0.0,0.030877260101419463,0.0,4.501570923972754,580.035927130493,372.3153468684999,10.625331414565286,577.3941110765221,0.0,0.0,0.0,62640.001407017684,-72856.5326333567,-1.8334321794100104e-15,0.0,5.442909896373749e-11,-1.7763568394002505e-15
film_only_hypothesis,once_through,1315.6924656277963,15.258422572067742,19417.667024756054,87409.89220252234,1300.4340430557295,1720000.0000000054,7742590.107797477,0.0,9345.833723989856,1720000.0000000054,7739999.999999999,0.0,258.0,0.37242027138784306,0.0968292705608392,0.7372587079140216,0.28886484089013154,3.9490348316560864,0.47481000578942933,0.8201907085003869,0.46968028748497187,2.652278127609762,0.030759148894579917,0.030759148894579917,0.0,2.6215189787151836,0.0,0.0,2.6215189787151836,0.0,0.030759148894579917,0.0,4.501565100023672,582.3329752439398,371.44586877104706,10.64553938759881,579.6806971163301,0.0,0.0,0.0,62883.73682105279,-73137.28916026732,-1.8334321794100104e-15,0.0,5.442909896373749e-11,-1.7763568394002505e-15
film_only_hypothesis,once_through,1320.8628434373913,15.199871240945683,19415.378586103667,87399.47761040043,1305.6629721964466,1726666.666666672,7772600.5223896,0.0,9382.860602552759,1726666.666666672,7769999.999999999,0.0,259.0,0.37388379995347054,0.09720978798790235,0.7392506713408942,0.28872141252757905,3.9570026853635767,0.47342224179905884,0.8197688603752326,0.4687918923245099,2.6627009888285684,0.03064111643719758,0.03064111643719758,0.0,2.6320598723913724,0.0,0.0,2.6320598723913724,0.0,0.03064111643719758,0.0,4.501559278012513,584.6214138963265,370.57964952471656,10.665713468736508,581.958712907498,0.0,0.0,0.0,63127.47223508787,-73418.0514528653,-1.8334321794100104e-15,0.0,1.0885819792747498e-10,-1.7763568394002505e-15
film_only_hypothesis,once_through,1326.0137862649867,15.141367740074019,19413.098749484954,87389.10182269484,1310.8724185249134,1733333.3333333388,7802610.898177305,0.0,9419.893237138036,1733333.3333333388,7799999.999999999,0.0,260.0,0.3753418272477448,0.09758887508441365,0.7412201300612278,0.28857854425688534,3.964880520244911,0.472043727586722,0.8193486595790745,0.4679083303799231,2.6730846714558614,0.03052318039986041,0.03052318039986041,0.0,2.6425614910560022,0.0,0.0,2.6425614910560022,0.0,0.03052318039986041,0.0,4.501553458847642,586.901250515041,369.7166863180954,10.68585377811119,584.2281658435852,0.0,0.0,0.0,63371.20764912296,-73698.81950148568,-1.375074134557508e-15,0.0,5.442909896373749e-11,-1.3322676295501878e-15
film_only_hypothesis,once_through,1331.145313581503,15.082920535409997,19410.82750628197,87378.76481748663,1316.0623930460938,1740000.0000000056,7832621.235182514,0.0,9456.931618114935,1740000.0000000056,7829999.999999999,0.0,261.0,0.37679435878211,0.0979665332833486,0.7431673736705596,0.2884362323405492,3.9726694946822385,0.47067440074033284,0.8189300951192624,0.4670295608233555,2.68342921474268,0.0304053578489223,0.0304053578489223,0.0,2.653023856893759,0.0,0.0,2.653023856893759,0.0,0.0304053578489223,0.0,4.501547643407168,589.1724937180236,368.8569758891228,10.705960434678243,586.4890645032809,0.0,0.0,0.0,63614.943063158054,-73979.59329649767,-1.8334321794100104e-15,0.0,1.0885819792747498e-10,-1.7763568394002505e-15
film_only_hypothesis,once_through,1336.25744745522,15.024537800666014,19408.56484672717,87368.46656710163,1321.232909654555,1746666.6666666723,7862631.533432899,0.0,9493.97573588664,1746666.6666666723,7859999.999999999,0.0,262.0,0.3782414008032196,0.0983427642088371,0.7450926884905353,0.2882944730801395,3.9803707539621414,0.469314198686987,0.8185131561180574,0.466155543314745,2.693734663176029,0.030287665261606603,0.030287665261606603,0.0,2.663446997914424,0.0,0.0,2.663446997914424,0.0,0.030287665261606603,0.0,4.501541832539689,591.4351532728205,368.0005145405897,10.726033556194428,588.7414186096445,0.0,0.0,0.0,63858.67847719315,-74260.37282830446,-1.8334321794100104e-15,0.0,1.0885819792747498e-10,-1.7763568394002505e-15
film_only_hypothesis,once_through,1341.3502124616057,14.966227424679236,19406.31075994332,87358.20703830467,1326.3839850369275,1753333.333333339,7892641.792961696,0.0,9531.02558088993,1753333.333333339,7889999.999999999,0.0,263.0,0.3796829602674122,0.09871756966952717,0.7469963575671696,0.28815326281598286,3.9879854302686786,0.46796305872192834,0.8180978318117144,0.4652862379957493,2.7040010662971015,0.030170118540862375,0.030170118540862375,0.0,2.673830947756241,0.0,0.0,2.673830947756241,0.0,0.030170118540862375,0.0,4.5015360270650335,593.6892400566736,367.14729815524487,10.746073259200239,590.9852389903765,0.0,0.0,0.0,64102.41389122823,-74541.15808734283,-2.291790224262513e-15,0.0,1.0885819792747498e-10,-2.220446049250313e-15
film_only_hypothesis,once_through,1346.4236355954433,14.907997018656465,19404.065233982365,87347.98619248893,1331.5156385767878,1760000.0000000058,7922652.013807512,0.0,9568.081143594802,1760000.0000000058,7919999.999999999,0.0,264.0,0.38111904481583864,0.09909095165211805,0.7488786606714941,0.28801259792683287,3.9955146426859764,0.46662091803634836,0.8176841115495085,0.46442160548362965,2.714228478524142,0.030052733029969192,0.030052733029969192,0.0,2.6841757454941746,0.0,0.0,2.6841757454941746,0.0,0.030052733029969192,0.0,4.501530227774966,595.9347660176278,366.2973222105174,10.766079659005538,593.2205375391037,0.0,0.0,0.0,64346.14930526332,-74821.9490640828,-1.8334321794100104e-15,0.0,1.0885819792747498e-10,-1.7763568394002505e-15
film_only_hypothesis,once_through,1351.4777461852207,14.849853923293592,19401.828255863355,87337.80398586088,1336.627892261928,1766666.6666666726,7952662.19601414,0.0,9605.142414504147,1766666.6666666726,7949999.999999999,0.0,265.0,0.3825496627502287,0.09946291231505947,0.7507398743024583,0.2878724748295226,4.002959497209833,0.4652877137440523,0.8172719847927136,0.4635616068650998,2.7244169589798624,0.029935523526889083,0.029935523526889083,0.0,2.6944814354529756,0.0,0.0,2.6944814354529756,0.0,0.029935523526889083,0.0,4.501524435433906,598.1717441366388,365.45058179285905,10.786052869678315,595.447327177659,0.0,0.0,0.0,64589.8847192984,-75102.74574902722,-1.8334321794100104e-15,0.0,1.0885819792747498e-10,-2.220446049250313e-15
film_only_hypothesis,once_through,1356.5125758097365,14.791805215768028,19399.599811609332,87327.66036961995,1341.7207705939695,1773333.3333333393,7982672.339630381,0.0,9642.209384153366,1773333.3333333393,7979999.999999999,0.0,266.0,0.383974823009286,0.09983345398241436,0.7525802716919596,0.2877328899786017,4.0103210867678385,0.46396338290702777,0.8168614411135344,0.4627062036901527,2.7345665713233314,0.02981850429836245,0.02981850429836245,0.0,2.7047480670249713,0.0,0.0,2.7047480670249713,0.0,0.02981850429836245,0.0,4.501518650779606,600.4001883906626,364.6070716117157,10.805993004036331,597.6656218193393,0.0,0.0,0.0,64833.620133333505,-75383.54813271154,-2.291790224262513e-15,0.0,1.0885819792747498e-10,-2.220446049250313e-15
film_only_hypothesis,once_through,1361.5281582168805,14.733857716603689,19397.379886283285,87317.55529013419,1346.7943005002778,1780000.000000006,8012682.444709866,0.0,9679.282043110024,1780000.000000006,8009999.999999999,0.0,267.0,0.3853945351456972,0.10020257913788128,0.754400122811875,0.2875938398659608,4.017600491247499,0.46264786255994966,0.8164524701940025,0.4618553579658778,2.744677383586245,0.02970168909374704,0.02970168909374704,0.0,2.7149756944925,0.0,0.0,2.7149756944925,0.0,0.02970168909374704,0.0,4.501512874523851,602.6201137167072,363.7667860131349,10.825900173641385,599.875436333121,0.0,0.0,0.0,65077.3555473686,-75664.3562057033,-2.291790224262513e-15,0.0,1.0885819792747498e-10,-2.220446049250313e-15
film_only_hypothesis,once_through,1366.5245292445516,14.676017996408005,19395.16846402316,87307.4886891112,1351.8485112481446,1786666.6666666728,8042692.51131089,0.0,9716.360381973476,1786666.6666666728,8039999.999999999,0.0,268.0,0.3868088093037481,0.10057029041897451,0.7561996943829835,0.2874553210204437,4.0247987775319345,0.46134108973365273,0.8160450618248344,0.46100903215027234,2.7547494680135065,0.029585091158598968,0.029585091158598968,0.0,2.7251643768549094,0.0,0.0,2.7251643768549094,0.0,0.029585091158598968,0.0,4.501507107353111,604.8315359768309,362.92971899301403,10.84577448879609,602.0767865088173,0.0,0.0,0.0,65321.09096140368,-75945.16995860182,-2.291790224262513e-15,0.0,1.6328729689121246e-10,-1.7763568394002505e-15
film_only_hypothesis,once_through,1371.5017267436644,14.618292382480504,19392.96552807593,87297.46050376461,1356.883434361185,1793333.3333333395,8072702.5394962365,0.0,9753.444391374516,1793333.3333333395,8069999.999999999,0.0,269.0,0.3882176561975289,0.10093659061135751,0.7579792498856603,0.28731733000744886,4.031916999542641,0.46004300147760724,0.8156392059042614,0.46016718914605825,2.7647829009080183,0.029468723247994797,0.029468723247994797,0.0,2.735314177660025,0.0,0.0,2.735314177660025,0.0,0.029468723247994797,0.0,4.501501349929219,607.034471924064,362.0958642100001,10.86561605854299,604.2696890231559,0.0,0.0,0.0,65564.82637543877,-76225.98938203797,-2.291790224262513e-15,0.0,1.0885819792747498e-10,-1.7763568394002505e-15
film_only_hypothesis,once_through,1376.4597905032106,14.560686965293009,19390.771060830753,87287.47066697617,1361.8991035379183,1800000.0000000063,8102712.529333024,0.0,9790.534061975004,1800000.0000000063,8099999.999999999,0.0,270.0,0.3896210870897225,0.10130148264332785,0.759739049572242,0.2871798634285226,4.038956198288968,0.45875353488142606,0.8152348924368312,0.4593297922945138,2.7747777624796117,0.029352597639594868,0.029352597639594868,0.0,2.7454251648400185,0.0,0.0,2.7454251648400185,0.0,0.029352597639594868,0.0,4.501495602889993,609.2289391692404,361.2652149980446,10.885424990665731,606.4541614067608,0.0,0.0,0.0,65808.56178947387,-76506.81446667355,-1.375074134557508e-15,0.0,5.442909896373749e-11,-1.7763568394002505e-15
film_only_hypothesis,once_through,1381.3987621773256,14.503207604841522,19388.58504385127,87277.51910745382,1366.8955545724848,1806666.666666673,8132722.480892547,0.0,9827.629384467511,1806666.666666673,8129999.999999999,0.0,271.0,0.39101911377095994,0.10166496958044959,0.7614793504809529,0.2870429179209437,4.045917401923812,0.4574726270954368,0.8148321115321875,0.4584968053693239,2.784734136698027,0.029236726146447924,0.029236726146447924,0.0,2.7554974105515804,0.0,0.0,2.7554974105515804,0.0,0.029236726146447924,0.0,4.501489866849889,611.4149561487178,360.43776437862175,10.905201391692247,608.6302220120198,0.0,0.0,0.0,66052.29720350896,-76787.64520320114,-1.375074134557508e-15,0.0,1.0885819792747498e-10,-1.3322676295501878e-15
film_only_hypothesis,once_through,1386.318685214327,14.445859936870185,19386.407457907022,87267.60574988529,1371.8728252774574,1813333.3333333398,8162732.394250115,0.0,9864.730349574957,1813333.3333333398,8159999.999999999,0.0,272.0,0.39241174853973404,0.10202705462033085,0.7632004064513006,0.2869064901573019,4.052801625805202,0.45620021535034716,0.8144308534038291,0.4576681925704574,2.794652111149857,0.029121120129537867,0.029121120129537867,0.0,2.7655309910203205,0.0,0.0,2.7655309910203205,0.0,0.029121120129537867,0.0,4.501484142400606,613.592542092969,359.6135050726177,10.924945366899747,610.7978899818191,0.0,0.0,0.0,66296.03261754404,-77068.48158234367,-1.375074134557508e-15,0.0,1.0885819792747498e-10,-1.3322676295501878e-15
film_only_hypothesis,once_through,1391.2196047876769,14.388649378967544,19384.238283003964,87257.73051508775,1376.83095540871,1820000.0000000065,8192742.269484913,0.0,9901.83694805025,1820000.0000000065,8189999.999999999,0.0,273.0,0.39379900418285735,0.10238774108754291,0.7649024681408408,0.28677057684507057,4.059609872563364,0.4549362369760349,0.8140311083678546,0.45684391851807743,2.804531776899382,0.02900579051007309,0.02900579051007309,0.0,2.7755259863893103,0.0,0.0,2.7755259863893103,0.0,0.02900579051007309,0.0,4.501478430111698,615.7617169960254,358.7924295118965,10.94465702032137,612.957185219126,0.0,0.0,0.0,66539.76803157915,-77349.32359485407,-1.375074134557508e-15,0.0,1.0885819792747498e-10,-1.3322676295501878e-15
film_only_hypothesis,once_through,1396.101567728833,14.33158113653612,19382.077498414234,87247.8933201536,1381.7699865922975,1826666.6666666733,8222752.106679847,0.0,9938.949170675927,1826666.6666666733,8219999.999999999,0.0,274.0,0.39518089395645517,0.10274703242867834,0.7665857830432259,0.28663517472617467,4.0663431321729036,0.4536806294194885,0.8136328668416902,0.4560239482464886,2.8143732283531997,0.02889074778152043,0.02889074778152043,0.0,2.7854824805716807,0.0,0.0,2.7854824805716807,0.0,0.02889074778152043,0.0,4.501472730531177,617.9225015857567,357.97452985054997,10.96433645475438,615.1081283574034,0.0,0.0,0.0,66783.50344561422,-77630.17123151482,-1.375074134557508e-15,0.0,1.0885819792747498e-10,-1.3322676295501878e-15
film_only_hypothesis,once_through,1400.9646224619432,14.274660208635702,19379.925082705024,87238.09407859188,1386.6899622533085,1833333.33333334,8252761.905921409,0.0,9976.067008263808,1833333.33333334,8249999.999999999,0.0,275.0,0.39655743156748013,0.10310493220754484,0.7682505955074472,0.2865002805765558,4.073002382029789,0.4524333302619295,0.8132361193428113,0.4552082471981314,2.824176563128582,0.028776002021384535,0.028776002021384535,0.0,2.7954005611071993,0.0,0.0,2.7954005611071993,0.0,0.028776002021384535,0.0,4.501467044186081,620.0749172949664,357.1597979758383,10.983983771769688,617.2507407318378,0.0,0.0,0.0,67027.23885964933,-77911.02448313781,-1.8334321794100104e-15,0.0,1.0885819792747498e-10,-1.7763568394002505e-15
film_only_hypothesis,once_through,1405.808818940348,14.2178913937014,19377.781013766704,87228.33270046645,1391.5909275466472,1840000.0000000068,8282771.667299535,0.0,10013.190451654642,1840000.0000000068,8279999.999999999,0.0,276.0,0.3979286311557385,0.10346144410049202,0.7698971467581923,0.28636589120573347,4.079588587032769,0.45119427723514155,0.8128408564874514,0.45439678121761623,2.8339418819254685,0.028661562902734777,0.028661562902734777,0.0,2.805280319022735,0.0,0.0,2.805280319022735,0.0,0.028661562902734777,0.0,4.50146137158306,622.2189862332874,356.3482255188287,11.003599071722821,619.3850443513619,0.0,0.0,0.0,67270.9742736844,-78191.88334056371,-1.375074134557508e-15,0.0,1.6328729689121246e-10,-1.3322676295501878e-15
film_only_hypothesis,once_through,1410.634208584845,14.161279295137529,19375.645268840133,87218.60909252992,1396.4729292897084,1846666.6666666735,8312781.390907471,0.0,10050.319491717748,1846666.6666666735,8309999.999999999,0.0,277.0,0.3992945072764156,0.10381657189186805,0.7715256749172351,0.2862320034563655,4.08610269966894,0.449963408237034,0.8124470689893104,0.4535895165458187,2.843669288402017,0.02854743970548184,0.02854743970548184,0.0,2.815121848696537,0.0,0.0,2.815121848696537,0.0,0.02854743970548184,0.0,4.501455713208927,624.3547311598577,355.53980386473796,11.023182453765843,621.5110618714557,0.0,0.0,0.0,67514.7096877195,-78472.74779466192,-1.8334321794100104e-15,0.0,1.6328729689121246e-10,-1.7763568394002505e-15
film_only_hypothesis,once_through,1415.4408442236856,14.104828326788281,19373.51782454323,87208.92315835402,1401.336015896898,1853333.3333333402,8342791.076841647,0.0,10087.454119350687,1853333.3333333402,8339999.999999999,0.0,278.0,0.40065507488309055,0.10417031946960355,0.7731364150257871,0.28609861420380656,4.0925456601031485,0.44874066134646523,0.8120547476582546,0.45278641981402323,2.853358889053643,0.02843364132740596,0.02843364132740596,0.0,2.8249252477262385,0.0,0.0,2.8249252477262385,0.0,0.02843364132740596,0.0,4.501450069531198,626.4821754567619,354.7345241629847,11.042734015860484,623.6288165677082,0.0,0.0,0.0,67758.44510175458,-78753.61783632994,-1.375074134557508e-15,0.0,5.442909896373749e-11,-1.3322676295501878e-15
film_only_hypothesis,once_through,1420.228780034253,14.0485427182866,19371.398656896774,87199.27479845665,1406.1802373159671,1860000.000000007,8372800.725201544,0.0,10124.59432547891,1860000.000000007,8369999.999999999,0.0,279.0,0.4020103493112285,0.1045226908209194,0.7747295990677361,0.2859657203556665,4.098918396270944,0.4475259748373514,0.8116638833990191,0.4519874580381286,2.86301079309545,0.02832017629493959,0.02832017629493959,0.0,2.8346906168005117,0.0,0.0,2.8346906168005117,0.0,0.02832017629493959,0.0,4.501444440998648,628.6013431032181,353.93237733696134,11.062253854792164,625.7383323101227,0.0,0.0,0.0,68002.18051578967,-79034.49345649326,-1.375074134557508e-15,0.0,1.6328729689121246e-10,-1.3322676295501878e-15
film_only_hypothesis,once_through,1424.998071486395,13.992426520282395,19369.287741349497,87189.66391042476,1411.005644966113,1866666.6666666737,8402810.336089576,0.0,10161.740101055433,1866666.6666666737,8399999.999999998,0.0,280.0,0.4033603462621397,0.10487369002815632,0.7763054559937049,0.28583331885136887,4.105221823974819,0.44631928719208463,0.8112744672099085,0.451192598612915,2.872625112347994,0.028207052773706873,0.028207052773706873,0.0,2.844418059574288,0.0,0.0,2.844418059574288,0.0,0.028207052773706873,0.0,4.501438828041804,630.712258650497,353.1333540935268,11.081742066184859,627.839633538149,0.0,0.0,0.0,68245.91592982475,-79315.37464610486,-9.167160897050052e-16,0.0,1.0885819792747498e-10,-8.881784197001252e-16
film_only_hypothesis,once_through,1429.7487752873635,13.936483609551635,19367.18505280244,87180.0903890346,1415.8122916778123,1873333.3333333405,8432819.909610968,0.0,10198.89143706049,1873333.3333333405,8429999.999999998,0.0,281.0,0.4047050817873946,0.1052233212647226,0.7778642117458657,0.2857014066617101,4.111456846983463,0.4451205371142848,0.8108864901815004,0.4504018093063732,2.8822019611262903,0.028094278578822948,0.028094278578822948,0.0,2.854107682547468,0.0,0.0,2.854107682547468,0.0,0.028094278578822948,0.0,4.501433231073485,632.8149471975509,352.3374449322315,11.101198744516788,629.9327452364246,0.0,0.0,0.0,68489.65134385986,-79596.26139614503,-9.167160897050052e-16,0.0,2.1771639585494996e-10,-4.440892098500626e-16
film_only_hypothesis,once_through,1434.4809493283315,13.880717693987641,19365.09056563265,87170.55412636789,1420.6002316343443,1880000.0000000072,8462829.445873633,0.0,10236.048324501224,1880000.0000000072,8459999.999999998,0.0,282.0,0.40604457227368457,0.105571588791158,0.7794060892834461,0.2855699807884203,4.117624357133785,0.44392966354090846,0.8104999434953538,0.44961505825410447,2.8917414561319967,0.027981861184955804,0.027981861184955804,0.0,2.863759594947042,0.0,0.0,2.863759594947042,0.0,0.027981861184955804,0.0,4.501427650489279,634.9094343673426,351.54464015427794,11.120623983136703,632.0176929112106,0.0,0.0,0.0,68733.38675789493,-79877.15369762083,-9.167160897050052e-16,0.0,1.0885819792747498e-10,-8.881784197001252e-16
film_only_hypothesis,once_through,1439.1946526324443,13.825132317476276,19363.004253716143,87161.05501192523,1425.369520314969,1886666.666666674,8492838.944988076,0.0,10273.210754411344,1886666.666666674,8489999.999999998,0.0,283.0,0.40737883442811734,0.10591849695131052,0.7809313086088703,0.28543903826372524,4.123725234435481,0.44274660565373675,0.8101148184227214,0.44883231395378537,2.9012437163486915,0.027869807736154075,0.027869807736154075,0.0,2.8733739086125394,0.0,0.0,2.8733739086125394,0.0,0.027869807736154075,0.0,4.501422086668049,636.9957462838522,350.75492987122345,11.140017874280844,634.0945025675035,0.0,0.0,0.0,68977.12217193002,-80158.05154156603,-1.8334321794100104e-15,0.0,1.0885819792747498e-10,-1.7763568394002505e-15
film_only_hypothesis,once_through,1443.8899453043741,13.76973086465639,19360.926090450244,87151.59293273585,1430.1202144397184,1893333.3333333407,8522848.407067263,0.0,10310.378717850826,1893333.3333333407,8519999.999999998,0.0,284.0,0.40870788526393786,0.10626405016862385,0.7824400867944786,0.28530857614991156,4.129760347177914,0.44157130289026414,0.8097311063232694,0.4480535452597044,2.9107088629401816,0.027758125055443523,0.027758125055443523,0.0,2.882950737884739,0.0,0.0,2.882950737884739,0.0,0.027758125055443523,0.0,4.501416539972397,639.0739095497498,349.96830401343163,11.159380509090402,636.1632006868097,0.0,0.0,0.0,69220.85758596512,-80438.95491904061,-1.375074134557508e-15,0.0,1.0885819792747498e-10,-1.3322676295501878e-15
film_only_hypothesis,once_through,1448.566888481336,13.714516565567429,19358.85604877528,87142.16777346456,1434.8523719157693,1900000.0000000075,8552857.832226535,0.0,10347.552205905597,1900000.0000000075,8549999.999999998,0.0,285.0,0.4100317420866632,0.10660825294253244,0.7839326380097704,0.2851785915388937,4.135730552039082,0.44040369495401005,0.809348798643805,0.4472787213773711,2.9201370191517553,0.02764681965419607,0.02764681965419607,0.0,2.8924901994975607,0.0,0.0,2.8924901994975607,0.0,0.02764681965419607,0.0,4.501411010749136,641.1439512247149,349.1847523382793,11.17871197762944,638.2238142055631,0.0,0.0,0.0,69464.59300000021,-80719.86382113048,-1.375074134557508e-15,0.0,1.0885819792747498e-10,-1.3322676295501878e-15
film_only_hypothesis,once_through,1453.2255442855364,13.659492500185669,19356.794101195606,87132.7794165154,1439.5660517853514,1906666.6666666742,8582867.220583485,0.0,10384.731209687214,1906666.6666666742,8579999.999999998,0.0,286.0,0.41135042248062215,0.10695110984496176,0.7854091735491219,0.2850490815517846,4.141636694196487,0.4392437218242739,0.8089678869170136,0.44650781185819793,2.929528310214327,0.027535897741274285,0.027535897741274285,0.0,2.901992412473054,0.0,0.0,2.901992412473054,0.0,0.027535897741274285,0.0,4.501405499329741,643.2058988043896,348.40426443812265,11.198012368903193,640.2763704941752,0.0,0.0,0.0,69708.32841403528,-81000.77823894717,-1.375074134557508e-15,0.0,1.0885819792747498e-10,-8.881784197001252e-16
film_only_hypothesis,once_through,1457.8659757780154,13.604661602850904,19354.740219800045,87123.42774213257,1444.2613141751654,1913333.333333341,8612876.572257867,0.0,10421.915720332581,1913333.333333341,8609999.999999998,0.0,287.0,0.41266394429589004,0.10729262551693142,0.7868699018599292,0.28492004333846954,4.147479607439717,0.4380913237653521,0.8085883627602046,0.4457407865942566,2.9388828632513855,0.027425365231955077,0.027425365231955077,0.0,2.9114574980194323,0.0,0.0,2.9114574980194323,0.0,0.027425365231955077,0.0,4.501400006030804,645.2597801999492,347.6268297480301,11.21728177087671,642.3208973366978,0.0,0.0,0.0,69952.06382807039,-81281.69816362765,-1.8334321794100104e-15,0.0,1.0885819792747498e-10,-1.7763568394002505e-15
film_only_hypothesis,once_through,1462.4882469138497,13.550026666585287,19352.69437628172,87114.11262849793,1448.9382202472652,1920000.0000000077,8642885.887371501,0.0,10459.105729003642,1920000.0000000077,8639999.999999998,0.0,288.0,0.41397232563560854,0.10763280466525822,0.7883150285711323,0.28479147407718386,4.15326011428453,0.4369464413352389,0.8082102178740702,0.44497761581310946,2.948200807188691,0.027315227756635946,0.027315227756635946,0.0,2.9208855794320567,0.0,0.0,2.9208855794320567,0.0,0.027315227756635946,0.0,4.501394531154445,647.3056237182749,346.85243755328815,11.236520270493784,644.3574229110862,0.0,0.0,0.0,70195.79924210548,-81562.6235863338,-1.8334321794100104e-15,0.0,0.0,-1.7763568394002505e-15
film_only_hypothesis,once_through,1467.0924224986827,13.495590347306186,19350.656541957283,87104.83395182634,1453.5968321513774,1926666.6666666744,8672895.166048173,0.0,10496.301226887093,1926666.6666666744,8669999.999999998,0.0,289.0,0.4152755848436808,0.10797165205935702,0.7897447565220742,0.28466337097409444,4.158979026088296,0.43580901539382816,0.8078334440414543,0.44421827007271664,2.957482272666644,0.027205490669327592,0.027205490669327592,0.0,2.9302767819973186,0.0,0.0,2.9302767819973186,0.0,0.027205490669327592,0.0,4.501389074988762,649.3434580427133,346.0810769966832,11.2557279536961,646.3859757700467,0.0,0.0,0.0,70439.53465614056,-81843.55449825233,-1.8334321794100104e-15,0.0,1.0885819792747498e-10,-2.220446049250313e-15
film_only_hypothesis,once_through,1471.6785681465503,13.441355167934802,19348.626687785585,87095.59158645757,1458.2372129786165,1933333.3333333412,8702904.408413542,0.0,10533.502205194094,1933333.3333333412,8699999.999999998,0.0,290.0,0.416573740492834,0.10830917252813685,0.791159285791656,0.2845357312628861,4.164637143166624,0.4346789871106344,0.8074580331261357,0.4434627202564218,2.9667273919552675,0.027096159055936406,0.027096159055936406,0.0,2.939631232899333,0.0,0.0,2.939631232899333,0.0,0.027096159055936406,0.0,4.501383637808224,651.3733122144102,345.3127370855676,11.274904905442488,648.406584822455,0.0,0.0,0.0,70683.27007017565,-82124.49089059442,-1.8334321794100104e-15,0.0,1.0885819792747498e-10,-1.7763568394002505e-15
film_only_hypothesis,once_through,1476.246750238967,13.387323522402271,19346.604784385792,87086.38540494592,1462.8594267165658,1940000.000000008,8732913.614595054,0.0,10570.708655159995,1940000.000000008,8729999.999999998,0.0,291.0,0.4178668113730379,0.10864537095698985,0.7925588137277491,0.2844085522043517,4.170235254910996,0.4335562979720526,0.8070839770716226,0.4427109375680099,2.9759362988717286,0.026987237742340287,0.026987237742340287,0.0,2.9489490611293907,0.0,0.0,2.9489490611293907,0.0,0.026987237742340287,0.0,4.501378219874082,653.3952156142019,344.54740669871467,11.294051209728453,650.4192793153302,0.0,0.0,0.0,70927.00548421075,-82405.43275459541,-2.291790224262513e-15,0.0,1.0885819792747498e-10,-2.220446049250313e-15
film_only_hypothesis,once_through,1480.7970358852438,13.33349767955533,19344.590802054943,87077.215278147,1467.4635382056895,1946666.6666666747,8762922.784721851,0.0,10607.92056804406,1946666.6666666747,8759999.999999998,0.0,292.0,0.4191548164802724,0.10898025228487083,0.7939435349768257,0.2842818310859875,4.175774139907302,0.4324408897881714,0.8067112678999632,0.4419628935268476,2.985109128700345,0.026878731302261996,0.026878731302261996,0.0,2.958230397398085,0.0,0.0,2.958230397398085,0.0,0.026878731302261996,0.0,4.501372821434762,655.4091979450513,343.7850745929656,11.31316694960562,652.424088816351,0.0,0.0,0.0,71170.74089824586,-82686.3800815146,-2.291790224262513e-15,0.0,0.0,-1.7763568394002505e-15
film_only_hypothesis,once_through,1485.3294928840037,13.279879786963212,19342.58471078498,87068.08107530193,1472.0496130970416,1953333.3333333414,8792931.918924697,0.0,10645.137935129189,1953333.3333333414,8789999.999999998,0.0,293.0,0.42043777500563456,0.10931382150146499,0.7953136415137734,0.28415556522159335,4.1812545660550935,0.4313327046991589,0.8063398977105687,0.4412185599630965,2.994246018115005,0.026770644064943398,0.026770644064943398,0.0,2.967475374050064,0.0,0.0,2.967475374050064,0.0,0.026770644064943398,0.0,4.501367442726244,657.4152892150152,343.0257294096784,11.332252207201346,654.4210431969002,0.0,0.0,0.0,71414.47631228094,-82967.3328626348,-2.291790224262513e-15,0.0,0.0,-2.6645352591003757e-15
film_only_hypothesis,once_through,1489.8441896858687,13.226471874627594,19340.586480279264,87058.98266411903,1476.6177178112423,1960000.0000000081,8822941.01733588,0.0,10682.360747721674,1960000.0000000081,8819999.999999998,0.0,294.0,0.4217157063247762,0.10964608364444181,0.7966693226718622,0.2840297519508781,4.186677290687449,0.430231685181235,0.8059698586790532,0.4404779090130067,3.003347105103949,0.02666298012262427,0.02666298012262427,0.0,2.9766841249813267,0.0,0.0,2.9766841249813267,0.0,0.02666298012262427,0.0,4.501362083972438,659.4135197207283,342.26935968097797,11.351307063738256,656.4101726156244,0.0,0.0,0.0,71658.21172631603,-83248.29108926238,-2.291790224262513e-15,0.0,1.0885819792747498e-10,-2.220446049250313e-15
film_only_hypothesis,once_through,1494.3411953572827,13.173275858597638,19338.596079968604,87049.91991085319,1481.1679194986862,1966666.666666675,8852950.080089146,0.0,10719.588997150926,1966666.666666675,8849999.999999998,0.0,295.0,0.42298862998766384,0.1099770437967926,0.7980107651728298,0.2839043886390695,4.192043060691319,0.4291377740522477,0.8056011430560869,0.4397409131142833,3.0124125288968386,0.026555743337829806,0.026555743337829806,0.0,2.9858567855590112,0.0,0.0,2.9858567855590112,0.0,0.026555743337829806,0.0,4.501356745385548,661.4039200313919,341.5159538358176,11.37033159955385,658.3915075024951,0.0,0.0,0.0,71901.94714035111,-83529.25475272672,-2.291790224262513e-15,0.0,1.0885819792747498e-10,-2.220446049250313e-15
film_only_hypothesis,once_through,1498.8205795454448,13.12029354449175,19336.61347902674,87040.89268038257,1485.700286000954,1973333.3333333416,8882959.107319618,0.0,10756.822674769226,1973333.3333333416,8879999.999999998,0.0,296.0,0.424256565708653,0.11030670708424978,0.7993381531570583,0.2837794726765306,4.197352612628233,0.4280509144768676,0.8052337431662665,0.4390075450015346,3.021442429894071,0.026448937350470027,0.026448937350470027,0.0,2.9949934925436033,0.0,0.0,2.9949934925436033,0.0,0.026448937350470027,0.0,4.501351427166426,663.3865209732529,340.7655002058538,11.389325894119933,660.3650785433589,0.0,0.0,0.0,72145.6825543862,-83810.2238443801,-1.8334321794100104e-15,0.0,1.0885819792747498e-10,-2.220446049250313e-15
film_only_hypothesis,once_through,1503.2824124443248,13.067526630928139,19334.638646385432,87031.90083628317,1490.2148858133976,1980000.0000000084,8912968.099163717,0.0,10794.061771951487,1980000.0000000084,8909999.999999998,0.0,297.0,0.42551953335686793,0.11063507867278567,0.8006516682138124,0.2836550014783804,4.20260667285525,0.4269710499714156,0.8048676514070012,0.4382777777017925,3.0304369495982653,0.026342565584755416,0.026342565584755416,0.0,3.0040943840135115,0.0,0.0,3.0040943840135115,0.0,0.026342565584755416,0.0,4.501346129504912,665.361353614562,340.01798703113997,11.408290026062051,662.3309166649636,0.0,0.0,0.0,72389.4179684213,-84091.19835559746,-1.8334321794100104e-15,0.0,1.0885819792747498e-10,-1.7763568394002505e-15
film_only_hypothesis,once_through,1507.7267647617293,13.014976712865883,19332.671550748997,87022.94424090118,1494.7117880488643,1986666.6666666751,8942977.0557591,0.0,10831.306280095003,1986666.6666666751,8939999.999999998,0.0,298.0,0.42677755294687997,0.1109621637661888,0.8019514894115137,0.2835309724841209,4.207805957646055,0.42589812440833713,0.8045028602474145,0.4375515845301101,3.0393962305478746,0.026236631255932074,0.026236631255932074,0.0,3.0131595992919444,0.0,0.0,3.0131595992919444,0.0,0.026236631255932074,0.0,4.501340852580185,667.3284492509966,339.27340246564364,11.427224073178794,664.2890530204488,0.0,0.0,0.0,72633.15338245638,-84372.17827777605,-1.8334321794100104e-15,0.0,2.1771639585494996e-10,-1.7763568394002505e-15
film_only_hypothesis,once_through,1512.153707687394,12.962645284858324,19330.712160608455,87014.022755423,1499.1910624025365,1993333.3333333419,8972985.977244576,0.0,10868.556190619222,1993333.3333333419,8969999.999999998,0.0,299.0,0.42803064462967516,0.11128796760371555,0.8032377933280261,0.2834073831572691,4.212951173312105,0.42483208202033906,0.8041393622272621,0.43682893908523523,3.0483204162528637,0.026131137376840197,0.026131137376840197,0.0,3.022189278876025,0.0,0.0,3.022189278876025,0.0,0.026131137376840197,0.0,4.501335596561081,669.2878393915394,338.53173458259243,11.446128112460944,666.2395189752865,0.0,0.0,0.0,72876.88879649148,-84653.16360233536,-1.8334321794100104e-15,0.0,1.0885819792747498e-10,-1.3322676295501878e-15
film_only_hypothesis,once_through,1516.5633128620739,12.91053374422071,19328.7604442552,87005.13623994292,1503.6527791178542,2000000.0000000086,9002994.863760058,0.0,10905.811494965514,2000000.0000000086,8999999.999999998,0.0,300.0,0.42927882868390543,0.11161249545781542,0.8045107540809286,0.2832842309849952,4.218043016323715,0.42377286740419895,0.8037771499558684,0.4361098152453583,3.057209651132397,0.026026086764299645,0.026026086764299645,0.0,3.0311835643680998,0.0,0.0,3.0311835643680998,0.0,0.026026086764299645,0.0,4.501330361606409,671.239555744796,337.7929713796524,11.46500222011047,668.1823460936636,0.0,0.0,0.0,73120.62421052657,-84934.15432071676,-1.8334321794100104e-15,0.0,1.0885819792747498e-10,-2.220446049250313e-15
film_only_hypothesis,once_through,1520.9556523476047,12.858643394113916,19326.81636979425,86996.28455352903,1508.097008953492,2006666.6666666754,9033003.715446472,0.0,10943.072184596944,2006666.6666666754,9029999.999999998,0.0,301.0,0.4305221255074138,0.11193575263192759,0.8057705433577536,0.2831615134777661,4.223082173431014,0.4227204255242634,0.8034162161110767,0.4353941871639343,3.066064080454489,0.025921482045326356,0.025921482045326356,0.0,3.0401425984091652,0.0,0.0,3.0401425984091652,0.0,0.025921482045326356,0.0,4.50132514786527,673.1836302057454,337.057100783944,11.483846471559355,670.117566125291,0.0,0.0,0.0,73364.35962456165,-85215.15042438326,-2.291790224262513e-15,0.0,2.1771639585494996e-10,-2.220446049250313e-15
film_only_hypothesis,once_through,1525.3307985979116,12.806975446545911,19324.879905157093,86987.46755428701,1512.5238231513667,2013333.333333342,9063012.532445714,0.0,10980.338250998062,2013333.333333342,9059999.999999998,0.0,302.0,0.43176055560902826,0.11225774445834735,0.8070173304461704,0.28303922816899457,4.228069321784682,0.421674701715645,0.8030565534382194,0.43468202926557753,3.0748838502775575,0.02581732566318297,0.02581732566318297,0.0,3.049066524614377,0.0,0.0,3.049066524614377,0.0,0.02581732566318297,0.0,4.501319955477357,675.1200948429074,336.3241106568988,11.502660941488225,672.0452109926299,0.0,0.0,0.0,73608.09503859673,-85496.15190481946,-2.291790224262513e-15,0.0,1.0885819792747498e-10,-2.6645352591003757e-15
film_only_hypothesis,once_through,1529.6888244309355,12.75553102529287,19322.951018114083,86978.68509942177,1516.9332934056438,2020000.0000000088,9093021.314900579,0.0,11017.609685674674,2020000.0000000088,9089999.999999998,0.0,303.0,0.43299413960061517,0.11257847629615995,0.8082512822640936,0.28291737261469463,4.233005129056375,0.42063564168713125,0.8026981547491019,0.4339733162420305,3.083669107393834,0.025713619883267386,0.025713619883267386,0.0,3.057955487510569,0.0,0.0,3.057955487510569,0.0,0.025713619883267386,0.0,4.501314784573256,677.048981885917,335.59398879896315,11.521445703844746,673.9653127785232,0.0,0.0,0.0,73851.83045263182,-85777.15875353117,-2.291790224262513e-15,0.0,1.0885819792747498e-10,-2.6645352591003757e-15
film_only_hypothesis,once_through,1534.0298030014603,12.704311168741775,19321.029676286504,86969.93704529727,1521.3254918327198,2026666.6666666756,9123030.062954703,0.0,11054.886480153655,2026666.6666666756,9119999.999999998,0.0,304.0,0.43422289818938786,0.11289795352924085,0.8094725633896992,0.282795944393142,4.237890253558797,0.4196031915238171,0.8023410129210059,0.43326802304820256,3.0924199992745836,0.025610366798843168,0.025610366798843168,0.0,3.066809632475743,0.0,0.0,3.066809632475743,0.0,0.025610366798843168,0.0,4.501309635274721,678.970323713498,334.8667229541503,11.540200831861835,675.8779037142234,0.0,0.0,0.0,74095.56586666692,-86058.17096204525,-2.291790224262513e-15,0.0,1.0885819792747498e-10,-2.6645352591003757e-15
film_only_hypothesis,once_through,1538.353807774807,12.653316832655982,19319.11584715818,86961.22324749427,1525.700490942152,2033333.3333333423,9153038.776752505,0.0,11092.168625982727,2033333.3333333423,9149999.999999998,0.0,305.0,0.43544685217046025,0.11321618156431967,0.8106813360913303,0.28267494110454094,4.242725344365321,0.41857729768947183,0.8019851208957087,0.432566124898282,3.1011366740170776,0.02550756833661454,0.02550756833661454,0.0,3.0756291056804654,0.0,0.0,3.0756291056804654,0.0,0.02550756833661454,0.0,4.501304507694961,680.8841528418197,334.14230081444765,11.558926398075556,677.7830161678027,0.0,0.0,0.0,74339.30128070201,-86339.18852190941,-2.291790224262513e-15,0.0,1.0885819792747498e-10,-2.220446049250313e-15
film_only_hypothesis,once_through,1542.660912501378,12.602548892865885,19317.209498086773,86952.54356086667,1530.0583636085134,2040000.000000009,9183047.456439134,0.0,11129.456114730276,2040000.000000009,9179999.999999998,0.0,306.0,0.43666602241964164,0.11353316582910683,0.8118777603572765,0.2825543603706964,4.247511041429107,0.41755790702865225,0.801630471678519,0.43186759726191554,3.109819280293278,0.025405226262150478,0.025405226262150478,0.0,3.08441405403113,0.0,0.0,3.08441405403113,0.0,0.025405226262150478,0.0,4.501299401938913,682.7905019132303,333.4207100240816,11.57762247434285,679.680682632937,0.0,0.0,0.0,74583.03669473711,-86620.21142469205,-2.291790224262513e-15,0.0,1.0885819792747498e-10,-2.6645352591003757e-15
film_only_hypothesis,once_through,1546.9511911920292,12.552008147885948,19315.310596314648,86943.89783959558,1534.3991830441444,2046666.6666666758,9213056.102160404,0.0,11166.748937985141,2046666.6666666758,9209999.999999998,0.0,307.0,0.4378804298864651,0.11384891177048093,0.8130619939254141,0.2824341998346919,4.252247975701657,0.4165449667685705,0.8012770583373292,0.431172415860459,3.118467967300188,0.025303342185160324,0.025303342185160324,0.0,3.0931646251150293,0.0,0.0,3.0931646251150293,0.0,0.025303342185160324,0.0,4.501294318103507,684.6894036853556,332.70193818364334,11.59628913185893,681.5709357180555,0.0,0.0,0.0,74826.77210877219,-86901.239661982,-2.291790224262513e-15,0.0,1.0885819792747498e-10,-1.7763568394002505e-15
film_only_hypothesis,once_through,1551.2247180942395,12.501695321460225,19313.41910897945,86935.28593724193,1538.7230227727803,2053333.3333333426,9243064.714062758,0.0,11204.047087356454,2053333.3333333426,9239999.999999998,0.0,308.0,0.43909009558744255,0.11416342485273506,0.8142341923126886,0.28231445716057346,4.256936769250754,0.41553842452072953,0.8009248740016867,0.43048055666329493,3.1270828847118155,0.025201917564625236,0.025201917564625236,0.0,3.101880967147192,0.0,0.0,3.101880967147192,0.0,0.025201917564625236,0.0,4.501289256277922,686.5808910205526,331.9859728540815,11.614926441174449,683.4538081358407,0.0,0.0,0.0,75070.50752280728,-87182.2732253884,-1.8334321794100104e-15,0.0,1.0885819792747498e-10,-1.7763568394002505e-15
film_only_hypothesis,once_through,1555.4815676690653,12.451611065037683,19311.535003124296,86926.70770679718,1543.0299566040287,2060000.0000000093,9273073.292293204,0.0,11241.350554473427,2060000.0000000093,9269999.999999998,0.0,309.0,0.4402950405995411,0.1144767105558807,0.8153945088444317,0.28219513003303853,4.261578035377727,0.4145382282823341,0.8005739118618781,0.42979199588421774,3.135664182632715,0.025100953713788163,0.025100953713788163,0.0,3.110563228918929,0.0,0.0,3.110563228918929,0.0,0.025100953713788163,0.0,4.5012842165438345,688.4649968757088,331.2728015605631,11.63353447221236,685.3293326930761,0.0,0.0,0.0,75314.24293684238,-87463.31210654047,-2.291790224262513e-15,0.0,2.1771639585494996e-10,-2.220446049250313e-15
film_only_hypothesis,once_through,1559.7218145688537,12.4017559601792,19309.658245707626,86918.16300073267,1547.3200586086755,2066666.666666676,9303081.836999267,0.0,11278.659330985196,2066666.666666676,9299999.999999998,0.0,310.0,0.4414952860538746,0.1147887743740074,0.8165430946834973,0.2820762161571314,4.266172378733989,0.4135443264374868,0.8002241651680336,0.42910670997788686,3.1442120115530607,0.025000451805006044,0.025000451805006044,0.0,3.1192115597480563,0.0,0.0,3.1192115597480563,0.0,0.025000451805006044,0.0,4.5012791989756655,690.3417542923779,330.562411796207,11.652113294284456,687.1975422808249,0.0,0.0,0.0,75557.97835087746,-87744.35629708733,-1.8334321794100104e-15,0.0,1.0885819792747498e-10,-1.7763568394002505e-15
film_only_hypothesis,once_through,1563.945533615692,12.35213052089773,19307.788803612762,86909.6516710471,1551.5934030947953,2073333.3333333428,9333090.348328954,0.0,11315.973408560638,2073333.3333333428,9329999.999999998,0.0,311.0,0.4426908531296038,0.115099621813697,0.8176800988592067,0.2819577132579435,4.270720395436827,0.4125566677581793,0.7998756272292457,0.4284246756363414,3.1527265223052012,0.02490041287446731,0.02490041287446731,0.0,3.127826109430736,0.0,0.0,3.127826109430736,0.0,0.02490041287446731,0.0,4.501274203640816,692.2111963872419,329.85479102569496,11.6706629761077,689.0584698649367,0.0,0.0,0.0,75801.71376491255,-88025.40578869786,-1.8334321794100104e-15,0.0,1.0885819792747498e-10,-1.7763568394002505e-15
film_only_hypothesis,once_through,1568.1527997805772,12.302735195933318,19305.926643657116,86901.17356931257,1555.850064584645,2080000.0000000095,9363098.826430688,0.0,11353.2927788882,2080000.0000000095,9359999.999999998,0.0,312.0,0.4438817630480396,0.1154092583924903,0.8188056682960909,0.2818396190803193,4.275222673184364,0.4115752014050873,0.7995282914127039,0.42774586978558155,3.1612078660216696,0.024800837826778055,0.024800837826778055,0.0,3.1364070281948937,0.0,0.0,3.1364070281948937,0.0,0.024800837826778055,0.0,4.5012692305999,694.0733563428905,329.14992668876096,11.68918358582019,690.9121484768689,0.0,0.0,0.0,76045.44917894762,-88306.4605730605,-2.291790224262513e-15,2.3283064365386963e-10,1.0885819792747498e-10,-2.220446049250313e-15
film_only_hypothesis,once_through,1572.3436881632824,12.25357037096446,19304.071732601093,86892.72854671911,1560.090117792319,2086666.6666666763,9393107.27145328,0.0,11390.617433675749,2086666.6666666763,9389999.999999998,0.0,313.0,0.4450680370669446,0.1157176896374056,0.8199199478424228,0.28172193138856805,4.279679791369691,0.4105998769281765,0.7991821511428473,0.4270702695822137,3.1696561940945975,0.024701727439419834,0.024701727439419834,0.0,3.1449544666551796,0.0,0.0,3.1449544666551796,0.0,0.024701727439419834,0.0,4.501264279906968,695.9282673989111,328.4478062035644,11.707675190996802,692.7586112048165,0.0,0.0,0.0,76289.18459298274,-88587.52064188317,-2.291790224262513e-15,0.0,1.0885819792747498e-10,-1.7763568394002505e-15
film_only_hypothesis,once_through,1576.5182739729016,12.204636370757386,19302.224037156728,86884.31645411768,1564.3136376021453,2093333.333333343,9423115.683545884,0.0,11427.947364650388,2093333.333333343,9419999.999999998,0.0,314.0,0.4462496964750255,0.11602492108350664,0.8210230802985291,0.2816046479661805,4.284092321194116,0.40963064426713025,0.7988371999005309,0.42639785241015443,3.1780716581364925,0.024603082367082398,0.024603082367082398,0.0,3.1534685757694123,0.0,0.0,3.1534685757694123,0.0,0.024603082367082398,0.0,4.501259351609722,697.7759628432767,327.7484169699499,11.726137858664618,694.5978911851403,0.0,0.0,0.0,76532.92000701783,-88868.5859868929,-2.291790224262513e-15,2.3283064365386963e-10,2.1771639585494996e-10,-2.220446049250313e-15
film_only_hypothesis,once_through,1580.676632509055,12.155933461254829,19300.38352399598,86875.9371420618,1568.5206990478014,2100000.00000001,9453124.062857939,0.0,11465.282563558329,2100000.00000001,9449999.999999998,0.0,315.0,0.4474267625866135,0.11633095827251952,0.8221152064448722,0.2814877666155515,4.288460825779489,0.40866745375160396,0.7984934312222104,0.4257285958774005,3.1864544099423537,0.024504903145874384,0.024504903145874384,0.0,3.1619495067964816,0.0,0.0,3.1619495067964816,0.0,0.024504903145874384,0.0,4.5012544457497325,699.616476004028,327.0517463725954,11.744571655317884,696.4300215940856,0.0,0.0,0.0,76776.65542105291,-89149.65659983591,-2.291790224262513e-15,0.0,1.0885819792747498e-10,-2.220446049250313e-15
film_only_hypothesis,once_through,1584.818839143734,12.107461851605612,19298.550159758768,86867.5904608477,1572.7113772921296,2106666.6666666763,9483132.409539154,0.0,11502.62302216472,2106666.6666666763,9479999.999999998,0.0,316.0,0.44859925673652534,0.1166358067514966,0.8231964650698984,0.28137128515770726,4.292785860279594,0.4077102561013164,0.798150838699139,0.4250624778128532,3.1948046014530704,0.02440719019741472,0.02440719019741472,0.0,3.170397411255658,0.0,0.0,3.170397411255658,0.0,0.02440719019741472,0.0,4.501249562362645,701.4498402412374,326.35778178405445,11.762976646932838,698.2550356397844,0.0,0.0,0.0,77020.390835088,-89430.7324724774,-2.291790224262513e-15,0.0,2.1771639585494996e-10,-2.220446049250313e-15
film_only_hypothesis,once_through,1588.9449693037693,12.05922169613675,19296.72391106076,86859.27626055323,1576.8857476076337,2113333.333333343,9513140.723739449,0.0,11539.968732253508,2113333.333333343,9509999.999999998,0.0,317.0,0.4497672002751004,0.11693947207152611,0.8242669929976408,0.2812552014320381,4.297067971990563,0.4067590024259839,0.7978094159765826,0.42439947626320557,3.203122384720082,0.024309943832808153,0.024309943832808153,0.0,3.178812440887276,0.0,0.0,3.178812440887276,0.0,0.024309943832808153,0.0,4.501244701478371,703.2760889392495,325.66651056769297,11.781352898982096,700.0729665545293,0.0,0.0,0.0,77264.12624912307,-89711.81359660125,-2.291790224262513e-15,0.0,2.1771639585494996e-10,-2.220446049250313e-15
film_only_hypothesis,once_through,1593.0550984539059,12.011213096269325,19294.90474450082,86850.99439107529,1581.0438853576377,2120000.0000000093,9543149.005608927,0.0,11577.319685627295,2120000.0000000093,9539999.999999998,0.0,318.0,0.45093061456341027,0.11724195978648667,0.8253269251150753,0.2811395132960365,4.301307700460301,0.4058136442251047,0.7974691567530485,0.423739569489886,3.2114079118712597,0.024213164256507404,0.024213164256507404,0.0,3.1871947476147544,0.0,0.0,3.1871947476147544,0.0,0.024213164256507404,0.0,4.501239863121295,705.0952554991901,324.9779200805248,11.79970047644876,701.8838475873189,0.0,0.0,0.0,77507.86166315815,-89992.89996401012,-2.291790224262513e-15,0.0,2.1771639585494996e-10,-2.220446049250313e-15
film_only_hypothesis,once_through,1597.1493020804633,11.96343610237959,19293.092626668273,86842.74470216621,1585.1858659780848,2126666.666666676,9573157.255297836,0.0,11614.675874107197,2126666.666666676,9569999.999999998,0.0,319.0,0.4520895209686332,0.11754327545184463,0.8263763943992191,0.2810242186250401,4.305505577596876,0.4048741333876011,0.7971300547795298,0.42308273596605955,3.219661335077964,0.02411685157006497,0.02411685157006497,0.0,3.195544483507901,0.0,0.0,3.195544483507901,0.0,0.02411685157006497,0.0,4.501235047310458,706.9073733317339,324.2919976759495,11.818019443840196,703.6877119966559,0.0,0.0,0.0,77751.59707719326,-90273.99156652513,-2.291790224262513e-15,0.0,2.1771639585494996e-10,-2.220446049250313e-15
film_only_hypothesis,once_through,1601.2276556755694,11.915890715606707,19291.28752414988,86834.52704346862,1589.311764959964,2133333.3333333423,9603165.472956534,0.0,11652.037289532713,2133333.3333333423,9599999.999999998,0.0,320.0,0.4532439408595917,0.11784342462349384,0.8274155319439709,0.2809093153119798,4.3096621277758835,0.40394042219132503,0.7967921038587642,0.42242895437368333,3.2278828065232665,0.024021005775777246,0.024021005775777246,0.0,3.2038618007474917,0.0,0.0,3.2038618007474917,0.0,0.024021005775777246,0.0,4.501230254059738,708.7124758501266,323.60873070639343,11.836309865201542,705.4845930436034,0.0,0.0,0.0,77995.33249122833,-90555.08839598572,-2.750148269115016e-15,0.0,3.265745937824249e-10,-2.220446049250313e-15
film_only_hypothesis,once_through,1605.2902347219494,11.86857688960843,19289.489403536554,86826.34126454934,1593.4216578323421,2140000.000000009,9633173.658735454,0.0,11689.403923761593,2140000.000000009,9629999.999999998,0.0,321.0,0.4543938956024468,0.11814241285663617,0.8284444669866866,0.2807948012671323,4.3137778679467464,0.40301246330243384,0.7964552978445069,0.4217782036006173,3.236072478371283,0.023925626780223842,0.023925626780223842,0.0,3.2121468515910614,0.0,0.0,3.2121468515910614,0.0,0.023925626780223842,0.0,4.501225483378036,710.5105964634519,322.92810652585814,11.854571804128861,707.2745239850806,0.0,0.0,0.0,78239.06790526341,-90836.19044424967,-2.291790224262513e-15,0.0,3.265745937824249e-10,-2.220446049250313e-15
film_only_hypothesis,once_through,1609.3371146782517,11.821494532266188,19287.69823142987,86818.187214932,1597.5156201459868,2146666.6666666754,9663181.81278507,0.0,11726.775768669706,2146666.6666666754,9659999.999999998,0.0,322.0,0.4555394065565443,0.11844024570470152,0.8294633269344837,0.28068067441787814,4.317853307737934,0.4020902097746431,0.7961196306408181,0.4211304627377903,3.2442305027375937,0.02383071439770476,0.02383071439770476,0.0,3.2203997883398916,0.0,0.0,3.2203997883398916,0.0,0.02383071439770476,0.0,4.501220735269449,712.3017685701373,322.25011249237906,11.872805323781966,709.0575380673997,0.0,0.0,0.0,78482.80331929849,-91117.29770319286,-2.291790224262513e-15,0.0,2.1771639585494996e-10,-2.6645352591003757e-15
film_only_hypothesis,once_through,1613.3683709649,11.774643507340649,19285.913974448315,86810.06474412845,1601.5937274575606,2153333.333333342,9693189.935255872,0.0,11764.152816150925,2153333.333333342,9689999.999999998,0.0,323.0,0.4566804950704099,0.11873692871830659,0.8304722373902752,0.2805669327084642,4.321888949561101,0.40117361504836124,0.7957850962013654,0.4204857110764161,3.252357031660722,0.023736268353577866,0.023736268353577866,0.0,3.228620763307147,0.0,0.0,3.228620763307147,0.0,0.023736268353577866,0.0,4.50121600973343,714.0860255516915,321.57473597039547,11.891010486896986,710.8336685200308,0.0,0.0,0.0,78726.53873333358,-91398.41016470917,-2.750148269115016e-15,0.0,1.0885819792747498e-10,-3.1086244689504383e-15
film_only_hypothesis,once_through,1617.384078950452,11.728023636079294,19284.13659923334,86801.97370166917,1605.6560553143738,2160000.0000000084,9723198.026298333,0.0,11801.535058116997,2160000.0000000084,9719999.999999998,0.0,324.0,0.45781718247788855,0.11903246744425103,0.831471322178527,0.2804535740997709,4.325885288714108,0.4002626329497122,0.7954516885287379,0.4198439281052627,3.260452217074637,0.023642288287499525,0.023642288287499525,0.0,3.2368099287871397,0.0,0.0,3.2368099287871397,0.0,0.023642288287499525,0.0,4.501211306764963,715.8634007666674,320.90196433303595,11.909187355798574,712.6029485495927,0.0,0.0,0.0,78970.27414736866,-91679.52782071033,-2.291790224262513e-15,0.0,2.1771639585494996e-10,-2.220446049250313e-15
film_only_hypothesis,once_through,1621.3843139384537,11.68163469877701,19282.366072455166,86793.91393713257,1609.7026792396778,2166666.666666675,9753206.086062869,0.0,11838.922486497433,2166666.666666675,9749999.999999998,0.0,325.0,0.45894949009442254,0.11932686742454987,0.8324607033707356,0.2803405965690838,4.3298428134829425,0.3993572176894522,0.7951194016737758,0.41920509350797136,3.26851621078225,0.023548773756570596,0.023548773756570596,0.0,3.2449674370256814,0.0,0.0,3.2449674370256814,0.0,0.023548773756570596,0.0,4.501206626354717,717.633927544843,320.2317849643211,11.927335992411845,714.3654113340608,0.0,0.0,0.0,79214.00956140374,-91960.65066312585,-2.291790224262513e-15,0.0,2.1771639585494996e-10,-2.220446049250313e-15
film_only_hypothesis,once_through,1625.3691511547718,11.635476436291112,19280.602360818393,86785.88530017326,1613.7336747184816,2173333.3333333414,9783214.11469983,0.0,11876.315093239398,2173333.3333333414,9779999.999999998,0.0,326.0,0.46007743921346644,0.11962013419550128,0.8334405013106254,0.28022799810987015,4.333762005242502,0.39845732386178473,0.7947882297349123,0.4185691871604266,3.276549164429881,0.023455724238390527,0.023455724238390527,0.0,3.2530934401914924,0.0,0.0,3.2530934401914924,0.0,0.023455724238390527,0.0,4.5012019684892,719.3976391816152,319.5641852612853,11.94545645827396,716.1210900171853,0.0,0.0,0.0,79457.74497543882,-92241.7786839029,-1.8334321794100104e-15,0.0,2.1771639585494996e-10,-1.7763568394002505e-15
film_only_hypothesis,once_through,1629.338665735392,11.589548551511857,19278.845431067406,86777.88764054913,1617.749117183881,2180000.000000008,9813222.112359451,0.0,11913.712870307592,2180000.000000008,9809999.999999998,0.0,327.0,0.46120105110303306,0.11991227328678859,0.8344108346390618,0.2801157767315597,4.337643338556248,0.3975629064430804,0.7944581668575286,0.41793618912817215,3.2845512294826618,0.023363139134021722,0.023363139134021722,0.0,3.2611880903486417,0.0,0.0,3.2611880903486417,0.0,0.023363139134021722,0.0,4.501197333150905,721.1545689325991,318.89915263602103,11.963548814545481,717.8700177031164,0.0,0.0,0.0,79701.48038947392,-92522.91187500618,-1.8334321794100104e-15,0.0,1.0885819792747498e-10,-1.7763568394002505e-15
film_only_hypothesis,once_through,1633.2929327146703,11.543850710789759,19277.09524999158,86769.92080814784,1621.7490820038815,2186666.6666666744,9843230.079191854,0.0,11951.115809684148,2186666.6666666744,9839999.999999998,0.0,328.0,0.4623203470023678,0.12020329022061563,0.8353718203186804,0.2800039304593295,4.341487281274722,0.3966739207905045,0.794129207233322,0.4173060796638769,3.2925225572008494,0.023271017770866858,0.023271017770866858,0.0,3.2692515394299844,0.0,0.0,3.2692515394299844,0.0,0.023271017770866858,0.0,4.501192720318469,722.9047500084276,318.23667451764766,11.981613122021363,719.6122274512268,0.0,0.0,0.0,79945.215803509,-92804.05022841782,-1.8334321794100104e-15,0.0,2.1771639585494996e-10,-1.7763568394002505e-15
film_only_hypothesis,once_through,1637.232027014022,11.498382545320661,19275.351784430262,86761.98465301195,1625.7336444687023,2193333.333333341,9873238.015346989,0.0,11988.523903368528,2193333.333333341,9869999.999999998,0.0,329.0,0.4634353481187471,0.12049319051087425,0.8363235736582277,0.27989245733389373,4.345294294632911,0.3957903226405593,0.7938013450996875,0.41667883920484694,3.3004632986170264,0.023179359405461012,0.023179359405461012,0.0,3.2772839392115674,0.0,0.0,3.2772839392115674,0.0,0.023179359405461012,0.0,4.501188129966804,724.6482155697458,317.5767383542058,11.999649441141667,721.3477522711288,0.0,0.0,0.0,80188.95121754406,-93085.19373613727,-2.291790224262513e-15,0.0,2.1771639585494996e-10,-2.220446049250313e-15
film_only_hypothesis,once_through,1641.1560234310366,11.453143652489864,19273.615001277612,86754.0790253633,1629.7028797785479,2200000.0000000075,9903245.920974638,0.0,12025.937143377427,2200000.0000000075,9899999.999999998,0.0,330.0,0.4645460756243973,0.1207819796623433,0.8372662083366161,0.2797813554112969,4.349064833346464,0.3949120681075441,0.7934745747391085,0.41605444837058164,3.308373604514158,0.023088163226181263,0.023088163226181263,0.0,3.2852854412879786,0.0,0.0,3.2852854412879786,0.0,0.023088163226181263,0.0,4.501183562067237,726.3849987223927,316.9193316144812,12.017657832002019,723.0766251178785,0.0,0.0,0.0,80432.68663157914,-93366.34239018123,-2.291790224262513e-15,0.0,2.1771639585494996e-10,-2.220446049250313e-15
film_only_hypothesis,once_through,1645.064996629007,11.408133597176315,19271.884867487242,86746.20377562643,1633.6568630318318,2206666.666666674,9933253.796224374,0.0,12063.355521744666,2206666.666666674,9929999.999999998,0.0,331.0,0.4656525506535306,0.12106966316991796,0.8381998364266886,0.27967062276271176,4.352799345706755,0.39403911368193767,0.7931488904785641,0.41543288796037686,3.3162536254044825,0.022997428355875787,0.022997428355875787,0.0,3.293256197048609,0.0,0.0,3.293256197048609,0.0,0.022997428355875787,0.0,4.501179016587639,728.1151325127665,316.26444178975925,12.035638354363725,724.7988788873621,0.0,0.0,0.0,80676.42204561426,-93647.4961825836,-2.291790224262513e-15,0.0,1.0885819792747498e-10,-2.220446049250313e-15
film_only_hypothesis,once_through,1648.959021126859,11.36335191301791,19270.161350076636,86738.3587544512,1637.595669213842,2213333.3333333405,9963261.641245548,0.0,12100.779030521106,2213333.3333333405,9959999.999999998,0.0,332.0,0.46675479429949457,0.1213562465178686,0.8391245684186952,0.279560257474241,4.356498273674781,0.39317141622870816,0.7928242866889442,0.41481413895097,3.3241035115092123,0.022907153854414542,0.022907153854414542,0.0,3.3011963576547996,0.0,0.0,3.3011963576547996,0.0,0.022907153854414542,0.0,4.501174493492565,729.8386499233682,315.6120563955117,12.05359106766365,726.514546411859,0.0,0.0,0.0,80920.15745964933,-93928.65510539511,-1.8334321794100104e-15,0.0,0.0,-1.7763568394002505e-15
film_only_hypothesis,once_through,1652.83817128947,11.318798103639034,19268.44441613149,86730.54381273453,1641.5193731858324,2220000.000000007,9993269.456187265,0.0,12138.207661774548,2220000.000000007,9989999.999999998,0.0,333.0,0.46785282761203195,0.12164173517912831,0.840040513243481,0.27945025764672293,4.360162052973924,0.3923089329855528,0.7925007577844793,0.41419818249422835,3.3319234127390165,0.022817338721163854,0.022817338721163854,0.0,3.3091060740178553,0.0,0.0,3.3091060740178553,0.0,0.022817338721163854,0.0,4.501169992743366,731.5555838685157,314.9621629730186,12.071516031023803,728.2236604557767,0.0,0.0,0.0,81163.89287368442,-94209.81915068364,-2.750148269115016e-15,0.0,1.0885819792747498e-10,-2.6645352591003757e-15
film_only_hypothesis,once_through,1656.7025213183676,11.274471643841235,19266.734032809778,86722.75880164129,1645.4280496745278,2226666.6666666735,10023277.241198359,0.0,12175.641407589654,2226666.6666666735,10019999.999999998,0.0,334.0,0.4689466715946476,0.12192613461460838,0.8409477782953826,0.27934062139554094,4.363791113181531,0.3914516215610733,0.7921782982221793,0.41358499991488035,3.3397134786752707,0.022727981897386666,0.022727981897386666,0.0,3.3169854967778867,0.0,0.0,3.3169854967778867,0.0,0.022727981897386666,0.0,4.501165514298326,733.2659671902278,314.3147490909272,12.089413303260628,729.9262537115525,0.0,0.0,0.0,81407.62828771948,-94490.98831053381,-2.750148269115016e-15,0.0,1.0885819792747498e-10,-2.6645352591003757e-15
film_only_hypothesis,once_through,1660.5521452427906,11.230371980758141,19265.03016734574,86715.00357262444,1649.3217732620342,2233333.33333334,10053284.996427376,0.0,12213.08026006785,2233333.33333334,10049999.999999998,0.0,335.0,0.47003634720207815,0.12220945027254032,0.8418464694548373,0.27923134685043693,4.367385877819349,0.39059943993288965,0.7918569025012852,0.4129745727082861,3.3474738585520365,0.02263908226857072,0.02263908226857072,0.0,3.324834776283469,0.0,0.0,3.324834776283469,0.0,0.02263908226857072,0.0,4.501161058112773,734.9698326542667,313.669802346749,12.107282942894072,731.6223587957147,0.0,0.0,0.0,81651.36370175458,-94772.1625770471,-3.2085063139675184e-15,0.0,1.0885819792747498e-10,-3.552713678800501e-15
film_only_hypothesis,once_through,1664.3871169111103,11.186498534975549,19263.332787053663,86707.2779774442,1653.2006183761362,2240000.0000000065,10083292.722022556,0.0,12250.524211327254,2240000.0000000065,10079999.999999998,0.0,336.0,0.47112187533786387,0.12249168758784461,0.842736691110703,0.27912243215532845,4.370946764442812,0.38975234644569523,0.7915365651627307,0.41236688253825093,3.355204701238769,0.022550638666686506,0.022550638666686506,0.0,3.332654062572085,0.0,0.0,3.332654062572085,0.0,0.022550638666686506,0.0,4.501156624139188,736.6672129463423,313.0273103682971,12.125125008156305,733.3120082451035,0.0,0.0,0.0,81895.09911578965,-95053.34194234158,-2.750148269115016e-15,0.0,1.0885819792747498e-10,-2.6645352591003757e-15
film_only_hypothesis,once_through,1668.207509982592,11.142850701617654,19261.641859331543,86699.58186818681,1657.064659280976,2246666.666666673,10113300.418131813,0.0,12287.973253502578,2246666.666666673,10109999.999999998,0.0,337.0,0.4722032768520168,0.12277285198152438,0.8436185461822893,0.2790138754681291,4.3744741847291575,0.38891029980925873,0.7912172807886151,0.4117619112348741,3.3629061552237074,0.022462649872376995,0.022462649872376995,0.0,3.3404435053513337,0.0,0.0,3.3404435053513337,0.0,0.022462649872376995,0.0,4.501152212327327,738.3581406684643,312.3872608150664,12.142939557000302,734.9952345132406,0.0,0.0,0.0,82138.83452982476,-95334.52639855201,-3.2085063139675184e-15,0.0,1.0885819792747498e-10,-3.1086244689504383e-15
film_only_hypothesis,once_through,1672.0133979194961,11.09942785140026,19259.95735166456,86691.91509728222,1660.9139700680973,2253333.3333333395,10143308.084902717,0.0,12325.427378745064,2253333.3333333395,10139999.999999998,0.0,338.0,0.47328057253878447,0.12305294886008397,0.8444921361411016,0.27890567496057306,4.377968544564407,0.38807325909637397,0.7908990440016855,0.4111596407924402,3.3705783685979536,0.022375114617080753,0.022375114617080753,0.0,3.3482032539808757,0.0,0.0,3.3482032539808757,0.0,0.022375114617080753,0.0,4.501147822624321,740.0426483354478,311.74964137955715,12.160726647108046,736.6720699668498,0.0,0.0,0.0,82382.56994385984,-95615.71593782958,-2.750148269115016e-15,0.0,0.0,-3.1086244689504383e-15
film_only_hypothesis,once_through,1675.804853979499,11.056229331651977,19258.27923162845,86684.27751752133,1664.7486246478488,2260000.000000006,10173315.722482478,0.0,12362.8865792224,2260000.000000006,10169999.999999998,0.0,339.0,0.47435378313450494,0.12333198361497129,0.8453575610322998,0.2787978288180425,4.381430244129199,0.3872411837407622,0.7905818494648309,0.4105600533673449,3.3782214890401923,0.022288031585090587,0.022288031585090587,0.0,3.355933457455105,0.0,0.0,3.355933457455105,0.0,0.022288031585090587,0.0,4.50114345497479,741.7207683715573,311.1144397885446,12.178486335898576,738.342546882517,0.0,0.0,0.0,82626.30535789492,-95896.91055234199,-3.666864358820021e-15,0.0,1.0885819792747498e-10,-3.552713678800501e-15
film_only_hypothesis,once_through,1679.5819512084324,11.013254467304291,19256.607466892714,86676.66898207225,1668.5686967411298,2266666.6666666726,10203323.331017928,0.0,12400.35084711865,2266666.6666666726,10199999.999999998,0.0,340.0,0.47542292931555147,0.12360996162204338,0.8462149194958704,0.2786903352393991,4.384859677983481,0.38641403353492965,0.7902656918805857,0.40996313127606104,3.3858356638020544,0.022201399415549373,0.022201399415549373,0.0,3.3636342643865085,0.0,0.0,3.3636342643865085,0.0,0.022201399415549373,0.0,4.50113910932093,743.3925331072935,310.48164380429523,12.196218680535686,740.0066974434915,0.0,0.0,0.0,82870.04077192998,-96178.1102342733,-3.2085063139675184e-15,0.0,1.0885819792747498e-10,-3.552713678800501e-15
film_only_hypothesis,once_through,1683.3447624333248,10.97050256185124,19254.942025223696,86669.08934449639,1672.3742598714753,2273333.333333339,10233330.910655504,0.0,12437.820174634173,2273333.333333339,10229999.999999998,0.0,341.0,0.4764880316963628,0.12388688824105433,0.847064308787515,0.27858319243681806,4.388257235150061,0.38559176862798333,0.7899505659906414,0.4093688569931361,3.3934210396940907,0.02211521670438468,0.02211521670438468,0.0,3.3713058229897093,0.0,0.0,3.3713058229897093,0.0,0.02211521670438468,0.0,4.501134785602633,745.0579747763139,309.8512412257329,12.21392373793553,741.6645537366198,0.0,0.0,0.0,83113.77618596506,-96459.31497582392,-3.2085063139675184e-15,0.0,1.0885819792747498e-10,-3.1086244689504383e-15
film_only_hypothesis,once_through,1687.0933602557413,10.927972898279684,19253.282874487522,86661.53845876316,1676.1653873574633,2280000.0000000056,10263338.461541237,0.0,12475.294553985561,2280000.0000000056,10259999.999999998,0.0,342.0,0.4775491108275578,0.12416276881516503,0.8479058247992574,0.27847639863562595,4.391623299197029,0.38477434952340756,0.7896364665753705,0.4087772131492292,3.4009777630723437,0.02202948200618405,0.02202948200618405,0.0,3.3789482810661626,0.0,0.0,3.3789482810661626,0.0,0.02202948200618405,0.0,4.501130483757559,746.7171255124848,309.2232198895543,12.231601564773836,743.3161477494125,0.0,0.0,0.0,83357.51160000016,-96740.52476921039,-3.2085063139675184e-15,0.0,1.0885819792747498e-10,-3.1086244689504383e-15
film_only_hypothesis,once_through,1690.8278170454087,10.885664739970863,19251.629982652947,86654.01617926484,1679.9421523054393,2286666.666666672,10293345.983820736,0.0,12512.773977405572,2286666.666666672,10289999.999999998,0.0,343.0,0.4786061871941314,0.12443760867047417,0.8487395620797681,0.2783699520741417,4.394958248319073,0.38396173707680403,0.789323388453358,0.40818818252918054,3.408505979825498,0.02194419383601246,0.02194419383601246,0.0,3.3865617859894885,0.0,0.0,3.3865617859894885,0.0,0.02194419383601246,0.0,4.50112620372125,748.3700173470589,308.5975676712974,12.249252217492995,744.9615113672335,0.0,0.0,0.0,83601.24701403524,-97021.73960666548,-3.2085063139675184e-15,0.0,2.1771639585494996e-10,-3.1086244689504383e-15
film_only_hypothesis,once_through,1694.5482049341197,10.843577331574194,19249.983317794024,86646.5223608302,1683.7046276025471,2293333.3333333386,10323353.47763917,0.0,12550.258437143055,2293333.3333333386,10319999.999999998,0.0,344.0,0.47965928121372864,0.12471141311556945,0.8495656138544113,0.27826385100352047,4.398262455417646,0.38315389249359894,0.7890113264809426,0.4076017480701153,3.416005835362593,0.021859350671173783,0.021859350671173783,0.0,3.3941464846914227,0.0,0.0,3.3941464846914227,0.0,0.021859350671173783,0.0,4.501121945427201,750.0166822059786,307.9742724863622,12.266875752308856,746.6006763706159,0.0,0.0,0.0,83844.98242807033,-97302.95948043806,-3.2085063139675184e-15,0.0,1.0885819792747498e-10,-3.552713678800501e-15
film_only_hypothesis,once_through,1698.2545958099065,10.801709899853897,19248.34284809271,86639.05685873801,1687.452885910054,2300000.000000005,10353360.943141263,0.0,12587.747925462894,2300000.000000005,10349999.999999998,0.0,345.0,0.48070841323499575,0.1249841874410989,0.8503840720450138,0.2781580936876006,4.401536288180055,0.382350777326718,0.7887002755517665,0.40701789285957984,3.423477474601274,0.021774950952917472,0.021774950952917472,0.0,3.401702523648359,0.0,0.0,3.401702523648359,0.0,0.021774950952917472,0.0,4.501117708806966,751.6571519072959,307.35332229098725,12.28447222521735,748.2336744326946,0.0,0.0,0.0,84088.7178421054,-97584.18438279297,-2.750148269115016e-15,0.0,2.1771639585494996e-10,-2.6645352591003757e-15
film_only_hypothesis,once_through,1701.9470613114747,10.760061654509286,19246.708541841293,86631.61952872948,1691.1869996569671,2306666.6666666716,10383368.38047127,0.0,12625.242434645941,2306666.6666666716,10379999.999999998,0.0,346.0,0.4817536035360044,0.12525593691936115,0.8511950272893577,0.27805267840275366,4.40478010915743,0.3815523534742335,0.7883902305963344,0.4064366001337102,3.430921041956575,0.021690993088092178,0.021690993088092178,0.0,3.4092300488684866,0.0,0.0,3.4092300488684866,0.0,0.021690993088092178,0.0,4.5011134937902275,753.2914581587099,306.73470508318206,12.302041692000897,749.8605371167533,0.0,0.0,0.0,84332.4532561405,-97865.41430601112,-3.666864358820021e-15,0.0,1.0885819792747498e-10,-3.552713678800501e-15
film_only_hypothesis,once_through,1705.625672822893,10.71863178896962,19245.08036744479,86624.21022702067,1694.907041033925,2313333.333333338,10413375.78977298,0.0,12662.741956988963,2313333.333333338,10409999.999999998,0.0,347.0,0.48279487232274865,0.12552666680391467,0.8519985689604017,0.27794760343773756,4.407994275841607,0.38075858317698413,0.7880811865815811,0.4058578532754338,3.438336681330213,0.021607475450748075,0.021607475450748075,0.0,3.4167292058794683,0.0,0.0,3.4167292058794683,0.0,0.021607475450748075,0.0,4.501109300304884,754.9196325552158,306.11840890361657,12.319584208234527,751.4812958738855,0.0,0.0,0.0,84576.18867017557,-98146.6492423892,-3.2085063139675184e-15,0.0,1.0885819792747498e-10,-3.1086244689504383e-15
film_only_hypothesis,once_through,1709.2905014685248,10.677419481163879,19243.458293423144,86616.82881031408,1698.6130819873624,2320000.0000000047,10443383.171189684,0.0,12700.246484804566,2320000.0000000047,10439999.999999998,0.0,348.0,0.48383223972771044,0.12579638232920473,0.8527947851852294,0.2778428670935518,4.411179140740918,0.3799694290161713,0.7877731385104466,0.4052816358127001,3.4457245361003697,0.021524396383688638,0.021524396383688638,0.0,3.424200139716684,0.0,0.0,3.424200139716684,0.0,0.021524396383688638,0.0,4.5011051282771355,756.5417065768615,305.50442183647067,12.337099829291889,753.0959820407612,0.0,0.0,0.0,84819.92408421065,-98427.88918423989,-3.2085063139675184e-15,0.0,0.0,-2.6645352591003757e-15
film_only_hypothesis,once_through,1712.9416181082006,10.636423894266516,19241.842288413398,86609.47513580952,1702.3051942139357,2326666.666666671,10473390.524864191,0.0,12737.756010421159,2326666.666666671,10469999.999999998,0.0,349.0,0.48486572580849296,0.12606508871020816,0.8535837628637294,0.27773846768329646,4.414335051454918,0.3791848539109329,0.7874660814214602,0.4047079314167418,3.453084749111959,0.021441754199973982,0.021441754199973982,0.0,3.4316429949119884,0.0,0.0,3.4316429949119884,0.0,0.021441754199973982,0.0,4.501100977631544,758.1577115866118,304.8927320102426,12.354588610351021,754.7046268374997,0.0,0.0,0.0,85063.65949824573,-98709.13412389156,-3.2085063139675184e-15,0.0,1.0885819792747498e-10,-3.1086244689504383e-15
film_only_hypothesis,once_through,1716.57909333262,10.595644177419727,19240.232321171698,86602.14906121515,1705.9834491552017,2333333.3333333377,10503397.850938786,0.0,12775.270526182889,2333333.3333333377,10499999.999999998,0.0,350.0,0.485895350546519,0.12633279114209495,0.8543655876870085,0.27763440353203306,4.417462350748034,0.3784048211158968,0.7871600103883326,0.40413672390036726,3.460417462667362,0.021359547184376878,0.021359547184376878,0.0,3.4390579154829877,0.0,0.0,3.4390579154829877,0.0,0.021359547184376878,0.0,4.501096848291135,759.7676788283118,304.28332759851946,12.372050606399881,756.3072613656444,0.0,0.0,0.0,85307.39491228083,-98990.38405368838,-2.750148269115016e-15,0.0,2.1771639585494996e-10,-2.6645352591003757e-15
film_only_hypothesis,once_through,1720.202997458976,10.555079466432842,19238.628360575258,86594.85044475712,1709.6479179925445,2340000.000000004,10533405.149555242,0.0,12812.79002444958,2340000.000000004,10529999.999999998,0.0,351.0,0.4869211338457925,0.12659949479990606,0.8551403441555403,0.2775306729766485,4.420561376622161,0.3776292942187167,0.7868549205195545,0.4035679972162795,3.4677228185176,0.021277773594792635,0.021277773594792635,0.0,3.4464450449228106,0.0,0.0,3.4464450449228106,0.0,0.021277773594792635,0.0,4.501092740177441,761.3716394247515,303.67619682071046,12.389485872241767,757.9039166062339,0.0,0.0,0.0,85551.1303263159,-99271.63896599016,-2.750148269115016e-15,0.0,0.0,-3.1086244689504383e-15
film_only_hypothesis,once_through,1723.8134005267968,10.514728884459565,19237.030375624185,86587.57914518948,1713.2986716423388,2346666.6666666707,10563412.42085481,0.0,12850.314497596695,2346666.6666666707,10559999.999999998,0.0,352.0,0.4879430955317217,0.12686520483824765,0.8559081155970524,0.2774272743657216,4.423632462388209,0.37685823713759137,0.7865508069580048,0.40300173545542567,3.475000957853959,0.021196431663604347,0.021196431663604347,0.0,3.453804526190358,0.0,0.0,3.453804526190358,0.0,0.021196431663604347,0.0,4.50108865321059,762.969624375825,303.07132794274304,12.40689446250047,759.4946234179711,0.0,0.0,0.0,85794.86574035099,-99552.89885317236,-3.2085063139675184e-15,0.0,1.0885819792747498e-10,-3.1086244689504383e-15
film_only_hypothesis,once_through,1727.410372293997,10.47459154265371,19235.43833544323,86580.33502180329,1716.9357807513447,2353333.333333337,10593419.664978197,0.0,12887.843938015274,2353333.333333337,10589999.999999998,0.0,353.0,0.48896125535000107,0.1271299263910003,0.8566689841841534,0.2773242060593919,4.426675936736613,0.3760916141187692,0.7862476648805644,0.40243792284537194,3.482252021300022,0.02111551959900476,0.02111551959900476,0.0,3.4611365017010205,0.0,0.0,3.4611365017010205,0.0,0.02111551959900476,0.0,4.501084587309368,764.5616645567821,302.46870927772517,12.42427643162531,761.0794125354821,0.0,0.0,0.0,86038.60115438608,-99834.16370762602,-3.2085063139675184e-15,0.0,1.0885819792747498e-10,-3.1086244689504383e-15
film_only_hypothesis,once_through,1730.9939822331298,10.434666540803928,19233.85220928344,86573.11793443527,1720.5593156923273,2360000.0000000037,10623426.882065564,0.0,12925.378338111888,2360000.0000000037,10619999.999999998,0.0,354.0,0.48997563296555063,0.12739366457104317,0.8574230309517037,0.27722146642923107,4.429692123806815,0.37532938973404034,0.7859454894977385,0.4018765437487082,3.4894761489041213,0.02103503558627582,0.02103503558627582,0.0,3.4684411133178488,0.0,0.0,3.4684411133178488,0.0,0.02103503558627582,0.0,4.501080542391283,766.1477907165707,301.86832918657257,12.441631833895935,762.6583145676666,0.0,0.0,0.0,86282.33656842115,-100115.4335217577,-2.750148269115016e-15,0.0,1.0885819792747498e-10,-3.1086244689504383e-15
film_only_hypothesis,once_through,1734.5642995278388,10.39495296794821,19232.27196652375,86565.9277434762,1724.1693465598921,2366666.6666666702,10653434.072256522,0.0,12962.917690308594,2366666.6666666702,10649999.999999998,0.0,355.0,0.4909862479615115,0.127656424469993,0.8581703358139313,0.2771190538581168,4.432681343255725,0.3745715288782178,0.7856442760532848,0.4013175826614765,3.4966734801321793,0.020954977789027437,0.020954977789027437,0.0,3.475718502343155,0.0,0.0,3.475718502343155,0.0,0.020954977789027437,0.0,4.501076518372628,767.7280334762652,301.27017607860347,12.45896072342699,764.231359996133,0.0,0.0,0.0,86526.07198245624,-100396.7082879895,-3.2085063139675184e-15,0.0,0.0,-3.1086244689504383e-15
film_only_hypothesis,once_through,1738.1213930694973,10.35544990296857,19230.697576672435,86558.7643098788,1727.7659431665302,2373333.3333333367,10683441.23569012,0.0,13000.461987042881,2373333.3333333367,10679999.999999998,0.0,356.0,0.4919931198382949,0.12791821115795668,0.8589109775812963,0.2770169667401089,4.435643910325185,0.37381799676660815,0.7853440198238497,0.4007610242116274,3.503844153860938,0.02087534435039628,0.02087534435039628,0.0,3.4829688095105444,0.0,0.0,3.4829688095105444,0.0,0.02087534435039628,0.0,4.501072515168553,769.3024233275794,300.6742384121017,12.4762631541726,765.7985791737185,0.0,0.0,0.0,86769.80739649132,-100677.98799875888,-2.750148269115016e-15,0.0,1.0885819792747498e-10,-2.6645352591003757e-15
film_only_hypothesis,once_through,1741.6653314540333,10.31615641516658,19229.129009368553,86551.62749516506,1731.3491750388682,2380000.0000000033,10713448.372504834,0.0,13038.011220767634,2380000.0000000033,10709999.999999998,0.0,357.0,0.492996268012683,0.12817902968329759,0.8596450339771063,0.27691520348032783,4.438580135908426,0.3730687589324749,0.7850447161186113,0.40020685315750126,3.5109883083715565,0.020796133394206003,0.020796133394206003,0.0,3.4901921749773535,0.0,0.0,3.4901921749773535,0.0,0.020796133394206003,0.0,4.501068532693111,770.8709906314617,300.08050469484846,12.493539179930664,767.3600023230902,0.0,0.0,0.0,87013.54281052641,-100959.27264651872,-3.2085063139675184e-15,0.0,1.0885819792747498e-10,-3.1086244689504383e-15
film_only_hypothesis,once_through,1745.1961829789318,10.277071564820249,19227.566234383245,86544.51716143354,1734.9191114141129,2386666.66666667,10743455.482838565,0.0,13075.565383951081,2386666.66666667,10739999.999999998,0.0,358.0,0.4939957118169807,0.128438885072415,0.8603725816538851,0.27681376249483514,4.44149032661554,0.37232378122449494,0.784746360278927,0.3996550543863328,3.5181060813435687,0.02071734302608984,0.02071734302608984,0.0,3.4973887383174818,0.0,0.0,3.4973887383174818,0.0,0.02071734302608984,0.0,4.501064570859329,772.4337656167677,299.4889634846246,12.510788854347059,768.9156595354241,0.0,0.0,0.0,87257.27822456148,-101240.56222373723,-2.750148269115016e-15,0.0,0.0,-2.6645352591003757e-15
film_only_hypothesis,once_through,1748.7140156404107,10.238194403722849,19226.009221621003,86537.43317136574,1738.4758212366894,2393333.3333333363,10773462.566828635,0.0,13113.124469076756,2393333.3333333363,10769999.999999998,0.0,359.0,0.4949914704982162,0.12869778232953621,0.8610936962094979,0.2767126422105166,4.444374784837992,0.37158302980421,0.7844489476779901,0.39910561291278235,3.525197609849191,0.020638971334576817,0.020638971334576817,0.0,3.504558638514617,0.0,0.0,3.504558638514617,0.0,0.020638971334576817,0.0,4.501060629579242,773.9907783790106,298.89960338968376,12.528012230919598,770.4655807691614,0.0,0.0,0.0,87501.01363859657,-101521.856722898,-3.2085063139675184e-15,0.0,1.0885819792747498e-10,-2.6645352591003757e-15
film_only_hypothesis,once_through,1752.218897130764,10.199523975704121,19224.45794112083,86530.3753882328,1742.0193731550612,2400000.000000003,10803469.624611767,0.0,13150.688468643451,2400000.000000003,10799999.999999998,0.0,360.0,0.4959835632173888,0.1289557264365211,0.8618084522030367,0.2766118410649671,4.447233808812147,0.37084647114347297,0.7841524737204916,0.39855851387748975,3.532263030347964,0.02056101639214242,0.02056101639214242,0.0,3.5117020139558246,0.0,0.0,3.5117020139558246,0.0,0.02056101639214242,0.0,4.501056708763976,775.5420588791851,298.3124130691974,12.545209363001883,772.0097958488371,0.0,0.0,0.0,87744.74905263165,-101803.15613649978,-2.750148269115016e-15,0.0,1.0885819792747498e-10,-3.1086244689504383e-15
film_only_hypothesis,once_through,1755.7108948358637,10.161059317134471,19222.912363057352,86523.34367590133,1745.5498355187308,2406666.6666666693,10833476.656324098,0.0,13188.257375165182,2406666.6666666693,10829999.999999998,0.0,361.0,0.496972009048762,0.1292127223526781,0.8625169231704649,0.2765113575063776,4.450067692681859,0.3701140720218932,0.7838569338422872,0.3980137425456503,3.5393024786817207,0.020483476256225038,0.020483476256225038,0.0,3.5188190024254986,0.0,0.0,3.5188190024254986,0.0,0.020483476256225038,0.0,4.501052808323786,777.0876369426617,297.7273812336735,12.562380303807032,773.5483344639799,0.0,0.0,0.0,87988.48446666673,-102084.46045705659,-3.2085063139675184e-15,0.0,1.0885819792747498e-10,-3.1086244689504383e-15
film_only_hypothesis,once_through,1759.1900758328231,10.122799457412562,19221.37245774186,86516.3378988389,1749.0672763754121,2413333.333333336,10863483.662101159,0.0,13225.831181171141,2413333.333333336,10859999.999999998,0.0,362.0,0.497956826979202,0.12946877501459253,0.8632191816400302,0.2764111899934243,4.45287672656012,0.36938579952427875,0.7835623235100715,0.397471284305615,3.546316090069871,0.020406348970208835,0.020406348970208835,0.0,3.5259097410996656,0.0,0.0,3.5259097410996656,0.0,0.020406348970208835,0.0,4.501048928168103,778.6275422581525,297.14449664534794,12.57952510641123,775.0812261680826,0.0,0.0,0.0,88232.21988070183,-102365.76967709765,-3.2085063139675184e-15,0.0,0.0,-3.1086244689504383e-15
film_only_hypothesis,once_through,1762.6565068878062,10.084743419436826,19219.83819562327,86509.3579221195,1752.571763468371,2420000.0000000023,10893490.64207788,0.0,13263.409879205667,2420000.0000000023,10889999.999999998,0.0,363.0,0.49893803590755753,0.12972388933596496,0.8639152991474414,0.2763113369951599,4.455661196589766,0.3686616210380792,0.7832686382210586,0.39693112466751473,3.5533039991049904,0.020329632564374308,0.020329632564374308,0.0,3.5329743665406195,0.0,0.0,3.5329743665406195,0.0,0.020329632564374308,0.0,4.501045068205587,780.161804376742,296.5637481185513,12.596643823757077,776.608500377637,0.0,0.0,0.0,88475.9552947369,-102647.08378916723,-3.2085063139675184e-15,0.0,1.0885819792747498e-10,-3.552713678800501e-15
film_only_hypothesis,once_through,1766.1102544539879,10.046890220061375,19218.30954728903,86502.40361142853,1756.0633642339283,2426666.666666669,10923497.59638857,0.0,13300.993461828199,2426666.666666669,10919999.999999998,0.0,364.0,0.4999156546440825,0.12997807020746147,0.8646053462508183,0.2762117969909062,4.458421385003273,0.36794150425082833,0.7829758735026653,0.3963932492618992,3.5602663397487047,0.020253325056817324,0.020253325056817324,0.0,3.540013014691891,0.0,0.0,3.540013014691891,0.0,0.020253325056817324,0.0,4.501041228344182,781.6904527109835,295.9851245200511,12.613736508657018,778.1301863712348,0.0,0.0,0.0,88719.690708772,-102928.40278582487,-3.666864358820021e-15,0.0,0.0,-3.552713678800501e-15
film_only_hypothesis,once_through,1769.551384669652,10.009238870536677,19216.786483465956,86495.47483306732,1759.542145799117,2433333.3333333354,10953504.52516693,0.0,13338.581921613242,2433333.3333333354,10949999.999999998,0.0,365.0,0.5008897019098978,0.13023132249657343,0.8652893925454131,0.2761125684701495,4.461157570181653,0.3672254171475892,0.7826840249122043,0.3958576438384083,3.5672032453278577,0.020177424454337477,0.020177424454337477,0.0,3.5470258208735235,0.0,0.0,3.5470258208735235,0.0,0.020177424454337477,0.0,4.501037408491148,783.2135165340582,295.4086147693698,12.630803213796302,779.6463132887303,0.0,0.0,0.0,88963.42612280707,-103209.72665964498,-3.2085063139675184e-15,0.0,0.0,-3.1086244689504383e-15
