scenario,mode,extent_mol,reactor_h2_mol,water_kg,salt_mol,export_h2_mol,export_water_kg,export_salt_mol,outlet_separator_gas_mol,flow_pump_kwh,feed_water_kg,feed_salt_mol,circulated_water_kg,time_days,altered_fraction_proxy,expansion_loading,crack_opening_fraction,porosity,area_factor,passivation_factor,pore_access_factor,permeability_ratio,generated_h2_kg,retained_h2_kg,dissolved_h2_kg,free_h2_kg,exported_h2_kg,outlet_collected_h2_kg,outlet_uncollected_gas_h2_kg,outlet_residual_dissolved_h2_kg,endpoint_collected_h2_kg,endpoint_residual_h2_kg,endpoint_uncollected_gas_h2_kg,salt_molality,water_consumed_kg,remaining_reactive_fe_kg,flow_head_bar,solid_mass_gain_kg,total_deliverable_h2_kg,gross_electricity_kwh,outlet_delivered_electricity_kwh,new_feed_heater_kwh,standalone_engineering_balance_kwh,h2_balance_error_kg,water_balance_error_kg,salt_balance_error_kg,hydrogen_recovery_balance_error_kg
inhibition_only_hypothesis,once_through,0.0,0.0,20000.0,90000.0,0.0,0.0,0.0,0.0,0.0,0.0,0.0,0.0,0.0,0.0,0.0,0.0,0.35,1.0,1.0,1.0,1.0,0.0,0.0,0.0,0.0,0.0,0.0,0.0,0.0,0.0,0.0,0.0,4.5,0.0,591.8704059999999,5.0,0.0,0.0,0.0,0.0,0.0,-907.7186152246713,0.0,0.0,0.0,0.0
inhibition_only_hypothesis,once_through,6.653710653718324,5.655762585206539,19997.055029786505,89998.01236126696,0.9979480685117776,6666.666666666668,30001.987638733022,0.0,35.41565314699371,6666.666666666668,29999.999999999985,0.0,1.0,0.0018834011686853956,0.0004896843038582028,0.0,0.34951031569614177,1.0,0.9962402831632017,0.9985597520474758,0.9943098638437384,0.013413082232617694,0.011401338680266158,0.011401338680266158,0.0,0.002011743552351522,0.0,0.0,0.002011743552351522,0.0,0.011401338680266158,0.0,4.500563319309314,2.944970213493812,590.7556765856293,5.028613495466418,2.9315571312611945,0.0,0.0,0.0,243.73541403508773,-1186.8696824067526,1.4323688901640707e-17,0.0,-8.504546713083983e-13,1.3877787807814457e-17
inhibition_only_hypothesis,once_through,13.211478929066503,9.62674581662862,19994.152524215857,89992.86019522787,3.5847331124378825,13333.333333333338,60007.13980477211,0.0,70.83947483541164,13333.333333333338,59999.99999999997,0.0,2.0,0.0037396448613468214,0.0009723076639501736,0.0,0.3490276923360498,1.0,0.992548610563245,0.9971402715766171,0.9887288568849433,0.02663275614352658,0.0194063643568253,0.0194063643568253,0.0,0.007226391786701278,0.0,0.0,0.007226391786701278,0.0,0.0194063643568253,0.0,4.500958972191159,5.847475784141465,589.6570208776188,5.056998149879873,5.820843027997938,0.0,0.0,0.0,487.47082807017546,-1466.0289181302585,8.952305563525442e-19,-1.8189894035458565e-12,0.0,0.0
inhibition_only_hypothesis,once_through,19.689933557845933,12.404291736650709,19991.285123316695,89985.48900054445,7.28564182119522,20000.000000000007,90014.51099945554,0.0,106.27140057148159,20000.000000000007,89999.99999999997,0.0,3.0,0.005573438011384064,0.0014490938829598567,0.0,0.3485509061170401,1.0,0.9889150202031061,0.9957379591677651,0.9832416339200928,0.039692543260590456,0.02500556362607943,0.02500556362607943,0.0,0.01468697963451102,0.0,0.0,0.01468697963451102,0.0,0.02500556362607943,0.0,4.501235835788791,8.714876683302087,588.5716529813863,5.08521997798798,8.675184140041496,0.0,0.0,0.0,731.2062421052632,-1745.1962579014162,7.161844450820353e-18,-7.275957614183426e-12,1.7009093426167966e-12,6.938893903907228e-18
inhibition_only_hypothesis,once_through,26.10068291470835,14.336357576384046,19988.447689156314,89976.56869185051,11.764325338324296,26666.666666666675,120023.4313081495,0.0,141.71138426266302,26666.666666666675,119999.99999999996,0.0,4.0,0.00738806648852057,0.0019208972870153483,0.0,0.34807910271298464,1.0,0.9853324983672587,0.9943503020970137,0.9778373626129994,0.05261584467410227,0.02890037651108107,0.02890037651108107,0.0,0.02371546816302118,0.0,0.0,0.02371546816302118,0.0,0.02890037651108107,0.0,4.501428529673297,11.55231084368054,587.4976280878843,5.113324762554465,11.499694999006438,0.0,0.0,0.0,974.9416561403509,-2024.3716556276852,1.7904611127050882e-17,-3.637978807091713e-12,2.5513640139251947e-12,2.0816681711721685e-17
inhibition_only_hypothesis,once_through,32.451926257721475,15.669466898120348,19985.63659269642,89966.57394576805,16.78245935960112,33333.33333333334,150033.426054232,0.0,177.1593926669614,33333.33333333334,149999.99999999994,0.0,5.0,0.009185851177001351,0.0023883213060203515,0.0,0.34761167869397963,1.0,0.9817960286311382,0.9929755255705284,0.9725082659230577,0.06541918910441556,0.031587764930582844,0.031587764930582844,0.0,0.033831424173832704,0.0,0.0,0.033831424173832704,0.0,0.031587764930582844,0.0,4.501561585416076,14.363407303574231,586.4335725344125,5.141344475107615,14.297988114469815,0.0,0.0,0.0,1218.6770701754388,-2303.5550780670715,1.4323688901640707e-17,0.0,6.803637370467186e-12,1.3877787807814457e-17
inhibition_only_hypothesis,once_through,38.7495217470189,16.57833122027284,19982.84924108199,89955.84107185641,22.171190526746052,40000.000000000015,180044.15892814362,0.0,212.61540156308985,40000.000000000015,179999.99999999994,0.0,6.0,0.01096845028924594,0.0028517970752039447,0.0,0.34714820292479603,1.0,0.9783019633916286,0.9916123615435178,0.9672486596866668,0.07811438589938047,0.03341992634032361,0.03341992634032361,0.0,0.04469445955905683,0.0,0.0,0.04469445955905683,0.0,0.03341992634032361,0.0,4.501652391337647,17.150758918007547,585.378504874113,5.1693015543900716,17.072644532108168,0.0,0.0,0.0,1462.4124842105264,-2582.7465009982875,2.148553335246106e-17,0.0,3.401818685233593e-12,2.7755575615628914e-17
inhibition_only_hypothesis,once_through,44.99770660283288,17.18679413915704,19980.08375889522,89944.60829319883,27.81091246367583,46666.666666666686,210055.39170680122,0.0,248.0793930859006,46666.666666666686,209999.99999999994,0.0,7.0,0.012737063213979324,0.0033116364356346245,0.0,0.34668836356436533,1.0,0.974847601429087,0.9902598928363687,0.9620543062895648,0.09070997678651874,0.03464651456924389,0.03464651456924389,0.0,0.05606346221727483,0.0,0.0,0.05606346221727483,0.0,0.03464651456924389,0.0,4.5017132750084246,19.91624110477687,584.3317152242944,5.197211807391537,19.82553112799035,0.0,0.0,0.0,1706.1478982456144,-2861.945906556186,1.4323688901640707e-17,0.0,6.803637370467186e-12,1.3877787807814457e-17
inhibition_only_hypothesis,once_through,51.19958879500702,17.582653639081855,19977.33877053097,89933.04428906665,33.616935155925155,53333.33333333336,240066.9557109334,0.0,283.55135386158497,53333.33333333336,239999.99999999994,0.0,8.0,0.014492569694000718,0.0037680681204401868,0.0,0.3462319318795598,1.0,0.9714309004170355,0.9889174467045877,0.956921975211003,0.10321222706007874,0.035444519817952325,0.035444519817952325,0.0,0.0677677072421264,0.0,0.0,0.0677677072421264,0.0,0.035444519817952325,0.0,4.501752977314924,22.661229469027994,583.2926828912284,5.22508640152975,22.558017241967914,0.0,0.0,0.0,1949.8833122807025,-3141.1532813669583,1.4323688901640707e-17,0.0,6.803637370467186e-12,1.3877787807814457e-17
inhibition_only_hypothesis,once_through,57.35748579507414,17.828158638292543,19974.61325026314,89921.26842645761,39.5293271567816,60000.00000000003,270078.7315735424,0.0,319.0312736971239,60000.00000000003,269999.9999999999,0.0,9.0,0.016235625713439956,0.004221262685494389,0.0,0.3457787373145056,1.0,0.9680502794955166,0.9875845215132518,0.9518491415144376,0.11562580846457404,0.035939428435761166,0.035939428435761166,0.0,0.07968638002881288,0.0,0.0,0.07968638002881288,0.0,0.035939428435761166,0.0,4.501777696510495,25.386749736854217,582.2610196173222,5.252933245329991,25.271123928389642,0.0,0.0,0.0,2193.6187263157904,-3420.368615237586,0.0,0.0,6.803637370467186e-12,0.0
inhibition_only_hypothesis,once_through,63.47315949488855,17.96744552408613,19971.906418268376,89909.36510373978,45.50571397080242,66666.6666666667,300090.6348962603,0.0,354.51914465651265,66666.6666666667,299999.9999999999,0.0,10.0,0.017966729993890172,0.004671349798411445,0.0,0.34532865020158854,1.0,0.9647044827955941,0.9862607358870252,0.9468337776084605,0.12795427276255592,0.03622021408309475,0.03622021408309475,0.0,0.09173405867946118,0.0,0.0,0.09173405867946118,0.0,0.03622021408309475,0.0,4.501791828019951,28.093581731620333,581.2364302240237,5.2807579516535,27.965627458857778,0.0,0.0,0.0,2437.354140350878,-3699.5919002320616,0.0,0.0,1.0205456055700779e-11,0.0
inhibition_only_hypothesis,once_through,69.54797989436238,18.031808411897657,19969.217668176912,89897.3939215407,51.51617148246472,73333.33333333337,330102.60607845936,0.0,390.0149604082304,73333.33333333337,329999.9999999999,0.0,11.0,0.01968627032790351,0.005118430285254913,0.0,0.34488156971474504,1.0,0.9613924846371983,0.9849457932786619,0.9418742087168122,0.14020038170944724,0.03634996194137625,0.03634996194137625,0.0,0.10385041976807097,0.0,0.0,0.10385041976807097,0.0,0.03634996194137625,0.0,4.501798488821214,30.782331823086572,580.2186851883979,5.308564512889556,30.642131441377124,0.0,0.0,0.0,2681.089554385966,-3978.8231300188672,1.4323688901640707e-17,0.0,1.0205456055700779e-11,2.7755575615628914e-17
inhibition_only_hypothesis,once_through,75.58303955290938,18.043435012513534,19966.54651641573,89885.39689561367,57.53960454039584,80000.00000000004,360114.6031043864,0.0,425.51871576360537,80000.00000000004,359999.9999999999,0.0,12.0,0.02139455597564828,0.005562584553668553,0.0,0.34443741544633144,1.0,0.9581134234333751,0.9836394571950925,0.9369690121905654,0.15236633777391895,0.03637339977302578,0.03637339977302578,0.0,0.11599293800089316,0.0,0.0,0.11599293800089316,0.0,0.03637339977302578,0.0,4.50179988921536,33.45348358426916,579.2076014685033,5.336355775854704,33.30111724649524,0.0,0.0,0.0,2924.8249684210537,-4258.06229940933,1.4323688901640707e-17,0.0,1.3607274740934373e-11,0.0
inhibition_only_hypothesis,once_through,81.57923382051315,18.018055266116356,19963.89256669783,89873.40357239207,63.561178554396804,86666.66666666672,390126.59642760805,0.0,461.03040634986814,86666.66666666672,389999.9999999999,0.0,13.0,0.023091840375137243,0.0060038784975356835,0.0,0.3439961215024643,1.0,0.9548665554764675,0.9823415338307774,0.9321169471547086,0.16445394587409604,0.036322237249858634,0.036322237249858634,0.0,0.12813170862423742,0.0,0.0,0.12813170862423742,0.0,0.036322237249858634,0.0,4.501797596442274,36.10743330216788,578.2030290618802,5.364133776628055,35.94297935629378,0.0,0.0,0.0,3168.5603824561413,-4537.3094040306805,-1.4323688901640707e-17,0.0,1.3607274740934373e-11,-2.7755575615628914e-17
inhibition_only_hypothesis,once_through,87.53731719031641,17.96681938126909,19961.255485080255,89861.43465728857,69.57049780904734,93333.33333333339,420138.5653427115,0.0,496.5500283784047,93333.33333333339,419999.9999999999,0.0,14.0,0.024778337093407002,0.006442367644285821,0.0,0.3435576323557142,1.0,0.9516512225489303,0.9810518598697476,0.9273169052261283,0.17646472697761503,0.03621895185431273,0.03621895185431273,0.0,0.14024577512330233,0.0,0.0,0.14024577512330233,0.0,0.03621895185431273,0.0,4.501792721627864,38.74451491974286,577.2048415645203,5.391899977042626,38.56805019276525,0.0,0.0,0.0,3412.2957964912293,-4816.564440094306,-2.864737780328141e-17,0.0,1.3607274740934373e-11,-2.7755575615628914e-17
inhibition_only_hypothesis,once_through,93.45794294133114,17.897629595103368,19958.634982417992,89849.50458823885,75.56031334622779,100000.00000000006,450150.4954117613,0.0,532.077578480386,100000.00000000006,449999.9999999999,0.0,15.0,0.02645423104779446,0.00687810007242656,0.0,0.3431218999275734,1.0,0.9484668291746746,0.9797702939046278,0.9225678759109036,0.1883999980165706,0.03607947354817698,0.03607947354817698,0.0,0.15232052446839367,0.0,0.0,0.15232052446839367,0.0,0.03607947354817698,0.0,4.5017860523722835,41.365017582003794,576.212929529324,5.419655431924959,41.17661758398722,0.0,0.0,0.0,3656.031210526317,-5095.827404231374,-2.864737780328141e-17,0.0,1.3607274740934373e-11,-5.551115123125783e-17
inhibition_only_hypothesis,once_through,99.34169106346363,17.81608461850803,19956.030802004214,89837.62336115795,81.52560644495563,106666.66666666673,480162.37663884216,0.0,567.6130535901245,106666.66666666673,479999.9999999999,0.0,16.0,0.02811968641040211,0.007311118466704548,0.0,0.3426888815332954,1.0,0.9453128266074837,0.9784967103920453,0.9178689222498874,0.20026092818101504,0.03591508866075796,0.03591508866075796,0.0,0.16434583952025714,0.0,0.0,0.16434583952025714,0.0,0.03591508866075796,0.0,4.5017781467913665,43.96919799578496,575.2271957876826,5.447400907467225,43.76893706760394,0.0,0.0,0.0,3899.7666245614055,-5375.098293376202,-5.729475560656283e-17,0.0,1.3607274740934373e-11,-5.551115123125783e-17
inhibition_only_hypothesis,once_through,105.18908795313904,17.726149443612847,19953.442710852854,89825.79782478507,87.46293850952623,113333.3333333334,510174.2021752151,0.0,603.156450862262,113333.3333333334,509999.9999999999,0.0,17.0,0.029774852183146912,0.007741461567618197,0.0,0.3422585384323818,1.0,0.9421887015350219,0.9772309953893583,0.9132191636307085,0.2120485786229739,0.03573379014039026,0.03573379014039026,0.0,0.17631478848258372,0.0,0.0,0.17631478848258372,0.0,0.03573379014039026,0.0,4.501769400221247,46.5572891471408,574.2475521497709,5.475136965064743,46.34524056851782,0.0,0.0,0.0,4143.502038596494,-5654.377104683427,-5.729475560656283e-17,0.0,2.0410912111401557e-11,-8.326672684688674e-17
inhibition_only_hypothesis,once_through,111.00062032289313,17.630630395380308,19950.870493542185,89814.03259915175,93.36998992751285,120000.00000000007,540185.9674008484,0.0,638.7077676129495,120000.00000000007,539999.9999999999,0.0,18.0,0.03141986613501318,0.008169165195103427,0.0,0.34183083480489657,1.0,0.9390939680876107,0.9759730435438135,0.9086177636176046,0.22376393049651377,0.03554123520143925,0.03554123520143925,0.0,0.18822269529507457,0.0,0.0,0.18822269529507457,0.0,0.03554123520143925,0.0,4.5017600925344725,49.12950645781038,573.2739170742041,5.502864020721776,48.90574252731386,0.0,0.0,0.0,4387.237452631581,-5933.663835469201,-5.729475560656283e-17,-1.4551915228366852e-11,1.3607274740934373e-11,-5.551115123125783e-17
inhibition_only_hypothesis,once_through,116.77674503939781,17.5315120660322,19948.313947860413,89802.33072706801,99.24523297336565,126666.66666666674,570197.6692729321,0.0,674.2670012780485,126666.66666666674,569999.9999999999,0.0,19.0,0.033054857586806784,0.008594262972569764,0.0,0.3414057370274302,1.0,0.9360281621654118,0.9747227559630302,0.9040639212984789,0.23540790479002124,0.035341424543672985,0.035341424543672985,0.0,0.20006648024634832,0.0,0.0,0.20006648024634832,0.0,0.035341424543672985,0.0,4.501750421704181,51.686052139583545,572.3062140198244,5.53058238715981,51.45064423479352,0.0,0.0,0.0,4630.972866666669,-6212.958483169388,-8.594213340984425e-17,0.0,1.3607274740934373e-11,-5.551115123125783e-17
inhibition_only_hypothesis,once_through,122.51789609446188,17.430196294699936,19945.77288172029,89790.69413622022,105.08769979976198,133333.3333333334,600209.30586378,0.0,709.834149383409,133333.3333333334,599999.9999999999,0.0,20.0,0.034679949384368566,0.009016786839935828,0.0,0.34098321316006414,1.0,0.9329908373935217,0.973480038706071,0.8995568650997884,0.24698137637890377,0.03513718410655971,0.03513718410655971,0.0,0.21184419227234416,0.0,0.0,0.21184419227234416,0.0,0.03513718410655971,0.0,4.5017405276137845,54.22711827970548,571.3443702778144,5.558292303672594,53.980136903326574,0.0,0.0,0.0,4874.708280701756,-6492.261045309836,-8.594213340984425e-17,0.0,2.0410912111401557e-11,-1.1102230246251565e-16
inhibition_only_hypothesis,once_through,128.2244895560722,17.327671673380745,19943.24711096776,89779.12396691913,110.89681788269151,140000.00000000006,630220.876033081,0.0,745.409209523721,140000.00000000006,629999.9999999999,0.0,21.0,0.03629525930001737,0.009436767418004517,0.0,0.34056323258199545,1.0,0.9299815622211368,0.9722448017117514,0.8950958483347033,0.25848518400629483,0.03493050677293477,0.03493050677293477,0.0,0.22355467723336014,0.0,0.0,0.22355467723336014,0.0,0.03493050677293477,0.0,4.501730508947323,56.75288903223577,570.3883161422234,5.585993957297799,56.494403848229474,0.0,0.0,0.0,5118.443694736844,-6771.571519485236,-1.1458951121312565e-16,0.0,1.3607274740934373e-11,-1.1102230246251565e-16
inhibition_only_hypothesis,once_through,133.89692709556024,17.22463377762422,19940.736457820803,89767.62080454126,116.67229331793604,146666.66666666672,660232.3791954588,0.0,780.9921793474492,146666.66666666672,659999.9999999999,0.0,22.0,0.03790090103095083,0.009854234268047216,0.0,0.34014576573195276,1.0,0.9269999178255142,0.9710169580351553,0.8906801459699721,0.269920137393398,0.03472279473963711,0.03472279473963711,0.0,0.23519734265376088,0.0,0.0,0.23519734265376088,0.0,0.03472279473963711,0.0,4.5017204351715,59.26354217919235,569.4379843190452,5.613687497833332,58.99362204179895,0.0,0.0,0.0,5362.179108771931,-7050.889903344052,-2.864737780328141e-17,0.0,1.3607274740934373e-11,0.0
inhibition_only_hypothesis,once_through,139.53559851057477,17.121570447050512,19938.240749752764,89756.18484435935,122.41402806352431,153333.33333333337,690243.8151556407,0.0,816.5830565460903,153333.33333333337,689999.9999999999,0.0,23.0,0.03949698491339867,0.010269216077483654,0.0,0.3397307839225163,1.0,0.9240454965826779,0.9697964233015186,0.8863090522508155,0.28128702232549746,0.034515031432800186,0.034515031432800186,0.0,0.24677199089269738,0.0,0.0,0.24677199089269738,0.0,0.034515031432800186,0.0,4.501710355035829,61.759250247233595,568.4933095035309,5.641373048489474,61.477963224908095,0.0,0.0,0.0,5605.914522807019,-7330.216194577781,-1.1458951121312565e-16,0.0,6.803637370467186e-12,-1.1102230246251565e-16
inhibition_only_hypothesis,once_through,145.14088353945942,17.018822275698458,19935.759818689283,89744.81600840866,128.122061263761,160000.00000000003,720255.1839915914,0.0,852.1818388464951,160000.00000000003,719999.9999999999,0.0,24.0,0.04108361843620094,0.010681740793412244,0.0,0.33931825920658776,1.0,0.9211179009377727,0.9685831153134935,0.8819818789309148,0.29258660430952543,0.03430790344913501,0.03430790344913501,0.0,0.2582787008603905,0.0,0.0,0.2582787008603905,0.0,0.03430790344913501,0.0,4.5017003026027185,64.24018131071216,567.5542280762165,5.669050713446287,63.94759470640263,0.0,0.0,0.0,5849.649936842105,-7609.550390913271,-5.729475560656283e-17,0.0,1.3607274740934373e-11,-1.1102230246251565e-16
inhibition_only_hypothesis,once_through,150.71315317529803,16.916625518343917,19933.293500426713,89733.51402832745,133.79652765695414,166666.6666666667,750266.4859716727,0.0,887.7885240053697,166666.6666666667,749999.9999999999,0.0,25.0,0.04266090661276205,0.011091835719318132,0.0,0.3389081642806818,1.0,0.9182167425577182,0.9673769537667113,0.8776979539300285,0.30381963122301975,0.034101887049919136,0.034101887049919136,0.0,0.2697177441731007,0.0,0.0,0.2697177441731007,0.0,0.034101887049919136,0.0,4.501690301525261,66.70649957327896,566.6206778827764,5.696720583216272,66.40267994205594,0.0,0.0,0.0,6093.385350877194,-7888.892490107234,-5.729475560656283e-17,0.0,1.3607274740934373e-11,-5.551115123125783e-17
inhibition_only_hypothesis,once_through,156.25277062640083,16.81514252399161,19930.841634206994,89722.2785040591,139.43762810240926,173333.33333333334,780277.721495941,0.0,923.4031098053246,173333.33333333334,779999.9999999999,0.0,26.0,0.04422895225292624,0.011499527585760822,0.0,0.33850047241423914,1.0,0.9153416416837228,0.9661778600418799,0.8734566202946711,0.3149868352503489,0.033897309511264205,0.033897309511264205,0.0,0.28108952573908474,0.0,0.0,0.28108952573908474,0.0,0.033897309511264205,0.0,4.501680368081905,69.15836579299975,565.6925980731058,5.724382738450354,68.8433789577494,0.0,0.0,0.0,6337.120764912281,-8168.242489942277,-5.729475560656283e-17,0.0,1.3607274740934373e-11,-5.551115123125783e-17
inhibition_only_hypothesis,once_through,161.76009202669,16.71448332192023,19928.404062403217,89711.10894543071,145.04560870476976,180000.0,810288.8910545694,0.0,959.0255940520216,180000.0,809999.9999999999,0.0,27.0,0.04578785616405952,0.011904842602655475,0.0,0.3380951573973445,1.0,0.9124922266257114,0.9649857570510134,0.8692572353743674,0.32608893431476377,0.03369439263899255,0.03369439263899255,0.0,0.2923945416757712,0.0,0.0,0.2923945416757712,0.0,0.03369439263899255,0.0,4.501670513329215,71.59593759677587,564.7699289823084,5.75203725263975,71.2698486624611,0.0,0.0,0.0,6580.856178947369,-8447.600388224062,0.0,0.0,1.3607274740934373e-11,0.0
inhibition_only_hypothesis,once_through,167.2354669689289,16.614720931818376,19925.980630283637,89700.00480158458,150.6207460371105,186666.66666666666,840299.9951984156,0.0,994.6559745721017,186666.66666666666,839999.9999999999,0.0,28.0,0.04733771730198571,0.012307806498516285,0.0,0.3376921935014837,1.0,0.9096681333579256,0.963800569122011,0.8650991701520064,0.33712663315332436,0.03349328363203402,0.03349328363203402,0.0,0.3036333495212903,0.0,0.0,0.3036333495212903,0.0,0.03349328363203402,0.0,4.501660744628945,74.01936971635457,563.8526120413604,5.7796841940345995,73.68224308320126,0.0,0.0,0.0,6824.591592982456,-8726.966182779228,5.729475560656283e-17,0.0,2.0410912111401557e-11,5.551115123125783e-17
inhibition_only_hypothesis,once_through,172.67923891223782,16.51590222207562,19923.571185831293,89688.96548179335,156.1633366901622,193333.3333333333,870311.0345182067,0.0,1030.2942492116686,193333.3333333333,869999.9999999999,0.0,29.0,0.048878632886337904,0.012708444550447855,0.0,0.33729155544955214,1.0,0.906869005187023,0.9626222219104476,0.8609818086850693,0.3481006241384019,0.0332940769714378,0.0332940769714378,0.0,0.31480654716696416,0.0,0.0,0.31480654716696416,0.0,0.0332940769714378,0.0,4.501651066731245,76.42881416869771,562.9405897088382,5.807323627006972,76.08071354455932,0.0,0.0,0.0,7068.327007017543,-9006.339871453882,0.0,0.0,1.3607274740934373e-11,0.0
inhibition_only_hypothesis,once_through,178.09174550018315,16.418055610112,19921.175579603223,89677.99037016339,161.6736898900712,199999.99999999997,900322.0096298368,0.0,1065.9404158351665,199999.99999999997,899999.9999999999,0.0,30.0,0.05041069849059692,0.0131067816075552,0.0,0.3368932183924448,1.0,0.9040944924724917,0.9614506423307201,0.8569045476272887,0.3590115879189092,0.033096829943312575,0.033096829943312575,0.0,0.32591475797559666,0.0,0.0,0.32591475797559666,0.0,0.033096829943312575,0.0,4.501641482542946,78.82442039676992,562.0338054176268,5.834955613019752,78.46540880885101,0.0,0.0,0.0,7312.062421052629,-9285.721452112466,-5.729475560656283e-17,0.0,1.3607274740934373e-11,-5.551115123125783e-17
inhibition_only_hypothesis,once_through,183.4733188150463,16.32119652256412,19918.79366461791,89667.07883600352,167.1521222924822,206666.66666666663,930332.9211639967,0.0,1101.5944723245375,206666.66666666663,929999.9999999999,0.0,31.0,0.05193400811406473,0.01350284210965683,0.0,0.3364971578903431,1.0,0.9013442523851534,0.9602857585010093,0.8528667958093025,0.3698601939328755,0.032901573645906554,0.032901573645906554,0.0,0.336958620286969,0.0,0.0,0.336958620286969,0.0,0.032901573645906554,0.0,4.501631993672421,81.20633538207942,561.1322035323212,5.8625802113158825,80.83647518814654,0.0,0.0,0.0,7555.797835087718,-9565.110922636926,-5.729475560656283e-17,0.0,2.0410912111401557e-11,-5.551115123125783e-17
inhibition_only_hypothesis,once_through,188.82428558634786,16.225331266393763,19916.425296263016,89656.23024112,172.59895431995412,213333.33333333328,960343.7697588803,0.0,1137.256416578581,213333.33333333328,959999.9999999999,0.0,32.0,0.05344865424088933,0.013896650102631226,0.0,0.33610334989736873,1.0,0.8986179486937107,0.9591274996981434,0.8488679738631659,0.3806471008278069,0.03270832079329786,0.03270832079329786,0.0,0.34793878003450907,0.0,0.0,0.34793878003450907,0.0,0.03270832079329786,0.0,4.501622600815946,83.57470373697201,560.2357293142912,5.890197479409183,83.19405663614421,0.0,0.0,0.0,7799.5332491228055,-9844.508280926057,-5.729475560656283e-17,0.0,2.0410912111401557e-11,-5.551115123125783e-17
inhibition_only_hypothesis,once_through,194.14496736639367,16.130459772766432,19914.07033221766,89645.44394493169,178.01450759362723,219999.99999999997,990354.5560550685,0.0,1172.9262465124534,219999.99999999997,989999.9999999999,0.0,33.0,0.05495472788975492,0.01428822925133628,0.0,0.3357117707486637,1.0,0.8959152515722467,0.9579757963195992,0.8449075138800013,0.39137295681456563,0.03251707124672439,0.03251707124672439,0.0,0.3588558855678412,0.0,0.0,0.3588558855678412,0.0,0.03251707124672439,0.0,4.501613304031584,85.92966778232882,559.3443288922712,5.917807473434459,85.53829482551426,0.0,0.0,0.0,8043.2686631578945,-10123.913524895019,0.0,0.0,2.0410912111401557e-11,5.551115123125783e-17
inhibition_only_hypothesis,once_through,199.4356806818656,16.036577541325737,19911.728632385326,89634.71930804076,183.39910314053986,226666.66666666663,1020365.2806919594,0.0,1208.6039600572715,226666.66666666663,1019999.9999999999,0.0,34.0,0.05645231865679115,0.014677602850765699,0.0,0.3353223971492343,1.0,0.8932358374236438,0.9568305798506891,0.8409848590932033,0.4020383999729592,0.03232781593400773,0.03232781593400773,0.0,0.36971058403895146,0.0,0.0,0.36971058403895146,0.0,0.03232781593400773,0.0,4.501604102933325,88.27136761466113,558.4579492369637,5.9454102483976685,87.86932921468816,0.0,0.0,0.0,8287.004077192982,-10403.326652474923,0.0,0.0,2.0410912111401557e-11,0.0
inhibition_only_hypothesis,once_through,204.6967371678398,15.943677017277373,19909.400058834563,89624.05569470869,188.75306015056245,233333.33333333328,1050375.9443052914,0.0,1244.289555159786,233333.33333333328,1049999.9999999998,0.0,35.0,0.057941514753508463,0.0150647938359122,0.0,0.3349352061640878,1.0,0.8905793887153522,0.9556917828355523,0.8370994635817831,0.4126440585219049,0.03214053962558911,0.03214053962558911,0.0,0.3805035188963158,0.0,0.0,0.3805035188963158,0.0,0.03214053962558911,0.0,4.501594996828599,90.59994116542774,557.5765381385859,5.973005858355217,90.18729710690583,0.0,0.0,0.0,8530.739491228069,-10682.747661612526,0.0,0.0,1.3607274740934373e-11,0.0
inhibition_only_hypothesis,once_through,209.92844368875348,15.851748566156234,19907.084475745414,89613.45247455643,194.07669512259727,239999.99999999994,1080386.5475254438,0.0,1279.9830297821104,239999.99999999994,1079999.9999999998,0.0,36.0,0.05942240304103888,0.015449824790670108,0.0,0.3345501752093299,1.0,0.8879455938249583,0.9545593388509703,0.8332507919899775,0.42319055106328435,0.03195522289954303,0.03195522289954303,0.0,0.39123532816374135,0.0,0.0,0.39123532816374135,0.0,0.03195522289954303,0.0,4.501585984815633,92.91552425457544,556.7000441866047,6.000594356542947,92.49233370351216,0.0,0.0,0.0,8774.474905263156,-10962.176550269936,-5.729475560656283e-17,0.0,2.7214549481868745e-11,-5.551115123125783e-17
inhibition_only_hypothesis,once_through,215.13110244952654,15.760781163237613,19904.781749360267,89602.90902371652,199.37032128628894,246666.6666666666,1110397.090976284,0.0,1315.6843819014844,246666.6666666666,1109999.9999999998,0.0,37.0,0.0608950690615902,0.015832717956013452,0.0,0.33416728204398655,1.0,0.8853341468937239,0.9534331824823135,0.8294383192603401,0.4336784868059515,0.03177184353134744,0.03177184353134744,0.0,0.4019066432746041,0.0,0.0,0.4019066432746041,0.0,0.03177184353134744,0.0,4.501577065852346,95.21825063972221,555.8284167511185,6.028175795469397,94.78457215291627,0.0,0.0,0.0,9018.210319298245,-11241.6133164244,-5.729475560656283e-17,-2.9103830456733704e-11,4.0821824222803115e-11,-5.551115123125783e-17
inhibition_only_hypothesis,once_through,220.3050110991191,15.67076288056566,19902.491747937995,89592.42472559662,204.6342482185535,253333.33333333326,1140407.5752744037,0.0,1351.393609510066,253333.33333333326,1139999.9999999998,0.0,38.0,0.06235959706775899,0.016213495237617337,0.0,0.33378650476238264,1.0,0.8827447476867789,0.9523132493011255,0.8256615303782815,0.4441084657744922,0.0315903774756747,0.0315903774756747,0.0,0.4125180882988176,0.0,0.0,0.4125180882988176,0.0,0.0315903774756747,0.0,4.501568238805016,97.50825206199222,554.9616059655091,6.055750226983715,97.06414359621773,0.0,0.0,0.0,9261.945733333332,-11521.057958068068,-1.1458951121312565e-16,0.0,2.7214549481868745e-11,-5.551115123125783e-17
inhibition_only_hypothesis,once_through,225.45046282814994,15.581681230460168,19900.214341710765,89581.99897136948,209.8687815976898,259999.9999999999,1170418.0010286306,0.0,1387.110710614744,259999.9999999999,1169999.9999999998,0.0,39.0,0.06381607005016247,0.016592178213042243,0.0,0.3334078217869577,1.0,0.8801771014590032,0.9511994758439933,0.8219199201265781,0.45448107900601087,0.03141079955886004,0.03141079955886004,0.0,0.42307027944715087,0.0,0.0,0.42307027944715087,0.0,0.03141079955886004,0.0,4.501559502482643,99.78565828922243,554.0995627100859,6.083317702325532,99.33117721021641,0.0,0.0,0.0,9505.681147368417,-11800.510473207833,-5.729475560656283e-17,-2.9103830456733704e-11,2.7214549481868745e-11,-5.551115123125783e-17
inhibition_only_hypothesis,once_through,230.5677464617397,15.493523407258644,19897.949402842933,89571.63116026942,215.07422305448108,266666.6666666666,1200428.368839731,0.0,1422.835683236963,266666.6666666666,1199999.9999999998,0.0,40.0,0.06526456976371879,0.016968788138566886,0.0,0.3330312118614331,1.0,0.8776309188258922,0.9500917995924503,0.818212992848733,0.4647969087372918,0.031233083966224554,0.031233083966224554,0.0,0.4335638247710673,0.0,0.0,0.4335638247710673,0.0,0.031233083966224554,0.0,4.501550855661127,102.05059715705542,553.2422385965324,6.110878272162044,101.58580024831812,0.0,0.0,0.0,9749.416561403506,-12079.97085986514,-5.729475560656283e-17,0.0,4.0821824222803115e-11,-5.551115123125783e-17
inhibition_only_hypothesis,once_through,235.65714654841716,15.406276456915874,19895.6968053917,89561.32069975283,220.25087009150133,273333.3333333333,1230438.6793002475,0.0,1458.5685254125608,273333.3333333333,1229999.9999999998,0.0,41.0,0.0667051767528128,0.01734334595573133,0.0,0.33265665404426864,1.0,0.8751059156388734,0.9489901589537314,0.8145402622203539,0.47505652858402314,0.03105720458396757,0.03105720458396757,0.0,0.44399932400005565,0.0,0.0,0.44399932400005565,0.0,0.03105720458396757,0.0,4.501542297100238,104.30319460828997,552.3895859530109,6.138431986615994,103.82813807970595,0.0,0.0,0.0,9993.151975438595,-12359.439116075826,-5.729475560656283e-17,0.0,2.7214549481868745e-11,-5.551115123125783e-17
inhibition_only_hypothesis,once_through,240.7189434456941,15.31992739547448,19893.456425269233,89551.06700556401,225.39901605021964,280000.0,1260448.932994436,0.0,1494.3092351916134,280000.0,1259999.9999999998,0.0,42.0,0.06813797037551893,0.01771587229763492,0.0,0.33228412770236504,1.0,0.8726018128646745,0.9478944932422502,0.8109012510279033,0.48526050371330576,0.030883135237989093,0.030883135237989093,0.0,0.45437736847531673,0.0,0.0,0.45437736847531673,0.0,0.030883135237989093,0.0,4.501533825555508,106.54357473075675,551.5415578098256,6.165978895287151,106.05831422704344,0.0,0.0,0.0,10236.887389473684,-12638.915239889968,-5.729475560656283e-17,0.0,1.3607274740934373e-11,-5.551115123125783e-17
inhibition_only_hypothesis,once_through,245.75341340275293,15.234463291313533,19891.228140206073,89540.86950173415,230.5189501114394,286666.6666666667,1290459.1304982658,0.0,1530.057810638286,286666.6666666667,1289999.9999999998,0.0,43.0,0.0695630288270068,0.01808638749502177,0.0,0.3319136125049782,1.0,0.87011833646843,0.9468047426617007,0.8072954909543019,0.49540939101034154,0.030710849859693124,0.030710849859693124,0.0,0.46469854115064846,0.0,0.0,0.46469854115064846,0.0,0.030710849859693124,0.0,4.50152543978647,108.77185979391653,550.6981078855698,6.193519047269189,108.27645040290619,0.0,0.0,0.0,10480.622803508772,-12918.399229371727,-5.729475560656283e-17,0.0,1.3607274740934373e-11,-5.551115123125783e-17
inhibition_only_hypothesis,once_through,250.76082864057489,15.149871321749057,19889.011829715662,89530.7276205345,235.61095731882585,293333.3333333334,1320469.2723794656,0.0,1565.8142498306895,293333.3333333334,1319999.9999999998,0.0,44.0,0.07098042916222223,0.018454911582177783,0.0,0.3315450884178222,1.0,0.8676552173002777,0.9457208482877124,0.8037225223709795,0.5055037392399621,0.030540322600087485,0.030540322600087485,0.0,0.4749634166398746,0.0,0.0,0.4749634166398746,0.0,0.030540322600087485,0.0,4.501517138562356,110.98817028432534,549.8591905737013,6.221052491163259,110.48266654508538,0.0,0.0,0.0,10724.358217543857,-13197.891082599217,-5.729475560656283e-17,0.0,2.7214549481868745e-11,0.0
inhibition_only_hypothesis,once_through,255.74145742975443,15.066138811486974,19886.807375059914,89520.64080239792,240.67531861826748,300000.00000000006,1350479.3591976021,0.0,1601.578550860741,300000.00000000006,1349999.9999999998,0.0,45.0,0.07239024731791356,0.018821464302657527,0.0,0.33117853569734246,1.0,0.8652121909852468,0.9446427520510073,0.8001818941360287,0.5155440892034934,0.03037152790730036,0.03037152790730036,0.0,0.485172561296193,0.0,0.0,0.485172561296193,0.0,0.03037152790730036,0.0,4.501508920665965,113.19262494007545,549.024760929506,6.248579275089188,112.67708085087196,0.0,0.0,0.0,10968.09363157895,-13477.39079766436,-5.729475560656283e-17,0.0,1.3607274740934373e-11,0.0
inhibition_only_hypothesis,once_through,260.695564166187,14.983253258248245,19884.614659215695,89510.6084958192,245.71231090793876,306666.66666666674,1380489.3915041809,0.0,1637.350711834026,306666.66666666674,1379999.9999999998,0.0,46.0,0.07379255813405569,0.01918606511485448,0.0,0.3308139348851455,1.0,0.8627889978162672,0.9435703967210162,0.7966731633981674,0.5255309738913331,0.03020444057823747,0.03020444057823747,0.0,0.49532653331309556,0.0,0.0,0.49532653331309556,0.0,0.03020444057823747,0.0,4.501500784896264,115.38534078429537,548.1947746574178,6.2760994466950075,114.85980981040403,0.0,0.0,0.0,11211.829045614038,-13756.898372672735,0.0,0.0,1.3607274740934373e-11,0.0
inhibition_only_hypothesis,once_through,265.6234094447765,14.901202349339036,19882.433566842217,89500.63015724136,250.72220709543745,313333.33333333343,1410499.3698427586,0.0,1673.1307308696653,313333.33333333343,1409999.9999999998,0.0,47.0,0.07518743537471383,0.019548733197425595,0.0,0.33045126680257436,1.0,0.8603853826501598,0.9425037258899247,0.7931958954062636,0.535464918631536,0.030039035791985573,0.030039035791985573,0.0,0.5054258828395504,0.0,0.0,0.5054258828395504,0.0,0.030039035791985573,0.0,4.50149273007007,117.56643315777302,547.3691880986694,6.303613053165223,117.03096823914149,0.0,0.0,0.0,11455.564459649126,-14036.413805743461,0.0,0.0,1.3607274740934373e-11,1.1102230246251565e-16
inhibition_only_hypothesis,once_through,270.52525013127814,14.819973971841174,19880.263984249235,89490.7052509326,255.70527615943698,320000.0000000001,1440509.2947490672,0.0,1708.918606100183,320000.0000000001,1439999.9999999998,0.0,48.0,0.07657495174837933,0.019909487454578628,0.0,0.3300905125454213,1.0,0.8580010948064815,0.9414426839571216,0.7897496633241924,0.5453464412346409,0.029875289130355184,0.029875289130355184,0.0,0.5154711521042857,0.0,0.0,0.5154711521042857,0.0,0.029875289130355184,0.0,4.501484755023093,119.73601575075402,546.5479582192563,6.33112014122822,119.19066930951938,0.0,0.0,0.0,11699.299873684211,-14315.937095009065,0.0,0.0,0.0,0.0
inhibition_only_hypothesis,once_through,275.40133943237146,14.73955621831964,19878.105799366032,89480.83324885843,260.6617832140518,326666.6666666668,1470519.1667511414,0.0,1744.7143356713777,326666.6666666668,1469999.9999999998,0.0,49.0,0.0779551789278046,0.020268346521229195,0.0,0.32973165347877076,1.0,0.8556358879691138,0.9403872161140318,0.786334048050826,0.5551760521349289,0.029713176589386193,0.029713176589386193,0.0,0.5254628755455427,0.0,0.0,0.5254628755455427,0.0,0.029713176589386193,0.0,4.501476858610554,121.89420063395612,545.7310425981976,6.358620757163013,121.33902458182119,0.0,0.0,0.0,11943.035287719304,-14595.468238615353,0.0,0.0,0.0,0.0
inhibition_only_hypothesis,once_through,280.25192696404224,14.659937389391226,19875.958901711154,89471.01363055024,265.59198957465105,333333.3333333335,1500528.9863694496,0.0,1780.5179177421942,333333.3333333335,1499999.9999999998,0.0,50.0,0.07932818756935926,0.02062532876803341,0.0,0.32937467123196656,1.0,0.8532895200904961,0.9393372683293135,0.7829486380449682,0.5649542545282734,0.029552674584525984,0.029552674584525984,0.0,0.5354015799437475,0.0,0.0,0.5354015799437475,0.0,0.029552674584525984,0.0,4.501469039707439,124.04109828883567,544.9183994160791,6.386114946805525,123.4761440343074,0.0,0.0,0.0,12186.770701754393,-14875.007234721257,-1.1458951121312565e-16,0.0,1.3607274740934373e-11,-1.1102230246251565e-16
inhibition_only_hypothesis,once_through,285.07725881834176,14.5811059941071,19873.823182362852,89461.24588297341,270.4961528242347,340000.0000000002,1530538.7541170262,0.0,1816.329350484598,340000.0000000002,1529999.9999999998,0.0,51.0,0.08069404733192707,0.02098045230630104,0.0,0.32901954769369895,1.0,0.8509617532984085,0.9382927873344088,0.7795930291550687,0.5746815445067187,0.029393759951400616,0.029393759951400616,0.0,0.5452877845553181,0.0,0.0,0.5452877845553181,0.0,0.029393759951400616,0.0,4.501461297208599,126.1768176371355,544.109987443869,6.413602755554464,125.60213609262878,0.0,0.0,0.0,12430.50611578948,-15154.554081498749,0.0,0.0,-1.3607274740934373e-11,0.0
inhibition_only_hypothesis,once_through,289.87757762858206,14.503050748823597,19871.698533930245,89451.52950039507,275.37452687975855,346666.66666666686,1560548.4704996047,0.0,1852.1486320834517,346666.66666666686,1559999.9999999998,0.0,52.0,0.0820528268953601,0.02133373499279363,0.0,0.32866626500720636,1.0,0.848652353805221,0.9372537206094306,0.7762668244535423,0.584358411189906,0.02923640994353851,0.02923640994353851,0.0,0.5551220012463676,0.0,0.0,0.5551220012463676,0.0,0.02923640994353851,0.0,4.501453630028639,128.3014660697408,543.3057660319954,6.4410842283769885,127.71710765855089,0.0,0.0,0.0,12674.241529824565,-15434.108777132687,-1.1458951121312565e-16,0.0,0.0,-1.1102230246251565e-16
inhibition_only_hypothesis,once_through,294.6531226330208,14.425760575038517,19869.584850525123,89441.86398425292,280.22736205798236,353333.33333333355,1590558.1360157467,0.0,1887.9757607363922,353333.33333333355,1589999.9999999998,0.0,53.0,0.0834045939785054,0.021685194434411404,0.0,0.32831480556558856,1.0,0.8463610918195246,0.9362200163693782,0.7729696340755579,0.593985336853454,0.029080602228008644,0.029080602228008644,0.0,0.5649047346254454,0.0,0.0,0.5649047346254454,0.0,0.029080602228008644,0.0,4.501446037101732,130.4151494748663,542.5056950996768,6.468559409814086,129.82116413801285,0.0,0.0,0.0,12917.976943859652,-15713.671319820714,-1.1458951121312565e-16,0.0,0.0,-1.1102230246251565e-16
inhibition_only_hypothesis,once_through,299.4041297370837,14.349224596530588,19867.48202773439,89432.24884302555,285.05490514055316,360000.00000000023,1620567.7511569744,0.0,1923.8107346537092,360000.00000000023,1619999.9999999998,0.0,54.0,0.08474941535681768,0.022034847992772597,0.0,0.32796515200722737,1.0,0.8440877414600721,0.9351916235506688,0.7697010750621341,0.6035627970543922,0.02892631487965408,0.02892631487965408,0.0,0.5746364821747383,0.0,0.0,0.5746364821747383,0.0,0.02892631487965408,0.0,4.501438517381362,132.51797226559643,541.7097351244977,6.496028343985845,131.91440946854203,0.0,0.0,0.0,13161.712357894745,-15993.241707773124,-1.1458951121312565e-16,0.0,1.3607274740934373e-11,-2.220446049250313e-16
inhibition_only_hypothesis,once_through,304.13083157416963,14.273432136040281,19865.389962593188,89422.68359210498,289.8573994381294,366666.6666666669,1650577.316407895,0.0,1959.6535520582272,366666.6666666669,1649999.9999999998,0.0,55.0,0.08608735687957089,0.022382712788688433,0.0,0.32761728721131156,1.0,0.8418320806719523,0.9341684917979752,0.7664607712074214,0.613091260753737,0.02877352637440088,0.02877352637440088,0.0,0.5843177343793362,0.0,0.0,0.5843177343793362,0.0,0.02877352637440088,0.0,4.501431069840017,134.61003740679783,540.9178471322215,6.5234910745965475,133.99694614604408,0.0,0.0,0.0,13405.447771929832,-16272.81993921273,-1.1458951121312565e-16,0.0,1.3607274740934373e-11,-1.1102230246251565e-16
inhibition_only_hypothesis,once_through,308.83345756508,14.198372711659864,19863.308553558563,89413.16775367076,294.63508485342015,373333.3333333336,1680586.8322463292,0.0,1995.5042111851863,373333.3333333336,1679999.9999999998,0.0,56.0,0.08741848348668016,0.02272880570653684,0.0,0.32727119429346313,1.0,0.8395938911449299,0.9331505714513622,0.763248352910024,0.6225711904362934,0.028622215581980887,0.028622215581980887,0.0,0.5939489748543125,0.0,0.0,0.5939489748543125,0.0,0.028622215581980887,0.0,4.501423693468839,136.69144644142327,540.1299926868343,6.550947644939665,136.06887525098696,0.0,0.0,0.0,13649.18318596492,-16552.406012374777,-1.1458951121312565e-16,0.0,1.3607274740934373e-11,0.0
inhibition_only_hypothesis,once_through,313.5122339761112,14.12403603305096,19861.237700483765,89403.70085656703,299.3881979430603,380000.0000000003,1710596.2991434329,0.0,2031.3627102821258,380000.0000000003,1709999.9999999998,0.0,57.0,0.08874285922514563,0.023073143398537867,0.0,0.3269268566014621,1.0,0.8373729582338857,0.9321378135337121,0.760063457028248,0.6320030422277629,0.028472361758306766,0.028472361758306766,0.0,0.6035306804694563,0.0,0.0,0.6035306804694563,0.0,0.028472361758306766,0.0,4.501416387277284,138.7622995162236,539.3461338808122,6.57839809790273,138.13029647399586,0.0,0.0,0.0,13892.918600000008,-16831.999925506807,-1.1458951121312565e-16,0.0,1.3607274740934373e-11,-2.220446049250313e-16
inhibition_only_hypothesis,once_through,318.1673839758483,14.050411997572128,19859.177304593104,89394.28243618156,304.11697197827624,386666.666666667,1740605.7175638182,0.0,2067.22904760877,386666.666666667,1739999.9999999998,0.0,58.0,0.09006054726512841,0.023415742288933387,0.0,0.3265842577110666,1.0,0.8351690708812898,0.9311301697384312,0.7569057267391445,0.641387266009233,0.0283239445376657,0.0283239445376657,0.0,0.6130633214715675,0.0,0.0,0.6130633214715675,0.0,0.0283239445376657,0.0,4.501409150292752,140.82269540688503,538.5662333256063,6.605842475972137,140.18130814087579,0.0,0.0,0.0,14136.654014035097,-17111.60167686854,-2.291790224262513e-16,0.0,0.0,-2.220446049250313e-16
inhibition_only_hypothesis,once_through,322.79912769069506,13.977490686374434,19857.12726845738,89384.91203432725,308.8216370043207,393333.33333333366,1770615.0879656726,0.0,2103.103221436914,393333.33333333366,1769999.9999999998,0.0,59.0,0.09137160991566894,0.023756618578073926,0.0,0.32624338142192605,1.0,0.8329820215416511,0.9301275924174296,0.7537748114012347,0.6507243055291183,0.028176943924848492,0.028176943924848492,0.0,0.6225473616042699,0.0,0.0,0.6225473616042699,0.0,0.028176943924848492,0.0,4.501401981560206,142.87273154260703,537.7902541423393,6.633280821237866,142.22200723707792,0.0,0.0,0.0,14380.389428070186,-17391.211264731774,-1.1458951121312565e-16,0.0,0.0,-1.1102230246251565e-16
inhibition_only_hypothesis,once_through,327.40768225917475,13.905262360504771,19855.087495969856,89375.58919912642,313.5024198986701,400000.00000000035,1800624.4108008733,0.0,2138.985230050309,400000.00000000035,1799999.9999999998,0.0,60.0,0.09267610864005733,0.02409578824641491,0.0,0.3259042117535851,1.0,0.8308116061078809,0.9291300345693679,0.7506703664208083,0.6600145985126251,0.028031340287294357,0.028031340287294357,0.0,0.6319832582253311,0.0,0.0,0.6319832582253311,0.0,0.028031340287294357,0.0,4.501394880141812,144.91250403013606,537.0181599527092,6.6607131753981035,144.25248943162345,0.0,0.0,0.0,14624.124842105273,-17670.828687380254,-2.291790224262513e-16,0.0,0.0,-3.3306690738754696e-16
inhibition_only_hypothesis,once_through,331.9932618850346,13.833717457044516,19853.057892322722,89366.3134848973,318.15954442799017,406666.66666666704,1830633.6865151024,0.0,2174.875071744555,406666.66666666704,1829999.9999999998,0.0,61.0,0.09397410407086526,0.024433267058424968,0.0,0.325566732941575,1.0,0.8286576238395135,0.9281374498281618,0.7475920531216789,0.6692585767688035,0.027887114347306896,0.027887114347306896,0.0,0.6413714624214968,0.0,0.0,0.6413714624214968,0.0,0.027887114347306896,0.0,4.5013878451165805,146.94210767727012,536.2499148700906,6.688139579763824,146.2728491005013,0.0,0.0,0.0,14867.86025614036,-17950.453943109587,-2.291790224262513e-16,0.0,0.0,-2.220446049250313e-16
inhibition_only_hypothesis,once_through,336.55607788918536,13.762846585301935,19851.038363984146,89357.08445204291,322.79323130388354,413333.3333333337,1860642.9155479567,0.0,2210.772744826988,413333.3333333337,1859999.9999999998,0.0,62.0,0.09526565602464786,0.024769070566408445,0.0,0.32523092943359155,1.0,0.8265198772927319,0.9271497924517399,0.7445395386182998,0.6784566662952509,0.027744247174378463,0.027744247174378463,0.0,0.6507124191208727,0.0,0.0,0.6507124191208727,0.0,0.027744247174378463,0.0,4.501380875579989,148.96163601584726,535.4854834908353,6.715560075263284,148.283179349552,0.0,0.0,0.0,15111.595670175448,-18230.087030227107,-2.291790224262513e-16,0.0,-1.3607274740934373e-11,-3.3306690738754696e-16
inhibition_only_hypothesis,once_through,341.096338760507,13.692640523070773,19849.02881867576,89347.90166694253,327.40369823743634,420000.0000000004,1890652.098333057,0.0,2246.678247616573,420000.0000000004,1889999.9999999998,0.0,63.0,0.09655082351632487,0.025103214114244467,0.0,0.3248967858857555,1.0,0.8243981722521425,0.9261670173110457,0.7415124956921335,0.6876092873805308,0.027602720177647908,0.027602720177647908,0.0,0.6600065672028831,0.0,0.0,0.6600065672028831,0.0,0.027602720177647908,0.0,4.501373970643639,150.9711813242327,534.7248308857585,6.742974702446466,150.28357203685218,0.0,0.0,0.0,15355.33108421054,-18509.727947051786,-2.291790224262513e-16,0.0,-1.3607274740934373e-11,-1.1102230246251565e-16
inhibition_only_hypothesis,once_through,345.6142502055498,13.623090212962815,19847.029165350676,89338.76470184528,331.9911599925871,426666.6666666671,1920661.2352981542,0.0,2282.5915784437952,426666.6666666671,1919999.9999999998,0.0,64.0,0.09782966477324902,0.025435712841044747,0.0,0.32456428715895524,1.0,0.8222923176642487,0.9251890798792802,0.7385106026711846,0.6967168547043637,0.027462515098507476,0.027462515098507476,0.0,0.6692543396058565,0.0,0.0,0.6692543396058565,0.0,0.027462515098507476,0.0,4.5013671294348985,152.97083464931657,533.9679225918131,6.770383501489424,152.2741177946122,0.0,0.0,0.0,15599.066498245626,-18789.376691914094,-2.291790224262513e-16,0.0,-1.3607274740934373e-11,-2.220446049250313e-16
inhibition_only_hypothesis,once_through,350.11001519715944,13.55418675881926,19845.039314171954,89329.67313476629,336.5558284383402,433333.3333333338,1950670.3268652332,0.0,2318.5127356505564,433333.3333333338,1949999.9999999998,0.0,65.0,0.09910223724896985,0.025766581684732164,0.0,0.3242334183152678,1.0,0.820202125572575,0.924215936221376,0.7355335433125888,0.7057797774356497,0.027323614003368565,0.027323614003368565,0.0,0.6784561634322812,0.0,0.0,0.6784561634322812,0.0,0.027323614003368565,0.0,4.50136035109657,154.96068582803588,533.2147246039439,6.797786512198653,154.25490605060023,0.0,0.0,0.0,15842.801912280716,-19069.033263155943,0.0,0.0,-1.3607274740934373e-11,-1.1102230246251565e-16
inhibition_only_hypothesis,once_through,354.583834022054,13.4859214222034,19843.05917649156,89320.62654938476,341.09791259985064,440000.00000000047,1980679.3734506147,0.0,2354.441717590066,440000.00000000047,1979999.9999999998,0.0,66.0,0.10036859763670093,0.026095835385542242,0.0,0.32390416461445776,1.0,0.8181274110543922,0.9232475429836994,0.7325810066881879,0.7147984593283782,0.027185999276591388,0.027185999276591388,0.0,0.6876124600517869,0.0,0.0,0.6876124600517869,0.0,0.027185999276591388,0.0,4.501353634786544,156.94082350843223,532.4652033671151,6.82518377401528,156.22602504910384,0.0,0.0,0.0,16086.5373263158,-19348.69765913054,0.0,0.0,-1.3607274740934373e-11,-1.1102230246251565e-16
inhibition_only_hypothesis,once_through,359.03590432738014,13.41828561897586,19841.088664829735,89311.62453494463,345.61761870840434,446666.66666666715,2010688.3754650548,0.0,2390.3785226267432,446666.66666666715,2009999.9999999998,0.0,67.0,0.10162880188249797,0.026423488489449472,0.0,0.3235765115105505,1.0,0.8160679921589984,0.9222838573839721,0.7296526870729797,0.723773298815479,0.027049653613581054,0.027049653613581054,0.0,0.6967236452018981,0.0,0.0,0.6967236452018981,0.0,0.027049653613581054,0.0,4.501346979677491,158.91133517025793,531.7193257685122,6.852575326019324,158.18756187144245,0.0,0.0,0.0,16330.272740350892,-19628.36987820231,-1.1458951121312565e-16,0.0,-1.3607274740934373e-11,-1.1102230246251565e-16
inhibition_only_hypothesis,once_through,363.4664211662732,13.351270915952288,19839.12769285485,89302.66668615688,350.11515025032105,453333.33333333384,2040697.3333138428,0.0,2426.323149136108,453333.33333333384,2039999.9999999998,0.0,68.0,0.10288290519815513,0.026749555351520335,0.0,0.32325044464847963,1.0,0.8140236898475114,0.9213248372014108,0.7267482838363822,0.7327046891006668,0.026914560014049897,0.026914560014049897,0.0,0.7057901290866171,0.0,0.0,0.7057901290866171,0.0,0.026914560014049897,0.0,4.501340384956523,160.87230714514104,530.9770591299083,6.879961206933767,160.13960245604036,0.0,0.0,0.0,16574.00815438598,-19908.04991874676,-2.291790224262513e-16,0.0,-1.3607274740934373e-11,-2.220446049250313e-16
inhibition_only_hypothesis,once_through,367.87557704244847,13.284869027642888,19837.17617536367,89293.75260310457,354.59070801480567,460000.0000000005,2070706.247396895,0.0,2462.2755955046846,460000.0000000005,2069999.9999999998,0.0,69.0,0.10413096207382704,0.02707405013919503,0.0,0.322925949860805,1.0,0.8119943279341283,0.9203704407670735,0.7238675013362055,0.741593018248331,0.026780701775444744,0.026780701775444744,0.0,0.7148123164728863,0.0,0.0,0.7148123164728863,0.0,0.026780701775444744,0.0,4.501333849824902,162.82382463632183,530.2383712001933,6.907341455128698,162.0822316180735,0.0,0.0,0.0,16817.743568421065,-20187.737779150422,-2.291790224262513e-16,0.0,-1.3607274740934373e-11,-1.1102230246251565e-16
inhibition_only_hypothesis,once_through,372.2635619538458,13.219071813072608,19835.234028262024,89284.88189114933,359.0444901407733,466666.6666666672,2100715.11810885,0.0,2498.2358601298997,466666.6666666672,2099999.9999999995,0.0,70.0,0.10537302629038282,0.027396986835499536,0.0,0.32260301316450046,1.0,0.8099797330288121,0.9194206269544132,0.7210100488152722,0.7504386692715186,0.026648062486536808,0.026648062486536808,0.0,0.723790606784982,0.0,0.0,0.723790606784982,0.0,0.026648062486536808,0.0,4.5013273734977215,164.76597173797012,529.5032301480624,6.934716108625325,164.0155330686986,0.0,0.0,0.0,17061.478982456156,-20467.433457810726,-2.291790224262513e-16,0.0,-2.7214549481868745e-11,-2.220446049250313e-16
inhibition_only_hypothesis,once_through,376.630563435354,13.153871272680465,19833.3011685459,89276.05416084017,363.47669216267366,473333.3333333339,2130723.945839159,0.0,2534.203941419984,473333.3333333339,2129999.9999999995,0.0,71.0,0.10660915093149975,0.027718379242189936,0.0,0.32228162075781003,1.0,0.807979734481363,0.9184753551700295,0.7181756403006025,0.7592420202180614,0.026516626021171094,0.026516626021171094,0.0,0.7327253941968905,0.0,0.0,0.7327253941968905,0.0,0.026516626021171094,0.0,4.5013209552036235,166.6988314540953,528.771604554858,6.962085205099938,165.93958943387725,0.0,0.0,0.0,17305.214396491243,-20747.136953135898,-2.291790224262513e-16,0.0,0.0,-2.220446049250313e-16
inhibition_only_hypothesis,once_through,380.97676660063576,13.089259545296333,19831.377514282936,89267.26902782424,367.88750705533954,480000.0000000006,2160732.7309721755,0.0,2570.1798377938726,480000.0000000006,2159999.9999999995,0.0,72.0,0.1078393883955021,0.028038240982830545,0.0,0.32196175901716945,1.0,0.8059941643268368,0.9175345853446161,0.7153639945050876,0.7680034442548895,0.02638637653217197,0.02638637653217197,0.0,0.7416170677227178,0.0,0.0,0.7416170677227178,0.0,0.02638637653217197,0.0,4.501314594184506,168.62248571705825,528.0434634075624,6.989448781887835,167.85448227280335,0.0,0.0,0.0,17548.949810526334,-21026.848263544878,-2.291790224262513e-16,0.0,0.0,-3.3306690738754696e-16
inhibition_only_hypothesis,once_through,385.3023541830768,13.025228905193392,19829.462984594298,89258.52611275918,372.27712527788356,486666.66666666727,2190741.47388724,0.0,2606.1635476811107,486666.66666666727,2189999.9999999995,0.0,73.0,0.10906379040695231,0.0283565855058076,0.0,0.32164341449419237,1.0,0.8040228572322724,0.9165982779240953,0.7125748347315793,0.7767233097505808,0.026257298445401252,0.026257298445401252,0.0,0.7504660113051799,0.0,0.0,0.7504660113051799,0.0,0.026257298445401252,0.0,4.501308289695237,170.53701540569577,527.3187760919382,7.016806875987216,169.76029209594518,0.0,0.0,0.0,17792.68522456142,-21306.567387467203,-3.43768533639377e-16,0.0,-2.7214549481868745e-11,-3.3306690738754696e-16
inhibition_only_hypothesis,once_through,389.607506575881,12.961771759214283,19827.55749963693,89249.82504122776,376.6457348166669,493333.33333333395,2220750.1749587716,0.0,2642.155069521756,493333.33333333395,2219999.9999999995,0.0,74.0,0.11028240802800036,0.028673426087280095,0.0,0.3213265739127199,1.0,0.8020656504446906,0.915666393860941,0.709807888779337,0.7854019803561869,0.026129376453964886,0.026129376453964886,0.0,0.7592726039022224,0.0,0.0,0.7592726039022224,0.0,0.026129376453964886,0.0,4.501302041003389,172.44250036306687,526.5975123858098,7.044159524062976,171.65709838271067,0.0,0.0,0.0,18036.420638596508,-21586.294323342936,-3.43768533639377e-16,0.0,0.0,-3.3306690738754696e-16
inhibition_only_hypothesis,once_through,393.8924018713323,12.89888064396904,19825.660980586166,89241.16544365398,380.99352122736343,500000.00000000064,2250758.8345563454,0.0,2678.154401766285,500000.00000000064,2249999.9999999995,0.0,75.0,0.11149529166949709,0.028988775834069246,0.0,0.32101122416593075,1.0,0.8001223837403303,0.9147388946056787,0.7070628888527493,0.7940398150843813,0.026002595512564307,0.026002595512564307,0.0,0.7680372195718174,0.0,0.0,0.7680372195718174,0.0,0.026002595512564307,0.0,4.501295847388967,174.33901941383021,525.8796424524863,7.071506762450496,173.54497959874584,0.0,0.0,0.0,18280.1560526316,-21866.029069622557,-3.43768533639377e-16,0.0,0.0,-4.440892098500626e-16
inhibition_only_hypothesis,once_through,398.1572158992437,12.836548223102982,19823.773349618736,89232.54695522109,385.32066767614094,506666.6666666673,2280767.453044778,0.0,2714.1615428754994,506666.6666666673,2279999.9999999995,0.0,76.0,0.11270249110187779,0.029302647686488225,0.0,0.32069735231351176,1.0,0.7981928993750866,0.9138157420985641,0.7043395714722813,0.8026371683869673,0.025876940831988837,0.025876940831988837,0.0,0.776760227554979,0.0,0.0,0.776760227554979,0.0,0.025876940831988837,0.0,4.501289708144149,176.226650381262,525.1651368343202,7.098848627159337,175.42401321287502,0.0,0.0,0.0,18523.891466666682,-22145.771624766854,-4.583580448525026e-16,0.0,-2.7214549481868745e-11,-5.551115123125783e-16
inhibition_only_hypothesis,once_through,402.40212226461415,12.774767284632523,19821.894529896075,89223.96921579125,389.6273549799818,513333.333333334,2310776.030784208,0.0,2750.1764913204343,513333.333333334,2309999.9999999995,0.0,77.0,0.11390405546582123,0.02961505442111352,0.0,0.32038494557888647,1.0,0.7962770420361186,0.9128968987614309,0.7016376773875709,0.8111943902307903,0.025752397873745007,0.025752397873745007,0.0,0.7854419923570457,0.0,0.0,0.7854419923570457,0.0,0.025752397873745007,0.0,4.501283622573036,178.10547010392312,524.4539664463978,7.126185153876932,177.29427571369234,0.0,0.0,0.0,18767.626880701773,-22425.52198724688,-3.43768533639377e-16,-5.820766091346741e-11,-2.7214549481868745e-11,-4.440892098500626e-16
inhibition_only_hypothesis,once_through,406.62729238451203,12.713530738347062,19820.024445548013,89215.431869827,393.91376164616514,520000.0000000007,2340784.5681301723,0.0,2786.1992455822647,520000.0000000007,2339999.9999999995,0.0,78.0,0.11510003328268997,0.029926008653499394,0.0,0.3200739913465006,1.0,0.7943746587945933,0.9119823274897078,0.6989569514926228,0.81971182617209,0.025628952344819073,0.025628952344819073,0.0,0.7940828738272713,0.0,0.0,0.7940828738272713,0.0,0.025628952344819073,0.0,4.501277589991401,179.9755544519838,523.7461025703607,7.153516377972203,179.15584262581172,0.0,0.0,0.0,19011.362294736864,-22705.2801555438,-3.43768533639377e-16,0.0,0.0,-3.3306690738754696e-16
inhibition_only_hypothesis,once_through,410.8634760468849,12.680958927330824,19818.14948654336,89206.92968019565,398.1825171195541,526666.6666666673,2370793.070319804,0.0,2822.229132676709,526666.6666666673,2369999.999999999,0.0,79.0,0.11629912859592251,0.030237773434939854,0.004744179359979763,0.319833953275371,1.0189767174399191,0.7924718794597106,0.911276333162856,0.6968934482945596,0.8282514640933942,0.02556329148242766,0.02556329148242766,0.0,0.8026881726109667,0.0,0.0,0.8026881726109667,0.0,0.02556329148242766,0.0,4.501274437392234,181.8505134566417,523.036393540485,7.174697957393659,181.0222619925483,0.0,0.0,0.0,19255.097708771948,-22985.045456673328,-1.1458951121312565e-16,0.0,2.7214549481868745e-11,-1.1102230246251565e-16
inhibition_only_hypothesis,once_through,415.18249647418065,12.728026963979127,19816.237863514976,89198.42112318227,402.4544695102016,533333.333333334,2400801.578876817,0.0,2858.2646216185585,533333.333333334,2399999.999999999,0.0,80.0,0.11752167170663008,0.030555634643723822,0.011051174990336431,0.31961320318897046,1.0442046999613457,0.7905365843322815,0.9106270682028543,0.6950002495678251,0.8369580909923712,0.02565817499614624,0.02565817499614624,0.0,0.8112999159962251,0.0,0.0,0.8112999159962251,0.0,0.02565817499614624,0.0,4.501279291131822,183.7621364850265,522.3128064531982,7.1942420209333315,182.92517839403413,0.0,0.0,0.0,19498.83312280703,-23264.816359650264,-1.1458951121312565e-16,0.0,2.7214549481868745e-11,-1.1102230246251565e-16
inhibition_only_hypothesis,once_through,419.58705104362184,12.83391946807906,19814.28838258835,89189.85936782556,406.7531315755428,540000.0000000006,2430810.1406321744,0.0,2894.3057393315853,540000.0000000006,2429999.999999999,0.0,81.0,0.11876842613515161,0.03087979079513942,0.017441913535446805,0.31938951052538134,1.0697676541417873,0.788567829930776,0.9099691486040629,0.6930861980639982,0.8458371444578163,0.025871641577311214,0.025871641577311214,0.0,0.8199655028805052,0.0,0.0,0.8199655028805052,0.0,0.025871641577311214,0.0,4.501290061277216,185.71161741165255,521.5748894034068,7.21410989566165,184.86578026719474,0.0,0.0,0.0,19742.56853684212,-23544.592891398377,0.0,0.0,5.442909896373749e-11,-1.1102230246251565e-16
inhibition_only_hypothesis,once_through,424.07686506578847,12.981585080834995,19812.301165342586,89181.21099960335,411.0952799849535,546666.6666666672,2460818.7890003966,0.0,2930.352578131415,546666.6666666672,2459999.999999999,0.0,82.0,0.12003931412782425,0.031210221673234305,0.023913855312675602,0.3191629566894508,1.0956554212507024,0.7865660123215545,0.9093028137925024,0.6911521529807818,0.8548880707488216,0.026169317732753647,0.026169317732753647,0.0,0.828718753016068,0.0,0.0,0.828718753016068,0.0,0.026169317732753647,0.0,4.501305035459835,187.6988346574188,520.8226884112031,7.234297076897089,186.84394658666997,0.0,0.0,0.0,19986.303950877213,-23824.3751442333,0.0,0.0,5.442909896373749e-11,-1.1102230246251565e-16
inhibition_only_hypothesis,once_through,428.6516719971809,13.158846628494787,19810.27632975135,89172.45229580827,415.49282536868617,553333.3333333338,2490827.547704192,0.0,2966.405228920173,553333.3333333338,2489999.999999999,0.0,83.0,0.12133426023677168,0.03154690766156064,0.03046446613818986,0.3189336221885494,1.1218578645527595,0.7845315268136741,0.9086283005545572,0.6891989609207498,0.864110332545677,0.02652665574145007,0.02652665574145007,0.0,0.837583676804227,0.0,0.0,0.837583676804227,0.0,0.02652665574145007,0.0,4.501322990729203,189.7236702486549,520.0562481319523,7.2547990979559005,188.85955991610925,0.0,0.0,0.0,20230.039364912296,-24104.16320905714,-1.1458951121312565e-16,0.0,5.442909896373749e-11,0.0
inhibition_only_hypothesis,once_through,433.31119194887845,13.35699169187341,19808.213999695075,89163.56646115376,419.9542002570051,560000.0000000005,2520836.433538846,0.0,3002.4637812216806,560000.0000000005,2519999.999999999,0.0,84.0,0.12265318523655895,0.031889828161505325,0.037091187974751035,0.3187015876439051,1.148364751899004,0.7824647774118704,0.9079458460114856,0.6872274643771905,0.873503365625905,0.02692609241181377,0.02692609241181377,0.0,0.8465772732140914,0.0,0.0,0.8465772732140914,0.0,0.02692609241181377,0.0,4.501343052055391,191.78600030493124,519.2756154568445,7.275611437519191,190.91249693930533,0.0,0.0,0.0,20473.77477894738,-24383.957175393734,-1.1458951121312565e-16,0.0,5.442909896373749e-11,-1.1102230246251565e-16
inhibition_only_hypothesis,once_through,438.0551160269532,13.56977035418759,19806.114311891968,89154.54166275241,424.4853456727656,566666.6666666671,2550845.4583372474,0.0,3038.5283231833505,566666.6666666671,2549999.999999999,0.0,85.0,0.12399600169158587,0.03223896043981233,0.04379141902854209,0.3184669344730199,1.1751656761141684,0.7803661835424393,0.9072556896265291,0.685238507321466,0.8830665472964144,0.027355028661599674,0.027355028661599674,0.0,0.8557115186348146,0.0,0.0,0.8557115186348146,0.0,0.027355028661599674,0.0,4.501364591701984,193.88568810803685,518.4808421364243,7.296729454893798,193.00262156074044,0.0,0.0,0.0,20717.51019298247,-24663.757131390492,0.0,0.0,5.442909896373749e-11,1.1102230246251565e-16
inhibition_only_hypothesis,once_through,442.88309499613047,13.79268266204462,19803.977420915555,89145.3696335126,429.09041233408584,573333.3333333337,2580854.6303664874,0.0,3074.5989415548265,573333.3333333337,2579999.999999999,0.0,86.0,0.1253626107472194,0.03259427879427705,0.05056250082723105,0.3182297453299722,1.2022500033089243,0.7782361847577978,0.9065580744999183,0.6832329386684856,0.8927991735407994,0.027804393124762506,0.027804393124762506,0.0,0.864994780416037,0.0,0.0,0.864994780416037,0.0,0.027804393124762506,0.0,4.5013871576809406,196.02257908445102,517.6719866798232,7.318148345927555,195.12977991091023,0.0,0.0,0.0,20961.24560701755,-24943.56316379705,0.0,0.0,5.442909896373749e-11,0.0
inhibition_only_hypothesis,once_through,447.7947311557339,14.022472185007155,19801.80350279042,89136.04467962903,433.7722589707267,580000.0000000003,2610863.955320371,0.0,3110.675721650723,580000.0000000003,2609999.999999999,0.0,87.0,0.12675289983019677,0.03295575395585116,0.057401710463517455,0.31799010436748915,1.2296068418540698,0.77607524393923,0.905853248139674,0.6812116141913674,0.9027004426422208,0.028267621228312223,0.028267621228312223,0.0,0.8744328214139084,0.0,0.0,0.8744328214139084,0.0,0.028267621228312223,0.0,4.501410422897501,198.1964972095904,516.849115715824,7.339863114247182,197.2937967669482,0.0,0.0,0.0,21204.98102105264,-25223.37535792804,2.291790224262513e-16,0.0,5.442909896373749e-11,1.1102230246251565e-16
inhibition_only_hypothesis,once_through,452.7895726117781,14.256766166031866,19799.592757527404,89126.56297526954,438.5328064457462,586666.666666667,2640873.4370247303,0.0,3146.758747302871,586666.666666667,2639999.999999999,0.0,88.0,0.12816674102728198,0.03332335266709332,0.06430625666962388,0.3177480973677579,1.2572250266784954,0.7738838493794595,0.9051414628463468,0.6791753973049102,0.9127694436366312,0.028739929778780315,0.028739929778780315,0.0,0.8840295138578508,0.0,0.0,0.8840295138578508,0.0,0.028739929778780315,0.0,4.501434149012253,200.4072424726045,516.0123049524857,7.361868553897708,199.4944730289679,0.0,0.0,0.0,21448.71643508773,-25503.193797615273,1.1458951121312565e-16,0.0,5.442909896373749e-11,0.0
inhibition_only_hypothesis,once_through,457.8671093465464,14.493819919077515,19797.345410863258,89116.92206131355,443.37328942746876,593333.3333333336,2670883.077938686,0.0,3182.848100806036,593333.3333333336,2669999.999999999,0.0,89.0,0.1296039899727199,0.03369703739290718,0.07127327874154123,0.3175038117765272,1.2850931149661649,0.7716625160251807,0.9044229758133153,0.677125159026382,0.9230051483895159,0.029217801698469978,0.029217801698469978,0.0,0.8937873466910456,0.0,0.0,0.8937873466910456,0.0,0.029217801698469978,0.0,4.501458160770032,202.65458913674848,515.1616398356264,7.384159240500456,201.73158398835898,0.0,0.0,0.0,21692.451849122812,-25783.01856515352,2.291790224262513e-16,0.0,2.7214549481868745e-11,2.220446049250313e-16
inhibition_only_hypothesis,once_through,463.02677064676107,14.732335348415297,19795.06171539893,89107.12048901485,448.2944352983457,600000.0000000002,2700892.8795109848,0.0,3218.9438628600406,600000.0000000002,2699999.999999999,0.0,90.0,0.13106448512025304,0.03407676613126579,0.07829984759025371,0.3172573366659576,1.3131993903610149,0.7694117860852637,0.9036980490175225,0.6750617773409239,0.9334064064113926,0.02969862018216343,0.02969862018216343,0.0,0.9037077862292291,0.0,0.0,0.9037077862292291,0.0,0.02969862018216343,0.0,4.501482327771519,204.93828460107673,514.2972159796948,7.406729528807063,204.00487819466534,0.0,0.0,0.0,21936.1872631579,-26062.84974124261,1.1458951121312565e-16,0.0,2.7214549481868745e-11,1.1102230246251565e-16
inhibition_only_hypothesis,once_through,468.26792356845056,14.971332160152679,19792.741951279022,89097.1575665477,453.2965914082978,606666.6666666669,2730902.842433452,0.0,3255.0461125104734,606666.6666666669,2729999.999999999,0.0,91.0,0.13254804730858663,0.034462492300232524,0.08538296838564109,0.317008762645048,1.3415318735425643,0.7671322291559435,0.9029669489560236,0.6729861361395852,0.943971941763168,0.03018040907500858,0.03018040907500858,0.0,0.9137915326881593,0.0,0.0,0.9137915326881593,0.0,0.03018040907500858,0.0,4.501506551536189,207.25804872098416,513.4191394249596,7.429573555082777,206.31407677922098,0.0,0.0,0.0,22179.922677192986,-26342.687404928132,2.291790224262513e-16,0.0,5.442909896373749e-11,1.1102230246251565e-16
inhibition_only_hypothesis,once_through,473.5898722020592,15.210056524524388,19790.386426517067,89087.03317855095,458.3798156775348,613333.3333333335,2760912.966821449,0.0,3291.1549270895994,613333.3333333335,2759999.999999999,0.0,92.0,0.13405447955337033,0.03485416468387629,0.09251958439588853,0.3167581817316327,1.3700783375835541,0.764824441974657,0.902229946269508,0.6708991238548434,0.954700351574687,0.03066164874665822,0.03066164874665822,0.0,0.9240387028280288,0.0,0.0,0.9240387028280288,0.0,0.03066164874665822,0.0,4.501530756326392,209.6135734829398,512.5275267606279,7.452685243157072,208.6588731313651,0.0,0.0,0.0,22423.658091228077,-26622.53163354235,1.1458951121312565e-16,0.0,5.442909896373749e-11,0.0
inhibition_only_hypothesis,once_through,478.99185756359486,15.44791635018085,19787.9954770437,89076.74765742895,463.543941213414,620000.0000000001,2790923.2523425706,0.0,3327.2703821586847,620000.0000000001,2789999.999999999,0.0,93.0,0.13558356701638646,0.035251727424260484,0.0997065817248804,0.31650568719642463,1.3988263268995216,0.7624890478853512,0.9014873152836019,0.668801631886977,0.9655901058252996,0.031141145612002572,0.031141145612002572,0.0,0.9344489602132969,0.0,0.0,0.9344489602132969,0.0,0.031141145612002572,0.0,4.501554882644277,212.004522956308,511.62250514308306,7.476058313274221,211.0389328504827,0.0,0.0,0.0,22667.39350526316,-26902.382502646517,1.1458951121312565e-16,0.0,2.7214549481868745e-11,1.1102230246251565e-16
inhibition_only_hypothesis,once_through,484.47305798285186,15.68443546363397,19785.56946653483,89066.30169131634,468.7886225192179,626666.6666666667,2820933.6983086835,0.0,3363.392551452656,626666.6666666667,2819999.999999999,0.0,94.0,0.1371350771154405,0.03565512005001453,0.10694079472237726,0.3162513733870206,1.427763178889509,0.7601266960771526,0.900739333491237,0.6666945528917352,0.9766395481264714,0.03161793976243044,0.03161793976243044,0.0,0.9450216083640409,0.0,0.0,0.9450216083640409,0.0,0.03161793976243044,0.0,4.501578882627687,214.4305334651781,510.7042122308428,7.499686293090131,213.4538939170516,0.0,0.0,0.0,22911.128919298248,-27182.240085975576,0.0,0.0,5.442909896373749e-11,0.0
inhibition_only_hypothesis,once_through,490.03258989255994,15.919221214640645,19783.10878606236,89055.69625798515,474.11336867791925,633333.3333333334,2850944.303742015,0.0,3399.521506827776,633333.3333333334,2849999.999999999,0.0,95.0,0.1387087597477378,0.03606427753441183,0.11421901189427718,0.3159953355379189,1.4568760475771088,0.7577380606431257,0.8999862809938792,0.6645787789829573,0.9878468973126137,0.03209123966216978,0.03209123966216978,0.0,0.9557556576504438,0.0,0.0,0.9557556576504438,0.0,0.03209123966216978,0.0,4.501602716794788,216.89121393764634,509.7727960523499,7.523562530317,215.90336704033373,0.0,0.0,0.0,23154.864333333335,-27462.104455385783,1.1458951121312565e-16,0.0,5.442909896373749e-11,1.1102230246251565e-16
inhibition_only_hypothesis,once_through,495.6695089460467,16.151941612494188,19780.613853599505,89044.93257708046,479.5175673335525,640000.0,2880955.0674229194,0.0,3435.6573182128604,640000.0,2879999.999999999,0.0,96.0,0.14030434760624935,0.03647913037762483,0.12153798217840546,0.3157376695712349,1.4861519287136218,0.7553238394948778,0.8992284399153968,0.6624551998914765,0.9992102496941565,0.03256037605779478,0.03256037605779478,0.0,0.9666498736363618,0.0,0.0,0.9666498736363618,0.0,0.03256037605779478,0.0,4.501626351746249,219.38614640049957,508.82841481872396,7.547680206629974,218.3869361508054,0.0,0.0,0.0,23398.59974736842,-27741.97568080595,0.0,0.0,5.442909896373749e-11,-1.1102230246251565e-16
inhibition_only_hypothesis,once_through,501.38281140813604,16.382309224645013,19778.08511340517,89034.01207528052,485.0005021834911,646666.6666666666,2910965.987924719,0.0,3471.8000535644237,646666.6666666666,2909999.999999999,0.0,97.0,0.14192155657342,0.03689960470908921,0.1288944214790739,0.31547847189180306,1.5155776859162957,0.7528847531608376,0.8984660937994208,0.660324701112569,1.0107275818614332,0.03302476951977738,0.03302476951977738,0.0,0.977702812341656,0.0,0.0,0.977702812341656,0.0,0.03302476951977738,0.0,4.501649758546905,221.9148865948348,507.8712366907379,7.572032352531401,220.90415901297337,0.0,0.0,0.0,23642.335161403505,-28021.853830192602,-2.291790224262513e-16,0.0,2.7214549481868745e-11,-2.220446049250313e-16
inhibition_only_hypothesis,once_through,507.17143577634005,16.61006986993955,19775.5230353064,89022.93636054794,490.56136590640057,653333.3333333333,2940977.0636394517,0.0,3507.9497788260496,653333.3333333333,2939999.999999999,0.0,98.0,0.14356008618006344,0.03732562240681649,0.13628501937398593,0.315217839179613,1.5451400774959438,0.7504215434903122,0.8976995269988618,0.6581881620673927,1.0223967539528083,0.03348390764941374,0.03348390764941374,0.0,0.9889128463033947,0.0,0.0,0.9889128463033947,0.0,0.03348390764941374,0.0,4.501672911589245,224.47696469360795,506.9014395072108,7.5966118629281025,223.45456793965513,0.0,0.0,0.0,23886.070575438596,-28301.738969489317,-1.1458951121312565e-16,0.0,2.7214549481868745e-11,-2.220446049250313e-16
inhibition_only_hypothesis,once_through,513.0342645982626,16.834994708086956,19772.92811389398,89011.70720275422,496.19926989017563,659999.9999999999,2970988.2927972456,0.0,3544.1065578921975,659999.9999999999,2969999.999999999,0.0,99.0,0.14521962011979683,0.03775710123114718,0.14370644592208814,0.3149558681819771,1.5748257836883526,0.7479349722812844,0.8969290240646387,0.6560464542987756,1.0342155133183455,0.03393732913213833,0.03393732913213833,0.0,1.0002781841862072,0.0,0.0,1.0002781841862072,0.0,0.03393732913213833,0.0,4.501695787798255,227.07188610602705,505.91921048053,7.621411513220234,226.0376705927087,0.0,0.0,0.0,24129.80598947368,-28581.63116259055,-1.1458951121312565e-16,0.0,5.442909896373749e-11,0.0
inhibition_only_hypothesis,once_through,518.9701264574877,17.05687473163927,19770.30086764349,89000.3265187539,501.9132517258484,666666.6666666665,3000999.6734812455,0.0,3580.2704525765917,666666.6666666665,2999999.999999999,0.0,100.0,0.1468998268111672,0.03819395497090347,0.15115535851217887,0.314692655507409,1.6046214340487155,0.7454258198469115,0.8961548691394383,0.6539004397177524,1.0461814985231201,0.034384612634016966,0.034384612634016966,0.0,1.011796885889103,0.0,0.0,1.011796885889103,0.0,0.034384612634016966,0.0,4.501718366077766,229.69913235651782,504.92474586394474,7.646423975732736,228.6529508579947,0.0,0.0,0.0,24373.541403508763,-28861.530471310027,1.1458951121312565e-16,0.0,2.7214549481868745e-11,0.0
inhibition_only_hypothesis,once_through,524.9777981047762,17.27551695439258,19767.641837972005,88988.79636054834,507.7022811503836,673333.3333333331,3031011.2036394514,0.0,3616.441522585292,673333.3333333331,3029999.999999999,0.0,101.0,0.14860036000090818,0.03863609360023613,0.15862840870061476,0.3144282974228706,1.6345136348024591,0.742894883533499,0.8953773453613841,0.6517509689142048,1.058292243643456,0.03482536911802091,0.03482536911802091,0.0,1.0234668745254352,0.0,0.0,1.0234668745254352,0.0,0.03482536911802091,0.0,4.501740626927397,232.35816202800328,503.9182505945163,7.671641836344074,231.29986978435983,0.0,0.0,0.0,24617.276817543854,-29141.43695535382,0.0,0.0,2.7214549481868745e-11,0.0
inhibition_only_hypothesis,once_through,531.056006714657,17.490741794531925,19764.951588239324,88977.11890557891,513.5652649201251,679999.9999999998,3061022.8810944203,0.0,3652.619825494496,679999.9999999998,3059999.999999999,0.0,102.0,0.15032085940269171,0.039083423444699845,0.16612224899308828,0.3141628896557915,1.664488995972353,0.7403429762011048,0.8945967342817397,0.649598879542477,1.0705451828159427,0.03525923656876102,0.03525923656876102,0.0,1.0352859462471817,0.0,0.0,1.0352859462471817,0.0,0.03525923656876102,0.0,4.501762552179621,235.048411760684,502.8999379150599,7.697057611185508,233.97786657786804,0.0,0.0,0.0,24861.012231578938,-29421.350672298107,0.0,0.0,0.0,0.0
inhibition_only_hypothesis,once_through,537.2034322498507,17.70238129611972,19762.23070270146,88965.29644847554,519.501050953731,686666.6666666664,3091034.703551524,0.0,3688.805416733086,686666.6666666664,3089999.999999999,0.0,103.0,0.15206095136640224,0.03953584735526459,0.1736335395307603,0.31389652720205663,1.6945341581230413,0.7377709246767268,0.8938133153001666,0.6474449947908283,1.082937655003829,0.035685876407221824,0.035685876407221824,0.0,1.0472517785966071,0.0,0.0,1.0472517785966071,0.0,0.035685876407221824,0.0,4.501784124821199,237.76929729854544,501.8700289780212,7.722663763298321,236.6863596435416,0.0,0.0,0.0,25104.74764561402,-29701.271677571778,0.0,0.0,2.7214549481868745e-11,0.0
inhibition_only_hypothesis,once_through,543.4187099176733,17.910277935779508,19759.47978542343,88953.33139378742,525.5084319818938,693333.333333333,3121046.668606212,0.0,3724.9983495699053,693333.333333333,3119999.999999999,0.0,104.0,0.15382024957344698,0.039993264889096214,0.18115895464543136,0.313629304140987,1.7246358185817254,0.7351795681890902,0.89302736512055,0.6452901219418801,1.0954669089488391,0.03610497108517919,0.03610497108517919,0.0,1.0593619378636598,0.0,0.0,1.0593619378636598,0.0,0.03610497108517919,0.0,4.501805328873501,240.52021457657614,500.82875243394255,7.748452719148147,239.4247476676273,0.0,0.0,0.0,25348.483059649112,-29981.20002444369,0.0,0.0,2.7214549481868745e-11,0.0
inhibition_only_hypothesis,once_through,549.700432703828,18.114283834818043,19756.699459157768,88941.22624936719,531.5861488690099,699999.9999999997,3151058.773750632,0.0,3761.198675105707,699999.9999999997,3149999.999999999,0.0,105.0,0.155598355753972,0.04045557249603272,0.18869518925220305,0.3133613134581898,1.7547807570088123,0.7325697567933238,0.89223915722997,0.6431350510297542,1.1081301082789927,0.036516222496932996,0.036516222496932996,0.0,1.0716138857820596,0.0,0.0,1.0716138857820596,0.0,0.036516222496932996,0.0,4.501826149313645,243.3005408422386,499.7763440069641,7.7744168849050626,242.1924107339596,0.0,0.0,0.0,25592.2184736842,-30261.13576401458,2.291790224262513e-16,0.0,0.0,0.0
inhibition_only_hypothesis,once_through,556.0471539699631,18.31426024920562,19753.890364194842,88928.98362018148,537.7328937207574,706666.6666666663,3181071.016379818,0.0,3797.406442269708,706666.6666666663,3179999.999999999,0.0,106.0,0.15739486042212725,0.04092266370975309,0.19623896505142038,0.31309264687702154,1.7849558602056814,0.7299423497931968,0.8914489614030046,0.6409805535982904,1.1209243367449693,0.03691935095116863,0.03691935095116863,0.0,1.0840049857938003,0.0,0.0,1.0840049857938003,0.0,0.03691935095116863,0.0,4.501846572023646,246.10963580516284,498.71304605964207,7.800548662406933,244.98871146841788,0.0,0.0,0.0,25835.953887719286,-30541.078945213667,2.291790224262513e-16,0.0,2.7214549481868745e-11,2.220446049250313e-16
inhibition_only_hypothesis,once_through,562.4573901021273,18.5100772469406,19751.05315719064,88916.60620239329,543.9473128551866,713333.3333333329,3211083.3937976058,0.0,3833.6216978206417,713333.3333333329,3209999.999999999,0.0,107.0,0.15920934362573944,0.04139442934269225,0.20378703651474317,0.3128233946992908,1.8151481460589727,0.7272982141680722,0.8906570432332084,0.6388273815636015,1.1338466035590764,0.03731409452056261,0.03731409452056261,0.0,1.0965325090385136,0.0,0.0,1.0965325090385136,0.0,0.03731409452056261,0.0,4.501866583758446,248.94684280936818,497.63910714924003,7.82684046473077,247.8129962058091,0.0,0.0,0.0,26079.68930175437,-30821.029614799685,2.291790224262513e-16,0.0,0.0,2.220446049250313e-16
inhibition_only_hypothesis,once_through,568.9296231978977,18.70161350872392,19748.188509977408,88904.09677761303,550.2280096891737,719999.9999999995,3241095.903222386,0.0,3869.844486352196,719999.9999999995,3239999.999999999,0.0,108.0,0.16104137570693103,0.04187075768380207,0.21133619663304365,0.3125536456557172,1.8453447865321746,0.7246382230112542,0.889863663693286,0.636676266183147,1.146893848812178,0.03770020863996637,0.03770020863996637,0.0,1.1091936401722116,0.0,0.0,1.1091936401722116,0.0,0.03770020863996637,0.0,4.501886172126414,251.81149002260116,496.55478157754015,7.853284731304393,250.664596173789,0.0,0.0,0.0,26323.424715789464,-31100.98781736633,2.291790224262513e-16,0.0,-2.7214549481868745e-11,2.220446049250313e-16
inhibition_only_hypothesis,once_through,575.4623037805071,18.888756206664493,19745.297108362385,88891.45820725107,556.5735475738425,726666.6666666662,3271108.541792748,0.0,3906.0748503026925,726666.6666666662,3269999.999999999,0.0,109.0,0.16289051807038188,0.04235153469829929,0.21888328240654073,0.3122834867665598,1.875533129626163,0.7219632539859724,0.8890690787251759,0.6345279171325694,1.1600629489450487,0.038077465861890814,0.038077465861890814,0.0,1.1219854830831575,0.0,0.0,1.1219854830831575,0.0,0.038077465861890814,0.0,4.501905325577725,254.70289163762374,495.4603289361327,7.879873942497269,253.5428286886787,0.0,0.0,0.0,26567.160129824544,-31380.953595351908,2.291790224262513e-16,0.0,0.0,4.440892098500626e-16
inhibition_only_hypothesis,once_through,582.0538535288188,19.07140092912785,19742.37965091949,88878.69342693068,562.9824525996906,733333.3333333328,3301121.3065730683,0.0,3942.3128299688524,733333.3333333328,3299999.999999999,0.0,110.0,0.16475632395607673,0.042836644228579954,0.22642518006019938,0.3120130032127355,1.9057007202407976,0.7192741878048153,0.8882735388609868,0.6323830216906493,1.173350722251675,0.03844565570501025,0.03844565570501025,0.0,1.1349050665466642,0.0,0.0,1.1349050665466642,0.0,0.03844565570501025,0.0,4.501924033397423,257.6203490805157,494.3560136490493,7.906600633636101,256.44699835826407,0.0,0.0,0.0,26810.89554385963,-31660.926989053158,4.583580448525026e-16,0.0,0.0,4.440892098500626e-16
inhibition_only_hypothesis,once_through,588.7026680124973,19.24945162939204,19739.436847778732,88865.80544093819,569.453216383105,739999.9999999994,3331134.194559061,0.0,3978.55846352348,739999.9999999994,3329999.999999999,0.0,111.0,0.16663833921352328,0.043325968195516054,0.23395882996994338,0.3117422782176529,1.9358353198797735,0.7165719067380164,0.8874772888754497,0.6302422440319241,1.186753934393033,0.03880458455065883,0.03880458455065883,0.0,1.1479493498423736,0.0,0.0,1.1479493498423736,0.0,0.03880458455065883,0.0,4.501942285700932,260.5631522212771,493.24210451452626,7.933457408397289,259.37639828688407,0.0,0.0,0.0,27054.63095789472,-31940.90803664287,4.583580448525026e-16,0.0,0.0,4.440892098500626e-16
inhibition_only_hypothesis,once_through,595.4071194222231,19.42282058259688,19736.469419417772,88852.79731669926,575.984298839626,746666.666666666,3361147.2026833,0.0,4014.811787036877,746666.666666666,3359999.999999999,0.0,112.0,0.16853610307456757,0.04381938679938757,0.24148123128769425,0.31147139293990633,1.965924925150777,0.7138572931555757,0.8866805674703128,0.6281062246257931,1.200269303900871,0.039154075556045394,0.039154075556045394,0.0,1.1611152283448252,0.0,0.0,1.1611152283448252,0.0,0.039154075556045394,0.0,4.5019600734304195,263.53058058223615,492.11887424759783,7.960436951534512,262.3303112783353,0.0,0.0,0.0,27298.366371929806,-32220.896774191355,4.583580448525026e-16,0.0,0.0,4.440892098500626e-16
inhibition_only_hypothesis,once_through,602.1655592853065,19.591428340352213,19733.478095460014,88839.67217927976,582.574130944954,753333.3333333327,3391160.327820719,0.0,4051.072834501796,753333.3333333327,3389999.999999999,0.0,113.0,0.1704491489220764,0.044316778719739866,0.24898944625561828,0.3112004263768905,1.995957785022473,0.7111312281077913,0.8858836069908544,0.6259755797402354,1.2138935076520636,0.03949396856274921,0.03949396856274921,0.0,1.1743995390893138,0.0,0.0,1.1743995390893138,0.0,0.03949396856274921,0.0,4.501977388350951,266.521904539996,490.98659902513623,7.987532040906257,265.3080110323439,0.0,0.0,0.0,27542.101785964893,-32500.89323569136,4.583580448525026e-16,0.0,0.0,6.661338147750939e-16
inhibition_only_hypothesis,once_through,608.9763211575774,19.75520367586764,19730.463613483127,88826.43320591505,589.2211174817096,759999.9999999993,3421173.566794084,0.0,4087.341637861725,759999.9999999993,3419999.999999999,0.0,114.0,0.17237700505190445,0.04481802131349516,0.2564806042022739,0.31092945527932264,2.0259224168090957,0.7083945899483582,0.8850866331744784,0.6238509010476776,1.2276231862951372,0.039824119986108054,0.039824119986108054,0.0,1.1877990663090288,0.0,0.0,1.1877990663090288,0.0,0.039824119986108054,0.0,4.501994223045732,269.5363865168804,489.8455580348652,8.014735558773966,268.30876333058524,0.0,0.0,0.0,27785.83719999998,-32780.89745308638,4.583580448525026e-16,0.0,0.0,4.440892098500626e-16
inhibition_only_hypothesis,once_through,615.8377232829687,19.91408351497696,19727.42671784193,88813.08362057531,595.9236397679914,766666.6666666659,3451186.916379424,0.0,4123.618227042292,766666.6666666659,3449999.999999999,0.0,115.0,0.1743191954257165,0.04532299081068629,0.2639519052155656,0.3106585540765878,2.0558076208622627,0.7056482530037735,0.8842898649311407,0.6217327553299936,1.241454949611671,0.040144402676171746,0.040144402676171746,0.0,1.2013105469354983,0.0,0.0,1.2013105469354983,0.0,0.040144402676171746,0.0,4.5020105709099285,272.57328215807996,488.69603302978777,8.042040502347634,271.33182720846827,0.0,0.0,0.0,28029.572614035063,-33060.909456302026,6.87537067278754e-16,0.0,0.0,8.881784197001252e-16
inhibition_only_hypothesis,once_through,622.7480712127563,20.06801285023587,19724.368158509064,88799.62668857774,602.6800583625201,773333.3333333326,3481200.3733114214,0.0,4159.902629985579,773333.3333333326,3479999.999999999,0.0,116.0,0.17627524041239043,0.045831562507221514,0.27140062348953414,0.3103877948127582,2.0856024939581363,0.7028930862923782,0.8834935141551712,0.6196216842791417,1.255385381796371,0.040454705744533484,0.040454705744533484,0.0,1.2149306760518368,0.0,0.0,1.2149306760518368,0.0,0.040454705744533484,0.0,4.502026426142818,275.6318414909434,487.5383078893708,8.069439993561431,274.376456109147,0.0,0.0,0.0,28273.30802807015,-33340.9292732804,6.87537067278754e-16,0.0,0.0,6.661338147750939e-16
inhibition_only_hypothesis,once_through,629.7056603769926,20.216944636572684,19721.288689936897,88786.06571125712,609.4887157404196,779999.9999999992,3511213.934288742,0.0,4196.194872687109,779999.9999999992,3509999.999999999,0.0,117.0,0.17824465751588778,0.04634361095413082,0.27882411034403365,0.3101172470930769,2.1152964413761346,0.700129952295948,0.8826977855678734,0.6175182043895185,1.2694110466407718,0.04075493435397414,0.04075493435397414,0.0,1.228656112286797,0.0,0.0,1.228656112286797,0.0,0.04075493435397414,0.0,4.50204178373808,278.7113100631081,486.3726681887405,8.096927288067603,277.44189901646735,0.0,0.0,0.0,28517.043442105238,-33620.95693001702,6.87537067278754e-16,0.0,0.0,6.661338147750939e-16
inhibition_only_hypothesis,once_through,636.7087786012411,20.360839667909335,19718.189069943586,88772.40402070736,616.3479389333314,786666.6666666658,3541227.595979292,0.0,4232.494979235297,786666.6666666658,3539999.999999999,0.0,118.0,0.1802269620876414,0.04685901014278677,0.2862197969182557,0.30984697804064265,2.144879187673023,0.6973597057863423,0.8819028765901255,0.6154228069377565,1.2835284926066697,0.04104500946974507,0.04104500946974507,0.0,1.242483483136924,0.0,0.0,1.242483483136924,0.0,0.04104500946974507,0.0,4.502056639472183,281.8109300564215,485.199400777041,8.124495783442255,280.52740156381486,0.0,0.0,0.0,28760.77885614032,-33900.99245060029,6.87537067278754e-16,0.0,0.0,6.661338147750939e-16
inhibition_only_hypothesis,once_through,643.7557085623076,20.49966643484542,19715.070058626145,88758.64497460698,623.2560421274618,793333.3333333324,3571241.355025392,0.0,4268.80297185313,793333.3333333324,3569999.999999999,0.0,119.0,0.18222166802167536,0.04737763368563559,0.2935851965408477,0.3095770522629832,2.1743407861633908,0.6945831927093202,0.8811089772440683,0.613335958045387,1.2977342577765847,0.04132486757267618,0.04132486757267618,0.0,1.2564093902039075,0.0,0.0,1.2564093902039075,0.0,0.04132486757267618,0.0,4.502070989890877,284.9299413738614,484.01879336601377,8.152139026601795,283.6322071160848,0.0,0.0,0.0,29004.51427017541,-34181.03585725321,9.167160897050052e-16,0.0,0.0,8.881784197001252e-16
inhibition_only_hypothesis,once_through,650.8447301772509,20.633400963982922,19711.932417303084,88744.79195114084,630.2113292132676,799999.9999999991,3601255.208048858,0.0,4305.11887094185,799999.9999999991,3599999.999999999,0.0,120.0,0.1842282884308389,0.04789935499201812,0.3009179067810403,0.3093075318281619,2.2036716271241614,0.6918012491272387,0.8803162700828292,0.6112580988195567,1.3120248746697165,0.04159446033527389,0.04159446033527389,0.0,1.2704304143344418,0.0,0.0,1.2704304143344418,0.0,0.04159446033527389,0.0,4.502084832293808,288.067582696926,482.8311341297543,8.179850720433562,286.7555578222563,0.0,0.0,0.0,29248.2496842105,-34461.087170377024,6.87537067278754e-16,0.0,0.0,8.881784197001252e-16
inhibition_only_hypothesis,once_through,657.9741229205429,20.76202663981448,19708.776907488787,88730.84834403016,637.212096280728,806666.6666666657,3631269.1516559687,0.0,4341.44269512643,806666.6666666657,3629999.999999999,0.0,121.0,0.18624633630270265,0.04842404743870269,0.3082156111867267,0.3090384762500247,2.2328624447469068,0.6890147002219742,0.8795249301471314,0.6091896455667934,1.326396874913064,0.041853754262669206,0.041853754262669206,0.0,1.2845431206503939,0.0,0.0,1.2845431206503939,0.0,0.041853754262669206,0.0,4.502098164717411,291.223092511222,481.63671131650676,8.207624729648797,289.8966956363089,0.0,0.0,0.0,29491.985098245586,-34741.14640859669,6.87537067278754e-16,0.0,0.0,8.881784197001252e-16
inhibition_only_hypothesis,once_through,665.1421680648319,20.885534010340518,19705.60428990177,88716.81755768241,644.2566340544911,813333.3333333323,3661283.182442317,0.0,4377.774461302595,813333.3333333323,3659999.999999999,0.0,122.0,0.1882753251338294,0.04895158453479565,0.31547608071683036,0.3087699424821623,2.2619043228673217,0.6862243593590417,0.8787351249475361,0.6071309900746833,1.3408467937585333,0.04210273030076524,0.04210273030076524,0.0,1.2987440634577674,0.0,0.0,1.2987440634577674,0.0,0.04210273030076524,0.0,4.5021109859161115,294.39571009823914,480.4358128732584,8.235455085870266,293.0548633044806,0.0,0.0,0.0,29735.72051228067,-35021.213588807936,6.87537067278754e-16,0.0,0.0,6.661338147750939e-16
inhibition_only_hypothesis,once_through,672.3471508413409,21.00392057774612,19702.415323508456,88702.70300247155,651.3432302635945,819999.999999999,3691297.2969975276,0.0,4414.114184685204,819999.999999999,3689999.999999999,0.0,123.0,0.19031476954129728,0.04948184008073729,0.322697174876561,0.30850198492013653,2.290788699506244,0.6834310272135369,0.8779470144709899,0.605082499956243,1.3553711744380421,0.04234138341426684,0.04234138341426684,0.0,1.3130297910237747,0.0,0.0,1.3130297910237747,0.0,0.04234138341426684,0.0,4.502123295342048,297.5846764915549,479.22872608379583,8.263335991970647,296.2293053171168,0.0,0.0,0.0,29979.455926315757,-35301.28872622563,4.583580448525026e-16,0.0,0.0,6.661338147750939e-16
inhibition_only_hypothesis,once_through,679.5873625164915,21.117190575576295,19699.21076460405,88688.5080901581,658.470171940915,826666.6666666656,3721311.491909841,0.0,4450.461878857762,826666.6666666656,3719999.999999999,0.0,124.0,0.19236418585050932,0.05001468832113243,0.32987684256526834,0.30823465541149814,2.319507370261073,0.6806354909581952,0.8771607512102887,0.6030445190517342,1.3699665723497447,0.04256972213749274,0.04256972213749274,0.0,1.3273968502122515,0.0,0.0,1.3273968502122515,0.0,0.04256972213749274,0.0,4.502135093123398,300.7892353959601,478.01573722079956,8.291261825681328,299.4192688236103,0.0,0.0,0.0,30223.191340350844,-35581.37183443328,4.583580448525026e-16,0.0,0.0,4.440892098500626e-16
inhibition_only_hypothesis,once_through,686.8611023819019,21.22535473391189,19695.991365931768,88674.2362294579,665.6357476479898,833333.3333333322,3751325.7637705416,0.0,4486.81755582285,833333.3333333322,3749999.999999999,0.0,125.0,0.19442309265848298,0.05055000409120558,0.3370131226475871,0.30796800327310714,2.3480524905903484,0.6778385235135486,0.876376480215021,0.6010173678826695,1.3846295590696283,0.0427877681009983,0.0427877681009983,0.0,1.3418417909686295,0.0,0.0,1.3418417909686295,0.0,0.0427877681009983,0.0,4.502146380041477,304.0086340682431,476.797131212448,8.319227142494324,302.62400450917346,0.0,0.0,0.0,30466.926754385928,-35861.46292543345,4.583580448525026e-16,0.0,2.7214549481868745e-11,4.440892098500626e-16
inhibition_only_hypothesis,once_through,694.1666796554325,21.32843003407811,19692.75787584141,88659.89082176717,672.8382496213542,839999.9999999988,3781340.1091782325,0.0,4523.181226053304,839999.9999999988,3779999.999999999,0.0,126.0,0.19649101137196054,0.051087662956709745,0.34410414425940866,0.30770207531525606,2.3764165770376344,0.6750408828598683,0.8755943391625178,0.5990013441528106,1.3993567261837931,0.04299555553709738,0.04299555553709738,0.0,1.3563611706466954,0.0,0.0,1.3563611706466954,0.0,0.04299555553709738,0.0,4.502157157506768,307.2421241586037,475.5731913239271,8.347226677882805,305.8427674324199,0.0,0.0,0.0,30710.66216842102,-36141.562009698995,4.583580448525026e-16,0.0,2.7214549481868745e-11,4.440892098500626e-16
inhibition_only_hypothesis,once_through,701.5024152914674,21.426439454420763,19689.51103748812,88645.47525705062,680.0759758370464,846666.6666666655,3811354.524742949,0.0,4559.552898543914,846666.6666666655,3809999.999999999,0.0,127.0,0.19856746671982786,0.05162754134715525,0.3511481268609153,0.30743691587208877,2.4045925074436614,0.6722433114103097,0.87481445844732,0.596996723291039,1.4141446889377631,0.04319313076737772,0.04319313076737772,0.0,1.3709515581703848,0.0,0.0,1.3709515581703848,0.0,0.04319313076737772,0.0,4.502167427534022,310.4889625118939,474.34419885414394,8.375255348868095,309.0748178229561,0.0,0.0,0.0,30954.39758245611,-36421.669096224694,4.583580448525026e-16,0.0,2.7214549481868745e-11,6.661338147750939e-16
inhibition_only_hypothesis,once_through,708.8666436991105,21.51941170866756,19686.25158807191,88630.99290989821,687.3472319904427,853333.3333333321,3841369.007090101,0.0,4595.932580863494,853333.3333333321,3839999.999999999,0.0,128.0,0.20065198723946756,0.052169516682261566,0.35814338004949964,0.30717256683780536,2.4325735201979986,0.669446535444422,0.8740369612876628,0.5950037590310933,1.4289900897001626,0.043380551675268754,0.043380551675268754,0.0,1.3856095380248934,0.0,0.0,1.3856095380248934,0.0,0.043380551675268754,0.0,4.502177192716595,313.74841192810106,473.11043284786945,8.403308254962997,312.3194218384009,0.0,0.0,0.0,31198.13299649119,-36701.784192579355,4.583580448525026e-16,0.0,0.0,4.440892098500626e-16
inhibition_only_hypothesis,once_through,716.2577143674389,21.607380978358222,19682.980258118318,88616.44713575504,694.6503333890805,859999.9999999987,3871383.552864244,0.0,4632.320279207124,859999.9999999987,3869999.999999999,0.0,129.0,0.20274410573680363,0.052713467491568945,0.3650883031458376,0.30690906770814613,2.4603532125833505,0.6666512646009586,0.8732619638474887,0.5930226840233178,1.4438896012390325,0.04355788716665277,0.04355788716665277,0.0,1.4003317140723794,0.0,0.0,1.4003317140723794,0.0,0.04355788716665277,0.0,4.502186456200141,317.01974188169487,471.87216982345103,8.431380678522912,315.5758522804558,0.0,0.0,0.0,31441.868410526284,-36981.90730495808,2.291790224262513e-16,0.0,0.0,2.220446049250313e-16
inhibition_only_hypothesis,once_through,723.6739933973957,21.690386640779494,19679.69777080036,88601.84126732848,701.983606756616,866666.6666666653,3901398.158732671,0.0,4668.7159984484215,866666.6666666653,3899999.999999999,0.0,130.0,0.20484335971991935,0.05325927352717903,0.37198138456671764,0.3066464556266497,2.487925538266871,0.6638581914287148,0.8724895753724993,0.5910537104737187,1.458839929809942,0.04372521662141456,0.04372521662141456,0.0,1.415114713188527,0.0,0.0,1.415114713188527,0.0,0.04372521662141456,0.0,4.50219522165584,320.30222919965126,470.62968351616723,8.459468084537685,318.84338926984134,0.0,0.0,0.0,31685.60382456136,-37262.03843823446,4.583580448525026e-16,0.0,0.0,2.220446049250313e-16
inhibition_only_hypothesis,once_through,731.1138649403167,21.76847299378424,19676.40484130186,88587.1786111749,709.3453919465322,873333.333333332,3931412.821388825,0.0,4705.119742191663,873333.333333332,3929999.999999999,0.0,131.0,0.20694929180624713,0.053806815869624255,0.37882120099845373,0.30638476543519255,2.515284803993815,0.6610679909939338,0.8717198983388017,0.5890970308058296,1.4738378180558855,0.04388262933870977,0.04388262933870977,0.0,1.4299551887171753,0.0,0.0,1.4299551887171753,0.0,0.04388262933870977,0.0,4.502203493253275,323.5951586981527,469.3832446372239,8.487566119897885,322.12132088009685,0.0,0.0,0.0,31929.339238596454,-37542.17759601279,4.583580448525026e-16,0.0,2.7214549481868745e-11,4.440892098500626e-16
inhibition_only_hypothesis,once_through,738.5757325434716,21.841688978808516,19673.10217622188,88572.46244446796,716.7340435646629,879999.9999999986,3961427.5375555316,0.0,4741.531512823635,879999.9999999986,3959999.999999999,0.0,132.0,0.2090614501034379,0.054355977026893855,0.3856064163848215,0.30612402972832425,2.542425665539286,0.6582813205426541,0.8709530286127184,0.5871528183410797,1.4888800477197335,0.044030223978600506,0.044030223978600506,0.0,1.4448498237411325,0.0,0.0,1.4448498237411325,0.0,0.044030223978600506,0.0,4.502211275633087,326.8978237781326,468.1331206483294,8.515670612170132,325.40894373041283,0.0,0.0,0.0,32173.074652631534,-37822.32478067984,4.583580448525026e-16,0.0,2.7214549481868745e-11,4.440892098500626e-16
inhibition_only_hypothesis,once_through,746.0580204033548,21.910087903328943,19669.790473020024,88557.69601194978,724.1479325000256,886666.6666666652,3991442.3039880497,0.0,4777.951311565062,886666.6666666652,3989999.999999999,0.0,133.0,0.21117938856411764,0.05490664102667059,0.39233578074347564,0.30586427891092965,2.5693431229739025,0.655498819216235,0.8701890556203814,0.5852212279935844,1.5039634421707149,0.044168108002562746,0.044168108002562746,0.0,1.4597953341681515,0.0,0.0,1.4597953341681515,0.0,0.044168108002562746,0.0,4.50221857387955,330.2095269799886,466.8795755517239,8.54377756791627,328.70556353781785,0.0,0.0,0.0,32416.81006666662,-38102.479993456356,4.583580448525026e-16,0.0,2.7214549481868745e-11,6.661338147750939e-16
inhibition_only_hypothesis,once_through,753.5591745277894,21.973727163926817,19666.47041950208,88542.88252306462,731.5854473638623,893333.3333333319,4021457.117476935,0.0,4814.379138521487,893333.3333333319,4019999.999999999,0.0,134.0,0.21330266731483313,0.055458693501856615,0.39900812882473824,0.3056055412587636,2.596032515298953,0.6527211078181628,0.8694280625257753,0.5833023969755124,1.51908486874708,0.04429639711521679,0.04429639711521679,0.0,1.4747884716318627,0.0,0.0,1.4747884716318627,0.0,0.04429639711521679,0.0,4.502225393493174,333.5295804979367,465.6228696954868,8.571883170591367,332.0104956291896,0.0,0.0,0.0,32660.54548070171,-38382.64323444787,6.87537067278754e-16,0.0,2.7214549481868745e-11,4.440892098500626e-16
inhibition_only_hypothesis,once_through,761.0776638082071,22.032667971046113,19663.142693345406,88528.02514927505,739.0449958371606,899999.9999999985,4051471.9748507245,0.0,4850.814992733506,899999.9999999985,4049999.999999999,0.0,135.0,0.21543085295957168,0.05601202176948864,0.4056223786264903,0.3053478429814207,2.6224895145059612,0.649948788630146,0.8686701264159433,0.5813964455093983,1.5342412409176884,0.044415214709472434,0.044415214709472434,0.0,1.4898260262082152,0.0,0.0,1.4898260262082152,0.0,0.044415214709472434,0.0,4.5022317403634355,336.85730665460824,464.363259593892,8.599983778055579,335.32306541369053,0.0,0.0,0.0,32904.2808947368,-38662.81450269498,9.167160897050052e-16,0.0,2.7214549481868745e-11,6.661338147750939e-16
inhibition_only_hypothesis,once_through,768.6119810037379,22.08697507645172,19659.807961663402,88513.12702155908,746.5250059272859,906666.6666666651,4081486.8729784405,0.0,4887.258872226227,906666.6666666651,4079999.999999999,0.0,136.0,0.21756351885831784,0.05656651490316264,0.41217752977867417,0.3050912082873244,2.6487101191146967,0.6471824452754157,0.8679153184921307,0.5795034775440481,1.549429520265815,0.04452469131711749,0.04452469131711749,0.0,1.5049048289486968,0.0,0.0,1.5049048289486968,0.0,0.04452469131711749,0.0,4.502237620741746,340.1920383366138,463.10099776253867,8.62807591973415,338.642608816348,0.0,0.0,0.0,33148.01630877188,-38942.993796222785,6.87537067278754e-16,0.0,2.7214549481868745e-11,6.661338147750939e-16
inhibition_only_hypothesis,once_through,776.1606436389853,22.136716504311565,19656.46688060811,88498.1912280864,754.0239271346734,913333.3333333317,4111501.8087719134,0.0,4923.710774057877,913333.3333333317,4109999.999999999,0.0,137.0,0.21970024538117794,0.05712206379910627,0.41867266181062035,0.30483565945033764,2.6746906472424814,0.6444226426270839,0.867163704265699,0.5776235814708973,1.5646467182989576,0.04462496406671159,0.04462496406671159,0.0,1.5200217542322452,0.0,0.0,1.5200217542322452,0.0,0.04462496406671159,0.0,4.502243041214768,343.5331193919035,461.83633256794263,8.656156293459631,341.96847267360454,0.0,0.0,0.0,33391.75172280697,-39223.18111208952,6.87537067278754e-16,0.0,5.442909896373749e-11,8.881784197001252e-16
inhibition_only_hypothesis,once_through,783.7221948175804,22.181963286744505,19653.120095010163,88483.22081207133,761.5402315308354,919999.9999999984,4141516.7791879284,0.0,4960.170694367455,919999.9999999984,4139999.999999999,0.0,138.0,0.22184062013866485,0.05767856123605286,0.425106932314062,0.30458121687762074,2.7004277292562477,0.6416699267593609,0.8664153437577081,0.5757568308379416,1.5798898980888638,0.04471617615048251,0.04471617615048251,0.0,1.5351737219383803,0.0,0.0,1.5351737219383803,0.0,0.04471617615048251,0.0,4.502248008678114,346.87990498985056,460.56950809123657,8.684221762029518,345.3000150917617,0.0,0.0,0.0,33635.48713684206,-39503.37644643419,1.1458951121312565e-15,0.0,5.442909896373749e-11,8.881784197001252e-16
inhibition_only_hypothesis,once_through,791.2952039537955,22.222789204593894,19649.768238054945,88468.2187697993,769.0724147492011,926666.666666665,4171531.7812302005,0.0,4996.638628421379,926666.666666665,4169999.999999999,0.0,139.0,0.22398423818878882,0.05823590192908509,0.4314795750142993,0.3043278991783829,2.725918300057197,0.6389248249393951,0.8656702917011262,0.5739032850586016,1.5951561757463772,0.044798476301756734,0.044798476301756734,0.0,1.5503576994446195,0.0,0.0,1.5503576994446195,0.0,0.044798476301756734,0.0,4.502252530310578,350.23176194506794,459.30076400560085,8.712269349511473,348.6366057693216,0.0,0.0,0.0,33879.222550877144,-39783.5797945232,9.167160897050052e-16,0.0,5.442909896373749e-11,8.881784197001252e-16
inhibition_only_hypothesis,once_through,798.8782674246647,22.25927053410693,19646.41193099397,88453.18804882349,776.6189968905572,933333.3333333316,4201546.811951176,0.0,5033.114570659022,933333.3333333316,4199999.999999999,0.0,140.0,0.22613070222164683,0.058793982577628176,0.43778989776153165,0.30407572323319837,2.7511595910461266,0.6361878456574848,0.8649285977447011,0.572062990113125,1.610442721736033,0.04487201828429547,0.04487201828429547,0.0,1.5655707034517363,0.0,0.0,1.5655707034517363,0.0,0.04487201828429547,0.0,4.5022566135488935,353.5880690060405,458.0303354670088,8.740296237327385,351.97762628430445,0.0,0.0,0.0,34122.957964912224,-40063.79115079592,1.1458951121312565e-15,0.0,5.442909896373749e-11,1.3322676295501878e-15
inhibition_only_hypothesis,once_through,806.4700091451948,22.291485800121006,19643.051782890296,88438.13154632755,784.1785233450734,939999.9999999983,4231561.868453673,0.0,5069.598514737118,939999.9999999983,4229999.999999998,0.0,141.0,0.22827962272224203,0.05935270190778293,0.4440372804538968,0.30382470426357844,2.776149121815587,0.6334594786933982,0.8641903066575837,0.5702359792403484,1.6257467620356152,0.04493696039474793,0.04493696039474793,0.0,1.5808098016408663,0.0,0.0,1.5808098016408663,0.0,0.04493696039474793,0.0,4.502260266063132,356.9482171097163,456.7584530178598,8.768299760146409,355.32247034768073,0.0,0.0,0.0,34366.69337894732,-40344.01050890911,9.167160897050052e-16,0.0,1.6328729689121246e-10,1.1102230246251565e-15
inhibition_only_hypothesis,once_through,814.0690810693712,22.31951553628281,19639.688390396757,88423.05210765019,791.7495655330879,946666.6666666649,4261576.94789235,0.0,5106.09045357296,946666.6666666649,4259999.999999998,0.0,142.0,0.2304306181122986,0.05991196070919764,0.45022117290324526,0.3035748559015164,2.800884691612981,0.6307401952165488,0.8634554585338718,0.568422273617889,1.641065579146124,0.04499346497928179,0.04499346497928179,0.0,1.596072114166841,0.0,0.0,1.596072114166841,0.0,0.04499346497928179,0.0,4.502263495732779,360.3116096032553,455.48534250304283,8.796277401615606,358.6705440241092,0.0,0.0,0.0,34610.428792982406,-40624.237861780035,1.1458951121312565e-15,0.0,1.0885819792747498e-10,1.1102230246251565e-15
inhibition_only_hypothesis,once_through,821.6741636197532,22.343442052752543,19636.32233756584,88407.95252496685,799.3307215670002,953333.3333333315,4291592.047475033,0.0,5142.590379386351,953333.3333333315,4289999.999999998,0.0,143.0,0.23258331487186296,0.06047166186668437,0.45634109265415,0.30332619025874313,2.8253643706166,0.6280304479177872,0.8627240889963034,0.5666218830290425,1.656396512957788,0.045041697965302795,0.045041697965302795,0.0,1.6113548149924841,0.0,0.0,1.6113548149924841,0.0,0.045041697965302795,0.0,4.502266310623524,363.6776624341701,454.21122499796456,8.824226789955661,362.0212659212123,0.0,0.0,0.0,34854.164207017486,-40904.47320162851,1.1458951121312565e-15,0.0,1.0885819792747498e-10,1.1102230246251565e-15
inhibition_only_hypothesis,once_through,829.2839660485314,22.363349211775766,19632.954195689883,88392.83553612362,806.920616836755,959999.9999999981,4321607.164463878,0.0,5179.098283740297,959999.9999999981,4319999.999999998,0.0,144.0,0.23473734764150503,0.06103171038679131,0.4623966227661014,0.3030787179954542,2.8495864910644055,0.6253306711706004,0.8619962293983948,0.5648348065148667,1.6717369614779134,0.045081828409034526,0.045081828409034526,0.0,1.6266551330688777,0.0,0.0,1.6266551330688777,0.0,0.045081828409034526,0.0,4.5022687189648165,367.0458043101323,452.9363167480592,8.852145693447802,365.3740673486544,0.0,0.0,0.0,35097.89962105258,-41184.71652001755,1.1458951121312565e-15,0.0,1.6328729689121246e-10,1.1102230246251565e-15
inhibition_only_hypothesis,once_through,836.8972267329708,22.37932221143887,19629.584523170277,88377.70382361801,814.5179045215314,966666.6666666648,4351622.296176383,0.0,5215.614157580377,966666.6666666648,4349999.999999998,0.0,145.0,0.23689235930594624,0.061592013419546024,0.4683874095682759,0.30283244838829176,2.8735496382731034,0.622641281219546,0.8612719070243876,0.5630610330101566,1.687084381426461,0.045114028059595385,0.045114028059595385,0.0,1.6419703533668646,0.0,0.0,1.6419703533668646,0.0,0.045114028059595385,0.0,4.502270729128227,370.4154768297373,451.6608291192917,8.88003201583621,368.72839244831084,0.0,0.0,0.0,35341.63503508766,-41464.96780789271,1.1458951121312565e-15,0.0,1.6328729689121246e-10,1.1102230246251565e-15
inhibition_only_hypothesis,once_through,844.5127134082041,22.391447377860903,19626.213865414476,88362.56001372148,822.1212660303428,973333.3333333314,4381637.43998628,0.0,5252.137991272798,973333.3333333314,4379999.999999998,0.0,146.0,0.23904800105995413,0.062152480275588076,0.47431316039570587,0.3025873893973849,2.8972526415828233,0.6199626763937905,0.8605511452864262,0.5613005419621722,1.7024362887053304,0.045138470940082234,0.045138470940082234,0.0,1.6572978177652473,0.0,0.0,1.6572978177652473,0.0,0.045138470940082234,0.0,4.502272349606611,373.7861345855398,450.3849685591565,8.907883791669251,372.0836982968345,0.0,0.0,0.0,35585.37044912275,-41745.22705562022,9.167160897050052e-16,0.0,2.1771639585494996e-10,8.881784197001252e-16
inhibition_only_hypothesis,once_through,852.1292233403552,22.399811966015733,19622.84275475934,88347.40667573785,829.729411374339,979999.999999998,4411652.593324264,0.0,5288.669774641113,979999.999999998,4409999.999999998,0.0,147.0,0.24120393245734678,0.06271302243891017,0.4801736413151041,0.30234354773227345,2.9206945652604164,0.6172952373436781,0.8598339639184513,0.559553303931189,1.7177902587473552,0.04515533294605179,0.04515533294605179,0.0,1.6726349258013022,0.0,0.0,1.6726349258013022,0.0,0.04515533294605179,0.0,4.502273588994133,377.15724524067923,449.10893656767354,8.935699181600892,375.4394549819319,0.0,0.0,0.0,35829.105863157834,-42025.49425302362,1.1458951121312565e-15,0.0,2.1771639585494996e-10,1.1102230246251565e-15
inhibition_only_hypothesis,once_through,859.7455834429801,22.40450396932286,19619.4717104196,88332.24632139219,837.3410794736567,986666.6666666646,4441667.75367861,0.0,5325.209497001582,986666.6666666646,4439999.999999998,0.0,148.0,0.24335982144395252,0.06327355357542766,0.48596867484803347,0.30210092891656065,2.9438746993921336,0.6146393272983098,0.8591203791663549,0.557819281172095,1.7331439267510347,0.045164791461678566,0.045164791461678566,0.0,1.687979135289355,0.0,0.0,1.687979135289355,0.0,0.045164791461678566,0.0,4.502274455967145,380.52828958041744,447.83292967788026,8.963476467672386,378.7951456536664,0.0,0.0,0.0,36072.841277192914,-42305.76938941917,1.1458951121312565e-15,0.0,2.1771639585494996e-10,1.1102230246251565e-15
inhibition_only_hypothesis,once_through,867.3606503398051,22.40561193809394,19616.101238460113,88317.08140434428,844.9550384017107,993333.3333333313,4471682.918595657,0.0,5361.7571471972005,993333.3333333313,4469999.999999998,0.0,149.0,0.24551534437536865,0.06383398953759585,0.49169813769855475,0.30185953735115656,2.966792550794219,0.6119952923421794,0.8584104039739899,0.5560984281964108,1.7484949878070062,0.04516702499376481,0.04516702499376481,0.0,1.7033279628132405,0.0,0.0,1.7033279628132405,0.0,0.04516702499376481,0.0,4.502274959265926,383.8987615399067,446.55713944532073,8.991214048592903,382.15026655209965,0.0,0.0,0.0,36316.576691228016,-42586.052453649885,1.1458951121312565e-15,0.0,1.6328729689121246e-10,8.881784197001252e-16
inhibition_only_hypothesis,once_through,874.9733103767169,22.403224806874427,19612.731831790523,88301.91431982073,852.5700855698419,999999.9999999979,4501698.08568018,0.0,5398.312713630353,999999.9999999979,4499999.999999998,0.0,150.0,0.2476701860203554,0.06439424836529241,0.4973619584919304,0.3016193763759964,2.9894478339677217,0.6093634617089766,0.8577040481646954,0.5543906923142737,1.7638411969222159,0.04516221282368202,0.04516221282368202,0.0,1.7186789840985328,0.0,0.0,1.7186789840985328,0.0,0.04516221282368202,0.0,4.502275107677303,387.26816820949654,445.28175244603665,9.018910435035936,385.5043270125743,0.0,0.0,0.0,36560.312105263096,-42866.34343411812,1.1458951121312565e-15,0.0,1.6328729689121246e-10,1.1102230246251565e-15
inhibition_only_hypothesis,once_through,882.5824795859253,22.397431730676228,19609.363970181144,88286.74740436029,860.1850478552485,1006666.6666666645,4531713.252595641,0.0,5434.876184294156,1006666.6666666645,4529999.999999998,0.0,151.0,0.2498240395506918,0.06495425028317987,0.5029601155304227,0.30138044833013017,3.011840462121691,0.6067441480907455,0.85700131861803,0.5526960141560409,1.7791803689476748,0.04515053467723559,0.04515053467723559,0.0,1.7340298342704383,0.0,0.0,1.7340298342704383,0.0,0.04515053467723559,0.0,4.502274910018141,390.63602981887243,444.006950282572,9.046564244967337,388.85684944992477,0.0,0.0,0.0,36804.04751929818,-43146.64231881701,1.1458951121312565e-15,0.0,1.6328729689121246e-10,8.881784197001252e-16
inhibition_only_hypothesis,once_through,890.1871036051823,22.38832193005741,19605.99812029872,88271.58293566613,867.7987816751242,1013333.3333333312,4561728.417064335,0.0,5471.447546802447,1013333.3333333312,4559999.999999998,0.0,152.0,0.2519766065183097,0.06551391769476053,0.5084926345717078,0.30114275461010087,3.033970538286831,0.6041376479606523,0.8563022194414732,0.5510143281733074,1.7945103784156147,0.04513217041236413,0.04513217041236413,0.0,1.7493782080032494,0.0,0.0,1.7493782080032494,0.0,0.04513217041236413,0.0,4.50227437511971,394.001879701301,442.7329095975058,9.074174199018975,392.20736932288537,0.0,0.0,0.0,37047.78293333326,-43426.94909536038,1.375074134557508e-15,0.0,1.6328729689121246e-10,1.1102230246251565e-15
inhibition_only_hypothesis,once_through,897.7861575548798,22.375984544968926,19602.634735760785,88256.42313255949,875.4101730099102,1019999.9999999978,4591743.576867442,0.0,5508.026788418471,1019999.9999999978,4589999.999999998,0.0,153.0,0.25412759682050534,0.06607317517333139,0.5139595866349075,0.3009062957265392,3.05583834653963,0.6015442419076998,0.8556067521368801,0.5493455631192306,1.8098291592917308,0.045107299724511954,0.045107299724511954,0.0,1.7647218595672176,0.0,0.0,1.7647218595672176,0.0,0.045107299724511954,0.0,4.502273511812913,397.3652642392332,441.45980209404314,9.101739115921092,395.5554350799415,0.0,0.0,0.0,37291.51834736836,-43707.2637510115,1.375074134557508e-15,0.0,1.6328729689121246e-10,1.3322676295501878e-15
inhibition_only_hypothesis,once_through,905.3786458757947,22.360508497255967,19599.27425720753,88241.27015502915,883.0181373785381,1026666.6666666644,4621758.729844972,0.0,5544.613896082271,1026666.6666666644,4619999.999999998,0.0,154.0,0.2562767286540109,0.06663194945004283,0.5193610858387611,0.30067107135892096,3.0774443433550442,0.5989641949817998,0.8549149157615323,0.5476896425081816,1.825134704648097,0.045076101869448354,0.045076101869448354,0.0,1.7800586027786471,0.0,0.0,1.7800586027786471,0.0,0.045076101869448354,0.0,4.502272328914367,400.7257427924897,440.18779456319874,9.129257908004545,398.9006080878416,0.0,0.0,0.0,37535.25376140343,-43987.586272710374,1.375074134557508e-15,0.0,1.6328729689121246e-10,1.5543122344752192e-15
inhibition_only_hypothesis,once_through,912.9636021301794,22.3419823616724,19595.917112389794,88226.1261043705,890.6216197685063,1033333.333333331,4651773.87389563,0.0,5581.208856436789,1033333.333333331,4649999.999999998,0.0,155.0,0.2584237284586917,0.06719016939925984,0.5246972872759819,0.3004370804084428,3.0987891491039274,0.5963977570476928,0.8542267070836553,0.546046485054803,1.840425066262186,0.04503875540324816,0.04503875540324816,0.0,1.7953863108589363,0.0,0.0,1.7953863108589363,0.0,0.04503875540324816,0.0,4.502270835213336,404.08288761022135,438.9170489171203,9.15672957678353,402.24246254395916,0.0,0.0,0.0,37778.98917543853,-44267.91664709999,1.375074134557508e-15,1.1641532182693481e-10,1.6328729689121246e-10,1.5543122344752192e-15
inhibition_only_hypothesis,once_through,920.5400887688223,22.32049424524152,19592.56371627221,88210.99302340936,898.2195945235801,1039999.9999999977,4681789.006976591,0.0,5617.811655852737,1039999.9999999977,4679999.999999998,0.0,156.0,0.26056833085160985,0.06774776602141856,0.5299683849273953,0.30020432104898653,3.119873539709581,0.593845163146288,0.8535421207323134,0.544416005092667,1.8556983541472933,0.04499543793909747,0.04499543793909747,0.0,1.8107029162081945,0.0,0.0,1.8107029162081945,0.0,0.04499543793909747,0.0,4.502269039459471,407.43628372781,437.6477222281153,9.184153208627531,405.5805853736627,0.0,0.0,0.0,38022.72458947362,-44548.25486055103,1.375074134557508e-15,0.0,1.6328729689121246e-10,1.3322676295501878e-15
inhibition_only_hypothesis,once_through,928.1071968666271,22.296131674773626,19589.214471150182,88195.87289680455,905.8110651918529,1046666.6666666643,4711804.1271031955,0.0,5654.422280452234,1046666.6666666643,4709999.999999998,0.0,157.0,0.2627102785521775,0.06830467242356615,0.5351746096190292,0.2999727907761527,3.1406984384761167,0.5913066338620678,0.8528611493416256,0.5427981129727875,1.870952736019496,0.04494632592054265,0.04494632592054265,0.0,1.8260064100989524,0.0,0.0,1.8260064100989524,0.0,0.04494632592054265,0.0,4.502266950351385,410.7855288498336,436.3799667729496,9.211527970530488,408.9145761138141,0.0,0.0,0.0,38266.4600035087,-44828.60089918561,1.1458951121312565e-15,1.1641532182693481e-10,1.0885819792747498e-10,8.881784197001252e-16
inhibition_only_hypothesis,once_through,935.6640458291743,22.26898149233171,19585.869766779826,88180.76765142404,913.3950643368419,1053333.3333333312,4741819.232348576,0.0,5691.04071613124,1053333.3333333312,4739999.999999998,0.0,158.0,0.26484932229909586,0.06886082379776493,0.5403162270249156,0.299742486454353,3.161264908099662,0.5887823756952871,0.8521837836892735,0.5411927154422979,1.8861864367061156,0.04489159441076165,0.04489159441076165,0.0,1.8412948422953526,0.0,0.0,1.8412948422953526,0.0,0.04489159441076165,0.0,4.502264576525984,414.1302332201892,435.1139300820092,9.23885310598402,412.2440467834831,0.0,0.0,0.0,38510.19541754379,-45108.954748899705,1.375074134557508e-15,0.0,1.0885819792747498e-10,1.3322676295501878e-15
inhibition_only_hypothesis,once_through,943.2097830726436,22.239129758420102,19582.529980519594,88165.67915678982,920.9706533142229,1059999.999999998,4771834.32084321,0.0,5727.666948580841,1059999.999999998,4769999.999999998,0.0,159.0,0.2669852207597542,0.06941615739753611,0.5453935357179832,0.299513404361963,3.181574142871933,0.5862725814377691,0.8515100128293029,0.5395997160036837,1.9013977375004807,0.044831416897403914,0.044831416897403914,0.0,1.8565663206030756,0.0,0.0,1.8565663206030756,0.0,0.044831416897403914,0.0,4.502261926548598,417.4700194804243,433.84975499292455,9.266127930960339,415.5686217429238,0.0,0.0,0.0,38753.93083157889,-45389.3163953844,1.375074134557508e-15,0.0,1.0885819792747498e-10,1.1102230246251565e-15
inhibition_only_hypothesis,once_through,950.7435836793904,22.206661662657012,19579.19547748272,88150.60922558582,928.5369220167328,1066666.6666666646,4801849.390774414,0.0,5764.30096330739,1066666.6666666646,4799999.999999998,0.0,160.0,0.26911774043273706,0.06997061251251163,0.5504068652710546,0.2992855402345419,3.2016274610842186,0.5837774305511771,0.850839824219241,0.5380190152549911,1.9165849754676094,0.044765965112517014,0.044765965112517014,0.0,1.8718190103550911,0.0,0.0,1.8718190103550911,0.0,0.044765965112517014,0.0,4.502259008903836,420.8045225172932,432.5875797082732,9.293351830009723,418.8879375418256,0.0,0.0,0.0,38997.666245613975,-45669.685824146036,1.375074134557508e-15,0.0,1.0885819792747498e-10,1.3322676295501878e-15
inhibition_only_hypothesis,once_through,958.2646500313732,22.171661441680673,19575.866610699504,88135.55961422462,936.0929885896919,1073333.3333333314,4831864.440385776,0.0,5800.942745651558,1073333.3333333314,4829999.999999998,0.0,161.0,0.27124665554406197,0.07052413044145611,0.5553565744096262,0.2990588893061362,3.2214262976385046,0.5812970895467195,0.8501732038415771,0.5364505112114805,1.9317465427052445,0.04469540886705523,0.04469540886705523,0.0,1.887051133838188,0.0,0.0,1.887051133838188,0.0,0.04469540886705523,0.0,4.502255831987163,424.1333893005102,431.32753785699384,9.320524252476462,422.20164275780496,0.0,0.0,0.0,39241.40165964906,-45950.06302052529,1.1458951121312565e-15,0.0,1.0885819792747498e-10,1.3322676295501878e-15
inhibition_only_hypothesis,once_through,965.7722114235441,22.13421230402963,19572.54372128838,88120.53202346775,943.6379991195139,1079999.9999999981,4861879.467976532,0.0,5837.592280806308,1079999.9999999981,4859999.999999998,0.0,162.0,0.27337174793774616,0.071076654463814,0.5602430492177866,0.298833446348689,3.2409721968711462,0.5788317123653102,0.8495101363196736,0.5348940996092333,1.9468808855644941,0.04461991589944725,0.04461991589944725,0.0,1.9022609696650454,0.0,0.0,1.9022609696650454,0.0,0.04461991589944725,0.0,4.502252404097178,427.45627871163356,430.06975855915647,9.347644708836288,425.50939782606906,0.0,0.0,0.0,39485.13707368415,-46230.447969715126,1.1458951121312565e-15,0.0,1.0885819792747498e-10,1.5543122344752192e-15
inhibition_only_hypothesis,once_through,973.2655236592183,22.09439636173115,19569.22713863504,88105.52809909545,951.1711272974866,1086666.6666666649,4891894.471900905,0.0,5874.249553833855,1086666.6666666649,4889999.999999998,0.0,163.0,0.2754928069612711,0.07162812980993048,0.5650667013983393,0.2986092057095842,3.260266805593357,0.5763814407572857,0.8488506050281889,0.5333496741912473,1.9619865038341449,0.044539651737686585,0.044539651737686585,0.0,1.9174468520964572,0.0,0.0,1.9174468520964572,0.0,0.044539651737686585,0.0,4.502248733428562,430.77286136497406,428.8143664937528,9.374712767157538,428.8108748611399,0.0,0.0,0.0,39728.87248771925,-46510.84065677778,1.1458951121312565e-15,0.0,1.0885819792747498e-10,1.1102230246251565e-15
inhibition_only_hypothesis,once_through,980.7438686293472,22.052294568326502,19565.917180578635,88090.54943262116,958.6915740610201,1093333.3333333316,4921909.450567379,0.0,5910.914549681619,1093333.3333333316,4919999.999999998,0.0,164.0,0.2776096293464919,0.0721785036300879,0.5698279665879183,0.2983861613473579,3.2793118663516734,0.5739464046608418,0.8481945921981116,0.5318171269765752,1.9770619498925281,0.04445477957439803,0.04445477957439803,0.0,1.9326071703181291,0.0,0.0,1.9326071703181291,0.0,0.04445477957439803,0.0,4.502244828065658,434.0828194213788,427.5614819691823,9.401728049687714,432.1057574714863,0.0,0.0,0.0,39972.60790175433,-46791.24106666062,1.1458951121312565e-15,0.0,1.0885819792747498e-10,8.881784197001252e-16
inhibition_only_hypothesis,once_through,988.2065538775281,22.007986663059096,19562.61415360431,88075.59756204674,966.1985672144684,1099999.9999999984,4951924.402437953,0.0,5947.5872531972245,1099999.9999999984,4949999.999999998,0.0,165.0,0.27972201908650873,0.07272772496249227,0.57452730272763,0.2981643068656165,3.29810921091052,0.5715267225784229,0.8475420790165192,0.5302963485130823,1.9921058278306312,0.04436546015432757,0.04436546015432757,0.0,1.9477403676763025,0.0,0.0,1.9477403676763025,0.0,0.04436546015432757,0.0,4.50224069597668,437.3858463957019,426.31122099612827,9.42869022956633,435.39374056787125,0.0,0.0,0.0,40216.34331578942,-47071.64918421132,1.1458951121312565e-15,0.0,1.0885819792747498e-10,1.1102230246251565e-15
inhibition_only_hypothesis,once_through,995.6529121524927,21.96155112094991,19559.31835304128,88060.67397265432,973.6913610315422,1106666.666666665,4981939.326027346,0.0,5984.267649142583,1106666.666666665,4979999.999999998,0.0,166.0,0.28182978730899394,0.07327574470033843,0.5791651884895278,0.29794363554520253,3.316660753958111,0.5691225019503575,0.846893045721184,0.5287872281144218,2.007116792549967,0.0442718516737005,0.0442718516737005,0.0,1.9628449408762652,0.0,0.0,1.9628449408762652,0.0,0.0442718516737005,0.0,4.5022363450085034,440.68164695873344,425.06369536253203,9.455599027664249,438.67453016618344,0.0,0.0,0.0,40460.07872982451,-47352.064994191765,1.1458951121312565e-15,0.0,1.0885819792747498e-10,1.3322676295501878e-15
inhibition_only_hypothesis,once_through,1003.0823009497248,21.91306510848448,19556.030063265698,88045.78009783108,981.1692358412396,1113333.3333333319,5011954.219902169,0.0,6020.955722207082,1113333.3333333319,5009999.999999998,0.0,167.0,0.28393275214644226,0.073822515558075,0.5837421217590056,0.29772414037465394,3.3349684870360226,0.5667338395250965,0.8462474716901587,0.5272896540818195,2.022093548838531,0.044174109690891694,0.044174109690891694,0.0,1.9779194391476378,0.0,0.0,1.9779194391476378,0.0,0.044174109690891694,0.0,4.502231782882019,443.96993673431695,423.81901271038777,9.482454209549408,441.9478431854784,0.0,0.0,0.0,40703.8141438596,-47632.48848129135,1.375074134557508e-15,0.0,1.0885819792747498e-10,1.3322676295501878e-15
inhibition_only_hypothesis,once_through,1010.49410204377,21.862604444637473,19552.749557907668,88030.91731992307,988.6314975991318,1119999.9999999986,5041969.082680076,0.0,6057.651457019931,1119999.9999999986,5039999.999999998,0.0,168.0,0.2860307386037865,0.0743679920369845,0.588258618173008,0.29750581407900434,3.353034472692032,0.5643608217254673,0.8456053355264834,0.525803513911269,2.037034850427995,0.044072387047855786,0.044072387047855786,0.0,1.9929624633801375,0.0,0.0,1.9929624633801375,0.0,0.044072387047855786,0.0,4.502227017188023,447.25044209234693,422.57727661409695,9.509255582578259,445.21340724191896,0.0,0.0,0.0,40947.54955789469,-47912.91963013929,1.6042531569837592e-15,0.0,5.442909896373749e-11,1.7763568394002505e-15
inhibition_only_hypothesis,once_through,1017.8877210127145,21.810243566963095,19549.47710006171,88016.08697111486,996.0774774457506,1126666.6666666653,5071983.913028885,0.0,6094.354838161689,1126666.6666666653,5069999.999999998,0.0,169.0,0.28812357842379627,0.07491213039018703,0.5927152097137692,0.2972886491469754,3.370860838855077,0.5620035250104145,0.844966615138163,0.5243286944867596,2.0519394990351105,0.04396683380176956,0.04396683380176956,0.0,2.0079726652333396,0.0,0.0,2.0079726652333396,0.0,0.04396683380176956,0.0,4.50222205538362,450.5228999383003,421.33858666013487,9.536002993111529,448.47096043926524,0.0,0.0,0.0,41191.28497192979,-48193.35842531615,1.6042531569837592e-15,0.0,1.0885819792747498e-10,1.3322676295501878e-15
inhibition_only_hypothesis,once_through,1025.2625867562203,21.756055502483257,19546.212942500097,88001.2903343314,1003.5065312537364,1133333.333333332,5101998.709665668,0.0,6131.06585017502,1133333.333333332,5099999.999999998,0.0,170.0,0.2902111099506526,0.07545488858716967,0.5971124433576457,0.2970726378566122,3.3884497734305827,0.5596620162317483,0.8443312878135654,0.522865082260122,2.0668063433901294,0.04385759716634594,0.04385759716634594,0.0,2.022948746223782,0.0,0.0,2.022948746223782,0.0,0.04385759716634594,0.0,4.5022169047890985,453.7870574999165,420.1030385277965,9.562696323853068,451.7202511565264,0.0,0.0,0.0,41435.02038596487,-48473.80485136456,1.375074134557508e-15,0.0,1.0885819792747498e-10,1.7763568394002505e-15
inhibition_only_hypothesis,once_through,1032.6181510084284,21.70011184311015,19542.957327888405,87986.5286441593,1010.9180391653175,1139999.9999999988,5132013.471355841,0.0,6167.784477574695,1139999.9999999988,5129999.999999998,0.0,171.0,0.29229317799207055,0.07599622627793835,0.6014508797784506,0.29685777229941573,3.4058035191138023,0.5573363529854732,0.8436993302923993,0.5214125634181084,2.0816342782548705,0.043744821462288884,0.043744821462288884,0.0,2.03788945679258,0.0,0.0,2.03788945679258,0.0,0.043744821462288884,0.0,4.502211572585271,457.042672111605,418.8707240708029,9.58933549130963,454.96103783335013,0.0,0.0,0.0,41678.75579999997,-48754.258892799335,1.6042531569837592e-15,0.0,1.0885819792747498e-10,1.3322676295501878e-15
inhibition_only_hypothesis,once_through,1039.9538878469514,21.642482725344852,19539.71048900289,87971.8030877843,1018.3114051216057,1146666.6666666656,5162028.196912216,0.0,6204.510704856896,1146666.6666666656,5159999.999999998,0.0,172.0,0.2943696336803145,0.07653610475688177,0.6057310921045774,0.2966440444030264,3.4229243684183097,0.5550265839573183,0.8430707188324306,0.5199710240372912,2.096422243432912,0.043628648076368175,0.043628648076368175,0.0,2.0527935953565426,0.0,0.0,2.0527935953565426,0.0,0.043628648076368175,0.0,4.502206065811239,460.28951099712316,417.6417313995609,9.615920443369573,458.19308875369023,0.0,0.0,0.0,41922.49121403504,-49034.72053411661,1.6042531569837592e-15,0.0,1.0885819792747498e-10,1.3322676295501878e-15
inhibition_only_hypothesis,once_through,1047.269293199109,21.583236813999832,19536.47264894898,87957.11480594234,1025.686056385108,1153333.3333333323,5192042.885194058,0.0,6241.244516507837,1153333.3333333323,5189999.999999998,0.0,173.0,0.2964403343324328,0.07707448692643253,0.6099536647290887,0.2964314459525133,3.439814658916355,0.5527327492621321,0.842445429272098,0.5185403502273693,2.1111692227742194,0.04350921542860598,0.04350921542860598,0.0,2.0676600073456113,0.0,0.0,2.0676600073456113,0.0,0.04350921542860598,0.0,4.502200391362575,463.5273510510332,416.4161449638872,9.642451156997913,461.41618182825897,0.0,0.0,0.0,42166.226628070144,-49315.189759802655,2.291790224262513e-15,0.0,1.0885819792747498e-10,2.220446049250313e-15
inhibition_only_hypothesis,once_through,1054.5638843464747,21.52244128969964,19533.244021380604,87942.46489388145,1033.0414430567741,1159999.999999999,5222057.535106119,0.0,6277.985897011746,1159999.999999999,5219999.999999998,0.0,174.0,0.2985051433100148,0.07761133726060386,0.6141191921718356,0.29621996861032507,3.4564767686873425,0.5504548807768515,0.8418234370891914,0.5171204282634587,2.125874243176371,0.04338665894707971,0.04338665894707971,0.0,2.08248758422929,0.0,0.0,2.08248758422929,0.0,0.04338665894707971,0.0,4.502194555989871,466.75597861941156,415.19404563601336,9.668927636045035,464.6301043762352,0.0,0.0,0.0,42409.96204210524,-49595.66655434166,1.8334321794100104e-15,0.0,1.0885819792747498e-10,1.7763568394002505e-15
inhibition_only_hypothesis,once_through,1061.8371994287384,21.460161839921465,19530.02481071976,87927.85440233209,1040.3770375888157,1166666.6666666658,5252072.145597668,0.0,6314.734830858234,1166666.6666666658,5249999.999999998,0.0,175.0,0.3005639298787541,0.07814662176847606,0.6182282779925986,0.29600960393495584,3.4729131119703944,0.5481930024667888,0.8412047174557525,0.5157111447079191,2.1405363735844047,0.04326111104986088,0.04326111104986088,0.0,2.0972752625345414,0.0,0.0,2.0972752625345414,0.0,0.04326111104986088,0.0,4.502188566297658,469.9751892802556,413.97551079370623,9.695349909166353,467.83465290667124,0.0,0.0,0.0,42653.69745614033,-49876.15090222324,2.291790224262513e-15,0.0,1.0885819792747498e-10,2.220446049250313e-15
inhibition_only_hypothesis,once_through,1069.0887969478063,21.396462653344187,19526.81521237602,87913.28433848353,1047.6923342944608,1173333.3333333326,5282086.715661517,0.0,6351.4913025490905,1173333.3333333326,5279999.999999998,0.0,176.0,0.3026165690680786,0.07868030795770044,0.6222815337541551,0.29580034339838307,3.4891261350166203,0.5459471307050245,0.8405892452893621,0.5143123865222791,2.1551547239911435,0.043132701133623476,0.043132701133623476,0.0,2.1120220228575173,0.0,0.0,2.1120220228575173,0.0,0.043132701133623476,0.0,4.502182428743651,473.1847876239958,412.7606144033492,9.721718027849615,471.0296329000047,0.0,0.0,0.0,42897.43287017541,-50156.642787949175,2.750148269115016e-15,0.0,1.6328729689121246e-10,2.6645352591003757e-15
inhibition_only_hypothesis,once_through,1076.3182552730084,21.33140641728279,19523.615412965515,87898.75566696432,1054.9868488557245,1179999.9999999993,5312101.244333036,0.0,6388.25529660452,1179999.9999999993,5309999.999999998,0.0,177.0,0.304662941531095,0.0792123647980847,0.6262795780341212,0.29559217840233,3.5051183121364846,0.5437172745847214,0.8399769953009706,0.5129240411697797,2.1697284444397518,0.04300155556847202,0.04300155556847202,0.0,2.1267268888712776,0.0,0.0,2.1267268888712776,0.0,0.04300155556847202,0.0,4.502176149638314,476.38458703449726,411.54942710283655,9.748032064546925,474.21485859005753,0.0,0.0,0.0,43141.16828421051,-50437.1421960397,2.291790224262513e-15,0.0,1.6328729689121246e-10,2.220446049250313e-15
inhibition_only_hypothesis,once_through,1083.5251721482048,21.26505431799281,19520.42559052911,87884.26931082457,1062.2601178302107,1186666.666666666,5342115.730689175,0.0,6425.026797568871,1186666.666666666,5339999.999999998,0.0,178.0,0.3067029334050696,0.0797427626853181,0.6302230354843569,0.2953851002934068,3.5208921419374275,0.5415034362242135,0.8393679420394319,0.5115459967090616,2.184256724030123,0.042867797698555345,0.042867797698555345,0.0,2.141388926331565,0.0,0.0,2.141388926331565,0.0,0.042867797698555345,0.0,4.502169735144715,479.5744094709025,410.3420162841504,9.774292110908096,477.39015274687233,0.0,0.0,0.0,43384.903698245595,-50717.649111039136,2.750148269115016e-15,0.0,1.0885819792747498e-10,2.6645352591003757e-15
inhibition_only_hypothesis,once_through,1090.7091642015262,21.197466043637807,19517.245914749376,87869.82615251829,1069.5116981578872,1193333.3333333328,5372130.173847483,0.0,6461.8057900158665,1193333.3333333328,5369999.999999998,0.0,179.0,0.3087364361726555,0.08027147340489044,0.6341125359366817,0.29517910037718403,3.536450143746727,0.5393056110647522,0.8387620599328943,0.5101781418794965,2.1987387899305726,0.04273154784804858,0.04273154784804858,0.0,2.1560072420825214,0.0,0.0,2.1560072420825214,0.0,0.04273154784804858,0.0,4.502163191278653,482.7540852506397,409.1384461754973,9.800498276111943,480.55534646070913,0.0,0.0,0.0,43628.63911228068,-50998.16351752122,2.291790224262513e-15,0.0,1.6328729689121246e-10,2.6645352591003757e-15
inhibition_only_hypothesis,once_through,1097.8698664584267,21.12869978972087,19514.076547166118,87855.4270348841,1076.7411666687046,1199999.9999999995,5402144.572965116,0.0,6498.592258553373,1199999.9999999995,5399999.999999998,0.0,180.0,0.3107633465240574,0.08079847009625493,0.6379487135536138,0.29497416993124803,3.5517948542144553,0.5371237881608164,0.8381593233272001,0.5088203661786395,2.213173906396213,0.0425929233321025,0.0425929233321025,0.0,2.170580983064108,0.0,0.0,2.170580983064108,0.0,0.0425929233321025,0.0,4.5021565239090275,485.9234528338973,407.9387779228874,9.826650685292288,483.71027892750107,0.0,0.0,0.0,43872.374526315776,-51278.68540009382,2.291790224262513e-15,0.0,1.0885819792747498e-10,2.6645352591003757e-15
inhibition_only_hypothesis,once_through,1105.0069318586652,21.058812266790017,19510.917641390177,87841.07276212261,1083.948119591874,1206666.6666666663,5432158.927237878,0.0,6535.386187827731,1206666.6666666663,5429999.999999998,0.0,181.0,0.31278356622030784,0.08132372721728004,0.6417322060228112,0.29477030021729117,3.566928824091245,0.5349579504629264,0.8375597065214446,0.5074725599322774,2.227561373795246,0.042452038472376656,0.042452038472376656,0.0,2.185109335322867,0.0,0.0,2.185109335322867,0.0,0.042452038472376656,0.0,4.50214973875846,489.08235860983655,406.7430696710585,9.852749478055038,486.8547972360413,0.0,0.0,0.0,44116.109940350856,-51559.21474340326,2.291790224262513e-15,0.0,1.0885819792747498e-10,2.220446049250313e-15
inhibition_only_hypothesis,once_through,1112.1200307777824,20.987858710235272,19507.76934331522,87826.76410076905,1091.132172067546,1213333.333333333,5462173.235899231,0.0,6572.187562527682,1213333.333333333,5459999.999999998,0.0,182.0,0.31479700195781674,0.08184722050903236,0.6454636537938843,0.2945674824922845,3.581854615175537,0.5328080750929169,0.8369631838008368,0.5061346143575158,2.241900527644316,0.042309004616789075,0.042309004616789075,0.0,2.1995915230275243,0.0,0.0,2.1995915230275243,0.0,0.042309004616789075,0.0,4.502142841404104,492.23065668479546,405.55137664364423,9.87879480708303,489.98875615715116,0.0,0.0,0.0,44359.84535438596,-51839.75153213831,2.291790224262513e-15,0.0,1.0885819792747498e-10,2.6645352591003757e-15
inhibition_only_hypothesis,once_through,1119.2088505535867,20.9158928920038,19504.631791327305,87812.50178065967,1098.2929576615816,1219999.9999999998,5492187.498219341,0.0,6608.996367387897,1219999.9999999998,5489999.999999998,0.0,183.0,0.31680356523433806,0.0823689269609279,0.6491436993562225,0.2943657080187817,3.59657479742489,0.5306741336116559,0.836369729467005,0.5048064216193395,2.2561907376539643,0.042163930163132614,0.042163930163132614,0.0,2.214026807490829,0.0,0.0,2.214026807490829,0.0,0.042163930163132614,0.0,4.5021358372786775,495.36820867270814,404.3637512225048,9.90478683682507,493.11201793505415,0.0,0.0,0.0,44603.580768421045,-52120.29575103361,2.750148269115016e-15,0.0,1.6328729689121246e-10,2.6645352591003757e-15
inhibition_only_hypothesis,once_through,1126.2730950181162,20.842967134067727,19501.505116512068,87798.28649589083,1105.4301278840474,1226666.6666666665,5522201.7135041095,0.0,6645.812587192155,1226666.6666666665,5519999.999999998,0.0,184.0,0.3188031722164871,0.08288882477628665,0.6527729865564851,0.29416496807440023,3.6110919462259403,0.5285560922792059,0.8357793178658831,0.5034878748810501,2.27043140678512,0.04201692058622445,0.04201692058622445,0.0,2.228414486198893,0.0,0.0,2.228414486198893,0.0,0.04201692058622445,0.0,4.502128731671658,498.4948834879486,403.18024302613986,9.930725742265906,496.22445208116346,0.0,0.0,0.0,44847.31618245613,-52400.84738487296,2.291790224262513e-15,0.0,1.0885819792747498e-10,2.6645352591003757e-15
inhibition_only_hypothesis,once_through,1133.3124840354956,20.76913232348723,19498.389442859232,87784.11890576937,1112.543351712007,1233333.3333333333,5552215.88109423,0.0,6682.636206776168,1233333.3333333333,5549999.999999998,0.0,185.0,0.3207957436089257,0.08340689333832069,0.6563521599543892,0.29396525396052536,3.625408639817557,0.5264539123074529,0.83519192341331,0.5021788683489901,2.284621970317475,0.04186807846827144,0.04186807846827144,0.0,2.2427538918492007,0.0,0.0,2.2427538918492007,0.0,0.04186807846827144,0.0,4.50212152973065,501.61055714078356,402.00089898711326,9.956611707773497,499.3259351704661,0.0,0.0,0.0,45091.05159649123,-52681.406418492064,2.750148269115016e-15,0.0,1.0885819792747498e-10,2.6645352591003757e-15
inhibition_only_hypothesis,once_through,1140.3267530460646,20.6944379289198,19495.28488746441,87769.99963575356,1119.6323151171432,1240000.0,5582230.000364246,0.0,6719.467211030102,1240000.0,5579999.999999998,0.0,186.0,0.32278120452532383,0.0839231131765842,0.6598818642154463,0.2937665570102799,3.639527456861785,0.5243675501052376,0.8346075206184704,0.5008792973119156,2.2987618949305006,0.04171750353215085,0.04171750353215085,0.0,2.2570443913983467,0.0,0.0,2.2570443913983467,0.0,0.04171750353215085,0.0,4.5021142364629005,504.71511253560146,400.8257634284275,9.98244492602041,502.41635064067094,0.0,0.0,0.0,45334.78701052632,-52961.9728367811,3.2085063139675184e-15,0.0,5.442909896373749e-11,3.1086244689504383e-15
inhibition_only_hypothesis,once_through,1147.3156526171156,20.618932018434233,19492.191560727948,87755.92927838328,1126.6967205986798,1246666.6666666667,5612244.070721616,0.0,6756.305584900782,1246666.6666666667,5609999.999999998,0.0,187.0,0.3247594843611905,0.08443746593390954,0.6633627435392914,0.2935688685958023,3.6534509741571655,0.5222969575160433,0.8340260841053009,0.4995890581753866,2.312850677797791,0.041565292677321196,0.041565292677321196,0.0,2.2712853851204664,0.0,0.0,2.2712853851204664,0.0,0.041565292677321196,0.0,4.502106856736943,507.8084392720658,399.6548781387915,10.008225596975928,505.49558859426804,0.0,0.0,0.0,45578.52242456139,-53242.546624686845,3.2085063139675184e-15,0.0,5.442909896373749e-11,3.1086244689504383e-15
inhibition_only_hypothesis,once_through,1154.278948000537,20.542661278495764,19489.109566550687,87741.90839419901,1133.73628672204,1253333.3333333335,5642258.091605801,0.0,6793.15131339364,1253333.3333333335,5639999.999999998,0.0,188.0,0.3267305166686607,0.08494993433385178,0.6667954411222765,0.29337218013487276,3.667181764489106,0.5202420820483045,0.8334475886319788,0.49830804849151283,2.3268878456953224,0.04141154001809404,0.04141154001809404,0.0,2.285476305677226,0.0,0.0,2.285476305677226,0.0,0.04141154001809404,0.0,4.502099395284387,510.89043344932617,398.48828244672995,10.03395392696564,508.56354560363087,0.0,0.0,0.0,45822.257838596495,-53523.127767214806,2.291790224262513e-15,0.0,1.0885819792747498e-10,2.6645352591003757e-15
inhibition_only_hypothesis,once_through,1161.216418697623,20.465671033996074,19486.039002526613,87727.93751264841,1140.7507476636256,1260000.0000000002,5672272.062487352,0.0,6830.004381574382,1260000.0000000002,5669999.999999998,0.0,189.0,0.32869423903331013,0.08546050214866063,0.6701805986530011,0.29317648309692707,3.6807223946120042,0.5182028670984178,0.832872009108609,0.4970361669843808,2.340872954124164,0.041256336924012,0.041256336924012,0.0,2.2996166172001495,0.0,0.0,2.2996166172001495,0.0,0.041256336924012,0.0,4.502091856701783,513.9609974734001,397.3260132934937,10.059630127795355,511.6201245192759,0.0,0.0,0.0,46065.993252631575,-53803.71624943063,2.750148269115016e-15,0.0,1.0885819792747498e-10,2.6645352591003757e-15
inhibition_only_hypothesis,once_through,1168.1278580312778,20.388005269209128,19482.979960132187,87714.01713298014,1147.7398527620674,1266666.666666667,5702285.982867019,0.0,6866.864774570433,1266666.666666667,5699999.999999998,0.0,190.0,0.330650592953063,0.08596915416779638,0.6735188558394785,0.2929817690084946,3.694075423357914,0.5161792521665453,0.8322993206132194,0.4957733135714749,2.354805586448092,0.041099772062093295,0.041099772062093295,0.0,2.313705814385996,0.0,0.0,2.313705814385996,0.0,0.041099772062093295,0.0,4.5020842454526155,517.0200398678282,396.1681053047298,10.08525441593612,514.6652342813802,0.0,0.0,0.0,46309.72866666668,-54084.312056461786,2.750148269115016e-15,0.0,5.442909896373749e-11,2.6645352591003757e-15
inhibition_only_hypothesis,once_through,1175.013072725809,20.309706649561214,19479.932524912325,87700.14772512417,1154.7033660762463,1273333.3333333337,5732299.852274875,0.0,6903.732477572143,1273333.3333333337,5729999.999999998,0.0,191.0,0.33259952371924884,0.0864758761670047,0.6768108499666595,0.2927880294580963,3.707243399866638,0.5141711730653074,0.8317294984061656,0.4945193893813769,2.3686853530465037,0.040941931440717456,0.040941931440717456,0.0,2.327743421605783,0.0,0.0,2.327743421605783,0.0,0.040941931440717456,0.0,4.502076565869363,520.067475087689,395.0145908608816,10.110827011767508,517.6987897346424,0.0,0.0,0.0,46553.464080701764,-54364.91517349858,3.2085063139675184e-15,0.0,5.442909896373749e-11,3.1086244689504383e-15
inhibition_only_hypothesis,once_through,1181.8718824944788,20.230816544109885,19476.896776662965,87686.32973055809,1161.6410659503672,1280000.0000000005,5762313.670269441,0.0,6940.607475833793,1280000.0000000005,5759999.999999998,0.0,192.0,0.33454098029985385,0.086980654877962,0.6800572154830523,0.2925952561006376,3.7202288619322093,0.5121785621214782,0.8311625179430517,0.49327429676803347,2.3825118904829696,0.04078289845494023,0.04078289845494023,0.0,2.341728992028026,0.0,0.0,2.341728992028026,0.0,0.04078289845494023,0.0,4.502068822155644,523.103223337046,393.86550016628746,10.136348138875952,520.720711446563,0.0,0.0,0.0,46797.199494736844,-54645.52558579531,3.2085063139675184e-15,0.0,5.442909896373749e-11,3.1086244689504383e-15
inhibition_only_hypothesis,once_through,1188.7041196349455,20.151375048633355,19473.872789610123,87672.56356315866,1168.5527445863106,1286666.6666666672,5792327.43643684,0.0,6977.489754674404,1286666.6666666672,5789999.999999998,0.0,193.0,0.3364749152250072,0.08748347795850188,0.683258583615207,0.2924034406613272,3.733034334460828,0.5102013483707966,0.8305983548862564,0.4920379393218385,2.396284860689694,0.040622753933039005,0.040622753933039005,0.0,2.3556621067566517,0.0,0.0,2.3556621067566517,0.0,0.040622753933039005,0.0,4.502061018388418,526.1272103898879,392.7208613169593,10.161818023405582,523.7309255291982,0.0,0.0,0.0,47040.934908771946,-54926.14327867102,3.2085063139675184e-15,0.0,5.442909896373749e-11,3.1086244689504383e-15
inhibition_only_hypothesis,once_through,1195.5096286327155,20.071421009238172,19470.860632585398,87658.8496100389,1175.4382076234756,1293333.333333334,5822341.15038996,0.0,7014.3792994783735,1293333.333333334,5819999.999999998,0.0,194.0,0.3384012844747335,0.08798433396343071,0.6864155820088634,0.29221257493915453,3.7456623280354537,0.5082394577460184,0.8300369851151604,0.4908102218777927,2.410003950168118,0.040461576184103044,0.040461576184103044,0.0,2.369542373984012,0.0,0.0,2.369542373984012,0.0,0.040461576184103044,0.0,4.502053158520261,529.1393674146146,391.5807003670179,10.187236893458495,526.7293634644466,0.0,0.0,0.0,47284.67032280703,-55206.76823751008,3.666864358820021e-15,0.0,5.442909896373749e-11,3.1086244689504383e-15
inhibition_only_hypothesis,once_through,1202.288265772683,19.990992046399064,19467.86036919791,87645.18823236953,1182.2972737262824,1300000.0000000007,5852354.811767629,0.0,7051.27609569594,1300000.0000000007,5849999.999999998,0.0,195.0,0.34032004736899524,0.08848321231593877,0.689528834395581,0.2920226508099542,3.758115337582324,0.5062928132583387,0.8294783847351594,0.48959105052096297,2.423668869205836,0.040299441046494945,0.040299441046494945,0.0,2.383369428159338,0.0,0.0,2.383369428159338,0.0,0.040299441046494945,0.0,4.502045246381669,532.1396308021021,390.4450413937735,10.212604978542013,529.7159619328963,0.0,0.0,0.0,47528.40573684211,-55487.400447762724,3.2085063139675184e-15,0.0,5.442909896373749e-11,3.1086244689504383e-15
inhibition_only_hypothesis,once_through,1209.0398987588342,19.910124579350516,19464.872058002627,87631.57976618504,1189.129774179482,1306666.6666666674,5882368.420233814,0.0,7088.180128843498,1306666.6666666674,5879999.999999998,0.0,196.0,0.3422311664600465,0.08898010327961209,0.6925989602837098,0.29183366022908613,3.7703958411348393,0.5043613351723171,0.8289225300855475,0.4883803325894695,2.4372793511099586,0.04013642193702111,0.04013642193702111,0.0,2.397142929172934,0.0,0.0,2.397142929172934,0.0,0.04013642193702111,0.0,4.502037285683412,535.1279419973818,389.31390656143867,10.237922509060125,532.6906626462718,0.0,0.0,0.0,47772.141150877214,-55768.03989494538,3.2085063139675184e-15,0.0,5.442909896373749e-11,3.552713678800501e-15
inhibition_only_hypothesis,once_through,1215.7644063421524,19.828853850755436,19461.89575266506,87618.0245231739,1195.9355524913951,1313333.3333333342,5912381.975476826,0.0,7125.091384503782,1313333.3333333342,5909999.999999998,0.0,197.0,0.3441346074271071,0.08947499793104785,0.695626574672585,0.2916455952337578,3.78250629869034,0.5024449411744454,0.8283693977463465,0.48717797667519724,2.450835151457018,0.03997258990066087,0.03997258990066087,0.0,2.4108625615563533,0.0,0.0,2.4108625615563533,0.0,0.03997258990066087,0.0,4.502029280018917,538.1042473349484,388.18731618346743,10.26318971584693,535.6534121834914,0.0,0.0,0.0,48015.8765649123,-56048.68656464075,3.666864358820021e-15,0.0,5.442909896373749e-11,3.9968028886505635e-15
inhibition_only_hypothesis,once_through,1222.461677956754,19.747213951581518,19458.931502122297,87604.52279145282,1202.7144640051706,1320000.000000001,5942395.477208546,0.0,7162.009848325912,1320000.000000001,5939999.999999998,0.0,198.0,0.34603033897336777,0.08996788813307563,0.6986122877888642,0.29145844794501463,3.794449151155457,0.5005435465354997,0.8278189645441607,0.48598389262244146,2.464336047359461,0.039808013660714146,0.039808013660714146,0.0,2.424528033698743,0.0,0.0,2.424528033698743,0.0,0.039808013660714146,0.0,4.502021232866676,541.0684978777124,387.0652887835152,10.288406829739264,538.604161830353,0.0,0.0,0.0,48259.611978947396,-56329.34044249798,4.125222403672524e-15,0.0,5.442909896373749e-11,3.9968028886505635e-15
inhibition_only_hypothesis,once_through,1229.1316133642629,19.66523784612075,19455.97935074041,87591.07483632505,1209.4663755181402,1326666.6666666677,5972408.925163674,0.0,7198.935506025325,1326666.6666666677,5969999.999999998,0.0,199.0,0.347918332725326,0.09045876650858477,0.7015567048439534,0.2912722105694209,3.8062268193758135,0.49865706426681966,0.8272712075571202,0.48479799152465103,2.47778183674875,0.039642759669237894,0.039642759669237894,0.0,2.438139077079508,0.0,0.0,2.438139077079508,0.0,0.039642759669237894,0.0,4.502013147592681,544.0206492595979,385.9478411550182,10.31357408118668,541.5428674228492,0.0,0.0,0.0,48503.34739298248,-56610.00151423248,3.666864358820021e-15,0.0,5.442909896373749e-11,3.9968028886505635e-15
inhibition_only_hypothesis,once_through,1235.7741223064118,19.582957397092738,19453.03933846823,87577.68090102207,1216.1911649093172,1333333.3333333344,6002422.319098977,0.0,7235.868343383609,1333333.3333333344,5999999.999999998,0.0,200.0,0.34979856313445196,0.09094762641495752,0.704460425811509,0.29108687540045597,3.817841703246036,0.4967854052706637,0.8267261041189882,0.48362018571945703,2.491172337675049,0.03947689215765131,0.03947689215765131,0.0,2.451695445517394,0.0,0.0,2.451695445517394,0.0,0.03947689215765131,0.0,4.502005027452852,546.9606615317822,384.83498841939524,10.33869169989618,544.4694891941072,0.0,0.0,0.0,48747.08280701757,-56890.66976562585,3.666864358820021e-15,0.0,5.442909896373749e-11,3.552713678800501e-15
inhibition_only_hypothesis,once_through,1242.3891241658523,19.50040339077671,19450.11150098744,87564.34120742933,1222.8887207750736,1340000.0000000012,6032435.65879257,0.0,7272.808346248227,1340000.0000000012,6029999.999999998,0.0,201.0,0.35167100738117674,0.09143446191910595,0.7073240452240243,0.29090243481964606,3.829296180896097,0.49492847848478605,0.8261836318224884,0.48245038878213803,2.504507387623458,0.039310473187398956,0.039310473187398956,0.0,2.465196914436055,0.0,0.0,2.465196914436055,0.0,0.039310473187398956,0.0,4.501996875595488,549.8884990125678,383.72674408287384,10.363759914509819,547.3839916249443,0.0,0.0,0.0,48990.81822105267,-57171.34518252557,4.125222403672524e-15,0.0,1.0885819792747498e-10,3.9968028886505635e-15
inhibition_only_hypothesis,once_through,1248.9765476351317,19.41760556212169,19447.19586985914,87551.05595679554,1229.5589420730082,1346666.666666668,6062448.944043203,0.0,7309.7555005321665,1346666.666666668,6059999.999999998,0.0,202.0,0.3535356452811932,0.09191926777311023,0.7101481519875535,0.2907188812974514,3.840592607950214,0.49308619102138623,0.8256437685219159,0.4812885155176715,2.517786842846709,0.039143562700569866,0.039143562700569866,0.0,2.4786432801461356,0.0,0.0,2.4786432801461356,0.0,0.039143562700569866,0.0,4.5019886950637105,552.80413014087,382.6231200919482,10.388778952313094,550.2863432980233,0.0,0.0,0.0,49234.55363508775,-57452.02775084459,3.666864358820021e-15,0.0,5.442909896373749e-11,3.552713678800501e-15
inhibition_only_hypothesis,once_through,1255.5363303937913,19.3345926197883,19444.29247266671,87537.82533042577,1236.2017377740012,1353333.3333333347,6092462.174669573,0.0,7346.709792213496,1353333.3333333347,6089999.999999998,0.0,203.0,0.35539245919405515,0.09240203939045434,0.7129333292136533,0.2905362073939295,3.851733316854613,0.49125844830057974,0.8251064923350868,0.48013448195151803,2.5310105777142358,0.038976218570378834,0.038976218570378834,0.0,2.492034359143853,0.0,0.0,2.492034359143853,0.0,0.038976218570378834,0.0,4.501980488797918,555.7075273332994,381.5241268874761,10.413749038972124,553.1765167555851,0.0,0.0,0.0,49478.289049122846,-57732.71745656102,3.666864358820021e-15,0.0,5.442909896373749e-11,3.552713678800501e-15
inhibition_only_hypothesis,once_through,1262.0684187935206,19.251392271079727,19441.401333155205,87524.64949035806,1242.817026522439,1360000.0000000014,6122475.350509641,0.0,7383.671207334867,1360000.0000000014,6119999.999999998,0.0,204.0,0.357241433934057,0.09288277282285483,0.7156801540676496,0.29035440575919075,3.8627206162705985,0.48944515417854073,0.8245717816446787,0.4789882053192577,2.544178484077482,0.0388084966514242,0.0388084966514242,0.0,2.505369987426054,0.0,0.0,2.505369987426054,0.0,0.0388084966514242,0.0,4.501972259638211,558.598666844808,380.4297734574275,10.438670398297958,556.0544883607305,0.0,0.0,0.0,49722.02446315793,-58013.414285717474,3.666864358820021e-15,0.0,5.442909896373749e-11,3.552713678800501e-15
inhibition_only_hypothesis,once_through,1268.5727675512996,19.16803124672274,19438.522471367138,87511.52858002404,1249.4047363045752,1366666.6666666681,6152488.471419975,0.0,7420.6397320029355,1366666.6666666681,6149999.999999998,0.0,205.0,0.3590825566833747,0.09336146473767742,0.7183891976323843,0.29017346913366465,3.873556790529537,0.487646211070464,0.8240396150990137,0.4778496040552127,2.5572904706513135,0.03864045082964344,0.03864045082964344,0.0,2.518650019821667,0.0,0.0,2.518650019821667,0.0,0.03864045082964344,0.0,4.501964010326821,561.4775286328736,379.340067388293,10.46354325203601,558.9202381622223,0.0,0.0,0.0,49965.75987719303,-58294.118224420636,3.666864358820021e-15,0.0,5.442909896373749e-11,3.1086244689504383e-15
inhibition_only_hypothesis,once_through,1275.0493394504501,19.08453532546355,19435.65590377483,87498.46272489334,1255.9648041249848,1373333.333333335,6182501.537275106,0.0,7457.615352387741,1373333.333333335,6179999.999999998,0.0,206.0,0.36091581690744506,0.09383811239593572,0.7210610247866135,0.28999339034819166,3.884244099146454,0.485861520068497,0.8235099716123284,0.47671859778015857,2.5703464624113734,0.038472133071895454,0.038472133071895454,0.0,2.531874329339474,0.0,0.0,2.531874329339474,0.0,0.038472133071895454,0.0,4.501955743510525,564.3440962251825,378.2550149151688,10.488367819679185,561.7737497627711,0.0,0.0,0.0,50209.49529122812,-58574.82925884054,3.666864358820021e-15,0.0,5.442909896373749e-11,3.9968028886505635e-15
inhibition_only_hypothesis,once_through,1281.4981050494994,19.00092935844624,19432.801643409242,87485.45203310192,1262.497175691051,1380000.0000000016,6212514.5479668975,0.0,7494.598054722026,1380000.0000000016,6209999.999999998,0.0,207.0,0.36274120627255674,0.09431271363086476,0.7236961940972673,0.28981416232395635,3.894784776389069,0.4840909810547886,0.8229828303645775,0.47559510728823545,2.5833464000071844,0.0383035934751046,0.0383035934751046,0.0,2.545042806532076,0.0,0.0,2.545042806532076,0.0,0.0383035934751046,0.0,4.501947461743025,567.1983565907713,377.1746209705321,10.513144318302961,564.6150101907641,0.0,0.0,0.0,50453.2307052632,-58855.5473752099,4.125222403672524e-15,0.0,5.442909896373749e-11,3.9968028886505635e-15
inhibition_only_hypothesis,once_through,1287.919042398768,18.91723729334474,19429.959699985426,87472.49659606471,1269.0018051054212,1386666.6666666684,6242527.503403935,0.0,7531.587825300518,1386666.6666666684,6239999.999999998,0.0,208.0,0.3645587185656274,0.09478526682706312,0.726295257724813,0.28963577807227536,3.905181030899252,0.48233449280980173,0.82245817080081,0.47447905453315736,2.5962902391908282,0.03813488031490779,0.03813488031490779,0.0,2.5581553588759163,0.0,0.0,2.5581553588759163,0.0,0.03813488031490779,0.0,4.501939167487327,570.0403000145867,376.09888923172235,10.53787296242092,567.4440097753959,0.0,0.0,0.0,50696.96611929829,-59136.27255982348,4.125222403672524e-15,0.0,5.442909896373749e-11,3.9968028886505635e-15
inhibition_only_hypothesis,once_through,1294.3121367645747,18.833482198222182,19427.13008002459,87459.59648907238,1275.4786545663505,1393333.3333333351,6272540.403510926,0.0,7568.584650479165,1393333.3333333351,6269999.999999998,0.0,209.0,0.3663683496161371,0.09525577090019566,0.7288587613409931,0.28945823069425336,3.9154350453639726,0.48059195311603264,0.8219359726301569,0.4733703626138019,2.6091779502609707,0.03796604009375213,0.03796604009375213,0.0,2.5712119101672144,0.0,0.0,2.5712119101672144,0.0,0.03796604009375213,0.0,4.501930863118083,572.8699199754178,375.0278221671469,10.562553963859454,570.2607420251569,0.0,0.0,0.0,50940.701533333384,-59417.00479903722,4.125222403672524e-15,0.0,5.442909896373749e-11,3.9968028886505635e-15
inhibition_only_hypothesis,once_through,1300.677380360948,18.749686285094217,19424.312786972863,87446.75177187276,1281.9276940758518,1400000.0000000019,6302553.248228126,0.0,7605.588516674353,1400000.0000000019,6299999.999999998,0.0,210.0,0.36817009722018684,0.09572422527724858,0.7313872440582363,0.2892815133803197,3.925548976232945,0.47886325885728315,0.8214162158244698,0.47226895575927574,2.6220095175220277,0.037797117588395726,0.037797117588395726,0.0,2.584212399933628,0.0,0.0,2.584212399933628,0.0,0.037797117588395726,0.0,4.501922550923908,575.6872130271493,373.96142108122854,10.587187531650065,573.0652035096273,0.0,0.0,0.0,51184.43694736847,-59697.7440792675,4.125222403672524e-15,0.0,5.442909896373749e-11,3.9968028886505635e-15
inhibition_only_hypothesis,once_through,1307.0147720887314,18.665870933175338,19421.50782131672,87433.96248923657,1288.3489011555541,1406666.6666666686,6332566.037510762,0.0,7642.599410362072,1406666.6666666686,6329999.999999998,0.0,211.0,0.3699639610666488,0.0961906298773287,0.7338812383700721,0.2891056194096569,3.9355249534802885,0.4771483061136246,0.820898880616638,0.47117475931352465,2.634784938758232,0.037628155896769495,0.037628155896769495,0.0,2.5971567828614583,0.0,0.0,2.5971567828614583,0.0,0.037628155896769495,0.0,4.501914233109672,578.4921786832879,372.8996861581144,10.611773871938134,575.8573937445296,0.0,0.0,0.0,51428.17236140356,-59978.49038699031,4.125222403672524e-15,0.0,0.0,3.9968028886505635e-15
inhibition_only_hypothesis,once_through,1313.3243172819643,18.58205671178967,19418.7151806953,87421.22867150832,1294.7422605701727,1413333.3333333354,6362578.77132849,0.0,7679.617318077087,1413333.3333333354,6359999.999999998,0.0,212.0,0.37174994266537786,0.09665498509299825,0.7363412701019103,0.2889305421495315,3.9453650804076412,0.4754469902521919,0.8203839474986221,0.4700876997195618,2.647504224722366,0.03745919648416256,0.03745919648416256,0.0,2.6100450282381993,0.0,0.0,2.6100450282381993,0.0,0.03745919648416256,0.0,4.501905911798751,581.2848193047103,371.8426165041661,10.636313187906913,578.6373150799878,0.0,0.0,0.0,51671.90777543865,-60259.24370874041,4.125222403672524e-15,0.0,0.0,4.440892098500626e-15
inhibition_only_hypothesis,once_through,1319.606027461412,18.49826340293003,19415.934860009438,87408.5503351421,1301.1077640584801,1420000.000000002,6392591.449664857,0.0,7716.642226412058,1420000.000000002,6389999.999999998,0.0,213.0,0.3735280452774449,0.09711729177213567,0.738767858371566,0.2887562750545379,3.955071433486264,0.47375920601394755,0.8198713972192291,0.46900770450338075,2.6601673986389107,0.03729027922869858,0.03729027922869858,0.0,2.6228771194102087,0.0,0.0,2.6228771194102087,0.0,0.03729027922869858,0.0,4.5018975890352575,584.0651399905723,370.79021018925226,10.660805679715564,581.4049725919334,0.0,0.0,0.0,51915.64318947374,-60540.00403111047,3.666864358820021e-15,0.0,5.442909896373749e-11,3.552713678800501e-15
inhibition_only_hypothesis,once_through,1325.8599200951217,18.414510023450934,19413.16685152768,87395.92748322274,1307.4454100716687,1426666.6666666688,6422604.072516777,0.0,7753.674122016676,1426666.6666666688,6419999.999999998,0.0,214.0,0.37529827384736014,0.09757755120031364,0.7411615155589479,0.288582811665764,3.9646460622357917,0.4720848475965455,0.8193612107816588,0.4679347022576151,2.6727744957213537,0.03712144246607427,0.03712144246607427,0.0,2.6356530532552753,0.0,0.0,2.6356530532552753,0.0,0.03712144246607427,0.0,4.5018892667862325,586.8331484723315,369.74246428686376,10.685251544450145,584.1603739766101,0.0,0.0,0.0,52159.37860350883,-60820.77134075017,4.125222403672524e-15,0.0,5.442909896373749e-11,3.9968028886505635e-15
inhibition_only_hypothesis,once_through,1332.0860183658729,18.330814846883374,19410.41114498919,87383.3601059723,1313.7552035189874,1433333.3333333356,6452616.639894027,0.0,7790.71299159676,1433333.3333333356,6449999.999999998,0.0,215.0,0.3770606349372476,0.09803576508368439,0.7435227472843466,0.28841014560988754,3.9740909891373866,0.4704238087334298,0.8188533694408457,0.46686862262499507,2.6853255627033956,0.03695272303353525,0.03695272303353525,0.0,2.648372839669856,0.0,0.0,2.648372839669856,0.0,0.03695272303353525,0.0,4.5018809469437935,589.5888550108177,368.6993749130734,10.709650976086632,586.9035294481143,0.0,0.0,0.0,52403.114017543914,-61101.545624365346,4.125222403672524e-15,0.0,1.0885819792747498e-10,4.440892098500626e-15
inhibition_only_hypothesis,once_through,1338.2843509453928,18.247195424860745,19407.66772770371,87370.84818124266,1320.03715552053,1440000.0000000023,6482629.151818756,0.0,7827.758821913363,1440000.0000000023,6479999.999999998,0.0,216.0,0.37881513666293426,0.0984919355323629,0.7458520523947868,0.28823827059821105,3.983408209579147,0.4687759827692946,0.8183478547006208,0.46580939628165896,2.697820657383798,0.03678415631306828,0.03678415631306828,0.0,2.6610365010707255,0.0,0.0,2.6610365010707255,0.0,0.03678415631306828,0.0,4.501872631327261,592.332272296301,367.66093726436355,10.734004165464862,589.6344516389172,0.0,0.0,0.0,52646.84943157901,-61382.32686871704,4.125222403672524e-15,0.0,5.442909896373749e-11,4.440892098500626e-15
inhibition_only_hypothesis,once_through,1344.4549517752002,18.16366860814722,19404.93658464852,87358.39167499372,1326.291283167051,1446666.666666669,6512641.6083250055,0.0,7864.811599781864,1446666.666666669,6509999.999999998,0.0,217.0,0.3805617886319158,0.09894606504429812,0.7481499229579361,0.28806718042564317,3.9925996918317446,0.46714126273203316,0.8178446483107152,0.46475695492036095,2.7102598481845903,0.03661577627379181,0.03661577627379181,0.0,2.6736440719107946,0.0,0.0,2.6736440719107946,0.0,0.03661577627379181,0.0,4.501864321685235,595.0634153514904,366.62714565434175,10.758311300272595,592.3531555033059,0.0,0.0,0.0,52890.5848456141,-61663.115060620636,4.125222403672524e-15,0.0,5.442909896373749e-11,3.9968028886505635e-15
inhibition_only_hypothesis,once_through,1350.597859853945,18.080250567261267,19402.2176985626,87345.99054175809,1332.5176092866816,1453333.3333333358,6542654.009458241,0.0,7901.871312071058,1453333.3333333358,6539999.999999998,0.0,218.0,0.38230060188316073,0.09939815648962179,0.7504168442630772,0.28789686896963296,4.001667377052309,0.4655195414012985,0.8173437322636264,0.46371123123361946,2.7226432137223706,0.03644761551353064,0.03644761551353064,0.0,2.6861955982088355,0.0,0.0,2.6861955982088355,0.0,0.03644761551353064,0.0,4.501856019697638,597.7823014374106,365.5979935493693,10.782572565038825,595.0596582236883,0.0,0.0,0.0,53134.32025964919,-61943.91018694492,4.125222403672524e-15,0.0,5.442909896373749e-11,4.440892098500626e-15
inhibition_only_hypothesis,once_through,1356.713119031107,17.99695681268843,19399.51105003792,87333.64472509226,1338.7161622184167,1460000.0000000026,6572666.355274906,0.0,7938.93794570225,1460000.0000000026,6569999.999999998,0.0,219.0,0.38403158882871485,0.09984821309546586,0.7526532948286875,0.28772733018906377,4.01061317931475,0.46391071137379564,0.8168450887913641,0.46267215889684515,2.734970842392428,0.03627970529956235,0.03627970529956235,0.0,2.6986911370928617,0.0,0.0,2.6986911370928617,0.0,0.03627970529956235,0.0,4.501847726977714,600.488949962091,364.57347360312343,10.80678814113553,597.7539791196987,0.0,0.0,0.0,53378.05567368428,-62224.7122346112,3.666864358820021e-15,0.0,5.442909896373749e-11,3.9968028886505635e-15
inhibition_only_hypothesis,once_through,1362.8007778069173,17.91380221467897,19396.816617607998,87321.35415801457,1344.8869755922365,1466666.6666666693,6602678.645841984,0.0,7976.01148764834,1466666.6666666693,6599999.999999998,0.0,220.0,0.385754763197067,0.10029623843123742,0.754859746416176,0.28755855812311265,4.019438985664705,0.46231466512542385,0.8163487003620961,0.461639672551483,2.747242831965408,0.03611207560852704,0.03611207560852704,0.0,2.7111307563568774,0.0,0.0,2.7111307563568774,0.0,0.03611207560852704,0.0,4.501839445074002,603.1833823920099,363.55357769011806,10.83095820678711,600.4361395600445,0.0,0.0,0.0,53621.79108771938,-62505.52119059239,3.666864358820021e-15,0.0,5.442909896373749e-11,3.552713678800501e-15
inhibition_only_hypothesis,once_through,1368.860889138363,17.830801022627,19394.134377833776,87309.11876343006,1351.030088115734,1473333.333333336,6632690.881236569,0.0,8013.091924932929,1473333.333333336,6629999.999999998,0.0,221.0,0.3874701399782365,0.10074223639434149,0.7570366640493637,0.2873905468900808,4.028146656197455,0.46073129507038274,0.8158545496767083,0.4606137077882024,2.759459289196243,0.035944755165493315,0.035944755165493315,0.0,2.7235145340307456,0.0,0.0,2.7235145340307456,0.0,0.035944755165493315,0.0,4.501831175472242,605.8656221662313,362.53829693820427,10.855082937086799,603.1061628770351,0.0,0.0,0.0,53865.526501754466,-62786.33704191207,4.125222403672524e-15,0.0,5.442909896373749e-11,3.9968028886505635e-15
inhibition_only_hypothesis,once_through,1374.893510251142,17.74796688402899,19391.46430538683,87296.93845454296,1357.1455433671113,1480000.0000000028,6662703.061545457,0.0,8050.17924462941,1480000.0000000028,6659999.999999998,0.0,222.0,0.3891777353705451,0.10118621119634173,0.7591845060393028,0.2872232906861999,4.036738024157211,0.45916049361735395,0.8153626196652939,0.4595942011301595,2.771620329445072,0.03577777148217636,0.03577777148217636,0.0,2.735842557962892,0.0,0.0,2.735842557962892,0.0,0.03577777148217636,0.0,4.501822919597279,608.5356946131749,361.5276217600749,10.87916250401944,605.7640742837298,0.0,0.0,0.0,54109.26191578955,-63067.15977564364,3.666864358820021e-15,0.0,1.0885819792747498e-10,3.552713678800501e-15
inhibition_only_hypothesis,once_through,1380.898702457427,17.665312863020493,19388.80637313005,87284.81313525642,1363.2333895944048,1486666.6666666695,6692715.186864743,0.0,8087.273433860087,1486666.6666666695,6689999.999999998,0.0,223.0,0.3908775667290333,0.10162816734954866,0.7613037240140593,0.287056783784419,4.045214896056237,0.45760215322286746,0.8148728934835854,0.45858109001636393,2.7837260763098777,0.03561115089430575,0.03561115089430575,0.0,2.7481149254155683,0.0,0.0,2.7481149254155683,0.0,0.03561115089430575,0.0,4.501814678814884,611.1936268699571,360.52154188379495,10.903197076489963,608.4099007936472,0.0,0.0,0.0,54352.99732982464,-63347.9893789094,3.2085063139675184e-15,0.0,5.442909896373749e-11,3.552713678800501e-15
inhibition_only_hypothesis,once_through,1386.876530979305,17.5828514584909,19386.16055219576,87272.74270056028,1369.2936795208125,1493333.3333333363,6722727.257299439,0.0,8124.374479795285,1493333.3333333363,6719999.999999998,0.0,224.0,0.39256965251548304,0.10206810965402559,0.7633947629530945,0.28689102053317705,4.0535790518123775,0.456056166441957,0.8143853545093444,0.4575743127851697,2.795776661270561,0.03544491859814263,0.03544491859814263,0.0,2.7603317426724154,0.0,0.0,2.7603317426724154,0.0,0.03544491859814263,0.0,4.501806454433567,613.8394478042454,359.52004638238213,10.927186820356962,611.0436711429749,0.0,0.0,0.0,54596.732743859735,-63628.82583887969,3.2085063139675184e-15,0.0,5.442909896373749e-11,3.1086244689504383e-15
inhibition_only_hypothesis,once_through,1392.827064777754,17.500594621777,19383.52681206145,87260.72703690694,1375.3264701559754,1500000.000000003,6752739.272963093,0.0,8161.482369652485,1500000.000000003,6749999.999999998,0.0,225.0,0.3942540122500077,0.102506043185002,0.7654580612259044,0.2867259953551632,4.061832244903618,0.4545224259762093,0.8138999863387153,0.4565738086579091,2.8077722233441786,0.03527909868614782,0.03527909868614782,0.0,2.7724931246580273,0.0,0.0,2.7724931246580273,0.0,0.03527909868614782,0.0,4.501798247706333,616.473187938561,358.5231237024589,10.95113189847095,613.6654157152168,0.0,0.0,0.0,54840.46815789483,-63909.669142771985,3.2085063139675184e-15,0.0,1.0885819792747498e-10,3.552713678800501e-15
inhibition_only_hypothesis,once_through,1398.7503763870254,17.418553773936754,19380.905120623032,87248.76602257573,1381.331822613087,1506666.6666666698,6782751.233977424,0.0,8198.597090695463,1506666.6666666698,6779999.999999998,0.0,226.0,0.3959306664641724,0.10294197328068483,0.7674940506345937,0.2865617027460706,4.069976202538375,0.4530008247193042,0.8134167727825607,0.4555795177226959,2.8197129087510766,0.03511371418180362,0.03511371418180362,0.0,2.7845991945692696,0.0,0.0,2.7845991945692696,0.0,0.03511371418180362,0.0,4.501790059832405,619.0948793769763,357.53076169199966,10.975032470716608,616.2751664682253,0.0,0.0,0.0,55084.20357192991,-64190.51927785004,3.2085063139675184e-15,0.0,1.0885819792747498e-10,3.552713678800501e-15
inhibition_only_hypothesis,once_through,1404.646541754294,17.33673982260543,19378.295444265867,87236.85952802574,1387.309801931687,1513333.3333333365,6812763.140471974,0.0,8235.718630233438,1513333.3333333365,6809999.999999998,0.0,227.0,0.39759963665560544,0.10337590553045742,0.7695031564600737,0.28639813727334523,4.0780126258402944,0.4514912558001451,0.8129356978627802,0.4545913809184018,2.831598870591646,0.034948787073593834,0.034948787073593834,0.0,2.796650083518049,0.0,0.0,2.796650083518049,0.0,0.034948787073593834,0.0,4.501781891958901,621.7045557341435,356.54294762719434,10.998888694058829,618.8729568635518,0.0,0.0,0.0,55327.938985965,-64471.376231423106,3.2085063139675184e-15,0.0,1.0885819792747498e-10,3.1086244689504383e-15
inhibition_only_hypothesis,once_through,1410.5156400844469,17.25516317843708,19375.697747933413,87225.00741623771,1393.2604769060083,1520000.0000000033,6842774.992583762,0.0,8272.846975620245,1520000.0000000033,6839999.999999998,0.0,228.0,0.3992609452440638,0.10380784576345659,0.7714857975115947,0.2862352935749338,4.085943190046379,0.449993612623672,0.8124567458086289,0.4536093400188361,2.8434302685334347,0.03478433834814774,0.03478433834814774,0.0,2.8086459301852837,0.0,0.0,2.8086459301852837,0.0,0.03478433834814774,0.0,4.501773745182468,624.3022520665962,355.55966823845216,11.022700722591768,621.4588217980628,0.0,0.0,0.0,55571.6744000001,-64752.23999084502,3.2085063139675184e-15,0.0,1.0885819792747498e-10,3.1086244689504383e-15
inhibition_only_hypothesis,once_through,1416.3577536898777,17.173833771134685,19373.11199519374,87213.20954304522,1399.1839199187416,1526666.66666667,6872786.790456955,0.0,8309.982114253518,1526666.66666667,6869999.999999998,0.0,229.0,0.40091461552891644,0.10423780003751827,0.773442386179337,0.28607316635803304,4.0937695447173486,0.44850778890944837,0.8119799010530384,0.4526333376171282,2.8552072685083503,0.03462038802255499,0.03462038802255499,0.0,2.8205868804857928,0.0,0.0,2.8205868804857928,0.0,0.03462038802255499,0.0,4.501765620550889,626.8880048062688,354.58090973556625,11.046468707590826,624.0327975377604,0.0,0.0,0.0,55815.40981403518,-65033.110543513365,2.750148269115016e-15,0.0,1.6328729689121246e-10,2.6645352591003757e-15
inhibition_only_hypothesis,once_through,1422.1729678451586,17.092761065073034,19370.53814830384,87201.46575745512,1405.0802067800842,1533333.3333333367,6902798.534242545,0.0,8347.124033573878,1533333.3333333367,6899999.999999998,0.0,230.0,0.40256067164800713,0.10466577462848185,0.7753733284897969,0.28591175039784256,4.101493313959187,0.44703367872811145,0.8115051482289487,0.4516633171103293,2.866930042419698,0.03445695517585943,0.03445695517585943,0.0,2.832473087243836,0.0,0.0,2.832473087243836,0.0,0.03445695517585943,0.0,4.501757519064633,629.4618516961722,353.6066578320613,11.070192797567028,626.5949216537525,0.0,0.0,0.0,56059.145228070265,-65313.987876868814,2.750148269115016e-15,0.0,1.0885819792747498e-10,2.6645352591003757e-15
inhibition_only_hypothesis,once_through,1427.9613706464597,17.011954074518666,19367.976168271838,87189.77590195795,1410.9494165719393,1540000.0000000035,6932810.224098043,0.0,8384.272721064159,1540000.0000000035,6929999.999999998,0.0,231.0,0.40419913853786205,0.10509177601984414,0.7772790241637237,0.2857510405363244,4.109116096654895,0.4455711765357693,0.81103247216566,0.45069922268424534,2.878598767858785,0.03429405797974069,0.03429405797974069,0.0,2.8443047098790406,0.0,0.0,2.8443047098790406,0.0,0.03429405797974069,0.0,4.501749441678382,632.0238317281728,352.63689776874537,11.093873138323431,629.145232960314,0.0,0.0,0.0,56302.88064210537,-65594.8719783942,3.666864358820021e-15,0.0,1.6328729689121246e-10,3.9968028886505635e-15
inhibition_only_hypothesis,once_through,1433.723052875592,16.931421378451926,19365.426014917197,87178.13981282823,1416.7916314971383,1546666.6666666702,6962821.860187172,0.0,8421.42816424862,1546666.6666666702,6959999.999999998,0.0,232.0,0.40583004189520555,0.10551581089275344,0.7791598666763729,0.2855910316809701,4.116639466705491,0.44412017720642954,0.8105618578852063,0.44974099929850364,2.8902136278308483,0.034131713728393666,0.034131713728393666,0.0,2.8560819141024507,0.0,0.0,2.8560819141024507,0.0,0.034131713728393666,0.0,4.501741389302506,634.5739850828169,351.6716143364876,11.11750987301334,631.6837714549861,0.0,0.0,0.0,56546.61605614045,-65875.76283561374,3.666864358820021e-15,0.0,1.0885819792747498e-10,3.9968028886505635e-15
inhibition_only_hypothesis,once_through,1439.4581078685496,16.851171134996175,19362.887646928866,87166.55732041504,1422.6069367335515,1553333.333333337,6992833.442679585,0.0,8458.590350692206,1553333.333333337,6989999.999999998,0.0,233.0,0.4074534081397499,0.10593788611633498,0.7810162433198562,0.2854317188035783,4.124064973279425,0.44268057606253824,0.8100932905987598,0.4487885926718648,2.9017748104900516,0.03396993886761609,0.03396993886761609,0.0,2.8678048716224316,0.0,0.0,2.8678048716224316,0.0,0.03396993886761609,0.0,4.501733362804512,637.112353071147,350.71079189824246,11.141103142199935,634.210578260657,0.0,0.0,0.0,56790.35147017555,-66156.66043609242,4.125222403672524e-15,0.0,1.0885819792747498e-10,3.9968028886505635e-15
inhibition_only_hypothesis,once_through,1445.1666313884277,16.771211095459893,19360.361021921562,87155.02824942305,1428.3954202929656,1560000.0000000037,7022844.971750577,0.0,8495.759267999809,1560000.0000000037,7019999.999999998,0.0,234.0,0.4090692643782231,0.106358008738338,0.7828485352673783,0.28527309693904346,4.131394141069514,0.44125226890370717,0.8096267557030691,0.4478419492677828,2.9132825088833036,0.03380874902311569,0.03380874902311569,0.0,2.879473759860183,0.0,0.0,2.879473759860183,0.0,0.03380874902311569,0.0,4.501725363010442,639.638978078454,349.75441441033973,11.164653083917107,636.7256955695707,0.0,0.0,0.0,57034.08688421062,-66437.5647674351,4.583580448525026e-15,0.0,1.0885819792747498e-10,4.884981308350689e-15
inhibition_only_hypothesis,once_through,1450.8487215025962,16.69154861799754,19357.846096490102,87143.55241918437,1434.1571728845965,1566666.6666666705,7052856.447580816,0.0,8532.934903815541,1566666.6666666705,7049999.999999998,0.0,235.0,0.4106776383696019,0.1067761859760965,0.7846571176391682,0.2851151611841573,4.138628470556673,0.43983515203370444,0.8091622387769333,0.4469010162802172,2.9247369207026535,0.03364815902804888,0.03364815902804888,0.0,2.8910887616746,0.0,0.0,2.8910887616746,0.0,0.03364815902804888,0.0,4.501717390706239,642.1539035099141,348.8024654430625,11.188159833731246,639.2291665892114,0.0,0.0,0.0,57277.822298245716,-66718.47581728593,4.125222403672524e-15,0.0,1.6328729689121246e-10,4.440892098500626e-15
inhibition_only_hypothesis,once_through,1456.5044784640136,16.612190680895225,19355.34282626196,87132.12964392145,1439.8922877831162,1573333.3333333372,7082867.870356079,0.0,8570.117245822046,1573333.3333333372,7079999.999999998,0.0,236.0,0.41227855849151634,0.10719242520779425,0.7864423595699171,0.2849579066964255,4.145769438279668,0.43842912228577996,0.8086997255777222,0.44596574161970604,2.9361382480460354,0.03348818294980306,0.03348818294980306,0.0,2.902650065096228,0.0,0.0,2.902650065096228,0.0,0.03348818294980306,0.0,4.501709446639082,644.6571737380577,347.85492820053145,11.211623524803645,641.7210354900117,0.0,0.0,0.0,57521.55771228082,-66999.39357332754,4.125222403672524e-15,0.0,1.6328729689121246e-10,4.440892098500626e-15
inhibition_only_hypothesis,once_through,1462.134004596561,16.533143895487633,19352.851165948,87120.75973300115,1445.6008607010715,1580000.000000004,7112879.240266999,0.0,8607.306281739804,1580000.000000004,7109999.999999998,0.0,237.0,0.41387205370779234,0.10760673396402601,0.7882046242775508,0.2848013286928987,4.152818497110204,0.43703407704639713,0.8082392020379374,0.4450360738996938,2.947486697186115,0.033328834116035606,0.033328834116035606,0.0,2.9141578630700757,0.0,0.0,2.9141578630700757,0.0,0.033328834116035606,0.0,4.501701531518679,647.1488340520168,346.91178553991506,11.235044287953485,644.2013473548307,0.0,0.0,0.0,57765.293126315904,-67280.31802328039,3.666864358820021e-15,0.0,1.0885819792747498e-10,3.552713678800501e-15
inhibition_only_hypothesis,once_through,1467.737404184287,16.454414518712685,19350.371069391513,87109.44249118037,1451.2829896655724,1586666.6666666707,7142890.55750882,0.0,8644.50199932648,1586666.6666666707,7139999.999999998,0.0,238.0,0.4154581535371014,0.10801911991964637,0.7899442691331722,0.28464542244902036,4.159777076532689,0.43564991427743605,0.8077806542618247,0.4441119624231239,2.9587824783470205,0.03317012513998253,0.03317012513998253,0.0,2.925612353207034,0.0,0.0,2.925612353207034,0.0,0.03317012513998253,0.0,4.50169364601852,649.6289306085052,345.9730199899854,11.258422251721049,646.6701481301582,0.0,0.0,0.0,58009.028540350984,-67561.24915490214,4.125222403672524e-15,0.0,1.0885819792747498e-10,3.9968028886505635e-15
inhibition_only_hypothesis,once_through,1473.314783364448,16.376008465310672,19347.90248961554,87098.17771884336,1456.938774899135,1593333.3333333374,7172901.822281157,0.0,8681.70438637626,1593333.3333333374,7169999.999999998,0.0,239.0,0.4170368880226845,0.10842959088589797,0.7916616457320212,0.28449018329749187,4.1666465829280845,0.434276532536936,0.807324068522035,0.4431933571692922,2.970025805488723,0.033012067945050474,0.033012067945050474,0.0,2.9370137375436682,0.0,0.0,2.9370137375436682,0.0,0.033012067945050474,0.0,4.501685790777111,652.0975103844767,345.03861376903717,11.281757542431048,649.127484578988,0.0,0.0,0.0,58252.763954386086,-67842.18695598701,4.583580448525026e-15,0.0,1.0885819792747498e-10,4.440892098500626e-15
inhibition_only_hypothesis,once_through,1478.8662500242372,16.29793131967465,19345.445378868597,87086.96521223102,1462.5683187045604,1600000.0000000042,7202913.034787769,0.0,8718.913430719243,1600000.0000000042,7199999.999999998,0.0,240.0,0.41860828770312025,0.10883815480281127,0.7933570999653065,0.2843356066271554,4.173428399861226,0.4329138309984376,0.8068694312563395,0.4422802087809626,2.981216896098859,0.03285467378870573,0.03285467378870573,0.0,2.948362222310149,0.0,0.0,2.948362222310149,0.0,0.03285467378870573,0.0,4.50167796639915,654.554621131417,344.1085488021894,11.305050284255946,651.5734042353181,0.0,0.0,0.0,58496.499368421166,-68123.13141436508,4.125222403672524e-15,0.0,1.0885819792747498e-10,4.440892098500626e-15
inhibition_only_hypothesis,once_through,1484.3919137010967,16.220188347359052,19342.999688668795,87075.80476366235,1468.1717253537354,1606666.666666671,7232924.195236338,0.0,8756.129120220818,1606666.666666671,7229999.999999998,0.0,241.0,0.4201723835841072,0.10924481973186788,0.795030972092774,0.28418168788189546,4.180123888371096,0.4315617094689866,0.8064167290643984,0.4413724685517467,2.9923559709917664,0.03269795328567416,0.03269795328567416,0.0,2.959658017706088,0.0,0.0,2.959658017706088,0.0,0.03269795328567416,0.0,4.50167017345669,657.0003113312218,343.1828067380867,11.328300599278991,654.0079553602301,0.0,0.0,0.0,58740.23478245625,-68404.08251790174,4.583580448525026e-15,0.0,1.6328729689121246e-10,4.440892098500626e-15
inhibition_only_hypothesis,once_through,1489.8918854865021,16.14278450625356,19340.565369846405,87064.69616174838,1473.7491009802466,1613333.3333333377,7262935.303838252,0.0,8793.351442781073,1613333.3333333377,7259999.999999998,0.0,242.0,0.4217292071112289,0.10964959384891952,0.7966835968158849,0.2840284225595595,4.18673438726354,0.43022006840585764,0.8059659487045868,0.44047008841374263,3.0034432541145297,0.032541916430466424,0.032541916430466424,0.0,2.9709013376840594,0.0,0.0,2.9709013376840594,0.0,0.032541916430466424,0.0,4.501662412490262,659.4346301536107,342.2613689650188,11.351508607557017,656.4311868994961,0.0,0.0,0.0,58983.97019649135,-68685.04025449709,4.125222403672524e-15,0.0,1.0885819792747498e-10,3.9968028886505635e-15
inhibition_only_hypothesis,once_through,1495.3662779331264,16.065724457429212,19338.142372584978,87053.63919159863,1479.300553475695,1620000.0000000044,7292946.360808402,0.0,8830.580386334224,1620000.0000000044,7289999.999999998,0.0,243.0,0.4232787901436761,0.11005248543735578,0.7983153033514856,0.28387580621089803,4.193261213405942,0.42888880893205333,0.8055170770908766,0.43957302092543615,3.0144789723598304,0.032386572619242396,0.032386572619242396,0.0,2.982092399740584,0.0,0.0,2.982092399740584,0.0,0.032386572619242396,0.0,4.501654684009959,661.8576274150372,341.3442166264736,11.37467442718269,658.8431484426774,0.0,0.0,0.0,59227.705610526435,-68966.00461208534,4.125222403672524e-15,0.0,1.6328729689121246e-10,3.9968028886505635e-15
inhibition_only_hypothesis,once_through,1500.8152049652726,15.989012575663896,19335.730646460972,87042.63363502051,1484.8261923896066,1626666.6666666712,7322957.366364981,0.0,8867.815938848064,1626666.6666666712,7319999.999999998,0.0,244.0,0.42482116492889316,0.11045350288151222,0.7999264155058537,0.28372383443852456,4.199705662023415,0.42756783285063465,0.8050701012897782,0.4386812192598578,3.025463355385394,0.032231930671029335,0.032231930671029335,0.0,2.99323142471436,0.0,0.0,2.99323142471436,0.0,0.032231930671029335,0.0,4.5016469884965,664.2693535390465,340.431330636143,11.397798174346264,661.2438901836612,0.0,0.0,0.0,59471.441024561536,-69246.97557863427,4.125222403672524e-15,0.0,2.1771639585494996e-10,4.440892098500626e-15
inhibition_only_hypothesis,once_through,1506.2387817924885,15.912652959654416,19333.330140481976,87031.67927071167,1490.326128832832,1633333.333333338,7352968.32072929,0.0,8905.058088323407,1633333.333333338,7349999.999999998,0.0,245.0,0.42635636407812655,0.11085265466031291,0.801517251749023,0.28357250289589586,4.206069006996092,0.42625704265793213,0.8046250085173409,0.43779463719299855,3.0363966354398415,0.03207799884830814,0.03207799884830814,0.0,3.004318636591529,0.0,0.0,3.004318636591529,0.0,0.03207799884830814,0.0,4.501639326402254,666.6698595180404,339.5226916923954,11.420879963396597,663.6334628826006,0.0,0.0,0.0,59715.17643859662,-69527.9531421447,4.125222403672524e-15,0.0,2.1771639585494996e-10,4.440892098500626e-15
inhibition_only_hypothesis,once_through,1511.6371248262571,15.836649441922175,19330.940803123613,87020.77587444577,1495.8004753843327,1640000.0000000047,7382979.224125556,0.0,8942.306822793591,1640000.0000000047,7379999.999999998,0.0,246.0,0.42788442054284265,0.11124994934113909,0.8030881252892815,0.28342180728631233,4.212352501157126,0.4249563415556917,0.8041817861362128,0.43691322909247626,3.047279047194755,0.03192478487698207,0.03192478487698207,0.0,3.0153542623177683,0.0,0.0,3.0153542623177683,0.0,0.03192478487698207,0.0,4.50163169815224,669.0591968764039,338.61828029223295,11.44391990690149,666.0119178292092,0.0,0.0,0.0,59958.9118526317,-69808.93729064996,4.583580448525026e-15,0.0,2.1771639585494996e-10,4.440892098500626e-15
inhibition_only_hypothesis,once_through,1517.0103515996798,15.76100559841958,19328.562582365063,87009.92321925139,1501.2493460012581,1646666.6666666714,7412990.07678075,0.0,8979.562130323951,1646666.6666666714,7409999.999999998,0.0,247.0,0.4294053675919934,0.11164539557391828,0.8046393441477597,0.2832717433619391,4.218557376591039,0.4236656334622,0.8037404216527622,0.4360369499064555,3.0581108275827624,0.03177229596574206,0.03177229596574206,0.0,3.026338531617016,0.0,0.0,3.026338531617016,0.0,0.03177229596574206,0.0,4.501624104145088,671.4374176349568,337.7180767447476,11.466918115707092,668.3793068073741,0.0,0.0,0.0,60202.647266666805,-70089.92801221543,4.125222403672524e-15,0.0,2.1771639585494996e-10,3.9968028886505635e-15
inhibition_only_hypothesis,once_through,1522.3585806900526,15.685724757844337,19326.195425723334,86999.12107558493,1506.6728559322062,1653333.3333333381,7443000.878924416,0.0,9016.823999011354,1653333.3333333381,7439999.999999998,0.0,248.0,0.4309192387901009,0.11203900208542623,0.8061712112330184,0.2831223069228471,4.2246848449320735,0.42238482302243835,0.8033009027142562,0.43516575515281025,3.068892215641463,0.03162053882484324,0.03162053882484324,0.0,3.0372716768166157,0.0,0.0,3.0372716768166157,0.0,0.03162053882484324,0.0,4.501616544753984,673.8045742766852,336.822061184092,11.489874698996545,670.7356820610438,0.0,0.0,0.0,60446.3826807019,-70370.92529493793,4.125222403672524e-15,0.0,1.6328729689121246e-10,3.9968028886505635e-15
inhibition_only_hypothesis,once_through,1527.6819316442538,15.610810010668633,19323.8392802863,86988.3692114972,1512.071121633583,1660000.000000005,7473011.630788505,0.0,9054.092416983705,1660000.000000005,7469999.999999998,0.0,249.0,0.4324260679761375,0.11243077767379575,0.8076840244155609,0.2829734938160755,4.230736097662243,0.421113815617309,0.8028632171061044,0.4342996009085368,3.0796234523630184,0.03146951968430668,0.03146951968430668,0.0,3.0481539326787073,0.0,0.0,3.0481539326787073,0.0,0.03146951968430668,0.0,4.501609020327578,676.1607197137183,335.9302135819799,11.512789764347485,673.0810962613554,0.0,0.0,0.0,60690.11809473697,-70651.92912694535,4.125222403672524e-15,0.0,2.1771639585494996e-10,4.440892098500626e-15
inhibition_only_hypothesis,once_through,1532.9805249068504,15.536264217890206,19321.494092744513,86977.66739279398,1517.4442606889584,1666666.6666666716,7503022.332607208,0.0,9091.367372399516,1666666.6666666716,7499999.999999998,0.0,250.0,0.4339258892431753,0.11282073120322558,0.8091780766021937,0.28282529993471395,4.236712306408775,0.41985251737197693,0.8024273527491587,0.4334384437994008,3.0903047805492214,0.03131924431156051,0.03131924431156051,0.0,3.0589855362376572,0.0,0.0,3.0589855362376572,0.0,0.03131924431156051,0.0,4.501601531190866,678.5059072555068,335.04251375973075,11.535663417788674,675.4156024749576,0.0,0.0,0.0,60933.853508772074,-70932.93949639625,3.666864358820021e-15,0.0,2.1771639585494996e-10,3.552713678800501e-15
inhibition_only_hypothesis,once_through,1538.254481750846,15.462090019512242,19319.159809421846,86967.01538319093,1522.7923917313317,1673333.3333333384,7533032.984616811,0.0,9128.648853447456,1673333.3333333384,7529999.999999998,0.0,251.0,0.43541873691878424,0.1132088715988839,0.8106536558101702,0.28267772121700574,4.242614623240681,0.41860083516336843,0.8019932976970757,0.4325822409898253,3.100936444671895,0.031169718028534337,0.031169718028534337,0.0,3.0697667266433566,0.0,0.0,3.0697667266433566,0.0,0.031169718028534337,0.0,4.501594077646048,680.8401905781727,334.15894139987194,11.558495763855467,677.7392541335008,0.0,0.0,0.0,61177.58892280716,-71213.9563914793,4.125222403672524e-15,0.0,2.1771639585494996e-10,4.440892098500626e-15
inhibition_only_hypothesis,once_through,1543.50392421098,15.388289842759018,19316.836376305033,86956.41294446263,1528.115634368219,1680000.0000000051,7563043.58705554,0.0,9165.936848345924,1680000.0000000051,7559999.999999998,0.0,252.0,0.4369046455461511,0.1135952078419993,0.8121110452410523,0.282530753645471,4.248444180964209,0.4173586766268672,0.8015610401337382,0.43173095017300805,3.11151869073843,0.031020945728221047,0.031020945728221047,0.0,3.080497745010205,0.0,0.0,3.080497745010205,0.0,0.031020945728221047,0.0,4.501586659973348,683.1636236949862,333.27947605731345,11.58128690564423,680.0521050042478,0.0,0.0,0.0,61421.324336842255,-71494.97980041285,4.125222403672524e-15,0.0,2.7214549481868747e-10,3.9968028886505635e-15
inhibition_only_hypothesis,once_through,1548.7289750195064,15.314865910034008,19314.52373907208,86945.85983658658,1533.4141091094705,1686666.6666666719,7593054.140163416,0.0,9203.23134534266,1686666.6666666719,7589999.999999998,0.0,253.0,0.4383836498659016,0.11397974896513442,0.8135505233542318,0.2823843932460501,4.254202093416927,0.4161259501622444,0.8011305683707356,0.4308845295612686,3.1220517661623224,0.030872931890719355,0.030872931890719355,0.0,3.091178834271599,0.0,0.0,3.091178834271599,0.0,0.030872931890719355,0.0,4.501579278431832,685.4762609279418,332.4040971701069,11.604036944865612,682.3542091617794,0.0,0.0,0.0,61665.059750877335,-71776.00971144467,3.666864358820021e-15,0.0,2.7214549481868747e-10,3.9968028886505635e-15
inhibition_only_hypothesis,once_through,1553.9297575443677,15.241820246627201,19312.221843119627,86935.3558178815,1538.6879372977387,1693333.3333333386,7623064.644182121,0.0,9240.532332714338,1693333.3333333386,7619999.999999998,0.0,254.0,0.43985578479859944,0.11436250404763586,0.8149723639400589,0.2822386360872673,4.259889455760236,0.4149025649388618,0.8007018708449039,0.4300429378766202,3.13253591963854,0.03072568059877084,0.03072568059877084,0.0,3.1018102390397653,0.0,0.0,3.1018102390397653,0.0,0.03072568059877084,0.0,4.5015719332601805,687.778156880393,331.5327840698043,11.626745981896594,684.6456209607545,0.0,0.0,0.0,61908.79516491242,-72057.04611285143,3.666864358820021e-15,0.0,2.7214549481868747e-10,3.552713678800501e-15
inhibition_only_hypothesis,once_through,1559.1063957296924,15.169154688178313,19309.930633589305,86924.90064514076,1543.9372410415122,1700000.0000000054,7653075.099354862,0.0,9277.839798766194,1700000.0000000054,7649999.999999998,0.0,255.0,0.44132108542790366,0.11474348221125495,0.8163768361925265,0.2820934782794139,4.265507344770106,0.41368843090018104,0.8002749361159233,0.4292061343415597,3.142971401023572,0.030579195552804896,0.030579195552804896,0.0,3.1123922054707633,0.0,0.0,3.1123922054707633,0.0,0.030579195552804896,0.0,4.501564624677436,690.0693664107167,330.66551599142593,11.649414115831416,686.9263950096931,0.0,0.0,0.0,62152.53057894753,-72338.0889929384,3.666864358820021e-15,0.0,2.7214549481868747e-10,3.552713678800501e-15
inhibition_only_hypothesis,once_through,1564.2590140385398,15.096870887902298,19307.65005539305,86914.49407376086,1549.1621431506358,1706666.6666666719,7683085.505926242,0.0,9315.153731831666,1706666.6666666719,7679999.999999998,0.0,256.0,0.4427795869843622,0.11512269261593418,0.8177642047814659,0.28194891597375105,4.271056819125864,0.4124834587676145,0.7998497528639738,0.4283740786700744,3.1533584612200114,0.030433480085504484,0.030433480085504484,0.0,3.1229249811345032,0.0,0.0,3.1229249811345032,0.0,0.030433480085504484,0.0,4.501557352883746,692.3499446069716,329.8022720830532,11.672041444531255,689.1965861457516,0.0,0.0,0.0,62396.2659929826,-72619.13834003893,3.666864358820021e-15,0.0,2.7214549481868747e-10,3.552713678800501e-15
inhibition_only_hypothesis,once_through,1569.3877373978228,15.024970323583597,19305.380053237503,86904.135857865,1554.3627670742371,1713333.3333333386,7713095.864142138,0.0,9352.474120272047,1713333.3333333386,7709999.999999998,0.0,257.0,0.44423132482982136,0.11550014445575356,0.8191347299242103,0.2818049453617319,4.276538919696842,0.41128756004374933,0.7994263098874468,0.42754673105886015,3.163697352065523,0.0302885371759057,0.0302885371759057,0.0,3.133408814889613,0.0,0.0,3.133408814889613,0.0,0.0302885371759057,0.0,4.501550118061064,694.6199467625203,328.9430314150557,11.69462806467266,691.4562494104548,0.0,0.0,0.0,62640.001407017684,-72900.1941425144,4.125222403672524e-15,0.0,2.7214549481868747e-10,4.440892098500626e-15
inhibition_only_hypothesis,once_through,1574.492691145336,14.953454304345577,19303.120571647436,86893.82575042215,1559.5392368409885,1720000.0000000054,7743106.174249581,0.0,9389.800952476147,1720000.0000000054,7739999.999999998,0.0,258.0,0.4456763344424318,0.11587584695503228,0.8204886674566891,0.2816615626742425,4.2819546698267565,0.41010064701497684,0.7990045961007134,0.42672405217874304,3.17398832622606,0.03014436946304416,0.03014436946304416,0.0,3.1438439567630114,0.0,0.0,3.1438439567630114,0.0,0.03014436946304416,0.0,4.50154292037384,696.8794283525845,328.0877729889661,11.71717407179485,693.7054400263584,0.0,0.0,0.0,62883.73682105279,-73181.25638875361,4.125222403672524e-15,0.0,2.7214549481868747e-10,4.440892098500626e-15
inhibition_only_hypothesis,once_through,1579.574000978825,14.882323977201215,19300.87155498832,86883.56350336138,1564.6916770016217,1726666.666666672,7773116.436496642,0.0,9427.134216859973,1726666.666666672,7769999.999999998,0.0,259.0,0.44711465140223194,0.1162498093645803,0.8218262689039164,0.28151876418086197,4.287305075615666,0.4089226327535558,0.798584600531947,0.42590600316630817,3.184231637093194,0.030000979259160385,0.030000979259160385,0.0,3.1542306578340287,0.0,0.0,3.1542306578340287,0.0,0.030000979259160385,0.0,4.501535759969673,699.1284450117017,327.2364757460125,11.739679560345609,695.9442133746086,0.0,0.0,0.0,63127.47223508787,-73462.32506717253,4.583580448525026e-15,0.0,3.265745937824249e-10,4.884981308350689e-15
inhibition_only_hypothesis,once_through,1584.6317929070274,14.811580333391172,19298.632947487964,86873.34886768213,1569.820212573634,1733333.3333333388,7803126.651132321,0.0,9464.473901866422,1733333.3333333388,7799999.999999998,0.0,260.0,0.4485463113772897,0.11662204095809532,0.8231477815498438,0.28137654618914026,4.292591126199375,0.4077534311191396,0.7981663123210008,0.4250925456157213,3.194427538685418,0.029858368562476593,0.029858368562476593,0.0,3.1645691701229373,0.0,0.0,3.1645691701229373,0.0,0.029858368562476593,0.0,4.501528636979964,701.3670525120566,326.38911857532116,11.762144623726105,698.1726249733712,0.0,0.0,0.0,63371.20764912296,-73743.40016621405,4.125222403672524e-15,0.0,2.7214549481868747e-10,4.440892098500626e-15
inhibition_only_hypothesis,once_through,1589.6661932026238,14.741224214515269,19296.404693257362,86863.18159356012,1574.9249689881067,1740000.0000000056,7833136.818406443,0.0,9501.819995964986,1740000.0000000056,7829999.999999998,0.0,261.0,0.4499713501103848,0.11699255102870006,0.8244534485065452,0.2812349050438948,4.297813794026181,0.4065929567597947,0.7977497207173377,0.42428364157074616,3.2045762855533053,0.029716539069557037,0.029716539069557037,0.0,3.1748597464837442,0.0,0.0,3.1748597464837442,0.0,0.029716539069557037,0.0,4.501521551520541,703.5953067426566,325.5456803217984,11.784569354334362,700.3907304571032,0.0,0.0,0.0,63614.943063158054,-74024.48167434771,3.666864358820021e-15,0.0,2.7214549481868747e-10,3.9968028886505635e-15
inhibition_only_hypothesis,once_through,1594.6773283570367,14.671256318463158,19294.186736310694,86853.06143044915,1580.0060720385718,1746666.6666666723,7863146.938569554,0.0,9539.172487651473,1746666.6666666723,7859999.999999998,0.0,262.0,0.45138980340621415,0.11736134888561568,0.8257435087827101,0.28109383712652436,4.30297403513084,0.4054411251125358,0.7973348150780128,0.4234792535169496,3.2146781326883827,0.02957549218726351,0.02957549218726351,0.0,3.185102640501116,0.0,0.0,3.185102640501116,0.0,0.02957549218726351,0.0,4.5015145036922455,705.8132636893253,324.7061397937038,11.806953843607541,702.5985855566369,0.0,0.0,0.0,63858.67847719315,-74305.56958006929,3.666864358820021e-15,0.0,3.265745937824249e-10,3.552713678800501e-15
inhibition_only_hypothesis,once_through,1599.6653250370146,14.601677205150015,19291.979020584535,86842.98812717898,1585.0636478318627,1753333.333333339,7893157.011872824,0.0,9576.531365447723,1753333.333333339,7889999.999999998,0.0,263.0,0.45280170711910245,0.11772844385096665,0.8270181973514211,0.28095333885434054,4.308072789405685,0.4042978524034047,0.7969215848657075,0.422679344374092,3.2247333354356167,0.02943522904431781,0.02943522904431781,0.0,3.195298106391295,0.0,0.0,3.195298106391295,0.0,0.02943522904431781,0.0,4.501507493581531,708.0209794154865,323.8704757699237,11.829298182062935,704.7962460800509,0.0,0.0,0.0,64102.41389122823,-74586.66387190063,3.666864358820021e-15,0.0,3.265745937824249e-10,3.9968028886505635e-15
inhibition_only_hypothesis,once_through,1604.6303100429445,14.532487302062833,19289.78148995631,86832.9614320495,1590.0978227408798,1760000.0000000058,7923167.038567955,0.0,9613.896617901366,1760000.0000000058,7919999.999999998,0.0,264.0,0.4542070971412021,0.11809384525671256,0.828277745217192,0.28081340667991633,4.3131109808687675,0.4031630556471152,0.7965100196468128,0.4218838774886955,3.234742149409371,0.029295750502482423,0.029295750502482423,0.0,3.2054463989068847,0.0,0.0,3.2054463989068847,0.0,0.029295750502482423,0.0,4.50150052126102,710.2185100437136,323.0386670069552,11.851602459337823,706.9837678943043,0.0,0.0,0.0,64346.14930526332,-74867.76453838937,3.666864358820021e-15,0.0,3.265745937824249e-10,3.9968028886505635e-15
inhibition_only_hypothesis,once_through,1609.572410268838,14.463686909622824,19287.594088262,86822.981092921,1595.1087233592134,1766666.6666666726,7953177.018907083,0.0,9651.268233585566,1766666.6666666726,7949999.999999998,0.0,265.0,0.45560600939116697,0.11845756244170341,0.829522379482252,0.2806740370904512,4.318089517929009,0.40203665264628885,0.7961001090895624,0.4210928166267897,3.244704830412745,0.029157057167370458,0.029157057167370458,0.0,3.2155477732453708,0.0,0.0,3.2155477732453708,0.0,0.029157057167370458,0.0,4.501493586790046,712.4059117380184,322.2106922456102,11.873866764228014,709.1612069076057,0.0,0.0,0.0,64589.8847192984,-75148.87156810865,3.666864358820021e-15,0.0,3.810036927461624e-10,3.552713678800501e-15
inhibition_only_hypothesis,once_through,1614.4917526639292,14.39527620636929,19285.416759313164,86813.04685730104,1600.0964764575583,1773333.3333333393,7983186.9531427035,0.0,9688.64620109878,1773333.3333333393,7979999.999999998,0.0,266.0,0.4569984798032821,0.11881960474885335,0.8307523234120552,0.28053522660715263,4.323009293648221,0.40091856199030323,0.7956918429622136,0.4203061259668263,3.2546216343601615,0.029019149398895723,0.029019149398895723,0.0,3.2256024849612626,0.0,0.0,3.2256024849612626,0.0,0.029019149398895723,0.0,4.5014866902151836,714.5832406868547,321.3865302174485,11.89609118472529,711.3286190524944,0.0,0.0,0.0,64833.620133333505,-75429.98494965695,3.2085063139675184e-15,0.0,3.810036927461624e-10,3.1086244689504383e-15
inhibition_only_hypothesis,once_through,1619.388464195839,14.327255253970302,19283.249446913207,86803.15847242781,1605.061208941867,1780000.000000006,8013196.841527577,0.0,9726.030509064532,1780000.000000006,8009999.999999998,0.0,267.0,0.4583845443170374,0.11917998152242973,0.8319677965000025,0.2803969717846337,4.32787118600001,0.3998087030537736,0.7952852111312756,0.4195237700927631,3.264492817203108,0.02888202732137365,0.02888202732137365,0.0,3.235610789881731,0.0,0.0,3.235610789881731,0.0,0.02888202732137365,0.0,4.50147983157076,716.7505530868141,320.56615965095006,11.918275808053556,713.486060269611,0.0,0.0,0.0,65077.35554736859,-75711.1046716578,3.2085063139675184e-15,0.0,3.810036927461624e-10,3.552713678800501e-15
inhibition_only_hypothesis,once_through,1624.2626718152464,14.259624002065252,19281.09209487303,86793.31568535005,1610.0030478131794,1786666.6666666728,8043206.684314654,0.0,9763.421146131212,1786666.6666666728,8039999.999999998,0.0,268.0,0.4597642388671268,0.11953870210545298,0.8331690145313626,0.2802592692103262,4.33267605812545,0.39870699599468956,0.794880203559783,0.41874571398730814,3.274318634858919,0.028745690833283297,0.028745690833283297,0.0,3.2455729440256316,0.0,0.0,3.2455729440256316,0.0,0.028745690833283297,0.0,4.501473010879346,718.90790512699,319.74955927743264,11.940420720703893,715.6335864921311,0.0,0.0,0.0,65321.09096140368,-75992.23072275956,3.666864358820021e-15,0.0,3.810036927461624e-10,3.9968028886505635e-15
inhibition_only_hypothesis,once_through,1629.1145024220202,14.192382292944302,19278.944647026034,86783.51824300396,1614.9221201290743,1793333.3333333395,8073216.481757,0.0,9800.818100971843,1793333.3333333395,8069999.999999998,0.0,269.0,0.46113759937386223,0.11989577583720418,0.8343561896463821,0.28012211550390903,4.337424758585529,0.3976133617522253,0.7944768103056148,0.4179719230253246,3.284099343142502,0.02861013961670056,0.02861013961670056,0.0,3.255489203525798,0.0,0.0,3.255489203525798,0.0,0.02861013961670056,0.0,4.501466228152233,721.0553529739867,318.9367078367268,11.962526008468405,717.7712536308442,0.0,0.0,0.0,65564.82637543877,-76273.36309163528,3.2085063139675184e-15,0.0,3.265745937824249e-10,3.552713678800501e-15
inhibition_only_hypothesis,once_through,1633.9440828327638,14.125529866069703,19276.807047242462,86773.7658922867,1619.8185529666926,1800000.0000000063,8103226.234107718,0.0,9838.221362283912,1800000.0000000063,8099999.999999998,0.0,270.0,0.46250466173398624,0.12025121205083643,0.8355295304025739,0.2799855073167514,4.342118121610296,0.39652772204424164,0.7940750215198572,0.41720236296738744,3.2938351977009117,0.028475373146412592,0.028475373146412592,0.0,3.265359824554496,0.0,0.0,3.265359824554496,0.0,0.028475373146412592,0.0,4.501459483389893,723.1929527575548,318.1275840826129,11.98459175647298,719.899117559854,0.0,0.0,0.0,65808.56178947387,-76554.50176698246,3.2085063139675184e-15,0.0,3.810036927461624e-10,3.1086244689504383e-15
inhibition_only_hypothesis,once_through,1638.75153974972,14.059066362443689,19274.67923944319,86764.05838012717,1624.6924733872747,1806666.666666673,8133235.941619878,0.0,9875.630918789158,1806666.666666673,8129999.999999998,0.0,271.0,0.4638654618118706,0.12060502007108637,0.8366892418361773,0.2798494413313707,4.346756967344709,0.3954499993644998,0.7936748274452079,0.41643699995349237,3.3035264539506652,0.02834139069872298,0.02834139069872298,0.0,3.2751850632519393,0.0,0.0,3.2751850632519393,0.0,0.02834139069872298,0.0,4.501452776582425,725.3207605568283,317.32216678803064,12.006618049208882,722.0172341028776,0.0,0.0,0.0,66052.29720350896,-76835.6467375228,3.2085063139675184e-15,0.0,3.810036927461624e-10,3.1086244689504383e-15
inhibition_only_hypothesis,once_through,1643.5369997309951,13.992991328827639,19272.561167612872,86754.3954535536,1629.544008402166,1813333.3333333398,8163245.604546451,0.0,9913.046759233417,1813333.3333333398,8159999.999999998,0.0,272.0,0.46522003543108775,0.12095720921208282,0.8378355255227823,0.2797139142609044,4.351342102091129,0.39438011697960174,0.7932762184144247,0.41567580049691205,3.3131733670177184,0.028208191359957058,0.028208191359957058,0.0,3.284965175657758,0.0,0.0,3.284965175657758,0.0,0.028208191359957058,0.0,4.501446107709987,727.4388323871455,316.5204347500677,12.028604970563215,724.1256590201277,0.0,0.0,0.0,66296.03261754404,-77116.79799200213,3.2085063139675184e-15,0.0,3.810036927461624e-10,3.552713678800501e-15
inhibition_only_hypothesis,once_through,1648.3005891620546,13.927304221817057,19270.452775812584,86744.77685975851,1634.3732849402356,1820000.0000000065,8193255.223140246,0.0,9950.468872386427,1820000.0000000065,8189999.999999998,0.0,273.0,0.4665684183663422,0.12130778877524898,0.8389685796371148,0.27957892284859587,4.355874318548459,0.39331799892567476,0.7928791848488114,0.4149187314781908,3.3227761916800023,0.028075774034676565,0.028075774034676565,0.0,3.294700417645322,0.0,0.0,3.294700417645322,0.0,0.028075774034676565,0.0,4.501439476743209,729.5472241874328,315.72236679473514,12.05055260384843,726.2244479957528,0.0,0.0,0.0,66539.76803157914,-77397.95551919023,3.666864358820021e-15,0.0,3.810036927461624e-10,3.552713678800501e-15
inhibition_only_hypothesis,once_through,1653.0424342284477,13.862004411776761,19268.354008191884,86735.20234616086,1639.1804298166692,1826666.6666666733,8223264.797653844,0.0,9987.89724704169,1826666.6666666733,8219999.999999998,0.0,274.0,0.4679106463357504,0.12165676804729511,0.8400885990119773,0.2794444638672935,4.360354396047909,0.3922635700048159,0.7924837172567456,0.41416576013928247,3.332335182312443,0.027944137453612534,0.027944137453612534,0.0,3.3043910448588267,0.0,0.0,3.3043910448588267,0.0,0.027944137453612534,0.0,4.501432883643598,731.6459918081327,314.92794178153696,12.072461031830631,728.3136566258203,0.0,0.0,0.0,66783.50344561422,-77679.11930788058,3.666864358820021e-15,0.0,3.810036927461624e-10,3.552713678800501e-15
inhibition_only_hypothesis,once_through,1657.7626608897215,13.797091186640655,19266.26480900036,86725.67166046558,1643.9655697030792,1833333.33333334,8253274.328339539,0.0,10025.3318720163,1833333.33333334,8249999.999999998,0.0,275.0,0.4692467549934563,0.12200415629829864,0.8411957751963446,0.279310534118963,4.364783100785378,0.3912167557813102,0.7920898062322442,0.41341685407782053,3.3418505928343714,0.027813280181325162,0.027813280181325162,0.0,3.314037312653043,0.0,0.0,3.314037312653043,0.0,0.027813280181325162,0.0,4.501426328363925,733.7351909996578,314.1371386078404,12.094330336756936,730.3933404068234,0.0,0.0,0.0,67027.23885964933,-77960.28934689029,3.2085063139675184e-15,0.0,3.265745937824249e-10,3.1086244689504383e-15
inhibition_only_hypothesis,once_through,1662.4613948544784,13.73256375558027,19264.185122598665,86716.18455072049,1648.7288310988963,1840000.0000000068,8283283.815449283,0.0,10062.772736150806,1840000.0000000068,8279999.999999998,0.0,276.0,0.4705767799225715,0.12234996277986859,0.8422902965126108,0.27917713043421255,4.369161186050443,0.39017748257763885,0.7916974424535663,0.4126719812415215,3.3513226766592457,0.02768320062359915,0.02768320062359915,0.0,3.323639476035643,0.0,0.0,3.323639476035643,0.0,0.02768320062359915,0.0,4.501419810848599,735.8148774013513,313.34993621305495,12.116160600381752,732.463554724692,0.0,0.0,0.0,67270.9742736844,-78241.46562505988,3.666864358820021e-15,0.0,3.265745937824249e-10,3.552713678800501e-15
inhibition_only_hypothesis,once_through,1667.1387615565432,13.668421252546084,19262.11489346908,86706.74076537088,1653.4703403039953,1846666.6666666735,8313293.259234633,0.0,10100.219828309073,1846666.6666666735,8309999.999999998,0.0,277.0,0.471900756628429,0.12269419672339155,0.8433723481129893,0.27904424967183034,4.373489392451957,0.3891456774702887,0.791306616681854,0.41193110992271464,3.360751686646604,0.027553897034582598,0.027553897034582598,0.0,3.3331977896120177,0.0,0.0,3.3331977896120177,0.0,0.027553897034582598,0.0,4.501413331034032,737.885106530938,312.5663135826245,12.137951903992116,734.5243548442913,0.0,0.0,0.0,67514.7096877195,-78522.64813125324,3.666864358820021e-15,0.0,3.265745937824249e-10,3.552713678800501e-15
inhibition_only_hypothesis,once_through,1671.7948861321988,13.604662739685727,19260.054066225566,86697.3400533117,1658.1902233925111,1853333.3333333402,8343302.659946693,0.0,10137.67313737815,1853333.3333333402,8339999.999999998,0.0,278.0,0.47321872053213954,0.12303686733835628,0.8444421120350659,0.2789118887183336,4.377768448140264,0.38812126828537813,0.7909173197598048,0.41119420875299545,3.3701378750561766,0.027425367523677663,0.027425367523677663,0.0,3.3427125075324953,0.0,0.0,3.3427125075324953,0.0,0.027425367523677663,0.0,4.501406888848987,739.9459337744489,311.78624975184204,12.159704328432072,736.5757958993927,0.0,0.0,0.0,67758.44510175458,-78803.8368543574,4.125222403672524e-15,0.0,4.354327917098999e-10,3.552713678800501e-15
inhibition_only_hypothesis,once_through,1676.4298933984533,13.541287210642862,19258.002585623413,86687.9821639373,1662.8886061878086,1860000.000000007,8373312.017836067,0.0,10175.132652268141,1860000.000000007,8369999.999999998,0.0,279.0,0.4745307069644396,0.12337798381075431,0.8454997672565054,0.2787800444875305,4.381999069026022,0.3871041835941106,0.7905295426103839,0.41046124669800316,3.379481493504074,0.02729761006219073,0.02729761006219073,0.0,3.3521838834418793,0.0,0.0,3.3521838834418793,0.0,0.02729761006219073,0.0,4.501400484214914,741.9974143766027,311.0097238094901,12.181417954126008,738.6179328830987,0.0,0.0,0.0,68002.18051578967,-79085.0317832825,3.666864358820021e-15,0.0,3.265745937824249e-10,3.552713678800501e-15
inhibition_only_hypothesis,once_through,1681.043907832304,13.47829359374051,19255.960396568385,86678.66684718916,1667.5656142385615,1866666.6666666737,8403321.333152816,0.0,10212.598361912093,1866666.6666666737,8399999.999999998,0.0,280.0,0.47583675115982244,0.12371755530155384,0.8465454897489163,0.2786487139200924,4.386181958995666,0.3860943527080681,0.7901432762355659,0.4097321930523123,3.388782792920985,0.027170622489749618,0.027170622489749618,0.0,3.361612170431231,0.0,0.0,3.361612170431231,0.0,0.027170622489749618,0.0,4.501394117046284,744.0396034316268,310.2367149013149,12.203092861101174,740.6508206387058,0.0,0.0,0.0,68245.91592982475,-79366.23290696152,4.125222403672524e-15,0.0,4.354327917098999e-10,4.440892098500626e-15
inhibition_only_hypothesis,once_through,1685.637053550963,13.415680755052517,19253.927444125507,86669.39385360142,1672.2213727959083,1873333.3333333405,8433330.606146403,0.0,10250.070255265882,1873333.3333333405,8429999.999999998,0.0,281.0,0.4771368882509402,0.12405559094524446,0.8475794525308743,0.2785178939831377,4.390317810123497,0.38509170567435574,0.7897585117151109,0.40900701743444123,3.398042023512315,0.027044402520495264,0.027044402520495264,0.0,3.3709976209918153,0.0,0.0,3.3709976209918153,0.0,0.027044402520495264,0.0,4.501387787250896,746.0725558745058,309.4672022333394,12.22472912900923,742.6745138509935,0.0,0.0,0.0,68489.65134385986,-79647.44021435041,4.125222403672524e-15,0.0,3.265745937824249e-10,4.440892098500626e-15
inhibition_only_hypothesis,once_through,1690.2094542930104,13.353447501366642,19251.903673527373,86660.16293434416,1676.8560067916417,1880000.0000000072,8463339.837065661,0.0,10287.54832130811,1880000.0000000072,8459999.999999998,0.0,282.0,0.47843115326326946,0.12439209984845007,0.84860182572011,0.27838758166982636,4.39440730288044,0.38409617327060885,0.7893752402053716,0.40828568978197,3.4072594347201934,0.026918947749054983,0.026918947749054983,0.0,3.3803404869711344,0.0,0.0,3.3803404869711344,0.0,0.026918947749054983,0.0,4.501381494730183,748.0963264726399,308.70116507502047,12.246326837146967,744.6890670379197,0.0,0.0,0.0,68733.38675789493,-79928.65369442772,4.125222403672524e-15,0.0,4.354327917098999e-10,3.9968028886505635e-15
inhibition_only_hypothesis,once_through,1694.7612334004443,13.291592583042863,19249.889030182116,86650.97384126509,1681.4696408173993,1886666.666666674,8493349.02615874,0.0,10325.032549039997,1886666.666666674,8489999.999999998,0.0,283.0,0.4797195811100301,0.12472709108860783,0.8496127765848656,0.2782577739989649,4.398451106339462,0.3831076869998717,0.7889934529381321,0.40756818034676756,3.4164352751872875,0.026794255656304444,0.026794255656304444,0.0,3.3896410195309787,0.0,0.0,3.3896410195309787,0.0,0.026794255656304444,0.0,4.501375239379514,750.1109698178996,307.9385827622565,12.267886064476121,746.6945345427123,0.0,0.0,0.0,68977.12217193002,-80209.8733361947,4.583580448525026e-15,0.0,4.354327917098999e-10,4.440892098500626e-15
inhibition_only_hypothesis,once_through,1699.292513801593,13.230114696770148,19247.88345968095,86641.82632692886,1686.0623991048203,1893333.3333333407,8523358.173673077,0.0,10362.522927485295,1893333.3333333407,8519999.999999998,0.0,284.0,0.48100220658734866,0.12506057371271065,0.8506124695944234,0.27812846801462143,4.402449878377693,0.3821261790853592,0.7886131412194749,0.40685445969032413,3.425569792722355,0.026670323614925003,0.026670323614925003,0.0,3.398899469107425,0.0,0.0,3.398899469107425,0.0,0.026670323614925003,0.0,4.501369021088463,752.1165403190626,307.17943470025006,12.289406889642386,748.6909705263402,0.0,0.0,0.0,69220.85758596512,-80491.09912867508,5.041938493377529e-15,0.0,4.354327917098999e-10,5.329070518200751e-15
inhibition_only_hypothesis,once_through,1703.8034179948615,13.169012488224933,19245.88690780539,86632.7201446548,1690.634405506634,1900000.0000000075,8553367.27985535,0.0,10400.0194456902,1900000.0000000075,8549999.999999998,0.0,285.0,0.48227906436965723,0.12539255673611088,0.8516010664688146,0.2779996607857508,4.406404265875258,0.38115158246511,0.7882342964286788,0.40614449867918523,3.4346632342674814,0.026547148894762874,0.026547148894762874,0.0,3.408116085372713,0.0,0.0,3.408116085372713,0.0,0.026547148894762874,0.0,4.501362839741093,754.1130921946203,306.42370036623083,12.31088939099361,750.6784289603528,0.0,0.0,0.0,69464.59300000021,-80772.33106091508,5.041938493377529e-15,0.0,4.354327917098999e-10,5.329070518200751e-15
inhibition_only_hypothesis,once_through,1708.2940680332833,13.108284554634588,19243.89932053407,86623.65504855283,1695.1857834786463,1906666.6666666742,8583376.344951453,0.0,10437.52209272326,1906666.6666666742,8579999.999999998,0.0,286.0,0.4835501890053211,0.1257230491413835,0.8525787262277131,0.2778713494058289,4.4103149049108525,0.3801838307865399,0.7878569100171439,0.40543826848048514,3.443715845866935,0.02642472866799677,0.02642472866799677,0.0,3.4172911171989333,0.0,0.0,3.4172911171989333,0.0,0.02642472866799677,0.0,4.501356695216216,756.1006794659403,305.6713593120438,12.33233364659721,752.6569636200734,0.0,0.0,0.0,69708.32841403528,-81053.56912198321,5.041938493377529e-15,0.0,4.354327917098999e-10,4.884981308350689e-15
inhibition_only_hypothesis,once_through,1712.764585509846,13.047929447248857,19241.92064404924,86614.63079355755,1699.716656062595,1913333.333333341,8613385.369206449,0.0,10475.030857675301,1913333.333333341,8609999.999999998,0.0,287.0,0.48481561491248487,0.12605205987724608,0.8535456052385203,0.277743530992497,4.414182420954081,0.3792228584009045,0.7874809735073441,0.4047357405575782,3.4527278726375883,0.026303060014120024,0.026303060014120024,0.0,3.4264248126234635,0.0,0.0,3.4264248126234635,0.0,0.026303060014120024,0.0,4.501350587387647,758.0793559507712,304.9223911666079,12.353739734256786,754.6266280781335,0.0,0.0,0.0,69952.06382807039,-81334.81330097036,4.583580448525026e-15,0.0,5.442909896373749e-10,4.884981308350689e-15
inhibition_only_hypothesis,once_through,1717.2150915435661,12.987945673722292,19239.950824742933,86605.64713546078,1704.2271458698413,1920000.0000000077,8643394.352864545,0.0,10512.54572965936,1920000.0000000077,8639999.999999998,0.0,288.0,0.48607537637513065,0.12637959785753397,0.8545018572636492,0.277616202687214,4.418007429054597,0.3782686003576792,0.7871064784918059,0.40403688666576204,3.4616995587408437,0.026182139924743292,0.026182139924743292,0.0,3.4355174188160955,0.0,0.0,3.4355174188160955,0.0,0.026182139924743292,0.0,4.501344516124455,760.0491752570789,304.1767756382486,12.375107731528065,756.587475698338,0.0,0.0,0.0,70195.79924210548,-81616.0635869895,5.041938493377529e-15,0.0,4.354327917098999e-10,4.884981308350689e-15
inhibition_only_hypothesis,once_through,1721.645706766283,12.928331700410565,19237.98980922281,86596.70383094241,1708.7173750658699,1926666.6666666744,8673403.296169063,0.0,10550.0666978106,1926666.6666666744,8669999.999999998,0.0,289.0,0.48732950753934,0.12670567196022842,0.8554476335070146,0.27748936165491833,4.421790534028059,0.37732099239886435,0.7867334166321128,0.40334167884809324,3.470631147356014,0.026061965308223647,0.026061965308223647,0.0,3.4445691820477853,0.0,0.0,3.4445691820477853,0.0,0.026061965308223647,0.0,4.5013384812911905,762.0101907772025,303.4344925169107,12.396437715734065,758.5395596298465,0.0,0.0,0.0,70439.53465614056,-81897.31996917583,5.041938493377529e-15,0.0,4.354327917098999e-10,5.329070518200751e-15
inhibition_only_hypothesis,once_through,1726.056551310151,12.869085954583502,19236.037544317696,86587.80063759969,1713.1874653555647,1933333.3333333412,8703412.199362407,0.0,10587.593751286258,1933333.3333333412,8699999.999999998,0.0,290.0,0.4885780424097537,0.12703029102653599,0.8563830826597373,0.2773630050836982,4.42553233063895,0.3763799709532219,0.786361779657936,0.40265008943129293,3.479522880655107,0.02594253299412579,0.02594253299412579,0.0,3.453580347660975,0.0,0.0,3.453580347660975,0.0,0.02594253299412579,0.0,4.501332482748124,763.9624556823173,302.6955216762538,12.417729763979565,760.4829328016623,0.0,0.0,0.0,70683.27007017565,-82178.58243668659,5.958654583082534e-15,0.0,4.354327917098999e-10,5.773159728050814e-15
inhibition_only_hypothesis,once_through,1730.4477447957995,12.810206826557536,19234.093977082815,86578.93731397513,1717.6375379692395,1940000.000000008,8733421.062686032,0.0,10625.12687926558,1940000.000000008,8729999.999999998,0.0,291.0,0.48982101484622004,0.12735346386001722,0.8573083509450701,0.2772371301844697,4.42923340378028,0.3754454731304521,0.7859915593660874,0.40196209102173774,3.488374999778956,0.025823839737520803,0.025823839737520803,0.0,3.4625511600414303,0.0,0.0,3.4625511600414303,0.0,0.025823839737520803,0.0,4.501326520351458,765.906022917195,301.95984307563566,12.438983953164888,762.4176479174159,0.0,0.0,0.0,70927.00548421075,-82459.850978701,5.041938493377529e-15,0.0,5.442909896373749e-10,4.884981308350689e-15
inhibition_only_hypothesis,once_through,1734.8194063211408,12.751692671750188,19232.159054804764,86570.11361958277,1722.067713649388,1946666.6666666747,8763429.886380425,0.0,10662.666070949752,1946666.6666666747,8759999.999999998,0.0,292.0,0.4910584585606268,0.12767519922576298,0.8582235821625543,0.27711173419066304,4.432894328650217,0.3745174367153157,0.7856227476195973,0.4012776565015325,3.4971877448146613,0.025705882223127766,0.025705882223127766,0.0,3.471481862591528,0.0,0.0,3.471481862591528,0.0,0.025705882223127766,0.0,4.501320593953542,767.8409451952493,301.22743676198763,12.460200359999122,764.3437574504346,0.0,0.0,0.0,71170.74089824586,-82741.12558442028,5.500296538230032e-15,0.0,5.442909896373749e-10,5.773159728050814e-15
inhibition_only_hypothesis,once_through,1739.1716544507983,12.693541812659253,19230.232725006157,86561.3293149333,1726.4781126381365,1953333.3333333414,8793438.670685075,0.0,10700.211315561872,1953333.3333333414,8789999.999999998,0.0,293.0,0.49229040711390887,0.1279955058496163,0.859128917731415,0.2769868143579166,4.43651567092566,0.3735958001617089,0.7852553363468137,0.4005967590246686,3.505961354774275,0.025588657069303532,0.025588657069303532,0.0,3.4803726977049663,0.0,0.0,3.4803726977049663,0.0,0.025588657069303532,0.0,4.5013147034030805,769.7672749938577,300.49828287158545,12.481379061012577,766.2613136390834,0.0,0.0,0.0,71414.47631228094,-83022.40624306748,5.041938493377529e-15,0.0,6.531491875648498e-10,5.329070518200751e-15
inhibition_only_hypothesis,once_through,1743.5046072061373,12.635752540769085,19228.314935450064,86552.58416155765,1730.868854665366,1960000.0000000081,8823447.41583845,0.0,10737.762602346871,1960000.0000000081,8819999.999999998,0.0,294.0,0.4935168939132264,0.12831439241743886,0.8600244967332038,0.27686236796377844,4.440097986932815,0.372680502586696,0.7848893175405249,0.3999193720132591,3.514696067574708,0.025472160831885582,0.025472160831885582,0.0,3.4892239067428177,0.0,0.0,3.4892239067428177,0.0,0.025472160831885582,0.0,4.501308848545327,771.6850645499482,299.7723616317197,12.50252013256869,768.1703684823734,0.0,0.0,0.0,71658.21172631603,-83303.69294388758,4.583580448525026e-15,0.0,5.442909896373749e-10,4.440892098500626e-15
inhibition_only_hypothesis,once_through,1747.8183820558718,12.578323118386404,19226.40563414417,86543.87792202935,1735.2400589374831,1966666.666666675,8853456.12207798,0.0,10775.319920571488,1966666.666666675,8849999.999999998,0.0,295.0,0.49473795220930594,0.12863186757441955,0.8609104559536996,0.27673839230741515,4.443641823814799,0.37177148376450625,0.7845246832571035,0.39924546915385184,3.5233921200187903,0.025356390007892783,0.025356390007892783,0.0,3.4980357300108933,0.0,0.0,3.4980357300108933,0.0,0.025356390007892783,0.0,4.501303029222274,773.5943658558424,299.0496533622695,12.52362365087534,770.0709737358236,0.0,0.0,0.0,71901.94714035111,-83584.98567614728,4.583580448525026e-15,0.0,6.531491875648498e-10,4.440892098500626e-15
inhibition_only_hypothesis,once_through,1752.1130959072298,12.521251780407995,19224.50476934467,86535.21035998574,1739.5918441268195,1973333.3333333416,8883464.789640022,0.0,10812.883259524211,1973333.3333333416,8879999.999999998,0.0,296.0,0.4959536150939396,0.1289479399244243,0.8617869299240735,0.27661488470932744,4.447147719696294,0.3708686841205003,0.7841614256156689,0.3985750243938172,3.532049747777466,0.025241341039088868,0.025241341039088868,0.0,3.5068084067383727,0.0,0.0,3.5068084067383727,0.0,0.025241341039088868,0.0,4.50129724527284,775.495230655345,298.33013847718223,12.544689691995567,771.9631809075676,0.0,0.0,0.0,72145.6825543862,-83866.28442913509,4.583580448525026e-15,0.0,5.442909896373749e-10,4.440892098500626e-15
inhibition_only_hypothesis,once_through,1756.388865097653,12.46453673602259,19222.612289559944,86526.58124014767,1743.9243283616283,1980000.0000000084,8913473.41875986,0.0,10850.45260851525,1980000.0000000084,8909999.999999998,0.0,297.0,0.49716391549763567,0.12926261802938527,0.8626540509613299,0.27649184251107284,4.450616203845319,0.36997204472511114,0.7837995367972731,0.39790801193780906,3.5406691853730563,0.025127010315413215,0.025127010315413215,0.0,3.515542175057639,0.0,0.0,3.515542175057639,0.0,0.025127010315413215,0.0,4.50129149653304,777.38771044007,297.61379748586467,12.56571833185775,773.8470412546969,0.0,0.0,0.0,72389.4179684213,-84147.58919216122,4.125222403672524e-15,0.0,5.442909896373749e-10,3.9968028886505635e-15
inhibition_only_hypothesis,once_through,1760.6458053870153,12.408176170349032,19220.728143554014,86517.99032833852,1748.2376292166643,1986666.6666666751,8943482.00967167,0.0,10888.027956876485,1986666.6666666751,8939999.999999998,0.0,298.0,0.49836888618741587,0.12957591040872812,0.8635119492080332,0.276369263074995,4.454047796832133,0.3690815072877642,0.7834390090441029,0.39724440624429697,3.549250666163576,0.025013394178283205,0.025013394178283205,0.0,3.5242372719852892,0.0,0.0,3.5242372719852892,0.0,0.025013394178283205,0.0,4.501285782836159,779.2718564459964,296.9006109944863,12.58670964626524,775.7226057798327,0.0,0.0,0.0,72633.15338245638,-84428.89995455754,4.125222403672524e-15,0.0,5.442909896373749e-10,3.552713678800501e-15
inhibition_only_hypothesis,once_through,1764.8840319503379,12.352168246012933,19218.852280349765,86509.4373915017,1752.5318637043229,1993333.3333333419,8973490.562608508,0.0,10925.609293961445,1993333.3333333419,8969999.999999998,0.0,299.0,0.49956855976475345,0.1298878255388359,0.8643607526713275,0.2762471437839592,4.45744301068531,0.3681970141507816,0.7830798346587036,0.3965841820221671,3.5577944223280467,0.02490048892377255,0.02490048892377255,0.0,3.53289393340427,0.0,0.0,3.53289393340427,0.0,0.02490048892377255,0.0,4.501280104012919,781.1477196502444,296.19055970720007,12.607663710905456,777.5899252279164,0.0,0.0,0.0,72876.88879649148,-84710.2167056776,4.125222403672524e-15,0.0,6.531491875648498e-10,3.9968028886505635e-15
inhibition_only_hypothesis,once_through,1769.1036593709812,12.296511104663884,19216.98464923195,86500.92219771731,1756.8071482663154,2000000.0000000086,9003499.077802293,0.0,10963.196609145263,2000000.0000000086,8999999.999999998,0.0,300.0,0.5007629686636459,0.13019837185254793,0.8652005872612601,0.2761254820410943,4.460802349045041,0.3673185082832753,0.7827220060032185,0.3959273142273906,3.566300684852773,0.024788290805669827,0.024788290805669827,0.0,3.5415123940470994,0.0,0.0,3.5415123940470994,0.0,0.024788290805669827,0.0,4.501274459891632,783.0153507680617,295.4836244272826,12.628580601358511,779.4490500832089,0.0,0.0,0.0,73120.62421052657,-84991.5394348965,3.666864358820021e-15,0.0,7.620073854923248e-10,3.9968028886505635e-15
inhibition_only_hypothesis,once_through,1773.3048016343014,12.241202868435133,19215.125199749997,86492.44451621757,1761.0635987658645,2006666.6666666754,9033507.555483792,0.0,11000.789891824654,2006666.6666666754,9029999.999999998,0.0,301.0,0.5019521451488195,0.13050755773869308,0.8660315768284208,0.2760042752695402,4.464126307313683,0.3664459332750322,0.7823655154986476,0.39527377805975505,3.5747696835185554,0.024676796038421014,0.024676796038421014,0.0,3.5500928874801305,0.0,0.0,3.5500928874801305,0.0,0.024676796038421014,0.0,4.501268850298352,784.8748002500156,294.77978605819726,12.649460393105386,781.3000305664971,0.0,0.0,0.0,73364.35962456165,-85272.86813161097,3.666864358820021e-15,0.0,6.531491875648498e-10,3.9968028886505635e-15
inhibition_only_hypothesis,once_through,1777.4875721217488,12.18624164134781,19213.27388172063,86484.00411740149,1765.3013304803992,2013333.333333342,9063515.995882608,0.0,11038.389131417882,2013333.333333342,9059999.999999998,0.0,302.0,0.5031361213140587,0.13081539154165528,0.8668538432009021,0.27588352091220203,4.467415372803608,0.36557923333039594,0.7820103556241237,0.3946235489596642,3.583201646888791,0.02456600079996022,0.02456600079996022,0.0,3.5586356460888267,0.0,0.0,3.5586356460888267,0.0,0.02456600079996022,0.0,4.501263275057029,786.7261182793817,294.0790256045828,12.670303161535518,783.1429166324929,0.0,0.0,0.0,73608.09503859673,-85554.20278523928,3.666864358820021e-15,0.0,6.531491875648498e-10,3.9968028886505635e-15
inhibition_only_hypothesis,once_through,1781.6520836053917,12.131625510661452,19211.43064523029,86475.60077284835,1769.5204580947286,2020000.0000000088,9093524.39922716,0.0,11075.994317364737,2020000.0000000088,9089999.999999998,0.0,303.0,0.5043149290806564,0.13112188156097068,0.8676675062205947,0.2757632164315091,4.470670024882379,0.36471835326214913,0.7816565189162032,0.39397660260499573,3.5915968022984366,0.024455901234432205,0.024455901234432205,0.0,3.5671409010640014,0.0,0.0,3.5671409010640014,0.0,0.024455901234432205,0.0,4.501257733989636,788.5693547697192,293.3813241731707,12.691108981954043,784.9777579674208,0.0,0.0,0.0,73851.83045263182,-85835.54338522123,3.2085063139675184e-15,0.0,5.442909896373749e-10,3.1086244689504383e-15
inhibition_only_hypothesis,once_through,1785.7984482428542,12.07735254817265,19209.59544063738,86467.2342553305,1773.72109569468,2026666.6666666756,9123532.765744677,0.0,11113.605439126515,2026666.6666666756,9119999.999999998,0.0,304.0,0.5054886001959804,0.1314270360509549,0.8684726837788256,0.2756433593091797,4.473890735115303,0.3638632384853996,0.7813039979681756,0.39333291490801875,3.5999553758438045,0.02434649345481028,0.02434649345481028,0.0,3.575608882388991,0.0,0.0,3.575608882388991,0.0,0.02434649345481028,0.0,4.501252226916316,790.4045593626312,292.68666297363336,12.711877929588614,786.8046039867874,0.0,0.0,0.0,74095.56586666692,-86116.88992101811,3.2085063139675184e-15,0.0,5.442909896373749e-10,3.1086244689504383e-15
inhibition_only_hypothesis,once_through,1789.9267775726466,12.023420811463637,19207.768218574314,86458.9043388251,1777.9033567611814,2033333.3333333423,9153541.095661184,0.0,11151.222486185987,2033333.3333333423,9149999.999999998,0.0,305.0,0.5066571662321522,0.13173086322035957,0.8692694918513485,0.27552394704599115,4.477077967405394,0.3630138350114725,0.7809527854293857,0.3926924620123731,3.6082775923731467,0.024237773545413316,0.024237773545413316,0.0,3.5840398188277303,0.0,0.0,3.5840398188277303,0.0,0.024237773545413316,0.0,4.50124675365551,792.2317814256971,291.9950233193666,12.732610079595716,788.623503833324,0.0,0.0,0.0,74339.30128070201,-86398.24238211267,3.2085063139675184e-15,0.0,6.531491875648498e-10,3.1086244689504383e-15
inhibition_only_hypothesis,once_through,1794.0371825098773,11.969828345102503,19205.948929949434,86450.61079852498,1782.0673541647732,2040000.000000009,9183549.389201485,0.0,11188.845448047385,2040000.000000009,9179999.999999998,0.0,306.0,0.5078206585848327,0.13203337123205652,0.8700580445326987,0.27540497716155493,4.4802321781307946,0.3621700894418144,0.7806028740045734,0.39205522029010303,3.616563675478011,0.02412973756432523,0.02412973756432523,0.0,3.5924339379136825,0.0,0.0,3.5924339379136825,0.0,0.02412973756432523,0.0,4.501241314024081,794.0510700505756,291.30638662820763,12.753305507066651,790.4345063750976,0.0,0.0,0.0,74583.03669473711,-86679.60075800917,3.2085063139675184e-15,0.0,6.531491875648498e-10,3.552713678800501e-15
inhibition_only_hypothesis,once_through,1798.129773342329,11.916573181796629,19204.137525948743,86442.35341084884,1786.2132001605307,2046666.6666666758,9213557.64658916,0.0,11226.474314236384,2046666.6666666758,9209999.999999998,0.0,307.0,0.5089791084721123,0.1323345682027492,0.8708384540699192,0.275286447194097,4.483353816279677,0.36133194896190896,0.7802542564532265,0.3914211663387472,3.6248138474853335,0.024022381545720187,0.024022381545720187,0.0,3.6007914659396105,0.0,0.0,3.6007914659396105,0.0,0.024022381545720187,0.0,4.501235907837435,795.8624740512669,290.62073442309287,12.773964287033102,792.2376602037815,0.0,0.0,0.0,74826.77210877219,-86960.96503823325,3.2085063139675184e-15,0.0,6.531491875648498e-10,2.6645352591003757e-15
inhibition_only_hypothesis,once_through,1802.2046597268877,11.863653343501007,19202.333958037478,86434.13195345053,1790.3410063833849,2053333.3333333426,9243565.86804656,0.0,11264.109074300084,2053333.3333333426,9239999.999999998,0.0,308.0,0.5101325469334991,0.13263446220270977,0.8716108308956712,0.27516835470024237,4.486443323582685,0.36049936133520943,0.7799069255889481,0.3907902769784817,3.633028329450238,0.023915701502096806,0.023915701502096806,0.0,3.6091126279481376,0.0,0.0,3.6091126279481376,0.0,0.023915701502096806,0.0,4.501230534909637,797.6660419625332,289.9380483326558,12.794586494472375,794.033013633083,0.0,0.0,0.0,75070.50752280728,-87242.33521233204,3.666864358820021e-15,0.0,6.531491875648498e-10,3.552713678800501e-15
inhibition_only_hypothesis,once_through,1806.2619506863075,11.811066842482937,19200.538177961545,86425.94620522762,1794.450883843823,2060000.0000000093,9273574.05379478,0.0,11301.749717806993,2060000.0000000093,9269999.999999998,0.0,309.0,0.511281004829004,0.13293306125554102,0.8723752836607344,0.27505069725480513,4.489501134642937,0.35967227489708986,0.7795608742788387,0.39016252924931843,3.641207341149513,0.0238096934264245,0.0238096934264245,0.0,3.617397647723086,0.0,0.0,3.617397647723086,0.0,0.0238096934264245,0.0,4.501225195053525,799.461822038466,289.25831009176943,12.815172204312171,795.8206146973165,0.0,0.0,0.0,75314.24293684238,-87523.71126987404,3.2085063139675184e-15,0.0,5.442909896373749e-10,2.6645352591003757e-15
inhibition_only_hypothesis,once_through,1810.3017546063031,11.758811682344593,19198.75013774881,86417.79594632924,1798.5429429239568,2066666.666666676,9303582.20405368,0.0,11339.396234347016,2066666.666666676,9299999.999999998,0.0,310.0,0.5124245128383172,0.13323037333796248,0.8731319192659135,0.2749334724505822,4.492527677063654,0.3588506385488161,0.7792160954428888,0.38953790040835096,3.6493511010757542,0.023704353294204818,0.023704353294204818,0.0,3.6256467477815457,0.0,0.0,3.6256467477815457,0.0,0.023704353294204818,0.0,4.501219888080815,801.2498622511996,288.581501542033,12.835721491435162,797.6005111501238,0.0,0.0,0.0,75557.97835087746,-87805.09320044915,3.2085063139675184e-15,0.0,6.531491875648498e-10,3.552713678800501e-15
inhibition_only_hypothesis,once_through,1814.32417923295,11.706885859004972,19196.96978971025,86409.68095816315,1802.6172933739435,2073333.3333333428,9333590.319041846,0.0,11377.048613531437,2073333.3333333428,9329999.999999998,0.0,311.0,0.5135631014600724,0.13352640637961885,0.8738808428933524,0.27481667789815195,4.49552337157341,0.35803440175154233,0.7788725820533882,0.3889163679270523,3.657459826432119,0.02359967706545094,0.02359967706545094,0.0,3.633860149366665,0.0,0.0,3.633860149366665,0.0,0.02359967706545094,0.0,4.501214613802202,803.0302102897605,287.90760463220766,12.856234430683134,799.3727504633283,0.0,0.0,0.0,75801.71376491255,-88086.48099366867,2.750148269115016e-15,0.0,6.531491875648498e-10,3.1086244689504383e-15
inhibition_only_hypothesis,once_through,1818.3293316703882,11.655287361642534,19195.19708644096,86401.60102340233,1806.6740443087442,2080000.0000000095,9363598.398976607,0.0,11414.706844992912,2080000.0000000095,9359999.999999998,0.0,312.0,0.5146968010111972,0.13382116826291127,0.8746221580372728,0.27470031122567695,4.498488632149091,0.35722351452033074,0.778530327134344,0.38829790948862136,3.665533733127702,0.02349566068658795,0.02349566068658795,0.0,3.642038072441111,0.0,0.0,3.642038072441111,0.0,0.02349566068658795,0.0,4.501209372027464,804.8029135590508,287.2366014186014,12.876711096860848,801.1373798259231,0.0,0.0,0.0,76045.44917894762,-88367.8746391652,3.2085063139675184e-15,2.3283064365386963e-10,6.531491875648498e-10,2.6645352591003757e-15
inhibition_only_hypothesis,once_through,1822.3173183788108,11.604014173599934,19193.431980821053,86393.55592599063,1810.7133042052094,2086666.6666666763,9393606.444074018,0.0,11452.370918385463,2086666.6666666763,9389999.999999998,0.0,313.0,0.5158256416263429,0.13411466682284917,0.8753559665341436,0.2745843700787107,4.501423866136575,0.35641792741820083,0.778189323760914,0.38768250298537665,3.673573035773477,0.023392300092276632,0.023392300092276632,0.0,3.650180735681197,0.0,0.0,3.650180735681197,0.0,0.023392300092276632,0.0,4.501204162565558,806.5680191789578,286.5684740654059,12.897151564739561,802.8944461431843,0.0,0.0,0.0,76289.18459298274,-88649.27412659288,2.750148269115016e-15,0.0,6.531491875648498e-10,3.1086244689504383e-15
inhibition_only_hypothesis,once_through,1826.2882451727307,11.553064273252165,19191.674426016423,86385.54545114805,1814.735180899477,2093333.333333343,9423614.454548862,0.0,11490.040823384457,2093333.333333343,9419999.999999998,0.0,314.0,0.5169496532573947,0.13440690984692263,0.8760823685922892,0.2744688521200085,4.504329474369157,0.355617591550207,0.7778495650588485,0.38707012651619427,3.681577947678804,0.023289591207163573,0.023289591207163573,0.0,3.6582883564716373,0.0,0.0,3.6582883564716373,0.0,0.023289591207163573,0.0,4.501198985224705,808.3255739835876,285.9032048449865,12.917555909060344,804.6439960359088,0.0,0.0,0.0,76532.92000701783,-88930.67944562697,3.2085063139675184e-15,2.3283064365386963e-10,6.531491875648498e-10,3.1086244689504383e-15
inhibition_only_hypothesis,once_through,1830.2422172195115,11.502435634839346,19189.9243754794,86377.56938537533,1818.7397815846707,2100000.00000001,9453622.430614635,0.0,11527.716549686604,2100000.00000001,9449999.999999998,0.0,315.0,0.5180688656730557,0.13469790507499446,0.8768014628209511,0.2743537550293419,4.507205851283804,0.35482245855754774,0.7775110442039468,0.3864607583839939,3.6895486808484685,0.02318752994755994,0.02318752994755994,0.0,3.6663611509009058,0.0,0.0,3.6663611509009058,0.0,0.02318752994755994,0.0,4.501193839812485,810.0756245206137,285.2407761381291,12.937924204537,806.3860758397652,0.0,0.0,0.0,76776.65542105291,-89212.0905859642,2.750148269115016e-15,0.0,7.620073854923248e-10,2.6645352591003757e-15
inhibition_only_hypothesis,once_through,1834.1793390381533,11.452126229265392,19188.181782949272,86369.62751645788,1822.7272128088864,2106666.6666666763,9483630.372483553,0.0,11565.39808700995,2106666.6666666763,9479999.999999998,0.0,316.0,0.5191833084585024,0.13498766019921063,0.8775133462588061,0.27423907650331736,4.510053385035224,0.3540324806117086,0.7771737544215217,0.38585437709326603,3.697485445980232,0.023086112223051517,0.023086112223051517,0.0,3.6743993337571776,0.0,0.0,3.6743993337571776,0.0,0.023086112223051517,0.0,4.501188726135919,811.8182170507408,284.58117043424295,12.958256525858808,808.1207316047606,0.0,0.0,0.0,77020.390835088,-89493.50753732261,3.2085063139675184e-15,0.0,7.620073854923248e-10,3.1086244689504383e-15
inhibition_only_hypothesis,once_through,1838.0997144983226,11.402134024863779,19186.44660245274,86361.71963346929,1826.6975804734575,2113333.333333343,9513638.280366542,0.0,11603.085425093866,2113333.333333343,9509999.999999998,0.0,317.0,0.5202930110151115,0.135276182863929,0.8782181144019555,0.2741248142551979,4.512872457607822,0.353247610408638,0.7768376889858762,0.38525096134764175,3.7053884524628784,0.022985333938042394,0.022985333938042394,0.0,3.6824031185248334,0.0,0.0,3.6824031185248334,0.0,0.022985333938042394,0.0,4.501183644001545,813.5533975472746,283.9243703315235,12.978552947693005,809.8480090948117,0.0,0.0,0.0,77264.12624912307,-89774.93028944162,2.750148269115016e-15,0.0,7.620073854923248e-10,2.6645352591003757e-15
inhibition_only_hypothesis,once_through,1842.0034468196168,11.352456988131495,19184.718788304217,86353.84552677428,1830.650989831484,2120000.0000000093,9543646.154473238,0.0,11640.778553699047,2120000.0000000093,9539999.999999998,0.0,318.0,0.5213980025602505,0.13556348066566512,0.8789158612313912,0.2740109660147289,4.515663444925565,0.3524678011629611,0.776502841219791,0.3846504900475072,3.713257908374729,0.022885190993234515,0.022885190993234515,0.0,3.6903727173814915,0.0,0.0,3.6903727173814915,0.0,0.022885190993234515,0.0,4.501178593215507,815.2812116957963,283.2703585370755,12.998813544686927,811.5679537874215,0.0,0.0,0.0,77507.86166315815,-90056.35883208187,2.750148269115016e-15,0.0,7.620073854923248e-10,2.6645352591003757e-15
inhibition_only_hypothesis,once_through,1845.890638571052,11.303093084432351,19182.998295106077,86346.00498803107,1834.5875454866182,2126666.666666676,9573653.995011982,0.0,11678.477462607503,2126666.666666676,9569999.999999998,0.0,319.0,0.5224983121271335,0.13584956115305472,0.8796066792399492,0.2738975295279667,4.518426716959796,0.35169300660222935,0.7761692044940197,0.38405294228765435,3.721094020482612,0.022785679287045488,0.022785679287045488,0.0,3.6983083411955637,0.0,0.0,3.6983083411955637,0.0,0.022785679287045488,0.0,4.501173573583618,817.0017048939366,282.61911786699875,13.01903839147004,813.280610873454,0.0,0.0,0.0,77751.59707719326,-90337.79315502544,3.2085063139675184e-15,0.0,8.708655834197999e-10,2.6645352591003757e-15
inhibition_only_hypothesis,once_through,1849.7613916707683,11.254040278670649,19181.28507774877,86338.19781019335,1838.507351392096,2133333.3333333423,9603661.802189818,0.0,11716.182141622552,2133333.3333333423,9599999.999999998,0.0,320.0,0.5235939685647371,0.13613443182683163,0.8802906594587593,0.2737845025571109,4.521162637835037,0.35092318096121006,0.7758367722267968,0.3834582973549751,3.728896994241268,0.022686794716966587,0.022686794716966587,0.0,3.7062101995242984,0.0,0.0,3.7062101995242984,0.0,0.022686794716966587,0.0,4.50116858491144,818.7149222512442,281.9706312464378,13.039227562655656,814.9860252570029,0.0,0.0,0.0,77995.33249122833,-90619.23324807556,3.2085063139675184e-15,0.0,7.620073854923248e-10,3.1086244689504383e-15
inhibition_only_hypothesis,once_through,1853.6158073859392,11.205296535936299,19179.579091410866,86330.42378751168,1842.4105108500014,2140000.000000009,9633669.5762125,0.0,11753.89258056882,2140000.000000009,9629999.999999998,0.0,321.0,0.5246850005377754,0.1364181001398216,0.8809678914832006,0.2736718828803397,4.523871565932803,0.35015827897621443,0.7755055378833522,0.38286653472619125,3.7366670337931667,0.022588533180863263,0.022588533180863263,0.0,3.7140785006123007,0.0,0.0,3.7140785006123007,0.0,0.022588533180863263,0.0,4.501163627004348,820.4209085891468,281.32488170959664,13.059381132842475,816.6842415553537,0.0,0.0,0.0,78239.06790526341,-90900.6791010569,3.2085063139675184e-15,0.0,7.620073854923248e-10,2.6645352591003757e-15
inhibition_only_hypothesis,once_through,1857.4539863328805,11.15685982212243,19177.880291559013,86322.68271553461,1846.2971265107567,2146666.6666666754,9663677.317284476,0.0,11791.608769292228,2146666.6666666754,9659999.999999998,0.0,322.0,0.5257714365267304,0.13670057349694992,0.8816384634983696,0.2735596682916485,4.526553853993478,0.3493982558794679,0.7751754949754368,0.38227763406562376,3.744404341968727,0.022490890578220162,0.022490890578220162,0.0,3.721913451390504,0.0,0.0,3.721913451390504,0.0,0.022490890578220162,0.0,4.501158699667597,822.1197084409986,280.6818523997208,13.079499176615899,818.3753040990299,0.0,0.0,0.0,78482.80331929849,-91182.13070381539,2.750148269115016e-15,0.0,7.620073854923248e-10,3.1086244689504383e-15
inhibition_only_hypothesis,once_through,1861.2760284773476,11.108728104516327,19176.1886339478,86314.97439110915,1850.1673003728297,2153333.333333342,9693685.025608901,0.0,11829.330697660003,2153333.333333342,9689999.999999998,0.0,323.0,0.5268533048279364,0.13698185925526346,0.8823024623040717,0.2734478566006909,4.529209849216286,0.348643067393521,0.7748466370608555,0.38169157522299596,3.752109120286915,0.022393862811332373,0.022393862811332373,0.0,3.7297152574755796,0.0,0.0,3.7297152574755796,0.0,0.022393862811332373,0.0,4.501153802706388,823.811366052212,280.04152656904756,13.099581768549243,820.059256931925,0.0,0.0,0.0,78726.53873333358,-91463.58804621825,3.2085063139675184e-15,0.0,6.531491875648498e-10,3.1086244689504383e-15
inhibition_only_hypothesis,once_through,1865.0820331350137,11.06089935236475,19174.50407461954,86307.29861238106,1854.0211337826472,2160000.0000000084,9723692.701387629,0.0,11867.058355560659,2160000.0000000084,9719999.999999998,0.0,324.0,0.5279306335537151,0.13726196472396593,0.8829599733393442,0.27333644563262355,4.531839893357377,0.34789266972570415,0.7745189577430105,0.38110833823127915,3.7597815689562113,0.02229744578644505,0.02229744578644505,0.0,3.7374841231697626,0.0,0.0,3.7374841231697626,0.0,0.02229744578644505,0.0,4.501148935925925,825.4959253804691,279.4038875787254,13.119628983204517,821.7361438115129,0.0,0.0,0.0,78970.27414736866,-91745.05111815399,3.666864358820021e-15,0.0,6.531491875648498e-10,3.552713678800501e-15
inhibition_only_hypothesis,once_through,1868.872098972123,11.013371537414491,19172.826569904,86299.65517879454,1857.8587274347067,2166666.666666675,9753700.344821215,0.0,11904.791732904001,2166666.666666675,9749999.999999998,0.0,325.0,0.5290034506325607,0.1375408971644658,0.883611080706518,0.273225433227953,4.534444322826072,0.34714701956262534,0.7741924506704501,0.3805279033045637,3.767421886875923,0.022201635414843122,0.022201635414843122,0.0,3.745220251461076,0.0,0.0,3.745220251461076,0.0,0.022201635414843122,0.0,4.501144099131475,827.1734300960115,278.7689188987053,13.139640895133365,823.4060082091356,0.0,0.0,0.0,79214.00956140374,-92026.51990953242,3.666864358820021e-15,0.0,6.531491875648498e-10,3.552713678800501e-15
inhibition_only_hypothesis,once_through,1872.6463240063079,10.966142634429085,19171.15607641801,86292.04389109163,1861.6801813718769,2173333.3333333414,9783707.956108918,0.0,11942.53081962112,2173333.3333333414,9779999.999999998,0.0,326.0,0.5300717838093713,0.13781866379043653,0.8842558671948277,0.27311481724238584,4.537023468779311,0.34640607406471285,0.773867109536429,0.37995025083597306,3.7750302716378354,0.022106427613892903,0.022106427613892903,0.0,3.7529238440239387,0.0,0.0,3.7529238440239387,0.0,0.022106427613892903,0.0,4.50113929212842,828.8439235820013,278.1366041076032,13.159617578877535,825.0688933103634,0.0,0.0,0.0,79457.74497543882,-92307.99441028462,3.666864358820021e-15,0.0,6.531491875648498e-10,3.9968028886505635e-15
inhibition_only_hypothesis,once_through,1876.4048056075667,10.919210621682472,19169.492551065057,86284.46455131125,1865.4855949858825,2180000.000000008,9813715.5354487,0.0,11980.275605664396,2180000.000000008,9809999.999999998,0.0,327.0,0.5311356606457254,0.1380952717678886,0.8848944143035796,0.2730045955466811,4.539577657214318,0.3456697908608023,0.7735429280784739,0.3793753613956056,3.782606919528181,0.02201181830803726,0.02201181830803726,0.0,3.7605951012201406,0.0,0.0,3.7605951012201406,0.0,0.02201181830803726,0.0,4.501134514722315,830.5074489349539,277.5069268925363,13.179559108969368,826.7248420154257,0.0,0.0,0.0,79701.48038947392,-92589.47461036299,3.666864358820021e-15,0.0,7.620073854923248e-10,3.1086244689504383e-15
inhibition_only_hypothesis,once_through,1880.1476404993928,10.872573481430456,19167.835951034773,86276.91696278799,1869.2750670179605,2186666.6666666744,9843723.083037224,0.0,12018.026081007483,2186666.6666666744,9839999.999999998,0.0,328.0,0.5321951085202016,0.13837072821525243,0.8855268022648811,0.2728947660265053,4.542107209059525,0.34493812804277013,0.7732199000779568,0.37880321572851056,3.7901520255299155,0.021917803429746027,0.021917803429746027,0.0,3.768234222100166,0.0,0.0,3.768234222100166,0.0,0.021917803429746027,0.0,4.501129766718936,832.1640489652383,276.8798710489342,13.199465559932088,828.3738969397084,0.0,0.0,0.0,79945.215803509,-92870.96049974115,3.666864358820021e-15,0.0,7.620073854923248e-10,3.552713678800501e-15
inhibition_only_hypothesis,once_through,1883.874924760047,10.826229200360743,19166.18623380237,86269.40093015034,1873.0486955596843,2193333.333333341,9873730.59906986,0.0,12055.782235645318,2193333.333333341,9869999.999999998,0.0,329.0,0.5332501546287389,0.13864504020347213,0.8861531100659447,0.2727853265822902,4.544612440263778,0.3442110441602134,0.7728980193596772,0.3782337947526963,3.797665783325283,0.021824378920423212,0.021824378920423212,0.0,3.775841404404856,0.0,0.0,3.775841404404856,0.0,0.021824378920423212,0.0,4.50112504792433,833.8137661976396,276.2554204803255,13.219337006279915,830.0161004143142,0.0,0.0,0.0,80188.95121754406,-93152.45206841404,3.666864358820021e-15,0.0,6.531491875648498e-10,3.9968028886505635e-15
inhibition_only_hypothesis,once_through,1887.5867538239704,10.780175770022348,19164.543357128026,86261.91625931882,1876.8065780539464,2200000.0000000075,9903738.083740693,0.0,12093.544059594109,2200000.0000000075,9899999.999999998,0.0,330.0,0.5343008259850365,0.1389182147561095,0.8867734154709721,0.2726762751290931,4.547093661883888,0.3434884982151759,0.7725772797914503,0.37766707955717166,3.8051483852986654,0.02173154073127265,0.02173154073127265,0.0,3.7834168445673892,0.0,0.0,3.7834168445673892,0.0,0.02173154073127265,0.0,4.5011203581448616,835.4566428719846,275.63355919810107,13.239173522517984,831.6514944866859,0.0,0.0,0.0,80432.68663157914,-93433.94930639792,3.2085063139675184e-15,0.0,7.620073854923248e-10,3.552713678800501e-15
inhibition_only_hypothesis,once_through,1891.2832224833296,10.734411187235082,19162.907279056184,86254.46275750363,1880.5488112960927,2206666.666666674,9933745.537242508,0.0,12131.311542891339,2206666.666666674,9929999.999999998,0.0,331.0,0.535347149420991,0.13919025884945768,0.8873877950426264,0.27256760959645865,4.549551180170505,0.34277044965692194,0.7722576752837019,0.3771030514000104,3.8126000225396943,0.021639284824123455,0.021639284824123455,0.0,3.790960737715567,0.0,0.0,3.790960737715567,0.0,0.021639284824123455,0.0,4.5011156971872515,837.0927209438261,275.0142713212553,13.258975183142372,833.2801209212864,0.0,0.0,0.0,80676.42204561426,-93715.45220373028,3.666864358820021e-15,0.0,7.620073854923248e-10,3.9968028886505635e-15
inhibition_only_hypothesis,once_through,1894.964424889686,10.688933454479823,19161.27795791483,86247.0402332022,1884.2754914352042,2213333.3333333405,9963752.959766809,0.0,12169.084675595761,2213333.3333333405,9959999.999999998,0.0,332.0,0.5363891515871695,0.13946117941266406,0.8879963241630996,0.27245932792828403,4.551985296652399,0.34205685837675764,0.7719391997890708,0.3765416917064546,3.82002088484662,0.021547607172216786,0.021547607172216786,0.0,3.798473277674399,0.0,0.0,3.798473277674399,0.0,0.021547607172216786,0.0,4.501111064858629,838.7220420851809,274.39754107610645,13.278742062639678,834.9020212003343,0.0,0.0,0.0,80920.15745964933,-93996.96075046976,3.666864358820021e-15,0.0,7.620073854923248e-10,3.9968028886505635e-15
inhibition_only_hypothesis,once_through,1898.630454555787,10.643740580270315,19159.65535231469,86239.64849619627,1887.9867139755152,2220000.000000007,9993760.351503814,0.0,12206.863447787393,2220000.000000007,9989999.999999998,0.0,333.0,0.5374268589533159,0.13973098332786213,0.8885990770547841,0.2723514280826857,4.554396308219136,0.34134768470290067,0.7716218473020168,0.37598298206704056,3.8274111607299197,0.02145650376095532,0.02145650376095532,0.0,3.8059546569689613,0.0,0.0,3.8059546569689613,0.0,0.02145650376095532,0.0,4.5011064609665645,840.3446476853236,273.78335279599617,13.298474235486708,836.5172365245937,0.0,0.0,0.0,81163.89287368442,-94278.4749366965,3.2085063139675184e-15,0.0,6.531491875648498e-10,3.1086244689504383e-15
inhibition_only_hypothesis,once_through,1902.2814043574726,10.598830579507093,19158.039421148384,86232.28735754889,1891.6825737779639,2226666.6666666735,10023767.712642461,0.0,12244.647849567515,2226666.6666666735,10019999.999999998,0.0,334.0,0.5384602978088909,0.13999967743031164,0.889196126800555,0.27224390803186843,4.55678450720222,0.3406428893953977,0.7713056118584366,0.37542690423575564,3.8347710374161417,0.021365970588616758,0.021365970588616758,0.0,3.8134050668275217,0.0,0.0,3.8134050668275217,0.0,0.021365970588616758,0.0,4.501101885319113,841.9605788516295,273.1716909209708,13.318171776149974,838.1258078142134,0.0,0.0,0.0,81407.62828771948,-94559.99475251166,3.2085063139675184e-15,0.0,6.531491875648498e-10,3.1086244689504383e-15
inhibition_only_hypothesis,once_through,1905.9173665356884,10.55420147381424,19156.430123589547,86224.95662960105,1895.3631650618722,2233333.33333334,10053775.043370409,0.0,12282.437871058672,2233333.33333334,10049999.999999998,0.0,335.0,0.5394894942636422,0.14026726850854698,0.8897875453636703,0.2721367657619964,4.559150181454681,0.3399424336410909,0.7709904875352837,0.37487344012822227,3.8421007008519634,0.02127600366703265,0.02127600366703265,0.0,3.8208246971849267,0.0,0.0,3.8208246971849267,0.0,0.02127600366703265,0.0,4.50109733772485,843.5698764104663,272.56253999744337,13.337834759085073,839.7277757096144,0.0,0.0,0.0,81651.36370175458,-94841.52018803793,4.125222403672524e-15,0.0,6.531491875648498e-10,3.9968028886505635e-15
inhibition_only_hypothesis,once_through,1909.5384326986052,10.509851291859576,19154.827419091882,86217.656125968,1899.0285814067438,2240000.0000000065,10083782.343874043,0.0,12320.23350240466,2240000.0000000065,10079999.999999998,0.0,336.0,0.5405144742482036,0.14053376330453296,0.8903734036072968,0.27202999927306665,4.561493614429187,0.3392462790486335,0.7706764684501961,0.37432257181990913,3.849400335708464,0.021186599022233882,0.021186599022233882,0.0,3.8282137366862266,0.0,0.0,3.8282137366862266,0.0,0.021186599022233882,0.0,4.501092817992903,845.172580908132,271.95588467783915,13.35746325873599,841.3231805724236,0.0,0.0,0.0,81895.09911578965,-95123.05123341898,3.666864358820021e-15,0.0,7.620073854923248e-10,3.552713678800501e-15
inhibition_only_hypothesis,once_through,1913.1446938238375,10.46577806965887,19153.23126738818,86210.38566153562,1902.678915754177,2246666.666666673,10113789.614338474,0.0,12358.034733770533,2246666.666666673,10109999.999999998,0.0,337.0,0.5415352635147239,0.14079916851382823,0.8909537713136684,0.2719236065787837,4.5638150852546735,0.3385543876435533,0.7703635487611287,0.3737742815443686,3.8566701253855973,0.02109775269506392,0.02109775269506392,0.0,3.83557237269053,0.0,0.0,3.83557237269053,0.0,0.02109775269506392,0.0,4.501088325932988,846.7687326118366,271.3517097202233,13.377057349534304,842.9120624864511,0.0,0.0,0.0,82138.83452982476,-95404.58787881996,3.2085063139675184e-15,0.0,6.531491875648498e-10,3.552713678800501e-15
inhibition_only_hypothesis,once_through,1916.7362402607544,10.42197985086465,19151.64162848929,86203.14505245625,1906.314260409888,2253333.3333333395,10143796.854947554,0.0,12395.841555342591,2253333.3333333395,10139999.999999998,0.0,338.0,0.5425518876375203,0.14106349078575528,0.891528717202884,0.2718175857064373,4.566114868811535,0.33786672186336636,0.7700517226659922,0.37322855169150015,3.8639102520168493,0.021009460741761028,0.021009460741761028,0.0,3.8429007912750848,0.0,0.0,3.8429007912750848,0.0,0.021009460741761028,0.0,4.501083861355444,848.3583715107252,270.74999998791446,13.396617105898303,844.4944612587084,0.0,0.0,0.0,82382.56994385984,-95686.1301144271,3.666864358820021e-15,0.0,6.531491875648498e-10,3.552713678800501e-15
inhibition_only_hypothesis,once_through,1920.31316173288,10.37845468704021,19150.058462683075,86195.9341161445,1909.9347070458382,2260000.000000006,10173804.065883866,0.0,12433.65395732838,2260000.000000006,10169999.999999998,0.0,339.0,0.5435643720137582,0.14132673672357712,0.8920983089513508,0.2717119346967808,4.568393235805403,0.3371832445527399,0.7697409844022964,0.3726853648058397,3.8711208964740775,0.020921719234510614,0.020921719234510614,0.0,3.850199177239564,0.0,0.0,3.850199177239564,0.0,0.020921719234510614,0.0,4.501079424071261,849.9415373169403,270.15074044908187,13.416142602231998,846.0704164204662,0.0,0.0,0.0,82626.30535789492,-95967.67793044797,3.2085063139675184e-15,0.0,6.531491875648498e-10,3.1086244689504383e-15
inhibition_only_hypothesis,once_through,1923.8755473403814,10.33520063791935,19148.48173053329,86188.7526712728,1913.5403467024607,2266666.6666666726,10203811.247328736,0.0,12471.471929956688,2266666.6666666726,10199999.999999998,0.0,340.0,0.5445727418641554,0.1415889128846804,0.8926626132098828,0.27160665160391223,4.570650452839532,0.33650391895870363,0.7694313282468007,0.372144703584874,3.8783022383725276,0.020834524261968856,0.020834524261968856,0.0,3.8574677141105562,0.0,0.0,3.8574677141105562,0.0,0.020834524261968856,0.0,4.501075013892103,851.5182694667233,269.55391617632915,13.435633912924047,847.6399672283508,0.0,0.0,0.0,82870.04077192998,-96249.23131711135,2.750148269115016e-15,0.0,6.531491875648498e-10,2.6645352591003757e-15
inhibition_only_hypothesis,once_through,1927.423485562634,10.292215771652328,19146.911392878465,86181.60053776678,1917.13126979098,2273333.333333339,10233818.399462242,0.0,12509.295463477536,2273333.333333339,10229999.999999998,0.0,341.0,0.5455770222337082,0.14185002578076414,0.8932216956214567,0.2715017344951566,4.572886782485827,0.3358287087259111,0.7691227485151665,0.37160655087737665,3.885454456076002,0.020747871929758493,0.020747871929758493,0.0,3.8647065841462407,0.0,0.0,3.8647065841462407,0.0,0.020747871929758493,0.0,4.501070630630343,853.0886071215491,268.9595123462641,13.455091112346693,849.2031526654731,0.0,0.0,0.0,83113.77618596506,-96530.79026466727,3.2085063139675184e-15,0.0,6.531491875648498e-10,2.6645352591003757e-15
inhibition_only_hypothesis,once_through,1930.9570642608635,10.249498165038556,19145.34741083072,86174.47753680048,1920.7075660958233,2280000.0000000056,10263825.522463208,0.0,12547.12454816218,2280000.0000000056,10259999.999999998,0.0,342.0,0.5465772379924395,0.14211008187803428,0.893775620838635,0.2713971814509504,4.57510248335454,0.33515757789195005,0.7688152395616188,0.37107088968177215,3.8925777267021893,0.020661758360937924,0.020661758360937924,0.0,3.871915968341248,0.0,0.0,3.871915968341248,0.0,0.020661758360937924,0.0,4.501066274099089,854.6525891692967,268.3675142390562,13.474514274854505,850.7600114425945,0.0,0.0,0.0,83357.51160000016,-96812.354763387,3.2085063139675184e-15,0.0,6.531491875648498e-10,3.1086244689504383e-15
inhibition_only_hypothesis,once_through,1934.4763706808628,10.207045903746605,19143.789745774564,86167.38349079146,1924.2693247771147,2286666.666666672,10293832.616509218,0.0,12584.9591743031,2286666.666666672,10289999.999999998,0.0,343.0,0.5475734138361673,0.1423690875974035,0.8943244525406622,0.2712929905647272,4.577297810162649,0.33449049088270266,0.7685087957786095,0.37053770314452034,3.8996722261281374,0.020576179696444704,0.020576179696444704,0.0,3.8790960464316897,0.0,0.0,3.8790960464316897,0.0,0.020576179696444704,0.0,4.501061944112211,856.2102542254505,267.7779072379816,13.493903474783123,852.3105819993224,0.0,0.0,0.0,83601.24701403524,-97093.92480356302,3.2085063139675184e-15,0.0,6.531491875648498e-10,3.1086244689504383e-15
inhibition_only_hypothesis,once_through,1937.9814914557742,10.164857082521848,19142.23835936568,86160.31822339549,1927.816634373251,2293333.3333333386,10323839.681776613,0.0,12622.799332213994,2293333.3333333386,10319999.999999998,0.0,344.0,0.5485655742872928,0.14262704931469614,0.8948682534502393,0.27118915994280546,4.579473013800957,0.3338274125077538,0.7682034115964866,0.3700069745585228,3.906738128995866,0.020491132095514144,0.020491132095514144,0.0,3.886246996900349,0.0,0.0,3.886246996900349,0.0,0.020491132095514144,0.0,4.5010576404843485,857.7616406343326,267.19067682895684,13.513258786447999,853.8549025053368,0.0,0.0,0.0,83844.98242807033,-97375.500375509,2.750148269115016e-15,0.0,6.531491875648498e-10,2.6645352591003757e-15
inhibition_only_hypothesis,once_through,1941.472512608938,10.122929805382313,19140.693213529656,86153.2815595014,1931.349582803554,2300000.000000005,10353846.718440507,0.0,12660.645012229776,2300000.000000005,10349999.999999998,0.0,345.0,0.5495537436956063,0.14288397336085765,0.8954070853499837,0.27108568770427743,4.581628341399934,0.33316830795584945,0.767899081483169,0.3694786873615564,3.9137756087181055,0.020406611736074096,0.020406611736074096,0.0,3.893368996982028,0.0,0.0,3.893368996982028,0.0,0.020406611736074096,0.0,4.501053363030953,859.306786470363,266.6058086000615,13.532580284142908,855.3930108616449,0.0,0.0,0.0,84088.7178421054,-97657.08146955984,3.2085063139675184e-15,0.0,5.442909896373749e-10,3.1086244689504383e-15
inhibition_only_hypothesis,once_through,1944.9495195568002,10.081262185803109,19139.154270460673,86146.27332522563,1934.8682573709955,2306666.6666666716,10383853.726674784,0.0,12698.496204706567,2306666.6666666716,10379999.999999998,0.0,346.0,0.5505379462391106,0.14313986602216874,0.8959410090985798,0.2709825719808999,4.583764036394319,0.3325131427904043,0.7675957999438233,0.3689528251347231,3.920784837484162,0.02032261481511677,0.02032261481511677,0.0,3.900462222669042,0.0,0.0,3.900462222669042,0.0,0.02032261481511677,0.0,4.5010491115683,860.8457295393471,266.02328824105143,13.551868042138585,856.924944701863,0.0,0.0,0.0,84332.4532561405,-97938.66807607174,3.2085063139675184e-15,0.0,6.531491875648498e-10,3.1086244689504383e-15
inhibition_only_hypothesis,once_through,1948.4125971118801,10.039852346889946,19137.62149262023,86139.29334790666,1938.3727447649887,2313333.333333338,10413860.706652101,0.0,12736.352900021688,2313333.333333338,10409999.999999998,0.0,347.0,0.5515182059248607,0.14339473354046378,0.8964700846466276,0.27087981091698626,4.58588033858651,0.3318618829450571,0.7672935615205478,0.3684293716009234,3.9277659862658965,0.020239137549048502,0.020239137549048502,0.0,3.907526848716845,0.0,0.0,3.907526848716845,0.0,0.020239137549048502,0.0,4.501044885913505,862.3785073797886,265.44310154286114,13.571122134681262,858.4507413935228,0.0,0.0,0.0,84576.18867017557,-98220.26018542194,2.750148269115016e-15,0.0,5.442909896373749e-10,2.6645352591003757e-15
inhibition_only_hypothesis,once_through,1951.8618294857906,9.998698421542095,19136.09484273579,86132.34145609931,1941.863131064247,2320000.0000000047,10443867.658543909,0.0,12774.215088573656,2320000.0000000047,10439999.999999998,0.0,348.0,0.5524945465898188,0.14364858211335288,0.8969943710521939,0.2707774026693003,4.587977484208776,0.331214494719276,0.7669923607920597,0.3679083106233533,3.9347192248238154,0.020156176174018277,0.020156176174018277,0.0,3.9145630486497938,0.0,0.0,3.9145630486497938,0.0,0.020156176174018277,0.0,4.501040685884551,863.905157264227,264.86523439709805,13.590342635991059,859.9704380394032,0.0,0.0,0.0,84819.92408421065,-98501.85778800899,3.2085063139675184e-15,0.0,5.442909896373749e-10,3.552713678800501e-15
inhibition_only_hypothesis,once_through,1955.297300292309,9.957798552605158,19134.574283799422,86125.41747956893,1945.3395017397022,2326666.666666671,10473874.582520438,0.0,12812.082760782165,2326666.666666671,10469999.999999998,0.0,349.0,0.5534669919017239,0.1439014178944482,0.8975139264960722,0.27067534540695093,4.590055705984289,0.3305709447740113,0.7666921923733852,0.3673896262040175,3.9416447217132595,0.020073726946225685,0.020073726946225685,0.0,3.9215709947670305,0.0,0.0,3.9215709947670305,0.0,0.020073726946225685,0.0,4.501036511300297,865.4257162005958,264.28967279552796,13.609529620260474,861.4840714788826,0.0,0.0,0.0,85063.65949824573,-98783.46087425257,3.2085063139675184e-15,0.0,5.442909896373749e-10,3.1086244689504383e-15
inhibition_only_hypothesis,once_through,1958.7190925504965,9.917150893014092,19133.05977906641,86118.52124928548,1948.801941657481,2333333.3333333377,10503881.478750722,0.0,12849.955907088097,2333333.3333333377,10499999.999999998,0.0,350.0,0.5544355653599742,0.1441532469935933,0.8980288082967566,0.270573637311289,4.592115233187027,0.3299312001273979,0.7663930509155559,0.36687330248226596,3.948542644290695,0.019991786142209245,0.019991786142209245,0.0,3.9285508581484825,0.0,0.0,3.9285508581484825,0.0,0.019991786142209245,0.0,4.501032361980505,866.9402209336043,263.7164028295525,13.628683161652766,862.9916782893137,0.0,0.0,0.0,85307.39491228083,-99065.06943459359,2.750148269115016e-15,0.0,5.442909896373749e-10,3.1086244689504383e-15
inhibition_only_hypothesis,once_through,1962.1272886878623,9.87675360592683,19131.55129205388,86111.65259741752,1952.250535081934,2340000.000000004,10533888.34740259,0.0,12887.834517953492,2340000.000000004,10529999.999999998,0.0,351.0,0.5554002902965232,0.14440407547709602,0.8985390729251368,0.27047227657580464,4.594156291700547,0.32929522815050455,0.7660949311053078,0.3663593237333486,3.955413158720088,0.019910350059115775,0.019910350059115775,0.0,3.935502808660969,0.0,0.0,3.935502808660969,0.0,0.019910350059115775,0.0,4.501028237745845,868.4487079461375,263.14541068967895,13.647803334300304,864.4932947874174,0.0,0.0,0.0,85551.1303263159,-99346.68345949407,3.2085063139675184e-15,0.0,5.442909896373749e-10,3.1086244689504383e-15
inhibition_only_hypothesis,once_through,1965.5219705435688,9.836604864848887,19130.048786539344,86104.81135732599,1955.6853656787182,2346666.6666666707,10563895.18864268,0.0,12925.718583861557,2346666.6666666707,10559999.999999998,0.0,352.0,0.5563611898767867,0.14465390936796454,0.8990447760189181,0.2703712614060267,4.596179104075672,0.32866299656313197,0.7657978276647844,0.36584767436699095,3.9622564299793694,0.019829415014951574,0.019829415014951574,0.0,3.942427014964414,0.0,0.0,3.942427014964414,0.0,0.019829415014951574,0.0,4.501024138417918,869.9512134606742,262.57668266498314,13.66689021230288,865.9889570306949,0.0,0.0,0.0,85794.86574035099,-99628.30293943721,3.666864358820021e-15,0.0,5.442909896373749e-10,3.9968028886505635e-15
inhibition_only_hypothesis,once_through,1968.9032193716766,9.796702853749247,19128.55222655929,86097.99736355807,1959.106516517926,2353333.333333337,10593902.002636448,0.0,12963.608095316647,2353333.333333337,10589999.999999998,0.0,353.0,0.5573182871005614,0.14490275464614596,0.8995459723967709,0.27027059001942305,4.598183889587084,0.3280344734296584,0.7655017353512443,0.3653383389259878,3.9690726218669754,0.01974897734881603,0.01974897734881603,0.0,3.9493236445181563,0.0,0.0,3.9493236445181563,0.0,0.01974897734881603,0.0,4.501020063819266,871.4477734407244,262.0102051425661,13.685943869725993,867.4787008188574,0.0,0.0,0.0,86038.60115438608,-99909.9278649274,3.2085063139675184e-15,0.0,4.354327917098999e-10,3.1086244689504383e-15
inhibition_only_hypothesis,once_through,1972.2711158444267,9.757045767167897,19127.061576407737,86091.2104518408,1962.514070077257,2360000.0000000037,10623908.789548166,0.0,13001.503042844253,2360000.0000000037,10619999.999999998,0.0,354.0,0.5582716048029542,0.1451506172487681,0.9000427160722185,0.27017026064530203,4.600170864288874,0.327409627154932,0.7652066489567707,0.3648313020848147,3.9758618970084627,0.019669033421118417,0.019669033421118417,0.0,3.9561928635873405,0.0,0.0,3.9561928635873405,0.0,0.019669033421118417,0.0,4.501016013773383,872.9384235922811,261.44596460700393,13.704964380599167,868.9625616952726,0.0,0.0,0.0,86282.33656842115,-100191.55822649007,3.666864358820021e-15,0.0,5.442909896373749e-10,3.9968028886505635e-15
inhibition_only_hypothesis,once_through,1975.6257400555537,9.717631810315327,19125.576800634728,86084.45045907472,1965.9081082452365,2366666.6666666702,10653915.549540931,0.0,13039.403416990996,2366666.6666666702,10649999.999999998,0.0,355.0,0.5592211656553195,0.14539750307038307,0.9005350602672639,0.27007027152471547,4.602140241069056,0.3267884264802116,0.7649125633079867,0.36432654864825986,3.9826244168631892,0.019589579613778458,0.019589579613778458,0.0,3.963034837249407,0.0,0.0,3.963034837249407,0.0,0.019589579613778458,0.0,4.501011988104736,874.4231993652872,260.8839476397928,13.723951818914149,870.440574948424,0.0,0.0,0.0,86526.07198245624,-100473.19401467191,3.666864358820021e-15,0.0,4.354327917098999e-10,3.552713678800501e-15
inhibition_only_hypothesis,once_through,1978.967171523634,9.678459199164317,19124.0978640449,86077.71722332736,1969.288712324468,2373333.3333333367,10683922.28277668,0.0,13077.309208324617,2373333.3333333367,10679999.999999998,0.0,356.0,0.5601669921662075,0.14564341796321395,0.9010230574257643,0.2699706209103628,4.604092229703057,0.3261708404791531,0.764619473265773,0.36382406355007363,3.989360341731063,0.01951061233041136,0.01951061233041136,0.0,3.9698497294006483,0.0,0.0,3.9698497294006483,0.0,0.01951061233041136,0.0,4.5010079866387604,875.9021359551176,260.3241409187879,13.742906258623114,871.9127756133865,0.0,0.0,0.0,86769.80739649132,-100754.83522004061,3.666864358820021e-15,0.0,5.442909896373749e-10,3.552713678800501e-15
inhibition_only_hypothesis,once_through,1982.2954891954614,9.639526160534265,19122.624731695945,86071.01058382666,1972.6559630349252,2380000.0000000033,10713928.989416178,0.0,13115.220407433962,2380000.0000000033,10709999.999999998,0.0,357.0,0.5611091066823193,0.14588836773740302,0.9015067592265557,0.2698713070664961,4.606027036906223,0.3255568385538428,0.7643273737249886,0.36332383185163397,3.9960698307593465,0.019432127996497812,0.019432127996497812,0.0,3.9766377027628446,0.0,0.0,3.9766377027628446,0.0,0.019432127996497812,0.0,4.50100400920189,877.3752683040722,259.7665312176383,13.761827773636902,873.3791984733128,0.0,0.0,0.0,87013.54281052641,-101036.48183318505,4.125222403672524e-15,0.0,4.354327917098999e-10,3.9968028886505635e-15
inhibition_only_hypothesis,once_through,1985.6107714494478,9.600830932168403,19121.157368897133,86064.3303809544,1976.0099405172778,2386666.66666667,10743935.669619052,0.0,13153.13700492897,2386666.66666667,10739999.999999998,0.0,358.0,0.5620475313894698,0.14613235816126216,0.9019862165963343,0.26977232826882647,4.607944866385337,0.32494639043087753,0.7640362596141955,0.36282583874062946,4.0027530419495125,0.019354123059539638,0.019354123059539638,0.0,3.9833989188899697,0.0,0.0,3.9833989188899697,0.0,0.019354123059539638,0.0,4.5010000556215495,878.8426311028826,259.2111054052167,13.78071643782325,874.8398780609331,0.0,0.0,0.0,87257.27822456148,-101318.13384471512,3.2085063139675184e-15,0.0,4.354327917098999e-10,3.552713678800501e-15
inhibition_only_hypothesis,once_through,1988.9130960990517,9.56237176280418,19119.695741207786,86057.6764562395,1979.3507243362455,2393333.3333333363,10773942.323543767,0.0,13191.058991440663,2393333.3333333363,10769999.999999998,0.0,359.0,0.562982288313558,0.1463753949615251,0.9024614797222985,0.26967368280443177,4.609845918889194,0.3243394661574899,0.7637461258953876,0.36233006952976304,4.009410132164156,0.019276593989201687,0.019276593989201687,0.0,3.9901335381749505,0.0,0.0,3.9901335381749505,0.0,0.019276593989201687,0.0,4.500996125726175,880.3042587922284,258.6578504450453,13.799572325004847,876.2948486600643,0.0,0.0,0.0,87501.01363859657,-101599.7912452619,4.125222403672524e-15,0.0,4.354327917098999e-10,3.552713678800501e-15
inhibition_only_hypothesis,once_through,1992.2025403962255,9.524146912236999,19118.23981443575,86051.04865235125,1982.6783934839866,2400000.000000003,10803948.951347655,0.0,13228.986357621126,2400000.000000003,10799999.999999998,0.0,360.0,0.5639133993215428,0.14661748382360115,0.902932598064556,0.2695753689716649,4.611730392258224,0.3237360360977195,0.7634569675637203,0.3618365096554675,4.016041257133943,0.01919953727744032,0.01919953727744032,0.0,3.9968417198564987,0.0,0.0,3.9968417198564987,0.0,0.01919953727744032,0.0,4.500992219345217,881.7601855642635,258.10675339471834,13.818395508957586,877.7441443071295,0.0,0.0,0.0,87744.74905263165,-101881.45402547745,3.666864358820021e-15,0.0,4.354327917098999e-10,3.552713678800501e-15
inhibition_only_hypothesis,once_through,1995.479181034887,9.48615465137771,19116.78955463586,86044.44681309251,1985.9930263835074,2406666.6666666693,10833955.553186912,0.0,13266.919094143504,2406666.6666666693,10829999.999999998,0.0,361.0,0.5648408861224257,0.14685863039183067,0.9033996203683009,0.2694773850800635,4.613598481473204,0.32313607092862967,0.7631687796472457,0.36134514467664064,4.022646571464608,0.019122949438619297,0.019122949438619297,0.0,4.003523622025985,0.0,0.0,4.003523622025985,0.0,0.019122949438619297,0.0,4.500988336309145,883.2104453641526,257.5578014053201,13.837186063408666,879.187798792688,0.0,0.0,0.0,87988.48446666673,-102163.12217603491,3.666864358820021e-15,0.0,3.265745937824249e-10,3.552713678800501e-15
inhibition_only_hypothesis,once_through,1998.743094154406,9.448393262303954,19115.344928108396,86037.87078339297,1989.2947008921,2413333.333333336,10863962.129216613,0.0,13304.857191701984,2413333.333333336,10859999.999999998,0.0,362.0,0.5657647702682375,0.14709884026974174,0.9038625946757664,0.2693797294502607,4.615450378703065,0.3225395416365682,0.7628815572066491,0.360855960273394,4.029226228643983,0.01904682700961329,0.01904682700961329,0.0,4.010179401634367,0.0,0.0,4.010179401634367,0.0,0.01904682700961329,0.0,4.500984476449468,884.6550718916142,257.0109817208415,13.855944062034801,880.6258456629702,0.0,0.0,0.0,88232.21988070183,-102444.79568762849,4.125222403672524e-15,0.0,4.354327917098999e-10,3.552713678800501e-15
inhibition_only_hypothesis,once_through,2001.994355343109,9.410861038305745,19113.90590139754,86031.32040930209,1992.5834943048014,2420000.0000000023,10893968.679590704,0.0,13342.800641011769,2420000.0000000023,10889999.999999998,0.0,363.0,0.5666850731550308,0.14733811902030802,0.9043215683379549,0.26928240041389656,4.617286273351819,0.3219464195134738,0.7625952953349899,0.36036894224582106,4.035780381049066,0.018971166549899783,0.018971166549899783,0.0,4.016809214499163,0.0,0.0,4.016809214499163,0.0,0.018971166549899783,0.0,4.500980639598723,886.0940986024718,256.4662816775922,13.874669578460272,882.0583182214227,0.0,0.0,0.0,88475.9552947369,-102726.47455097333,3.666864358820021e-15,0.0,4.354327917098999e-10,3.552713678800501e-15
inhibition_only_hypothesis,once_through,2005.2330396417992,9.373556283925417,19112.4724412898,86024.79553798231,1995.8594833578718,2426666.666666669,10923975.204462023,0.0,13380.749432809083,2426666.666666669,10919999.999999998,0.0,364.0,0.5676018160238762,0.1475764721662078,0.9047765880261527,0.26918539631353117,4.619106352104611,0.32135667615322544,0.7623099891574446,0.35988407651277726,4.04230917995311,0.01889596464163957,0.01889596464163957,0.0,4.023413215311466,0.0,0.0,4.023413215311466,0.0,0.01889596464163957,0.0,4.500976825590492,887.5275587102122,255.92368870361113,13.893362686255113,883.4852495302591,0.0,0.0,0.0,88719.690708772,-103008.15875680576,4.125222403672524e-15,0.0,4.354327917098999e-10,3.552713678800501e-15
inhibition_only_hypothesis,once_through,2008.4592215472871,9.336477314992134,19111.044514812464,86018.29601770198,1999.1227442322931,2433333.3333333354,10953981.703982303,0.0,13418.703557851137,2433333.3333333354,10949999.999999998,0.0,365.0,0.568515019961861,0.1478139051900839,0.9052276997432314,0.269088715502558,4.6209107989729254,0.320770283448037,0.7620256338310529,0.3594013491106782,4.0488127755327445,0.01882121788974634,0.01882121788974634,0.0,4.029991557642995,0.0,0.0,4.029991557642995,0.0,0.01882121788974634,0.0,4.500973034259403,888.9554851875479,255.3831903180752,13.912023458933211,884.9066724120152,0.0,0.0,0.0,88963.42612280707,-103289.84829588288,3.666864358820021e-15,0.0,4.354327917098999e-10,3.552713678800501e-15
