scenario,mode,extent_mol,reactor_h2_mol,water_kg,salt_mol,export_h2_mol,export_water_kg,export_salt_mol,outlet_separator_gas_mol,flow_pump_kwh,feed_water_kg,feed_salt_mol,circulated_water_kg,time_days,altered_fraction_proxy,expansion_loading,crack_opening_fraction,porosity,area_factor,passivation_factor,pore_access_factor,permeability_ratio,generated_h2_kg,retained_h2_kg,dissolved_h2_kg,free_h2_kg,exported_h2_kg,outlet_collected_h2_kg,outlet_uncollected_gas_h2_kg,outlet_residual_dissolved_h2_kg,endpoint_collected_h2_kg,endpoint_residual_h2_kg,endpoint_uncollected_gas_h2_kg,salt_molality,water_consumed_kg,remaining_reactive_fe_kg,flow_head_bar,solid_mass_gain_kg,total_deliverable_h2_kg,gross_electricity_kwh,outlet_delivered_electricity_kwh,new_feed_heater_kwh,standalone_engineering_balance_kwh,h2_balance_error_kg,water_balance_error_kg,salt_balance_error_kg,hydrogen_recovery_balance_error_kg
intrinsic_limited,stationary,0.0,0.0,20000.0,90000.0,0.0,0.0,0.0,0.0,0.0,0.0,0.0,0.0,0.0,0.0,0.0,0.0,0.35,1.0,1.0,1.0,1.0,0.0,0.0,0.0,0.0,0.0,0.0,0.0,0.0,0.0,0.0,0.0,4.5,0.0,591.8704059999999,0.0,0.0,0.0,0.0,0.0,0.0,-907.7186152246713,0.0,0.0,0.0,0.0
intrinsic_limited,stationary,6.685061627788512,6.685061627788512,19997.04115366691,90000.0,0.0,0.0,0.0,0.0,0.0,0.0,0.0,0.0,1.0,0.001892275384033221,0.0004919915998486374,0.0,0.34950800840015134,1.0,0.99622260161849,0.9985529658827981,0.9942831186482467,0.013476282034226305,0.013476282034226305,0.013476282034226305,0.0,0.0,0.0,0.0,0.0,0.0,0.013476282034226305,0.0,4.5006658389307,2.958846333091697,590.7504242001885,0.0,2.9453700510574707,0.0,0.0,0.0,0.0,-907.7186152246713,0.0,0.0,0.0,0.0
intrinsic_limited,stationary,13.322799066783595,13.322799066783595,19994.103253289184,90000.0,0.0,0.0,0.0,0.0,0.0,0.0,0.0,0.0,2.0,0.0037711551701633647,0.0009805003442424748,0.0,0.3490194996557575,1.0,0.9924860615077371,0.9971161754581104,0.988634348947181,0.026857164182747712,0.026857164182747712,0.026857164182747712,0.0,0.0,0.0,0.0,0.0,0.0,0.026857164182747712,0.0,4.501327159306047,5.896746710816893,589.6383708583463,0.0,5.869889546634145,0.0,0.0,0.0,0.0,-907.7186152246713,0.0,0.0,0.0,0.0
intrinsic_limited,stationary,19.91384082888716,19.91384082888716,19991.18602068388,90000.0,0.0,0.0,0.0,0.0,0.0,0.0,0.0,0.0,3.0,0.005636817265142347,0.0014655724889370103,0.0,0.34853442751106295,1.0,0.9887896747555531,0.9956894926795969,0.9830524511147531,0.04014391345013704,0.04014391345013704,0.04014391345013704,0.0,0.0,0.0,0.0,0.0,0.0,0.04014391345013704,0.0,4.501984019701558,8.813979316121355,588.5341406767322,0.0,8.773835402671217,0.0,0.0,0.0,0.0,-907.7186152246713,0.0,0.0,0.0,0.0
intrinsic_limited,stationary,26.458803162363697,26.458803162363697,19988.289183096003,90000.0,0.0,0.0,0.0,0.0,0.0,0.0,0.0,0.0,4.0,0.007489436104373501,0.0019472533871371103,0.0,0.34805274661286284,1.0,0.9851327530623538,0.994272784155479,0.9775362156926188,0.05333777211894573,0.05333777211894573,0.05333777211894573,0.0,0.0,0.0,0.0,0.0,0.0,0.05333777211894573,0.0,4.5026364775687036,11.710816903995118,587.4376304121934,0.0,11.657479131876173,0.0,0.0,0.0,0.0,-907.7186152246713,0.0,0.0,0.0,0.0
intrinsic_limited,stationary,32.95829036689644,32.95829036689644,19985.41247305908,90000.0,0.0,0.0,0.0,0.0,0.0,0.0,0.0,0.0,5.0,0.009329182741091461,0.00242558751268378,0.0,0.3475744124873162,1.0,0.9815146242463936,0.9928659190803418,0.9720844626166543,0.0664399583848192,0.0664399583848192,0.0664399583848192,0.0,0.0,0.0,0.0,0.0,0.0,0.0664399583848192,0.0,4.5032845892634255,14.587526940918133,586.348738823382,0.0,14.521086982533314,0.0,0.0,0.0,0.0,-907.7186152246713,0.0,0.0,0.0,0.0
intrinsic_limited,stationary,39.41289509862389,39.41289509862389,19982.555628260132,90000.0,0.0,0.0,0.0,0.0,0.0,0.0,0.0,0.0,6.0,0.011156224932705884,0.00290061848250353,0.0,0.3470993815174965,1.0,0.9779346317667666,0.9914687691691073,0.9666960403216629,0.07945166697141393,0.07945166697141393,0.07945166697141393,0.0,0.0,0.0,0.0,0.0,0.0,0.07945166697141393,0.0,4.503928410073754,17.444371739871162,585.2673666196521,0.0,17.364920072899746,0.0,0.0,0.0,0.0,-907.7186152246713,0.0,3.637978807091713e-12,0.0,0.0
intrinsic_limited,stationary,45.823198665536665,45.823198665536665,19979.718391408922,90000.0,0.0,0.0,0.0,0.0,0.0,0.0,0.0,0.0,7.0,0.012970727224416565,0.003372389078348307,0.0,0.3466276109216517,1.0,0.9743921342634307,0.9900812085930932,0.9613698248787858,0.09237406972588205,0.09237406972588205,0.09237406972588205,0.0,0.0,0.0,0.0,0.0,0.0,0.09237406972588205,0.0,4.50456799424656,20.28160859108012,584.1934164115693,0.0,20.189234521354237,0.0,0.0,0.0,0.0,-907.7186152246713,0.0,3.637978807091713e-12,0.0,0.0
intrinsic_limited,stationary,52.18977131359668,52.18977131359668,19976.900510111347,90000.0,0.0,0.0,0.0,0.0,0.0,0.0,0.0,0.0,8.0,0.014772851030202414,0.0038409412678526277,0.0,0.34615905873214736,1.0,0.9708865051135411,0.9887031139180805,0.9561047191642471,0.10520831619565327,0.10520831619565327,0.10520831619565327,0.0,0.0,0.0,0.0,0.0,0.0,0.10520831619565327,0.0,4.505203395013472,23.09948988865403,583.1267926629765,0.0,22.994281572458377,0.0,0.0,0.0,0.0,-907.7186152246713,0.0,0.0,0.0,0.0
intrinsic_limited,stationary,58.51317250392542,58.51317250392542,19974.101736746732,90000.0,0.0,0.0,0.0,0.0,0.0,0.0,0.0,0.0,9.0,0.01656275471128243,0.004306316224933432,0.0,0.34569368377506654,1.0,0.9674171320034213,0.9873343640443134,0.9508996520580884,0.11795553418721316,0.11795553418721316,0.11795553418721316,0.0,0.0,0.0,0.0,0.0,0.009051739696606493,0.10789804563542817,0.0010057488551784989,4.505834664615996,25.898263253270166,582.0674016445548,0.0,25.780307719082952,0.009051739696606493,0.1508472420439472,0.0,0.0,-907.5677679826274,0.0,3.637978807091713e-12,0.0,0.0
intrinsic_limited,stationary,64.79395118139337,64.79395118139337,19971.321828348948,90000.0,0.0,0.0,0.0,0.0,0.0,0.0,0.0,0.0,10.0,0.018340593652142727,0.004768554349557109,0.0,0.3452314456504429,1.0,0.9639834165155257,0.9859748401483616,0.945753577671649,0.13061683030754725,0.13061683030754725,0.13061683030754725,0.0,0.0,0.0,0.0,0.0,0.02046863952111535,0.10787389750630798,0.0022742932801239272,4.50646185432987,28.678171651053223,581.0151513888253,0.0,28.547554820745674,0.02046863952111535,0.34110987761938727,0.0,0.0,-907.377505347052,0.0,0.0,0.0,0.0
intrinsic_limited,stationary,71.03264603492795,71.03264603492795,19968.56054649121,90000.0,0.0,0.0,0.0,0.0,0.0,0.0,0.0,0.0,11.0,0.02010652033421934,0.005227695286897028,0.0,0.34477230471310294,1.0,0.9605847737297807,0.9846244256267734,0.9406654746025792,0.14319329048889054,0.14319329048889054,0.14319329048889054,0.0,0.0,0.0,0.0,0.0,0.031809039288787345,0.10784991350134905,0.003534337698754149,4.507085014488658,31.439453508789125,579.9699516465382,0.0,31.296260218300233,0.031809039288787345,0.5300976397476411,0.0,0.0,-907.1885175849236,0.0,0.0,0.0,0.0
intrinsic_limited,stationary,77.22978574984351,77.22978574984351,19965.817657174393,90000.0,0.0,0.0,0.0,0.0,0.0,0.0,0.0,0.0,12.0,0.021860684407322833,0.005683777945903937,0.0,0.34431622205409607,1.0,0.957220631838719,0.9832830060414591,0.9356343452162511,0.15568598049739454,0.15568598049739454,0.15568598049739454,0.0,0.0,0.0,0.0,0.0,0.04307390005981628,0.1078260915420431,0.004785988895535141,4.507704194506653,34.18234282560769,578.9317138444,0.0,34.026656845110296,0.04307390005981628,0.7178265444968384,0.0,0.0,-907.0007886801744,0.0,0.0,0.0,2.7755575615628914e-17
intrinsic_limited,stationary,83.38588925248499,83.38588925248499,19963.09293071874,90000.0,0.0,0.0,0.0,0.0,0.0,0.0,0.0,0.0,13.0,0.023603232758887212,0.006136840517310675,0.0,0.3438631594826893,1.0,0.9538904317758498,0.9819504690667333,0.930659214952473,0.1680959464262994,0.1680959464262994,0.1680959464262994,0.0,0.0,0.0,0.0,0.0,0.0542641651540551,0.10780242958846042,0.006029351683783898,4.50831944290106,36.907069281263325,577.9003510440849,0.0,36.73897333483703,0.0542641651540551,0.9043123122923281,0.0,0.0,-906.8143029123789,0.0,3.637978807091713e-12,0.0,-2.7755575615628914e-17
intrinsic_limited,stationary,89.50146594746336,89.50146594746336,19960.386141658866,90000.0,0.0,0.0,0.0,0.0,0.0,0.0,0.0,0.0,14.0,0.02533430958112184,0.006586920491091679,0.0,0.3434130795089083,1.0,0.950593626856733,0.9806267044379657,0.9257391316564736,0.18042421517417243,0.18042421517417243,0.18042421517417243,0.0,0.0,0.0,0.0,0.0,0.06538076058227792,0.10777892563830807,0.007264528953586434,4.508930807313544,39.61385834113678,576.8757779024917,0.0,39.43343412596261,0.06538076058227792,1.0895703751036614,0.0,0.0,-906.6290448495677,0.0,3.637978807091713e-12,0.0,2.7755575615628914e-17
intrinsic_limited,stationary,95.57701594775028,95.57701594775028,19957.697068641926,90000.0,0.0,0.0,0.0,0.0,0.0,0.0,0.0,0.0,15.0,0.027054056436142112,0.007034054673396949,0.0,0.342965945326603,1.0,0.94732968243225,0.9793116039017736,0.9208731649331612,0.19267179490875083,0.19267179490875083,0.19267179490875083,0.0,0.0,0.0,0.0,0.0,0.07642459546446102,0.10775557772601636,0.008491621718273445,4.509538334531114,42.30293135807636,575.8579106331936,0.0,42.11025956316761,0.07642459546446102,1.273615883415243,0.0,0.0,-906.4449993412561,0.0,3.637978807091713e-12,0.0,0.0
intrinsic_limited,stationary,101.6130302978875,101.6130302978875,19955.02549432881,90000.0,0.0,0.0,0.0,0.0,0.0,0.0,0.0,0.0,16.0,0.028762612319151136,0.007478279202979296,0.0,0.3425217207970207,1.0,0.9440980755535855,0.978005061167708,0.9160604055237226,0.20483967551690543,0.20483967551690543,0.20483967551690543,0.0,0.0,0.0,0.0,0.0,0.08739656243554692,0.10773238392185332,0.00971072915950521,4.510142070506394,44.97450567119163,574.8466669690433,0.0,44.76966599567472,0.08739656243554692,1.4564637129883893,0.0,0.0,-906.2621515116829,0.0,0.0,0.0,-2.7755575615628914e-17
intrinsic_limited,stationary,107.60999119055658,107.60999119055658,19952.371205298292,90000.0,0.0,0.0,0.0,0.0,0.0,0.0,0.0,0.0,17.0,0.03046011371974205,0.007919629567132934,0.0,0.34208037043286704,1.0,0.9408982946484594,0.9767069718613737,0.911299964703649,0.21692882904121918,0.21692882904121918,0.21692882904121918,0.0,0.0,0.0,0.0,0.0,0.09829753803913857,0.10770934233106522,0.010921948671015395,4.510742060377304,47.628794701708486,573.84196612589,0.0,47.41186587266726,0.09829753803913857,1.6381284714222442,0.0,0.0,-906.080486753249,0.0,0.0,0.0,0.0
intrinsic_limited,stationary,113.56837217674357,113.56837217674357,19949.73399195401,90000.0,0.0,0.0,0.0,0.0,0.0,0.0,0.0,0.0,18.0,0.03214669468138729,0.008358140617160696,0.0,0.3416418593828393,1.0,0.9377298392081674,0.9754172334789392,0.9065909737013491,0.2289402101036538,0.2289402101036538,0.2289402101036538,0.0,0.0,0.0,0.0,0.0,0.10912838310955023,0.10768645109304244,0.012125375901061133,4.511338348486159,50.266008045989174,572.8437287673692,0.0,50.03706783588552,0.10912838310955023,1.8186245045206544,0.0,0.0,-905.8999907201506,0.0,0.0,0.0,0.0
intrinsic_limited,stationary,119.4886383697247,119.4886383697247,19947.11364843418,90000.0,0.0,0.0,0.0,0.0,0.0,0.0,0.0,0.0,19.0,0.03382248685917881,0.008793846583386491,0.0,0.3412061534166135,1.0,0.9345922194850066,0.9741357453429809,0.901932583136506,0.2408747563167606,0.2408747563167606,0.2408747563167606,0.0,0.0,0.0,0.0,0.0,0.11988994314262522,0.10766370838051037,0.013321104793625022,4.5119309783982136,52.886351565817556,571.8518769707281,0.0,52.64547680950079,0.11988994314262522,1.997965902471849,0.0,0.0,-905.7206493221995,0.0,-3.637978807091713e-12,0.0,0.0
intrinsic_limited,stationary,125.371246643089,125.371246643089,19944.509972523952,90000.0,0.0,0.0,0.0,0.0,0.0,0.0,0.0,0.0,20.0,0.03548761957588046,0.00922678108972892,0.0,0.34077321891027107,1.0,0.9314849561996854,0.9728624085596208,0.8973239624774236,0.2527333886828702,0.2527333886828702,0.2527333886828702,0.0,0.0,0.0,0.0,0.0,0.13058304865571388,0.10764111239874372,0.01450922762841265,4.512519992919667,55.490027476045,570.8663341936501,0.0,55.23729408736213,0.13058304865571388,2.1761665058474717,0.0,0.0,-905.5424487188238,0.0,-3.637978807091713e-12,0.0,-5.551115123125783e-17
intrinsic_limited,stationary,131.2166458230052,131.2166458230052,19941.922765570307,90000.0,0.0,0.0,0.0,0.0,0.0,0.0,0.0,0.0,21.0,0.037142219876351065,0.009656977167851277,0.0,0.3403430228321487,1.0,0.9284075802583314,0.971597125976908,0.8927642995165879,0.2645170119816797,0.2645170119816797,0.2645170119816797,0.0,0.0,0.0,0.0,0.0,0.14120851553718822,0.10761866138480389,0.015689835059687577,4.513105434115151,58.07723442968887,569.8870252420428,0.0,57.81271741770719,0.14120851553718822,2.3532399114272415,0.0,0.0,-905.365375313244,0.0,-3.637978807091713e-12,0.0,0.0
intrinsic_limited,stationary,137.0252768749327,137.0252768749327,19939.351832399425,90000.0,0.0,0.0,0.0,0.0,0.0,0.0,0.0,0.0,22.0,0.038786412580394926,0.01008446727090268,0.0,0.3399155327290973,1.0,0.9253596324787293,0.9703398021444039,0.8882527998637509,0.2762265151466393,0.2762265151466393,0.2762265151466393,0.0,0.0,0.0,0.0,0.0,0.15176714538585678,0.10759635360679845,0.016863016153984084,4.513687343324728,60.648167600571824,568.913876238758,0.0,60.371941085425185,0.15176714538585678,2.529199477855303,0.0,0.0,-905.1894157468159,0.0,-3.637978807091713e-12,0.0,0.0
intrinsic_limited,stationary,142.79757308496718,142.79757308496718,19936.796981236414,90000.0,0.0,0.0,0.0,0.0,0.0,0.0,0.0,0.0,23.0,0.040420320334093505,0.010509283286864311,0.0,0.3394907167131357,1.0,0.9223406633254382,0.9690903432739285,0.8837886864558463,0.28786277163052365,0.28786277163052365,0.28786277163052365,0.0,0.0,0.0,0.0,0.0,0.16225972584062567,0.10757418736316177,0.018028858426736183,4.514265761180385,63.20301876358641,567.94681459321,0.0,62.915155991955885,0.16225972584062567,2.7040583311340267,0.0,0.0,-905.0145568935372,0.0,0.0,0.0,0.0
intrinsic_limited,stationary,148.53396023600456,148.53396023600456,19934.258023627335,90000.0,0.0,0.0,0.0,0.0,0.0,0.0,0.0,0.0,24.0,0.0420440636596705,0.01093145655151433,0.0,0.33906854344848564,1.0,0.9193502326534485,0.9678486572014284,0.8793711990830827,0.29942663976055683,0.29942663976055683,0.29942663976055683,0.0,0.0,0.0,0.0,0.0,0.1726870309007402,0.10755216098195662,0.019187447877860017,4.514840727622084,65.74197637266624,566.9857689718609,0.0,65.44254973290569,0.1726870309007402,2.877829369960835,0.0,0.0,-904.8407858547105,0.0,0.0,0.0,0.0
intrinsic_limited,stationary,154.23485677889963,154.23485677889963,19931.734774363456,90000.0,0.0,0.0,0.0,0.0,0.0,0.0,0.0,0.0,25.0,0.043657761003940025,0.011351017861024408,0.0,0.3386489821389756,1.0,0.9163879094600607,0.9666146533499282,0.8749995939306063,0.31091896308344813,0.31091896308344813,0.31091896308344813,0.0,0.0,0.0,0.0,0.0,0.18304982123692748,0.10753027282019542,0.020338869026325267,4.515412281913342,68.26522563654181,566.030669269547,0.0,67.95430667345836,0.18304982123692748,3.050525270913396,0.0,0.0,-904.6680899537579,0.0,0.0,0.0,-5.551115123125783e-17
intrinsic_limited,stationary,159.90067399878902,159.90067399878902,19929.22705140764,90000.0,0.0,0.0,0.0,0.0,0.0,0.0,0.0,0.0,26.0,0.045261528785386036,0.01176799748420037,0.0,0.3382320025157996,1.0,0.9134532716446736,0.9653882426935283,0.8706731431351141,0.3223405707006788,0.3223405707006788,0.3223405707006788,0.0,0.0,0.0,0.0,0.0,0.1933488444937482,0.10750852126318078,0.021483204943749796,4.515980462656384,70.77294859235596,565.0814465816128,0.0,70.45060802165528,0.1933488444937482,3.2221584934883136,0.0,0.0,-904.496456731183,0.0,-3.637978807091713e-12,0.0,0.0
intrinsic_limited,stationary,165.53181617674028,165.53181617674028,19926.734675822787,90000.0,0.0,0.0,0.0,0.0,0.0,0.0,0.0,0.0,27.0,0.046855481439918766,0.01218242517437888,0.0,0.3378175748256211,1.0,0.9105459057761914,0.964169337722415,0.8663911343558738,0.33369227759436715,0.33369227759436715,0.33369227759436715,0.0,0.0,0.0,0.0,0.0,0.2035848355834521,0.10748690472386481,0.02262053728705023,4.516545307806877,73.26532417721066,564.1380331768297,0.0,72.93163189961629,0.2035848355834521,3.3927412849982295,0.0,0.0,-904.3258739396731,0.0,-3.637978807091713e-12,0.0,0.0
intrinsic_limited,stationary,171.12868074688453,171.12868074688453,19924.257471702284,90000.0,0.0,0.0,0.0,0.0,0.0,0.0,0.0,0.0,28.0,0.04843973146535274,0.012594330180991714,0.0,0.33740566981900827,1.0,0.9076654068677621,0.9629578524088479,0.8621528703595879,0.34497488494402956,0.34497488494402956,0.34497488494402956,0.0,0.0,0.0,0.0,0.0,0.21375851697162335,0.10746542164222583,0.023750946330180368,4.517106854688252,75.74252829771484,563.2003624710705,0.0,75.39755341277082,0.21375851697162335,3.5622856853321028,0.0,0.0,-904.1563295393391,0.0,0.0,0.0,0.0
intrinsic_limited,stationary,176.69165844918226,176.69165844918226,19921.7952661024,90000.0,0.0,0.0,0.0,0.0,0.0,0.0,0.0,0.0,29.0,0.05001438946464871,0.013003741260808664,0.0,0.3369962587391913,1.0,0.9048113781585819,0.9617537021740922,0.8579576686185886,0.3561891804345375,0.3561891804345375,0.3561891804345375,0.0,0.0,0.0,0.0,0.0,0.22387059895488667,0.10744407048466341,0.024874510994987404,4.51766514000563,78.20473389759944,562.2683690017162,0.0,77.8485447171649,0.22387059895488667,3.7308035315831862,0.0,0.0,-903.9878116930881,0.0,0.0,0.0,5.551115123125783e-17
intrinsic_limited,stationary,182.22113347796682,182.22113347796682,19919.347888976536,90000.0,0.0,0.0,0.0,0.0,0.0,0.0,0.0,0.0,30.0,0.051579564187960385,0.0134106866888697,0.0,0.3365893133111303,1.0,0.9019834309025037,0.9605568038562656,0.8538048609218638,0.36733593855556373,0.36733593855556373,0.36733593855556373,0.0,0.0,0.0,0.0,0.0,0.233921779930939,0.1074228497434093,0.025991308881215435,4.518220199859376,80.65211102346352,561.3419884027688,0.0,80.28477508490795,0.233921779930939,3.898306462549098,0.0,0.0,-903.8203087621222,0.0,0.0,0.0,0.0
intrinsic_limited,stationary,187.71748362640508,187.71748362640508,19916.915173111287,90000.0,0.0,0.0,0.0,0.0,0.0,0.0,0.0,0.0,31.0,0.05313536257352556,0.013815194269116645,0.0,0.33618480573088333,1.0,0.8991811841632011,0.9593670756790686,0.8496937929984328,0.37841592089279746,0.37841592089279746,0.37841592089279746,0.0,0.0,0.0,0.0,0.0,0.24391274666115825,0.10740175793595497,0.027101416295684244,4.5187720697582705,83.08482688871344,560.4211573806501,0.0,82.70641096782064,0.24391274666115825,4.064805923108202,0.0,0.0,-903.6538093015631,0.0,0.0,0.0,0.0
intrinsic_limited,stationary,193.1810804270082,193.1810804270082,19914.496954064245,90000.0,0.0,0.0,0.0,0.0,0.0,0.0,0.0,0.0,32.0,0.05468188978743908,0.01421729134473416,0.0,0.3357827086552658,1.0,0.8964042646156529,0.9581844372213701,0.845623824152624,0.38942987641119725,0.38942987641119725,0.38942987641119725,0.0,0.0,0.0,0.0,0.0,0.2538441745260321,0.10738079360449493,0.028204908280670227,4.519320784632342,85.50304593575369,559.5058136906612,0.0,85.11361605934249,0.2538441745260321,4.230313168476324,0.0,0.0,-903.4883020561949,0.0,0.0,0.0,0.0
intrinsic_limited,stationary,198.6122892883216,198.6122892883216,19912.093070103514,90000.0,0.0,0.0,0.0,0.0,0.0,0.0,0.0,0.0,33.0,0.05621924926234437,0.014617004808209535,0.0,0.33538299519179043,1.0,0.8936523063537171,0.957008809387619,0.8415943269108046,0.4003785417305417,0.4003785417305417,0.4003785417305417,0.0,0.0,0.0,0.0,0.0,0.2637167277736409,0.10735995531538513,0.02930185864151565,4.519866378845332,87.90692989648666,558.595896114081,0.0,87.50655135475611,0.2637167277736409,4.3948392683477255,0.0,0.0,-903.3237759563235,0.0,0.0,0.0,5.551115123125783e-17
intrinsic_limited,stationary,204.0114696279177,204.0114696279177,19909.703362148823,90000.0,0.0,0.0,0.0,0.0,0.0,0.0,0.0,0.0,34.0,0.057747542735078386,0.01501436111112038,0.0,0.3349856388888796,1.0,0.8909249507035774,0.9558401143790577,0.8376046866791539,0.4112626413935267,0.4112626413935267,0.4112626413935267,0.0,0.0,0.0,0.0,0.0,0.27353105976141967,0.10733924165861596,0.030392339973491066,4.520408886206853,90.29663785117602,557.6913444358867,0.0,89.8853752097825,0.27353105976141967,4.558395110924058,0.0,0.0,-903.1602201137473,0.0,0.0,0.0,0.0
intrinsic_limited,stationary,209.37897500181072,209.37897500181072,19907.327673714273,90000.0,0.0,0.0,0.0,0.0,0.0,0.0,0.0,0.0,35.0,0.05926687028330381,0.015409386273658992,0.0,0.33459061372634097,1.0,0.8882218460428527,0.9546782756657088,0.8336543014120646,0.4220828881266502,0.4220828881266502,0.4220828881266502,0.0,0.0,0.0,0.0,0.0,0.28328781319141527,0.10731865124729986,0.031476423687935025,4.520948339984196,92.67232628572634,556.7920994230716,0.0,92.25024339759969,0.28328781319141527,4.720991406834935,0.0,0.0,-902.9976238178364,0.0,0.0,0.0,0.0
intrinsic_limited,stationary,214.71515323040768,214.71515323040768,19904.965850852568,90000.0,0.0,0.0,0.0,0.0,0.0,0.0,0.0,0.0,36.0,0.06077733036116077,0.0158021058939018,0.0,0.3341978941060982,1.0,0.8855426476251678,0.9535232179591123,0.8297425812908089,0.4328399830941142,0.4328399830941142,0.4328399830941142,0.0,0.0,0.0,0.0,0.0,0.29298762033924813,0.10729818271717187,0.03255418003769423,4.521484772913847,95.03414914742986,555.8981028035436,0.0,94.60130916433575,0.29298762033924813,4.88263869295357,0.0,0.0,-902.8359765317177,0.0,-3.637978807091713e-12,0.0,-5.551115123125783e-17
intrinsic_limited,stationary,220.02034652110663,220.02034652110663,19902.61774210077,90000.0,0.0,0.0,0.0,0.0,0.0,0.0,0.0,0.0,37.0,0.06227901983396954,0.01619254515683208,0.0,0.3338074548431679,1.0,0.8828870174099932,0.9523748671857879,0.8258689484120721,0.4435346161449684,0.4435346161449684,0.4435346161449684,0.0,0.0,0.0,0.0,0.0,0.3026311032769773,0.10727783472610478,0.033625678141886356,4.522018217212681,97.38225789922906,555.0092972455864,0.0,96.93872328308409,0.3026311032769773,5.043347336110826,0.0,0.0,-902.6752678885605,0.0,0.0,0.0,5.551115123125783e-17
intrinsic_limited,stationary,225.29489158764804,225.29489158764804,19900.283198427456,90000.0,0.0,0.0,0.0,0.0,0.0,0.0,0.0,0.0,38.0,0.06377203401201414,0.016580728843123678,0.0,0.3334192711568763,1.0,0.8802546238975685,0.951233150461401,0.8220328364860237,0.4541674660537079,0.4541674660537079,0.4541674660537079,0.0,0.0,0.0,0.0,0.0,0.3122188740900648,0.10725760595363588,0.034690986010007197,4.522548704588883,99.71680157254234,554.1256263378633,0.0,99.26263410648863,0.3122188740900648,5.20312753671093,0.0,0.0,-902.5154876879603,0.0,0.0,0.0,0.0
intrinsic_limited,stationary,230.53911976632182,230.53911976632182,19897.9620731813,90000.0,0.0,0.0,0.0,0.0,0.0,0.0,0.0,0.0,39.0,0.06525646668343599,0.016966681337693357,0.0,0.3330333186623066,1.0,0.877645141968731,0.9500979960656077,0.8182336905435699,0.4647392007545328,0.4647392007545328,0.4647392007545328,0.0,0.0,0.0,0.0,0.0,0.3217515350886232,0.10723749510050704,0.03575017056540257,4.523076266252564,102.0379268186978,553.2470345699492,0.0,101.57318761794326,0.3217515350886232,5.361989332251905,0.0,0.0,-902.3566258924194,0.0,0.0,0.0,-5.551115123125783e-17
intrinsic_limited,stationary,235.75335712912874,235.75335712912874,19895.65422204098,90000.0,0.0,0.0,0.0,0.0,0.0,0.0,0.0,0.0,40.0,0.06673241014626534,0.01735042663802899,0.0,0.332649573361971,1.0,0.8750582527294815,0.9489693334175617,0.8144709666524746,0.47525047756946803,0.47525047756946803,0.47525047756946803,0.0,0.0,0.0,0.0,0.0,0.33122967901312644,0.10721750088821644,0.03680329766812515,4.523600932926116,104.34577795901926,552.3734673133714,0.0,103.87052748144978,0.33122967901312644,5.519942600753752,0.0,0.0,-902.1986726239176,0.0,0.0,0.0,0.0
intrinsic_limited,stationary,240.93792459399123,240.93792459399123,19893.359502966392,90000.0,0.0,0.0,0.0,0.0,0.0,0.0,0.0,0.0,41.0,0.06819995523961765,0.01773198836230059,0.0,0.33226801163769937,1.0,0.8724936433601197,0.947847093052057,0.8107441316420225,0.485701943430535,0.485701943430535,0.485701943430535,0.0,0.0,0.0,0.0,0.0,0.34065388923475715,0.10719762205858263,0.03785043213719523,4.524122734854296,106.64049703360611,551.5048708031455,0.0,106.15479509017557,0.34065388923475715,5.676997064097227,0.0,0.0,-902.0416181605741,0.0,-3.637978807091713e-12,0.0,0.0
intrinsic_limited,stationary,246.09313803210517,246.09313803210517,19891.077776151153,90000.0,0.0,0.0,0.0,0.0,0.0,0.0,0.0,0.0,42.0,0.06965919137408054,0.01811138975726094,0.0,0.331888610242739,1.0,0.8699510069687959,0.9467312065962913,0.8070526628359386,0.49609423509616013,0.49609423509616013,0.49609423509616013,0.0,0.0,0.0,0.0,0.0,0.35002473995055705,0.10717785737331897,0.038891637772284104,4.524641701814041,108.92222384884782,550.6411921197912,0.0,108.42612961375166,0.35002473995055705,5.833162291276033,0.0,0.0,-901.8854529333953,0.0,0.0,0.0,0.0
intrinsic_limited,stationary,251.21930837252125,251.21930837252125,19888.80890397629,90000.0,0.0,0.0,0.0,0.0,0.0,0.0,0.0,0.0,43.0,0.07111020656131666,0.01848865370594233,0.0,0.33151134629405765,1.0,0.8674300424493245,0.9456216067472284,0.8033960477932613,0.5064279793619981,0.5064279793619981,0.5064279793619981,0.0,0.0,0.0,0.0,0.0,0.3593427963735403,0.10715820561362004,0.0399269773748378,4.525157863124054,111.19109602371229,549.7823791718097,0.0,110.68466804435029,0.3593427963735403,5.988447701565049,0.0,0.0,-901.7301675231063,0.0,0.0,0.0,0.0
intrinsic_limited,stationary,256.3167417040406,256.3167417040406,19886.552750965155,90000.0,0.0,0.0,0.0,0.0,0.0,0.0,0.0,0.0,44.0,0.0725530874429063,0.018863802735155637,0.0,0.33113619726484433,1.0,0.8649304543431166,0.9445182272495423,0.7997737840569051,0.5167037932663414,0.5167037932663414,0.5167037932663414,0.0,0.0,0.0,0.0,0.0,0.3686086149179248,0.10713866557975826,0.0409565127686583,4.525671247654123,113.44724903484541,548.9283806786134,0.0,112.93054524157907,0.3686086149179248,6.142862567607216,0.0,0.0,-901.5757526570641,0.0,0.0,0.0,1.1102230246251565e-16
intrinsic_limited,stationary,261.38573937450764,261.38573937450764,19884.309183739486,90000.0,0.0,0.0,0.0,0.0,0.0,0.0,0.0,0.0,45.0,0.07398791931845321,0.019236859022797835,0.0,0.33076314097720216,1.0,0.8624519527050901,0.9434210028741241,0.7961853789096425,0.5269222842902824,0.5269222842902824,0.5269222842902824,0.0,0.0,0.0,0.0,0.0,0.3778227433796325,0.10711923609069073,0.04198030481995916,4.526181883834217,115.69081626051859,548.0791461538918,0.0,115.16389397622831,0.3778227433796325,6.296416018421575,0.0,0.0,-901.4221992062497,0.0,3.637978807091713e-12,0.0,0.0
intrinsic_limited,stationary,266.4265980875781,266.4265980875781,19882.078070976546,90000.0,0.0,0.0,0.0,0.0,0.0,0.0,0.0,0.0,46.0,0.07541478617297584,0.01960784440497372,0.0,0.33039215559502627,1.0,0.859994252973426,0.9423298693971361,0.792630349137243,0.5370840505527869,0.5370840505527869,0.5370840505527869,0.0,0.0,0.0,0.0,0.0,0.38698572111219964,0.10709991598367617,0.042998413456911064,4.526689799663354,117.92192902345896,547.2346258893976,0.0,117.38484497290617,0.38698572111219964,6.449117042334807,0.0,0.0,-901.2694981823365,0.0,3.637978807091713e-12,0.0,0.0
intrinsic_limited,stationary,271.4396099970403,271.4396099970403,19879.85928336741,90000.0,0.0,0.0,0.0,0.0,0.0,0.0,0.0,0.0,47.0,0.07683377070360593,0.019976780382937542,0.0,0.33002321961706244,1.0,0.8575570758430381,0.9412447635795954,0.7891082207985396,0.5471896810008335,0.5471896810008335,0.5471896810008335,0.0,0.0,0.0,0.0,0.0,0.3960980791982381,0.10708070411390237,0.04401089768869311,4.527195022718244,120.14071663259638,546.3947709391458,0.0,119.59352695159555,0.3960980791982381,6.600974489838637,0.0,0.0,-901.1176407348327,0.0,3.637978807091713e-12,0.0,-1.1102230246251565e-16
intrinsic_limited,stationary,276.42506279876187,276.42506279876187,19877.652693576245,90000.0,0.0,0.0,0.0,0.0,0.0,0.0,0.0,0.0,48.0,0.07824495434561493,0.020343688129859882,0.0,0.3296563118701401,1.0,0.8551401471426352,0.940165623147471,0.7856185290021702,0.557239755594768,0.557239755594768,0.557239755594768,0.0,0.0,0.0,0.0,0.0,0.4051603406165819,0.10706159935412146,0.04501781562406464,4.527697580161707,122.34730642375968,545.5595331040095,0.0,121.79006666816491,0.4051603406165819,6.751997076375337,0.0,0.0,-900.966618148296,0.0,3.637978807091713e-12,0.0,1.1102230246251565e-16
intrinsic_limited,stationary,281.3832398203341,281.3832398203341,19875.458176200653,90000.0,0.0,0.0,0.0,0.0,0.0,0.0,0.0,0.0,49.0,0.07964841729778879,0.020708588497425087,0.0,0.3292914115025749,1.0,0.8527431977152559,0.9390923867722792,0.782160817689781,0.567234845489015,0.567234845489015,0.567234845489015,0.0,0.0,0.0,0.0,0.0,0.41417302040524745,0.10704260059429568,0.046019224489471926,4.528197498750904,124.54182379935366,544.7288649167002,0.0,123.97458895386465,0.41417302040524745,6.902193385053448,0.0,0.0,-900.8164218396179,0.0,7.275957614183426e-12,0.0,0.0
intrinsic_limited,stationary,286.3144201084823,286.3144201084823,19873.275607732958,90000.0,0.0,0.0,0.0,0.0,0.0,0.0,0.0,0.0,50.0,0.08104423854717038,0.0210715020222643,0.0,0.32892849797773566,1.0,0.8503659633021597,0.9380249940521638,0.7787346394254627,0.5771755132082872,0.5771755132082872,0.5771755132082872,0.0,0.0,0.0,0.0,0.0,0.42313662582033196,0.1070237067412517,0.04701518064670354,4.528694804845347,126.72439226704752,543.9027196271254,0.0,126.14721675383923,0.42313662582033196,7.051571869295832,0.0,0.0,-900.6670433553754,0.0,3.637978807091713e-12,0.0,0.0
intrinsic_limited,stationary,291.21887851430836,291.21887851430836,19871.104866522503,90000.0,0.0,0.0,0.0,0.0,0.0,0.0,0.0,0.0,51.0,0.08243249589318824,0.021432448932228943,0.0,0.328567551067771,1.0,0.8480081844299667,0.9369633854934443,0.775339555191224,0.5870623128194239,0.5870623128194239,0.5870623128194239,0.0,0.0,0.0,0.0,0.0,0.4320516564909728,0.10700491671834302,0.04800573961010808,4.529189524414716,128.8951334775036,543.0810511881053,0.0,128.30807116468418,0.4320516564909728,7.200140855422061,0.0,0.0,-900.5184743692492,0.0,7.275957614183426e-12,0.0,-1.1102230246251565e-16
intrinsic_limited,stationary,296.0968857764298,296.0968857764298,19868.94583273883,90000.0,0.0,0.0,0.0,0.0,0.0,0.0,0.0,0.0,52.0,0.08381326597118993,0.021791449152509385,0.0,0.32820855084749057,1.0,0.8456696063009359,0.9359075024926193,0.7719751341882836,0.5968957900989893,0.5968957900989893,0.5968957900989893,0.0,0.0,0.0,0.0,0.0,0.440918604570481,0.10698622946512153,0.04899095606338676,4.529681683046491,131.0541672611753,542.2638142414457,0.0,130.45727147107633,0.440918604570481,7.347908545167066,0.0,0.0,-900.3707066795042,0.0,7.275957614183426e-12,0.0,0.0
intrinsic_limited,stationary,300.9487086020772,300.9487086020772,19866.798388335803,90000.0,0.0,0.0,0.0,0.0,0.0,0.0,0.0,0.0,53.0,0.08518662427539755,0.022148522311603365,0.0,0.3278514776883966,1.0,0.8433499786862843,0.9348572873188137,0.7686409536440059,0.6066764826967553,0.6066764826967553,0.6066764826967553,0.0,0.0,0.0,0.0,0.0,0.4497379548837651,0.10696764393701638,0.049970883875973884,4.530171305953394,133.20161166420115,541.450964104351,0.0,132.5949351815044,0.4497379548837651,7.494883018137945,0.0,0.0,-900.2237322065333,0.0,3.637978807091713e-12,0.0,-1.1102230246251565e-16
intrinsic_limited,stationary,305.7746097462089,305.7746097462089,19864.662417016585,90000.0,0.0,0.0,0.0,0.0,0.0,0.0,0.0,0.0,54.0,0.08655264518130193,0.022503687747138502,0.0,0.32749631225286147,1.0,0.841049055822444,0.9338126830966514,0.7653365986242757,0.6164049202951876,0.6164049202951876,0.6164049202951876,0.0,0.0,0.0,0.0,0.0,0.4585101850711495,0.10694915910502141,0.0509455761190166,4.530658417980648,135.33758298342156,540.6424567561688,0.0,134.72117806312636,0.4585101850711495,7.641072234210706,0.0,0.0,-900.0775429904606,0.0,7.275957614183426e-12,0.0,0.0
intrinsic_limited,stationary,310.57484808870254,310.57484808870254,19862.537804199463,90000.0,0.0,0.0,0.0,0.0,0.0,0.0,0.0,0.0,55.0,0.08791140196751243,0.022856964511553234,0.0,0.32714303548844675,1.0,0.8387665963101669,0.9327736337895494,0.7620616618511519,0.6260816247650536,0.6260816247650536,0.6260816247650536,0.0,0.0,0.0,0.0,0.0,0.46723576572869757,0.10693077395538968,0.051915085080966386,4.531143043613069,137.4621958005441,539.8382488254591,0.0,136.83611417577904,0.46723576572869757,7.786484035868745,0.0,0.0,-899.9321311888026,0.0,7.275957614183426e-12,0.0,-1.1102230246251565e-16
intrinsic_limited,stationary,315.34967870967705,315.34967870967705,19860.424436984526,90000.0,0.0,0.0,0.0,0.0,0.0,0.0,0.0,0.0,56.0,0.08926296683707775,0.023208371377640216,0.0,0.3267916286223598,1.0,0.8365023630163801,0.9317400841834111,0.7588157435256067,0.6357071103172637,0.6357071103172637,0.6357071103172637,0.0,0.0,0.0,0.0,0.0,0.47591516054513533,0.1069124874893356,0.0528794622827928,4.531625206981981,139.57556301548152,539.0382975773742,0.0,138.93985590516425,0.47591516054513533,7.93112615048468,0.0,0.0,-899.7874890741866,0.0,7.275957614183426e-12,0.0,-1.1102230246251565e-16
intrinsic_limited,stationary,320.0993529630007,320.0993529630007,19858.32220412112,90000.0,0.0,0.0,0.0,0.0,0.0,0.0,0.0,0.0,57.0,0.09060741093829301,0.023557926843956183,0.0,0.3264420731560438,1.0,0.8342561229787107,0.9307119798707171,0.7555984511552033,0.6452818836510538,0.6452818836510538,0.6452818836510538,0.0,0.0,0.0,0.0,0.0,0.4845488264354782,0.10689429872274467,0.053838758492830895,4.532104931871971,141.6777958788868,538.2425609013436,0.0,141.03251399523575,0.4845488264354782,8.075006192547244,0.0,0.0,-899.643609032124,0.0,7.275957614183426e-12,0.0,0.0
intrinsic_limited,stationary,324.8241185480357,324.8241185480357,19856.230995976097,90000.0,0.0,0.0,0.0,0.0,0.0,0.0,0.0,0.0,58.0,0.09194480438500784,0.02390564914010204,0.0,0.32609435085989796,1.0,0.8320276473125886,0.9296892672349941,0.752409399386542,0.6548064440986141,0.6548064440986141,0.6548064440986141,0.0,0.0,0.0,0.0,0.0,0.49313721367145247,0.10687620668588925,0.054793023741272484,4.5325822417274795,143.7690040239078,537.4509972990548,0.0,143.11419757980917,0.49313721367145247,8.218131665834754,0.0,0.0,-899.5004835588365,0.0,3.637978807091713e-12,0.0,-1.1102230246251565e-16
intrinsic_limited,stationary,329.5242195796719,329.5242195796719,19854.15070450282,90000.0,0.0,0.0,0.0,0.0,0.0,0.0,0.0,0.0,59.0,0.09327521627645012,0.024251556231877032,0.0,0.32574844376812295,1.0,0.8298167111208515,0.9286718934356558,0.7492482098423172,0.6642812837662689,0.6642812837662689,0.6642812837662689,0.0,0.0,0.0,0.0,0.0,0.5016807660088052,0.10685821042315219,0.055742307334311667,4.533057159659237,145.84929549718444,536.6635658727197,0.0,145.18501421341819,0.5016807660088052,8.360509965536737,0.0,0.0,-899.3581052591346,0.0,3.637978807091713e-12,0.0,0.0
intrinsic_limited,stationary,334.1998966566959,334.1998966566959,19852.081223210895,90000.0,0.0,0.0,0.0,0.0,0.0,0.0,0.0,0.0,60.0,0.0945987147165786,0.024595665826310436,0.0,0.3254043341736895,1.0,0.827623093405769,0.9276598063932046,0.7461145109628509,0.6737068876723,0.6737068876723,0.6737068876723,0.0,0.0,0.0,0.0,0.0,0.5101799208115894,0.10684030899275633,0.056686657867954356,4.533529708450554,147.91877678910933,535.8802263136204,0.0,147.24506990143703,0.5101799208115894,8.502148380325137,0.0,0.0,-899.2164668443462,0.0,3.637978807091713e-12,0.0,0.0
intrinsic_limited,stationary,338.85138692854395,338.85138692854395,19850.02244713663,90000.0,0.0,0.0,0.0,0.0,0.0,0.0,0.0,0.0,61.0,0.09591536683297798,0.024937995376574276,0.0,0.3250620046234257,1.0,0.8254465769834118,0.9266529547747816,0.7430079378519447,0.6830837338815131,0.6830837338815131,0.6830837338815131,0.0,0.0,0.0,0.0,0.0,0.5186351091735112,0.10682250146650073,0.05762612324150122,4.533999910563452,149.97755286337303,535.1009388909263,0.0,149.29446912949152,0.5186351091735112,8.643054094376563,0.0,0.0,-899.0755611302948,0.0,3.637978807091713e-12,0.0,0.0
intrinsic_limited,stationary,343.47892416048444,343.47892416048444,19847.97427281419,90000.0,0.0,0.0,0.0,0.0,0.0,0.0,0.0,0.0,62.0,0.09722523879530946,0.025278562086780462,0.0,0.3247214379132195,1.0,0.8232869484002937,0.9256512879800575,0.7399281321269211,0.6924122936366374,0.6924122936366374,0.6924122936366374,0.0,0.0,0.0,0.0,0.0,0.5270467560364209,0.10680478692950297,0.058560750670713424,4.534467788144666,152.0257271858141,534.3256644407732,0.0,151.33331489217747,0.5270467560364209,8.783234189346954,0.0,0.0,-898.9353810353243,0.0,3.637978807091713e-12,0.0,0.0
intrinsic_limited,stationary,348.0827387972731,348.0827387972731,19845.93659824741,90000.0,0.0,0.0,0.0,0.0,0.0,0.0,0.0,0.0,63.0,0.09852839583332902,0.025617382916665547,0.0,0.32438261708333443,1.0,0.8211439978522134,0.9246547561274543,0.7368747417727238,0.7016930314866469,0.7016930314866469,0.7016930314866469,0.0,0.0,0.0,0.0,0.0,0.5354152803060293,0.10678716447994782,0.059490586700669895,4.534933363031498,154.06340175259328,533.5543643555988,0.0,153.36170872110662,0.5354152803060293,8.922695646299976,0.0,0.0,-898.7959195783714,0.0,0.0,0.0,-1.1102230246251565e-16
intrinsic_limited,stationary,352.6630580253243,352.6630580253243,19843.90932288229,90000.0,0.0,0.0,0.0,0.0,0.0,0.0,0.0,0.0,64.0,0.0998249022544856,0.02595447458616626,0.0,0.3240455254138337,1.0,0.8190175191052306,0.9236633100406874,0.7338474209999358,0.7109264054120906,0.7109264054120906,0.7109264054120906,0.0,0.0,0.0,0.0,0.0,0.5437410949649246,0.10676963322884103,0.06041567721832494,4.535396656757534,156.09067711771087,532.7870005737271,0.0,155.37975071229877,0.5437410949649246,9.061445347590467,0.0,0.0,-898.6571698770808,0.0,0.0,0.0,0.0
intrinsic_limited,stationary,357.2201058334389,357.2201058334389,19841.892347580117,90000.0,0.0,0.0,0.0,0.0,0.0,0.0,0.0,0.0,65.0,0.10111482146111084,0.02628985357988882,0.0,0.32371014642011114,1.0,0.816907309418709,0.9226769012356211,0.7308458301066119,0.7201128669475128,0.7201128669475128,0.7201128669475128,0.0,0.0,0.0,0.0,0.0,0.5520246071829682,0.1067521922997703,0.061336067464774234,4.535857690558242,158.10765241988528,532.0235355691948,0.0,157.38753955293777,0.5520246071829682,9.199490078704164,0.0,0.0,-898.5191251459671,0.0,3.637978807091713e-12,0.0,0.0
intrinsic_limited,stationary,361.7541030721296,361.7541030721296,19839.88557459119,90000.0,0.0,0.0,0.0,0.0,0.0,0.0,0.0,0.0,66.0,0.10239821596721164,0.02662353615147503,0.0,0.3233764638485249,1.0,0.8148131694703641,0.9216954819074263,0.7278696353437849,0.7292528613010446,0.7292528613010446,0.7292528613010446,0.0,0.0,0.0,0.0,0.0,0.5602662184251374,0.10673484082866984,0.062251802047237466,4.536316485376428,160.11442540881075,531.2639323418107,0.0,159.3851725475097,0.5602662184251374,9.336836530054914,0.0,0.0,-898.3817786946164,0.0,0.0,0.0,0.0
intrinsic_limited,stationary,366.26526751158167,366.26526751158167,19837.888907529188,90000.0,0.0,0.0,0.0,0.0,0.0,0.0,0.0,0.0,67.0,0.10367514741487656,0.026955538327867908,0.0,0.3230444616721321,1.0,0.8127349032832535,0.9207190049180356,0.7249185087845536,0.7383468274712472,0.7383468274712472,0.7383468274712472,0.0,0.0,0.0,0.0,0.0,0.5684663245568897,0.10671757796359198,0.0631629249507655,4.536773061867575,162.1110924708109,530.508154407447,0.0,161.37274564333964,0.5684663245568897,9.473491298740568,0.0,0.0,-898.2451239259308,0.0,0.0,0.0,1.1102230246251565e-16
intrinsic_limited,stationary,370.7538138982866,370.7538138982866,19835.902251346095,90000.0,0.0,0.0,0.0,0.0,0.0,0.0,0.0,0.0,68.0,0.10494567659030657,0.02728587591347971,0.0,0.3227141240865203,1.0,0.8106723181546516,0.9197474237838832,0.7219921281966186,0.7473951983612779,0.7473951983612779,0.7473951983612779,0.0,0.0,0.0,0.0,0.0,0.576625315947115,0.10670040286448353,0.06406947954967943,4.53722744040506,164.09774865390537,529.7561657885504,0.0,163.35035345554408,0.576625315947115,9.60946089025867,0.0,0.0,-898.1091543344127,0.0,0.0,0.0,-1.1102230246251565e-16
intrinsic_limited,stationary,375.21995401038464,375.21995401038464,19833.9255123077,90000.0,0.0,0.0,0.0,0.0,0.0,0.0,0.0,0.0,69.0,0.10620986343948036,0.027614564494264894,0.0,0.32238543550573506,1.0,0.8086252245867518,0.9187806926639267,0.7190901769181822,0.7563984008904542,0.7563984008904542,0.7563984008904542,0.0,0.0,0.0,0.0,0.0,0.5847435775687386,0.10668331470296681,0.06497150861874872,4.537679641085251,166.07448769230473,529.0079310048701,0.0,165.31808929141428,0.5847435775687386,9.744751720183029,0.0,0.0,-897.9738635044882,0.0,3.637978807091713e-12,0.0,1.1102230246251565e-16
intrinsic_limited,stationary,379.66389671175244,379.66389671175244,19831.958597969653,90000.0,0.0,0.0,0.0,0.0,0.0,0.0,0.0,0.0,70.0,0.1074677670834643,0.02794161944170072,0.0,0.3220583805582993,1.0,0.8065934362191406,0.9178187663479391,0.7162123437370902,0.7653568561032874,0.7653568561032874,0.7653568561032874,0.0,0.0,0.0,0.0,0.0,0.5928214890970451,0.10666631266212612,0.06586905434411612,4.538129683732497,168.04140203034976,528.2634150643964,0.0,167.27604517424646,0.5928214890970451,9.879370115802256,0.0,0.0,-897.839245108869,0.0,3.637978807091713e-12,0.0,0.0
intrinsic_limited,stationary,384.08584800486796,384.08584800486796,19830.001417154093,90000.0,0.0,0.0,0.0,0.0,0.0,0.0,0.0,0.0,71.0,0.1087194458333765,0.028267055916677893,0.0,0.3217329440833221,1.0,0.8045767697629912,0.916861600245065,0.7133583227731275,0.7742709792760532,0.7742709792760532,0.7742709792760532,0.0,0.0,0.0,0.0,0.0,0.6008594250057787,0.10664939593629907,0.06676215833397539,4.538577587903994,169.99858284590988,527.5225834545045,0.0,169.22431186663383,0.6008594250057787,10.013322317721302,0.0,0.0,-897.70529290695,0.0,3.637978807091713e-12,0.0,0.0
intrinsic_limited,stationary,388.486011082487,388.486011082487,19828.053879926745,90000.0,0.0,0.0,0.0,0.0,0.0,0.0,0.0,0.0,72.0,0.10996495720501434,0.02859088887330373,0.0,0.32140911112669623,1.0,0.8025750449369249,0.9159091503726361,0.7105278133633696,0.7831411800209638,0.7831411800209638,0.7831411800209638,0.0,0.0,0.0,0.0,0.0,0.6088577546610822,0.10663256373087253,0.06765086162900912,4.539023372894552,171.9461200732556,526.7854021332954,0.0,171.16297889323462,0.6088577546610822,10.146614481426933,0.0,0.0,-897.5720007432444,0.0,0.0,0.0,0.0
intrinsic_limited,stationary,392.8645863781626,392.8645863781626,19826.115897574582,90000.0,0.0,0.0,0.0,0.0,0.0,0.0,0.0,0.0,73.0,0.1112043579331545,0.02891313306262017,0.0,0.3210868669373798,1.0,0.800588084404491,0.9149613733452348,0.7077205199504969,0.7919678623880103,0.7919678623880103,0.7919678623880103,0.0,0.0,0.0,0.0,0.0,0.6168168424133346,0.1066158152620831,0.06853520471259271,4.539467057741255,173.88410242541852,526.0518375211344,0.0,173.0921345630305,0.6168168424133346,10.27925267881822,0.0,0.0,-897.4393625458531,0.0,0.0,0.0,0.0
intrinsic_limited,stationary,397.22177161563815,397.22177161563815,19824.18738258395,90000.0,0.0,0.0,0.0,0.0,0.0,0.0,0.0,0.0,74.0,0.1124377039855342,0.029233803036238893,0.0,0.3207661969637611,1.0,0.7986157137132175,0.9140182263640032,0.704936151973977,0.8007514249645326,0.8007514249645326,0.8007514249645326,0.0,0.0,0.0,0.0,0.0,0.6247370476869397,0.10659914975682179,0.06941522752077106,4.539908661228014,175.81261741605306,525.321856492374,0.0,175.0118659910885,0.6247370476869397,10.41124289970285,0.0,0.0,-897.3073723249685,0.0,3.637978807091713e-12,0.0,-1.1102230246251565e-16
intrinsic_limited,stationary,401.55776185714467,401.55776185714467,19822.268248619188,90000.0,0.0,0.0,0.0,0.0,0.0,0.0,0.0,0.0,75.0,0.11366505057652221,0.029552913149895776,0.0,0.3204470868501042,1.0,0.7966577612351857,0.9130796672061889,0.702174423764043,0.8094922609725808,0.8094922609725808,0.8094922609725808,0.0,0.0,0.0,0.0,0.0,0.6326187250681234,0.10658256645244354,0.0702909694520137,4.540348201890032,177.7317513808131,524.5954263672633,0.0,176.92225911984053,0.6326187250681234,10.542591053260276,0.0,0.0,-897.176024171411,0.0,0.0,0.0,0.0
intrinsic_limited,stationary,405.87274955063026,405.87274955063026,19820.358410501747,90000.0,0.0,0.0,0.0,0.0,0.0,0.0,0.0,0.0,76.0,0.11488645218048771,0.029870477566926804,0.0,0.3201295224330732,1.0,0.794714058109086,0.9121456542149212,0.6994350544383678,0.8181907583641245,0.8181907583641245,0.8181907583641245,0.0,0.0,0.0,0.0,0.0,0.6404622243907889,0.10656606459658122,0.0711624693767543,4.540785698018146,179.64158949825605,523.872514904035,0.0,178.82339873989193,0.6404622243907889,10.673302969472497,0.0,0.0,-897.0453122551988,0.0,3.637978807091713e-12,0.0,0.0
intrinsic_limited,stationary,410.1861194887791,410.1861194887791,19818.449288412026,90000.0,0.0,0.0,0.0,0.0,0.0,0.0,0.0,0.0,77.0,0.1161073958621824,0.030187922924167426,0.003751404318625373,0.31986870062804657,1.0150056172745014,0.7927758233316976,0.9113785312589605,0.6971918408189952,0.82688599455504,0.82688599455504,0.82688599455504,0.0,0.0,0.0,0.0,0.0,0.6483027820571424,0.10654957004710404,0.07203364245079358,4.541223114394907,181.55071158797742,523.1498744714473,0.0,180.7238255934224,0.6483027820571424,10.803965862982277,0.0,0.0,-896.914649361689,0.0,3.637978807091713e-12,0.0,-1.1102230246251565e-16
intrinsic_limited,stationary,414.57966703040387,414.57966703040387,19816.50467925857,90000.0,0.0,0.0,0.0,0.0,0.0,0.0,0.0,0.0,78.0,0.11735103463838116,0.030511269005979103,0.010173278657259699,0.3196439308149131,1.0406931146290388,0.7908064200638286,0.9107174435732739,0.695263518452724,0.8357428591732505,0.8357428591732505,0.8357428591732505,0.0,0.0,0.0,0.0,0.0,0.6562890802151699,0.10653277004528405,0.07292100891279663,4.541668748182453,183.49532074143121,522.4138014840612,0.0,182.65957788225796,0.6562890802151699,10.937057521785805,0.0,0.0,-896.7815577028855,0.0,3.637978807091713e-12,0.0,0.0
intrinsic_limited,stationary,419.06280574096763,419.06280574096763,19814.52041654372,90000.0,0.0,0.0,0.0,0.0,0.0,0.0,0.0,0.0,79.0,0.11862003311551451,0.030841208610033775,0.01668343617656301,0.31941606005769296,1.066733744706252,0.7888019005864535,0.9100472354638028,0.6933131416506123,0.8447803288371017,0.8447803288371017,0.8447803288371017,0.0,0.0,0.0,0.0,0.0,0.6644382301565259,0.10651562866318416,0.07382647001739175,4.5421235592891955,185.4795834562809,521.6627188401869,0.0,184.6348031274438,0.6644382301565259,11.072863105558504,0.0,0.0,-896.6457521191128,0.0,0.0,0.0,-1.1102230246251565e-16
intrinsic_limited,stationary,423.63566245403854,423.63566245403854,19812.496444130215,90000.0,0.0,0.0,0.0,0.0,0.0,0.0,0.0,0.0,80.0,0.11991442719512715,0.031177751070733062,0.02327976733855257,0.3191851543247999,1.0931190693542103,0.7867625004926233,0.9093681009552939,0.6913414504395667,0.8539986592278471,0.8539986592278471,0.8539986592278471,0.0,0.0,0.0,0.0,0.0,0.6727504623653047,0.10649814548861972,0.07475005137392272,4.542587566074442,187.5035558697857,520.8966052907625,0.0,186.64955721055787,0.6727504623653047,11.211386455317802,0.0,0.0,-896.5072287693534,0.0,0.0,0.0,0.0
intrinsic_limited,stationary,428.2982889025552,428.2982889025552,19810.432739120763,90000.0,0.0,0.0,0.0,0.0,0.0,0.0,0.0,0.0,81.0,0.12123423152075895,0.03152090019539733,0.029960031707128233,0.31895128338924833,1.119840126828513,0.7846884938769617,0.9086802452624951,0.68934921358175,0.8633979546328829,0.8633979546328829,0.8633979546328829,0.0,0.0,0.0,0.0,0.0,0.6812258708112884,0.1064803203981181,0.07569176342347647,4.543060779397917,189.56726087923883,520.1154521687104,0.0,188.70386292460594,0.6812258708112884,11.352629137070121,0.0,0.0,-896.3659860876012,0.0,0.0,0.0,0.0
intrinsic_limited,stationary,433.050660137598,433.050660137598,19808.329312557893,90000.0,0.0,0.0,0.0,0.0,0.0,0.0,0.0,0.0,82.0,0.12257943903036181,0.03187065414789407,0.036721860631038515,0.3187145207120254,1.146887442524154,0.7825801935407968,0.9079838844471335,0.6873372270218473,0.872978164758181,0.872978164758181,0.872978164758181,0.0,0.0,0.0,0.0,0.0,0.6898644100757853,0.10646215356286401,0.07665160111953168,4.5435432024518425,191.67068744210638,519.3192636538475,0.0,190.7977092773482,0.6898644100757853,11.49659039391296,0.0,0.0,-896.2220248307583,0.0,0.0,0.0,1.1102230246251565e-16
intrinsic_limited,stationary,437.89267362361795,437.89267362361795,19806.186209824427,90000.0,0.0,0.0,0.0,0.0,0.0,0.0,0.0,0.0,83.0,0.12395002070019503,0.032227005382050714,0.043562761117092716,0.31847494328643805,1.174251044468371,0.7804379508638556,0.9072792449601119,0.68530631201272,0.8827390829043789,0.8827390829043789,0.8827390829043789,0.0,0.0,0.0,0.0,0.0,0.6986658937070962,0.10644364545204983,0.0776295437452329,4.544034830661011,193.81379017557063,518.5080569244672,0.0,192.93105109266625,0.6986658937070962,11.643267118628758,0.0,0.0,-896.0753481060425,0.0,-3.637978807091713e-12,0.0,-1.1102230246251565e-16
intrinsic_limited,stationary,442.82414854024256,442.82414854024256,19804.003510952494,90000.0,0.0,0.0,0.0,0.0,0.0,0.0,0.0,0.0,84.0,0.12534592534719424,0.032589940590270504,0.050480120182184736,0.31823263146859304,1.201920480728739,0.778262155555242,0.9065665631429207,0.6832573131391869,0.8926803445593041,0.8926803445593041,0.8926803445593041,0.0,0.0,0.0,0.0,0.0,0.7076299929514879,0.10642479683542876,0.07862555477238753,4.544535651603273,195.9964890475054,517.6818622743103,0.0,195.1038087029461,0.7076299929514879,11.792653832536544,0.0,0.0,-895.9259613921347,0.0,0.0,0.0,0.0
intrinsic_limited,stationary,447.8448252959906,447.8448252959906,19801.781330838756,90000.0,0.0,0.0,0.0,0.0,0.0,0.0,0.0,0.0,85.0,0.1267670794913233,0.032959440667744054,0.05747120966773566,0.31798766879482954,1.2298848386709427,0.7760532352833713,0.9058460846906752,0.6811910962505401,0.9028014264176815,0.9028014264176815,0.9028014264176815,0.0,0.0,0.0,0.0,0.0,0.7167562358693679,0.10640560878505041,0.07963958176326308,4.545045644950965,198.21866916124327,516.8407231940362,0.0,197.3158677348256,0.7167562358693679,11.944742670763015,0.0,0.0,-895.7738725539083,0.0,0.0,0.0,1.1102230246251565e-16
intrinsic_limited,stationary,452.95436525805707,452.95436525805707,19799.519819364024,90000.0,0.0,0.0,0.0,0.0,0.0,0.0,0.0,0.0,86.0,0.12821338727908724,0.03333548069256268,0.06453319149681026,0.317740141787023,1.258132765987241,0.773811655185288,0.9051180640794794,0.6791085463130982,0.913101645836412,0.913101645836412,0.913101645836412,0.0,0.0,0.0,0.0,0.0,0.7260440068442237,0.10638608267616356,0.08067155631602484,4.545564782433742,200.48018063597704,515.9846964164914,0.0,199.56707899014063,0.7260440068442237,12.099523374058986,0.0,0.0,-895.6190918506123,0.0,0.0,0.0,-1.1102230246251565e-16
intrinsic_limited,stationary,458.1523507011127,458.1523507011127,19797.219161415906,90000.0,0.0,0.0,0.0,0.0,0.0,0.0,0.0,0.0,87.0,0.12968473046903942,0.03371802992195025,0.07166312335095361,0.31749013974677365,1.2866524934038144,0.7715379172565479,0.9043827639610991,0.6770105651947379,0.9235801607313591,0.9235801607313591,0.9235801607313591,0.0,0.0,0.0,0.0,0.0,0.7354925464896752,0.10636622018727548,0.08172139405440834,4.546093027823164,202.78083858409786,515.1138519252889,0.0,201.85725842336652,0.7354925464896752,12.256983287250437,0.0,0.0,-895.4616319374209,0.0,3.637978807091713e-12,0.0,0.0
intrinsic_limited,stationary,463.4382849768129,463.4382849768129,19794.879576813782,90000.0,0.0,0.0,0.0,0.0,0.0,0.0,0.0,0.0,88.0,0.1311809684797627,0.0341070518047383,0.07885796474076093,0.31723775453957637,1.3154318589630436,0.7692325596235956,0.9036404545281659,0.6748980693938336,0.9342359699190576,0.9342359699190576,0.9342359699190576,0.0,0.0,0.0,0.0,0.0,0.7451009519577272,0.10634602329936071,0.08278899466196966,4.546630336939213,205.12042318622113,514.2282729264095,0.0,204.18618721630207,0.7451009519577272,12.417107364375523,0.0,0.0,-895.3015078602957,0.0,3.637978807091713e-12,0.0,0.0
intrinsic_limited,stationary,468.8115929044402,468.8115929044402,19792.501320135914,90000.0,0.0,0.0,0.0,0.0,0.0,0.0,0.0,0.0,89.0,0.13270193850044498,0.034502504010115696,0.08611458344136846,0.3169830803701419,1.3444583337654739,0.7668961557013169,0.9028914128533586,0.6727719877254151,0.9450679139042029,0.9450679139042029,0.9450679139042029,0.0,0.0,0.0,0.0,0.0,0.7548681776489845,0.10632549429422014,0.08387424196099826,4.5471766576788575,207.49867986408697,513.3280557827546,0.0,206.55361195018276,0.7548681776489845,12.579878180520327,0.0,0.0,-895.138737044151,0.0,0.0,0.0,0.0
intrinsic_limited,stationary,474.2716213818246,474.2716213818246,19790.084680449047,90000.0,0.0,0.0,0.0,0.0,0.0,0.0,0.0,0.0,90.0,0.13424745566380622,0.03490433847258962,0.09342976226147313,0.3167262135501044,1.3737190490458926,0.7645293132391588,0.9021359222061894,0.6706332589776179,0.9560746761111926,0.9560746761111926,0.9560746761111926,0.0,0.0,0.0,0.0,0.0,0.7647930363232799,0.10630463575199268,0.08497700403591997,4.5477319300666,209.9153195509569,512.4133099117961,0.0,208.9592448748457,0.7647930363232799,12.745275950327459,0.0,0.0,-894.9733392743439,0.0,3.637978807091713e-12,0.0,0.0
intrinsic_limited,stationary,479.8176402144096,479.8176402144096,19787.62998094144,90000.0,0.0,0.0,0.0,0.0,0.0,0.0,0.0,0.0,91.0,0.13581731328077437,0.03531250145300134,0.1008002061121873,0.31646725225939837,1.4032008244487493,0.7621326732599193,0.9013742713511718,0.6684828295516035,0.967254784555424,0.967254784555424,0.967254784555424,0.0,0.0,0.0,0.0,0.0,0.7748742006068357,0.10628345054782876,0.0860971334007595,4.54829608632686,212.3700190585634,511.4841576466789,0.0,211.40276427400798,0.7748742006068357,12.913278553112916,0.0,0.0,-894.8053366715584,0.0,3.637978807091713e-12,0.0,1.1102230246251565e-16
intrinsic_limited,stationary,485.44884315907393,485.44884315907393,19785.137578460894,90000.0,0.0,0.0,0.0,0.0,0.0,0.0,0.0,0.0,92.0,0.13741128313594964,0.03572693361534691,0.10822254934002354,0.31620629630263036,1.432890197360094,0.7597069088959622,0.9006067538312659,0.6663216510981568,0.9786066139475139,0.9786066139475139,0.9786066139475139,0.0,0.0,0.0,0.0,0.0,0.7851102048897973,0.10626194184773904,0.08723446720997746,4.54886905097787,214.86242153911124,510.5407340613445,0.0,213.88381492516373,0.7851102048897973,13.083861564488473,0.0,0.0,-894.6347536601828,0.0,3.637978807091713e-12,0.0,1.1102230246251565e-16
intrinsic_limited,stationary,491.1643491780865,491.1643491780865,19782.607862959718,90000.0,0.0,0.0,0.0,0.0,0.0,0.0,0.0,0.0,93.0,0.13902911584254937,0.03614757011906284,0.11569336328662527,0.3159434468617939,1.462773453146501,0.7572527241282438,0.8998336672405702,0.6641506781640065,0.990128388221121,0.990128388221121,0.990128388221121,0.0,0.0,0.0,0.0,0.0,0.7954994476057342,0.10624011310363847,0.08838882751174823,4.549450740946694,217.39213704028506,509.5831867604492,0.0,216.40200865206396,0.7954994476057342,13.25699829434956,0.0,0.0,-894.4616169303217,0.0,3.637978807091713e-12,0.0,1.1102230246251565e-16
intrinsic_limited,stationary,496.9632038973839,496.9632038973839,19780.041256849312,90000.0,0.0,0.0,0.0,0.0,0.0,0.0,0.0,0.0,94.0,0.14067054125518857,0.03657434072634903,0.12320916403650971,0.3156788062466909,1.4928366561460389,0.7547708524341147,0.8990553124902675,0.6619708658606833,1.001818183472658,1.001818183472658,1.001818183472658,0.0,0.0,0.0,0.0,0.0,0.8060401938825474,0.10621796804760544,0.08956002154250525,4.550041065704822,219.95874315069133,508.6116756350518,0.0,218.95692496721867,0.8060401938825474,13.432659831052652,0.0,0.0,-894.2859553936187,0.0,3.637978807091713e-12,0.0,0.0
intrinsic_limited,stationary,502.84438126222057,502.84438126222057,19777.438214267346,90000.0,0.0,0.0,0.0,0.0,0.0,0.0,0.0,0.0,95.0,0.14233526893852863,0.037007169924017445,0.13076642031309577,0.31541247764442365,1.523065681252383,0.7522620553503793,0.8982719930718344,0.6597831675683425,1.0136739312988852,1.0136739312988852,1.0136739312988852,0.0,0.0,0.0,0.0,0.0,0.816730578552149,0.1061955106853862,0.09074784206134988,4.550639927423687,222.5617857326586,507.62637258523387,0.0,221.5481118013597,0.816730578552149,13.610815091571563,0.0,0.0,-894.1078001330998,0.0,3.637978807091713e-12,0.0,0.0
intrinsic_limited,stationary,508.8067853821695,508.8067853821695,19774.79922026116,90000.0,0.0,0.0,0.0,0.0,0.0,0.0,0.0,0.0,96.0,0.14402298868952365,0.03744597705927615,0.13836156148265633,0.3151445648693064,1.5534462459306253,0.7497271209585754,0.8974840143214895,0.6575885326865045,1.0256934225162078,1.0256934225162078,1.0256934225162078,0.0,0.0,0.0,0.0,0.0,0.8275686095043299,0.1061727452891746,0.0919520677227033,4.551247221149353,225.20077973884517,506.6274612109982,0.0,224.17508631632896,0.8275686095043299,13.791430877389656,0.0,0.0,-893.9271843472816,0.0,7.275957614183426e-12,0.0,0.0
intrinsic_limited,stationary,514.8492525564445,514.8492525564445,19772.124789891346,90000.0,0.0,0.0,0.0,0.0,0.0,0.0,0.0,0.0,97.0,0.1457333711107089,0.03789067648878431,0.1459909856255545,0.314875172114524,1.5839639425022178,0.7471668622998322,0.8966916826897765,0.6553879044430653,1.0378743112434854,1.0378743112434854,1.0378743112434854,0.0,0.0,0.0,0.0,0.0,0.8385521713684048,0.10614967638970219,0.09317246348537829,4.551862834995519,227.8752101086584,505.61513647295595,0.0,226.8373357974149,0.8385521713684048,13.974471935854465,0.0,0.0,-893.7441432888169,0.0,3.637978807091713e-12,0.0,2.220446049250313e-16
intrinsic_limited,stationary,520.9705534695994,520.9705534695994,19769.41546725992,90000.0,0.0,0.0,0.0,0.0,0.0,0.0,0.0,0.0,98.0,0.14746606823171582,0.03834117774024611,0.15365106763421302,0.31460440370682485,1.614604270536852,0.7445821157270155,0.8958953050200732,0.6531822177722567,1.050214119328296,1.050214119328296,1.050214119328296,0.0,0.0,0.0,0.0,0.0,0.8496790295045554,0.1061263087676789,0.09440878105606168,4.552486650353864,230.58453274008352,504.5896043244706,0.0,229.53431862075522,0.8496790295045554,14.159901026693415,0.0,0.0,-893.5587141979779,0.0,3.637978807091713e-12,0.0,-2.220446049250313e-16
intrinsic_limited,stationary,527.1693955468218,527.1693955468218,19766.671824467856,90000.0,0.0,0.0,0.0,0.0,0.0,0.0,0.0,0.0,99.0,0.14922071417596236,0.03879738568575022,0.16133816729769657,0.3143323638654902,1.6453526691907863,0.7419737392021422,0.8950951878396771,0.6509723972714557,1.062710241094927,1.062710241094927,1.062710241094927,0.0,0.0,0.0,0.0,0.0,0.8609468342852722,0.10610264744462451,0.09566075936503023,4.55311854212073,233.32817553215028,503.55108131706316,0.0,232.26546529105536,0.8609468342852722,14.34767899336406,0.0,0.0,-893.3709362313073,0.0,7.275957614183426e-12,0.0,0.0
intrinsic_limited,stationary,533.444425457306,533.444425457306,19763.894460507065,90000.0,0.0,0.0,0.0,0.0,0.0,0.0,0.0,0.0,100.0,0.15099692586925823,0.03925920072600714,0.16904863733356518,0.314059156466761,1.6761945493342607,0.7393426105472535,0.8942916366669442,0.6487593552459109,1.075359948390874,1.075359948390874,1.075359948390874,0.0,0.0,0.0,0.0,0.0,0.8723531256459633,0.10607869767313693,0.09692812507177369,4.553758378938993,236.10553949293984,502.4997941810102,0.0,235.03017954454896,0.8723531256459633,14.537764838889979,0.0,0.0,-893.1808503857814,0.0,3.637978807091713e-12,0.0,0.0
intrinsic_limited,stationary,539.7942317535509,539.7942317535509,19761.08400009225,90000.0,0.0,0.0,0.0,0.0,0.0,0.0,0.0,0.0,101.0,0.15279430378688533,0.03972651898459019,0.17677883132875724,0.3137848848148376,1.707115325315029,0.7366896256570756,0.8934849553377576,0.646543989849551,1.088160395907348,1.088160395907348,1.088160395907348,0.0,0.0,0.0,0.0,0.0,0.8838953378826339,0.10605446492664375,0.09821059309807041,4.554406023453969,238.9159999077531,501.4359793831688,0.0,237.82783951184575,0.8838953378826339,14.730115805814092,0.0,0.0,-892.9884994188571,0.0,3.637978807091713e-12,0.0,0.0
intrinsic_limited,stationary,546.2173476338922,546.2173476338922,19758.24109243818,90000.0,0.0,0.0,0.0,0.0,0.0,0.0,0.0,0.0,102.0,0.15461243273556094,0.040199232511245846,0.18452511155265258,0.3135096514204885,1.7381004462106104,0.7340156966818661,0.8926754453543779,0.6443271833290789,1.1011086267482106,1.1011086267482106,1.1011086267482106,0.0,0.0,0.0,0.0,0.0,0.8955708046735716,0.10602995488868652,0.09950786718595238,4.555061332582107,241.75890756182332,500.3598826641558,0.0,240.6577989350751,0.8955708046735716,14.924687459885071,0.0,0.0,-892.7939277647862,0.0,3.637978807091713e-12,0.0,0.0
intrinsic_limited,stationary,552.7122538151606,552.7122538151606,19755.36640998823,90000.0,0.0,0.0,0.0,0.0,0.0,0.0,0.0,0.0,103.0,0.156450882666573,0.04067722949330898,0.19228385660716743,0.31323355778822515,1.7691354264286696,0.7313217501888448,0.8918634052594858,0.6421098003776025,1.1142015782209058,1.1142015782209058,1.1142015782209058,0.0,0.0,0.0,0.0,0.0,0.9073767643012051,0.10600517344178909,0.10081964047791166,4.55572415779119,244.6335900117707,499.271758557077,0.0,243.5193884335498,0.9073767643012051,15.12143377707958,0.0,0.0,-892.5971814475918,0.0,0.0,0.0,0.0
intrinsic_limited,stationary,559.2773815020246,559.2773815020246,19752.46064710015,90000.0,0.0,0.0,0.0,0.0,0.0,0.0,0.0,0.0,104.0,0.15830920951628336,0.041160394474233676,0.20005146888064645,0.31295670421290495,1.8002058755225858,0.7286087253105472,0.8910491300379558,0.6398926866030045,1.1274360878223013,1.1274360878223013,1.1274360878223013,0.0,0.0,0.0,0.0,0.0,0.9193103650497065,0.10598012665596067,0.10214559611663403,4.556394345390728,247.53935289985083,498.17186989005825,0.0,246.41191681202852,0.9193103650497065,15.32030723355336,0.0,0.0,-892.3983079911179,0.0,0.0,0.0,2.220446049250313e-16
intrinsic_limited,stationary,565.9111154393787,565.9111154393787,19749.524518695045,90000.0,0.0,0.0,0.0,0.0,0.0,0.0,0.0,0.0,105.0,0.16018695607013728,0.04164860857823569,0.20782438177449514,0.3126791895865342,1.8312975270979805,0.7258775718883075,0.89023291054863,0.6376766671152811,1.1408088993919347,1.1408088993919347,1.1408088993919347,0.0,0.0,0.0,0.0,0.0,0.9313686707535428,0.10595482077688721,0.10348540786150473,4.5570717368312,250.47548130495866,497.0604872748637,0.0,249.33467240556672,0.9313686707535428,15.52125889810779,0.0,0.0,-892.1973563265635,0.0,3.637978807091713e-12,0.0,2.220446049250313e-16
intrinsic_limited,stationary,572.6117970340189,572.6117970340189,19746.558758875704,90000.0,0.0,0.0,0.0,0.0,0.0,0.0,0.0,0.0,106.0,0.162083652846286,0.042141749740034366,0.21559906667384238,0.3124011112159426,1.8623962666953695,0.7231292486188929,0.8894150329880666,0.6354625452360331,1.1543166694049378,1.1543166694049378,1.1543166694049378,0.0,0.0,0.0,0.0,0.0,0.9435486664719651,0.10592926221386546,0.10483874071910722,4.5577561690108,253.44124112430003,495.9378885839056,0.0,252.2869244548951,0.9435486664719651,15.724238526755299,0.0,0.0,-891.994376697916,0.0,3.637978807091713e-12,0.0,0.0
intrinsic_limited,stationary,579.3777275318512,579.3777275318512,19743.564119520364,90000.0,0.0,0.0,0.0,0.0,0.0,0.0,0.0,0.0,107.0,0.16399881899492824,0.04263969293868134,0.22337203963603722,0.3121225646519024,1.893488158544149,0.7203647212120704,0.8885957783879483,0.6332511013323264,1.167955973376908,1.167955973376908,1.167955973376908,0.0,0.0,0.0,0.0,0.0,0.9558472642644406,0.10590345752752964,0.10620525158493781,4.558447474588311,256.4358804796424,494.8043584179513,0.0,255.26792450626547,0.9558472642644406,15.929194658966901,0.0,0.0,-891.7894205657044,0.0,7.275957614183426e-12,0.0,0.0
intrinsic_limited,stationary,586.2071712369707,586.2071712369707,19740.54136885791,90000.0,0.0,0.0,0.0,0.0,0.0,0.0,0.0,0.0,108.0,0.16593196320950349,0.04314231043447091,0.2311398677734348,0.31184364353016114,1.924559471093739,0.7175849605665872,0.8877754221475328,0.6310430917761349,1.1817233123531843,1.1817233123531843,1.1817233123531843,0.0,0.0,0.0,0.0,0.0,0.9682613090421824,0.10587741341742608,0.10758458989357579,4.55914548230077,259.4586311420972,493.66018756681405,0.0,258.276907829744,0.9682613090421824,16.13607471518797,0.0,0.0,-891.5825405094834,0.0,7.275957614183426e-12,0.0,-2.220446049250313e-16
intrinsic_limited,stationary,593.0983587591413,593.0983587591413,19737.49129003053,90000.0,0.0,0.0,0.0,0.0,0.0,0.0,0.0,0.0,109.0,0.1678825846459246,0.04364947200794039,0.23889917530966093,0.31156443942475914,1.9555967012386437,0.71479094097171,0.8869542336022328,0.6288392480296734,1.1956151194553777,1.1956151194553777,1.1956151194553777,0.0,0.0,0.0,0.0,0.0,0.9807875844713011,0.10585113670948765,0.10897639827458898,4.559850017284582,262.5087099694733,492.5056724652872,0.0,261.3130948500179,0.9807875844713011,16.344825095214233,0.0,0.0,-891.3737901294571,0.0,3.637978807091713e-12,0.0,0.0
intrinsic_limited,stationary,600.0494902764824,600.0494902764824,19734.414679649646,90000.0,0.0,0.0,0.0,0.0,0.0,0.0,0.0,0.0,110.0,0.1698501738461147,0.044161045199989826,0.2466466492913538,0.3112850417139009,1.9865865971654153,0.7119836383410847,0.8861324756291205,0.6266402758560068,1.2096277664585553,1.2096277664585553,1.2096277664585553,0.0,0.0,0.0,0.0,0.0,0.9934228189035886,0.10582463434345682,0.11038031321150983,4.560560901398764,265.5853203503602,491.3411146465294,0.0,264.37569258390164,0.9934228189035886,16.555391277028303,0.0,0.0,-891.163223947643,0.0,7.275957614183426e-12,0.0,0.0
intrinsic_limited,stationary,607.0587388005328,607.0587388005328,19731.31234635074,90000.0,0.0,0.0,0.0,0.0,0.0,0.0,0.0,0.0,111.0,0.17183421366221724,0.044676895552176486,0.2543790449402113,0.3110055374585516,2.017516179760845,0.7091640284852563,0.8853104042898576,0.624446854653499,1.223757570373218,1.223757570373218,1.223757570373218,0.0,0.0,0.0,0.0,0.0,1.0061636913116185,0.10579791336030857,0.11179596570129091,4.56127795354906,268.6876536492643,490.16682019505265,0.0,267.4638960788911,1.0061636913116185,16.767717915708122,0.0,0.0,-890.9508973089631,0.0,3.637978807091713e-12,0.0,0.0
intrinsic_limited,stationary,614.1242534312979,614.1242534312979,19728.185109352693,90000.0,0.0,0.0,0.0,0.0,0.0,0.0,0.0,0.0,112.0,0.17383418017797042,0.04519688684627231,0.2620931906330119,0.31072601129383703,2.048372762532048,0.7063330854287463,0.8844882685112855,0.6222596369118704,1.2380008000070848,1.2380008000070848,1.2380008000070848,0.0,0.0,0.0,0.0,0.0,1.0190068372056293,0.10577098088971888,0.11322298191173656,4.562000990011646,271.8148906473114,488.9830992013875,0.0,270.57688984730436,1.0190068372056293,16.98174894203181,0.0,0.0,-890.7368662826395,0.0,3.637978807091713e-12,0.0,0.0
intrinsic_limited,stationary,621.2441625903941,621.2441625903941,19725.033797026746,90000.0,0.0,0.0,0.0,0.0,0.0,0.0,0.0,0.0,113.0,0.1758495436238819,0.045720881342209294,0.26978599250008206,0.3104465453332339,2.0791439700003282,0.7034917797771064,0.8836663098036291,0.6200792477869136,1.2523536824827237,1.2523536824827237,1.246547615741217,0.005806066741506688,0.0,0.0,0.0,0.0,1.0319488545105857,0.10574384413762852,0.11466098383450948,4.562729824755289,274.9662029732543,487.7902652204182,0.0,273.7138492907716,1.0319488545105857,17.19742766041891,0.0,0.0,-890.5211875642524,0.0,0.0,0.0,0.0
intrinsic_limited,stationary,628.4165772209645,628.4165772209645,19721.859245480227,90000.0,0.0,0.0,0.0,0.0,0.0,0.0,0.0,0.0,114.0,0.1778797692829979,0.046248740013579454,0.27745443863543273,0.3101672190854524,2.109817754541731,0.7006410771388775,0.8828447620160366,0.6179062847902707,1.2668124096881979,1.2668124096881979,1.2462253323659316,0.02058707732226642,0.0,0.0,0.0,0.0,1.0449863093828333,0.10571651037393871,0.11610958993142591,4.563464269760764,278.1407545197742,486.5886347352857,0.0,276.873942110086,1.0449863093828333,17.414696845864917,0.0,0.0,-890.3039183788064,0.0,0.0,0.0,-2.220446049250313e-16
intrinsic_limited,stationary,635.6395939436663,635.6395939436663,19718.662297159666,90000.0,0.0,0.0,0.0,0.0,0.0,0.0,0.0,0.0,115.0,0.1799243183842379,0.04678032277990185,0.2850956029144636,0.3098881093838328,2.1403824116578543,0.6977819366068775,0.8820238511289201,0.6157413175900734,1.281373144639158,1.281373144639158,1.245900812444521,0.035472332194636934,0.0,0.0,0.0,0.0,1.0581157419468938,0.10568898692038706,0.11756841577187706,4.564204135336496,281.3377028403383,485.3785266286478,0.0,280.05632969569916,1.0581157419468938,17.633498839544984,0.0,0.0,-890.0851163851263,0.0,3.637978807091713e-12,0.0,2.220446049250313e-16
intrinsic_limited,stationary,642.9112981586851,642.9112981586851,19715.443799477835,90000.0,0.0,0.0,0.0,0.0,0.0,0.0,0.0,0.0,116.0,0.1819826489804515,0.047315488734917394,0.2927066484176963,0.30960929032800405,2.1708265936707853,0.6949153093027285,0.8812037950823649,0.6135848879177612,1.29603202773213,1.29603202773213,1.245574142776415,0.05045788495571498,0.0,0.0,0.0,0.0,1.0713336719341444,0.10566128113863624,0.11903707465934936,4.564949230429378,284.55620052216943,484.1602616629847,0.0,283.2601684944373,1.0713336719341444,17.853775642782516,0.0,0.0,-889.8648395818888,0.0,3.637978807091713e-12,0.0,0.0
intrinsic_limited,stationary,650.2297670844349,650.2297670844349,19712.20460346881,90000.0,0.0,0.0,0.0,0.0,0.0,0.0,0.0,0.0,117.0,0.18405421680855388,0.04785409637022401,0.30028483046144777,0.3093308332374852,2.2011393218457913,0.6920421369880152,0.8803848036396624,0.6114375095759264,1.3107851828701707,1.3107851828701707,1.2452454104942936,0.065539772375877,0.0,0.0,0.0,0.0,1.0846366042064002,0.10563340041861492,0.12051517824515554,4.56569936292983,287.7953965311917,482.9341619715092,0.0,286.48461134832155,1.0846366042064002,18.07546900909966,0.0,0.0,-889.6431462155716,0.0,0.0,0.0,0.0
intrinsic_limited,stationary,657.5930727243259,657.5930727243259,19708.945562474863,90000.0,0.0,0.0,0.0,0.0,0.0,0.0,0.0,0.0,118.0,0.18613847612929973,0.048396003793617935,0.3078274992386627,0.30905280661684914,2.231309996954651,0.689163350744955,0.8795670782848505,0.6092996685416888,1.325628723443514,1.325628723443514,1.2449147029299639,0.08071402051355005,0.0,0.0,0.0,0.0,1.0980210341487346,0.1056053521671423,0.12200233712763714,4.566454339970212,291.0544375251387,481.70055056113006,0.0,289.7288088016952,1.0980210341487346,18.298520534088663,0.0,0.0,-889.4200946905826,0.0,0.0,0.0,0.0
intrinsic_limited,stationary,664.9992847537302,664.9992847537302,19705.667530868657,90000.0,0.0,0.0,0.0,0.0,0.0,0.0,0.0,0.0,119.0,0.1882348805444687,0.04894106894156187,0.31533210207527324,0.3087752761320149,2.261328408301093,0.6862798697289527,0.878750812152985,0.6071718231597966,1.3405587581493494,1.3405587581493494,1.2445821074839272,0.09597665066542238,0.0,0.0,0.0,0.0,1.111483452917235,0.10557714379686602,0.12349816143524832,4.567213968215806,294.33246913134127,480.4597508287838,0.0,292.9919103731919,1.111483452917235,18.52287174286572,0.0,0.0,-889.1957434818056,0.0,0.0,0.0,0.0
intrinsic_limited,stationary,672.4464733200341,672.4464733200341,19702.371362813952,90000.0,0.0,0.0,0.0,0.0,0.0,0.0,0.0,0.0,120.0,0.19034288378944886,0.0494891497852567,0.3227961853094509,0.30849830459718774,2.291184741237804,0.6833925999949122,0.8779361899917287,0.6050544044194257,1.3555713966363903,1.3555713966363903,1.2442477114989758,0.11132368513741431,0.0,0.0,0.0,0.0,1.1250203525287643,0.105548782715541,0.1250022613920849,4.567978054147586,297.62863718604626,479.212086092328,0.0,296.2730657894099,1.1250203525287643,18.748464174891858,0.0,0.0,-888.9701510497795,0.0,0.0,0.0,0.0
intrinsic_limited,stationary,679.9327117494316,679.9327117494316,19699.057911067543,90000.0,0.0,0.0,0.0,0.0,0.0,0.0,0.0,0.0,121.0,0.1924619404994225,0.05004010452984985,0.33021739580292836,0.3082219519719268,2.3208695832117137,0.6805024333987011,0.877123388152726,0.6029478163084855,1.370662754961444,1.370662754961444,1.243911602138079,0.1267511528233651,0.0,0.0,0.0,0.0,1.138628230781194,0.10552027631567305,0.12651424786457707,4.568746404336179,300.94208893245906,477.9578791370589,0.0,299.5714261774976,1.138628230781194,18.975239465968595,0.0,0.0,-888.7433757587027,0.0,0.0,0.0,0.0
intrinsic_limited,stationary,687.4560791548741,687.4560791548741,19695.728025824967,90000.0,0.0,0.0,0.0,0.0,0.0,0.0,0.0,0.0,122.0,0.194591506947573,0.05059379180636898,0.3375934820952048,0.30794627536778696,2.350373928380819,0.6776102465746945,0.8763125746111382,0.600852436239151,1.3858289608467276,1.3858289608467276,1.2435738662668274,0.14225509457990013,0.0,0.0,0.0,0.0,1.1523035959939611,0.10549163196454843,0.12803373288821787,4.569518825706383,304.2719741750367,476.69745177878804,0.0,302.88614521419,1.1523035959939611,19.20313942723936,0.0,0.0,-888.5154757974319,0.0,3.637978807091713e-12,0.0,0.0
intrinsic_limited,stationary,695.0146629403512,695.0146629403512,19692.382553612104,90000.0,0.0,0.0,0.0,0.0,0.0,0.0,0.0,0.0,123.0,0.1967310417539473,0.0511500708560263,0.34492229521291307,0.30767132906395556,2.3796891808516523,0.6747168999898834,0.875503909011634,0.5987686155382902,1.401066158728195,1.401066158728195,1.24323459034064,0.157831568387555,0.0,0.0,0.0,0.0,1.1660429715601746,0.10546285699466768,0.1295603301733527,4.5702951257917555,307.617446387897,475.43112444428823,0.0,306.2163802291688,1.1660429715601746,19.432106121050307,0.0,0.0,-888.286509103621,0.0,0.0,0.0,0.0
intrinsic_limited,stationary,702.6065611974174,702.6065611974174,19689.022336224465,90000.0,0.0,0.0,0.0,0.0,0.0,0.0,0.0,0.0,124.0,0.1988800065638175,0.05170880170659255,0.35220178914789085,0.3073971645312851,2.408807156591563,0.6718232370746123,0.874697542739074,0.5966966799964768,1.4163705145866496,1.4163705145866496,1.2428938602969177,0.17347665428973183,0.0,0.0,0.0,0.0,1.1798429003028452,0.10543395869459933,0.131093655589205,4.571075112978832,310.97766377553484,474.15921576979065,0.0,309.56129326094816,1.1798429003028452,19.662081933546915,0.0,0.0,-888.0565332911244,0.0,0.0,0.0,0.0
intrinsic_limited,stationary,710.229884990604,710.229884990604,19685.64820971564,90000.0,0.0,0.0,0.0,0.0,0.0,0.0,0.0,0.0,125.0,0.20103786669458998,0.052269845340593396,0.35943002101859456,0.3071238304641107,2.4377200840743782,0.668930083429616,0.8738936190120903,0.5946369304693483,1.4317382205548586,1.4317382205548586,1.242551761452288,0.18918645910257056,0.0,0.0,0.0,0.0,1.1936999486291355,0.10540494430026376,0.13263332762545946,4.571858596740618,314.3517902843585,472.8820422180991,0.0,312.92005206380367,1.1936999486291355,19.89300964390454,0.0,0.0,-887.8256055807667,0.0,0.0,0.0,-2.220446049250313e-16
intrinsic_limited,stationary,717.8827605290589,717.8827605290589,19682.26100343613,90000.0,0.0,0.0,0.0,0.0,0.0,0.0,0.0,0.0,126.0,0.2032040917505105,0.05283306385513273,0.3666051509304068,0.30685137281923064,2.466420603721627,0.6660382461086539,0.8730922729977372,0.5925896435251723,1.4471654992953191,1.4471654992953191,1.2422083784050626,0.2049571208902566,0.0,0.0,0.0,0.0,1.2076107104777916,0.10537582098666191,0.13417896783086572,4.572645387859037,317.7389965638697,471.59991771476405,0.0,316.2918310645744,1.2076107104777916,20.124832490112396,0.0,0.0,-887.5937827345589,0.0,0.0,0.0,-2.220446049250313e-16
intrinsic_limited,stationary,725.5633312224286,725.5633312224286,19678.86153912339,90000.0,0.0,0.0,0.0,0.0,0.0,0.0,0.0,0.0,127.0,0.20537815620460265,0.05339832061319669,0.37372544155112736,0.3065798348614311,2.494901766204509,0.6631485129757059,0.8722936319453856,0.590555072132641,1.4626486081446692,1.4626486081446692,1.241863794942982,0.22078481320168722,0.0,0.0,0.0,0.0,1.2215718110561582,0.10534659586004903,0.135730201228462,4.573435298636138,321.13846087660875,470.3131533036504,0.0,319.6758122684641,1.2215718110561582,20.357494231250875,0.0,0.0,-887.3611209934204,0.0,0.0,0.0,0.0
intrinsic_limited,stationary,733.2697596196425,733.2697596196425,19675.450630043728,90000.0,0.0,0.0,0.0,0.0,0.0,0.0,0.0,0.0,128.0,0.20755953994746076,0.053965480386339804,0.3807892574185071,0.30630925721493385,2.5231570296740284,0.6602616521353779,0.8714978153380408,0.5885334463830972,1.4781838430220449,1.4781838430220449,1.2415180939563206,0.23666574906572418,0.0,0.0,0.0,0.0,1.2355799103643306,0.10531727595056656,0.13728665670714782,4.574228143093868,324.5493699562717,469.02205682212315,0.0,323.0711861132496,1.2355799103643306,20.590939206221567,0.0,0.0,-887.1276760184497,0.0,0.0,0.0,0.0
intrinsic_limited,stationary,741.0002292298719,741.0002292298719,19672.029080186323,90000.0,0.0,0.0,0.0,0.0,0.0,0.0,0.0,0.0,129.0,0.209747728802691,0.05453440948869966,0.38779506399710095,0.3060396779201575,2.551180255988404,0.6573784114348832,0.8707049350592868,0.5865249742416169,1.4937675420999141,1.4937675420999141,1.2411713573563627,0.2525961847435514,0.0,0.0,0.0,0.0,1.2496317065051288,0.10528786820532669,0.1388479673894587,4.575023737162327,327.9709198136768,467.7269325959734,0.0,326.47715227157687,1.2496317065051288,20.82511238890797,0.0,0.0,-886.8935028357633,0.0,0.0,0.0,0.0
intrinsic_limited,stationary,748.7529462255064,748.7529462255064,19668.597683509488,90000.0,0.0,0.0,0.0,0.0,0.0,0.0,0.0,0.0,130.0,0.21194221500895624,0.05510497590232862,0.3947414265019734,0.3057711324951924,2.5789657060078937,0.6544995180357172,0.8699150955740953,0.5845298423216084,1.5093960892370737,1.5093960892370737,1.2408236659992593,0.2685724232378145,0.0,0.0,0.0,0.0,1.2637239387796069,0.10525837948195522,0.14041377097551183,4.575821898856452,331.4023164905118,466.42808115410963,0.0,329.8929204012747,1.2637239387796069,21.059959439762146,0.0,0.0,-886.6586557849091,0.0,0.0,0.0,-2.220446049250313e-16
intrinsic_limited,stationary,756.5261410275339,756.5261410275339,19665.157223238966,90000.0,0.0,0.0,0.0,0.0,0.0,0.0,0.0,0.0,131.0,0.21414249766873442,0.05567704939387095,0.4016270085069142,0.30550365400140506,2.606508034027657,0.6516256780529158,0.8691283941217797,0.5825482166778602,1.5250659171745848,1.5250659171745848,1.2404750996152503,0.28459081755933463,0.0,0.0,0.0,0.0,1.277853390568797,0.10522881654258824,0.14198371006319963,4.576622448441146,334.84277676103216,465.12579896295205,0.0,333.3177108438576,1.277853390568797,21.295426753829002,0.0,0.0,-886.4231884708423,0.0,0.0,0.0,0.0
intrinsic_limited,stationary,764.3180697742071,764.3180697742071,19661.7084712179,90000.0,0.0,0.0,0.0,0.0,0.0,0.0,0.0,0.0,132.0,0.21634808316403945,0.05625050162265026,0.4084505703548079,0.3052372731126075,2.6338022814192317,0.6487575762595947,0.8683449209194339,0.5805802436132445,1.5407735104964284,1.5407735104964284,1.2401257367431955,0.300647773753233,0.0,0.0,0.0,0.0,1.2920168920032986,0.10519918604831882,0.14355743244481092,4.577425208584896,338.29152878210107,463.82037818037827,0.0,336.75075527160465,1.2920168920032986,21.53146150523497,0.0,0.0,-886.1871537194363,0.0,0.0,0.0,0.0
intrinsic_limited,stationary,772.1270156743393,772.1270156743393,19658.252187307833,90000.0,0.0,0.0,0.0,0.0,0.0,0.0,0.0,0.0,133.0,0.21855848553948556,0.05682520624026625,0.41521096738767793,0.30497201818724634,2.6608438695507117,0.6458958758543015,0.867564759374254,0.5786260504945773,1.556515408357587,1.556515408357587,1.239775654670352,0.31673975368723506,0.0,0.0,0.0,0.0,1.3062113224231466,0.10516949455409076,0.1451345913803496,4.578230004502011,341.74781269216595,462.51210642899946,0.0,340.19129728380835,1.3062113224231466,21.768011688181737,0.0,0.0,-885.9506035364896,0.0,0.0,0.0,-2.220446049250313e-16
intrinsic_limited,stationary,779.9512902469929,779.9512902469929,19654.789118840046,90000.0,0.0,0.0,0.0,0.0,0.0,0.0,0.0,0.0,134.0,0.2207732268531939,0.05740103898183042,0.4219071480136797,0.3047079153430926,2.6876285920547187,0.643041218288571,0.8667879863032136,0.5766857465734406,1.572288206983108,1.572288206983108,1.239424929377328,0.33286327760578,0.0,0.0,0.0,0.0,1.320433612631171,0.10513974850402903,0.14671484584790787,4.579036664083602,345.21088115995167,461.20126658846993,0.0,343.63859295296857,1.320433612631171,22.005026154498466,0.0,0.0,-885.7135890701728,0.0,-3.637978807091713e-12,0.0,-2.220446049250313e-16
intrinsic_limited,stationary,787.7892344497059,787.7892344497059,19651.32000011618,90000.0,0.0,0.0,0.0,0.0,0.0,0.0,0.0,0.0,135.0,0.22299183749614856,0.05797787774899863,0.4285381516279877,0.304444988533936,2.714152606511951,0.6401942231519642,0.8660146721586353,0.5747594238080722,1.588088561942473,1.588088561942473,1.2390736354880838,0.34901492645438925,0.0,0.0,0.0,0.0,1.3346807469437467,0.10510995422719903,0.14829786077152737,4.579845018017513,348.67999988381996,459.8881366064685,0.0,347.0919113218775,1.3346807469437467,22.24245464781754,0.0,0.0,-885.4761605768538,0.0,0.0,0.0,0.0
intrinsic_limited,stationary,795.639219697741,795.639219697741,19647.845551957103,90000.0,0.0,0.0,0.0,0.0,0.0,0.0,0.0,0.0,136.0,0.22521385648070577,0.058555602684983506,0.43510310640409744,0.30418325962781667,2.7404124256163898,0.6373554881117791,0.8652448812582844,0.5728471576827389,1.603913190204282,1.603913190204282,1.2387218462248935,0.36519134397938874,0.0,0.0,0.0,0.0,1.3489497650434452,0.10508011793378759,0.14988330722704943,4.580654899897418,352.15444804289496,458.57298932793896,0.0,350.55053485269065,1.3489497650434452,22.480247834449013,0.0,0.0,-885.2383673902223,0.0,0.0,0.0,-2.220446049250313e-16
intrinsic_limited,stationary,803.4996487771466,803.4996487771466,19644.366481298806,90000.0,0.0,0.0,0.0,0.0,0.0,0.0,0.0,0.0,137.0,0.22743883169904472,0.05913409624175163,0.4416012269715629,0.30392274848635437,2.7664049078862516,0.6345255889045612,0.8644786720186893,0.5709490080213208,1.619758871976874,1.619758871976874,1.238369633368115,0.3813892386087592,0.0,0.0,0.0,0.0,1.3632377636386657,0.10505024571168996,0.15147086262651838,4.581466146321333,355.633518701189,457.2560923421207,0.0,354.0137598292121,1.3632377636386657,22.718357331038362,0.0,0.0,-885.0002578936329,0.0,-3.637978807091713e-12,0.0,0.0
intrinsic_limited,stationary,811.3689566546813,811.3689566546813,19640.883480833916,90000.0,0.0,0.0,0.0,0.0,0.0,0.0,0.0,0.0,138.0,0.22966632015242544,0.05971324323963061,0.44803181199563424,0.30366347304476327,2.792127247982537,0.6317050793764923,0.8637160971904803,0.569065019792128,1.6356224523410388,1.6356224523410388,1.2380170672206414,0.3976053851203973,0.0,0.0,0.0,0.0,1.3775418979357896,0.10502034352349483,0.15306021088175437,4.582278596979832,359.11651916608014,455.9377078468579,0.0,357.4808967137391,1.3775418979357896,22.956735729099933,0.0,0.0,-884.7618794955714,0.0,-3.637978807091713e-12,0.0,-2.220446049250313e-16
intrinsic_limited,stationary,819.245611187887,819.245611187887,19637.397228697406,90000.0,0.0,0.0,0.0,0.0,0.0,0.0,0.0,0.0,139.0,0.23189588815218218,0.06029293091956737,0.4543942416736384,0.30340544939217157,2.8175769666945536,0.6288944915697212,0.8629572040946223,0.5671952239012724,1.6515008426814375,1.6515008426814375,1.2376642165768659,0.4138366261045716,0.0,0.0,0.0,0.0,1.3918593829298256,0.10499041720385352,0.15465104254775836,4.583092094734283,362.6027713025942,454.6180925296373,0.0,360.95127045991273,1.3918593829298256,23.19533661652554,0.0,0.0,-884.5232786081458,0.0,0.0,0.0,0.0
intrinsic_limited,stationary,827.128113738785,827.128113738785,19633.90838819497,90000.0,0.0,0.0,0.0,0.0,0.0,0.0,0.0,0.0,140.0,0.2341271114934362,0.06087304898829342,0.4606879751622863,0.30314869185189236,2.8427519006491453,0.6260943358516895,0.862202034858507,0.5653396379722048,1.6673910219237418,1.6673910219237418,1.2373111486960164,0.43007987322772534,0.0,0.0,0.0,0.0,1.4061874945198733,0.10496047245721592,0.15624305494665255,4.583906485685405,366.09161180503037,453.29749746477256,0.0,364.42422078310665,1.4061874945198733,23.43411459617369,0.0,0.0,-884.2845006284977,0.0,0.0,0.0,0.0
intrinsic_limited,stationary,835.0149996948323,835.0149996948323,19630.41760757246,90000.0,0.0,0.0,0.0,0.0,0.0,0.0,0.0,0.0,141.0,0.23635957560255808,0.061453489656665104,0.4669125479493969,0.30289321306132255,2.867650191797588,0.6233051010845228,0.8614506266509487,0.5634982671093021,1.6832900375848185,1.6832900375848185,1.2369579292796802,0.44633210830513836,0.0,0.0,0.0,0.0,1.4205235704560026,0.10493051485592671,0.15783595227288916,4.584721619232511,369.58239242753945,451.9761680261262,0.0,367.89910238995463,1.4205235704560026,23.673025301649282,0.0,0.0,-884.045589923022,0.0,0.0,0.0,0.0
intrinsic_limited,stationary,842.9048389009029,842.9048389009029,19626.92551982468,90000.0,0.0,0.0,0.0,0.0,0.0,0.0,0.0,0.0,142.0,0.23859287565944423,0.0620341476714555,0.47306756918279885,0.3026390240511756,2.892270276731195,0.6205272548315859,0.8607030119152224,0.5616711046436657,1.699195006643552,1.699195006643552,1.2366046224533498,0.46259038419020215,0.0,0.0,0.0,0.0,1.4348650111244041,0.1049005498386585,0.1594294456804893,4.58553734812379,373.074480175321,450.6543438147372,0.0,371.37528516867746,1.4348650111244041,23.912025410388193,0.0,0.0,-883.8065898142831,0.0,0.0,0.0,0.0
intrinsic_limited,stationary,850.7962360061626,850.7962360061626,19623.43274254185,90000.0,0.0,0.0,0.0,0.0,0.0,0.0,0.0,0.0,143.0,0.2408266166957036,0.06261492034088294,0.47915271896843853,0.30238613432378014,2.9166108758737543,0.6177612435983424,0.8599592185993534,0.5598581328595278,1.715103116240103,1.715103116240103,1.2362512907518135,0.4788518254882894,0.0,0.0,0.0,0.0,1.449209280177837,0.10487058270917328,0.16102325335309295,4.586353528498,376.5672574581525,449.3322586007075,0.0,374.85215434191235,1.449209280177837,24.151072654163652,0.0,0.0,-883.5675425705076,0.0,0.0,0.0,-2.220446049250313e-16
intrinsic_limited,stationary,858.6878307297706,858.6878307297706,19619.939877792014,90000.0,0.0,0.0,0.0,0.0,0.0,0.0,0.0,0.0,144.0,0.24306041366986697,0.06319570755416541,0.48516774564896176,0.30213455193020733,2.9406709825958472,0.6150074931047167,0.8592192703829628,0.5580593236999308,1.7310116242115297,1.7310116242115297,1.2358979951082014,0.49511362910332823,0.0,0.0,0.0,0.0,1.4635539050185224,0.10484061863539362,0.16261710055761355,4.5871700199179415,380.0601222079899,448.0101402786878,0.0,378.32911058377834,1.4635539050185224,24.390125827133676,0.0,0.0,-883.3284893975376,0.0,3.637978807091713e-12,0.0,0.0
intrinsic_limited,stationary,866.5782980493907,866.5782980493907,19616.447512037597,90000.0,0.0,0.0,0.0,0.0,0.0,0.0,0.0,0.0,145.0,0.24529389152074732,0.06377641179539431,0.49111246307328665,0.3018842835460118,2.9644498522931464,0.6122664085862216,0.8584831869000348,0.5562746394505397,1.7469178594718056,1.7469178594718056,1.23554479484652,0.5113730646252858,0.0,0.0,0.0,0.0,1.4778964771407332,0.10481066264876873,0.16421071968230366,4.587986685396102,383.5524879624042,446.68821083629524,0.0,381.8055701029324,1.4778964771407332,24.629144791550317,0.0,0.0,-883.0894704331209,0.0,0.0,0.0,-2.220446049250313e-16
intrinsic_limited,stationary,874.4663483165195,874.4663483165195,19612.956216084378,90000.0,0.0,0.0,0.0,0.0,0.0,0.0,0.0,0.0,146.0,0.24752668520008433,0.06435693815202193,0.4969867478669259,0.3016353345454012,2.9879469914677035,0.609538375121191,0.8577509839570624,0.55450403340069,1.7628192222443053,1.7628192222443053,1.2351917476774719,0.5276274745668333,0.0,0.0,0.0,0.0,1.4922346523403462,0.10478071964392056,0.16580385026003844,4.588803391412863,387.04378391562614,445.3666863347919,0.0,385.2809646933818,1.4922346523403462,24.86809048125187,0.0,0.0,-882.8505247434194,0.0,3.637978807091713e-12,0.0,0.0
intrinsic_limited,stationary,882.3507273026314,882.3507273026314,19609.466545061034,90000.0,0.0,0.0,0.0,0.0,0.0,0.0,0.0,0.0,147.0,0.24975843968560638,0.06493719431825766,0.5027905367120743,0.30138770907366885,3.011162146848297,0.6068237579815416,0.8570226737460849,0.5527474504809498,1.7787131841548285,1.7787131841548285,1.2348389096973982,0.5438742744574302,0.0,0.0,0.0,0.0,1.5065661507986474,0.10475079437855363,0.16739623897762743,4.58962000792765,390.5334549389701,444.04577690135363,0.0,388.7547417548153,1.5065661507986474,25.106924903059458,0.0,0.0,-882.6116903216118,0.0,3.637978807091713e-12,0.0,0.0
intrinsic_limited,stationary,890.2302161801266,890.2302161801266,19605.979038427602,90000.0,0.0,0.0,0.0,0.0,0.0,0.0,0.0,0.0,148.0,0.25198880997563766,0.0655170905936658,0.5085238236457335,0.3011414101177516,3.034095294582934,0.6041229030045783,0.8562982650522106,0.5510048278766698,1.7945972881931935,1.7945972881931935,1.2344863353901436,0.5601109528030499,0.0,0.0,0.0,0.0,1.5208887570476222,0.10472089147361326,0.16898763967195798,4.590436408383408,394.02096157240203,442.72568673226243,0.0,392.22636428420884,1.5208887570476222,25.345611136198624,0.0,0.0,-882.3730040884727,0.0,3.637978807091713e-12,0.0,0.0
intrinsic_limited,stationary,898.1036314420286,898.1036314420286,19602.49422001101,90000.0,0.0,0.0,0.0,0.0,0.0,0.0,0.0,0.0,149.0,0.2542174610663677,0.06609653987725561,0.514186657383437,0.30089643957479295,3.056746629533748,0.6014361369834546,0.8555777634552735,0.5492760956171608,1.8104691485513564,1.8104691485513564,1.2341340776316756,0.5763350709196808,0.0,0.0,0.0,0.0,1.5352003198239113,0.10469101541367731,0.17057781331376787,4.59125246970482,397.50577998899655,441.4066141063597,0.0,395.6953108404452,1.5352003198239113,25.58411332986548,0.0,0.0,-882.1345018948058,0.0,7.275957614183426e-12,0.0,0.0
intrinsic_limited,stationary,905.9698247643213,905.9698247643213,19599.012598065998,90000.0,0.0,0.0,0.0,0.0,0.0,0.0,0.0,0.0,150.0,0.2564440679128846,0.06667545765735,0.5197791386754319,0.3006527983186138,3.0791165547017276,0.5987637680740006,0.8548611715253348,0.547561177140288,1.8263264503458998,1.8263264503458998,1.2337821876972739,0.5925442626486259,0.0,0.0,0.0,0.0,1.5494987518185006,0.10466117054756578,0.17216652797983337,4.592068072290594,400.9874019340071,440.0887514081094,0.0,399.1610754836612,1.5494987518185006,25.82239669905531,0.0,0.0,-881.896218525616,0.0,3.637978807091713e-12,0.0,0.0
intrinsic_limited,stationary,913.8276828147506,913.8276828147506,19595.534665359766,90000.0,0.0,0.0,0.0,0.0,0.0,0.0,0.0,0.0,151.0,0.25866831537505397,0.06725376199751404,0.5253014177014981,0.30041048626401257,3.1012056708059923,0.596106086215735,0.8541484890118017,0.5458599898324231,1.8421669492325992,1.8421669492325992,1.2334307152711212,0.6087362339614779,0.0,0.0,0.0,0.0,1.5637820293291003,0.10463136108915463,0.17375355881434443,4.592883100000254,404.4653346402399,438.7722851596307,0.0,402.6231676910073,1.5637820293291003,26.060427518769455,0.0,0.0,-881.6581877059018,0.0,7.275957614183426e-12,0.0,-2.220446049250313e-16
intrinsic_limited,stationary,921.6761270118309,921.6761270118309,19592.06089927862,90000.0,0.0,0.0,0.0,0.0,0.0,0.0,0.0,0.0,152.0,0.2608898981493038,0.06783137351881899,0.5307536915099387,0.30016950242883234,3.1230147660397547,0.5934633635649845,0.8534397130259775,0.5441724455438078,1.8579884709206096,1.8579884709206096,1.2330797084581169,0.6249087624624927,0.0,0.0,0.0,0.0,1.5780481918220095,0.10460159111837683,0.17533868798022323,4.593697440135754,407.9391007213894,437.45739606107287,0.0,406.08111225046883,1.5780481918220095,26.298173116713787,0.0,0.0,-881.4204421079576,0.0,7.275957614183426e-12,0.0,0.0
intrinsic_limited,stationary,929.5141132377079,929.5141132377079,19588.59176195506,90000.0,0.0,0.0,0.0,0.0,0.0,0.0,0.0,0.0,153.0,0.26310852068734686,0.06840821537871018,0.5361362015056483,0.29992984499375075,3.1445448060225933,0.5908358549381416,0.852734838216914,0.5424984510795062,1.8737889105936305,1.8737889105936305,1.2327292137977566,0.6410596967958738,0.0,0.0,0.0,0.0,1.5922953414101073,0.10457186458240007,0.176921704601123,4.594510983418313,411.40823804494937,436.1442590387205,0.0,409.5344491343557,1.5922953414101073,26.535601864599435,0.0,0.0,-881.1830133600719,0.0,1.0913936421275139e-11,0.0,0.0
intrinsic_limited,stationary,937.3406315084251,937.3406315084251,19585.127700413737,90000.0,0.0,0.0,0.0,0.0,0.0,0.0,0.0,0.0,154.0,0.26532389710284654,0.0689842132467401,0.5414492309915709,0.29969151135976285,3.1657969239662838,0.5882237982632019,0.8520338569404791,0.5408379086662247,1.8895662322452038,1.8895662322452038,1.2323792762799095,0.6571869559652944,0.0,0.0,0.0,0.0,1.606521642253415,0.10454218529696505,0.17850240469482384,4.595323623960785,414.8722995862709,434.83304330023594,0.0,412.9827333540257,1.606521642253415,26.772683168153158,0.0,0.0,-880.9459320565181,0.0,7.275957614183426e-12,0.0,0.0
intrinsic_limited,stationary,945.1547056050331,945.1547056050331,19581.66914673472,90000.0,0.0,0.0,0.0,0.0,0.0,0.0,0.0,0.0,155.0,0.26753575106699834,0.06955929527741957,0.5466931027672969,0.29945449820333997,3.1867724110691875,0.5856274150378298,0.8513367594215882,0.5391907163953548,1.9053184679350739,1.9053184679350739,1.2320299393623435,0.6732885285727304,0.0,0.0,0.0,0.0,1.6207253198884828,0.10451255694787086,0.18008059109872027,4.596135259235941,418.3308532652897,433.52391239646073,0.0,416.42553479735466,1.6207253198884828,27.009387455941564,0.0,0.0,-880.7092277687298,0.0,7.275957614183426e-12,0.0,0.0
intrinsic_limited,stationary,952.9553926688654,952.9553926688654,19578.216518232617,90000.0,0.0,0.0,0.0,0.0,0.0,0.0,0.0,0.0,156.0,0.2697438156939686,0.07013339208043184,0.5518681767880148,0.2992188015292616,3.2074727071520592,0.5830469107923065,0.850643533909593,0.537556768642694,1.9210437169733123,1.9210437169733123,1.231681244989834,0.6893624719834783,0.0,0.0,0.0,0.0,1.6349046604926443,0.10448298309259657,0.18165607338807152,4.596945790040969,421.7834817673925,432.21702428922157,0.0,419.8624380504192,1.6349046604926443,27.245686167109916,0.0,0.0,-880.4729290575614,0.0,1.0913936421275139e-11,0.0,0.0
intrinsic_limited,stationary,960.7417827641813,960.7417827641813,19574.77021765017,90000.0,0.0,0.0,0.0,0.0,0.0,0.0,0.0,0.0,157.0,0.2719478334170962,0.07070643668844502,0.5569748478865303,0.2989844167211276,3.227899391546121,0.5804824755558281,0.8499541668268459,0.535935956465344,1.9367401450386577,1.9367401450386577,1.2313332336147336,0.705406911423924,0.0,0.0,0.0,0.0,1.649058010088951,0.10445346716204564,0.18322866778766117,4.59775512045852,425.22978234984026,430.9125314246029,0.0,423.2930422048016,1.649058010088951,27.481551738132367,0.0,0.0,-880.2370634865389,0.0,1.0913936421275139e-11,0.0,0.0
intrinsic_limited,stationary,968.512998411252,968.512998411252,19571.3306333649,90000.0,0.0,0.0,0.0,0.0,0.0,0.0,0.0,0.0,158.0,0.27414755585672773,0.07127836452274922,0.5620135435605935,0.29875133858956776,3.248054174242374,0.5779342843247168,0.8492686429104934,0.5343281679763622,1.9524059832372747,1.9524059832372747,1.230985944218839,0.7214200390184358,0.0,0.0,0.0,0.0,1.6631837736973878,0.10442401246239932,0.18479819707748749,4.598563157814594,428.6693666351099,429.6105808111708,0.0,426.7169606518726,1.6631837736973878,27.716957588666965,0.0,0.0,-880.0016576360043,0.0,1.0913936421275139e-11,0.0,0.0
intrinsic_limited,stationary,976.2681940928405,976.2681940928405,19567.898139607554,90000.0,0.0,0.0,0.0,0.0,0.0,0.0,0.0,0.0,159.0,0.27634274368052125,0.07184911335693553,0.5669847218273397,0.298519561418176,3.267938887309359,0.5754024975312187,0.8485869453475765,0.5327332886977745,1.9680395271078752,1.9680395271078752,1.2306394143364379,0.7374001127714372,0.0,0.0,0.0,0.0,1.677280414437722,0.10439462217707299,0.18636449049308018,4.599369812633592,432.1018603924588,428.31131410265596,0.0,430.1338208653509,1.677280414437722,27.951878106604635,0.0,0.0,-879.7667371180667,0.0,1.4551915228366852e-11,0.0,0.0
intrinsic_limited,stationary,984.0065557368882,984.0065557368882,19564.473096691054,90000.0,0.0,0.0,0.0,0.0,0.0,0.0,0.0,0.0,160.0,0.2785331664570159,0.07241862327882415,0.571888869146238,0.2982890790072029,3.287555476584952,0.5728872615116549,0.847909055903538,0.5311512018926134,1.983639135578878,1.983639135578878,1.230293680078403,0.7533454555004749,0.0,0.0,0.0,0.0,1.691346452589108,0.104365299368758,0.18792738362101197,4.600174998590774,435.5269033089595,427.01486768462036,0.0,433.54326417338063,1.691346452589108,28.186288632397485,0.0,0.0,-879.5323265922739,0.0,1.4551915228366852e-11,0.0,0.0
intrinsic_limited,stationary,991.7273001781002,991.7273001781002,19561.055851248817,90000.0,0.0,0.0,0.0,0.0,0.0,0.0,0.0,0.0,161.0,0.2807186025032278,0.07298683665083923,0.5767264984115641,0.2980598847150484,3.3069059936462564,0.5703887089727936,0.84723495504426,0.5295817888766625,1.9992032298830285,1.9992032298830285,1.2299487761572085,0.7692544537258199,0.0,0.0,0.0,0.0,1.7053804646113353,0.10433604698154494,0.18948671829014832,4.60097863246243,438.9441487511942,425.72137276466196,0.0,436.9449455213111,1.7053804646113353,28.4201654427479,0.0,0.0,-879.2984497819234,0.0,1.0913936421275139e-11,0.0,0.0
intrinsic_limited,stationary,999.4296746009784,999.4296746009784,19557.646736481274,90000.0,0.0,0.0,0.0,0.0,0.0,0.0,0.0,0.0,162.0,0.2828988387269948,0.07355369806901865,0.5814981470150679,0.2978319714976014,3.3259925880602714,0.5679069594554023,0.8465646220517689,0.5280249293106231,2.01473029243462,2.01473029243462,1.2296047359127626,0.7851255565218574,0.0,0.0,0.0,0.0,1.7193810821323565,0.10430686784311285,0.1910423424591507,4.601780634073995,442.3532635187377,424.43095546572505,0.0,440.3385332263031,1.7193810821323565,28.65348573373572,0.0,0.0,-879.0651294909355,0.0,1.0913936421275139e-11,0.0,0.0
intrinsic_limited,stationary,1007.1129559667295,1007.1129559667295,19554.24607240951,90000.0,0.0,0.0,0.0,0.0,0.0,0.0,0.0,0.0,163.0,0.2850736704647572,0.07411915432083686,0.5862043749791848,0.29760533194547906,3.344817499916739,0.5654421197940284,0.8458980351337619,0.5264805014734313,2.0302188656742106,2.0302188656742106,1.2292615913389338,0.8009572743352767,0.0,0.0,0.0,0.0,1.7333469909065073,0.10427776466698012,0.19259411010072297,4.60258092624637,445.7539275905041,423.143736922114,0.0,443.72370872482986,1.7333469909065073,28.886227603456945,0.0,0.0,-878.8323876212144,0.0,1.4551915228366852e-11,0.0,0.0
intrinsic_limited,stationary,1014.7764504263403,1014.7764504263403,19550.854166135043,90000.0,0.0,0.0,0.0,0.0,0.0,0.0,0.0,0.0,164.0,0.2872429013154223,0.0746831543420098,0.590845763160851,0.29737995831922237,3.363383052643404,0.562994284572143,0.8452351715271247,0.5249483825174727,2.0456675508854505,2.0456675508854505,1.2289193731106782,0.8167481777747725,0.0,0.0,0.0,0.0,1.7472769297475812,0.10424874005480488,0.19414188108306454,4.60337943474067,449.1458338649701,421.85983337782307,0.0,447.1001663140846,1.7472769297475812,29.11837003424344,0.0,0.0,-878.6002451904278,0.0,1.4551915228366852e-11,0.0,0.0
intrinsic_limited,stationary,1022.4194927219835,1022.4194927219835,19547.47131210478,90000.0,0.0,0.0,0.0,0.0,0.0,0.0,0.0,0.0,165.0,0.2894063429709265,0.07524564917244089,0.595422911525715,0.2971558425825077,3.38169164610286,0.5605635365718669,0.844576007595611,0.5234284487064361,2.061075006988392,2.061075006988392,1.2285781106116687,0.8324968963767233,0.0,0.0,0.0,0.0,1.7611696894406972,0.10421979649872838,0.1956855210489663,4.604176088201622,452.52868789523427,420.5793562868224,0.0,450.46761288824587,1.7611696894406972,29.349892874529218,0.0,0.0,-878.3687223501421,0.0,1.4551915228366852e-11,0.0,0.0
intrinsic_limited,stationary,1030.0414455787954,1030.0414455787954,19544.097792380202,90000.0,0.0,0.0,0.0,0.0,0.0,0.0,0.0,0.0,166.0,0.29156381504407153,0.0758065919114586,0.5999364374923012,0.29693297643343797,3.3997457499692048,0.5581499472175725,0.8439205189218765,0.5219205756365675,2.076439949313382,2.076439949313382,1.2282378319623286,0.8482021173510534,0.0,0.0,0.0,0.0,1.7750241116366672,0.10419093638375188,0.19722490129296297,4.604970818099823,455.902207619814,419.30241241495645,0.0,453.8257676705006,1.7750241116366672,29.580776820425058,0.0,0.0,-878.1378384042463,0.0,1.4551915228366852e-11,0.0,0.0
intrinsic_limited,stationary,1037.6416990889386,1037.6416990889386,19540.733876909988,90000.0,0.0,0.0,0.0,0.0,0.0,0.0,0.0,0.0,167.0,0.29371514489417694,0.076365937672486,0.6043869743454663,0.29671135133397813,3.417547897381865,0.5557535770127334,0.8432686803940533,0.520424638442065,2.091761148359409,2.091761148359409,1.2278985640481856,0.8638625843112236,0.0,0.0,0.0,0.0,1.7888390877323403,0.10416216199014222,0.19875989863692667,4.605763558673051,459.26612309002843,418.0291039431346,0.0,457.174361941669,1.7888390877323403,29.81100339705945,0.0,0.0,-877.9076118276118,0.0,1.4551915228366852e-11,0.0,0.0
intrinsic_limited,stationary,1045.2196700897453,1045.2196700897453,19537.379823805255,90000.0,0.0,0.0,0.0,0.0,0.0,0.0,0.0,0.0,168.0,0.29586016745105764,0.07692364353727499,0.608775169718297,0.29649095853760216,3.435100678873188,0.5533744759694609,0.8426204662870652,0.5189405119853654,2.1070374285405156,2.1070374285405156,1.2275603325484719,0.8794770959920437,0.0,0.0,0.0,0.0,1.8026135577401925,0.10413347549585737,0.20029039530446577,4.606554246866809,462.62017619476086,416.75952857151447,0.0,460.5131387662203,1.8026135577401925,30.040554939740307,0.0,0.0,-877.678060284931,0.0,1.4551915228366852e-11,0.0,0.0
intrinsic_limited,stationary,1052.774801537618,1052.774801537618,19534.035879616673,90000.0,0.0,0.0,0.0,0.0,0.0,0.0,0.0,0.0,169.0,0.29799872503779967,0.07747966850982792,0.6131016841414263,0.2962717891152195,3.452406736565705,0.5510126840302375,0.841975850338881,0.5174680710330544,2.122267666923653,2.122267666923653,1.2272231619648872,0.895044504958766,0.0,0.0,0.0,0.0,1.8163465091502011,0.1041048789789854,0.20181627879446676,4.607342822274274,465.9641203833441,415.49377962439513,0.0,463.8418527164204,1.8163465091502011,30.2694145749881,0.0,0.0,-877.4492006496832,0.0,1.8189894035458565e-11,0.0,0.0
intrinsic_limited,stationary,1060.3065618792539,1060.3065618792539,19530.702279612757,90000.0,0.0,0.0,0.0,0.0,0.0,0.0,0.0,0.0,170.0,0.3001306671927787,0.07803397347012246,0.6173671896585998,0.2960538339794491,3.4694687586343993,0.5486682314814154,0.8413348058219092,0.5160071904181165,2.1374507919611503,2.1374507919611503,1.2268870756504566,0.9105637163106935,0.0,0.0,0.0,0.0,1.8300369757868626,0.10407637442019184,0.2033374417540958,4.608129227075826,469.29772038726014,414.23194615555917,0.0,467.160269595299,1.8300369757868626,30.497566201488063,0.0,0.0,-877.2210490231832,0.0,1.8189894035458565e-11,0.0,0.0
intrinsic_limited,stationary,1067.8144444216423,1067.8144444216423,19527.379248058718,90000.0,0.0,0.0,0.0,0.0,0.0,0.0,0.0,0.0,171.0,0.3022558504913318,0.07858652112774626,0.6215723685071903,0.2958370839073105,3.4862894740287613,0.5463411393581098,0.8406973056097369,0.5145577451892454,2.1525857822207,2.1525857822207,1.226552095838418,0.9260336863822821,0.0,0.0,0.0,0.0,1.8436840366639764,0.10404796370517083,0.20485378185155287,4.608913405978286,472.620751941298,412.97411305382013,0.0,470.4681661590773,1.8436840366639764,30.724994471005164,0.0,0.0,-876.9936207536662,0.0,1.4551915228366852e-11,0.0,0.0
intrinsic_limited,stationary,1075.297966702187,1075.297966702187,19524.06699849525,90000.0,0.0,0.0,0.0,0.0,0.0,0.0,0.0,0.0,172.0,0.3043741383674637,0.07913727597554056,0.6257179118622458,0.2956215295614002,3.502871647448983,0.5440314198401731,0.8400633222394124,0.513119610747893,2.1676716651156047,2.1676716651156047,1.226218243671085,0.9414534214445197,0.0,0.0,0.0,0.0,1.8572868148396617,0.1040196486270917,0.20636520164885125,4.609695306154012,475.93300150476614,411.7203611485491,0.0,473.7653298396505,1.8572868148396617,30.95168476930296,0.0,0.0,-876.7669304553683,0.0,1.8189894035458565e-11,0.0,0.0
intrinsic_limited,stationary,1082.756669860201,1082.756669860201,19520.765734016706,90000.0,0.0,0.0,0.0,0.0,0.0,0.0,0.0,0.0,173.0,0.30648540093594207,0.07968620424334494,0.6298045186425663,0.2954071615096216,3.519218074570265,0.5417390766389837,0.8394328279694754,0.5116926629737386,2.182707515637782,2.182707515637782,1.2258855392286163,0.9568219764091657,0.0,0.0,0.0,0.0,1.8708444762738685,0.10399143088903946,0.20787160847487424,4.610474877179988,479.2342659833122,410.47076731497117,0.0,477.0515584676744,1.8708444762738685,31.17762319710402,0.0,0.0,-876.5409920275673,0.0,1.8189894035458565e-11,0.0,-4.440892098500626e-16
intrinsic_limited,stationary,1090.1901180109173,1090.1901180109173,19517.47564754816,90000.0,0.0,0.0,0.0,0.0,0.0,0.0,0.0,0.0,174.0,0.3085895148151047,0.08023327385192723,0.6338328943772168,0.2951939702435362,3.535331577508867,0.5394641053748357,0.8388057948339301,0.5102767783392265,2.1976924550958477,2.1976924550958477,1.2255540015576563,0.9721384535381916,0.0,0.0,0.0,0.0,1.8843562286904634,0.10396331210644433,0.2093729142989403,4.61125207097702,482.5243524518568,409.22540457904086,0.0,480.32665999676095,1.8843562286904634,31.40279655112657,0.0,0.0,-876.3158186735448,0.0,1.4551915228366852e-11,0.0,-4.440892098500626e-16
intrinsic_limited,stationary,1097.5978976230763,1097.5978976230763,19514.196922120904,90000.0,0.0,0.0,0.0,0.0,0.0,0.0,0.0,0.0,175.0,0.3106863629506796,0.08077845436717669,0.6378037501308249,0.2949819461954018,3.5512150005232996,0.5372064939447575,0.8381821946923583,0.5088718340138083,2.212625649860407,2.212625649860407,1.2252236486997854,0.9874020011606215,0.0,0.0,0.0,0.0,1.897821320445822,0.1039352938094936,0.2108690356050913,4.612026841749137,485.80307787911045,407.98434222171784,0.0,483.59045222925005,1.897821320445822,31.627192305229624,0.0,0.0,-876.0914229194417,0.0,1.4551915228366852e-11,0.0,-4.440892098500626e-16
intrinsic_limited,stationary,1104.9796169010535,1104.9796169010535,19510.929731145916,90000.0,0.0,0.0,0.0,0.0,0.0,0.0,0.0,0.0,176.0,0.31277583444088947,0.08132171695463127,0.6417178014859544,0.2947710797539632,3.5668712059438175,0.5349662228806289,0.8375619992763624,0.5074777079584953,2.2275063101184958,2.2275063101184958,1.2248944977197445,1.0026118123987513,0.0,0.0,0.0,0.0,1.9112390394056722,0.10390737744552661,0.21235989326729685,4.612799145923331,489.07026885409937,406.7476458824819,0.0,486.8427625439809,1.9112390394056722,31.850798591695526,0.0,0.0,-875.8678166329757,0.0,1.4551915228366852e-11,0.0,0.0
intrinsic_limited,stationary,1112.334905172411,1112.334905172411,19507.674238684922,90000.0,0.0,0.0,0.0,0.0,0.0,0.0,0.0,0.0,177.0,0.3148578243630919,0.0818630343344039,0.6455757675808066,0.2945613612790594,3.5823030703232264,0.5327432656975059,0.8369451802325277,0.5060942790113139,2.2423336886389595,2.2423336886389595,1.224566564733398,1.0177671239055617,0.0,0.0,0.0,0.0,1.924608711831799,0.10387956438140554,0.2138454124257554,4.613568942089695,492.3257613150923,405.51537766194,0.0,490.08342762645333,1.924608711831799,32.07360418267693,0.0,0.0,-875.6450110419944,0.0,1.4551915228366852e-11,0.0,-4.440892098500626e-16
intrinsic_limited,stationary,1119.6634122816704,1119.6634122816704,19504.430599718733,90000.0,0.0,0.0,0.0,0.0,0.0,0.0,0.0,0.0,178.0,0.3169322336021809,0.08240238073656704,0.6493783702004766,0.29435278111510843,3.5975134808019065,0.5305375892320955,0.8363317091620837,0.5047214269642274,2.2571070795503734,2.2571070795503734,1.2242398649353896,1.032867214614984,0.0,0.0,0.0,0.0,1.9379297012800616,0.10385185590586088,0.21532552236445124,4.6143361909420655,495.5694002812811,404.28759622339027,0.0,493.3122932017307,1.9379297012800616,32.29559847183222,0.0,0.0,-875.4230167528391,0.0,1.4551915228366852e-11,0.0,-4.440892098500626e-16
intrinsic_limited,stationary,1126.9648079910344,1126.9648079910344,19501.19896041248,90000.0,0.0,0.0,0.0,0.0,0.0,0.0,0.0,0.0,179.0,0.31899896868095473,0.08293973185704823,0.6531263329199622,0.2941453296035312,3.612505331679849,0.5283491539713572,0.8357215576574447,0.5033590326320638,2.2718258171329664,2.2718258171329664,1.223914412626467,1.0479114045064992,0.0,0.0,0.0,0.0,1.9512014075110407,0.10382425323180977,0.21680015639011557,4.6151008552192305,498.8010395875368,403.064356893222,0.0,496.5292137704038,1.9512014075110407,32.51677145617149,0.0,0.0,-875.2018437684998,0.0,1.4551915228366852e-11,0.0,4.440892098500626e-16
intrinsic_limited,stationary,1134.2387813887085,1134.2387813887085,19497.979458377486,90000.0,0.0,0.0,0.0,0.0,0.0,0.0,0.0,0.0,180.0,0.32105794159263523,0.08347506481408516,0.6568203802971226,0.293938997094172,3.6272815211884906,0.526177914371234,0.8351146973358,0.5020069779139728,2.2864892746258696,2.2864892746258696,1.2235902212404441,1.0628990533854255,0.0,0.0,0.0,0.0,1.9644232654145053,0.10379675749864138,0.21826925171272274,4.615862899646798,502.0205416225292,401.84571176004266,0.0,499.73405234790334,1.9644232654145053,32.737113718132726,0.0,0.0,-874.9815015065385,0.0,1.4551915228366852e-11,0.0,0.0
intrinsic_limited,stationary,1141.4850403054047,1141.4850403054047,19494.772222929543,90000.0,0.0,0.0,0.0,0.0,0.0,0.0,0.0,0.0,181.0,0.3231090696357033,0.08400835810528286,0.660461237113776,0.2937337739557732,3.641844948455104,0.5240238191655473,0.8345110998699212,0.5006651458479059,2.301096863050859,2.301096863050859,1.2232673033707757,1.0778295596800833,0.0,0.0,0.0,0.0,1.9775947439487478,0.10376936977447253,0.2197327493276386,4.6166222908797545,505.2277770704681,400.63170977243396,0.0,502.92668020741723,1.9775947439487478,32.956616407905884,0.0,0.0,-874.7619988167654,0.0,1.0913936421275139e-11,0.0,0.0
intrinsic_limited,stationary,1148.703310739548,1148.703310739548,19491.577375343317,90000.0,0.0,0.0,0.0,0.0,0.0,0.0,0.0,0.0,182.0,0.3251522752511978,0.08453959156531142,0.6640496276631332,0.29352965058555774,3.656198510652533,0.5218868116651086,0.8339107370163463,0.4993334206585891,2.31564803005364,2.31564803005364,1.2229456707967208,1.092702359256919,0.0,0.0,0.0,0.0,1.9907153450957473,0.10374209105836513,0.22119059389952742,4.617378997445802,508.42262465669666,399.4223968352498,0.0,506.106976626643,1.9907153450957473,33.17527122602063,0.0,0.0,-874.5433439986507,0.0,1.4551915228366852e-11,0.0,0.0
intrinsic_limited,stationary,1155.893336291644,1155.893336291644,19488.395029102674,90000.0,0.0,0.0,0.0,0.0,0.0,0.0,0.0,0.0,183.0,0.3271874858626072,0.08506874632427788,0.6675862750817732,0.29332661741797256,3.6703451003270926,0.5197668300471279,0.8333135806410958,0.498011687799445,2.330142258763599,2.330142258763599,1.2226253345090732,1.1075169242545257,0.0,0.0,0.0,0.0,2.0037846028329813,0.10371492228250853,0.22264273364810896,4.618132989689504,511.6049708973389,398.21781590437945,0.0,509.2748286385753,2.0037846028329813,33.393070406211635,0.0,0.0,-874.3255448184597,0.0,1.4551915228366852e-11,0.0,0.0
intrinsic_limited,stationary,1163.0548776082085,1163.0548776082085,19485.225290146835,90000.0,0.0,0.0,0.0,0.0,0.0,0.0,0.0,0.0,184.0,0.3292146337184685,0.08559580476680181,0.6710719007243868,0.2931246649326438,3.6842876028975473,0.5176638076350148,0.83271960274307,0.4966998339888845,2.344579066672835,2.344579066672835,1.2223063047354488,1.1222727619373865,0.0,0.0,0.0,0.0,2.016802082122623,0.10368786431436507,0.22408912023584696,4.618884239717292,514.7747098531803,397.0180070799088,0.0,512.4301307865074,2.016802082122623,33.610006698573514,0.0,0.0,-874.1086085260978,0.0,1.4551915228366852e-11,0.0,0.0
intrinsic_limited,stationary,1170.1877118356074,1170.1877118356074,19482.068257112085,90000.0,0.0,0.0,0.0,0.0,0.0,0.0,0.0,0.0,185.0,0.3312336557377706,0.08612075049182036,0.6745072235795371,0.2929237836615915,3.6980288943181483,0.5155776731686893,0.8321287754752692,0.4953977472413788,2.358958004535164,2.358958004535164,1.221988590965103,1.1369694135700612,0.0,0.0,0.0,0.0,2.02976737791875,0.10366091795877522,0.22552970865763883,4.619632721343371,517.9317428879336,395.82300769762145,0.0,515.5727848833985,2.02976737791875,33.82607335301597,0.0,0.0,-873.8925418716553,0.0,1.8189894035458565e-11,0.0,0.0
intrinsic_limited,stationary,1177.2916320841055,1177.2916320841055,19478.924021568993,90000.0,0.0,0.0,0.0,0.0,0.0,0.0,0.0,0.0,186.0,0.33324449335824813,0.08664356827314451,0.6778929597247075,0.2927239641957513,3.71157183889883,0.5135083510655299,0.8315410711639745,0.49410531689369586,2.373278655285706,2.373278655285706,1.2216722019732773,1.151606453312429,0.0,0.0,0.0,0.0,2.0426801141931175,0.10363408396002034,0.22696445713256855,4.620378410036565,521.0759784310243,394.63285241878935,0.0,518.7026997757386,2.0426801141931175,34.041264103028304,0.0,0.0,-873.677351121643,0.0,1.8189894035458565e-11,0.0,0.0
intrinsic_limited,stationary,1184.3664469023774,1184.3664469023774,19475.792668255013,90000.0,0.0,0.0,0.0,0.0,0.0,0.0,0.0,0.0,187.0,0.33524709238763634,0.08716424402078544,0.6812298218189499,0.29252519719084613,3.7249192872757995,0.5114557616721065,0.830956462326018,0.4928224336266617,2.3875406329815645,2.3875406329815645,1.2213571458450587,1.1661834871365058,0.0,0.0,0.0,0.0,2.055539942979945,0.10360736300384808,0.2283933269977716,4.621121282868113,524.207331745006,393.4475733182101,0.0,521.8197911120244,2.055539942979945,34.25557314976078,0.0,0.0,-873.4630420749105,0.0,1.8189894035458565e-11,0.0,0.0
intrinsic_limited,stationary,1191.4119797626863,1191.4119797626863,19472.67427530232,90000.0,0.0,0.0,0.0,0.0,0.0,0.0,0.0,0.0,188.0,0.33724140285794535,0.0876827647430658,0.6845185186314636,0.29232747337265147,3.7380740745258545,0.5094198215068533,0.8303749216842691,0.491548989482793,2.401743581764004,2.401743581764004,1.2210434299987385,1.1807001517652655,0.0,0.0,0.0,0.0,2.068346543440095,0.10358075571945384,0.22981628260445497,4.621861318460467,527.3257246976972,392.26719997045825,0.0,524.9239811159332,2.068346543440095,34.46899514642919,0.0,0.0,-873.2496200782421,0.0,1.8189894035458565e-11,0.0,0.0
intrinsic_limited,stationary,1198.4280685568997,1198.4280685568997,19469.5689144609,90000.0,0.0,0.0,0.0,0.0,0.0,0.0,0.0,0.0,189.0,0.3392273788828026,0.08819911850952868,0.6877597546044912,0.29213078354169425,3.751039018417965,0.507400443493849,0.8297964221814538,0.49028487788012515,2.415887174842483,2.415887174842483,1.2207310612086735,1.1951561136338094,0.0,0.0,0.0,0.0,2.0810996209449586,0.10355426268141785,0.23123329121610645,4.622598496937088,530.4310855391157,391.09175953431975,0.0,528.0151983642731,2.0810996209449586,34.68152518304773,0.0,0.0,-873.0370900416235,0.0,1.4551915228366852e-11,0.0,0.0
intrinsic_limited,stationary,1205.4145651034758,1205.4145651034758,19466.47665131675,90000.0,0.0,0.0,0.0,0.0,0.0,0.0,0.0,0.0,190.0,0.3412049785179001,0.08871329441465403,0.6909542294489437,0.2919351185774232,3.7638169177957748,0.5053975371878803,0.8292209369924213,0.48902999362254,2.4299711135007946,2.4299711135007946,1.2204200456276406,1.209551067873154,0.0,0.0,0.0,0.0,2.0937989061802726,0.10352788441160275,0.23264432290891915,4.623332799873275,533.5233486832675,389.92127683538916,0.0,531.0933775697667,2.0937989061802726,34.89315877149424,0.0,0.0,-872.825456453177,0.0,1.4551915228366852e-11,0.0,0.0
intrinsic_limited,stationary,1212.3713346655127,1212.3713346655127,19463.39754550518,90000.0,0.0,0.0,0.0,0.0,0.0,0.0,0.0,0.0,191.0,0.34317416362457337,0.08922528254238908,0.6941026377712106,0.2917404694418878,3.7764105510848425,0.503411008990973,0.8286484395349641,0.4877842329068777,2.4439951261255133,2.4439951261255133,1.2201103888086695,1.223884737316844,0.0,0.0,0.0,0.0,2.1064441542700587,0.10350162138100398,0.2340493504744509,4.624064210248037,536.602454494833,388.7557744468133,0.0,534.1584593687074,2.1064441542700587,35.10389183091053,0.0,0.0,-872.6147233937608,0.0,1.4551915228366852e-11,0.0,-4.440892098500626e-16
intrinsic_limited,stationary,1219.2982554799266,1219.2982554799266,19460.331650919237,90000.0,0.0,0.0,0.0,0.0,0.0,0.0,0.0,0.0,192.0,0.3451348997365304,0.0897350739314979,0.6972056687296626,0.29154682718295993,3.7888226749186504,0.5014407623605813,0.828078903479294,0.4865474933271097,2.4579589672568742,2.4579589672568742,1.2198020957263775,1.2381568715304967,0.0,0.0,0.0,0.0,2.1190351439207817,0.1034754740115612,0.23544834932453126,4.624792712397001,539.668349080778,387.5952727681704,0.0,537.210390113521,2.1190351439207817,35.313720673439825,0.0,0.0,-872.4048945512315,0.0,1.4551915228366852e-11,0.0,0.0
intrinsic_limited,stationary,1226.195218297795,1226.195218297795,19457.279015913107,90000.0,0.0,0.0,0.0,0.0,0.0,0.0,0.0,0.0,193.0,0.347087155929741,0.09024266054173266,0.7002640057193854,0.29135418293713156,3.8010560228775416,0.49948669800962964,0.8275123027562693,0.48531967387581726,2.471862416662159,2.471862416662159,1.2194951707977737,1.252367245864385,0.0,0.0,0.0,0.0,2.1315716765858155,0.10344944267791976,0.23684129739842388,4.625518291966396,542.7209840869074,386.4397901024788,0.0,540.2491216702452,2.1315716765858155,35.52264199030261,0.0,0.0,-872.1959732343687,0.0,1.4551915228366852e-11,0.0,0.0
intrinsic_limited,stationary,1233.0621259358704,1233.0621259358704,19454.23968350065,90000.0,0.0,0.0,0.0,0.0,0.0,0.0,0.0,0.0,194.0,0.3490309046954885,0.090748035220827,0.7032783260837403,0.29116252793191877,3.813113304334961,0.4975487140986077,0.826948611564467,0.48410067494321973,2.4857052784316025,2.4857052784316025,1.219189617902558,1.2665156605290442,0.0,0.0,0.0,0.0,2.144053575650202,0.10342352770915555,0.2382281750722446,4.62624093586808,545.7603164993627,385.2893427313339,0.0,543.2746112209311,2.144053575650202,35.73065283821062,0.0,0.0,-871.9879623864607,0.0,1.4551915228366852e-11,0.0,0.0
intrinsic_limited,stationary,1239.8988928392514,1239.8988928392514,19451.213691548957,90000.0,0.0,0.0,0.0,0.0,0.0,0.0,0.0,0.0,195.0,0.3509661218165789,0.09125119167231051,0.7062493008513853,0.290971853487902,3.824997203405541,0.49562670641992157,0.8263878043761824,0.4828903983139702,2.49948738009679,2.49948738009679,1.218885440402906,1.280601939693884,0.0,0.0,0.0,0.0,2.1564806856357057,0.10339772939045024,0.23960896507063392,4.626960632235645,548.7863084510574,384.143944988176,0.0,546.2868210709606,2.1564806856357057,35.93775062611903,0.0,0.0,-871.7808645985523,0.0,1.4551915228366852e-11,0.0,-4.440892098500626e-16
intrinsic_limited,stationary,1246.7054446551665,1246.7054446551665,19448.201072966982,90000.0,0.0,0.0,0.0,0.0,0.0,0.0,0.0,0.0,196.0,0.3528927862466963,0.09175212442414103,0.7091775944974388,0.29078215102043,3.836710377989755,0.4937205685747059,0.8258298559424412,0.48168874716192867,2.513208571771457,2.513208571771457,1.2185826411627352,1.2946259306087218,0.0,0.0,0.0,0.0,2.168852871426056,0.10337204796472806,0.24098365238067285,4.627677370381576,551.7989270330318,383.0036093296966,0.0,549.2857184612603,2.168852871426056,36.14393310231522,0.0,0.0,-871.5746821223561,0.0,1.4551915228366852e-11,0.0,0.0
intrinsic_limited,stationary,1253.4817178178178,1253.4817178178178,19445.20185588931,90000.0,0.0,0.0,0.0,0.0,0.0,0.0,0.0,0.0,197.0,0.35481087999288835,0.09225082879815097,0.7120638647275173,0.29059341204101297,3.848255458910069,0.49183019214230356,0.825274741297097,0.48049562604310336,2.526868725314582,2.526868725314582,1.2182812225664732,1.308587502748109,0.0,0.0,0.0,0.0,2.181170017512304,0.10334648363424456,0.2423522241680337,4.6283911407554745,554.7981441107015,381.86834640539183,0.0,552.271275385387,2.181170017512304,36.349198341842545,0.0,0.0,-871.3694168828288,0.0,1.0913936421275139e-11,0.0,0.0
intrinsic_limited,stationary,1260.2276591441978,1260.2276591441978,19442.21606385505,90000.0,0.0,0.0,0.0,0.0,0.0,0.0,0.0,0.0,198.0,0.35672038800115846,0.0927473008803012,0.7149087622834174,0.2904056281584307,3.8596350491336695,0.4899554668426207,0.8247224357600903,0.47931094088694337,2.540467733515605,2.540467733515605,1.2179811865373162,1.322486546978289,0.0,0.0,0.0,0.0,2.193432027258121,0.10332103656213718,0.24371466969534675,4.629101934903329,557.783936144965,380.7381651252768,0.0,555.2434684114494,2.193432027258121,36.55354473425659,0.0,0.0,-871.1650704904147,0.0,1.4551915228366852e-11,0.0,0.0
intrinsic_limited,stationary,1266.9432254407918,1266.9432254407918,19439.243715981887,90000.0,0.0,0.0,0.0,0.0,0.0,0.0,0.0,0.0,199.0,0.3586212980451384,0.093241537491736,0.7177129307692687,0.2902187910795772,3.8708517230770747,0.4880962806915646,0.824172914939933,0.4781345989861515,2.554005509301583,2.554005509301583,1.217682534554989,1.3363229747465941,0.0,0.0,0.0,0.0,2.205638822184887,0.1032957068739309,0.24507098024276516,4.629809745427848,560.7562840181266,379.61307272577693,0.0,558.2022785088251,2.205638822184887,36.756970971711134,0.0,0.0,-870.9616442529601,0.0,1.4551915228366852e-11,0.0,0.0
intrinsic_limited,stationary,1273.62838312105,1273.62838312105,19436.284827135423,90000.0,0.0,0.0,0.0,0.0,0.0,0.0,0.0,0.0,200.0,0.3605136006178101,0.09373353616063064,0.7204770064970172,0.2900328926100649,3.8819080259880687,0.4862525201497705,0.823626154735485,0.47696650898516707,2.5674819849660624,2.5674819849660624,1.2173852676730097,1.3500967172930525,0.0,0.0,0.0,0.0,2.2177903412763533,0.10327049465900326,0.24642114903070586,4.6305145659498175,563.7151728645882,378.4930748338149,0.0,561.1476908796221,2.2177903412763533,36.95947603737043,0.0,0.0,-870.7591391873009,0.0,1.0913936421275139e-11,0.0,0.0
intrinsic_limited,stationary,1280.2831078335055,1280.2831078335055,19433.33940809376,90000.0,0.0,0.0,0.0,0.0,0.0,0.0,0.0,0.0,201.0,0.3623972888262407,0.09422329509482259,0.7232016183501562,0.2898479246546074,3.8928064734006247,0.4844240702648246,0.8230821313370806,0.47580658086747507,2.580897111419407,2.580897111419407,1.217089386535473,1.3638077248839338,0.0,0.0,0.0,0.0,2.229886540302661,0.10324539997200614,0.24776517114474003,4.631216391070494,566.6605919062519,377.37817552911366,0.0,564.0796947948324,2.229886540302661,37.16105919414384,0.0,0.0,-870.5575560305274,0.0,1.4551915228366852e-11,0.0,0.0
intrinsic_limited,stationary,1286.9073841004047,1286.9073841004047,19430.407465707438,90000.0,0.0,0.0,0.0,0.0,0.0,0.0,0.0,0.0,202.0,0.364272358289293,0.09471081315521618,0.7258873876646562,0.2896638792172014,3.903549550658625,0.4826108148071855,0.822540821227063,0.47465472594186436,2.5942508574603234,2.5942508574603234,1.216794891393344,1.3774559660669796,0.0,0.0,0.0,0.0,2.241927391163467,0.10322042283424905,0.2491030434626074,4.6319152163350275,569.5925342925758,376.2683774047386,0.0,566.9982834351155,2.241927391163467,37.36171997373918,0.0,0.0,-870.3568952509321,0.0,1.4551915228366852e-11,0.0,-4.440892098500626e-16
intrinsic_limited,stationary,1293.5012049667005,1293.5012049667005,19427.4890030548,90000.0,0.0,0.0,0.0,0.0,0.0,0.0,0.0,0.0,203.0,0.3661388070382694,0.09519608982995005,0.7285349281260949,0.2894807484011239,3.9141397125043795,0.4808126364000081,0.8220022011797763,0.4735108568277703,2.6075432090682718,2.6075432090682718,1.2165017821202855,1.3910414269479865,0.0,0.0,0.0,0.0,2.2539128812499074,0.10319556323504124,0.250434764583323,4.632611038196871,572.5109969452167,375.16368162590373,0.0,569.9034537361484,2.2539128812499074,37.5614581660297,0.0,0.0,-870.1571570586416,0.0,1.8189894035458565e-11,0.0,0.0
intrinsic_limited,stationary,1300.06457165925,1300.06457165925,19424.58401959283,90000.0,0.0,0.0,0.0,0.0,0.0,0.0,0.0,0.0,204.0,0.36799663542044453,0.09567912520931558,0.7311448456820259,0.2892985244087625,3.9245793827281035,0.4790294166430689,0.8214662482610663,0.47237488743980494,2.6207741687164487,2.6207741687164487,1.216210058228011,1.4045641104884379,0.0,0.0,0.0,0.0,2.2658430128251092,0.10317082113299392,0.2517603347583454,4.633303853983204,575.4159804071883,374.06408798706747,0.0,572.7952062384718,2.2658430128251092,37.760273808730446,0.0,0.0,-869.9583414159408,0.0,1.8189894035458565e-11,0.0,0.0
intrinsic_limited,stationary,1306.597493256057,1306.597493256057,19421.692511303547,90000.0,0.0,0.0,0.0,0.0,0.0,0.0,0.0,0.0,205.0,0.36984584600544046,0.09615991996141453,0.733717738468673,0.2891171995412943,3.934870953874692,0.47726103623098914,0.8209329398273362,0.471246732971598,2.63394375470502,2.63394375470502,1.2159197188811892,1.418024035823831,0.0,0.0,0.0,0.0,2.2777178024229636,0.10314619645728294,0.25307975582477366,4.633993661861315,578.3074886964667,372.96959496734644,0.0,575.6735449417617,2.2777178024229636,37.958167177378684,0.0,0.0,-869.7604480472926,0.0,1.4551915228366852e-11,0.0,0.0
intrinsic_limited,stationary,1313.0999863653808,1313.0999863653808,19418.814470836052,90000.0,0.0,0.0,0.0,0.0,0.0,0.0,0.0,0.0,206.0,0.3716864434943958,0.0966384753085429,0.7362541967510711,0.28893676619822684,3.9450167870042843,0.4755073750659502,0.8204022535241966,0.4701263098790279,2.6470520005142437,2.6470520005142437,1.2156307629118868,1.4314212376023567,0.0,0.0,0.0,0.0,2.28953728026483,0.10312168910887688,0.25439303114053663,4.634680460805966,581.1855291639622,371.8801997842758,0.0,578.538477163448,2.28953728026483,38.155138775613395,0.0,0.0,-869.5634764490579,0.0,1.4551915228366852e-11,0.0,0.0
intrinsic_limited,stationary,1319.5720748145368,1319.5720748145368,19415.949887644234,90000.0,0.0,0.0,0.0,0.0,0.0,0.0,0.0,0.0,207.0,0.3735184346318769,0.09711479300428799,0.7387548028758165,0.2887572168768162,3.955019211503266,0.4737683123650923,0.8198741672847536,0.46901353586294836,2.660098954177128,2.660098954177128,1.2153431888335757,1.4447557653435525,0.0,0.0,0.0,0.0,2.3013014896938664,0.10309729896172129,0.2557001655215406,4.635364250567698,584.0501123557801,370.79589844594653,0.0,581.390013401603,2.3013014896938664,38.35118932574828,0.0,0.0,-869.367425898923,0.0,1.4551915228366852e-11,0.0,0.0
intrinsic_limited,stationary,1326.013789348204,1326.013789348204,19413.098748120323,90000.0,0.0,0.0,0.0,0.0,0.0,0.0,0.0,0.0,208.0,0.3753418281204811,0.0975888753113251,0.7412201312356301,0.28857854417137385,3.9648805249425205,0.47204372676278256,0.8193486593275702,0.4679083298514886,2.673084677671257,2.673084677671257,1.2150569948547072,1.4580276828165502,0.0,0.0,0.0,0.0,2.3130104866266277,0.10307302586389294,0.25700116518073635,4.636045031642064,586.9012518796906,369.71668580154864,0.0,584.2281672020193,2.3130104866266277,38.546319759632745,0.0,0.0,-869.1722954650386,0.0,1.4551915228366852e-11,0.0,0.0
intrinsic_limited,stationary,1332.425167336052,1332.425167336052,19410.261035724292,90000.0,0.0,0.0,0.0,0.0,0.0,0.0,0.0,0.0,209.0,0.3771566345380774,0.09806072497990014,0.7436507482449712,0.28840074077247335,3.974602992979885,0.470333496407936,0.8188257081543334,0.46681061198199786,2.6860092463294003,2.6860092463294003,1.2147721788918566,1.4712370674375437,0.0,0.0,0.0,0.0,2.324664339021619,0.10304886963871224,0.2582960376690687,4.636722805239783,589.738964275722,368.6425555903545,0.0,587.0529550293926,2.324664339021619,38.74053120979528,0.0,0.0,-868.978084014876,0.0,1.4551915228366852e-11,0.0,0.0
intrinsic_limited,stationary,1338.8062524894951,1338.8062524894951,19407.43673110922,90000.0,0.0,0.0,0.0,0.0,0.0,0.0,0.0,0.0,210.0,0.3789628662576307,0.09853034522698399,0.7460472123259777,0.2882237994660698,3.984188849303911,0.46863749905656893,0.8183052925472641,0.46572030358271643,2.6988727482685233,2.6988727482685233,1.2144887385824565,1.4843840096860665,0.0,0.0,0.0,0.0,2.336263126364428,0.10302483008582537,0.2595847918182697,4.63739757325779,592.563268890795,367.5735004891723,0.0,589.8643961425265,2.336263126364428,38.93382500086319,0.0,0.0,-868.7847902238082,0.0,1.4551915228366852e-11,0.0,0.0
intrinsic_limited,stationary,1345.157094587379,1345.157094587379,19404.625812242706,90000.0,0.0,0.0,0.0,0.0,0.0,0.0,0.0,0.0,211.0,0.3807605373695548,0.09899773971608425,0.7484100739040419,0.2880477131325396,3.9936402956161676,0.46695561215976034,0.8177873915662929,0.46463732715422473,2.7116752838368057,2.7116752838368057,1.2142066712971202,1.4974686125396852,0.0,0.0,0.0,0.0,2.347806939169102,0.10300090698224802,0.26086743768545567,4.638069338251165,595.3741877573103,366.5095121583034,0.0,592.6625124734735,2.347806939169102,39.12620264125308,0.0,0.0,-868.5924125834182,0.0,1.8189894035458565e-11,0.0,0.0
intrinsic_limited,stationary,1351.4777492104065,1351.4777492104065,19401.82825452441,90000.0,0.0,0.0,0.0,0.0,0.0,0.0,0.0,0.0,212.0,0.3825496636065387,0.09946291253770007,0.7507398754123668,0.287872474745652,4.0029595016494675,0.4652877129471913,0.8172719845460352,0.46356160635073723,2.724416965078274,2.724416965078274,1.2139259741515709,1.510490990926703,0.0,0.0,0.0,0.0,2.3592958784954066,0.10297710008337789,0.26214398649948956,4.638738103405922,598.1717454756033,365.45058128603455,0.0,595.447328510525,2.3592958784954066,39.31766581512595,0.0,0.0,-868.4009494095453,0.0,1.4551915228366852e-11,0.0,0.0
intrinsic_limited,stationary,1357.7682774840994,1357.7682774840994,19399.044030899837,90000.0,0.0,0.0,0.0,0.0,0.0,0.0,0.0,0.0,213.0,0.3843302622707894,0.09992586819040525,0.7530371513048777,0.28769807737147945,4.012148605219511,0.46363367850643084,0.8167590510925867,0.46249306596129053,2.737097915214646,2.737097915214646,1.2136466440181788,1.5234512711964674,0.0,0.0,0.0,0.0,2.3707300554816064,0.10295340912397233,0.2634144506090673,4.639403872512644,600.9559691001779,364.3966976317014,0.0,598.2188711849632,2.3707300554816064,39.50821637460097,0.0,0.0,-868.2103988500703,0.0,1.4551915228366852e-11,0.0,0.0
intrinsic_limited,stationary,1364.0287458301027,1364.0287458301027,19396.273111970386,90000.0,0.0,0.0,0.0,0.0,0.0,0.0,0.0,0.0,214.0,0.3861023521636361,0.10038661156254539,0.7553024280769004,0.28752451416725616,4.021209712307602,0.46199338585812977,0.8162485710801652,0.46143163189087816,2.749718268143987,2.749718268143987,1.2133686775371204,1.536349590606867,0.0,0.0,0.0,0.0,2.3821095908924015,0.10292983381909673,0.264678843432489,4.640066649940942,603.7268880296323,363.34785006735365,0.0,600.9771697614883,2.3821095908924015,39.69785633222187,0.0,0.0,-868.0207588924494,0.0,1.8189894035458565e-11,0.0,-4.440892098500626e-16
intrinsic_limited,stationary,1370.2592257256301,1370.2592257256301,19393.515466099827,90000.0,0.0,0.0,0.0,0.0,0.0,0.0,0.0,0.0,215.0,0.3878659535174385,0.10084514791453401,0.7575362242930395,0.28735177838019055,4.030144897172158,0.460366712027281,0.8157405246476193,0.4603772311415676,2.762278167955783,2.762278167955783,1.213092071127168,1.549186096828615,0.0,0.0,0.0,0.0,2.393434614681672,0.10290637386503665,0.2659371794090746,4.6407264406147215,606.4845339001882,362.3040266180565,0.0,603.7222557322325,2.393434614681672,39.88658785367006,0.0,0.0,-867.8320273710012,0.0,1.4551915228366852e-11,0.0,0.0
intrinsic_limited,stationary,1376.459793470852,1376.459793470852,19390.77105951728,90000.0,0.0,0.0,0.0,0.0,0.0,0.0,0.0,0.0,216.0,0.38962108792974387,0.1013014828617334,0.7597390506217286,0.2871798633462399,4.038956202486915,0.45875353411070047,0.8152348921948233,0.4593297917936495,2.774777768462021,2.774777768462021,1.2128168209961223,1.5619609474658986,0.0,0.0,0.0,0.0,2.404705265569653,0.10288302894018468,0.26718947395218356,4.641383249988229,609.2289404827354,361.26521450086074,0.0,606.4541627142734,2.404705265569653,40.07441325071826,0.0,0.0,-867.644201973953,0.0,1.4551915228366852e-11,0.0,0.0
intrinsic_limited,stationary,1382.6305299640262,1382.6305299640262,19388.03985641671,90000.0,0.0,0.0,0.0,0.0,0.0,0.0,0.0,0.0,217.0,0.3913677782996353,0.10175562235790518,0.7619114098759451,0.2870087624888527,4.047645639503781,0.4571537293408783,0.8147316543789787,0.4582892429868483,2.787217232743881,2.787217232743881,1.212542923150882,1.574674309592999,0.0,0.0,0.0,0.0,2.415921690634187,0.10285979870589493,0.26843574340379855,4.6420370840228795,611.9601435833033,360.2314001624768,0.0,609.1729263505595,2.415921690634187,40.26133497441873,0.0,0.0,-867.4572802502526,0.0,1.4551915228366852e-11,0.0,4.440892098500626e-16
intrinsic_limited,stationary,1388.771520484177,1388.771520484177,19385.321819053144,90000.0,0.0,0.0,0.0,0.0,0.0,0.0,0.0,0.0,218.0,0.3931060487662169,0.1022075726792164,0.7640537970596112,0.2868384693176843,4.056215188238445,0.45556717514634526,0.8142307921108363,0.4572555149016285,2.7995967327136424,2.7995967327136424,1.2122703734071845,1.5873263593064582,0.0,0.0,0.0,0.0,2.427084044915702,0.10283668280730703,0.2696760049906335,4.642687949164826,614.6781809468736,359.2025693156833,0.0,611.8785842141599,2.427084044915702,40.44735560852017,0.0,0.0,-867.2712596161512,0.0,1.8189894035458565e-11,0.0,-4.440892098500626e-16
intrinsic_limited,stationary,1394.8828544811258,1394.8828544811258,19382.61690783557,90000.0,0.0,0.0,0.0,0.0,0.0,0.0,0.0,0.0,219.0,0.39483592464917977,0.10265734040878674,0.7661666994192325,0.2866689774272916,4.06466679767693,0.4539937492086947,0.8137322865508576,0.4562285387406254,2.8119164486914117,2.8119164486914117,1.211999167399005,1.5999172812924067,0.0,0.0,0.0,0.0,2.4381924910355406,0.1028136808741447,0.2709102767817267,4.643335852323265,617.3830921644463,358.1787069745045,0.0,614.571175715755,2.4381924910355406,40.63247786310728,0.0,0.0,-867.086137361564,0.0,1.8189894035458565e-11,0.0,-4.440892098500626e-16
intrinsic_limited,stationary,1400.9646253726767,1400.9646253726767,19379.925081416743,90000.0,0.0,0.0,0.0,0.0,0.0,0.0,0.0,0.0,220.0,0.3965574323913931,0.10310493242176222,0.7682505965003422,0.2865002804958109,4.073002386001368,0.4524333295163981,0.8132361191053262,0.4552082467102254,2.824176568996271,2.824176568996271,1.2117293005876324,1.6124472684086388,0.0,0.0,0.0,0.0,2.449247198827307,0.10279079252148618,0.27213857764747845,4.643980800849446,620.0749185832735,357.1597974881886,0.0,617.2507420142773,2.449247198827307,40.81670456845706,0.0,0.0,-866.9019106562142,0.0,1.4551915228366852e-11,0.0,-4.440892098500626e-16
intrinsic_limited,stationary,1407.0169303487667,1407.0169303487667,19377.246296779842,90000.0,0.0,0.0,0.0,0.0,0.0,0.0,0.0,0.0,221.0,0.3982705995034674,0.10355035587090153,0.7703059602083498,0.286332372283624,4.081223840833399,0.4508857944155449,0.8127422714224236,0.4541945720023202,2.8363772895514714,2.8363772895514714,1.2114607682704306,1.624916521281041,0.0,0.0,0.0,0.0,2.4602483449808688,0.10276801735050636,0.2733609272200965,4.644622802516394,622.7537032201747,356.1458245740193,0.0,619.9173259306232,2.4602483449808688,41.000038669106175,0.0,0.0,-866.7185765555652,0.0,1.8189894035458565e-11,0.0,-4.440892098500626e-16
intrinsic_limited,stationary,1413.039870182391,1413.039870182391,19374.580509322164,90000.0,0.0,0.0,0.0,0.0,0.0,0.0,0.0,0.0,222.0,0.3999754545102343,0.10399361817266092,0.7723332548734129,0.2861652466320161,4.089333019493651,0.44935102265763516,0.8122507253882827,0.4531874487762545,2.8485188135032784,2.8485188135032784,1.211193565589294,1.6373252479139841,0.0,0.0,0.0,0.0,2.471196112698677,0.10274535494919267,0.2745773458554085,4.645261865499287,625.4194906778508,355.1367713489931,0.0,622.5709718643476,2.471196112698677,41.18248321812345,0.0,0.0,-866.5361320065479,0.0,1.4551915228366852e-11,0.0,0.0
intrinsic_limited,stationary,1419.0335490471134,1419.0335490471134,19371.9276729359,90000.0,0.0,0.0,0.0,0.0,0.0,0.0,0.0,0.0,223.0,0.40167202689909143,0.10443472699376377,0.7743329373189707,0.28599889746182916,4.097331749275883,0.4478288934445496,0.811761463123027,0.45218681214098333,2.860601350853095,2.860601350853095,1.2109276875387989,1.649673663314296,0.0,0.0,0.0,0.0,2.4820906913640504,0.10272280489303912,0.2757878545960055,4.645897998356511,628.0723270641146,354.1326203603918,0.0,625.2117257132614,2.4820906913640504,41.3640413715819,0.0,0.0,-866.3545738530894,0.0,1.4551915228366852e-11,0.0,0.0
intrinsic_limited,stationary,1424.9980743409783,1424.9980743409783,19369.287740086063,90000.0,0.0,0.0,0.0,0.0,0.0,0.0,0.0,0.0,224.0,0.40336034707015883,0.1048736902382413,0.7763054569336022,0.28583331877211415,4.105221827734409,0.44631928647081553,0.8112744669768064,0.45119259813745793,2.872625118102491,2.872625118102491,1.2106631289740746,1.6619619891284165,0.0,0.0,0.0,0.0,2.4929322762211013,0.1027003667457122,0.2769924751356778,4.646531210011345,630.7122599139518,353.13335361528414,0.0,627.8396347958493,2.4929322762211013,41.54471638322465,0.0,0.0,-866.1738988414467,0.0,1.4551915228366852e-11,0.0,0.0
intrinsic_limited,stationary,1430.9335565166425,1430.9335565166425,19366.66066188568,90000.0,0.0,0.0,0.0,0.0,0.0,0.0,0.0,0.0,225.0,0.4050404462881959,0.10531051603493094,0.7782512557458877,0.28566850463878524,4.11300502298355,0.44482208196328504,0.810789719525839,0.4502047437212522,2.884590337910769,2.884590337910769,1.2103998846183852,1.6741904532923837,0.0,0.0,0.0,0.0,2.5037210680659676,0.10267804005969407,0.27819122978510746,4.647161509734273,633.339338114337,352.13895260898425,0.0,630.4547477764262,2.5037210680659676,41.72451159931935,0.0,0.0,-865.994103625352,0.0,1.4551915228366852e-11,0.0,-4.440892098500626e-16
intrinsic_limited,stationary,1436.8401089175447,1436.8401089175447,19364.046388168295,90000.0,0.0,0.0,0.0,0.0,0.0,0.0,0.0,0.0,226.0,0.4067123566362277,0.1057452127254192,0.780170768501974,0.2855044492132783,4.120683074007896,0.4433371607183376,0.8103072035684655,0.4492231867454387,2.8964972387646997,2.8964972387646997,1.2101379490704403,1.6863592896942596,0.0,0.0,0.0,0.0,2.5144572729490178,0.10265582437690259,0.27938414143877965,4.647788907125903,635.9536118317216,351.14939835249913,0.0,633.0571145929569,2.5144572729490178,41.90343045369538,0.0,0.0,-865.815184770976,0.0,1.8189894035458565e-11,0.0,-4.440892098500626e-16
intrinsic_limited,stationary,1442.7178476199408,1442.7178476199408,19361.4448675579,90000.0,0.0,0.0,0.0,0.0,0.0,0.0,0.0,0.0,227.0,0.408376110970831,0.10617778885241606,0.7820644227455597,0.28534114672121624,4.128257690982238,0.4418644041367141,0.8098269021212243,0.4482478659437288,2.908346054660086,2.908346054660086,1.2098773168114414,1.6984687378486447,0.0,0.0,0.0,0.0,2.525141101887717,0.10263371922928957,0.2805712335430796,4.6484134121004725,638.555132442117,350.1646713989931,0.0,635.6467863874569,2.525141101887717,42.081476462958804,0.0,0.0,-865.6371387617125,0.0,1.8189894035458565e-11,0.0,0.0
intrinsic_limited,stationary,1448.5668912806273,1448.5668912806273,19358.85604753632,90000.0,0.0,0.0,0.0,0.0,0.0,0.0,0.0,0.0,228.0,0.4100317428790314,0.10660825314854816,0.7839326389000358,0.28517859146108404,4.135730555600143,0.44040369425608633,0.8093487984149531,0.44727872091388315,2.9201370247947906,2.9201370247947906,1.2096179822118724,1.7105190425829182,0.0,0.0,0.0,0.0,2.535772770589837,0.10261172413941645,0.28175253006553735,4.649035034869931,641.1439524636971,349.18475186930004,0.0,638.2238154389023,2.535772770589837,42.258653221879634,0.0,0.0,-865.4599620027917,0.0,1.4551915228366852e-11,0.0,0.0
intrinsic_limited,stationary,1454.3873609901868,1454.3873609901868,19356.279874508175,90000.0,0.0,0.0,0.0,0.0,0.0,0.0,0.0,0.0,229.0,0.41167928663676245,0.10703661452555824,0.7857758303525306,0.2850167778029139,4.1431033214101225,0.4389549137814635,0.8088728758909233,0.4463156921013968,2.931870393272898,2.931870393272898,1.2093599395380379,1.72251045373486,0.0,0.0,0.0,0.0,2.546352499186701,0.1025898386210075,0.28292805546518895,4.6496537859285745,643.720125491843,348.209619476509,0.0,640.7882550985701,2.546352499186701,42.43496439894637,0.0,0.0,-865.283650825725,0.0,1.8189894035458565e-11,0.0,4.440892098500626e-16
intrinsic_limited,stationary,1460.1793801315873,1460.1793801315873,19353.716293863457,90000.0,0.0,0.0,0.0,0.0,0.0,0.0,0.0,0.0,230.0,0.4133187771688411,0.10746288206389869,0.7875944035396246,0.2848557001869839,4.150377614158499,0.4375179461135307,0.8083991181970116,0.44535872078346983,2.943546408819664,2.943546408819664,1.2091031829583603,1.7344432258613038,0.0,0.0,0.0,0.0,2.55688051197616,0.10256806217948614,0.2840978346640177,4.650269676038218,646.2837061365586,347.23925354965445,0.0,643.340159727739,2.55688051197616,42.610413732082705,0.0,0.0,-865.1082014925886,0.0,1.4551915228366852e-11,0.0,0.0
intrinsic_limited,stationary,1465.943074243973,1465.943074243973,19351.165250037833,90000.0,0.0,0.0,0.0,0.0,0.0,0.0,0.0,0.0,231.0,0.4149502500104119,0.1078870650027071,0.7893887580345169,0.28469535312253097,4.157555032138068,0.4360926753750135,0.8079275091839146,0.4444077490532644,2.95516532450694,2.95516532450694,1.2088477065494447,1.7463176179574953,0.0,0.0,0.0,0.0,2.5673570371750065,0.10254639431248783,0.2852618930194451,4.650882716213901,648.8347499621839,346.2736330565359,0.0,645.8795846376769,2.5673570371750065,42.78500502452148,0.0,0.0,-864.9336102001498,0.0,1.8189894035458565e-11,0.0,4.440892098500626e-16
intrinsic_limited,stationary,1471.6785708914865,1471.6785708914865,19348.626686570682,90000.0,0.0,0.0,0.0,0.0,0.0,0.0,0.0,0.0,232.0,0.41657374126981644,0.10830917273015228,0.7911592866354369,0.2845357311864785,4.1646371465417475,0.43467898643515857,0.8074580329014074,0.44346271980444807,2.9667273974887296,2.9667273974887296,1.208593504301914,1.7581338931868156,0.0,0.0,0.0,0.0,2.577782306680536,0.10252483451035602,0.2864202562978373,4.651492917710091,651.3733134293346,345.3127366256948,0.0,648.4065860318459,2.577782306680536,42.958742140831134,0.0,0.0,-864.7598730838401,0.0,1.8189894035458565e-11,0.0,0.0
intrinsic_limited,stationary,1477.385999536969,1477.385999536969,19346.100546161015,90000.0,0.0,0.0,0.0,0.0,0.0,0.0,0.0,0.0,233.0,0.4181892875928419,0.1087292147741389,0.7929063754551069,0.28437682902218225,4.171625501820428,0.4332767649324157,0.8069906735946537,0.44252357671603565,2.9782328887465845,2.9782328887465845,1.208340570126025,1.7698923186205597,0.0,0.0,0.0,0.0,2.588156555840972,0.10250338225661605,0.2875729506489968,4.652100292007391,653.8994538390012,344.35654256757385,0.0,650.9212209502547,2.588156555840972,43.1316290030898,0.0,0.0,-864.5869862215815,0.0,1.4551915228366852e-11,0.0,-4.440892098500626e-16
intrinsic_limited,stationary,1483.0654914203815,1483.0654914203815,19343.58677072128,90000.0,0.0,0.0,0.0,0.0,0.0,0.0,0.0,0.0,234.0,0.41979692612830793,0.10914720079336007,0.7946304040110789,0.28421864133819297,4.178521616044316,0.4318858972954049,0.8065254157005676,0.4415902642375204,2.989682062844518,2.989682062844518,1.2080888978570734,1.781593164987445,0.0,0.0,0.0,0.0,2.5984800232344734,0.10248203702843726,0.28872000258160807,4.652704850799711,656.4132292787377,343.40502889488636,0.0,653.4235472158932,2.5984800232344734,43.3036695872025,0.0,0.0,-864.4149456374688,0.0,1.4551915228366852e-11,0.0,-4.440892098500626e-16
intrinsic_limited,stationary,1488.7171794418043,1488.7171794418043,19341.08530142914,90000.0,0.0,0.0,0.0,0.0,0.0,0.0,0.0,0.0,235.0,0.42139669449494777,0.10956314056868642,0.7963317453167731,0.2840611629070381,4.185326981267092,0.43050627076224857,0.8060622438442298,0.44066272757429914,3.0010751876931443,3.0010751876931443,1.2078384812605873,1.793236706432557,0.0,0.0,0.0,0.0,2.608752950456466,0.10246079829707062,0.28986143893960725,4.653306605981919,658.914698570876,342.45817334221726,0.0,655.9136233831829,2.608752950456466,43.474867919357,0.0,0.0,-864.2437473053143,0.0,1.4551915228366852e-11,0.0,4.440892098500626e-16
intrinsic_limited,stationary,1494.3411980488636,1494.3411980488636,19338.596078777315,90000.0,0.0,0.0,0.0,0.0,0.0,0.0,0.0,0.0,236.0,0.42298863074954346,0.1099770439948813,0.7980107659730654,0.28390438856402306,4.192043063892262,0.429137773398345,0.805601142835362,0.43974091267339455,3.012412534322743,3.012412534322743,1.20758931403733,1.804823220285413,0.0,0.0,0.0,0.0,2.618975581915022,0.10243966552827373,0.2909972868794468,4.6539055696379314,661.4039212227009,341.5159533848836,0.0,658.3915086883782,2.618975581915022,43.64522807261384,0.0,0.0,-864.0733871520574,0.0,1.4551915228366852e-11,0.0,0.0
intrinsic_limited,stationary,1499.9376831284478,1499.9376831284478,19336.119042621493,90000.0,0.0,0.0,0.0,0.0,0.0,0.0,0.0,0.0,237.0,0.4245727733562751,0.11038892107263153,0.7996678262602748,0.2837483132060526,4.198671305041099,0.4277802941126575,0.8051420976648607,0.43882476620946725,3.023694376664975,3.023694376664975,1.2073413898280982,1.8163529868368768,0.0,0.0,0.0,0.0,2.6291481646340307,0.10241863818271865,0.2921275738482256,4.654501754029244,663.8809573785229,340.57834625707545,0.0,660.857263001858,2.6291481646340307,43.81475416362612,0.0,0.0,-863.9038610610452,0.0,1.4551915228366852e-11,0.0,0.0
intrinsic_limited,stationary,1505.5067719025747,1505.5067719025747,19333.654132226427,90000.0,0.0,0.0,0.0,0.0,0.0,0.0,0.0,0.0,238.0,0.4261491611572447,0.11079878190088363,0.801303280230414,0.2835929317904725,4.2052131209216554,0.4264337226725891,0.8046850935013898,0.4379142355711209,3.034920991342962,3.034920991342962,1.2070947022183451,1.8278262891246169,0.0,0.0,0.0,0.0,2.6392709480639214,0.10239771571638298,0.29325232756265784,4.6550951715838815,666.3458677735881,339.6453289693021,0.0,663.3109467822452,2.6392709480639214,43.983450349485246,0.0,0.0,-863.735164875186,0.0,1.4551915228366852e-11,0.0,0.0
intrinsic_limited,stationary,1511.0486028282724,1511.0486028282724,19331.20128631025,90000.0,0.0,0.0,0.0,0.0,0.0,0.0,0.0,0.0,239.0,0.4277178333441369,0.1112066366694756,0.8029174757995798,0.28343823933393253,4.211669903198319,0.42509794971751275,0.8042301156880369,0.4370092688474951,3.0460926574694573,3.0460926574694573,1.2068492447426118,1.8392434127268456,0.0,0.0,0.0,0.0,2.6493441838996783,0.10237689758092611,0.29437157598885305,4.65568583488576,668.7987136897655,338.71687832516534,0.0,665.752621032296,2.6493441838996783,44.151320824688135,0.0,0.0,-863.5672943999832,0.0,1.4551915228366852e-11,0.0,0.0
intrinsic_limited,stationary,1516.5633155013468,1516.5633155013468,19328.760443087063,90000.0,0.0,0.0,0.0,0.0,0.0,0.0,0.0,0.0,240.0,0.4292788294309788,0.11161249565205449,0.8045107548403616,0.283284230911271,4.218043019361446,0.4237728667710201,0.8037771497390324,0.4361098148151478,3.0572096564528546,3.0572096564528546,1.2066050108887953,1.8506046455640595,0.0,0.0,0.0,0.0,2.659368125905923,0.1023561832240509,0.2954853473228803,4.656273756664438,671.2395569129533,337.7929709374818,0.0,668.1823472565004,2.659368125905923,44.31836981822221,0.0,0.0,-863.4002454064491,0.0,1.8189894035458565e-11,0.0,0.0
intrinsic_limited,stationary,1522.0510505639056,1522.0510505639056,19326.331540307867,90000.0,0.0,0.0,0.0,0.0,0.0,0.0,0.0,0.0,241.0,0.4308321892279641,0.11201636919927067,0.8060834532741612,0.28313090165442006,4.224333813096645,0.42245836625195315,0.8033261813365297,0.4352158229252188,3.068272271810766,3.068272271810766,1.2063619941022337,1.8619102777085321,0.0,0.0,0.0,0.0,2.6693430297488234,0.10233557208985108,0.2965936699720914,4.656858949785268,673.6684596921491,336.873583243776,0.0,670.6001874203383,2.6693430297488234,44.48460159076414,0.0,0.0,-863.2340136339071,0.0,1.4551915228366852e-11,0.0,0.0
intrinsic_limited,stationary,1527.5119496155153,1527.5119496155153,19323.91451529989,90000.0,0.0,0.0,0.0,0.0,0.0,0.0,0.0,0.0,242.0,0.43237795281630514,0.11241826773223934,0.8076359011633227,0.28297824675133404,4.230543604653291,0.4211543414842783,0.8028771963274531,0.4343272432908754,3.079280788990925,3.079280788990925,1.2061201877896428,1.8731606012012818,0.0,0.0,0.0,0.0,2.6792691528346033,0.1023150636191436,0.2976965725371781,4.657441427239893,676.0854847001272,335.9586915211646,0.0,673.0062039111363,2.6792691528346033,44.650020431988665,0.0,0.0,-863.0685947926827,0.0,1.8189894035458565e-11,0.0,0.0
intrinsic_limited,stationary,1532.9461551278694,1532.9461551278694,19321.509305004347,90000.0,0.0,0.0,0.0,0.0,0.0,0.0,0.0,0.0,243.0,0.43391616052407866,0.11281820173626046,0.8091684228029768,0.2828262614449385,4.236673691211907,0.4198606867058609,0.8024301807204074,0.4334440266750362,3.090235495199169,3.090235495199169,1.205879585322886,1.884355909876283,0.0,0.0,0.0,0.0,2.689146754154441,0.10229465724979032,0.2987940837949378,4.6580212021371254,678.49069499567,335.04827190065237,0.0,675.4004595004708,2.689146754154441,44.81463065798376,0.0,0.0,-862.9039845666875,0.0,1.8189894035458565e-11,0.0,0.0
intrinsic_limited,stationary,1538.3538103628541,1538.3538103628541,19319.11584601271,90000.0,0.0,0.0,0.0,0.0,0.0,0.0,0.0,0.0,244.0,0.4354468529030336,0.11321618175478873,0.8106813368125172,0.2826749410321018,4.242725347250069,0.41857729707619473,0.8019851206826524,0.43256612447836423,3.10113667923427,3.10113667923427,1.2056401800425913,1.8954964991916787,0.0,0.0,0.0,0.0,2.698976094135541,0.10227435241700251,0.2998862326817267,4.658598287694163,680.8841539873041,334.1423003808592,0.0,677.7830173080698,2.698976094135541,44.97843660876879,0.0,0.0,-862.7401786159026,0.0,1.4551915228366852e-11,0.0,-4.440892098500626e-16
intrinsic_limited,stationary,1543.7350592938935,1543.7350592938935,19316.734074601532,90000.0,0.0,0.0,0.0,0.0,0.0,0.0,0.0,0.0,245.0,0.436970070706327,0.11361221838364502,0.812174956226625,0.28252428086262826,4.248699824906501,0.4173040686831404,0.801542002537142,0.43169348872753227,3.1119846313293738,3.1119846313293738,1.205401965261625,1.9065826660677487,0.0,0.0,0.0,0.0,2.708757434498163,0.10225414855363722,0.3009730482775736,4.659172697228143,683.2659253984866,333.2407528411975,0.0,680.1539407671572,2.708757434498163,45.14144264591189,0.0,0.0,-862.5771725787594,0.0,1.8189894035458565e-11,0.0,0.0
intrinsic_limited,stationary,1549.090046530463,1549.090046530463,19314.363926765825,90000.0,0.0,0.0,0.0,0.0,0.0,0.0,0.0,0.0,246.0,0.43848585486715674,0.11400632226546076,0.8136495885857704,0.28237427633827367,4.254598354343082,0.41604089854872356,0.8011008127596285,0.4308260720637545,3.12277964299983,3.12277964299983,1.2051649342684216,1.917614708731408,0.0,0.0,0.0,0.0,2.718491038118415,0.1022340450904798,0.30205455979093493,4.6597444441480205,685.6360732341944,332.34360505451883,0.0,682.5132935911946,2.718491038118415,45.303653150243385,0.0,0.0,-862.4149620744279,0.0,1.8189894035458565e-11,0.0,0.0
intrinsic_limited,stationary,1554.4189172456688,1554.4189172456688,19312.005338251147,90000.0,0.0,0.0,0.0,0.0,0.0,0.0,0.0,0.0,247.0,0.43999424647826224,0.1143985040843482,0.815105536026125,0.28222492291178153,4.2604221441045,0.4147876846340402,0.8006615379758281,0.4299638277315708,3.1335220068971985,3.1335220068971985,1.2049290803301749,1.9285929265670239,0.0,0.0,0.0,0.0,2.7281771688966177,0.10221404145651235,0.30313079654406855,4.660313541946763,687.994661748871,331.4508326992468,0.0,684.8611397419737,2.7281771688966177,45.46507251966213,0.0,0.0,-862.2535427050092,0.0,1.8189894035458565e-11,0.0,0.0
intrinsic_limited,stationary,1559.721817106783,1559.721817106783,19309.658244584338,90000.0,0.0,0.0,0.0,0.0,0.0,0.0,0.0,0.0,248.0,0.4414952867722616,0.11478877456078801,0.8165430953688211,0.2820762160859418,4.266172381475284,0.4135443258433171,0.8002241649586525,0.42910670956789587,3.1442120166692216,3.1442120166692216,1.2046943966959,1.9395176199733213,0.0,0.0,0.0,0.0,2.73781609163104,0.10219413707917692,0.3042017879590044,4.660880004193847,690.3417554156799,330.56241137101506,0.0,687.1975433990107,2.73781609163104,45.62570516703128,0.0,0.0,-862.09291005764,0.0,1.8189894035458565e-11,0.0,4.440892098500626e-16
intrinsic_limited,stationary,1564.998892208635,1564.998892208635,19307.322581102995,90000.0,0.0,0.0,0.0,0.0,0.0,0.0,0.0,0.0,249.0,0.4429890171027975,0.11517714444672734,0.8179625582085035,0.28192815141267036,4.271850232834014,0.41231072202717134,0.7997886806255011,0.42825467199131134,3.1548499668255428,3.1548499668255428,1.2044608765993619,1.950389090226181,0.0,0.0,0.0,0.0,2.747408071896831,0.10217433138461979,0.30526756354409224,4.661443844528051,692.6774188970246,329.6783165938263,0.0,689.5225689301991,2.747408071896831,45.785555518160685,0.0,0.0,-861.9330597065106,0.0,1.8189894035458565e-11,0.0,0.0
intrinsic_limited,stationary,1570.250289009763,1570.250289009763,19304.99828298373,90000.0,0.0,0.0,0.0,0.0,0.0,0.0,0.0,0.0,250.0,0.44447547892646394,0.11556362452088063,0.8193642110011212,0.28178072449210995,4.277456844004485,0.4110867739851122,0.7993550720356175,0.4274076699916088,3.1654361526090007,3.1654361526090007,1.204228513261886,1.961207639347115,0.0,0.0,0.0,0.0,2.7569533759299603,0.10215462379793393,0.3063281528811066,4.662005076650534,695.0017170162878,328.79852383074933,0.0,691.8362808636788,2.7569533759299603,45.94462800987279,0.0,0.0,-861.7739872147985,0.0,1.8189894035458565e-11,0.0,0.0
intrinsic_limited,stationary,1575.4761542712265,1575.4761542712265,19302.685285269272,90000.0,0.0,0.0,0.0,0.0,0.0,0.0,0.0,0.0,251.0,0.44595471378548696,0.11594822558422661,0.8207483351509145,0.2816339309717517,4.282993340603658,0.4098723834673247,0.7989233263875051,0.4265656591195709,3.17597086987228,3.17597086987228,1.2039972998950441,1.9719735699772356,0.0,0.0,0.0,0.0,2.7664522705160066,0.10213501374338357,0.30738358561288953,4.662563714318181,697.3147147307498,327.92300849417,0.0,694.1387438608775,2.7664522705160066,46.10292708814925,0.0,0.0,-861.6156881365221,0.0,2.1827872842550278e-11,0.0,4.440892098500626e-16
intrinsic_limited,stationary,1580.6766349979882,1580.6766349979882,19300.383522894375,90000.0,0.0,0.0,0.0,0.0,0.0,0.0,0.0,0.0,252.0,0.4474267632911316,0.11633095845569423,0.8221152070965522,0.2814877665455775,4.288460828386208,0.40866745317577674,0.7984934310164045,0.4257285954769884,3.1864544149597442,3.1864544149597442,1.2037672297032305,1.9826871852565138,0.0,0.0,0.0,0.0,2.7759050228836077,0.10211550064462428,0.3084338914315119,4.663119771337227,699.616477105644,327.05174595561203,0.0,696.4300226906843,2.7759050228836077,46.26045720635532,0.0,0.0,-861.458158018316,0.0,1.8189894035458565e-11,0.0,0.0
intrinsic_limited,stationary,1585.85187838278,1585.85187838278,19298.09293071071,90000.0,0.0,0.0,0.0,0.0,0.0,0.0,0.0,0.0,253.0,0.4488916691078132,0.11671183396803143,0.8234650983963848,0.2813422269532223,4.29386039358554,0.4074718867646834,0.7980653733918304,0.42489643570690866,3.196887084594278,3.196887084594278,1.203538295886124,1.993348788708154,0.0,0.0,0.0,0.0,2.7853119006024296,0.10209608392491193,0.3094791000669366,4.663673261557119,701.9070692893115,326.18471155514095,0.0,698.7101822047172,2.7853119006024296,46.41722282353949,0.0,0.0,-861.3013924011318,0.0,2.1827872842550278e-11,0.0,0.0
intrinsic_limited,stationary,1591.002031752357,1591.002031752357,19295.81344351061,90000.0,0.0,0.0,0.0,0.0,0.0,0.0,0.0,0.0,254.0,0.4503494729378835,0.11709086296384973,0.8247982758127764,0.28119730797915693,4.299193103251106,0.40628558884036814,0.7976391411151675,0.4240691369841118,3.2072691757689413,3.2072691757689413,1.2033104916410415,2.0039586841278996,0.0,0.0,0.0,0.0,2.794673171485476,0.1020767630073016,0.3105192412761639,4.664224198864649,704.186556489413,325.32188061036885,0.0,700.979287313644,2.794673171485476,46.573228402805455,0.0,0.0,-861.1453868218658,0.0,2.546585164964199e-11,0.0,-4.440892098500626e-16
intrinsic_limited,stationary,1596.1272425160657,1596.1272425160657,19293.54499604986,90000.0,0.0,0.0,0.0,0.0,0.0,0.0,0.0,0.0,255.0,0.4518002165070728,0.11746805629183893,0.8261150013954863,0.2810530054518898,4.304460005581945,0.40510846496055186,0.797214721917323,0.4232466570058013,3.2176009856432866,3.2176009856432866,1.2030838101651926,2.0145171754780935,0.0,0.0,0.0,0.0,2.803989103495603,0.1020575373148388,0.31155434483284467,4.664772597178305,706.455003950164,324.46322842507084,0.0,703.2374029645208,2.803989103495603,46.72847840975422,0.0,0.0,-860.990136814917,0.0,2.1827872842550278e-11,0.0,4.440892098500626e-16
intrinsic_limited,stationary,1601.2276581166366,1601.2276581166366,19291.287523069466,90000.0,0.0,0.0,0.0,0.0,0.0,0.0,0.0,0.0,256.0,0.45324394155056086,0.11784342480314583,0.8274155325640737,0.2809093152431888,4.309662130256295,0.4039404216331043,0.7967921036564377,0.42242895398251884,3.227882811444165,3.227882811444165,1.2028582446578306,2.0250245667863345,0.0,0.0,0.0,0.0,2.81325996465608,0.10203840627074269,0.31258444051734213,4.665318470442867,708.7124769305568,323.60873029742925,0.0,705.4845941191127,2.81325996465608,46.88297731099357,0.0,0.0,-860.8356379136777,0.0,2.1827872842550278e-11,0.0,4.440892098500626e-16
intrinsic_limited,stationary,1606.303425983127,1606.303425983127,19289.04095931649,90000.0,0.0,0.0,0.0,0.0,0.0,0.0,0.0,0.0,257.0,0.45468068979965726,0.1182169793479109,0.8287001221893008,0.280766233267321,4.314800488757204,0.4027813663142878,0.79637127431565,0.421615986629262,3.238114950370866,3.238114950370866,1.2026337883223106,2.0354811620485553,0.0,0.0,0.0,0.0,2.822486022965058,0.10201936929857947,0.31360955810722857,4.665861832624215,710.9590406835312,322.75836152791675,0.0,707.7209257331602,2.822486022965058,47.03672957271269,0.0,0.0,-860.6818856519586,0.0,2.1827872842550278e-11,0.0,0.0
intrinsic_limited,stationary,1611.354693485934,1611.354693485934,19286.805239563957,90000.0,0.0,0.0,0.0,0.0,0.0,0.0,0.0,0.0,258.0,0.45611050296906713,0.11858873077195746,0.829969018673513,0.28062375548031204,4.3198760746940525,0.4016312074065246,0.7959522220009179,0.4208077141568128,3.248297699504424,3.248297699504424,1.2024104343680513,2.045887265136373,0.0,0.0,0.0,0.0,2.8316675463137946,0.10200042582243002,0.31462972736819933,4.666402697704369,713.1947604360639,321.912097426834,0.0,709.9464627365595,2.8316675463137946,47.189739659319386,0.0,0.0,-860.5288755653519,0.0,2.1827872842550278e-11,0.0,0.0
intrinsic_limited,stationary,1616.381607893807,1616.381607893807,19284.58029862988,90000.0,0.0,0.0,0.0,0.0,0.0,0.0,0.0,0.0,259.0,0.45753342274472325,0.11895868991362805,0.8312224660299812,0.2804818778792228,4.324889864119925,0.4004898542557145,0.7955349349388906,0.4200040962632631,3.2584313557209676,3.2584313557209676,1.2021881760124125,2.056243179708555,0.0,0.0,0.0,0.0,2.840804802408527,0.10198157526704861,0.3156449780453918,4.666941079676713,715.4197013701421,321.06991332151097,0.0,712.1612700144211,2.840804802408527,47.3420120321381,0.0,0.0,-860.3766031925331,0.0,2.1827872842550278e-11,0.0,4.440892098500626e-16
intrinsic_limited,stationary,1621.3843163327854,1621.3843163327854,19282.366071395434,90000.0,0.0,0.0,0.0,0.0,0.0,0.0,0.0,0.0,260.0,0.45894949077216274,0.11932686760076232,0.8324607039611859,0.2803405965014446,4.329842815844744,0.3993572171481313,0.7951194014748372,0.4192050931257401,3.268516215608935,3.268516215608935,1.2019670064824821,2.066549209126453,0.0,0.0,0.0,0.0,2.849898058695829,0.10196281705801405,0.31665533985509203,4.667476992541447,717.6339286045878,320.23178456318675,0.0,714.3654123889789,2.849898058695829,47.49355114816599,0.0,0.0,-860.2250640765053,0.0,2.1827872842550278e-11,0.0,0.0
intrinsic_limited,stationary,1626.3629657469928,1626.3629657469928,19280.162492822317,90000.0,0.0,0.0,0.0,0.0,0.0,0.0,0.0,0.0,261.0,0.46035874864542975,0.11969327464781174,0.8336839679360348,0.2801999074240109,4.334735871744139,0.39823320730692296,0.7947056100706203,0.4184106653923175,3.2785525753900475,3.2785525753900475,1.2017469190167824,2.0768056563732653,0.0,0.0,0.0,0.0,2.858947582291356,0.10194415062187412,0.31766084247681725,4.668010450301209,719.8375071777072,319.39768653357754,0.0,716.5589546023172,2.858947582291356,47.64436145888545,0.0,0.0,-860.0742537657859,0.0,2.546585164964199e-11,0.0,0.0
intrinsic_limited,stationary,1631.317702861221,1631.317702861221,19277.969497969298,90000.0,0.0,0.0,0.0,0.0,0.0,0.0,0.0,0.0,262.0,0.4617612378964842,0.1200579218530859,0.8348924892660009,0.280059806762927,4.339569957064004,0.39711773688824104,0.7942935493027266,0.4176207741741178,3.288540730843878,3.288540730843878,1.2015279068668978,2.08701282397698,0.0,0.0,0.0,0.0,2.8679536399118333,0.10192557538628585,0.31866151554575917,4.668541466956902,722.030502030728,318.56759465114527,0.0,718.7419612998841,2.8679536399118333,47.7944474091307,0.0,0.0,-859.9241678155406,0.0,2.546585164964199e-11,0.0,0.0
intrinsic_limited,stationary,1636.2486741452385,1636.2486741452385,19275.787022008022,90000.0,0.0,0.0,0.0,0.0,0.0,0.0,0.0,0.0,263.0,0.463156999985099,0.12042081999612575,0.8360864951801718,0.2799202906725158,4.3443459807206875,0.3960107189770222,0.7938832078603406,0.4168353810375931,3.298480977235903,3.298480977235903,1.2013099632990212,2.097171013936882,0.0,0.0,0.0,0.0,2.8769164978101838,0.10190709078014337,0.3196573886455759,4.669070056503685,724.2129779920037,317.7414843770774,0.0,720.9144970147678,2.8769164978101838,47.94381343600671,0.0,0.0,-859.7748017886646,0.0,2.546585164964199e-11,0.0,0.0
intrinsic_limited,stationary,1641.1560257797603,1641.1560257797603,19273.615000238075,90000.0,0.0,0.0,0.0,0.0,0.0,0.0,0.0,0.0,264.0,0.46454607628922767,0.1207819798351992,0.8372662088992061,0.27978135534477955,4.349064835596824,0.394912067582445,0.7934745745434693,0.4160544479969826,3.308373609248903,3.308373609248903,1.2010930815954335,2.107280527653469,0.0,0.0,0.0,0.0,2.8858364217136763,0.10188869623370671,0.3206484913015195,4.669596232927154,726.3849997619511,316.91933122098783,0.0,723.0766261527023,2.8858364217136763,48.092463967858414,0.0,0.0,-859.6261512568129,0.0,2.546585164964199e-11,0.0,4.440892098500626e-16
intrinsic_limited,stationary,1646.0399036240194,1646.0399036240194,19271.453368101327,90000.0,0.0,0.0,0.0,0.0,0.0,0.0,0.0,0.0,265.0,0.4659285080958248,0.12114141210491446,0.8384318497081902,0.2796429970087783,4.353727398832761,0.3938216976330823,0.7930676382611127,0.4152779375069451,3.318218920917588,3.318218920917588,1.2008772550559033,2.1173416658616846,0.0,0.0,0.0,0.0,2.8947136767649835,0.1018703911787173,0.321634852973887,4.670120010199678,728.5466318986969,316.10111074634983,0.0,725.2284129777793,2.8947136767649835,48.24040342328845,0.0,0.0,-859.4782118013828,0.0,2.546585164964199e-11,0.0,0.0
intrinsic_limited,stationary,1650.9004531848789,1650.9004531848789,19269.302061195616,90000.0,0.0,0.0,0.0,0.0,0.0,0.0,0.0,0.0,266.0,0.4673043365921031,0.1214991275139468,0.8395836330283921,0.27950521193002287,4.3583345321135685,0.39273952497177134,0.7926623880294791,0.41450581245535467,3.3280172055663333,3.3280172055663333,1.2006624769990264,2.127354728567307,0.0,0.0,0.0,0.0,2.903548527466037,0.1018521750485149,0.3226165030517818,4.670641402276908,730.697938804407,315.2867985756713,0.0,727.3699215988407,2.903548527466037,48.3876362102215,0.0,0.0,-859.3309790144498,0.0,2.1827872842550278e-11,0.0,-4.440892098500626e-16
intrinsic_limited,stationary,1655.7378195874307,1655.7378195874307,19267.16101528775,90000.0,0.0,0.0,0.0,0.0,0.0,0.0,0.0,0.0,267.0,0.468673602857211,0.12185513674287486,0.8407217704879135,0.2793679964098834,4.362887081951654,0.39166546635021904,0.7922588129702454,0.4137380361562661,3.33776875574991,3.33776875574991,1.2004487407634925,2.137320014986417,0.0,0.0,0.0,0.0,2.9123412376245916,0.1018340472781416,0.32359347084717677,4.671160423094428,732.8389847122736,314.4763703954198,0.0,729.5012159565237,2.9123412376245916,48.53416672501382,0.0,0.0,-859.1844484996575,0.0,2.546585164964199e-11,0.0,0.0
intrinsic_limited,stationary,1660.5521475470248,1660.5521475470248,19265.03016632589,90000.0,0.0,0.0,0.0,0.0,0.0,0.0,0.0,0.0,268.0,0.4700363478543153,0.12220945044212199,0.8418464699912361,0.2792313467850126,4.367385879964944,0.39059943942336267,0.7918569023088606,0.4129745723430329,3.347473863197096,3.347473863197096,1.200236039709291,2.1472378234878047,0.0,0.0,0.0,0.0,2.921092070303384,0.10181600730444723,0.3245657855892648,4.671677086564576,734.969833674134,313.66980196070915,0.0,731.6223598109368,2.921092070303384,48.679999351605886,0.0,0.0,-859.0386158730654,0.0,2.546585164964199e-11,0.0,0.0
intrinsic_limited,stationary,1665.3435813426731,1665.3435813426731,19262.909450451323,90000.0,0.0,0.0,0.0,0.0,0.0,0.0,0.0,0.0,269.0,0.47139261242307284,0.12256207922999894,0.8429579357876664,0.2790952594267832,4.371831743150666,0.3895413627435026,0.7914566453728918,0.4122153851615858,3.3571328187570675,3.3571328187570675,1.2000243672188575,2.15710845153821,0.0,0.0,0.0,0.0,2.9298012877717947,0.10179805456618474,0.3255334764190882,4.672191406573389,737.0905495487003,312.86706909975516,0.0,733.7334167299432,2.9298012877717947,48.82513846071696,0.0,0.0,-858.8934767639544,0.0,2.1827872842550278e-11,0.0,0.0
intrinsic_limited,stationary,1670.1122647917844,1670.1122647917844,19260.798804009646,90000.0,0.0,0.0,0.0,0.0,0.0,0.0,0.0,0.0,270.0,0.4727424372724789,0.12291303369084451,0.844056368538682,0.2789597307407389,4.376225474154728,0.3884911557542235,0.7910580315904086,0.41146043916385605,3.366745912348462,3.366745912348462,1.199813716698157,2.166932195650305,0.0,0.0,0.0,0.0,2.938469151459924,0.10178018850410187,0.3264965723844359,4.672703396977705,739.2011959903765,312.0681477181083,0.0,735.834450078028,2.938469151459924,48.969588409079634,0.0,0.0,-858.7490268155916,0.0,2.1827872842550278e-11,0.0,0.0
intrinsic_limited,stationary,1674.8583412261698,1674.8583412261698,19258.698163561385,90000.0,0.0,0.0,0.0,0.0,0.0,0.0,0.0,0.0,271.0,0.4740858629740754,0.12326232437325961,0.8451419653841794,0.2788247571660598,4.380567861536718,0.387448738784122,0.7906610504884113,0.4107096993013542,3.376313432911011,3.376313432911011,1.1996040815777151,2.176709351333296,0.0,0.0,0.0,0.0,2.9470959219149826,0.10176240856103047,0.327455102434998,4.673213071602389,741.3018364386381,311.2730138026736,0.0,737.9255230057271,2.9470959219149826,49.113353538713184,0.0,0.0,-858.6052616859581,0.0,2.1827872842550278e-11,0.0,4.440892098500626e-16
intrinsic_limited,stationary,1679.5819534692819,1679.5819534692819,19256.607465892066,90000.0,0.0,0.0,0.0,0.0,0.0,0.0,0.0,0.0,272.0,0.4754229299555081,0.12360996178843212,0.8462149200076324,0.27869033517504016,4.38485968003053,0.3864140330403532,0.7902656916912947,0.40996313091888026,3.3858356683596558,3.3858356683596558,1.1993954553135915,2.1864402130460645,0.0,0.0,0.0,0.0,2.9556818587599203,0.10174471418196636,0.32840909541776886,4.673720444237696,743.3925341079582,310.48164342552377,0.0,740.0066984395986,2.9556818587599203,49.25643817623407,0.0,0.0,-858.4621770484372,0.0,2.546585164964199e-11,0.0,0.0
intrinsic_limited,stationary,1684.283243814633,1684.283243814633,19254.52664802177,90000.0,0.0,0.0,0.0,0.0,0.0,0.0,0.0,0.0,273.0,0.4767536784944178,0.12395595640854863,0.8472754227001646,0.2785564612725795,4.389101690800659,0.3853869606020125,0.7898719449193515,0.4092206997483848,3.395312905541042,3.395312905541042,1.199187831388299,2.1961250741527425,0.0,0.0,0.0,0.0,2.9642272206542026,0.10172710481415034,0.3293585800726891,4.674225528636753,745.4733519782557,309.69401274751544,0.0,742.0780390727147,2.9642272206542026,49.398846632202286,0.0,0.0,-858.319768592469,0.0,2.546585164964199e-11,0.0,0.0
intrinsic_limited,stationary,1688.9623540053524,1688.9623540053524,19252.455647214178,90000.0,0.0,0.0,0.0,0.0,0.0,0.0,0.0,0.0,274.0,0.4780781487126537,0.12430031866528997,0.8483236604235428,0.2784231319956858,4.393294641694171,0.38436744441336607,0.7894797999873112,0.4084823719029557,3.4047454301923095,3.4047454301923095,1.1989812033116816,2.205764226880628,0.0,0.0,0.0,0.0,2.9727322652566524,0.10170957990714025,0.33030358502851687,4.674728338513169,747.5443527858462,308.9100980217132,0.0,744.1396073556539,2.9727322652566524,49.540583200502105,0.0,0.0,-858.1780320241692,0.0,2.546585164964199e-11,0.0,0.0
intrinsic_limited,stationary,1693.619425214838,1693.619425214838,19250.394400985144,90000.0,0.0,0.0,0.0,0.0,0.0,0.0,0.0,0.0,275.0,0.4793963805707966,0.12464305894840712,0.8493598168720984,0.27829034391299146,4.3974392674883935,0.3833554082769422,0.7890892468029161,0.4077481138709434,3.4141335269020874,3.4141335269020874,1.1987755646217322,2.215357962280355,0.0,0.0,0.0,0.0,2.981197249190286,0.10169213891288058,0.3312441387989206,4.675228887538752,749.6055990148793,308.129875596632,0.0,746.1914654879772,2.981197249190286,49.68165215775611,0.0,0.0,-858.0369630669152,0.0,2.1827872842550278e-11,0.0,0.0
intrinsic_limited,stationary,1698.2545980284613,1698.2545980284613,19248.342847110784,90000.0,0.0,0.0,0.0,0.0,0.0,0.0,0.0,0.0,276.0,0.48070841386298047,0.12498418760437492,0.8503840725335876,0.2781580936242802,4.40153629013435,0.3823507768464971,0.78870027536553,0.40701789251020937,3.423477479073614,3.423477479073614,1.1985709088853695,2.2249065701882444,0.0,0.0,0.0,0.0,2.989622428009059,0.10167478128577077,0.3321802697787843,4.675727189341351,751.6571528892409,307.35332191930166,0.0,748.2336754101673,2.989622428009059,49.82205776277097,0.0,0.0,-857.8965574619003,0.0,2.546585164964199e-11,0.0,0.0
intrinsic_limited,stationary,1702.8680124262837,1702.8680124262837,19246.30092363512,90000.0,0.0,0.0,0.0,0.0,0.0,0.0,0.0,0.0,277.0,0.482014288212,0.12532371493512,0.8513966047489956,0.27802637776002603,4.405586418995982,0.38135347561986593,0.7883128757647825,0.40629167504250147,3.4327775688898967,3.4327775688898967,1.1983672296991719,2.2344103391907244,0.0,0.0,0.0,0.0,2.9980080561664555,0.10165750648272394,0.3331120062407172,4.676223257502791,753.699076364903,306.58041353816253,0.0,750.2662987960131,2.9980080561664555,49.96180425601398,0.0,0.0,-857.7568109686573,0.0,2.546585164964199e-11,0.0,0.0
intrinsic_limited,stationary,1707.4598077667486,1707.4598077667486,19244.268568877316,90000.0,0.0,0.0,0.0,0.0,0.0,0.0,0.0,0.0,278.0,0.48331404306469455,0.1256616511968206,0.8523975877712962,0.27789519298094334,4.409590351085185,0.3803634309317108,0.7879270381792451,0.4055694290479508,3.442034077280833,3.442034077280833,1.1981645206900637,2.243869556590769,0.0,0.0,0.0,0.0,3.0063543869858442,0.10164031396322777,0.3340393763317604,4.676717105556923,755.731431122706,305.8111271057977,0.0,752.2893970454252,3.0063543869858442,50.10089585911909,0.0,0.0,-857.6177193655521,0.0,2.1827872842550278e-11,0.0,8.881784197001252e-16
intrinsic_limited,stationary,1712.030122771308,1712.030122771308,19242.24572143847,90000.0,0.0,0.0,0.0,0.0,0.0,0.0,0.0,0.0,279.0,0.4846077176875965,0.12599800659877508,0.8533871928231775,0.27776453597754736,4.41354877129271,0.37938056994617647,0.7875427528751393,0.4048511224596849,3.4512472838922243,3.4512472838922243,1.1979627755159645,2.253284508376259,0.0,0.0,0.0,0.0,3.0146616726325437,0.10162320318939819,0.33496240807028255,4.67720874698777,757.7542785615542,305.04543938150886,0.0,754.303031277662,3.0146616726325437,50.23933677442134,0.0,0.0,-857.4792784502499,0.0,2.546585164964199e-11,0.0,0.0
intrinsic_limited,stationary,1716.579095509952,1716.579095509952,19240.23232020801,90000.0,0.0,0.0,0.0,0.0,0.0,0.0,0.0,0.0,280.0,0.48589535116283517,0.12633279130233716,0.8543655881537441,0.27763440346972557,4.417462352614976,0.37840482064946274,0.7871600102050752,0.4041367235585574,3.4604174670566015,3.4604174670566015,1.1977619878663939,2.2626554791902076,0.0,0.0,0.0,0.0,3.022930164087514,0.10160617362603067,0.33588112934305697,4.6776981952277685,759.7676797920112,304.2833272337402,0.0,756.3072623249546,3.022930164087514,50.37713118451842,0.0,0.0,-857.3414840401529,0.0,2.1827872842550278e-11,0.0,0.0
intrinsic_limited,stationary,1721.1068633875996,1721.1068633875996,19238.228304369746,90000.0,0.0,0.0,0.0,0.0,0.0,0.0,0.0,0.0,281.0,0.4871769823842848,0.12666601541991404,0.8553329390942036,0.2775047922063193,4.421331756376814,0.37743611184232506,0.7867788006068215,0.4034262009679883,3.4695449037657937,3.4695449037657937,1.1975621514630415,2.2719827523027525,0.0,0.0,0.0,0.0,3.03116011112263,0.10158922474064974,0.33679556790251436,4.6781854636561055,761.7716956302767,303.5247676423585,0.0,758.3021507265108,3.03116011112263,50.51428325185863,0.0,0.0,-857.2043319728127,0.0,2.1827872842550278e-11,0.0,-4.440892098500626e-16
intrinsic_limited,stationary,1725.6135631313257,1725.6135631313257,19236.23361340749,90000.0,0.0,0.0,0.0,0.0,0.0,0.0,0.0,0.0,282.0,0.48845265005394894,0.12699768901402672,0.8562894081125553,0.2773756989647149,4.425157632450221,0.3764743731325099,0.7863991146021028,0.40271952364891295,3.4786298696451765,3.4786298696451765,1.1973632600603004,2.2812666095848764,0.0,0.0,0.0,0.0,3.039351762277461,0.1015723560035535,0.33770575136416225,4.678670565597143,763.766386592532,302.7697377007933,0.0,760.2877567228868,3.039351762277461,50.650797118353886,0.0,0.0,-857.0678181063174,0.0,2.1827872842550278e-11,0.0,0.0
intrinsic_limited,stationary,1730.0993307783842,1730.0993307783842,19234.24818711038,90000.0,0.0,0.0,0.0,0.0,0.0,0.0,0.0,0.0,283.0,0.48972239267856993,0.12732782209642818,0.8572351548672852,0.27724712055044465,4.428940619469141,0.375519534927136,0.7860209427954254,0.4020166608948351,3.4876726389295287,3.4876726389295287,1.1971653074457627,2.2905073314837665,0.0,0.0,0.0,0.0,3.047505364837506,0.1015555668878552,0.3386117072041673,4.679153514318927,765.7518128896402,302.0182146180434,0.0,762.2641402507106,3.047505364837506,50.78667690501704,0.0,0.0,-856.9319383196543,0.0,2.1827872842550278e-11,0.0,0.0
intrinsic_limited,stationary,1734.5643016650001,1734.5643016650001,19232.27196557784,90000.0,0.0,0.0,0.0,0.0,0.0,0.0,0.0,0.0,284.0,0.490986248566457,0.12765642462727883,0.8581703362600872,0.27711905379679735,4.432681345040349,0.3745715284250271,0.7856442758729334,0.4013175823269875,3.49667348444044,3.49667348444044,1.1969682874406842,2.299705196999756,0.0,0.0,0.0,0.0,3.055621164813825,0.10153885686952333,0.3395134627570916,4.679634323031784,767.7280344221849,301.27017572055416,0.0,764.2313609377445,3.055621164813825,50.9219267116224,0.0,0.0,-856.7966885130489,0.0,2.1827872842550278e-11,0.0,0.0
intrinsic_limited,stationary,1739.0086104158988,1739.0086104158988,19230.304889224186,90000.0,0.0,0.0,0.0,0.0,0.0,0.0,0.0,0.0,285.0,0.49224425582452186,0.12798350651437568,0.8590951064876157,0.2769914955644373,4.436380425950462,0.37363028560900635,0.7852691046012863,0.4006222578895855,3.505632677565202,3.505632677565202,1.1967721939004132,2.308860483664789,0.0,0.0,0.0,0.0,3.0636994069240058,0.10152222542741755,0.34041104521377835,4.680113004886991,769.6951107758362,300.52559845397235,0.0,766.1894780982709,3.0636994069240058,51.056550616388556,0.0,0.0,-856.6620646082828,0.0,2.1827872842550278e-11,0.0,0.0
intrinsic_limited,stationary,1743.4323909345444,1743.4323909345444,19228.346898782995,90000.0,0.0,0.0,0.0,0.0,0.0,0.0,0.0,0.0,286.0,0.49349645235551604,0.12830907761243418,0.8600096170922881,0.2768644427410329,4.440038468369153,0.3726957392381571,0.7848954198265674,0.3999306578451851,3.5145504882371292,3.5145504882371292,1.1965770207147923,2.3179734675223367,0.0,0.0,0.0,0.0,3.0717403345744256,0.10150567204332289,0.34130448161938054,4.680589572975527,771.6531012170293,299.7844603847811,0.0,768.1385507287922,3.0717403345744256,51.1905526756828,0.0,0.0,-856.5280625489885,0.0,2.546585164964199e-11,0.0,4.440892098500626e-16
intrinsic_limited,stationary,1747.835776394057,1747.835776394057,19226.397935311077,90000.0,0.0,0.0,0.0,0.0,0.0,0.0,0.0,0.0,287.0,0.4947428758554594,0.12863314772241946,0.860914017012145,0.2767378922408929,4.44365606804858,0.3717678228400593,0.7845232124732144,0.39924275277012927,3.523427184917251,3.523427184917251,1.1963827618085259,2.327044423108725,0.0,0.0,0.0,0.0,3.0797441898437428,0.10148919620198163,0.34219379887152684,4.681064040326898,773.6020646889455,299.04673920182165,0.0,770.0786375040282,3.0797441898437428,51.32393692374597,0.0,0.0,-856.3946783009253,0.0,2.1827872842550278e-11,0.0,0.0
intrinsic_limited,stationary,1752.2188992287852,1752.2188992287852,19224.457940192242,90000.0,0.0,0.0,0.0,0.0,0.0,0.0,0.0,0.0,288.0,0.49598356381125525,0.12895572659092636,0.8618084526297868,0.27661184100461167,4.447233810519148,0.37084647070300636,0.7841524735429756,0.3985585135500919,3.532263034577323,3.532263034577323,1.1961894111415232,2.3360736234357997,0.0,0.0,0.0,0.0,3.0877112134675824,0.10147279739112045,0.3430790237186202,4.681536419908025,775.5420598077812,298.31241271770546,0.0,772.0097967732039,3.0877112134675824,51.45670737243726,0.0,0.0,-856.261907852234,0.0,2.1827872842550278e-11,0.0,0.0
intrinsic_limited,stationary,1756.581891126503,1756.581891126503,19222.526855140728,90000.0,0.0,0.0,0.0,0.0,0.0,0.0,0.0,0.0,289.0,0.49721855349848104,0.12927682390960507,0.8626930678203936,0.2764862859987219,4.450772271281574,0.3699316178682091,0.783783194113888,0.39787791137570583,3.5410583026840947,3.5410583026840947,1.1959969627092102,2.3450613399748845,0.0,0.0,0.0,0.0,3.095641644824353,0.10145647510148019,0.3439601827582614,4.682006724622215,777.4731448592951,297.58145887012125,0.0,773.932086556611,3.095641644824353,51.58886801099784,0.0,0.0,-856.1297472136735,0.0,2.1827872842550278e-11,0.0,0.0
intrinsic_limited,stationary,1760.9248830212105,1760.9248830212105,19220.604622204402,90000.0,0.0,0.0,0.0,0.0,0.0,0.0,0.0,0.0,290.0,0.4984478819793509,0.12959644931463124,0.8635680039988466,0.27636122421535564,4.454272015995386,0.36902320012199263,0.7834153653392814,0.3972009177382848,3.5498132531847975,3.5498132531847975,1.195805410542816,2.3540078426419813,0.0,0.0,0.0,0.0,3.1035357219221655,0.101440228826836,0.3448373024357961,4.682474967308179,779.3953777956208,296.8538557230415,0.0,775.845564542436,3.1035357219221655,51.72042280583289,0.0,0.0,-855.9981924188384,0.0,2.1827872842550278e-11,0.0,0.0
intrinsic_limited,stationary,1765.2480050865108,1765.2480050865108,19218.691183767685,90000.0,0.0,0.0,0.0,0.0,0.0,0.0,0.0,0.0,291.0,0.49967158610084084,0.12991461238621863,0.8644334001659625,0.2762366526719124,4.45773360066385,0.36812115398799206,0.7830489784468012,0.3965275044256227,3.558528148493795,3.558528148493795,1.195614748709637,2.3629133997841585,0.0,0.0,0.0,0.0,3.111393681386794,0.10142405806402398,0.34571040904297706,4.682941160739134,781.3088162323362,296.1295814678314,0.0,777.7502880838424,3.111393681386794,51.851375700310925,0.0,0.0,-855.8672395243603,0.0,2.1827872842550278e-11,0.0,-4.440892098500626e-16
intrinsic_limited,stationary,1769.5513867295413,1769.5513867295413,19216.786482554246,90000.0,0.0,0.0,0.0,0.0,0.0,0.0,0.0,0.0,292.0,0.5008897024929706,0.13023132264817236,0.8652893929538529,0.27611256841073484,4.461157571815411,0.3672254167193509,0.7826840247374555,0.39585764351788144,3.567203249480347,3.567203249480347,1.195424971313271,2.371778278167076,0.0,0.0,0.0,0.0,3.1192157584506517,0.1014079623129567,0.34657952871673897,4.683405317621942,783.2135174457769,295.4086144242662,0.0,779.6463141962965,3.1192157584506517,51.98173061458011,0.0,0.0,-855.7368846100912,0.0,2.1827872842550278e-11,0.0,-4.440892098500626e-16
intrinsic_limited,stationary,1773.8351565854352,1773.8351565854352,19214.89046162944,90000.0,0.0,0.0,0.0,0.0,0.0,0.0,0.0,0.0,293.0,0.5021022675672365,0.1305465895674815,0.8661361166704256,0.2759889684987916,4.464544466681702,0.3663359262909284,0.7823204955846813,0.395191307383557,3.575838815457447,3.575838815457447,1.195236072493834,2.3806027429636125,0.0,0.0,0.0,0.0,3.127002186942721,0.10139194107664572,0.34744468743808005,4.683867450596329,785.1095383705853,294.69093304145906,0.0,781.5336995551278,3.127002186942721,52.11149144540044,0.0,0.0,-855.6071237792709,0.0,2.546585164964199e-11,0.0,4.440892098500626e-16
intrinsic_limited,stationary,1778.0994425122951,1778.0994425122951,19213.003064402536,90000.0,0.0,0.0,0.0,0.0,0.0,0.0,0.0,0.0,294.0,0.5033093175151883,0.13086042255394895,0.8669737033430385,0.275865850027367,4.467894813372154,0.3654526213915194,0.7819583824334324,0.39452846867552416,3.584435104171685,3.584435104171685,1.1950480464281503,2.389387057743535,0.0,0.0,0.0,0.0,3.134753199279423,0.10137599386121525,0.3483059110310469,4.6843275722341495,786.9969355974853,293.9765158987026,0.0,783.4125004933136,3.134753199279423,52.240662065991586,0.0,0.0,-855.4779531586797,0.0,2.1827872842550278e-11,0.0,0.0
intrinsic_limited,stationary,1782.3443715866506,1782.3443715866506,19211.124234628747,90000.0,0.0,0.0,0.0,0.0,0.0,0.0,0.0,0.0,295.0,0.5045108883071433,0.13117283095985727,0.8678022827613199,0.2757432101117572,4.4712091310452795,0.3645754414160916,0.7815976767992858,0.3938691003271565,3.592992371794097,3.592992371794097,1.1948608873299236,2.398131484464173,0.0,0.0,0.0,0.0,3.1424690264563626,0.10136012017591649,0.34916322516181797,4.6847856950386975,788.8757653712725,293.2653417062304,0.0,785.2827729994783,3.1424690264563626,52.36924632589528,0.0,0.0,-855.349368898776,0.0,1.8189894035458565e-11,0.0,0.0
intrinsic_limited,stationary,1786.5700700993893,1786.5700700993893,19209.25391641101,90000.0,0.0,0.0,0.0,0.0,0.0,0.0,0.0,0.0,296.0,0.5057070156910349,0.13148382407966908,0.8686219825191703,0.2756210458909729,4.474487930076681,0.3637043264580438,0.7812383702675675,0.39321317554852064,3.6015108729119567,3.6015108729119567,1.1946745894498865,2.4068362834620705,0.0,0.0,0.0,0.0,3.1501498980409326,0.10134431953314263,0.35001665533788134,4.6852418314440865,790.7460835890125,292.5573893058987,0.0,787.1445727161006,3.1501498980409326,52.497248050852136,0.0,0.0,-855.2213671738192,0.0,2.1827872842550278e-11,0.0,0.0
intrinsic_limited,stationary,1790.7766635521318,1790.7766635521318,19207.392054201584,90000.0,0.0,0.0,0.0,0.0,0.0,0.0,0.0,0.0,297.0,0.5068977351913865,0.13179341114976048,0.8694329280559578,0.275499354527449,4.477731712223831,0.3628392173014891,0.7808804544924971,0.39256066782264554,3.6099908605214712,3.6099908605214712,1.1944891470759313,2.41550171344554,0.0,0.0,0.0,0.0,3.157796042165731,0.10132859144843674,0.3508662269073034,4.685695993814665,792.6079457984372,291.85263767179356,0.0,788.9979549379157,3.157796042165731,52.62467104269191,0.0,0.0,-855.0939441819794,0.0,2.1827872842550278e-11,0.0,0.0
intrinsic_limited,stationary,1794.9642766540396,1794.9642766540396,19205.538592803492,90000.0,0.0,0.0,0.0,0.0,0.0,0.0,0.0,0.0,298.0,0.5080830821084076,0.13210160134818597,0.8702352426969205,0.27537813320675925,4.480940970787682,0.3619800554135665,0.7805239211963507,0.39191155090185953,3.618432586021345,3.618432586021345,1.1943045545332214,2.4241280314881237,0.0,0.0,0.0,0.0,3.1654076855227573,0.1013129354405036,0.35171196505808405,4.686148194444487,794.4614071965314,291.1510659107654,0.0,790.84297461051,3.1654076855227573,52.75151907923675,0.0,0.0,-854.9670961454345,0.0,2.1827872842550278e-11,0.0,0.0
intrinsic_limited,stationary,1799.1330333190328,1799.1330333190328,19203.693477371722,90000.0,0.0,0.0,0.0,0.0,0.0,0.0,0.0,0.0,299.0,0.5092630915172065,0.1324084037944737,0.8710290476927908,0.2752573791373377,4.484116190771163,0.36112678293678474,0.7801687621686404,0.3912657988041956,3.6268362992071714,3.6268362992071714,1.194120806184284,2.4327154930228874,0.0,0.0,0.0,0.0,3.172985053358359,0.10129735103121756,0.35255389481759536,4.686598445556823,796.3065226283015,290.4526532628958,0.0,792.6796863290944,3.172985053358359,52.877795914217046,0.0,0.0,-854.8408193104542,0.0,2.1827872842550278e-11,0.0,-4.440892098500626e-16
intrinsic_limited,stationary,1803.2830566634036,1803.2830566634036,19201.856653414303,90000.0,0.0,0.0,0.0,0.0,0.0,0.0,0.0,0.0,300.0,0.5104377982671148,0.13271382754944985,0.8718144622586517,0.27513708955020566,4.487257849034607,0.36027934268140027,0.7798149692653108,0.3906233858098664,3.635202248266622,3.635202248266622,1.1939378964290888,2.4412643518375328,0.0,0.0,0.0,0.0,3.1805283694688953,0.10128183774562713,0.35339204105209937,4.6870467593037155,798.1433465857193,289.7573791018966,0.0,794.5081443374527,3.1805283694688953,53.00350527719914,0.0,0.0,-854.7151099474721,0.0,2.1827872842550278e-11,0.0,0.0
intrinsic_limited,stationary,1807.4144690038052,1807.4144690038052,19200.02806679319,90000.0,0.0,0.0,0.0,0.0,0.0,0.0,0.0,0.0,301.0,0.511607236981118,0.13301788161509068,0.8725916036120431,0.2750172616987038,4.4903664144481725,0.35943767811783367,0.7794625344079523,0.3899842864578009,3.6435306797753904,3.6435306797753904,1.1937558197051066,2.4497748600702836,0.0,0.0,0.0,0.0,3.1880378561970857,0.10126639511196221,0.3542264284663427,4.6874931477655855,799.9719332068319,289.0652229354475,0.0,796.3284025270565,3.1880378561970857,53.12865087352443,0.0,0.0,-854.5899643511468,0.0,2.1827872842550278e-11,0.0,0.0
intrinsic_limited,stationary,1811.5273918556043,1811.5273918556043,19198.20766372499,90000.0,0.0,0.0,0.0,0.0,0.0,0.0,0.0,0.0,302.0,0.5127714420553892,0.1333205749344012,0.8733605870103269,0.27489789285823024,4.493442348041308,0.35860173336912626,0.7791114495830301,0.3893484755422465,3.651821838693875,3.651821838693875,1.1935745704873526,2.458247268206523,0.0,0.0,0.0,0.0,3.195513734429015,0.1012510226616365,0.3550570816032238,4.687937622950865,801.7923362750322,288.3761644054713,0.0,798.1405144363383,3.195513734429015,53.25323638425953,0.0,0.0,-854.4653788404117,0.0,2.1827872842550278e-11,0.0,0.0
intrinsic_limited,stationary,1815.6219459315764,1815.6219459315764,19196.395390781538,90000.0,0.0,0.0,0.0,0.0,0.0,0.0,0.0,0.0,303.0,0.5139304476589199,0.13362191639131918,0.874121525787325,0.2747789803259839,4.4964861031493,0.35777145320343956,0.7787617068411292,0.38871592810943406,3.660075968364546,3.660075968364546,1.193394143288419,2.466681825076127,0.0,0.0,0.0,0.0,3.202956223591766,0.10123571992925069,0.3558840248435295,4.688380196795679,803.6046092184821,287.6901832883533,0.0,799.9445332501175,3.202956223591766,53.37726546615678,0.0,0.0,-854.3413497585145,0.0,1.8189894035458565e-11,0.0,-4.440892098500626e-16
intrinsic_limited,stationary,1819.698251140934,1819.698251140934,19194.59119489034,90000.0,0.0,0.0,0.0,0.0,0.0,0.0,0.0,0.0,304.0,0.5150842877332448,0.13392191481064364,0.8748745313892458,0.2746605214207125,4.499498125556983,0.3569467830266006,0.7784132982962133,0.3880866194543009,3.6682933105099855,3.6682933105099855,1.1932145326584864,2.475078777851499,0.0,0.0,0.0,0.0,3.2103655416516528,0.10122048645259375,0.3567072824057391,4.688820881163558,805.4088051096813,287.0072594951036,0.0,801.7405117991714,3.2103655416516528,53.500741751624794,0.0,0.0,-854.2178734730466,0.0,2.1827872842550278e-11,0.0,-4.440892098500626e-16
intrinsic_limited,stationary,1823.7564265886688,1823.7564265886688,19192.795023334846,90000.0,0.0,0.0,0.0,0.0,0.0,0.0,0.0,0.0,305.0,0.5162329959922555,0.13422057895798642,0.8756197134099076,0.2745425134824655,4.50247885363963,0.3561276688746941,0.7780662161248986,0.3874605251172717,3.6764741052315655,3.6764741052315655,1.1930357331853272,2.4834383720462383,0.0,0.0,0.0,0.0,3.2177419051130314,0.10120532177264165,0.3575268783458923,4.689259687845197,807.2049766651776,286.3273730714673,0.0,803.528502559946,3.2177419051130314,53.62366884870867,0.0,0.0,-854.0949463759626,0.0,2.1827872842550278e-11,0.0,0.0
intrinsic_limited,stationary,1827.796590575198,1827.796590575198,19191.00682375461,90000.0,0.0,0.0,0.0,0.0,0.0,0.0,0.0,0.0,306.0,0.5173766059221008,0.1345179175397462,0.8763571796252759,0.2744249538723525,4.505428718501104,0.3553140574067046,0.7777204525657426,0.3868376208811024,3.68461859100873,3.68461859100873,1.1928577394942932,2.4917608515144365,0.0,0.0,0.0,0.0,3.225085529017653,0.10119022543355959,0.3583428365575169,4.689696628558231,808.9931762454088,285.65050419798416,0.0,805.3085576544,3.225085529017653,53.74605034107919,0.0,0.0,-853.9725648835921,0.0,1.8189894035458565e-11,0.0,0.0
intrinsic_limited,stationary,1831.8188605962969,1831.8188605962969,19189.226544145346,90000.0,0.0,0.0,0.0,0.0,0.0,0.0,0.0,0.0,307.0,0.5185151507811672,0.13481393920310347,0.877087036027324,0.27430783997230546,4.508348144109296,0.35450589589721,0.7773759999185456,0.38621788276777247,3.6927270046988627,3.6927270046988627,1.192680546248294,2.500046458450569,0.0,0.0,0.0,0.0,3.2323966269445505,0.10117519698269564,0.3591551807716166,4.690131714947057,810.773455854674,284.97663318999935,0.0,807.0807288499751,3.2323966269445505,53.86788978803093,0.0,0.0,-853.8507254366403,0.0,1.8189894035458565e-11,0.0,0.0
intrinsic_limited,stationary,1835.823353343308,1835.823353343308,19187.454132858795,90000.0,0.0,0.0,0.0,0.0,0.0,0.0,0.0,0.0,308.0,0.5196486636001381,0.1351086525360359,0.8778093868572299,0.27419116918484615,4.5112375474289195,0.35370313222912847,0.7770328505436652,0.3856012870354371,3.7007995815377077,3.7007995815377077,1.1925041481477545,2.508295433389953,0.0,0.0,0.0,0.0,3.2396754110104133,0.10116023597058162,0.3599639345567125,4.690564958582686,812.5458671412257,284.30574049762885,0.0,808.845067559688,3.2396754110104133,53.98919072448854,0.0,0.0,-853.7294245001827,0.0,2.1827872842550278e-11,0.0,4.440892098500626e-16
intrinsic_limited,stationary,1839.8101847036155,1839.8101847036155,19185.689538602543,90000.0,0.0,0.0,0.0,0.0,0.0,0.0,0.0,0.0,309.0,0.5207771771821283,0.1354020660673534,0.8785243346379243,0.27407493893285756,4.514097338551697,0.352905714886519,0.7766909968613458,0.3849878101754312,3.708836555140324,3.708836555140324,1.1923285399305765,2.5165080152097477,0.0,0.0,0.0,0.0,3.2469220918704584,0.1011453419509262,0.36076912131893973,4.690996370962618,814.3104613974799,283.63780670567974,0.0,810.6016248423396,3.2469220918704584,54.10995666102119,0.0,0.0,-853.6086585636501,0.0,2.1827872842550278e-11,0.0,0.0
intrinsic_limited,stationary,1843.7794697613663,1843.7794697613663,19183.932710439687,90000.0,0.0,0.0,0.0,0.0,0.0,0.0,0.0,0.0,310.0,0.5219007241028883,0.13569418826675098,0.8792319802059985,0.2739591466593595,4.516927920823994,0.35211359294743955,0.7763504313510574,0.384377428909323,3.7168381575025426,3.7168381575025426,1.1921537163720706,2.524684441130472,0.0,0.0,0.0,0.0,3.2541368787197373,0.10113051448061221,0.361570764302193,4.691425963510755,816.0672895603351,282.9728125335294,0.0,812.3504514028325,3.2541368787197373,54.23019108386442,0.0,0.0,-853.4884241408068,0.0,2.1827872842550278e-11,0.0,0.0
intrinsic_limited,stationary,1847.731322798435,1847.731322798435,19182.183597788422,90000.0,0.0,0.0,0.0,0.0,0.0,0.0,0.0,0.0,311.0,0.5230193367110769,0.13598502754488,0.8799324227429847,0.27384378982728885,4.519729690971939,0.35132671607686167,0.7760111465508496,0.3837701201860222,3.7248046190029087,3.7248046190029087,1.1919796722848972,2.5328249467180117,0.0,0.0,0.0,0.0,3.261319979294898,0.10111575311968926,0.3623688865883219,4.69185374757733,817.8164022115997,282.3107388349642,0.0,814.0915975925967,3.261319979294898,54.34989745494947,0.0,0.0,-853.3687177697218,0.0,2.1827872842550278e-11,0.0,-4.440892098500626e-16
intrinsic_limited,stationary,1851.6658572956146,1851.6658572956146,19180.442150421502,90000.0,0.0,0.0,0.0,0.0,0.0,0.0,0.0,0.0,312.0,0.5241330471285987,0.13627459225343566,0.8806257598060238,0.27372886591928325,4.522503039224095,0.3505450345196446,0.7756731350567155,0.3831658611789338,3.7327361684050833,3.7327361684050833,1.1918064025189794,2.5409297658861036,0.0,0.0,0.0,0.0,3.268471599876345,0.10110105743136688,0.3631635110973716,4.692279734438874,819.5578495785185,281.6515665979791,0.0,815.8251134101134,3.268471599876345,54.46907921193929,0.0,0.0,-853.249536012732,0.0,2.1827872842550278e-11,0.0,-4.440892098500626e-16
intrinsic_limited,stationary,1855.5831859340274,1855.5831859340274,19178.708318465626,90000.0,0.0,0.0,0.0,0.0,0.0,0.0,0.0,0.0,313.0,0.5252418872510028,0.13656289068526076,0.8813120873579271,0.273614372437469,4.525248349431708,0.3497684990935685,0.7753363895219677,0.3825646292831628,3.740633032860687,3.740633032860687,1.191633901961424,2.5489991308992628,0.0,0.0,0.0,0.0,3.27559194529081,0.10108642698200902,0.3639546605878677,4.692703935298201,821.2916815343979,280.9952769445427,0.0,817.5510485015371,3.27559194529081,54.58773976827135,0.0,0.0,-853.1308754564,0.0,2.1827872842550278e-11,0.0,4.440892098500626e-16
intrinsic_limited,stationary,1859.4834205967397,1859.4834205967397,19176.982052400705,90000.0,0.0,0.0,0.0,0.0,0.0,0.0,0.0,0.0,314.0,0.5263458887479412,0.13684993107446472,0.881991499796649,0.2735003069032529,4.527965999186597,0.3489970611824293,0.7750009026566261,0.3819664021127647,3.7484954379125552,3.7484954379125552,1.1914621655364157,2.5570332723761395,0.0,0.0,0.0,0.0,3.2826812189142878,0.10107186134112446,0.364742357657143,4.693126361284423,823.0179475993199,280.34185113032515,0.0,819.2694521614073,3.2826812189142878,54.7058825132066,0.0,0.0,-853.0127327114647,0.0,2.546585164964199e-11,0.0,0.0
intrinsic_limited,stationary,1863.3666723705794,1863.3666723705794,19175.263303059077,90000.0,0.0,0.0,0.0,0.0,0.0,0.0,0.0,0.0,315.0,0.5274450830636818,0.13713572159655726,0.8826640899841768,0.27338666685711704,4.530656359936707,0.3482306727291943,0.7746666672268149,0.3813711574980412,3.756323607498403,3.756323607498403,1.1912911882051207,2.5650324192932827,0.0,0.0,0.0,0.0,3.2897396226753415,0.10105736008135709,0.36552662474170455,4.693547023452975,824.7366969409469,279.69127054439497,0.0,820.9803733334485,3.2897396226753415,54.82351081188456,0.0,0.0,-852.8951044127867,0.0,2.546585164964199e-11,0.0,0.0
intrinsic_limited,stationary,1867.2330515481353,1867.2330515481353,19173.55202162462,90000.0,0.0,0.0,0.0,0.0,0.0,0.0,0.0,0.0,316.0,0.528539501417675,0.1374202703685955,0.8833299492748525,0.2732734498584185,4.53331979709941,0.3474692862292218,0.7743336760541721,0.3807788734828841,3.7641177639548546,3.7641177639548546,1.1911209649655672,2.572996798989288,0.0,0.0,0.0,0.0,3.296767357058739,0.10104292277847819,0.3663074841176376,4.693965932785682,826.4479783754066,279.0435167088831,0.0,822.6838606114518,3.296767357058739,54.940628005383886,0.0,0.0,-852.7779872192874,0.0,2.546585164964199e-11,0.0,0.0
intrinsic_limited,stationary,1871.0826676299412,1871.0826676299412,19171.84815963177,90000.0,0.0,0.0,0.0,0.0,0.0,0.0,0.0,0.0,317.0,0.5296291748051721,0.13770358544934475,0.8839891675431366,0.2731606534851909,4.5359566701725464,0.34671285472354235,0.7740019220152674,0.3801895283221577,3.7718781280218456,3.7718781280218456,1.19095149085253,2.5809266371693154,0.0,0.0,0.0,0.0,3.3037646211094236,0.10102854901137502,0.367084957901047,4.694383100190828,828.1518403682586,278.3985712786178,0.0,824.3799622402368,3.3037646211094236,55.05723741078854,0.0,0.0,-852.6613778138827,0.0,2.9103830456733704e-11,0.0,0.0
intrinsic_limited,stationary,1874.9156293268254,1874.9156293268254,19170.151668964492,90000.0,0.0,0.0,0.0,0.0,0.0,0.0,0.0,0.0,318.0,0.5307141339978902,0.13798567483945146,0.8846418332108236,0.273048275333951,4.538567332843295,0.3459613317922052,0.7736713980410324,0.37960310047913026,3.7796049188473604,3.7796049188473604,1.190782760937397,2.5888221579099633,0.0,0.0,0.0,0.0,3.3107316124367876,0.10101423836204104,0.36785906804853186,4.694798536503258,829.8483310355343,277.75641604073024,0.0,826.068726116687,3.3107316124367876,55.173342321259064,0.0,0.0,-852.5452729034122,0.0,2.546585164964199e-11,0.0,0.0
intrinsic_limited,stationary,1878.7320445624257,1878.7320445624257,19168.462501855174,90000.0,0.0,0.0,0.0,0.0,0.0,0.0,0.0,0.0,319.0,0.5317944095447239,0.13826654648162823,0.885288033273721,0.2729363130195068,4.541152133094884,0.34521467154768853,0.7733420971161966,0.37901956862294117,3.7872983539925023,3.7872983539925023,1.1906147703280396,2.5966835836644626,0.0,0.0,0.0,0.0,3.317668527219246,0.10099999041556233,0.3686298363576939,4.695212252484494,831.5374981448505,277.11703291423396,0.0,827.750199790858,3.317668527219246,55.28894600610873,0.0,0.0,-852.4296692185626,0.0,2.546585164964199e-11,0.0,0.0
intrinsic_limited,stationary,1882.5320204758539,1882.5320204758539,19166.780610883437,90000.0,0.0,0.0,0.0,0.0,0.0,0.0,0.0,0.0,320.0,0.5328700317724996,0.1385462082608499,0.8859278533278026,0.27282476417477075,4.54371141331121,0.3444728286283751,0.7730140122787376,0.3784389116261132,3.794958649436864,3.794958649436864,1.1904475141686695,2.6045111352681944,0.0,0.0,0.0,0.0,3.32457556020908,0.10098580476010875,0.36939728446767545,4.695624258822865,833.2193891165875,276.4804039495778,0.0,829.4244304671507,3.32457556020908,55.40405171088431,0.0,0.0,-852.314563513787,0.0,2.546585164964199e-11,0.0,0.0
intrinsic_limited,stationary,1886.315663424508,1886.315663424508,19165.10594897489,90000.0,0.0,0.0,0.0,0.0,0.0,0.0,0.0,0.0,321.0,0.5339410307867716,0.13882466800456061,0.886561377594845,0.2727136264505745,4.54624551037938,0.34373575819209296,0.7726871366193369,0.3778611085621047,3.802586019584197,3.802586019584197,1.19028098763969,2.6123050319445067,0.0,0.0,0.0,0.0,3.3314529047375516,0.10097168098691799,0.37016143385972783,4.6960345661336635,834.8940510251356,275.846511328175,0.0,831.0914650055514,3.3314529047375516,55.518662657451294,0.0,0.0,-852.19995256722,0.0,2.546585164964199e-11,0.0,0.0
intrinsic_limited,stationary,1890.0830789870226,1890.0830789870226,19163.438469399825,90000.0,0.0,0.0,0.0,0.0,0.0,0.0,0.0,0.0,322.0,0.5350074364726572,0.13910193348289088,0.8871886889475596,0.2726028975154874,4.548754755790238,0.343003415909722,0.7723614632808453,0.3772861387028959,3.810180677268359,3.810180677268359,1.190115185957545,2.620065491310814,0.0,0.0,0.0,0.0,3.3383007527202664,0.10095761869028541,0.3709223058578073,4.696443184959316,836.5615306001993,275.2153373619091,0.0,832.7513499229309,3.3383007527202664,55.632782044083235,0.0,0.0,-852.0858331805881,0.0,2.546585164964199e-11,0.0,0.0
intrinsic_limited,stationary,1893.8343719663487,1893.8343719663487,19161.778125771863,90000.0,0.0,0.0,0.0,0.0,0.0,0.0,0.0,0.0,323.0,0.5360692784957088,0.1393780124088843,0.8878098689342276,0.272492575055638,4.55123947573691,0.34227575795886644,0.7720369854577589,0.3767139815166215,3.8177428337595227,3.8177428337595227,1.1899501043745593,2.6277927293849634,0.0,0.0,0.0,0.0,3.345119294662776,0.10094361746754943,0.3716799216291972,4.696850125769561,838.2218742281611,274.5868644926177,0.0,834.4041313944016,3.345119294662776,55.74641304555516,0.0,0.0,-851.9722021791162,0.0,2.546585164964199e-11,0.0,0.0
intrinsic_limited,stationary,1897.5696463929582,1897.5696463929582,19160.124872046526,90000.0,0.0,0.0,0.0,0.0,0.0,0.0,0.0,0.0,324.0,0.5371265863028203,0.1396529124387333,0.8884249978028497,0.27238265677453827,4.553699991211399,0.3415527410175935,0.7717136963957009,0.3761446166652331,3.8252726987706365,3.8252726987706365,1.1897857381787758,2.635486960591861,0.0,0.0,0.0,0.0,3.3519087196664037,0.10092967691907684,0.3724343021851559,4.697255398961653,839.8751279535006,273.9610752915557,0.0,836.04985525473,3.3519087196664037,55.85955881324062,0.0,0.0,-851.8590564114306,0.0,2.546585164964199e-11,0.0,0.0
intrinsic_limited,stationary,1901.2890055281644,1901.2890055281644,19158.478662519763,90000.0,0.0,0.0,0.0,0.0,0.0,0.0,0.0,0.0,325.0,0.5381793891231673,0.1399266411720235,0.8890341545248192,0.2722731403929103,4.556136618099277,0.3408343222582386,0.7713915893909127,0.37557802400220197,3.8327704804641156,3.8327704804641156,1.189622082693784,2.643148397770332,0.0,0.0,0.0,0.0,3.3586692154342783,0.10091579664825089,0.3731854683815864,4.697659014860578,841.5213374802624,273.33795245883897,0.0,837.6885669997984,3.3586692154342783,55.97222247521225,0.0,0.0,-851.746392749459,0.0,2.546585164964199e-11,0.0,0.0
intrinsic_limited,stationary,1904.992551867554,1904.992551867554,19156.839451826447,90000.0,0.0,0.0,0.0,0.0,0.0,0.0,0.0,0.0,326.0,0.5392277159691791,0.14019920615198656,0.8896374168181295,0.2721640236485163,4.558549667272517,0.34012045934127694,0.7710706577897538,0.3750141835702574,3.8402363854587644,3.8402363854587644,1.189459133278551,2.6507772521802138,0.0,0.0,0.0,0.0,3.3654009682775796,0.10090197626145384,0.37393344091973096,4.698060983719277,843.1605481735771,272.7174788228693,0.0,839.3203117881184,3.3654009682775796,56.08440713634586,0.0,0.0,-851.6342080883254,0.0,2.546585164964199e-11,0.0,0.0
intrinsic_limited,stationary,1908.680387144523,1908.680387144523,19155.2071949388,90000.0,0.0,0.0,0.0,0.0,0.0,0.0,0.0,0.0,327.0,0.5402715956375383,0.14047061486575999,0.8902348611701224,0.2720553042959908,4.560939444680489,0.33941111040926164,0.7707508949882083,0.37445307559915836,3.8476706188369008,3.8476706188369008,1.1892968853272399,2.6583737335096607,0.0,0.0,0.0,0.0,3.372104163121963,0.10088821536805327,0.37467824034688463,4.698461315718885,844.7928050612245,272.09963733974234,0.0,840.9451344423876,3.372104163121963,56.196115878427506,0.0,0.0,-851.5224993462438,0.0,2.546585164964199e-11,0.0,0.0
intrinsic_limited,stationary,1912.3526123339095,1912.3526123339095,19153.581847164784,90000.0,0.0,0.0,0.0,0.0,0.0,0.0,0.0,0.0,328.0,0.541311056710211,0.14074087474465485,0.8908265628597898,0.2719469801066757,4.563306251439159,0.3387062340808282,0.770432294431399,0.3738946805035011,3.855073384151681,3.855073384151681,1.1891353342690316,2.6659380498826497,0.0,0.0,0.0,0.0,3.378778983514165,0.1008745135803869,0.37541988705712936,4.698860020968991,846.4181528352432,271.4844110926384,0.0,842.5630794510915,3.378778983514165,56.30735176026356,0.0,0.0,-851.4112634644077,0.0,2.546585164964199e-11,0.0,0.0
intrinsic_limited,stationary,1916.0093276557232,1916.0093276557232,19151.963364146446,90000.0,0.0,0.0,0.0,0.0,0.0,0.0,0.0,0.0,329.0,0.5423461275555,0.14100999316443003,0.8914125959796346,0.2718390488684575,4.5656503839185385,0.3380057894447657,0.7701148496131104,0.37333897888055956,3.862444883434619,3.862444883434619,1.1889744755679341,2.673470407866685,0.0,0.0,0.0,0.0,3.385425611628786,0.10086087051374565,0.3761584012920872,4.699257109507899,848.0366358535797,270.87178329119837,0.0,844.1741909701451,3.385425611628786,56.418117817793714,0.0,0.0,-851.3004974068776,0.0,2.546585164964199e-11,0.0,0.0
intrinsic_limited,stationary,1919.6506325789558,1919.6506325789558,19150.351701858246,90000.0,0.0,0.0,0.0,0.0,0.0,0.0,0.0,0.0,330.0,0.543376836329126,0.14127797744557277,0.8919930334571032,0.27173150838560756,4.5679721338284125,0.3373097360541547,0.7697985540753164,0.3727859515081579,3.8697853172032652,3.8697853172032652,1.1888143047226,2.680971012480665,0.0,0.0,0.0,0.0,3.3920442282752146,0.10084728578635992,0.3768938031416904,4.6996525913028995,849.6482981417761,270.26173727088457,0.0,845.7785128245728,3.3920442282752146,56.52841706420645,0.0,0.0,-851.1901981604649,0.0,2.1827872842550278e-11,0.0,4.440892098500626e-16
intrinsic_limited,stationary,1923.2766258254799,1923.2766258254799,19148.74681660533,90000.0,0.0,0.0,0.0,0.0,0.0,0.0,0.0,0.0,331.0,0.5444032109753293,0.14154483485358563,0.8925679470755942,0.2716243564786238,4.570271788302376,0.3366180339205703,0.7694834014077172,0.37223557934257534,3.8770948844690682,3.8770948844690682,1.18865481726613,2.6884400672029383,0.0,0.0,0.0,0.0,3.398635012904719,0.10083375901938024,0.3776261125449687,4.700046476250559,851.2531833946952,269.6542564923282,0.0,847.376088510226,3.398635012904719,56.63825249005714,0.0,0.0,-851.0803627346141,0.0,2.546585164964199e-11,0.0,0.0
intrinsic_limited,stationary,1926.8874053740187,1926.8874053740187,19147.148665021745,90000.0,0.0,0.0,0.0,0.0,0.0,0.0,0.0,0.0,332.0,0.5454252792279941,0.14181057259927848,0.893137407495055,0.2715175909840759,4.5725496299802195,0.3359306435083532,0.7691693852472822,0.3716878435164838,3.8843737827453766,3.8843737827453766,1.188496008765876,2.6958777739795003,0.0,0.0,0.0,0.0,3.405198143617662,0.10082028983686322,0.37835534929085124,4.700438774177021,852.8513349782777,269.04932454066375,0.0,848.9669611955323,3.405198143617662,56.747627063388336,0.0,0.0,-850.970988161283,0.0,2.1827872842550278e-11,0.0,0.0
intrinsic_limited,stationary,1930.4830684641915,1930.4830684641915,19145.55720406869,90000.0,0.0,0.0,0.0,0.0,0.0,0.0,0.0,0.0,333.0,0.5464430686117939,0.1420751978390664,0.8937014842721734,0.27141120975445177,4.574805937088694,0.3352475257289448,0.7688564992777993,0.3711427253369149,3.891622208055594,3.891622208055594,1.1883378748232483,2.703284333232346,0.0,0.0,0.0,0.0,3.4117337971708572,0.10080687786575307,0.379081533018984,4.700829494838301,854.4427959313325,268.44692512485165,0.0,850.5511737232769,3.4117337971708572,56.85654372985233,0.0,0.0,-850.862071494819,0.0,2.1827872842550278e-11,0.0,0.0
intrinsic_limited,stationary,1934.0637116006253,1934.0637116006253,19143.972391032665,90000.0,0.0,0.0,0.0,0.0,0.0,0.0,0.0,0.0,334.0,0.547456606443355,0.1423387176752723,0.8942602458801732,0.27130521065800645,4.577040983520693,0.33456864193528896,0.7685447372294307,0.3706002062832554,3.898840354941468,3.898840354941468,1.188180411073508,2.7106599438679604,0.0,0.0,0.0,0.0,3.4182421489850423,0.1007935227358656,0.37980468322056016,4.701218647920606,856.0276089673571,267.84704207698917,0.0,852.1287686124156,3.4182421489850423,56.96500541283573,0.0,0.0,-850.7536098118355,0.0,2.1827872842550278e-11,0.0,0.0
intrinsic_limited,stationary,1937.6294305571273,1937.6294305571273,19142.39418352364,90000.0,0.0,0.0,0.0,0.0,0.0,0.0,0.0,0.0,335.0,0.5484659198324376,0.1426011391564338,0.8948137597282192,0.27119959157861395,4.579255038912876,0.3338939539162996,0.7682340928782764,0.3700602680052774,3.9060284164715013,3.9060284164715013,1.1880236131855677,2.718004803285934,0.0,0.0,0.0,0.0,3.424723373152468,0.1007802240798704,0.38052481923916304,4.701606243040662,857.6058164763838,267.2496593516117,0.0,853.6997880599123,3.424723373152468,57.07301501358588,0.0,0.0,-850.6456002110854,0.0,2.546585164964199e-11,0.0,-4.440892098500626e-16
intrinsic_limited,stationary,1941.1803203809188,1941.1803203809188,19140.82253947317,90000.0,0.0,0.0,0.0,0.0,0.0,0.0,0.0,0.0,336.0,0.5494710356831344,0.14286246927761495,0.8953620921804439,0.2710943504156199,4.581448368721776,0.3332234238913926,0.767924560045941,0.36952289232119123,3.913186584249486,3.913186584249486,1.187867476861783,2.7253191073877034,0.0,0.0,0.0,0.0,3.431177642444592,0.10076698153327292,0.38124196027162127,4.701992289746037,859.1774605268536,266.65476102498275,0.0,855.2642739426041,3.431177642444592,57.18057541133913,0.0,0.0,-850.5380398133321,0.0,2.546585164964199e-11,0.0,-4.440892098500626e-16
intrinsic_limited,stationary,1944.7164753969205,1944.7164753969205,19139.25741713251,90000.0,0.0,0.0,0.0,0.0,0.0,0.0,0.0,0.0,337.0,0.5504719806950833,0.14312271498072165,0.8959053085746003,0.27098948508369736,4.583621234298401,0.33255701450508296,0.7676161325991099,0.3689880612157314,3.9203150484231437,3.9203150484231437,1.187711997837746,2.732603050585398,0.0,0.0,0.0,0.0,3.4376051283198703,0.10075379473439883,0.3819561253688744,4.702376797515481,860.7425828675135,266.06233129437686,0.0,856.8222678190904,3.4376051283198703,57.28768946345063,0.0,0.0,-850.4309257612207,0.0,2.546585164964199e-11,0.0,0.0
intrinsic_limited,stationary,1948.2379892120898,1948.2379892120898,19137.698775070687,90000.0,0.0,0.0,0.0,0.0,0.0,0.0,0.0,0.0,338.0,0.5514687813646953,0.14338188315482078,0.8964434732403482,0.2708849935127039,4.585773892961393,0.3318946888216468,0.7673088044491292,0.3684557568382671,3.9274139976928675,3.9274139976928675,1.1875571718820732,2.739856825810794,0.0,0.0,0.0,0.0,3.4440060009316444,0.10074066332437351,0.3826673334368493,4.702759775759277,862.3012249293358,265.47235447735244,0.0,858.373810931643,3.4440060009316444,57.394360005525854,0.0,0.0,-850.3242552191455,0.0,2.1827872842550278e-11,0.0,0.0
intrinsic_limited,stationary,1951.7449547198037,1951.7449547198037,19136.146572172565,90000.0,0.0,0.0,0.0,0.0,0.0,0.0,0.0,0.0,339.0,0.5524614639863956,0.14363998063646286,0.8969766495171851,0.270780873647541,4.587906598068741,0.3312364103198467,0.7670025695515912,0.36792596150094165,3.9344836193205577,3.9344836193205577,1.1874029947961984,2.747080624524359,0.0,0.0,0.0,0.0,3.450380429136107,0.10072758694710547,0.3833756032373451,4.703141233819579,863.853427827458,264.8848150110176,0.0,859.9189442081374,3.450380429136107,57.50058985155322,0.0,0.0,-850.218025373118,0.0,2.1827872842550278e-11,0.0,0.0
intrinsic_limited,stationary,1955.2374641042838,1955.2374641042838,19134.600767636883,90000.0,0.0,0.0,0.0,0.0,0.0,0.0,0.0,0.0,340.0,0.5534500546538751,0.14389701421000753,0.8975048997720241,0.27067712344801564,4.590019599088096,0.330582142887722,0.7666974219059284,0.3673986576768397,3.9415240991385434,3.9415240991385434,1.1872494624141525,2.7542746367243907,0.0,0.0,0.0,0.0,3.4567285805003474,0.1007145652492685,0.3840809533889274,4.703521180970789,865.3992323631412,264.29969745128875,0.0,861.4577082640027,3.4567285805003474,57.606381794038285,0.0,0.0,-850.1122334306331,0.0,2.546585164964199e-11,0.0,0.0
intrinsic_limited,stationary,1958.715608845063,1958.715608845063,19133.061320974277,90000.0,0.0,0.0,0.0,0.0,0.0,0.0,0.0,0.0,341.0,0.5544345792613554,0.14415299060795242,0.8980282854164292,0.2705737408887026,4.592113141665717,0.32993185081744103,0.7663933555550078,0.3668738279981757,3.948535621558585,3.948535621558585,1.1870965706023526,2.7614390509562323,0.0,0.0,0.0,0.0,3.4630506213104715,0.10070159788028332,0.3847834023678301,4.703899626419903,866.9386790257474,263.7169864721423,0.0,862.9901434041889,3.4630506213104715,57.71173860413901,0.0,0.0,-850.0068766205322,0.0,2.546585164964199e-11,0.0,0.0
intrinsic_limited,stationary,1962.179479721484,1962.179479721484,19131.528192005295,90000.0,0.0,0.0,0.0,0.0,0.0,0.0,0.0,0.0,342.0,0.5554150635048627,0.1444079165112643,0.8985468669235156,0.2704707239588103,4.594187467694063,0.3292854988002176,0.7660903645847361,0.366351455254515,3.955518369580945,3.955518369580945,1.186944315259385,2.7685740543215602,0.0,0.0,0.0,0.0,3.4693467165797824,0.10068868449229788,0.38548296850886465,4.70427657930689,868.4718079947309,263.1366668648611,0.0,864.5162896251499,3.4693467165797824,57.81666303180207,0.0,0.0,-849.9019521928692,0.0,2.546585164964199e-11,0.0,0.0
intrinsic_limited,stationary,1965.629166817235,1965.629166817235,19130.00134085838,90000.0,0.0,0.0,0.0,0.0,0.0,0.0,0.0,0.0,343.0,0.5563915328835102,0.14466179854971264,0.8990607038445181,0.2703680706620466,4.596242815378073,0.32864305192128956,0.7657884431236666,0.3658315223910139,3.9624725248035273,3.9624725248035273,1.1867926923157865,2.7756798324877408,0.0,0.0,0.0,0.0,3.475617030057021,0.10067582474017088,0.3861796700063356,4.704652048705064,869.9986591416445,262.5587235372745,0.0,866.036186616841,3.475617030057021,57.92115780590025,0.0,0.0,-849.797457418771,0.0,2.546585164964199e-11,0.0,0.0
intrinsic_limited,stationary,1969.0647595249109,1969.0647595249109,19128.480727967864,90000.0,0.0,0.0,0.0,0.0,0.0,0.0,0.0,0.0,344.0,0.5573640127007904,0.1449146433022055,0.899569854825038,0.2702657790164881,4.598279419300152,0.3280044756549588,0.7654875853426121,0.3653140125066885,3.969398267431077,3.969398267431077,1.1866416977338285,2.7827565696972485,0.0,0.0,0.0,0.0,3.4818617242346623,0.100663018281452,0.3868735249149624,4.70502604362146,871.5192720321595,261.983141512994,0.0,867.5498737647284,3.4818617242346623,58.02522563437064,0.0,0.0,-849.6933895903006,0.0,2.546585164964199e-11,0.0,4.440892098500626e-16
intrinsic_limited,stationary,1972.486346550604,1972.486346550604,19126.966314071928,90000.0,0.0,0.0,0.0,0.0,0.0,0.0,0.0,0.0,345.0,0.5583325280658743,0.14516645729712732,0.9000743776209745,0.2701638470544495,4.600297510483898,0.32736973585969376,0.7651877854542634,0.3647989088527052,3.9762957762844313,3.9762957762844313,1.1864913275072941,2.789804448777137,0.0,0.0,0.0,0.0,3.4880809603572605,0.1006502647763641,0.3875645511508066,4.705398572997223,873.0336859280977,261.4099059306445,0.0,869.0573901518133,3.4880809603572605,58.12886920435374,0.0,0.0,-849.5897460203175,0.0,2.546585164964199e-11,0.0,0.0
intrinsic_limited,stationary,1975.894015918516,1975.894015918516,19125.458060210553,90000.0,0.0,0.0,0.0,0.0,0.0,0.0,0.0,0.0,346.0,0.5592971038949168,0.14541724701267839,0.900574329114145,0.27006227282235595,4.60229731645658,0.32673879877329237,0.7648890377128117,0.3642861948306959,3.983165228809818,3.983165228809818,1.1863415776612594,2.796823651148558,0.0,0.0,0.0,0.0,3.4942748984298313,0.100637563887783,0.3882527664922034,4.7057696457079885,874.5419397894718,260.8390020430914,0.0,870.558774560662,3.4942748984298313,58.232091182333136,0.0,0.0,-849.4865240423381,0.0,2.546585164964199e-11,0.0,0.0
intrinsic_limited,stationary,1979.2878549755935,1979.2878549755935,19123.955927723488,90000.0,0.0,0.0,0.0,0.0,0.0,0.0,0.0,0.0,347.0,0.5602577649123685,0.1456670188772158,0.9010697653276025,0.26996105438061635,4.60427906131041,0.32611163100810614,0.7645913364135776,0.3637758539910982,3.990006801088199,3.990006801088199,1.1861924442518734,2.8038143568363254,0.0,0.0,0.0,0.0,3.5004436972262805,0.100624915281221,0.38893818858069773,4.706139270564277,876.0440722765375,260.2704152166639,0.0,872.0540654754493,3.5004436972262805,58.33489421427596,0.0,0.0,-849.3837210103953,0.0,2.546585164964199e-11,0.0,0.0
intrinsic_limited,stationary,1982.6679503961793,1982.6679503961793,19122.45987824817,90000.0,0.0,0.0,0.0,0.0,0.0,0.0,0.0,0.0,348.0,0.5612145356522926,0.1459157792695961,0.9015607414406568,0.269860189803498,4.606242965762627,0.32548819954632396,0.7642946758926413,0.3632678700315138,3.99682066784465,3.99682066784465,1.1860439233661337,2.810776744478516,0.0,0.0,0.0,0.0,3.50658751429786,0.10061231862480535,0.38962083492198435,4.706507456311892,877.5401217518522,259.70413093037604,0.0,873.5433010840076,3.50658751429786,58.437280925773834,0.0,0.0,-849.2813342988975,0.0,2.1827872842550278e-11,0.0,0.0
intrinsic_limited,stationary,1986.0343881866813,1986.0343881866813,19120.96987371768,90000.0,0.0,0.0,0.0,0.0,0.0,0.0,0.0,0.0,349.0,0.5621674404596868,0.14616353451951858,0.9020473118036034,0.26975967717900384,4.608189247214414,0.32486847173531547,0.763999050526482,0.36276222679509545,4.003607002457767,4.003607002457767,1.1858960111216668,2.8177109913361003,0.0,0.0,0.0,0.0,3.5127065059816536,0.10059977358926307,0.3903007228868503,4.706874211632307,879.030126282342,259.1401347751443,0.0,875.0265192798843,3.5127065059816536,58.53925392218425,0.0,0.0,-849.179361302487,0.0,2.1827872842550278e-11,0.0,0.0
intrinsic_limited,stationary,1989.3872536902552,1989.3872536902552,19119.48587635865,90000.0,0.0,0.0,0.0,0.0,0.0,0.0,0.0,0.0,350.0,0.5631165034918082,0.14641029090787014,0.9025295299521684,0.26965951460875,4.610118119808673,0.3242524152830334,0.7637044547316176,0.3622589082689508,4.010365976969111,4.010365976969111,1.185748703666504,2.824617273302607,0.0,0.0,0.0,0.0,3.5188008274090925,0.10058727984789764,0.3909778697121213,4.707239545143079,880.5141236413733,258.578412453003,0.0,876.5037576644042,3.5188008274090925,58.64081578877252,0.0,0.0,-849.0777994358988,0.0,2.1827872842550278e-11,0.0,0.0
intrinsic_limited,stationary,1992.7266315914962,1992.7266315914962,19118.007848689194,90000.0,0.0,0.0,0.0,0.0,0.0,0.0,0.0,0.0,351.0,0.5640617487195015,0.1466560546670704,0.9030074486216733,0.26955970020784553,4.612029794486693,0.32363999825347517,0.7634108829642516,0.3617578985825704,4.017097762092665,4.017097762092665,1.1856019971788607,2.8314957649138046,0.0,0.0,0.0,0.0,3.524870632514482,0.10057483707657383,0.39165229250160905,4.70760346539824,881.99215131083,258.0189497763186,0.0,877.9750535487373,3.524870632514482,58.74196909085384,0.0,0.0,-848.9766461338174,0.0,2.546585164964199e-11,0.0,0.0
intrinsic_limited,stationary,1996.0526059211422,1996.0526059211422,19116.53575351683,90000.0,0.0,0.0,0.0,0.0,0.0,0.0,0.0,0.0,352.0,0.5650031999285307,0.14690083198141798,0.9034811197609274,0.26946023210477366,4.6139244790437095,0.3230311890622012,0.7631183297199226,0.3612591820062759,4.023802527224312,4.023802527224312,1.1854558878669108,2.8383466393574013,0.0,0.0,0.0,0.0,3.5309160740435535,0.10056244495369664,0.3923240082270614,4.707965980888712,883.464246483195,257.4617326670014,0.0,879.4404439559706,3.5309160740435535,58.842716373935815,0.0,0.0,-848.8758988507354,0.0,2.546585164964199e-11,0.0,8.881784197001252e-16
intrinsic_limited,stationary,1999.3652600607825,1999.3652600607825,19115.069553936388,90000.0,0.0,0.0,0.0,0.0,0.0,0.0,0.0,0.0,353.0,0.5659408807209111,0.14714462898743688,0.9039505945458509,0.2693611084412742,4.615802378183403,0.3224259564719118,0.7628267895331594,0.3607627429496922,4.0304804404513295,4.0304804404513295,1.1853103719685647,2.845170068482765,0.0,0.0,0.0,0.0,3.5369373035620226,0.10055010316019386,0.39299303372911354,4.70832710004271,884.9304460636345,256.90674715571674,0.0,880.8999656231831,3.5369373035620226,58.943060163861105,0.0,0.0,-848.7755550608102,0.0,2.1827872842550278e-11,0.0,-8.881784197001252e-16
intrinsic_limited,stationary,2002.6646767475718,2002.6646767475718,19113.609213327938,90000.0,0.0,0.0,0.0,0.0,0.0,0.0,0.0,0.0,354.0,0.5668748145162448,0.14738745177422366,0.9044159233928377,0.2692623273722272,4.617663693571351,0.3218242695880799,0.7625362569771389,0.3602685659602338,4.037131668561894,4.037131668561894,1.1851654457512482,2.8519662228106464,0.0,0.0,0.0,0.0,3.5429344714641586,0.10053781137949593,0.3936593857182398,4.708686831226146,886.3907866720841,256.35397938109554,0.0,882.3536550035222,3.5429344714641586,59.0430029669502,0.0,0.0,-848.6756122577211,0.0,2.1827872842550278e-11,0.0,0.0
intrinsic_limited,stationary,2005.950938078947,2005.950938078947,19112.154695354686,90000.0,0.0,0.0,0.0,0.0,0.0,0.0,0.0,0.0,355.0,0.5678050245530546,0.1476293063837942,0.9048771559718587,0.26916388706553873,4.619508623887435,0.32122609785464123,0.7622467266633492,0.3597766357216183,4.043756377054588,4.043756377054588,1.185021105511676,2.8587352715429115,0.0,0.0,0.0,0.0,3.5489077269813634,0.10052556929751712,0.39432308077570694,4.709045182743052,887.8453046453369,255.80341558894358,0.0,883.8015482682823,3.5489077269813634,59.14254727014442,0.0,0.0,-848.5760679545269,0.0,2.1827872842550278e-11,0.0,0.0
intrinsic_limited,stationary,2009.2241255173465,2009.2241255173465,19110.705963960892,90000.0,0.0,0.0,0.0,0.0,0.0,0.0,0.0,0.0,356.0,0.568731533890121,0.14787019881143146,0.9053343412193157,0.26906578570202677,4.621337364877263,0.32063141104973875,0.7619581932412552,0.3592869370523933,4.050354730147908,4.050354730147908,1.1848773475756318,2.8654773825722764,0.0,0.0,0.0,0.0,3.554857218190744,0.1005133766026372,0.39498413535452703,4.7094021628359855,889.2940360391316,255.2550421314513,0.0,885.2436813089837,3.554857218190744,59.241695541148744,0.0,0.0,-848.4769196835225,0.0,2.546585164964199e-11,0.0,0.0
intrinsic_limited,stationary,2012.484319894926,2012.484319894926,19109.262983369783,90000.0,0.0,0.0,0.0,0.0,0.0,0.0,0.0,0.0,357.0,0.5696543654078161,0.1481101350060322,0.9057875273506475,0.26896802147531,4.62315010940259,0.32004017928152373,0.7616706513979706,0.35879945490448945,4.056926890789783,4.056926890789783,1.184734168297743,2.8721927224920405,0.0,0.0,0.0,0.0,3.56078309202369,0.10050123298568317,0.3956425657804099,4.709757779686443,890.7370166302408,254.70884546640352,0.0,886.680089739451,3.56078309202369,59.34045022857479,0.0,0.0,-848.3781649960965,0.0,2.1827872842550278e-11,0.0,0.0
intrinsic_limited,stationary,2015.731601418276,2015.731601418276,19107.825718081465,90000.0,0.0,0.0,0.0,0.0,0.0,0.0,0.0,0.0,358.0,0.5705735418094394,0.14834912087045427,0.9062367618726945,0.26887059259169643,4.624947047490778,0.3194523729840103,0.7613840958579308,0.35831417436178575,4.0634730206670735,4.0634730206670735,1.1845915640612625,2.878881456605811,0.0,0.0,0.0,0.0,3.5666854942744486,0.10048913813990848,0.3962983882527164,4.710112041415276,892.1742819185578,254.1648121563891,0.0,888.1108088978907,3.5666854942744486,59.43881376208368,0.0,0.0,-848.2798014625876,0.0,2.1827872842550278e-11,0.0,0.0
intrinsic_limited,stationary,2018.9660496731308,2018.9660496731308,19106.39413287084,90000.0,0.0,0.0,0.0,0.0,0.0,0.0,0.0,0.0,359.0,0.571489085622551,0.14858716226186325,0.9066820915958279,0.26877349727007416,4.626728366383311,0.3188679629129847,0.7610985213825711,0.3578310806386995,4.069993280215071,4.069993280215071,1.1844495312778427,2.885543748937228,0.0,0.0,0.0,0.0,3.5725645696086854,0.1004770917609758,0.39695161884540936,4.710464956083109,893.6058671291818,253.622928868012,0.0,889.5358738489667,3.5725645696086854,59.53678855252874,0.0,0.0,-848.1818266721425,0.0,2.1827872842550278e-11,0.0,0.0
intrinsic_limited,stationary,2022.187743629078,2022.187743629078,19104.96819278552,90000.0,0.0,0.0,0.0,0.0,0.0,0.0,0.0,0.0,360.0,0.5724010192003038,0.14882426499207901,0.9071235626458456,0.268676733741803,4.628494250583382,0.31828692014196713,0.7608139227700089,0.3573501590787896,4.076487828626986,4.076487828626986,1.1843080663873156,2.8921797622396697,0.0,0.0,0.0,0.0,3.5784204615720427,0.1004650935469381,0.39760227350800464,4.710816531690751,895.0318072145018,253.08318237110237,0.0,890.9553193858748,3.5784204615720427,59.63437699209809,0.0,0.0,-848.0842382325732,0.0,2.1827872842550278e-11,0.0,8.881784197001252e-16
intrinsic_limited,stationary,2025.3967616442558,2025.3967616442558,19103.547863143747,90000.0,0.0,0.0,0.0,0.0,0.0,0.0,0.0,0.0,361.0,0.5733093647227742,0.14906043482792128,0.9075612204756424,0.2685803002506078,4.63024488190257,0.31770921605822755,0.7605302948547289,0.3568713951533831,4.082956823863422,4.082956823863422,1.1841671658574728,2.898789658005949,0.0,0.0,0.0,0.0,3.584253312598683,0.10045314319821896,0.39825036806652026,4.7111667761796205,896.4521368562757,252.54555953792956,0.0,892.3691800324123,3.584253312598683,59.73158145445705,0.0,0.0,-847.9870337702142,0.0,2.1827872842550278e-11,0.0,0.0
intrinsic_limited,stationary,2028.5931814700448,2028.5931814700448,19102.133109532315,90000.0,0.0,0.0,0.0,0.0,0.0,0.0,0.0,0.0,362.0,0.5742141441982892,0.1492956774915552,0.9079951098766577,0.2684841950524721,4.631980439506631,0.31713482235885254,0.760247632507271,0.3563947744602143,4.089400422661834,4.089400422661834,1.1840268261838418,2.905373596477992,0.0,0.0,0.0,0.0,3.590063264019815,0.10044124041759474,0.3988959182244238,4.711515697432155,897.8668904677074,252.010047342416,0.0,893.7774900450456,3.590063264019815,59.82840429489021,0.0,0.0,-847.8902109297811,0.0,2.1827872842550278e-11,0.0,0.0
intrinsic_limited,stationary,2031.7770802557504,2031.7770802557504,19100.723897804506,90000.0,0.0,0.0,0.0,0.0,0.0,0.0,0.0,0.0,363.0,0.5751153794647526,0.14952999866083566,0.9084252749901046,0.2683884164155341,4.633701099960419,0.3165637110468648,0.7599659306339239,0.3559202827220866,4.095818780545962,4.095818780545962,1.1838870438894724,2.9119317366564896,0.0,0.0,0.0,0.0,3.595850456072207,0.10042938491017621,0.3995389395635785,4.7118633032722315,899.2761021955187,251.4766328593528,0.0,895.1802834149727,3.595850456072207,59.92484785044333,0.0,0.0,-847.793767374228,0.0,2.546585164964199e-11,0.0,0.0
intrinsic_limited,stationary,2034.948534553274,2034.948534553274,19099.32019407801,90000.0,0.0,0.0,0.0,0.0,0.0,0.0,0.0,0.0,364.0,0.5760130921909665,0.1497634039696513,0.9088517593179876,0.2682929626199827,4.63540703727195,0.31599585442739314,0.7596851841764197,0.3554479057855464,4.102212051835253,4.102212051835253,1.1837478155247096,2.918464236310544,0.0,0.0,0.0,0.0,3.6016150279066785,0.10041757638338838,0.4001794475451864,4.712209601465588,900.6798059220166,250.94530326361718,0.0,896.5775938701813,3.6016150279066785,60.02091444006479,0.0,0.0,-847.6977007846065,0.0,2.546585164964199e-11,0.0,0.0
intrinsic_limited,stationary,2038.1076203217715,2038.1076203217715,19097.92196473287,90000.0,0.0,0.0,0.0,0.0,0.0,0.0,0.0,0.0,365.0,0.5769073038779506,0.14999589900826718,0.9092746057339086,0.26819783195795543,4.637098422935635,0.3154312251038933,0.7594053881116337,0.3549776296195797,4.108580389654253,4.108580389654253,1.1836091376669802,2.924971251987272,0.0,0.0,0.0,0.0,3.6073571175965684,0.10040581454695403,0.4008174575107297,4.712554599720236,902.0780352671563,250.41604582939195,0.0,897.9694548775021,3.6073571175965684,60.11660636474681,0.0,0.0,-847.6020088599245,0.0,2.546585164964199e-11,0.0,8.881784197001252e-16
