scenario,mode,extent_mol,reactor_h2_mol,water_kg,salt_mol,export_h2_mol,export_water_kg,export_salt_mol,outlet_separator_gas_mol,flow_pump_kwh,feed_water_kg,feed_salt_mol,circulated_water_kg,time_days,altered_fraction_proxy,expansion_loading,crack_opening_fraction,porosity,area_factor,passivation_factor,pore_access_factor,permeability_ratio,generated_h2_kg,retained_h2_kg,dissolved_h2_kg,free_h2_kg,exported_h2_kg,outlet_collected_h2_kg,outlet_uncollected_gas_h2_kg,outlet_residual_dissolved_h2_kg,endpoint_collected_h2_kg,endpoint_residual_h2_kg,endpoint_uncollected_gas_h2_kg,salt_molality,water_consumed_kg,remaining_reactive_fe_kg,flow_head_bar,solid_mass_gain_kg,total_deliverable_h2_kg,gross_electricity_kwh,outlet_delivered_electricity_kwh,new_feed_heater_kwh,standalone_engineering_balance_kwh,h2_balance_error_kg,water_balance_error_kg,salt_balance_error_kg,hydrogen_recovery_balance_error_kg
intrinsic_limited,recirculating,0.0,0.0,20000.0,90000.0,0.0,0.0,0.0,0.0,0.0,0.0,0.0,0.0,0.0,0.0,0.0,0.0,0.35,1.0,1.0,1.0,1.0,0.0,0.0,0.0,0.0,0.0,0.0,0.0,0.0,0.0,0.0,0.0,4.5,0.0,591.8704059999999,5.0,0.0,0.0,0.0,0.0,0.0,-907.7186152246713,0.0,0.0,0.0,0.0
intrinsic_limited,recirculating,6.685061627788508,6.685061627788508,19997.04115366691,90000.0,0.0,0.0,0.0,0.0,1.432012207942621,0.0,0.0,6666.666666666663,1.0,0.00189227538403322,0.0004919915998486372,0.0,0.34950800840015134,1.0,0.99622260161849,0.9985529658827981,0.9942831186482467,0.013476282034226298,0.013476282034226298,0.013476282034226298,0.0,0.0,0.0,0.0,0.0,0.0,0.013476282034226298,0.0,4.5006658389307,2.958846333091696,590.7504242001885,5.028748760008747,2.9453700510574694,0.0,0.0,0.0,0.0,-909.1506274326139,0.0,0.0,0.0,0.0
intrinsic_limited,recirculating,13.322799066783606,13.322799066783606,19994.103253289184,90000.0,0.0,0.0,0.0,0.0,2.872276466395693,0.0,0.0,13333.333333333332,2.0,0.0037711551701633678,0.0009805003442424757,0.0,0.3490194996557575,1.0,0.9924860615077371,0.9971161754581104,0.988634348947181,0.026857164182747733,0.026857164182747733,0.026857164182747733,0.0,0.0,0.0,0.0,0.0,0.0,0.026857164182747733,0.0,4.501327159306047,5.896746710816897,589.6383708583463,5.057481570739083,5.869889546634149,0.0,0.0,0.0,0.0,-910.590891691067,0.0,0.0,0.0,0.0
intrinsic_limited,recirculating,19.913840828887157,19.913840828887157,19991.186020683883,90000.0,0.0,0.0,0.0,0.0,4.320788447379305,0.0,0.0,20000.0,3.0,0.005636817265142346,0.00146557248893701,0.0,0.34853442751106295,1.0,0.9887896747555531,0.9956894926795969,0.9830524511147531,0.040143913450137035,0.040143913450137035,0.040143913450137035,0.0,0.0,0.0,0.0,0.0,0.0,0.040143913450137035,0.0,4.501984019701557,8.813979316121353,588.5341406767322,5.086198599403464,8.773835402671216,0.0,0.0,0.0,0.0,-912.0394036720506,0.0,3.637978807091713e-12,0.0,0.0
intrinsic_limited,recirculating,26.458803162363704,26.458803162363704,19988.289183096007,90000.0,0.0,0.0,0.0,0.0,5.777543868678172,0.0,0.0,26666.666666666668,4.0,0.007489436104373503,0.001947253387137111,0.0,0.34805274661286284,1.0,0.9851327530623538,0.994272784155479,0.9775362156926188,0.05333777211894574,0.05333777211894574,0.05333777211894574,0.0,0.0,0.0,0.0,0.0,0.0,0.05333777211894574,0.0,4.502636477568703,11.710816903995122,587.4376304121934,5.114900010591755,11.657479131876176,0.0,0.0,0.0,0.0,-913.4961590933494,0.0,3.637978807091713e-12,0.0,0.0
intrinsic_limited,recirculating,32.958290366896435,32.958290366896435,19985.412473059085,90000.0,0.0,0.0,0.0,0.0,7.242538493124738,0.0,0.0,33333.333333333336,5.0,0.00932918274109146,0.0024255875126837794,0.0,0.3475744124873162,1.0,0.9815146242463936,0.9928659190803418,0.9720844626166543,0.06643995838481918,0.06643995838481918,0.06643995838481918,0.0,0.0,0.0,0.0,0.0,0.0,0.06643995838481918,0.0,4.503284589263425,14.58752694091813,586.348738823382,5.143585966327467,14.52108698253331,0.0,0.0,0.0,0.0,-914.961153717796,0.0,3.637978807091713e-12,0.0,0.0
intrinsic_limited,recirculating,39.41289509862388,39.41289509862388,19982.555628260136,90000.0,0.0,0.0,0.0,0.0,8.715768127897638,0.0,0.0,40000.00000000001,6.0,0.01115622493270588,0.002900618482503529,0.0,0.3470993815174965,1.0,0.9779346317667666,0.9914687691691073,0.9666960403216629,0.0794516669714139,0.0794516669714139,0.0794516669714139,0.0,0.0,0.0,0.0,0.0,0.0,0.0794516669714139,0.0,4.503928410073753,17.44437173987116,585.2673666196521,5.172256626122392,17.364920072899743,0.0,0.0,0.0,0.0,-916.434383352569,0.0,7.275957614183426e-12,0.0,0.0
intrinsic_limited,recirculating,45.82319866553667,45.82319866553667,19979.718391408926,90000.0,0.0,0.0,0.0,0.0,10.197228623835045,0.0,0.0,46666.66666666668,7.0,0.012970727224416568,0.003372389078348308,0.0,0.3466276109216517,1.0,0.9743921342634307,0.9900812085930932,0.9613698248787858,0.09237406972588207,0.09237406972588207,0.09237406972588207,0.0,0.0,0.0,0.0,0.0,0.0,0.09237406972588207,0.0,4.5045679942465595,20.281608591080122,584.1934164115693,5.200912147029812,20.18923452135424,0.0,0.0,0.0,0.0,-917.9158438485064,0.0,7.275957614183426e-12,0.0,0.0
intrinsic_limited,recirculating,52.18977131359667,52.18977131359667,19976.90051011135,90000.0,0.0,0.0,0.0,0.0,11.686915874762486,0.0,0.0,53333.33333333335,8.0,0.01477285103020241,0.003840941267852627,0.0,0.34615905873214736,1.0,0.9708865051135411,0.9887031139180805,0.9561047191642471,0.10520831619565325,0.10520831619565325,0.10520831619565325,0.0,0.0,0.0,0.0,0.0,0.0,0.10520831619565325,0.0,4.505203395013471,23.099489888654027,583.1267926629765,5.229552683696211,22.994281572458373,0.0,0.0,0.0,0.0,-919.4055310994338,0.0,3.637978807091713e-12,0.0,0.0
intrinsic_limited,recirculating,58.513172503925404,58.513172503925404,19974.101736746736,90000.0,0.0,0.0,0.0,0.0,13.184825816834815,0.0,0.0,60000.00000000002,9.0,0.016562754711282428,0.004306316224933431,0.0,0.34569368377506654,1.0,0.9674171320034213,0.9873343640443134,0.9508996520580884,0.11795553418721313,0.11795553418721313,0.11795553418721313,0.0,0.0,0.0,0.0,0.0,0.00905173969660644,0.1078980456354282,0.0010057488551784932,4.505834664615995,25.89826325327016,582.0674016445548,5.258178388411652,25.780307719082945,0.00905173969660644,0.1508472420439463,0.0,0.0,-920.7525937994621,0.0,7.275957614183426e-12,0.0,0.0
intrinsic_limited,recirculating,64.79395118139335,64.79395118139335,19971.321828348955,90000.0,0.0,0.0,0.0,0.0,14.690954427891867,0.0,0.0,66666.66666666669,10.0,0.018340593652142724,0.0047685543495571085,0.0,0.3452314456504429,1.0,0.9639834165155257,0.9859748401483616,0.945753577671649,0.13061683030754723,0.13061683030754723,0.13061683030754723,0.0,0.0,0.0,0.0,0.0,0.02046863952111522,0.10787389750630809,0.002274293280123913,4.506461854329868,28.678171651053216,581.0151513888253,5.2867894111587725,28.547554820745667,0.02046863952111522,0.34110987761938516,0.0,0.0,-922.0684597749438,0.0,7.275957614183426e-12,0.0,0.0
intrinsic_limited,recirculating,71.03264603492794,71.03264603492794,19968.56054649122,90000.0,0.0,0.0,0.0,0.0,16.205297726827496,0.0,0.0,73333.33333333336,11.0,0.020106520334219332,0.005227695286897026,0.0,0.34477230471310294,1.0,0.9605847737297807,0.9846244256267734,0.9406654746025792,0.1431932904888905,0.1431932904888905,0.1431932904888905,0.0,0.0,0.0,0.0,0.0,0.03180903928878728,0.10784991350134909,0.003534337698754142,4.507085014488657,31.439453508789118,579.9699516465382,5.315385899660498,31.296260218300226,0.03180903928878728,0.53009763974764,0.0,0.0,-923.3938153117512,0.0,7.275957614183426e-12,0.0,0.0
intrinsic_limited,recirculating,77.22978574984349,77.22978574984349,19965.8176571744,90000.0,0.0,0.0,0.0,0.0,17.72785177297159,0.0,0.0,80000.00000000003,12.0,0.021860684407322823,0.005683777945903934,0.0,0.34431622205409607,1.0,0.957220631838719,0.9832830060414591,0.9356343452162511,0.1556859804973945,0.1556859804973945,0.1556859804973945,0.0,0.0,0.0,0.0,0.0,0.043073900059816164,0.10782609154204317,0.004785988895535128,4.507704194506651,34.18234282560768,578.9317138444,5.343967999426487,34.02665684511028,0.043073900059816164,0.7178265444968364,0.0,0.0,-924.728640453146,0.0,7.275957614183426e-12,0.0,0.0
intrinsic_limited,recirculating,83.38588925248497,83.38588925248497,19963.092930718747,90000.0,0.0,0.0,0.0,0.0,19.2586126654848,0.0,0.0,86666.6666666667,13.0,0.023603232758887205,0.006136840517310674,0.0,0.3438631594826893,1.0,0.9538904317758498,0.9819504690667333,0.930659214952473,0.16809594642629938,0.16809594642629938,0.16809594642629938,0.0,0.0,0.0,0.0,0.0,0.05426416515405498,0.10780242958846052,0.006029351683783885,4.508319442901058,36.90706928126332,577.9003510440849,5.3725358537983645,36.73897333483702,0.05426416515405498,0.9043123122923262,0.0,0.0,-926.0729155778638,0.0,1.0913936421275139e-11,0.0,0.0
intrinsic_limited,recirculating,89.50146594746333,89.50146594746333,19960.386141658873,90000.0,0.0,0.0,0.0,0.0,20.797576542765565,0.0,0.0,93333.33333333337,14.0,0.025334309581121834,0.006586920491091677,0.0,0.3434130795089083,1.0,0.9505936268567331,0.9806267044379657,0.9257391316564736,0.18042421517417237,0.18042421517417237,0.18042421517417237,0.0,0.0,0.0,0.0,0.0,0.06538076058227782,0.10777892563830813,0.007264528953586423,4.5089308073135435,39.61385834113677,576.8757779024917,5.40108960399377,39.4334341259626,0.06538076058227782,1.0895703751036598,0.0,0.0,-927.4266213923332,0.0,1.0913936421275139e-11,0.0,0.0
intrinsic_limited,recirculating,95.57701594775024,95.57701594775024,19957.697068641934,90000.0,0.0,0.0,0.0,0.0,22.344739581869177,0.0,0.0,100000.00000000004,15.0,0.027054056436142098,0.0070340546733969455,0.0,0.342965945326603,1.0,0.94732968243225,0.9793116039017736,0.9208731649331612,0.19267179490875075,0.19267179490875075,0.19267179490875075,0.0,0.0,0.0,0.0,0.0,0.0764245954644609,0.1077555777260164,0.008491621718273432,4.509538334531112,42.302931358076336,575.8579106331936,5.429629389149276,42.11025956316759,0.0764245954644609,1.273615883415241,0.0,0.0,-928.7897389231252,0.0,1.0913936421275139e-11,0.0,0.0
intrinsic_limited,recirculating,101.61303029788748,101.61303029788748,19955.025494328816,90000.0,0.0,0.0,0.0,0.0,23.9000979979385,0.0,0.0,106666.66666666672,16.0,0.02876261231915113,0.007478279202979294,0.0,0.3425217207970207,1.0,0.9440980755535855,0.978005061167708,0.9160604055237226,0.20483967551690538,0.20483967551690538,0.20483967551690538,0.0,0.0,0.0,0.0,0.0,0.08739656243554679,0.1077323839218534,0.009710729159505197,4.510142070506392,44.974505671191615,574.8466669690433,5.458155346362165,44.76966599567471,0.08739656243554679,1.4564637129883873,0.0,0.0,-930.1622495096215,0.0,7.275957614183426e-12,0.0,0.0
intrinsic_limited,recirculating,107.60999119055653,107.60999119055653,19952.3712052983,90000.0,0.0,0.0,0.0,0.0,25.46364804364617,0.0,0.0,113333.3333333334,17.0,0.030460113719742037,0.00791962956713293,0.0,0.34208037043286704,1.0,0.9408982946484594,0.9767069718613737,0.911299964703649,0.21692882904121907,0.21692882904121907,0.21692882904121907,0.0,0.0,0.0,0.0,0.0,0.09829753803913842,0.10770934233106529,0.010921948671015378,4.510742060377302,47.628794701708465,573.84196612589,5.486667610731203,47.41186587266724,0.09829753803913842,1.6381284714222417,0.0,0.0,-931.5441347968953,0.0,7.275957614183426e-12,0.0,0.0
intrinsic_limited,recirculating,113.56837217674351,113.56837217674351,19949.733991954017,90000.0,0.0,0.0,0.0,0.0,27.035386008647848,0.0,0.0,120000.00000000007,18.0,0.03214669468138727,0.00835814061716069,0.0,0.3416418593828393,1.0,0.9377298392081674,0.9754172334789392,0.9065909737013491,0.22894021010365367,0.22894021010365367,0.22894021010365367,0.0,0.0,0.0,0.0,0.0,0.10912838310955006,0.10768645109304252,0.012125375901061114,4.511338348486158,50.26600804598915,572.8437287673692,5.515166315396285,50.0370678358855,0.10912838310955006,1.8186245045206517,0.0,0.0,-932.9353767287985,0.0,7.275957614183426e-12,0.0,0.0
intrinsic_limited,recirculating,119.48863836972467,119.48863836972467,19947.11364843419,90000.0,0.0,0.0,0.0,0.0,28.615308219046298,0.0,0.0,126666.66666666673,19.0,0.0338224868591788,0.00879384658338649,0.0,0.3412061534166135,1.0,0.9345922194850066,0.9741357453429809,0.901932583136506,0.24087475631676056,0.24087475631676056,0.24087475631676056,0.0,0.0,0.0,0.0,0.0,0.11988994314262509,0.10766370838051045,0.013321104793625008,4.511930978398212,52.88635156581754,571.8518769707281,5.54365159157717,52.64547680950078,0.11988994314262509,1.997965902471847,0.0,0.0,-934.3359575412458,0.0,7.275957614183426e-12,0.0,0.0
intrinsic_limited,recirculating,125.37124664308894,125.37124664308894,19944.509972523963,90000.0,0.0,0.0,0.0,0.0,30.203411036866086,0.0,0.0,133333.3333333334,20.0,0.035487619575880446,0.009226781089728917,0.0,0.34077321891027107,1.0,0.9314849561996854,0.9728624085596208,0.8973239624774236,0.2527333886828701,0.2527333886828701,0.2527333886828701,0.0,0.0,0.0,0.0,0.0,0.13058304865571366,0.10764111239874383,0.014509227628412624,4.512519992919664,55.49002747604497,570.8663341936501,5.5721235686111505,55.2372940873621,0.13058304865571366,2.176166505847468,0.0,0.0,-935.7458597556899,0.0,7.275957614183426e-12,0.0,0.0
intrinsic_limited,recirculating,131.21664582300514,131.21664582300514,19941.922765570318,90000.0,0.0,0.0,0.0,0.0,31.79969085953848,0.0,0.0,140000.00000000006,21.0,0.03714221987635105,0.009656977167851273,0.0,0.3403430228321487,1.0,0.9284075802583314,0.971597125976908,0.8927642995165879,0.2645170119816796,0.2645170119816796,0.2645170119816796,0.0,0.0,0.0,0.0,0.0,0.14120851553718802,0.10761866138480401,0.015689835059687553,4.513105434115149,58.07723442968885,569.8870252420428,5.6005823739898535,57.81271741770717,0.14120851553718802,2.3532399114272384,0.0,0.0,-937.1650661727825,0.0,7.275957614183426e-12,0.0,0.0
intrinsic_limited,recirculating,137.02527687493267,137.02527687493267,19939.351832399436,90000.0,0.0,0.0,0.0,0.0,33.40414411939645,0.0,0.0,146666.66666666672,22.0,0.03878641258039492,0.010084467270902678,0.0,0.3399155327290973,1.0,0.9253596324787293,0.9703398021444039,0.8882527998637509,0.27622651514663926,0.27622651514663926,0.27622651514663926,0.0,0.0,0.0,0.0,0.0,0.15176714538585664,0.10759635360679856,0.016863016153984067,4.513687343324725,60.64816760057181,568.913876238758,5.629028133395076,60.37194108542517,0.15176714538585664,2.529199477855301,0.0,0.0,-938.5935598662124,0.0,7.275957614183426e-12,0.0,0.0
intrinsic_limited,recirculating,142.79757308496715,142.79757308496715,19936.79698123642,90000.0,0.0,0.0,0.0,0.0,35.01676728317943,0.0,0.0,153333.33333333337,23.0,0.0404203203340935,0.01050928328686431,0.0,0.3394907167131357,1.0,0.9223406633254382,0.9690903432739285,0.8837886864558463,0.28786277163052354,0.28786277163052354,0.28786277163052354,0.0,0.0,0.0,0.0,0.0,0.16225972584062556,0.10757418736316182,0.01802885842673617,4.514265761180384,63.20301876358639,567.94681459321,5.657460970733752,62.91515599195587,0.16225972584062556,2.704058331134025,0.0,0.0,-940.0313241767167,0.0,7.275957614183426e-12,0.0,0.0
intrinsic_limited,recirculating,148.53396023600453,148.53396023600453,19934.258023627342,90000.0,0.0,0.0,0.0,0.0,36.637556851547636,0.0,0.0,160000.00000000003,24.0,0.04204406365967049,0.010931456551514328,0.0,0.33906854344848564,1.0,0.9193502326534485,0.9678486572014284,0.8793711990830827,0.2994266397605568,0.2994266397605568,0.2994266397605568,0.0,0.0,0.0,0.0,0.0,0.17268703090074008,0.1075521609819567,0.019187447877860003,4.514840727622082,65.74197637266623,566.9857689718609,5.685881008172069,65.44254973290568,0.17268703090074008,2.8778293699608333,0.0,0.0,-941.4783427062581,0.0,7.275957614183426e-12,0.0,-5.551115123125783e-17
intrinsic_limited,recirculating,154.23485677889963,154.23485677889963,19931.734774363464,90000.0,0.0,0.0,0.0,0.0,38.26650935860564,0.0,0.0,166666.6666666667,25.0,0.043657761003940025,0.011351017861024408,0.0,0.3386489821389756,1.0,0.9163879094600607,0.9666146533499282,0.8749995939306063,0.31091896308344813,0.31091896308344813,0.31091896308344813,0.0,0.0,0.0,0.0,0.0,0.1830498212369274,0.1075302728201955,0.02033886902632526,4.51541228191334,68.26522563654181,566.030669269547,5.7142883661687,67.95430667345836,0.1830498212369274,3.0505252709133948,0.0,0.0,-942.9345993123635,0.0,7.275957614183426e-12,0.0,-5.551115123125783e-17
intrinsic_limited,recirculating,159.900673998789,159.900673998789,19929.22705140765,90000.0,0.0,0.0,0.0,0.0,39.90362137143509,0.0,0.0,173333.33333333334,26.0,0.04526152878538603,0.011767997484200368,0.0,0.3382320025157996,1.0,0.9134532716446737,0.9653882426935283,0.8706731431351141,0.32234057070067873,0.32234057070067873,0.32234057070067873,0.0,0.0,0.0,0.0,0.0,0.19334884449374806,0.10750852126318089,0.02148320494374978,4.5159804626563815,70.77294859235595,565.0814465816128,5.742683163507299,70.45060802165527,0.19334884449374806,3.2221584934883114,0.0,0.0,-944.4000781026181,0.0,7.275957614183426e-12,0.0,0.0
intrinsic_limited,recirculating,165.53181617674025,165.53181617674025,19926.734675822798,90000.0,0.0,0.0,0.0,0.0,41.548889489636295,0.0,0.0,180000.0,27.0,0.04685548143991876,0.012182425174378878,0.0,0.3378175748256211,1.0,0.9105459057761914,0.964169337722415,0.8663911343558738,0.3336922775943671,0.3336922775943671,0.3336922775943671,0.0,0.0,0.0,0.0,0.0,0.20358483558345203,0.10748690472386487,0.02262053728705022,4.516545307806875,73.26532417721064,564.1380331768297,5.771065517328146,72.93163189961628,0.20358483558345203,3.3927412849982277,0.0,0.0,-945.8747634293094,0.0,7.275957614183426e-12,0.0,0.0
intrinsic_limited,recirculating,171.12868074688453,171.12868074688453,19924.25747170229,90000.0,0.0,0.0,0.0,0.0,43.202310344878384,0.0,0.0,186666.66666666666,28.0,0.04843973146535274,0.012594330180991714,0.0,0.33740566981900827,1.0,0.9076654068677621,0.9629578524088479,0.8621528703595879,0.34497488494402956,0.34497488494402956,0.34497488494402956,0.0,0.0,0.0,0.0,0.0,0.21375851697162332,0.10746542164222589,0.02375094633018036,4.51710685468825,75.74252829771484,563.2003624710705,5.799435543159061,75.39755341277082,0.21375851697162332,3.5622856853321023,0.0,0.0,-947.3586398842176,0.0,7.275957614183426e-12,0.0,-5.551115123125783e-17
intrinsic_limited,recirculating,176.69165844918223,176.69165844918223,19921.79526610241,90000.0,0.0,0.0,0.0,0.0,44.863880600457954,0.0,0.0,193333.3333333333,29.0,0.050014389464648694,0.01300374126080866,0.0,0.3369962587391913,1.0,0.9048113781585819,0.9617537021740922,0.8579576686185886,0.35618918043453746,0.35618918043453746,0.35618918043453746,0.0,0.0,0.0,0.0,0.0,0.22387059895488656,0.10744407048466349,0.02487451099498739,4.517665140005628,78.20473389759943,562.2683690017162,5.827793354945565,77.84854471716488,0.22387059895488656,3.7308035315831845,0.0,0.0,-948.8516922935461,0.0,1.0913936421275139e-11,0.0,0.0
intrinsic_limited,recirculating,182.22113347796682,182.22113347796682,19919.347888976543,90000.0,0.0,0.0,0.0,0.0,46.53359695086594,0.0,0.0,199999.99999999997,30.0,0.051579564187960385,0.0134106866888697,0.0,0.3365893133111303,1.0,0.9019834309025037,0.9605568038562656,0.8538048609218638,0.36733593855556373,0.36733593855556373,0.36733593855556373,0.0,0.0,0.0,0.0,0.0,0.23392177993093893,0.10742284974340935,0.02599130888121543,4.518220199859374,80.65211102346352,561.3419884027688,5.856139065080325,80.28477508490795,0.23392177993093893,3.898306462549097,0.0,0.0,-950.3539057129881,0.0,7.275957614183426e-12,0.0,0.0
intrinsic_limited,recirculating,187.71748362640508,187.71748362640508,19916.915173111294,90000.0,0.0,0.0,0.0,0.0,48.21145612136258,0.0,0.0,206666.66666666663,31.0,0.05313536257352556,0.013815194269116645,0.0,0.33618480573088333,1.0,0.8991811841632011,0.9593670756790686,0.8496937929984328,0.37841592089279746,0.37841592089279746,0.37841592089279746,0.0,0.0,0.0,0.0,0.0,0.2439127466611582,0.10740175793595502,0.027101416295684237,4.51877206975827,83.08482688871344,560.4211573806501,5.884472784431911,82.70641096782064,0.2439127466611582,4.064805923108201,0.0,0.0,-951.8652654229256,0.0,7.275957614183426e-12,0.0,0.0
intrinsic_limited,recirculating,193.1810804270082,193.1810804270082,19914.496954064256,90000.0,0.0,0.0,0.0,0.0,49.89745486756013,0.0,0.0,213333.33333333328,32.0,0.05468188978743908,0.01421729134473416,0.0,0.3357827086552658,1.0,0.8964042646156529,0.9581844372213701,0.845623824152624,0.38942987641119725,0.38942987641119725,0.38942987641119725,0.0,0.0,0.0,0.0,0.0,0.253844174526032,0.10738079360449504,0.028204908280670214,4.519320784632339,85.50304593575369,559.5058136906612,5.91279462237285,85.11361605934249,0.253844174526032,4.230313168476322,0.0,0.0,-953.3857569237551,0.0,1.0913936421275139e-11,0.0,0.0
intrinsic_limited,recirculating,198.6122892883216,198.6122892883216,19912.093070103525,90000.0,0.0,0.0,0.0,0.0,51.59158997501329,0.0,0.0,219999.99999999994,33.0,0.05621924926234437,0.014617004808209535,0.0,0.33538299519179043,1.0,0.8936523063537171,0.957008809387619,0.8415943269108046,0.4003785417305417,0.4003785417305417,0.4003785417305417,0.0,0.0,0.0,0.0,0.0,0.26371672777364086,0.10735995531538518,0.029301858641515643,4.51986637884533,87.90692989648666,558.595896114081,5.941104686807043,87.50655135475611,0.26371672777364086,4.394839268347725,0.0,0.0,-954.9153659313369,0.0,1.0913936421275139e-11,0.0,5.551115123125783e-17
intrinsic_limited,recirculating,204.01146962791773,204.01146962791773,19909.703362148834,90000.0,0.0,0.0,0.0,0.0,53.29385825881718,0.0,0.0,226666.6666666666,34.0,0.05774754273507839,0.015014361111120382,0.0,0.3349856388888796,1.0,0.8909249507035774,0.9558401143790577,0.8376046866791539,0.41126264139352675,0.41126264139352675,0.41126264139352675,0.0,0.0,0.0,0.0,0.0,0.2735310597614196,0.10733924165861608,0.03039233997349106,4.520408886206851,90.29663785117603,557.6913444358867,5.969403084196519,89.88537520978251,0.2735310597614196,4.5583951109240575,0.0,0.0,-956.4540783725645,0.0,1.0913936421275139e-11,0.0,0.0
intrinsic_limited,recirculating,209.37897500181074,209.37897500181074,19907.327673714284,90000.0,0.0,0.0,0.0,0.0,55.00425656321254,0.0,0.0,233333.33333333326,35.0,0.05926687028330382,0.015409386273658994,0.0,0.33459061372634097,1.0,0.8882218460428526,0.9546782756657088,0.8336543014120646,0.42208288812665024,0.42208288812665024,0.42208288812665024,0.0,0.0,0.0,0.0,0.0,0.28328781319141527,0.10731865124729992,0.031476423687935025,4.520948339984194,92.67232628572634,556.7920994230716,5.9976899195876205,92.25024339759969,0.28328781319141527,4.720991406834935,0.0,0.0,-958.001880381049,0.0,1.0913936421275139e-11,0.0,5.551115123125783e-17
intrinsic_limited,recirculating,214.7151532304077,214.7151532304077,19904.965850852583,90000.0,0.0,0.0,0.0,0.0,56.72278176119811,0.0,0.0,239999.9999999999,36.0,0.06077733036116078,0.015802105893901804,0.0,0.3341978941060982,1.0,0.8855426476251678,0.9535232179591123,0.8297425812908089,0.43283998309411426,0.43283998309411426,0.43283998309411426,0.0,0.0,0.0,0.0,0.0,0.292987620339248,0.10729818271717204,0.03255418003769422,4.521484772913843,95.03414914742987,555.8981028035436,6.025965296636494,94.60130916433576,0.292987620339248,4.882638692953568,0.0,0.0,-959.5587582929159,0.0,1.0913936421275139e-11,0.0,0.0
intrinsic_limited,recirculating,220.02034652110666,220.02034652110666,19902.61774210078,90000.0,0.0,0.0,0.0,0.0,58.449430754149944,0.0,0.0,246666.66666666657,37.0,0.062279019833969544,0.01619254515683208,0.0,0.3338074548431679,1.0,0.8828870174099932,0.9523748671857879,0.8258689484120721,0.4435346161449685,0.4435346161449685,0.4435346161449685,0.0,0.0,0.0,0.0,0.0,0.30263110327697723,0.10727783472610489,0.03362567814188635,4.522018217212678,97.38225789922907,555.0092972455864,6.0542293176340864,96.9387232830841,0.30263110327697723,5.043347336110825,0.0,0.0,-961.1246986427104,0.0,1.0913936421275139e-11,0.0,0.0
intrinsic_limited,recirculating,225.29489158764807,225.29489158764807,19900.28319842747,90000.0,0.0,0.0,0.0,0.0,60.184200471447646,0.0,0.0,253333.33333333323,38.0,0.06377203401201414,0.016580728843123678,0.0,0.3334192711568763,1.0,0.8802546238975685,0.951233150461401,0.8220328364860237,0.45416746605370795,0.45416746605370795,0.45416746605370795,0.0,0.0,0.0,0.0,0.0,0.3122188740900647,0.10725760595363606,0.03469098601000718,4.522548704588879,99.71680157254234,554.1256263378633,6.082482083530505,99.26263410648863,0.3122188740900647,5.203127536710928,0.0,0.0,-962.699688159408,0.0,1.4551915228366852e-11,0.0,0.0
intrinsic_limited,recirculating,230.53911976632185,230.53911976632185,19897.962073181312,90000.0,0.0,0.0,0.0,0.0,61.92708787010716,0.0,0.0,259999.99999999988,39.0,0.06525646668343599,0.016966681337693357,0.0,0.3330333186623066,1.0,0.877645141968731,0.9500979960656077,0.8182336905435699,0.46473920075453284,0.46473920075453284,0.46473920075453284,0.0,0.0,0.0,0.0,0.0,0.3217515350886232,0.10723749510050709,0.03575017056540257,4.523076266252561,102.03792681869781,553.2470345699492,6.110723693958867,101.57318761794328,0.3217515350886232,5.361989332251905,0.0,0.0,-964.2837137625265,0.0,1.0913936421275139e-11,0.0,0.0
intrinsic_limited,recirculating,235.75335712912877,235.75335712912877,19895.65422204099,90000.0,0.0,0.0,0.0,0.0,63.67808993442013,0.0,0.0,266666.6666666665,40.0,0.06673241014626535,0.017350426638028993,0.0,0.332649573361971,1.0,0.8750582527294815,0.9489693334175617,0.8144709666524746,0.4752504775694681,0.4752504775694681,0.4752504775694681,0.0,0.0,0.0,0.0,0.0,0.3312296790131264,0.10721750088821655,0.036803297668125144,4.523600932926114,104.34577795901927,552.3734673133714,6.138954247258567,103.8705274814498,0.3312296790131264,5.519942600753751,0.0,0.0,-965.8767625583376,0.0,1.0913936421275139e-11,0.0,0.0
intrinsic_limited,recirculating,240.93792459399123,240.93792459399123,19893.359502966407,90000.0,0.0,0.0,0.0,0.0,65.4372036755996,0.0,0.0,273333.3333333332,41.0,0.06819995523961765,0.01773198836230059,0.0,0.33226801163769937,1.0,0.8724936433601197,0.947847093052057,0.8107441316420225,0.485701943430535,0.485701943430535,0.485701943430535,0.0,0.0,0.0,0.0,0.0,0.34065388923475703,0.10719762205858274,0.03785043213719522,4.524122734854292,106.64049703360611,551.5048708031455,6.167173840498064,106.15479509017557,0.34065388923475703,5.676997064097225,0.0,0.0,-967.4788218361737,0.0,1.0913936421275139e-11,0.0,5.551115123125783e-17
intrinsic_limited,recirculating,246.0931380321052,246.0931380321052,19891.077776151164,90000.0,0.0,0.0,0.0,0.0,67.20442613143196,0.0,0.0,279999.9999999999,42.0,0.06965919137408054,0.01811138975726094,0.0,0.331888610242739,1.0,0.8699510069687959,0.9467312065962913,0.8070526628359386,0.4960942350961602,0.4960942350961602,0.4960942350961602,0.0,0.0,0.0,0.0,0.0,0.350024739950557,0.10717785737331909,0.038891637772284104,4.524641701814039,108.92222384884784,550.6411921197912,6.195382569497108,108.42612961375167,0.350024739950557,5.833162291276032,0.0,0.0,-969.0898790648272,0.0,1.0913936421275139e-11,0.0,0.0
intrinsic_limited,recirculating,251.21930837252125,251.21930837252125,19888.808903976296,90000.0,0.0,0.0,0.0,0.0,68.97975436593492,0.0,0.0,286666.66666666657,43.0,0.07111020656131666,0.01848865370594233,0.0,0.33151134629405765,1.0,0.8674300424493245,0.9456216067472284,0.8033960477932613,0.5064279793619981,0.5064279793619981,0.5064279793619981,0.0,0.0,0.0,0.0,0.0,0.3593427963735402,0.10715820561362009,0.039926977374837795,4.525157863124052,111.19109602371229,549.7823791718097,6.223580528848524,110.68466804435029,0.3593427963735402,5.988447701565048,0.0,0.0,-970.7099218890412,0.0,7.275957614183426e-12,0.0,0.0
intrinsic_limited,recirculating,256.3167417040407,256.3167417040407,19886.552750965166,90000.0,0.0,0.0,0.0,0.0,70.76318546902154,0.0,0.0,293333.33333333326,44.0,0.07255308744290631,0.01886380273515564,0.0,0.33113619726484433,1.0,0.8649304543431164,0.9445182272495423,0.7997737840569051,0.5167037932663415,0.5167037932663415,0.5167037932663415,0.0,0.0,0.0,0.0,0.0,0.3686086149179248,0.10713866557975837,0.0409565127686583,4.52567124765412,113.44724903484543,548.9283806786134,6.251767811939485,112.93054524157908,0.3686086149179248,6.142862567607216,0.0,0.0,-972.3389381260856,0.0,1.0913936421275139e-11,0.0,1.1102230246251565e-16
intrinsic_limited,recirculating,261.38573937450764,261.38573937450764,19884.30918373949,90000.0,0.0,0.0,0.0,0.0,72.55471655616988,0.0,0.0,299999.99999999994,45.0,0.07398791931845321,0.019236859022797835,0.0,0.33076314097720216,1.0,0.8624519527050901,0.9434210028741241,0.7961853789096425,0.5269222842902824,0.5269222842902824,0.5269222842902824,0.0,0.0,0.0,0.0,0.0,0.3778227433796325,0.10711923609069073,0.04198030481995916,4.526181883834216,115.69081626051859,548.0791461538918,6.279944510972287,115.16389397622831,0.3778227433796325,6.296416018421575,0.0,0.0,-973.9769157624196,0.0,7.275957614183426e-12,0.0,0.0
intrinsic_limited,recirculating,266.4265980875781,266.4265980875781,19882.07807097655,90000.0,0.0,0.0,0.0,0.0,74.3543447680986,0.0,0.0,306666.6666666666,46.0,0.07541478617297584,0.01960784440497372,0.0,0.33039215559502627,1.0,0.859994252973426,0.9423298693971361,0.792630349137243,0.5370840505527869,0.5370840505527869,0.5370840505527869,0.0,0.0,0.0,0.0,0.0,0.3869857211121996,0.10709991598367623,0.04299841345691106,4.526689799663354,117.92192902345896,547.2346258893976,6.308110716984742,117.38484497290617,0.3869857211121996,6.449117042334806,0.0,0.0,-975.6238429504351,0.0,7.275957614183426e-12,0.0,0.0
intrinsic_limited,recirculating,271.4396099970403,271.4396099970403,19879.859283367412,90000.0,0.0,0.0,0.0,0.0,76.16206727044789,0.0,0.0,313333.3333333333,47.0,0.07683377070360593,0.019976780382937542,0.0,0.33002321961706244,1.0,0.8575570758430381,0.9412447635795954,0.7891082207985396,0.5471896810008335,0.5471896810008335,0.5471896810008335,0.0,0.0,0.0,0.0,0.0,0.39609807919823803,0.10708070411390243,0.0440108976886931,4.527195022718243,120.14071663259638,546.3947709391458,6.336266519870038,119.59352695159555,0.39609807919823803,6.600974489838636,0.0,0.0,-977.2797080052806,0.0,7.275957614183426e-12,0.0,-1.1102230246251565e-16
intrinsic_limited,recirculating,276.42506279876187,276.42506279876187,19877.652693576245,90000.0,0.0,0.0,0.0,0.0,77.97788125346595,0.0,0.0,320000.0,48.0,0.07824495434561493,0.020343688129859882,0.0,0.3296563118701401,1.0,0.8551401471426352,0.940165623147471,0.7856185290021702,0.557239755594768,0.557239755594768,0.557239755594768,0.0,0.0,0.0,0.0,0.0,0.4051603406165819,0.10706159935412146,0.04501781562406464,4.527697580161707,122.34730642375968,545.5595331040095,6.364412008396237,121.79006666816491,0.4051603406165819,6.751997076375337,0.0,0.0,-978.944499401762,0.0,3.637978807091713e-12,0.0,1.1102230246251565e-16
intrinsic_limited,recirculating,281.3832398203341,281.3832398203341,19875.458176200653,90000.0,0.0,0.0,0.0,0.0,79.80178393170083,0.0,0.0,326666.6666666667,49.0,0.07964841729778879,0.020708588497425087,0.0,0.3292914115025749,1.0,0.8527431977152559,0.9390923867722792,0.782160817689781,0.567234845489015,0.567234845489015,0.567234845489015,0.0,0.0,0.0,0.0,0.0,0.41417302040524745,0.10704260059429568,0.046019224489471926,4.528197498750904,124.54182379935366,544.7288649167002,6.392547270225303,123.97458895386465,0.41417302040524745,6.902193385053448,0.0,0.0,-980.6182057713187,0.0,7.275957614183426e-12,0.0,0.0
intrinsic_limited,recirculating,286.3144201084823,286.3144201084823,19873.275607732958,90000.0,0.0,0.0,0.0,0.0,81.6337725436973,0.0,0.0,333333.3333333334,50.0,0.08104423854717038,0.0210715020222643,0.0,0.32892849797773566,1.0,0.8503659633021597,0.9380249940521638,0.7787346394254627,0.5771755132082872,0.5771755132082872,0.5771755132082872,0.0,0.0,0.0,0.0,0.0,0.42313662582033196,0.1070237067412517,0.04701518064670354,4.528694804845347,126.72439226704752,543.9027196271254,6.420672391931757,126.14721675383923,0.42313662582033196,7.051571869295832,0.0,0.0,-982.3008158990727,0.0,3.637978807091713e-12,0.0,0.0
intrinsic_limited,recirculating,291.21887851430836,291.21887851430836,19871.104866522503,90000.0,0.0,0.0,0.0,0.0,83.47384435169911,0.0,0.0,340000.00000000006,51.0,0.08243249589318824,0.021432448932228943,0.0,0.328567551067771,1.0,0.8480081844299667,0.9369633854934443,0.775339555191224,0.5870623128194239,0.5870623128194239,0.5870623128194239,0.0,0.0,0.0,0.0,0.0,0.4320516564909728,0.10700491671834302,0.04800573961010808,4.529189524414716,128.8951334775036,543.0810511881053,6.448787459020889,128.30807116468418,0.4320516564909728,7.200140855422061,0.0,0.0,-983.9923187209483,0.0,7.275957614183426e-12,0.0,-1.1102230246251565e-16
intrinsic_limited,recirculating,296.0968857764299,296.0968857764299,19868.94583273883,90000.0,0.0,0.0,0.0,0.0,85.32199664135591,0.0,0.0,346666.66666666674,52.0,0.08381326597118996,0.02179144915250939,0.0,0.32820855084749057,1.0,0.8456696063009359,0.9359075024926193,0.7719751341882836,0.5968957900989894,0.5968957900989894,0.5968957900989894,0.0,0.0,0.0,0.0,0.0,0.4409186045704811,0.10698622946512153,0.04899095606338678,4.529681683046491,131.05416726117534,542.2638142414457,6.476892555946637,130.45727147107635,0.4409186045704811,7.347908545167067,0.0,0.0,-985.6927033208601,0.0,7.275957614183426e-12,0.0,0.0
intrinsic_limited,recirculating,300.9487086020772,300.9487086020772,19866.798388335807,90000.0,0.0,0.0,0.0,0.0,87.1782267214353,0.0,0.0,353333.33333333343,53.0,0.08518662427539755,0.022148522311603365,0.0,0.3278514776883966,1.0,0.8433499786862843,0.9348572873188137,0.7686409536440059,0.6066764826967553,0.6066764826967553,0.6066764826967553,0.0,0.0,0.0,0.0,0.0,0.44973795488376506,0.10696764393701645,0.049970883875973884,4.5301713059533935,133.20161166420115,541.450964104351,6.504987766129018,132.5949351815044,0.44973795488376506,7.494883018137944,0.0,0.0,-987.4019589279686,0.0,7.275957614183426e-12,0.0,-1.1102230246251565e-16
intrinsic_limited,recirculating,305.77460974620897,305.77460974620897,19864.662417016585,90000.0,0.0,0.0,0.0,0.0,89.04253192353949,0.0,0.0,360000.0000000001,54.0,0.08655264518130194,0.022503687747138505,0.0,0.32749631225286147,1.0,0.841049055822444,0.9338126830966514,0.7653365986242757,0.6164049202951877,0.6164049202951877,0.6164049202951877,0.0,0.0,0.0,0.0,0.0,0.4585101850711496,0.10694915910502141,0.05094557611901661,4.530658417980648,135.33758298342158,540.6424567561688,6.53307317197127,134.7211780631264,0.4585101850711496,7.641072234210708,0.0,0.0,-989.120074914,0.0,7.275957614183426e-12,0.0,0.0
intrinsic_limited,recirculating,310.5748480887026,310.5748480887026,19862.537804199466,90000.0,0.0,0.0,0.0,0.0,90.9149096018268,0.0,0.0,366666.6666666668,55.0,0.08791140196751245,0.022856964511553238,0.0,0.32714303548844675,1.0,0.8387665963101668,0.9327736337895494,0.7620616618511519,0.6260816247650537,0.6260816247650537,0.6260816247650537,0.0,0.0,0.0,0.0,0.0,0.4672357657286977,0.10693077395538968,0.05191508508096639,4.531143043613068,137.46219580054412,539.8382488254591,6.561148854876542,136.83611417577907,0.4672357657286977,7.786484035868747,0.0,0.0,-990.8470407906293,0.0,1.0913936421275139e-11,0.0,-1.1102230246251565e-16
intrinsic_limited,recirculating,315.34967870967716,315.34967870967716,19860.424436984526,90000.0,0.0,0.0,0.0,0.0,92.79535713273756,0.0,0.0,373333.3333333335,56.0,0.0892629668370778,0.023208371377640227,0.0,0.3267916286223598,1.0,0.8365023630163801,0.9317400841834111,0.7588157435256067,0.6357071103172639,0.6357071103172639,0.6357071103172639,0.0,0.0,0.0,0.0,0.0,0.4759151605451355,0.1069124874893356,0.05287946228279282,4.531625206981981,139.57556301548155,539.0382975773742,6.589214895264323,138.93985590516428,0.4759151605451355,7.931126150484682,0.0,0.0,-992.5828462069242,0.0,7.275957614183426e-12,0.0,0.0
intrinsic_limited,recirculating,320.09935296300074,320.09935296300074,19858.322204121123,90000.0,0.0,0.0,0.0,0.0,94.68387191472463,0.0,0.0,380000.0000000002,57.0,0.09060741093829303,0.023557926843956186,0.0,0.3264420731560438,1.0,0.8342561229787105,0.9307119798707171,0.7555984511552033,0.6452818836510539,0.6452818836510539,0.6452818836510539,0.0,0.0,0.0,0.0,0.0,0.48454882643547825,0.10689429872274467,0.05383875849283091,4.53210493187197,141.67779587888683,538.2425609013436,6.617271372586466,141.03251399523577,0.48454882643547825,8.075006192547244,0.0,0.0,-994.3274809468487,0.0,1.0913936421275139e-11,0.0,0.0
intrinsic_limited,recirculating,324.8241185480358,324.8241185480358,19856.2309959761,90000.0,0.0,0.0,0.0,0.0,96.58045136798826,0.0,0.0,386666.66666666686,58.0,0.09194480438500786,0.023905649140102046,0.0,0.3260943508598979,1.0,0.8320276473125885,0.9296892672349939,0.7524093993865418,0.6548064440986144,0.6548064440986144,0.6548064440986144,0.0,0.0,0.0,0.0,0.0,0.4931372136714527,0.10687620668588925,0.054793023741272505,4.532582241727479,143.76900402390785,537.4509972990547,6.64531836534289,143.11419757980923,0.4931372136714527,8.21813166583476,0.0,0.0,-996.0809349268247,0.0,7.275957614183426e-12,0.0,0.0
intrinsic_limited,recirculating,329.52421957967204,329.52421957967204,19854.150704502827,90000.0,0.0,0.0,0.0,0.0,98.4850929342152,0.0,0.0,393333.33333333355,59.0,0.09327521627645015,0.02425155623187704,0.0,0.32574844376812295,1.0,0.8298167111208515,0.9286718934356558,0.7492482098423172,0.6642812837662692,0.6642812837662692,0.6642812837662692,0.0,0.0,0.0,0.0,0.0,0.5016807660088053,0.1068582104231523,0.05574230733431168,4.5330571596592355,145.8492954971845,536.6635658727196,6.673355951096998,145.18501421341824,0.5016807660088053,8.360509965536739,0.0,0.0,-997.8431981933497,0.0,1.0913936421275139e-11,0.0,-1.1102230246251565e-16
intrinsic_limited,recirculating,334.19989665669596,334.19989665669596,19852.081223210902,90000.0,0.0,0.0,0.0,0.0,100.39779407632211,0.0,0.0,400000.00000000023,60.0,0.09459871471657862,0.02459566582631044,0.0,0.3254043341736895,1.0,0.827623093405769,0.9276598063932046,0.7461145109628509,0.6737068876723001,0.6737068876723001,0.6737068876723001,0.0,0.0,0.0,0.0,0.0,0.5101799208115894,0.10684030899275644,0.056686657867954356,4.533529708450552,147.91877678910936,535.8802263136204,6.701384206490726,147.24506990143706,0.5101799208115894,8.502148380325137,0.0,0.0,-999.6142609206682,0.0,1.0913936421275139e-11,0.0,0.0
intrinsic_limited,recirculating,338.851386928544,338.851386928544,19850.02244713664,90000.0,0.0,0.0,0.0,0.0,102.31855227820303,0.0,0.0,406666.6666666669,61.0,0.095915366832978,0.02493799537657428,0.0,0.3250620046234257,1.0,0.8254465769834118,0.9266529547747816,0.7430079378519447,0.6830837338815132,0.6830837338815132,0.6830837338815132,0.0,0.0,0.0,0.0,0.0,0.5186351091735112,0.10682250146650085,0.05762612324150122,4.53399991056345,149.97755286337306,535.1009388909263,6.729403207259306,149.29446912949155,0.5186351091735112,8.643054094376563,0.0,0.0,-1001.3941134084978,0.0,1.0913936421275139e-11,0.0,0.0
intrinsic_limited,recirculating,343.4789241604845,343.4789241604845,19847.974272814197,90000.0,0.0,0.0,0.0,0.0,104.24736504448087,0.0,0.0,413333.3333333336,62.0,0.09722523879530948,0.025278562086780466,0.0,0.3247214379132195,1.0,0.8232869484002937,0.9256512879800575,0.7399281321269211,0.6924122936366375,0.6924122936366375,0.6924122936366375,0.0,0.0,0.0,0.0,0.0,0.5270467560364209,0.10680478692950308,0.058560750670713424,4.5344677881446644,152.0257271858141,534.3256644407732,6.757413028245751,151.33331489217747,0.5270467560364209,8.783234189346954,0.0,0.0,-1003.1827460798052,0.0,1.0913936421275139e-11,0.0,0.0
intrinsic_limited,recirculating,348.08273879727324,348.08273879727324,19845.93659824742,90000.0,0.0,0.0,0.0,0.0,106.184229900263,0.0,0.0,420000.0000000003,63.0,0.09852839583332905,0.025617382916665554,0.0,0.32438261708333443,1.0,0.8211439978522134,0.9246547561274543,0.7368747417727238,0.7016930314866471,0.7016930314866471,0.7016930314866471,0.0,0.0,0.0,0.0,0.0,0.5354152803060295,0.10678716447994782,0.05949058670066992,4.534933363031495,154.06340175259334,533.5543643555988,6.785413743414973,153.36170872110668,0.5354152803060295,8.922695646299982,0.0,0.0,-1004.9801494786343,0.0,1.0913936421275139e-11,0.0,-1.1102230246251565e-16
intrinsic_limited,recirculating,352.66305802532435,352.66305802532435,19843.909322882304,90000.0,0.0,0.0,0.0,0.0,108.12914439090049,0.0,0.0,426666.666666667,64.0,0.09982490225448562,0.025954474586166263,0.0,0.3240455254138337,1.0,0.8190175191052306,0.9236633100406874,0.7338474209999358,0.7109264054120907,0.7109264054120907,0.7109264054120907,0.0,0.0,0.0,0.0,0.0,0.5437410949649246,0.10676963322884116,0.06041567721832494,4.535396656757531,156.0906771177109,532.7870005737271,6.8134054258677255,155.3797507122988,0.5437410949649246,9.061445347590467,0.0,0.0,-1006.7863142679813,0.0,1.4551915228366852e-11,0.0,0.0
intrinsic_limited,recirculating,357.220105833439,357.220105833439,19841.892347580128,90000.0,0.0,0.0,0.0,0.0,110.08210608175136,0.0,0.0,433333.33333333366,65.0,0.10111482146111088,0.02628985357988883,0.0,0.32371014642011114,1.0,0.8169073094187089,0.9226769012356211,0.7308458301066119,0.720112866947513,0.720112866947513,0.720112866947513,0.0,0.0,0.0,0.0,0.0,0.5520246071829683,0.10675219229977041,0.06133606746477424,4.535857690558239,158.10765241988534,532.0235355691948,6.841388147854147,157.38753955293782,0.5520246071829683,9.199490078704166,0.0,0.0,-1008.6012312277185,0.0,1.4551915228366852e-11,0.0,0.0
intrinsic_limited,recirculating,361.7541030721297,361.7541030721297,19839.8855745912,90000.0,0.0,0.0,0.0,0.0,112.04311255794737,0.0,0.0,440000.00000000035,66.0,0.10239821596721166,0.026623536151475034,0.0,0.3233764638485249,1.0,0.8148131694703641,0.9216954819074263,0.7278696353437849,0.7292528613010447,0.7292528613010447,0.7292528613010447,0.0,0.0,0.0,0.0,0.0,0.5602662184251374,0.10673484082866996,0.062251802047237466,4.5363164853764255,160.11442540881077,531.2639323418107,6.869361980787146,159.38517254750974,0.5602662184251374,9.336836530054914,0.0,0.0,-1010.4248912525637,0.0,1.0913936421275139e-11,0.0,-1.1102230246251565e-16
intrinsic_limited,recirculating,366.2652675115817,366.2652675115817,19837.8889075292,90000.0,0.0,0.0,0.0,0.0,114.01216142416463,0.0,0.0,446666.66666666704,67.0,0.10367514741487657,0.02695553832786791,0.0,0.3230444616721321,1.0,0.8127349032832535,0.9207190049180356,0.7249185087845536,0.7383468274712474,0.7383468274712474,0.7383468274712474,0.0,0.0,0.0,0.0,0.0,0.5684663245568897,0.1067175779635921,0.0631629249507655,4.536773061867573,162.11109247081092,530.508154407447,6.897326995255414,161.37274564333967,0.5684663245568897,9.473491298740568,0.0,0.0,-1012.2572853500953,0.0,1.0913936421275139e-11,0.0,1.1102230246251565e-16
intrinsic_limited,recirculating,370.75381389828664,370.75381389828664,19835.902251346102,90000.0,0.0,0.0,0.0,0.0,115.98925030439766,0.0,0.0,453333.3333333337,68.0,0.10494567659030658,0.027285875913479713,0.0,0.3227141240865203,1.0,0.8106723181546516,0.9197474237838832,0.7219921281966186,0.747395198361278,0.747395198361278,0.747395198361278,0.0,0.0,0.0,0.0,0.0,0.576625315947115,0.10670040286448364,0.06406947954967943,4.537227440405058,164.0977486539054,529.7561657885504,6.925283261036276,163.3503534555441,0.576625315947115,9.60946089025867,0.0,0.0,-1014.0984046388103,0.0,7.275957614183426e-12,0.0,-1.1102230246251565e-16
intrinsic_limited,recirculating,375.2199540103847,375.2199540103847,19833.925512307706,90000.0,0.0,0.0,0.0,0.0,117.97437684173701,0.0,0.0,460000.0000000004,69.0,0.10620986343948037,0.027614564494264898,0.0,0.32238543550573506,1.0,0.8086252245867518,0.9187806926639267,0.7190901769181822,0.7563984008904543,0.7563984008904543,0.7563984008904543,0.0,0.0,0.0,0.0,0.0,0.5847435775687387,0.10668331470296681,0.06497150861874873,4.53767964108525,166.07448769230476,529.0079310048701,6.953230847108204,165.3180892914143,0.5847435775687387,9.74475172018303,0.0,0.0,-1015.9482403462252,0.0,1.0913936421275139e-11,0.0,0.0
intrinsic_limited,recirculating,379.66389671175256,379.66389671175256,19831.95859796966,90000.0,0.0,0.0,0.0,0.0,119.96753869815028,0.0,0.0,466666.6666666671,70.0,0.10746776708346432,0.027941619441700725,0.0,0.3220583805582993,1.0,0.8065934362191406,0.9178187663479391,0.7162123437370902,0.7653568561032876,0.7653568561032876,0.7653568561032876,0.0,0.0,0.0,0.0,0.0,0.5928214890970455,0.10666631266212612,0.06586905434411615,4.538129683732495,168.0414020303498,528.2634150643964,6.981169821663138,167.2760451742465,0.5928214890970455,9.879370115802262,0.0,0.0,-1017.8067838070193,0.0,1.0913936421275139e-11,0.0,-1.1102230246251565e-16
intrinsic_limited,recirculating,384.085848004868,384.085848004868,19830.0014171541,90000.0,0.0,0.0,0.0,0.0,121.96873355426655,0.0,0.0,473333.3333333338,71.0,0.10871944583337652,0.028267055916677896,0.0,0.3217329440833221,1.0,0.8045767697629912,0.916861600245065,0.7133583227731275,0.7742709792760533,0.7742709792760533,0.7742709792760533,0.0,0.0,0.0,0.0,0.0,0.6008594250057788,0.10664939593629907,0.0667621583339754,4.538577587903992,169.9985828459099,527.5225834545045,7.009100252118558,169.22431186663385,0.6008594250057788,10.013322317721304,0.0,0.0,-1019.6740264612165,0.0,1.0913936421275139e-11,0.0,0.0
intrinsic_limited,recirculating,388.48601108248704,388.48601108248704,19828.053879926756,90000.0,0.0,0.0,0.0,0.0,123.9779591091641,0.0,0.0,480000.00000000047,72.0,0.10996495720501435,0.028590888873303733,0.0,0.32140911112669623,1.0,0.8025750449369249,0.9159091503726361,0.7105278133633696,0.7831411800209639,0.7831411800209639,0.7831411800209639,0.0,0.0,0.0,0.0,0.0,0.6088577546610822,0.10663256373087264,0.06765086162900912,4.539023372894549,171.94612007325563,526.7854021332954,7.037022205129302,171.16297889323465,0.6088577546610822,10.146614481426933,0.0,0.0,-1021.5499598524084,0.0,1.0913936421275139e-11,0.0,0.0
intrinsic_limited,recirculating,392.8645863781626,392.8645863781626,19826.115897574593,90000.0,0.0,0.0,0.0,0.0,125.99521308016136,0.0,0.0,486666.66666666715,73.0,0.1112043579331545,0.02891313306262017,0.0,0.3210868669373798,1.0,0.800588084404491,0.9149613733452348,0.7077205199504969,0.7919678623880103,0.7919678623880103,0.7919678623880103,0.0,0.0,0.0,0.0,0.0,0.6168168424133346,0.1066158152620831,0.06853520471259271,4.539467057741252,173.88410242541852,526.0518375211344,7.064935746599146,173.0921345630305,0.6168168424133346,10.27925267881822,0.0,0.0,-1023.4345756260144,0.0,1.0913936421275139e-11,0.0,0.0
intrinsic_limited,recirculating,397.2217716156381,397.2217716156381,19824.18738258396,90000.0,0.0,0.0,0.0,0.0,128.020493202611,0.0,0.0,493333.33333333384,74.0,0.11243770398553418,0.02923380303623889,0.0,0.3207661969637611,1.0,0.7986157137132175,0.9140182263640032,0.704936151973977,0.8007514249645324,0.8007514249645324,0.8007514249645324,0.0,0.0,0.0,0.0,0.0,0.6247370476869396,0.10659914975682179,0.06941522752077105,4.539908661228012,175.81261741605303,525.3218564923741,7.092840941692231,175.01186599108848,0.6247370476869396,10.411242899702849,0.0,0.0,-1025.3278655275794,0.0,1.4551915228366852e-11,0.0,0.0
intrinsic_limited,recirculating,401.5577618571446,401.5577618571446,19822.268248619202,90000.0,0.0,0.0,0.0,0.0,130.05379722969718,0.0,0.0,500000.0000000005,75.0,0.1136650505765222,0.029552913149895773,0.0,0.3204470868501042,1.0,0.7966577612351857,0.9130796672061889,0.702174423764043,0.8094922609725806,0.8094922609725806,0.8094922609725806,0.0,0.0,0.0,0.0,0.0,0.6326187250681233,0.10658256645244366,0.07029096945201369,4.540348201890028,177.73175138081308,524.5954263672633,7.120737854844151,176.9222591198405,0.6326187250681233,10.542591053260274,0.0,0.0,-1027.2298214011082,0.0,1.4551915228366852e-11,0.0,-1.1102230246251565e-16
intrinsic_limited,recirculating,405.8727495506302,405.8727495506302,19820.358410501758,90000.0,0.0,0.0,0.0,0.0,132.09512293223588,0.0,0.0,506666.6666666672,76.0,0.1148864521804877,0.0298704775669268,0.0,0.3201295224330732,1.0,0.794714058109086,0.9121456542149212,0.6994350544383678,0.8181907583641244,0.8181907583641244,0.8181907583641244,0.0,0.0,0.0,0.0,0.0,0.6404622243907887,0.10656606459658133,0.07116246937675429,4.540785698018143,179.64158949825602,523.8725149040351,7.148626549772943,178.8233987398919,0.6404622243907887,10.673302969472493,0.0,0.0,-1029.1404351874346,0.0,1.4551915228366852e-11,0.0,0.0
intrinsic_limited,recirculating,410.1861100860808,410.1861100860808,19818.449292573725,90000.0,0.0,0.0,0.0,0.0,134.1440541502426,0.0,0.0,513333.33333333384,77.0,0.11610739320065203,0.03018792223216953,0.0037513905305866257,0.31986870111063037,1.0150055621223466,0.7927758275516915,0.9113785326783247,0.6971918449639194,0.8268859756003285,0.8268859756003285,0.8268859756003285,0.0,0.0,0.0,0.0,0.0,0.6483027649655423,0.10654957008305936,0.0720336405517269,4.541223113441291,181.55070742628962,523.1498760467284,7.171627201489652,180.7238214506893,0.6483027649655423,10.80396557815076,0.0,0.0,-1031.0587037967632,0.0,1.4551915228366852e-11,0.0,0.0
intrinsic_limited,recirculating,414.57965792032235,414.57965792032235,19816.504683290754,90000.0,0.0,0.0,0.0,0.0,136.19887076756135,0.0,0.0,520000.0000000005,78.0,0.11735103205967898,0.030511268335516536,0.010173265384424313,0.31964393127947976,1.0406930615376973,0.7908064241423371,0.9107174449396465,0.6952635224336792,0.8357428408084193,0.8357428408084193,0.8357428408084193,0.0,0.0,0.0,0.0,0.0,0.6562890636554713,0.10653277008011788,0.07292100707283013,4.541668747258333,183.49531670925728,522.4138030103187,7.191517803922968,182.65957386844886,0.6562890636554713,10.93705724581843,0.0,0.0,-1032.9804287464142,0.0,1.0913936421275139e-11,0.0,0.0
intrinsic_limited,recirculating,419.0627964468361,419.0627964468361,19814.520420657365,90000.0,0.0,0.0,0.0,0.0,138.25947013428154,0.0,0.0,526666.6666666672,79.0,0.11862003048471507,0.03084120792602592,0.01668342272463787,0.31941606052855825,1.0667336908985514,0.7888019047368128,0.9100472368487008,0.6933131456760867,0.8447803101012479,0.8447803101012479,0.8447803101012479,0.0,0.0,0.0,0.0,0.0,0.6644382132622757,0.1065156286987194,0.07382646814025284,4.5421235583462165,185.47957934264537,521.6627203972793,7.211748444671755,184.63479903254412,0.6644382132622757,11.072862824015823,0.0,0.0,-1034.905222534937,0.0,1.0913936421275139e-11,0.0,-1.1102230246251565e-16
intrinsic_limited,recirculating,423.63565297567277,423.63565297567277,19812.496448325404,90000.0,0.0,0.0,0.0,0.0,140.32595025343048,0.0,0.0,533333.3333333338,80.0,0.11991442451217833,0.031177750373166366,0.023279753712002374,0.3191851548018244,1.0931190148480094,0.7867625047143103,0.9093681023583071,0.6913414545080114,0.8539986401205991,0.8539986401205991,0.8539986401205991,0.0,0.0,0.0,0.0,0.0,0.6727504451361682,0.1064981455248567,0.07475004945957422,4.542587565112573,187.50355167460708,520.8966068787206,7.232316198307849,186.64955303448647,0.6727504451361682,11.211386168194243,0.0,0.0,-1036.8331793099076,0.0,1.0913936421275139e-11,0.0,0.0
intrinsic_limited,recirculating,428.2982792399274,428.2982792399274,19810.432743397505,90000.0,0.0,0.0,0.0,0.0,142.39840825393807,0.0,0.0,540000.0000000005,81.0,0.12123422878565286,0.03152089948426975,0.029960017910684623,0.31895128387228505,1.1198400716427386,0.7846884981693742,0.9086802466831914,0.6893492176915589,0.8633979351541848,0.8633979351541848,0.8633979351541848,0.0,0.0,0.0,0.0,0.0,0.6812258532472152,0.10648032043505683,0.07569176147191278,4.543060778417146,189.56725660250476,520.1154537875387,7.253217776533679,188.70385866735057,0.6812258532472152,11.35262884436484,0.0,0.0,-1038.7643946342446,0.0,1.0913936421275139e-11,0.0,0.0
intrinsic_limited,recirculating,433.0506502908387,433.0506502908387,19808.329316916137,90000.0,0.0,0.0,0.0,0.0,144.47694028685027,0.0,0.0,546666.6666666671,82.0,0.1225794362431354,0.031870653423215205,0.03672184666969223,0.31871452120091986,1.146887386678769,0.7825801979032532,0.9079838858850585,0.6873372311713599,0.8729781449082958,0.8729781449082958,0.8729781449082958,0.0,0.0,0.0,0.0,0.0,0.6898643921770128,0.1064621536005038,0.07665159913077918,4.543543201452169,191.67068308387465,519.3192653035243,7.274449532551876,190.79770493896635,0.6898643921770128,11.496590095629918,0.0,0.0,-1040.6989654158915,0.0,1.0913936421275139e-11,0.0,0.0
intrinsic_limited,recirculating,437.89266359301774,437.89266359301774,19806.186214264042,90000.0,0.0,0.0,0.0,0.0,146.56164142294315,0.0,0.0,553333.3333333337,83.0,0.12395001786093057,0.03222700464384195,0.04356274699608556,0.3184749437810287,1.1742509879843421,0.7804379552955951,0.9072792464147903,0.6853063162002254,0.8827390626838926,0.8827390626838926,0.8827390626838926,0.0,0.0,0.0,0.0,0.0,0.6986658754741528,0.10644364549038941,0.0776295417193503,4.544034829642452,193.8137857359699,518.5080586049437,7.296007466738645,192.931046673286,0.6986658754741528,11.643266814776757,0.0,0.0,-1042.6369898328376,0.0,1.0913936421275139e-11,0.0,0.0
intrinsic_limited,recirculating,442.8241383262533,442.8241383262533,19804.003515473276,90000.0,0.0,0.0,0.0,0.0,148.6526055521108,0.0,0.0,560000.0000000003,84.0,0.12534592245601964,0.032589939838565105,0.050480105907000215,0.31823263196871165,1.2019204236280008,0.7782621600554256,0.9065665646138579,0.6832573173629299,0.8926803239691274,0.8926803239691274,0.8926803239691274,0.0,0.0,0.0,0.0,0.0,0.707629974385195,0.10642479687446631,0.0786255527094661,4.544535650565864,195.99648452673563,517.6818639855111,7.317887233608827,195.1038042027665,0.707629974385195,11.792653523129275,0.0,0.0,-1044.5785672536529,0.0,1.0913936421275139e-11,0.0,0.0
intrinsic_limited,recirculating,447.8448148992262,447.8448148992262,19801.781335440435,90000.0,0.0,0.0,0.0,0.0,150.74992528489426,0.0,0.0,566666.666666667,85.0,0.1267670765484123,0.0329594399025872,0.057471195244088266,0.3179876693003015,1.2298847809763531,0.7760532398510825,0.9058460861773574,0.6811911005087227,0.9028014054590521,0.9028014054590521,0.9028014054590521,0.0,0.0,0.0,0.0,0.0,0.7167562169708419,0.10640560882478328,0.07963957966342686,4.545045643894754,198.21866455957618,516.8407249358581,7.340084150051187,197.31586315411712,0.7167562169708419,11.94474235581908,0.0,0.0,-1046.5237981537466,0.0,1.0913936421275139e-11,0.0,0.0
intrinsic_limited,recirculating,452.9543546792939,452.9543546792939,19799.519824046256,90000.0,0.0,0.0,0.0,0.0,152.85369185651174,0.0,0.0,573333.3333333336,86.0,0.12821338428465962,0.0333354799140115,0.06453317693063436,0.3177401422976677,1.2581327077225375,0.773811659819534,0.9051180655813758,0.6791085506038859,0.9131016245108949,0.9131016245108949,0.9131016245108949,0.0,0.0,0.0,0.0,0.0,0.7260439876148754,0.10638608271658878,0.08067155417943059,4.545564781358798,200.4801759537562,515.9846981888045,7.362593204803318,199.56707432924532,0.7260439876148754,12.099523053601898,0.0,0.0,-1048.4727840275812,0.0,1.0913936421275139e-11,0.0,1.1102230246251565e-16
intrinsic_limited,recirculating,458.1523399412892,458.1523399412892,19797.219166178274,90000.0,0.0,0.0,0.0,0.0,154.9639950337416,0.0,0.0,580000.0000000002,87.0,0.1296847274233608,0.03371802913007381,0.07166310864839148,0.31749014026240524,1.286652434593566,0.7715379219562609,0.9043827654776625,0.6770105695162639,0.923580139040846,0.923580139040846,0.923580139040846,0.0,0.0,0.0,0.0,0.0,0.7354925269312111,0.10636622022838917,0.08172139188124566,4.546093026729568,202.78083382173872,515.1138537279361,7.385409069126629,201.8572536826979,0.7354925269312111,12.256982961308633,0.0,0.0,-1050.4256272971043,0.0,1.4551915228366852e-11,0.0,0.0
intrinsic_limited,recirculating,463.4382740370292,463.4382740370292,19794.8795816558,90000.0,0.0,0.0,0.0,0.0,157.08092302499517,0.0,0.0,586666.6666666669,88.0,0.13118096538314453,0.034107050999617576,0.0788579499081499,0.3172377550600037,1.3154317996325995,0.7692325643876347,0.9036404560588344,0.6748980737442023,0.9342359478657664,0.9342359478657664,0.9342359478657664,0.0,0.0,0.0,0.0,0.0,0.745100932072147,0.10634602334115861,0.08278899245246076,4.546630335827063,205.1204183442106,514.2282747592062,7.408526108632937,204.18618239634483,0.745100932072147,12.41710703298233,0.0,0.0,-1052.3824312166842,0.0,1.0913936421275139e-11,0.0,0.0
intrinsic_limited,recirculating,468.81158178595723,468.81158178595723,19792.50132505703,90000.0,0.0,0.0,0.0,0.0,159.20456239390367,0.0,0.0,593333.3333333335,89.0,0.13270193535324412,0.034502503191843475,0.08611456848522735,0.3169830808951694,1.3444582739409094,0.7668961605284693,0.9028914143975572,0.6727719921027107,0.9450678914906754,0.9450678914906754,0.9450678914906754,0.0,0.0,0.0,0.0,0.0,0.7548681574385804,0.10632549433669722,0.0838742397153978,4.5471766565482685,207.4986749429831,513.3280576454897,7.431938396205799,206.5536070514924,0.7548681574385804,12.579877843713941,0.0,0.0,-1054.343299774861,0.0,1.4551915228366852e-11,0.0,0.0
intrinsic_limited,recirculating,474.2716100860623,474.2716100860623,19790.084685448623,90000.0,0.0,0.0,0.0,0.0,161.33499797672437,0.0,0.0,600000.0000000001,90.0,0.13424745246642464,0.034904337641270405,0.09342974718848784,0.31672621407953233,1.3737189887539514,0.7645293181281427,0.9021359237633304,0.6706332633799031,0.9560746533402912,0.9560746533402912,0.9560746533402912,0.0,0.0,0.0,0.0,0.0,0.7647930157906332,0.10630463579514332,0.08497700175451477,4.547731928917705,209.9153145513882,512.4133118042315,7.455639725951945,208.9592398980479,0.7647930157906332,12.745275608150902,0.0,0.0,-1056.3083375932447,0.0,1.0913936421275139e-11,0.0,0.0
intrinsic_limited,recirculating,479.81762874294526,479.81762874294526,19787.629986018786,90000.0,0.0,0.0,0.0,0.0,163.47231280385336,0.0,0.0,606666.6666666667,91.0,0.13581731003365852,0.03531250060875121,0.10080019092919634,0.3164672527930235,1.4032007637167854,0.7621326782093856,0.9013742729206574,0.6684828339769301,0.9672547614303284,0.9672547614303284,0.9672547614303284,0.0,0.0,0.0,0.0,0.0,0.7748741797548135,0.10628345059164665,0.08609713108386816,4.548296085159804,212.37001398122797,511.48415956855064,7.479623628110328,211.40275921979764,0.7748741797548135,12.913278205613967,0.0,0.0,-1058.2776498229107,0.0,1.4551915228366852e-11,0.0,0.0
intrinsic_limited,recirculating,485.4488315136397,485.4488315136397,19785.13758361524,90000.0,0.0,0.0,0.0,0.0,165.61658802570923,0.0,0.0,613333.3333333334,92.0,0.1374112798395898,0.035726932758293355,0.10822253405400274,0.31620629684024637,1.432890136216011,0.7597069139044967,0.9006067554124894,0.6663216555445681,0.9786065904717158,0.9786065904717158,0.9786065904717158,0.0,0.0,0.0,0.0,0.0,0.7851101837215485,0.10626194189221753,0.08723446485794982,4.548869049792817,214.86241638477574,510.54073601236234,7.503883384840051,213.88380979430403,0.7851101837215485,13.083861211719606,0.0,0.0,-1060.2513420386608,0.0,1.4551915228366852e-11,0.0,0.0
intrinsic_limited,recirculating,491.1643373605665,491.1643373605665,19782.607868190233,90000.0,0.0,0.0,0.0,0.0,167.7679028432297,0.0,0.0,620000.0,93.0,0.1390291124974789,0.036147569249344515,0.1156933479046714,0.31594344740319175,1.4627733916186856,0.7572527291943714,0.8998336688329169,0.664150682629541,0.9901283643984187,0.9901283643984187,0.9901283643984187,0.0,0.0,0.0,0.0,0.0,0.7954994261246837,0.10624011314877012,0.08838882512496483,4.549450739743822,217.39213180978342,509.58318874029743,7.5284120468019875,216.402003445385,0.7954994261246837,13.256997936367853,0.0,0.0,-1062.2295201315333,0.0,1.4551915228366852e-11,0.0,0.0
intrinsic_limited,recirculating,496.9631919098112,496.9631919098112,19780.04126215509,90000.0,0.0,0.0,0.0,0.0,169.92633444319787,0.0,0.0,626666.6666666666,94.0,0.14067053786198297,0.03657433984411557,0.12320914856582532,0.3156788067916597,1.4928365942633013,0.7547708575563,0.8990553140931169,0.6619708703433822,1.0018181593071502,1.0018181593071502,1.0018181593071502,0.0,0.0,0.0,0.0,0.0,0.806040172092391,0.10621796809338235,0.08956001912137676,4.550041064484324,219.95873784492343,508.6116776433898,7.553202450443726,218.95691968561627,0.806040172092391,13.432659467919695,0.0,0.0,-1064.2122901999494,0.0,1.4551915228366852e-11,0.0,2.220446049250313e-16
intrinsic_limited,recirculating,502.8443691067737,502.8443691067737,19777.438219647425,90000.0,0.0,0.0,0.0,0.0,172.0919579385883,0.0,0.0,633333.3333333333,95.0,0.14233526549780448,0.03700716902942917,0.13076640476097218,0.31541247819275087,1.5230656190438887,0.7522620605270317,0.8982719946845614,0.6597831720662526,1.013673906794963,1.013673906794963,1.013673906794963,0.0,0.0,0.0,0.0,0.0,0.8167305564568467,0.10619551073179988,0.09074783960631627,4.550639926185771,222.5617803525886,507.6263746216967,7.578247235893312,221.54810644579365,0.8167305564568467,13.610814723353348,0.0,0.0,-1066.1997584399062,0.0,1.4551915228366852e-11,0.0,0.0
intrinsic_limited,recirculating,508.8067730611681,508.8067730611681,19774.799225714516,90000.0,0.0,0.0,0.0,0.0,174.26484631409562,0.0,0.0,639999.9999999999,96.0,0.1440229852019376,0.03744597615250378,0.13836154585645757,0.31514456542077846,1.5534461834258302,0.7497271261880512,0.897484015943466,0.6575885371976818,1.0256933976785474,1.0256933976785474,1.0256933976785474,0.0,0.0,0.0,0.0,0.0,0.8275685871080983,0.106172745336216,0.09195206523423313,4.551247219894242,225.20077428549982,506.62746327519716,7.60353886536334,224.17508088782128,0.8275685871080983,13.791430504156457,0.0,0.0,-1068.1920310346104,0.0,1.4551915228366852e-11,0.0,0.0
intrinsic_limited,recirculating,514.8492400723453,514.8492400723453,19772.12479541689,90000.0,0.0,0.0,0.0,0.0,176.44507037697997,0.0,0.0,646666.6666666665,97.0,0.14573336757695632,0.03789067557000864,0.1459909699327003,0.31487517266892673,1.5839638797308013,0.7471668675804379,0.8966916843203728,0.6553879089655816,1.0378742860770394,1.0378742860770394,1.0378742860770394,0.0,0.0,0.0,0.0,0.0,0.8385521486757099,0.10614967643736169,0.09317246096396775,4.551862833723449,227.87520458312503,505.6151385644796,7.629069641964634,226.837330297048,0.8385521486757099,13.974471557680705,0.0,0.0,-1070.1892140439704,0.0,1.4551915228366852e-11,0.0,0.0
intrinsic_limited,recirculating,520.9705408249915,520.9705408249915,19769.415472856504,90000.0,0.0,0.0,0.0,0.0,178.6326987133345,0.0,0.0,653333.3333333331,98.0,0.14746606465252962,0.0383411768096577,0.1536510518821627,0.3146044042639442,1.6146042075286506,0.7445821210570116,0.8958953066586595,0.6531822223042034,1.0502140938382838,1.0502140938382838,1.0502140938382838,0.0,0.0,0.0,0.0,0.0,0.8496790065201036,0.10612630881594652,0.09440877850223371,4.552486649065087,230.5845271435081,504.589606442885,7.654831728827081,229.5343130496698,0.8496790065201036,14.159900643657526,0.0,0.0,-1072.1914132943482,0.0,1.0913936421275139e-11,0.0,0.0
intrinsic_limited,recirculating,527.1693827444215,527.1693827444215,19766.671830134277,90000.0,0.0,0.0,0.0,0.0,180.827797649851,0.0,0.0,659999.9999999998,99.0,0.1492207105521114,0.03879738474354896,0.1613381514939318,0.31433236442511253,1.6453526059757273,0.7419737445797466,0.8950951894856252,0.6509724018109466,1.0627102152868242,1.0627102152868242,1.0627102152868242,0.0,0.0,0.0,0.0,0.0,0.8609468110140012,0.10610264749348972,0.09566075677933343,4.553118540815508,233.32816986573502,503.55108346191327,7.680817168424422,232.2654596504482,0.8609468110140012,14.347678605548328,0.0,0.0,-1074.198734268974,0.0,1.0913936421275139e-11,0.0,-2.220446049250313e-16
intrinsic_limited,recirculating,533.4444124999519,533.4444124999519,19763.894466242073,90000.0,0.0,0.0,0.0,0.0,183.0304312211295,0.0,0.0,666666.6666666664,100.0,0.150996922201546,0.03925919977240196,0.16904862148557465,0.3140591570286737,1.6761944859422986,0.7393426159706453,0.8942916383196287,0.6487593597910881,1.075359922270403,1.075359922270403,1.075359922270403,0.0,0.0,0.0,0.0,0.0,0.872353102093033,0.10607869772258861,0.09692812245478141,4.553758377617602,236.10553375794115,502.4997963518205,7.707017902000039,235.03017383567075,0.872353102093033,14.537764446380393,0.0,0.0,-1076.2112819994204,0.0,1.4551915228366852e-11,0.0,0.0
intrinsic_limited,recirculating,539.7942186441977,539.7942186441977,19761.084005894536,90000.0,0.0,0.0,0.0,0.0,185.2406611425496,0.0,0.0,673333.333333333,101.0,0.15279430007614822,0.03972651801979854,0.1767788154440189,0.31378488537882915,1.7071152617760756,0.7366896311243987,0.8934849569965564,0.646543994398585,1.0881603694804651,1.0881603694804651,1.0881603694804651,0.0,0.0,0.0,0.0,0.0,0.8838953140534153,0.10605446497667044,0.09821059045037946,4.554406022116696,238.91599410547875,501.4359815794442,7.733425788992129,237.82783373599827,0.8838953140534153,14.730115408700165,0.0,0.0,-1078.2291609585209,0.0,1.4551915228366852e-11,0.0,0.0
intrinsic_limited,recirculating,546.2173343756058,546.2173343756058,19758.241098306382,90000.0,0.0,0.0,0.0,0.0,187.45854678869094,0.0,0.0,679999.9999999997,102.0,0.15461242898266672,0.040199231535493346,0.1845250956386192,0.3135096519863496,1.7381003825544767,0.7340157021912326,0.8926754470186754,0.6443271878801776,1.1011086000210961,1.1011086000210961,1.1011086000210961,0.0,0.0,0.0,0.0,0.0,0.8955707805736376,0.10602995493927654,0.09950786450818193,4.555061331229252,241.75890169363026,500.3598848853828,7.760032626358498,240.65779309360917,0.8955707805736376,14.92468705825967,0.0,0.0,-1080.2524749551026,0.0,1.0913936421275139e-11,0.0,0.0
intrinsic_limited,recirculating,552.712240411111,552.712240411111,19755.36641592095,90000.0,0.0,0.0,0.0,0.0,189.6841451772634,0.0,0.0,686666.6666666663,103.0,0.15645087887241904,0.04067722850682895,0.19228384067125037,0.3132335583557486,1.7691353626850015,0.7313217557383395,0.8918634069286725,0.6421098049290097,1.1142015511999503,1.1142015511999503,1.1142015511999503,0.0,0.0,0.0,0.0,0.0,0.9073767399363184,0.10600517349293004,0.10081963777070202,4.5557241564230635,244.63358407906208,499.27176080272454,7.7868301677044,243.51938252786212,0.9073767399363184,15.121433371038746,0.0,0.0,-1082.281327030896,0.0,1.4551915228366852e-11,0.0,-2.220446049250313e-16
intrinsic_limited,recirculating,559.2773679554808,559.2773679554808,19752.46065309594,90000.0,0.0,0.0,0.0,0.0,191.91751095848002,0.0,0.0,693333.3333333329,104.0,0.15830920568179496,0.041160393477266695,0.20005145293020088,0.31295670478188625,1.8002058117208035,0.7286087308982306,0.8910491317114302,0.6398926911530051,1.1274360605140945,1.1274360605140945,1.1274360605140945,0.0,0.0,0.0,0.0,0.0,0.9193103404258094,0.10598012670763984,0.10214559338064547,4.556394344007651,247.53934690407345,498.17187215957847,7.813810142120294,246.41191084355935,0.9193103404258094,15.320306823196113,0.0,0.0,-1084.3158193599552,0.0,1.0913936421275139e-11,0.0,-2.220446049250313e-16
intrinsic_limited,recirculating,565.9111017537017,565.9111017537017,19749.524524752414,90000.0,0.0,0.0,0.0,0.0,194.15869640977886,0.0,0.0,699999.9999999995,105.0,0.16018695219626577,0.0416486075710291,0.20782436581680494,0.3126791901567719,1.8312974632672199,0.7258775775122204,0.8902329122257998,0.6376766716622034,1.140808871803252,1.140808871803252,1.140808871803252,0.0,0.0,0.0,0.0,0.0,0.9313686458767444,0.10595482082909168,0.10348540509741602,4.557071735433502,250.47547524760012,497.06048956769354,7.840964272641059,249.33466637579687,0.9313686458767444,15.521258483535945,0.0,0.0,-1086.3560531509142,0.0,1.4551915228366852e-11,0.0,0.0
intrinsic_limited,recirculating,572.6117832126555,572.6117832126555,19746.55876499313,90000.0,0.0,0.0,0.0,0.0,196.40775143577648,0.0,0.0,706666.6666666662,106.0,0.1620836489340071,0.04214174872284184,0.2155990507161069,0.31240111178723884,1.8623962028644276,0.7231292542770595,0.8894150346683496,0.6354625497782518,1.154316641542728,1.154316641542728,1.154316641542728,0.0,0.0,0.0,0.0,0.0,0.9435486413485314,0.10592926226658192,0.10483873792761458,4.557756167598821,253.44123500688593,495.93789089946773,7.868284294243269,252.2869183653432,0.9435486413485314,15.724238108073276,0.0,0.0,-1088.4021285523745,0.0,1.4551915228366852e-11,0.0,0.0
intrinsic_limited,recirculating,579.3777135783272,579.3777135783272,19743.56412569628,90000.0,0.0,0.0,0.0,0.0,198.66472357331156,0.0,0.0,713333.3333333328,107.0,0.16399881504523992,0.04263969191176238,0.22337202368535752,0.31212256522406284,1.89348809474143,0.7203647269025026,0.8885957800707731,0.6332511058682633,1.1679559452482782,1.1679559452482782,1.1679559452482782,0.0,0.0,0.0,0.0,0.0,0.9558472389007805,0.10590345758074432,0.10620524876675337,4.558447473162399,256.4358743037332,494.8043607556549,7.895761971302679,255.26791835848493,0.9558472389007805,15.929194236281505,0.0,0.0,-1090.4541445617015,0.0,1.4551915228366852e-11,0.0,0.0
intrinsic_limited,recirculating,586.2071571548846,586.2071571548846,19740.54137509073,90000.0,0.0,0.0,0.0,0.0,200.9296580014167,0.0,0.0,719999.9999999994,108.0,0.16593195922342432,0.04314230939809033,0.23113985183680044,0.31184364410299564,1.9245594073472017,0.7175849662872881,0.8877754238323402,0.631043096304263,1.1817232839653886,1.1817232839653886,1.1817232839653886,0.0,0.0,0.0,0.0,0.0,0.9682612834448372,0.10587741347112524,0.10758458704942632,4.55914548086128,259.45862490928573,493.66018992605643,7.923389114440459,258.27690162532036,0.9682612834448372,16.13607428860821,0.0,0.0,-1092.5121989374798,0.0,1.4551915228366852e-11,0.0,-2.220446049250313e-16
intrinsic_limited,recirculating,593.0983445521573,593.0983445521573,19737.491296318633,90000.0,0.0,0.0,0.0,0.0,203.20259755603547,0.0,0.0,726666.666666666,109.0,0.16788258062449177,0.04364947096236786,0.23889915939393844,0.31156443999808203,1.9555966375757539,0.7147909467206776,0.8869542352884766,0.6288392525485178,1.1956150908158028,1.1956150908158028,1.1956150908158028,0.0,0.0,0.0,0.0,0.0,0.980787558646931,0.10585113676365732,0.10897639540521453,4.559850015831874,262.50870368138123,492.5056748454543,7.951157596693166,261.3130885905654,0.980787558646931,16.344824664851103,0.0,0.0,-1094.5763881158557,0.0,1.4551915228366852e-11,0.0,-2.220446049250313e-16
intrinsic_limited,recirculating,600.0494759483237,600.0494759483237,19734.414685991378,90000.0,0.0,0.0,0.0,0.0,205.48358274928532,0.0,0.0,733333.3333333327,110.0,0.16985016979038214,0.04416104414549936,0.24664663340327508,0.311285042287531,1.9865865336131003,0.7119836441163151,0.8861324773162678,0.6266402803641454,1.2096277375747067,1.2096277375747067,1.2096277375747067,0.0,0.0,0.0,0.0,0.0,0.9934227928589616,0.10582463439808255,0.11038031031766238,4.56056089993321,265.5853140086355,491.34111704699757,7.9790593689484215,264.37568627106083,0.9934227928589616,16.555390842994594,0.0,0.0,-1096.646807130962,0.0,1.4551915228366852e-11,0.0,0.0
intrinsic_limited,recirculating,607.058724354975,607.058724354975,19731.312352744437,90000.0,0.0,0.0,0.0,0.0,207.77265179305073,0.0,0.0,739999.9999999993,111.0,0.17183420957325368,0.04467689448904596,0.2543790290863631,0.31100553803231273,2.0175161163454525,0.7091640342847481,0.8853104059773904,0.6244468591495648,1.2237575412527069,1.2237575412527069,1.2237575412527069,0.0,0.0,0.0,0.0,0.0,1.0061636650535983,0.10579791341537548,0.11179596278373312,4.561277952071032,268.6876472555782,490.1668226151893,8.007086474595306,267.4638897143255,1.0061636650535983,16.767717478118215,0.0,0.0,-1098.723549539604,0.0,1.4551915228366852e-11,0.0,0.0
intrinsic_limited,recirculating,614.1242388721627,614.1242388721627,19728.18511579666,90000.0,0.0,0.0,0.0,0.0,210.06984062667686,0.0,0.0,746666.6666666659,112.0,0.17383417605685758,0.04519688577478297,0.2620931748198262,0.31072601186755794,2.0483726992793048,0.706333091250503,0.8844882701986999,0.6222596413945515,1.2380007706576153,1.2380007706576153,1.2380007706576153,0.0,0.0,0.0,0.0,0.0,1.0190068107411625,0.10577098094521252,0.11322297897124024,4.562000988521525,271.8148842033553,488.98310164055226,8.035231063345933,270.5768834326977,1.0190068107411625,16.981748501001473,0.0,0.0,-1100.8067073503466,0.0,1.4551915228366852e-11,0.0,0.0
intrinsic_limited,recirculating,621.244147921542,621.244147921542,19725.033803519276,90000.0,0.0,0.0,0.0,0.0,212.3751829485232,0.0,0.0,753333.3333333326,113.0,0.17584953947171256,0.045720880262645265,0.26978597673382637,0.31044654590674875,2.0791439069353057,0.7034917856191404,0.8836663114904375,0.6200792522549559,1.252353652912078,1.252353652912078,1.2465476164003824,0.0058060365116956334,0.0,0.0,0.0,0.0,1.0319488278466895,0.105743844193534,0.11466098087185436,4.562729823253458,274.96619648073687,487.7902676779645,8.063485404191796,273.7138428278248,1.0319488278466895,17.19742721606508,0.0,0.0,-1102.8963709571294,0.0,1.4551915228366852e-11,0.0,2.220446049250313e-16
intrinsic_limited,recirculating,628.4165624462888,628.4165624462888,19721.859252019593,90000.0,0.0,0.0,0.0,0.0,214.68871025112637,0.0,0.0,759999.9999999992,114.0,0.17787976510087414,0.04624873892622728,0.2774544229222028,0.3101672196586007,2.109817691688811,0.7006410829992129,0.8828447637017669,0.6179062892424756,1.2668123799042246,1.2668123799042246,1.2462253330297752,0.02058704687444928,0.0,0.0,0.0,0.0,1.044986282526585,0.10571651043024136,0.1161095869473983,4.563464268247612,278.1407479804186,486.58863721056093,8.091841897465986,276.87393560051436,1.044986282526585,17.414696398305537,0.0,0.0,-1104.992629077492,0.0,1.0913936421275139e-11,0.0,0.0
intrinsic_limited,recirculating,635.6395790670865,635.6395790670865,19718.66230374413,90000.0,0.0,0.0,0.0,0.0,217.01045185971492,0.0,0.0,766666.6666666658,115.0,0.17992431417326912,0.046780321685049975,0.28509558726017503,0.3098881099564596,2.1403823490407,0.6977819424835534,0.8820238528131166,0.6157413220253006,1.2813731146497582,1.2813731146497582,1.2459008131128668,0.03547230153689135,0.0,0.0,0.0,0.0,1.0581157149054183,0.10568898697707128,0.11756841276726868,4.564204133812415,281.3376962558794,485.37852912099567,8.120293085989365,280.05632314122965,1.0581157149054183,17.633498388898797,0.0,0.0,-1107.0955686954874,0.0,1.0913936421275139e-11,0.0,0.0
intrinsic_limited,recirculating,642.9112831841404,642.9112831841404,19715.44380610566,90000.0,0.0,0.0,0.0,0.0,219.34043497381202,0.0,0.0,773333.3333333324,116.0,0.18198264474175277,0.04731548763285572,0.29270663282807824,0.30960929089996014,2.170826531312313,0.6949153151938018,0.8812037967645887,0.6135848923349276,1.2960319975452448,1.2960319975452448,1.2455741434490841,0.05045785409616077,0.0,0.0,0.0,0.0,1.071333644714602,0.10566128119568714,0.11903707163495575,4.5649492288947595,284.5561938943507,484.16026417174504,8.148831665286066,283.26016189680547,1.071333644714602,17.853775189168843,0.0,0.0,-1109.2052750093144,0.0,1.0913936421275139e-11,0.0,-2.220446049250313e-16
intrinsic_limited,recirculating,650.2297520158785,650.2297520158785,19712.204610138248,90000.0,0.0,0.0,0.0,0.0,221.6786847116601,0.0,0.0,779999.9999999991,117.0,0.18405421254324417,0.047854095261243484,0.30028481494203774,0.3093308338086271,2.201139259768151,0.6920421428915633,0.8803848053194915,0.6114375139740059,1.310785152493769,1.310785152493769,1.245245411171107,0.06553974132266194,0.0,0.0,0.0,0.0,1.0846365768159765,0.1056334004760174,0.12051517520177514,4.565699361385069,287.7953898617628,482.9341644960197,8.177450492860281,286.48460470926904,1.0846365768159765,18.075468552638245,0.0,0.0,-1111.3218313836933,0.0,1.0913936421275139e-11,0.0,0.0
intrinsic_limited,recirculating,657.5930575657184,657.5930575657184,19708.94556918416,90000.0,0.0,0.0,0.0,0.0,224.02522415719892,0.0,0.0,786666.6666666657,118.0,0.18613847183850013,0.04839600267801004,0.30782748379480035,0.3090528071870391,2.231309935179201,0.6891633566590788,0.8795670799618798,0.6092996729197124,1.3256286928855803,1.3256286928855803,1.2449147036107424,0.08071398927483793,0.0,0.0,0.0,0.0,1.0980210065946292,0.1056053522248812,0.12200233406606988,4.566454338415705,291.0544308158527,481.7005531007273,8.206142596532874,289.7288021229671,1.0980210065946292,18.298520074899496,0.0,0.0,-1113.4453193069708,0.0,1.4551915228366852e-11,0.0,0.0
intrinsic_limited,recirculating,664.9992695090343,664.9992695090343,19705.66753761606,90000.0,0.0,0.0,0.0,0.0,226.3800744093295,0.0,0.0,793333.3333333323,119.0,0.1882348762293009,0.04894106781961824,0.31533208671209734,0.308775276701121,2.2613283468483893,0.6862798756517783,0.8787508138268265,0.6071718275168515,1.340558727417872,1.340558727417872,1.2445821081684918,0.09597661924938025,0.0,0.0,0.0,0.0,1.1114834252066514,0.105577143854926,0.12349815835629457,4.567213966651949,294.3324623839521,480.45975338280385,8.234901181842515,292.9919036565342,1.1114834252066514,18.522871281068845,0.0,0.0,-1115.575818352932,0.0,1.0913936421275139e-11,0.0,0.0
intrinsic_limited,recirculating,672.4464579932088,672.4464579932088,19702.371369597706,90000.0,0.0,0.0,0.0,0.0,228.7432546331977,0.0,0.0,799999.999999999,120.0,0.19034287945103348,0.04948914865726871,0.32279617003189526,0.308498305165084,2.2911846801275813,0.6833926059245942,0.8779361916620118,0.605054408754655,1.3555713657393498,1.3555713657393498,1.2442477121871462,0.11132365355220344,0.0,0.0,0.0,0.0,1.1250203246688988,0.10554878277390671,0.12500225829654427,4.567978052574778,297.6286304023061,479.21208866010767,8.263719638521735,296.27305903656674,1.1250203246688988,18.748463710607197,0.0,0.0,-1117.7134061472618,0.0,1.0913936421275139e-11,0.0,0.0
intrinsic_limited,recirculating,679.9326963444264,679.9326963444264,19699.057917885897,90000.0,0.0,0.0,0.0,0.0,231.11478211323572,0.0,0.0,806666.6666666656,121.0,0.19246193613887747,0.05004010339610814,0.3302173806157187,0.3082219525384931,2.320869522462875,0.6805024393334241,0.8771233898190974,0.6029478206210872,1.370662723906802,1.370662723906802,1.2439116028296768,0.12675112107712527,0.0,0.0,0.0,0.0,1.1386282027792256,0.10552027637432936,0.12651424475324727,4.568746402754818,300.94208211411603,477.9578817179365,8.292591546063766,299.57141939020926,1.1386282027792256,18.975238999315795,0.0,0.0,-1119.8581583385912,0.0,1.4551915228366852e-11,0.0,0.0
intrinsic_limited,recirculating,687.456063675624,687.456063675624,19695.72803267618,90000.0,0.0,0.0,0.0,0.0,233.49467230770395,0.0,0.0,813333.3333333322,122.0,0.19459150256601218,0.05059379066716317,0.3375934670028576,0.307946275932909,2.35037386801143,0.6776102525126755,0.8763125762732619,0.600852440528378,1.3858289296424169,1.3858289296424169,1.2435738669616745,0.14225506268074242,0.0,0.0,0.0,0.0,1.1523035678570428,0.10549163202348044,0.12803372976189362,4.569518824116863,304.2719673238325,476.6974543721043,8.321510678400667,302.8861383941901,1.1523035678570428,19.203138958337618,0.0,0.0,-1122.0101485740377,0.0,1.0913936421275139e-11,0.0,0.0
intrinsic_limited,recirculating,695.014647390772,695.014647390772,19692.382560494447,90000.0,0.0,0.0,0.0,0.0,235.88293890448264,0.0,0.0,819999.9999999988,123.0,0.19673103735247913,0.051150069711644576,0.3449222802197338,0.3076713296275248,2.3796891208789352,0.6747169059293733,0.8755039106691906,0.5987686198034478,1.4010661273821092,1.4010661273821092,1.24323459103856,0.1578315363435493,0.0,0.0,0.0,0.0,1.166042943295424,0.10546285705386026,0.12956032703282486,4.5702951241944705,307.61743950556473,475.4311270493869,8.35047100771798,306.2163733781826,1.166042943295424,19.43210565001824,0.0,0.0,-1124.1694484791358,0.0,1.0913936421275139e-11,0.0,0.0
intrinsic_limited,recirculating,702.6065455814004,702.6065455814004,19689.022343136217,90000.0,0.0,0.0,0.0,0.0,238.27959387787018,0.0,0.0,826666.6666666655,124.0,0.19888000214354343,0.05170880055732129,0.35220177425797344,0.3073971650931988,2.408807097031894,0.6718232430138981,0.8746975443917613,0.5966966842369216,1.4163704831066333,1.4163704831066333,1.2428938609977351,0.17347662210889822,0.0,0.0,0.0,0.0,1.1798428719173362,0.10543395875403759,0.13109365243525953,4.571075111374174,310.9776568637968,474.15921838602,8.379466707434768,309.5612863806902,1.1798428719173362,19.662081460502407,0.0,0.0,-1126.3361276420392,0.0,1.4551915228366852e-11,0.0,0.0
intrinsic_limited,recirculating,710.2298693120117,710.2298693120117,19685.64821665509,90000.0,0.0,0.0,0.0,0.0,240.68464754615349,0.0,0.0,833333.3333333321,125.0,0.20103786225660333,0.05226984418671687,0.35943000623582105,0.30712383102427165,2.4377200249432844,0.6689300893670216,0.8738936206596226,0.5946369346844882,1.431738188948698,1.431738188948698,1.2425517621558282,0.18918642679286982,0.0,0.0,0.0,0.0,1.1936999201298886,0.10540494435993304,0.13263332445887646,4.571858595128978,314.3517833449243,472.8820448448121,8.408492154381527,312.9200451559756,1.1936999201298886,19.893009168964593,0.0,0.0,-1128.5102536018603,0.0,1.4551915228366852e-11,0.0,0.0
intrinsic_limited,recirculating,717.8827447917204,717.8827447917204,19682.261010401577,90000.0,0.0,0.0,0.0,0.0,243.09810862972577,0.0,0.0,839999.9999999987,126.0,0.20320408729589512,0.052833062696932734,0.3666051362584484,0.3068513733775473,2.4664205450337935,0.6660382520425423,0.8730922746398451,0.5925896477144637,1.447165467570733,1.447165467570733,1.2422083791111518,0.20495708845958144,0.0,0.0,0.0,0.0,1.2076106818717673,0.1053758210465473,0.13417896465241855,4.5726453862408025,317.73898959843405,471.59992035131904,8.437541930211419,316.2918241308633,1.2076106818717673,20.124832013393,0.0,0.0,-1130.691891841004,0.0,1.0913936421275139e-11,0.0,0.0
intrinsic_limited,recirculating,725.5633154301356,725.5633154301356,19678.861546113163,90000.0,0.0,0.0,0.0,0.0,245.51998430953694,0.0,0.0,846666.6666666653,127.0,0.20537815173443183,0.053398319450952275,0.3737254269934451,0.30657983541781747,2.4949017079737805,0.6631485189044802,0.8722936335818161,0.5905550762955885,1.4626485763093016,1.4626485763093016,1.2418637956514504,0.2207847806578512,0.0,0.0,0.0,0.0,1.2215717823502488,0.10534659592013633,0.1357301980389165,4.573435297011691,321.13845388684996,470.3131559494122,8.466610822082524,319.6758053105407,1.2215717823502488,20.357493752866894,0.0,0.0,-1132.8811057813414,0.0,1.4551915228366852e-11,0.0,0.0
intrinsic_limited,recirculating,733.2697437761458,733.2697437761458,19675.45063705616,90000.0,0.0,0.0,0.0,0.0,247.95028028567353,0.0,0.0,853333.333333332,128.0,0.2075595354627962,0.05396547922032702,0.38078924297835404,0.3063092577693092,2.523156971913416,0.6602616580574819,0.8714978169685564,0.5885334505192517,1.4781838110834566,1.4781838110834566,1.2415180946669981,0.2366657164164585,0.0,0.0,0.0,0.0,1.235579881565354,0.10531727601084111,0.13728665350726152,4.574228141463589,324.54936294384987,469.0220594764634,8.495693822651196,323.0711791327664,1.235579881565354,20.590938726286623,0.0,0.0,-1135.0779567840582,0.0,1.0913936421275139e-11,0.0,0.0
intrinsic_limited,recirculating,741.0002133388773,741.0002133388773,19672.02908721978,90000.0,0.0,0.0,0.0,0.0,250.38900083587558,0.0,0.0,859999.9999999986,129.0,0.20974772430458166,0.054534408319191235,0.38779504967752415,0.30603967847244634,2.551180198710097,0.6573784173488031,0.8707049366836658,0.5865249783505739,1.4937675100655758,1.4937675100655758,1.2411713580690824,0.25259615199649343,0.0,0.0,0.0,0.0,1.2496316776198213,0.10528786826577449,0.1388479641799801,4.5750237355265915,327.9709127802321,467.72693525827117,8.524786129417718,326.4771452701665,1.2496316776198213,20.82511190753432,0.0,0.0,-1137.2825041530125,0.0,1.0913936421275139e-11,0.0,0.0
intrinsic_limited,recirculating,748.7529302906714,748.7529302906714,19668.59769056235,90000.0,0.0,0.0,0.0,0.0,252.83614887381128,0.0,0.0,866666.6666666652,130.0,0.21194221049843748,0.05510497472959375,0.39474141230581655,0.30577113304532433,2.5789656492232664,0.6544995239399819,0.8699150971921304,0.5845298464030059,1.5093960571143585,1.5093960571143585,1.2408236667138566,0.26857239040050196,0.0,0.0,0.0,0.0,1.2637239098146167,0.10525837954256231,0.1404137677571796,4.575821897215631,331.4023094376631,466.4280838237523,8.553883143466955,329.89291338054875,1.2637239098146167,21.059958957060587,0.0,0.0,-1139.494805141422,0.0,1.4551915228366852e-11,0.0,0.0
intrinsic_limited,recirculating,756.5261250524649,756.5261250524649,19665.157230309636,90000.0,0.0,0.0,0.0,0.0,255.2917260069408,0.0,0.0,873333.3333333319,131.0,0.21414249314682698,0.05567704821817502,0.4016269944368202,0.3055036545493147,2.606507977747281,0.6516256839460978,0.8691283957332786,0.5825482207313775,1.5250658849707628,1.5250658849707628,1.2404751003315628,0.28459078463919996,0.0,0.0,0.0,0.0,1.27785336153068,0.10522881660334062,0.1419837068367422,4.576622446795606,334.84276969037563,465.12580163933524,8.582980467647127,333.31770380540485,1.27785336153068,21.29542626990878,0.0,0.0,-1141.7149149617032,0.0,1.0913936421275139e-11,0.0,0.0
intrinsic_limited,recirculating,764.3180537624562,764.3180537624562,19661.7084783048,90000.0,0.0,0.0,0.0,0.0,257.7557325938143,0.0,0.0,879999.9999999985,132.0,0.21634807863174885,0.056250500444254704,0.4084505564132234,0.30523727365823433,2.633802225652894,0.6487575821403105,0.8683449225242187,0.5805802476386014,1.5407734782186602,1.5407734782186602,1.2401257374610624,0.3006477407575978,0.0,0.0,0.0,0.0,1.2920168628985114,0.1051991861092032,0.14355742921094566,4.577425206935,338.291521695209,463.8203808629068,8.612073904230362,336.7507482169903,1.2920168628985114,21.53146102020369,0.0,0.0,-1143.942886798282,0.0,1.0913936421275139e-11,0.0,0.0
intrinsic_limited,recirculating,772.1269996294018,772.1269996294018,19658.252194409426,90000.0,0.0,0.0,0.0,0.0,260.2281678006608,0.0,0.0,886666.6666666651,133.0,0.21855848099780112,0.05682520505942829,0.41521095357685606,0.3049720187305345,2.660843814307424,0.645895881721212,0.8675647609721603,0.5786260544915314,1.5565153760129182,1.5565153760129182,1.2397756553896173,0.3167397206233011,0.0,0.0,0.0,0.0,1.306211293258042,0.10516949461509363,0.14513458813978242,4.578230002848113,341.74780559058524,462.5121091170881,8.641159452098572,340.19129021457235,1.306211293258042,21.76801120214527,0.0,0.0,-1146.1787718231867,0.0,1.0913936421275139e-11,0.0,0.0
intrinsic_limited,recirculating,779.9512741723047,779.9512741723047,19654.789125954805,90000.0,0.0,0.0,0.0,0.0,262.7090296571378,0.0,0.0,893333.3333333317,134.0,0.2207732223030882,0.057401037798802935,0.42190713433568494,0.3047079158839907,2.6876285373427398,0.643041224140382,0.8667879878940904,0.5766857505417865,1.5722881745784654,1.5722881745784654,1.239424930097836,0.33286324448062954,0.0,0.0,0.0,0.0,1.3204335834119953,0.10513974856513732,0.14671484260133277,4.579036662426055,345.2108740452032,461.20126928154286,8.670233303497762,343.6385858706247,1.3204335834119953,22.0050256675609,0.0,0.0,-1148.4226192142482,0.0,7.275957614183426e-12,0.0,0.0
intrinsic_limited,recirculating,787.7892183486415,787.7892183486415,19651.32000724261,90000.0,0.0,0.0,0.0,0.0,265.19831511112227,0.0,0.0,899999.9999999984,135.0,0.22299183293857686,0.05797787656402999,0.4285381380847001,0.304444989072397,2.7141525523388004,0.6401942289874263,0.8660146737423441,0.5747594277476372,1.5880885294846594,1.5880885294846594,1.2390736362096835,0.34901489327497587,0.0,0.0,0.0,0.0,1.3346807176766333,0.10510995428840014,0.14829785751962588,4.57984501635666,348.6799927573972,459.8881393039603,8.699291840403491,347.09190422791255,1.3346807176766333,22.242454160081092,0.0,0.0,-1150.6744761757125,0.0,7.275957614183426e-12,0.0,0.0
intrinsic_limited,recirculating,795.6392035736114,795.6392035736114,19647.845559093745,90000.0,0.0,0.0,0.0,0.0,267.6960200824371,0.0,0.0,906666.666666665,136.0,0.2252138519166052,0.05855560149831735,0.4351030929972168,0.3041832601637978,2.7404123719888673,0.6373554939296883,0.8652448828346995,0.5728471615933844,1.6039131576999717,1.6039131576999717,1.2387218469474355,0.3651913107525362,0.0,0.0,0.0,0.0,1.348949735734413,0.10508011799506844,0.1498833039704903,4.580654898233598,352.1544409062634,458.572992029295,8.728331630538959,350.5505277485634,1.348949735734413,22.48024734601399,0.0,0.0,-1152.9343879610944,0.0,7.275957614183426e-12,0.0,0.0
intrinsic_limited,recirculating,803.4996326331973,803.4996326331973,19644.366488444226,90000.0,0.0,0.0,0.0,0.0,270.2021395154187,0.0,0.0,913333.3333333316,137.0,0.22743882712933397,0.05913409505362684,0.44160121370261424,0.3039227490198168,2.7664048548104567,0.634525594703758,0.8644786735876966,0.5709490119029395,1.6197588394326097,1.6197588394326097,1.2383696340914547,0.381389205341155,0.0,0.0,0.0,0.0,1.3632377342936142,0.10505024577303844,0.15147085936595708,4.5814661446548754,355.63351155578516,457.25609504679727,8.757349423086476,354.01375271635254,1.3632377342936142,22.71835684200308,0.0,0.0,-1155.202397898087,0.0,1.0913936421275139e-11,0.0,0.0
intrinsic_limited,recirculating,811.368940494091,811.368940494091,19640.8834879867,90000.0,0.0,0.0,0.0,0.0,272.71666743024167,0.0,0.0,919999.9999999983,138.0,0.22966631557800432,0.059713242050281126,0.44803179886597244,0.3036634735756722,2.7921271954638898,0.6317050851558624,0.8637160987519771,0.5690650236446426,1.635622419763228,1.635622419763228,1.238017067944635,0.39760535181859313,0.0,0.0,0.0,0.0,1.377541868560496,0.10502034358489899,0.15306020761783287,4.582278595311066,359.1165120133109,455.9377105543224,8.786342144131304,357.48088959354766,1.377541868560496,22.956735239560665,0.0,0.0,-1157.4785474153523,0.0,1.0913936421275139e-11,0.0,0.0
intrinsic_limited,recirculating,819.2455950137667,819.2455950137667,19637.397235856173,90000.0,0.0,0.0,0.0,0.0,275.23959697292855,0.0,0.0,926666.6666666649,139.0,0.23189588357393123,0.06029292972922212,0.45439422868445384,0.3034054499204958,2.817576914737815,0.6288944973281948,0.8629572056485171,0.5671952277246334,1.6515008100763517,1.6515008100763517,1.2376642173013737,0.4138365927749782,0.0,0.0,0.0,0.0,1.3918593535299457,0.10499041726530099,0.15465103928110505,4.583092093063527,362.60276414383645,454.61809523936853,8.815306891875757,360.9512633337601,1.3918593535299457,23.195336126576546,0.0,0.0,-1159.7628760710234,0.0,1.0913936421275139e-11,0.0,0.0
intrinsic_limited,recirculating,827.128097554176,827.128097554176,19633.90839535838,90000.0,0.0,0.0,0.0,0.0,277.770920463983,0.0,0.0,933333.3333333315,140.0,0.2341271069122163,0.06087304779717624,0.46068796231460984,0.3031486923776042,2.8427518492584394,0.6260943415882412,0.8622020364047184,0.565339641766389,1.667390989297512,1.667390989297512,1.2373111494209017,0.43007983987661036,0.0,0.0,0.0,0.0,1.4061874651009347,0.10496047251869571,0.1562430516778816,4.583906484012972,366.0916046416303,453.29750017626105,8.844240931659472,364.42421365233275,1.4061874651009347,23.434114105907074,0.0,0.0,-1162.0554215827472,0.0,1.0913936421275139e-11,0.0,0.0
intrinsic_limited,recirculating,835.0149835027054,835.0149835027054,19630.4176147392,90000.0,0.0,0.0,0.0,0.0,280.3106294455946,0.0,0.0,939999.9999999981,141.0,0.23635957101921018,0.06145348846499465,0.4669125352441054,0.30289321358439786,2.867650140976422,0.623305106798171,0.8614506281894055,0.5634982708743118,1.6832900049434336,1.6832900049434336,1.2369579300048101,0.4463320749386235,0.0,0.0,0.0,0.0,1.4205235410234058,0.10493051491742712,0.15783594900260062,4.5847216175587056,369.58238526081186,451.9761707388742,8.873141690820288,367.8990952558684,1.4205235410234058,23.673024811155056,0.0,0.0,-1164.3562198591108,0.0,1.0913936421275139e-11,0.0,0.0
intrinsic_limited,recirculating,842.9048227041583,842.9048227041583,19626.925526993462,90000.0,0.0,0.0,0.0,0.0,282.8587147273732,0.0,0.0,946666.6666666648,142.0,0.23859287107478924,0.062034146479445204,0.473067556620621,0.3026390245715932,2.892270226482484,0.6205272605213926,0.8607030134458624,0.5616711083795254,1.6991949739928585,1.6991949739928585,1.2366046231785948,0.46259035081426364,0.0,0.0,0.0,0.0,1.4348649816834207,0.10490054990016877,0.15942944240926893,4.585537346448912,373.0744730065496,450.6543465282588,8.902006753428134,371.37527803255676,1.4348649816834207,23.912024919754206,0.0,0.0,-1166.6653050322902,0.0,1.0913936421275139e-11,0.0,2.220446049250313e-16
intrinsic_limited,recirculating,850.7962198076284,850.7962198076284,19623.43274971142,90000.0,0.0,0.0,0.0,0.0,285.41516643057946,0.0,0.0,953333.3333333314,143.0,0.24082661211054204,0.06261491914874093,0.4791527065499599,0.3023861348415221,2.9166108261998396,0.6177612492634127,0.8599592201221239,0.5598581365662851,1.7151030835858019,1.7151030835858019,1.2362512914770458,0.47885179210875606,0.0,0.0,0.0,0.0,1.4492092507336076,0.10487058277068241,0.16102325008151191,4.586353526822341,376.56725028858904,449.332261314529,8.930833854922493,374.85214720500323,1.4492092507336076,24.15107216347557,0.0,0.0,-1168.982709491775,0.0,1.0913936421275139e-11,0.0,0.0
intrinsic_limited,recirculating,858.6878145322025,858.6878145322025,19619.939884961153,90000.0,0.0,0.0,0.0,0.0,287.97997403082724,0.0,0.0,959999.999999998,144.0,0.24306040908497892,0.06319570636209453,0.4851677333746308,0.30213455244525855,2.9406709334985233,0.6150074987441978,0.8592192718978193,0.5580593273776535,1.7310115915591764,1.7310115915591764,1.2358979958332985,0.4951135957258779,0.0,0.0,0.0,0.0,1.4635538755760567,0.1048406186968913,0.16261709728622847,4.587170018241786,380.06011503885406,448.01014299234737,8.95962087668211,378.32910344729487,1.4635538755760567,24.390125336474984,0.0,0.0,-1171.3084639190236,0.0,7.275957614183426e-12,0.0,0.0
intrinsic_limited,recirculating,866.5782818554725,866.5782818554725,19616.447519205125,90000.0,0.0,0.0,0.0,0.0,290.55312639924097,0.0,0.0,966666.6666666646,145.0,0.24529388693689239,0.06377641060359203,0.49111245094341993,0.30188428405835993,2.9644498037736797,0.6122664141993024,0.858483188406941,0.5562746430993143,1.7469178268268097,1.7469178268268097,1.2355447955713612,0.5113730312554484,0.0,0.0,0.0,0.0,1.4778964477049086,0.10481066271024485,0.16421071641165647,4.587986683719728,383.5524807948838,446.68821354934335,8.988365840553561,381.805562968057,1.4778964477049086,24.6291443010023,0.0,0.0,-1173.64259732291,0.0,7.275957614183426e-12,0.0,0.0
intrinsic_limited,recirculating,874.466332128862,874.466332128862,19612.95622324913,90000.0,0.0,0.0,0.0,0.0,293.1346118420585,0.0,0.0,973333.3333333313,146.0,0.24752668061800154,0.0643569369606804,0.49698673588171427,0.3016353350550365,2.987946943526857,0.6095383807071016,0.8577509854559897,0.5545040370206213,1.76281918961193,1.76281918961193,1.2351917484019406,0.5276274412099896,0.0,0.0,0.0,0.0,1.4922346229159087,0.10478071970536507,0.16580384699065648,4.588803389736541,387.04377675087676,445.366689046791,9.01706690336333,385.2809575612648,1.4922346229159087,24.868089990893615,0.0,0.0,-1175.985137075836,0.0,7.275957614183426e-12,0.0,-2.220446049250313e-16
intrinsic_limited,recirculating,882.3507111237724,882.3507111237724,19609.466552221893,90000.0,0.0,0.0,0.0,0.0,295.7244181386779,0.0,0.0,979999.9999999979,147.0,0.2497584351060141,0.06493719312756366,0.5027905248715877,0.30138770958058403,3.011162099486351,0.6068237635395525,0.8570226752370119,0.5527474540721595,1.7787131515401902,1.7787131515401902,1.234838910421381,0.5438742411188092,0.0,0.0,0.0,0.0,1.50656612139021,0.10475079443995688,0.1673962357100233,4.589620006251642,390.53344777811503,444.04577961187874,9.045722351436222,388.7547346265748,1.50656612139021,25.106924412967846,0.0,0.0,-1178.3361089503815,0.0,7.275957614183426e-12,0.0,0.0
intrinsic_limited,recirculating,890.2302000125317,890.2302000125317,19605.979045583477,90000.0,0.0,0.0,0.0,0.0,298.32253257814983,0.0,0.0,986666.6666666645,148.0,0.2519888053992338,0.06551708940380079,0.5085238119499271,0.30114141062194166,3.0340952477997085,0.6041229085339991,0.8562982665351226,0.551004831439294,1.7945972556012622,1.7945972556012622,1.2344863361135308,0.5601109194877315,0.0,0.0,0.0,0.0,1.5208887276596668,0.10472089153496586,0.1689876364066296,4.590436406707972,394.02095441653245,442.7256894409005,9.074330595140827,392.2263571609312,1.5208887276596668,25.345610646448346,0.0,0.0,-1180.6955371563727,0.0,1.0913936421275139e-11,0.0,0.0
intrinsic_limited,recirculating,898.1036152880909,898.1036152880909,19602.494227160838,90000.0,0.0,0.0,0.0,0.0,300.9289419941275,0.0,0.0,993333.3333333312,149.0,0.2542174564938297,0.06609653868839573,0.514186645832157,0.30089644007625505,3.056746583328628,0.6014361424836338,0.8555777649301619,0.54927609915135,1.8104691159869564,1.8104691159869564,1.2341340783543595,0.5763350376325969,0.0,0.0,0.0,0.0,1.5352002904607875,0.10469101547497033,0.17057781005119857,4.591252468030203,397.50577283917175,441.4066168127096,9.10289016348093,395.6953037231848,1.5352002904607875,25.584112840529023,0.0,0.0,-1183.0634443782697,0.0,1.0913936421275139e-11,0.0,0.0
intrinsic_limited,recirculating,905.9698086263619,905.9698086263619,19599.012605208754,90000.0,0.0,0.0,0.0,0.0,303.543632798287,0.0,0.0,999999.9999999978,150.0,0.25644406334486936,0.06667545646966604,0.5197791272684195,0.3006527988173472,3.079116509073678,0.5987637735443246,0.8548611729921977,0.5475611806462061,1.8263264178137102,1.8263264178137102,1.2337821884191515,0.5925442293945586,0.0,0.0,0.0,0.0,1.5494987224844279,0.1046611706087905,0.17216652472049196,4.59206807061704,400.98739479125436,440.0887541117824,9.131399698750073,399.1610683734406,1.5494987224844279,25.82239621020299,0.0,0.0,-1185.4398518127553,0.0,7.275957614183426e-12,0.0,-2.220446049250313e-16
intrinsic_limited,recirculating,913.8276666950188,913.8276666950188,19595.534672494454,90000.0,0.0,0.0,0.0,0.0,306.16659101223723,0.0,0.0,1006666.6666666644,151.0,0.25866831081219827,0.06725376081117156,0.525301406438396,0.30041048676001836,3.101205625753584,0.5961060916556272,0.8541484904706422,0.545859993310245,1.8421669167371544,1.8421669167371544,1.2334307159920916,0.6087362007450626,0.0,0.0,0.0,0.0,1.563782000028167,0.10463136115030235,0.17375355555868519,4.592883098327996,404.46532750555485,438.77228786024995,9.159857951264437,402.6231605888177,1.563782000028167,26.060427030469402,0.0,0.0,-1187.8247792064392,0.0,7.275957614183426e-12,0.0,0.0
intrinsic_limited,recirculating,921.6761109125054,921.6761109125054,19592.06090640427,90000.0,0.0,0.0,0.0,0.0,308.79780229794494,0.0,0.0,1013333.333333331,152.0,0.2608898935922243,0.06783137233397832,0.5307536803902964,0.3001695029221134,3.1230147215611854,0.593463368973904,0.8534397144768042,0.5441724489937202,1.8579884384663012,1.8579884384663012,1.233079709178083,0.6249087292882183,0.0,0.0,0.0,0.0,1.5780481625581757,0.10460159117943929,0.17533868472868616,4.593697438465022,407.93909359573627,437.4573987582733,9.188263774187694,406.08110515727,1.5780481625581757,26.298172629031995,0.0,0.0,-1190.2182448935841,0.0,7.275957614183426e-12,0.0,0.0
intrinsic_limited,recirculating,929.5140971608965,929.5140971608965,19588.591769070747,90000.0,0.0,0.0,0.0,0.0,311.4372519866993,0.0,0.0,1019999.9999999977,153.0,0.26310851613664027,0.06840821419552648,0.5361361905289265,0.2999298454843117,3.144544762115706,0.5908358603155829,0.8527348396597403,0.5424984545017052,1.873788878184708,1.873788878184708,1.2327292145166246,0.6410596636680833,0.0,0.0,0.0,0.0,1.5922953121872048,0.10457186464336948,0.17692170135413382,4.594510981749326,411.40823092926115,436.1442617321491,9.216616118459898,409.53444205107644,1.5922953121872048,26.535601377599765,0.0,0.0,-1192.6202658337709,0.0,7.275957614183426e-12,0.0,0.0
intrinsic_limited,recirculating,937.3406154561661,937.3406154561661,19585.127707518557,90000.0,0.0,0.0,0.0,0.0,314.0849251066482,0.0,0.0,1026666.6666666643,154.0,0.2653238925590897,0.06898421206536333,0.5414492201571462,0.2996915118476097,3.165796880628585,0.5882238036086938,0.8520338583753228,0.5408379120609154,1.889566199885776,1.889566199885776,1.2323792769975894,0.6571869228881866,0.0,0.0,0.0,0.0,1.606521613075148,0.10454218535783362,0.1785024014527942,4.595323622293757,414.87229248144973,434.8330459895512,9.244914027840641,412.98272628156394,1.606521613075148,26.77268268189734,0.0,0.0,-1195.0308576494222,0.0,7.275957614183426e-12,0.0,0.0
intrinsic_limited,recirculating,945.1546895792961,945.1546895792961,19581.669153827803,90000.0,0.0,0.0,0.0,0.0,316.74080640893897,0.0,0.0,1033333.3333333309,155.0,0.2675357465307488,0.06955929409799469,0.5466930920744681,0.2994544986884803,3.1867723682978726,0.585627420350934,0.8513367608484714,0.53919071976275,1.9053184356291113,1.9053184356291113,1.2320299400787469,0.6732884955503644,0.0,0.0,0.0,0.0,1.6207252907584322,0.10451255700863125,0.18008058786204797,4.5961352575710785,418.3308461722073,433.5239150813325,9.273156634075706,416.4255277365782,1.6207252907584322,27.00938697048927,0.0,0.0,-1197.450034663121,0.0,1.0913936421275139e-11,0.0,0.0
intrinsic_limited,recirculating,952.9553766715517,952.9553766715517,19578.21652531312,90000.0,0.0,0.0,0.0,0.0,319.40488039249925,0.0,0.0,1039999.9999999976,156.0,0.26974381116576457,0.0701333909030988,0.5518681662360065,0.29921880201170425,3.207472664944026,0.5830469160726173,0.850643535328542,0.537556771983014,1.9210436847246475,1.9210436847246475,1.231681245704877,0.6893624390197706,0.0,0.0,0.0,0.0,1.6349046314142652,0.10448298315324168,0.18165607015714055,4.596945788378474,421.7834746868904,432.2170269693316,9.301343152194523,419.86243100216575,1.6349046314142652,27.24568568251873,0.0,0.0,-1199.8778099346519,0.0,1.0913936421275139e-11,0.0,0.0
intrinsic_limited,recirculating,960.741766797125,960.741766797125,19574.770224717282,90000.0,0.0,0.0,0.0,0.0,322.0771313274952,0.0,0.0,1046666.6666666642,157.0,0.2719478288974569,0.0707064355133388,0.5569748374744979,0.29898441720088265,3.2278993498979918,0.5804824808029709,0.8499541682378902,0.5359359597788163,1.9367401128509882,1.9367401128509882,1.2313332343283339,0.7054068785226545,0.0,0.0,0.0,0.0,1.649057981065578,0.10445346722256814,0.18322866456284198,4.597755118798585,425.22977528273026,430.91253409964366,9.329472875944969,423.29303516987926,1.649057981065578,27.48155125445786,0.0,0.0,-1202.3141952977085,0.0,1.0913936421275139e-11,0.0,0.0
intrinsic_limited,recirculating,968.5129824762215,968.5129824762215,19571.330640417837,90000.0,0.0,0.0,0.0,0.0,324.75754327750684,0.0,0.0,1053333.333333331,158.0,0.2741475513461536,0.07127836334999994,0.5620135332876274,0.2987513390666464,3.2480541331505095,0.5779342895383477,0.849268644313666,0.5343281712632186,1.9524059511141654,1.9524059511141654,1.2309859449309177,0.7214200061832474,0.0,0.0,0.0,0.0,1.663183744732235,0.10442401252279304,0.18479819385913718,4.5985631561574065,428.66935958217465,429.6105834808462,9.357545173370468,426.7169536310605,1.663183744732235,27.716957105962695,0.0,0.0,-1204.7592013962153,0.0,1.0913936421275139e-11,0.0,0.0
intrinsic_limited,recirculating,976.2681781915386,976.2681781915386,19567.898146645563,90000.0,0.0,0.0,0.0,0.0,327.4461001204613,0.0,0.0,1059999.9999999977,159.0,0.27634273917949437,0.07184911218666853,0.5669847116924699,0.29851956189259055,3.2679388467698796,0.575402502711023,0.8485869467429135,0.5327332919582528,1.9680394950527587,1.9680394950527587,1.2306394150469206,0.737400080005838,0.0,0.0,0.0,0.0,1.6772803855338847,0.10439462223733126,0.1863644872815427,4.599369810979331,432.101853354452,428.31131676668053,9.385559482533374,430.1338138593992,1.6772803855338847,27.951877624922187,0.0,0.0,-1207.2128377202105,0.0,1.4551915228366852e-11,0.0,0.0
intrinsic_limited,recirculating,984.0065398709542,984.0065398709542,19564.473103713408,90000.0,0.0,0.0,0.0,0.0,330.14278556836507,0.0,0.0,1066666.6666666644,160.0,0.27853316196600025,0.07241862211116007,0.5718888591484381,0.2982890794789665,3.2875554365937525,0.5728872666573462,0.847909057291078,0.5311512051269549,1.983639103595059,1.983639103595059,1.2302936807872162,0.7533454228078427,0.0,0.0,0.0,0.0,1.6913464237495657,0.10436529942887487,0.18792738041661836,4.600174996939614,435.52689628660676,427.01487034271963,9.413515307387673,433.5432571830117,1.6913464237495657,28.18628815178651,0.0,0.0,-1209.6751126412498,0.0,1.4551915228366852e-11,0.0,0.0
intrinsic_limited,recirculating,991.72728434911,991.72728434911,19561.055858254822,90000.0,0.0,0.0,0.0,0.0,332.8475831858777,0.0,0.0,1073333.3333333312,161.0,0.28071859802266946,0.07298683548589406,0.5767264885497556,0.2980598851841751,3.3069059541990224,0.5703887140841134,0.8472349564240444,0.5295817920851128,1.9992031979736837,1.9992031979736837,1.2299487768642836,0.7692544211094001,0.0,0.0,0.0,0.0,1.7053804358389526,0.10433604704151421,0.1894867150932169,4.60097863081454,438.944141745193,425.7213754165718,9.441412213802877,436.94493854721935,1.7053804358389526,28.420164963256145,0.0,0.0,-1212.146033447293,0.0,1.4551915228366852e-11,0.0,0.0
intrinsic_limited,recirculating,999.4296588104465,999.4296588104465,19557.646743470254,90000.0,0.0,0.0,0.0,0.0,335.56047640777086,0.0,0.0,1079999.999999998,162.0,0.2828988342573225,0.07355369690690385,0.5814981372881237,0.29783197196410605,3.325992549152495,0.5679069645321183,0.8465646234238413,0.5280249324934305,2.014730260602803,2.014730260602803,1.2296047366180307,0.7851255239847722,0.0,0.0,0.0,0.0,1.7193810534298866,0.10430686790292881,0.19104233926998734,4.601780632429536,442.3532565297584,424.4309581111918,9.469249825740393,440.33852626915564,1.7193810534298866,28.65348525540906,0.0,0.0,-1214.6256063770331,0.0,1.0913936421275139e-11,0.0,4.440892098500626e-16
intrinsic_limited,recirculating,1007.1129402161101,1007.1129402161101,19554.246079380824,90000.0,0.0,0.0,0.0,0.0,338.28144855531457,0.0,0.0,1086666.6666666646,163.0,0.2850736660063825,0.07411915316165946,0.5862043653859338,0.29760533240937725,3.344817461543735,0.565442124835934,0.8458980364981684,0.5264805046308477,2.0302188339228517,2.0302188339228517,1.2292615920423318,0.8009572418805201,0.0,0.0,0.0,0.0,1.7333469622765931,0.10427776472663748,0.1925941069196214,4.602580924605497,445.7539206191903,423.14373956089395,9.497027821582586,443.72370178526745,1.7333469622765931,28.886227126339424,0.0,0.0,-1217.1138366536466,0.0,1.4551915228366852e-11,0.0,-4.440892098500626e-16
intrinsic_limited,recirculating,1014.7764347170279,1014.7764347170279,19550.854173088075,90000.0,0.0,0.0,0.0,0.0,341.0104828516346,0.0,0.0,1093333.3333333314,164.0,0.28724289686874,0.0746831531858724,0.5908457537000807,0.29737995878053025,3.363383014800323,0.5629942895790564,0.8452351728839126,0.5249483856497501,2.045667519217362,2.045667519217362,1.228919373812144,0.8167481454052179,0.0,0.0,0.0,0.0,1.7472769011927574,0.10424874011429837,0.19414187791030632,4.603379433103532,449.14582691193897,421.85983600968274,9.524745930614293,447.1001593927216,1.7472769011927574,29.1183695583773,0.0,0.0,-1219.6107285179287,0.0,1.4551915228366852e-11,0.0,0.0
intrinsic_limited,recirculating,1022.4194770553148,1022.4194770553148,19547.471319038938,90000.0,0.0,0.0,0.0,0.0,343.7475624360838,0.0,0.0,1099999.9999999981,165.0,0.289406338536315,0.07524564801944189,0.5954229021961753,0.2971558430412421,3.3816916087847013,0.56056354154363,0.8445760089448298,0.5234284518138301,2.061074975406268,2.061074975406268,1.2285781113111436,0.8324968640951242,0.0,0.0,0.0,0.0,1.7611696609633936,0.10421979655805297,0.19568551788482144,4.604176086568362,452.5286809610775,420.5793589115377,9.552403929655643,450.46760598567124,1.7611696609633936,29.349892399954953,0.0,0.0,-1222.1162852608002,0.0,1.4551915228366852e-11,0.0,0.0
intrinsic_limited,recirculating,1030.04142995605,1030.04142995605,19544.097799294916,90000.0,0.0,0.0,0.0,0.0,346.49267037766987,0.0,0.0,1106666.6666666649,166.0,0.2915638106218929,0.07580659076169216,0.599936428292708,0.2969329768896161,3.399745713170832,0.55814995215405,0.8439205202635769,0.5219205787193333,2.076439917819802,2.076439917819802,1.2282378326597554,0.8482020851600465,0.0,0.0,0.0,0.0,1.7750240832392095,0.10419093644290275,0.1972248981376899,4.604970816470582,455.902200705098,419.3024150323131,9.580001639844877,453.82576078727817,1.7750240832392095,29.580776347181423,0.0,0.0,-1224.6305092551597,0.0,1.4551915228366852e-11,0.0,0.0
intrinsic_limited,recirculating,1037.641683511341,1037.641683511341,19540.733883804718,90000.0,0.0,0.0,0.0,0.0,349.24578968758254,0.0,0.0,1113333.3333333316,167.0,0.29371514048477787,0.07636593652604225,0.6043869652745044,0.29671135178761776,3.4175478610980177,0.5557535819138121,0.8432686817282876,0.5204246415004595,2.091761116956842,2.091761116956842,1.2278985647435106,0.8638625522133313,0.0,0.0,0.0,0.0,1.7888390594169543,0.10416216204911503,0.19875989549077264,4.605763557047959,459.266116195295,418.02910655292743,9.607538923568793,457.1743550783382,1.7888390594169543,29.81100292518354,0.0,0.0,-1227.1534019870703,0.0,1.4551915228366852e-11,0.0,0.0
intrinsic_limited,recirculating,1045.219654558465,1045.219654558465,19537.379830679485,90000.0,0.0,0.0,0.0,0.0,352.00690333086084,0.0,0.0,1119999.9999999984,168.0,0.2958601630547692,0.07692364239423999,0.6087751607746235,0.2964909589887215,3.435100643098494,0.5533744808350485,0.8426204676138869,0.5189405150196459,2.107037397231318,2.107037397231318,1.2275603332416445,0.8794770639896736,0.0,0.0,0.0,0.0,1.8026135295090038,0.10413347555464751,0.20029039216766703,4.6065542452459916,462.6201693205278,416.7595311735475,9.63501568153859,460.5131319232965,1.8026135295090038,30.040554469267548,0.0,0.0,-1229.6849640862647,0.0,1.4551915228366852e-11,0.0,0.0
intrinsic_limited,recirculating,1052.7747860537722,1052.7747860537722,19534.035886469905,90000.0,0.0,0.0,0.0,0.0,354.77599423724143,0.0,0.0,1126666.666666665,169.0,0.297998720654938,0.07747966737028388,0.6131016753236728,0.2962717895638371,3.452406701294691,0.5510126888602622,0.8419758516583444,0.5174680740434782,2.1222676357100783,2.1222676357100783,1.2272231626558576,0.8950444730542205,0.0,0.0,0.0,0.0,1.8163464810052405,0.10410487903758878,0.20181627566724888,4.607342820657855,465.9641135301058,415.49378221848116,9.662431850007998,463.8418458943957,1.8163464810052405,30.269414105952333,0.0,0.0,-1232.2251953559603,0.0,1.0913936421275139e-11,0.0,0.0
intrinsic_limited,recirculating,1060.306546443908,1060.306546443908,19530.702286444524,90000.0,0.0,0.0,0.0,0.0,357.55304531122863,0.0,0.0,1133333.3333333319,170.0,0.3001306628236455,0.07803397233414783,0.6173671809653765,0.29605383442558364,3.469468723861506,0.5486682362758246,0.8413348071340696,0.5160071934049396,2.1374507608453452,2.1374507608453452,1.2268870763391782,0.9105636845061669,0.0,0.0,0.0,0.0,1.8300369477300666,0.10407637447860453,0.20333743863667403,4.6081292254639195,469.2977135554882,414.2319487415198,9.689787398130749,467.16026279464285,1.8300369477300666,30.497565733921558,0.0,0.0,-1234.7740948019784,0.0,1.0913936421275139e-11,0.0,0.0
intrinsic_limited,recirculating,1067.8144290358111,1067.8144290358111,19527.37925486857,90000.0,0.0,0.0,0.0,0.0,360.3380394414248,0.0,0.0,1139999.9999999986,171.0,0.3022558461362142,0.0785865199954157,0.6215723599370868,0.2958370843509811,3.4862894397483473,0.5463411441168696,0.8406973069146504,0.5145577481527243,2.1525857512047106,2.1525857512047106,1.2265520965248464,0.9260336546798643,0.0,0.0,0.0,0.0,1.8436840086971895,0.10404796376338918,0.2048537787441321,4.608913404371003,472.6207451314416,412.97411563148535,9.71708232545352,470.4681593802369,1.8436840086971895,30.72499400493866,0.0,0.0,-1237.3316606611575,0.0,1.0913936421275139e-11,0.0,0.0
intrinsic_limited,recirculating,1075.2979513668367,1075.2979513668367,19524.06700528276,90000.0,0.0,0.0,0.0,0.0,363.13095950915863,0.0,0.0,1146666.6666666653,172.0,0.3043741340266352,0.07913727484692516,0.6257179034138352,0.29562153000262603,3.5028716136553406,0.5440314245632673,0.8400633235371354,0.5131196136882826,2.167671634201379,2.167671634201379,1.2262182443551775,0.9414533898462012,0.0,0.0,0.0,0.0,1.8572867869646403,0.10401964868511182,0.20636519855162666,4.609695304551459,475.93299471725277,411.720363717757,9.744316659541049,473.7653230830514,1.8572867869646403,30.95168430476573,0.0,0.0,-1239.8978904290643,0.0,1.0913936421275139e-11,0.0,0.0
intrinsic_limited,recirculating,1082.7566545762495,1082.7566545762495,19520.765740781462,90000.0,0.0,0.0,0.0,0.0,365.9317883964492,0.0,0.0,1153333.333333332,173.0,0.3064853966096625,0.07968620311851225,0.6298045103144065,0.2954071619484222,3.519218041257626,0.541739081326413,0.8394328292600653,0.5116926658912936,2.1827074848271697,2.1827074848271697,1.2258855399103332,0.9568219449168365,0.0,0.0,0.0,0.0,1.8708444484922802,0.10399143094685813,0.2078716053880311,4.610474875582267,479.2342592185482,410.47076987556795,9.771490453729161,477.051551733721,1.8708444484922802,31.177622734123847,0.0,0.0,-1242.4727808869966,0.0,1.0913936421275139e-11,0.0,4.440892098500626e-16
intrinsic_limited,recirculating,1090.190102779236,1090.190102779236,19517.475654289785,90000.0,0.0,0.0,0.0,0.0,368.74050899334134,0.0,0.0,1159999.9999999988,174.0,0.3085895105036208,0.08023327273094141,0.633832886167854,0.29519397067993114,3.535331544671416,0.5394641100266173,0.8388057961174445,0.5102767812341996,2.197692424390606,2.197692424390606,1.22555400223696,0.972138422153646,0.0,0.0,0.0,0.0,1.8843562010038926,0.10396331216405856,0.2093729112226547,4.611252069384225,482.5243457102279,409.2254071308806,9.798603785001871,480.3266532858373,1.8843562010038926,31.40279608972987,0.0,0.0,-1245.0563281282828,0.0,1.4551915228366852e-11,0.0,4.440892098500626e-16
intrinsic_limited,recirculating,1097.5978824444915,1097.5978824444915,19514.19692883903,90000.0,0.0,0.0,0.0,0.0,371.5571042046467,0.0,0.0,1166666.6666666656,175.0,0.3106863586542252,0.08077845325009857,0.6378037420387948,0.29498194662941074,3.551214968155179,0.5372064985609238,0.8381821959688551,0.5088718368864509,2.212625619262201,2.212625619262201,1.225223649376639,0.9874019698855623,0.0,0.0,0.0,0.0,1.8978212928557714,0.10393529386689973,0.2108690325395301,4.612026840161361,485.8030711609824,407.98434476466207,9.825656751988213,483.5904455417202,1.8978212928557714,31.627191845441427,0.0,0.0,-1247.6485275838766,0.0,1.0913936421275139e-11,0.0,0.0
intrinsic_limited,recirculating,1104.9796017763476,1104.9796017763476,19510.929737840193,90000.0,0.0,0.0,0.0,0.0,374.3815569561243,0.0,0.0,1173333.3333333323,176.0,0.312775830159686,0.08132171584151837,0.6417177935097835,0.294771080185606,3.566871174039134,0.5349662274612274,0.8375620005459,0.5074777108090572,2.2275062796289036,2.2275062796289036,1.2248944983941144,1.002611781234789,0.0,0.0,0.0,0.0,1.9112390119135632,0.10390737750272236,0.21235989021261809,4.612799144340661,489.07026215981847,406.7476484163995,9.852649473074674,486.84275588018954,1.9112390119135632,31.850798133539527,0.0,0.0,-1250.249374047256,0.0,1.0913936421275139e-11,0.0,0.0
intrinsic_limited,recirculating,1112.3348901023235,1112.3348901023235,19507.674245355025,90000.0,0.0,0.0,0.0,0.0,377.21385020013304,0.0,0.0,1179999.999999999,177.0,0.31485782009734875,0.08186303322531067,0.6455757597190163,0.2945613617083558,3.582303038876065,0.5327432702425977,0.8369451814951642,0.5060942818400427,2.2423336582594717,2.2423336582594717,1.224566565405252,1.0177670928542197,0.0,0.0,0.0,0.0,1.9246086844389758,0.1038795644383877,0.21384540938210836,4.613568940512215,492.32575464498575,405.5153801867072,9.87958208462887,490.08342098672625,1.9246086844389758,32.07360372617553,0.0,0.0,-1252.8588616986287,0.0,1.0913936421275139e-11,0.0,0.0
intrinsic_limited,recirculating,1119.6633972668994,1119.6633972668994,19504.430606364353,90000.0,0.0,0.0,0.0,0.0,380.05396692078705,0.0,0.0,1186666.6666666658,178.0,0.3169322293520957,0.08240237963154488,0.6493783624515832,0.2943527815420782,3.597513449806333,0.5305375937417555,0.8363317104178771,0.5047214297713687,2.2571070492823972,2.2571070492823972,1.2242398656046973,1.0328671836776997,0.0,0.0,0.0,0.0,1.9379296739877931,0.10385185596262715,0.21532551933197697,4.614336189369852,495.569393635658,404.28759873889,9.906454739330021,493.3122865863756,1.9379296739877931,32.29559801700657,0.0,0.0,-1255.4769841284517,0.0,1.0913936421275139e-11,0.0,0.0
intrinsic_limited,recirculating,1126.9647930322376,1126.9647930322376,19501.198967033324,90000.0,0.0,0.0,0.0,0.0,382.9018901386434,0.0,0.0,1193333.3333333326,179.0,0.3189989644467136,0.08293973075614554,0.653126325282479,0.2941453300281942,3.612505301129916,0.5283491584456725,0.8357215589064536,0.5033590354178612,2.271825786977827,2.271825786977827,1.2239144132931998,1.047911373684627,0.0,0.0,0.0,0.0,1.9512013803205224,0.1038242532883574,0.2168001533689469,4.6151008536523594,498.8010329666882,403.064359399344,9.933267604602097,496.52920717971034,1.9512013803205224,32.516771003041505,0.0,0.0,-1258.1037343602732,0.0,1.0913936421275139e-11,0.0,4.440892098500626e-16
intrinsic_limited,recirculating,1134.238766486505,1134.238766486505,19497.979464973287,90000.0,0.0,0.0,0.0,0.0,385.75760291495175,0.0,0.0,1199999.9999999993,180.0,0.3210579373744134,0.08347506371734749,0.6568203727695622,0.29393899751654806,3.6272814910782487,0.5261779188103043,0.8351146985780826,0.5020069806786676,2.2864892445848155,2.2864892445848155,1.2235902219045764,1.062899022680239,0.0,0.0,0.0,0.0,1.9644232383268623,0.10379675755496855,0.21826924870298464,4.615862898085338,502.02053502672914,401.8457142566833,9.960020861145113,499.73404578214434,1.9644232383268623,32.73711326671716,0.0,0.0,-1260.739104872906,0.0,1.4551915228366852e-11,0.0,0.0
intrinsic_limited,recirculating,1141.485025460375,1141.485025460375,19494.772229500042,90000.0,0.0,0.0,0.0,0.0,388.62108835549253,0.0,0.0,1206666.666666666,181.0,0.32310906543366513,0.08400835701275294,0.6604612296946508,0.29373377437588205,3.6418449187786033,0.5240238235694835,0.8345111011055355,0.5006651485917369,2.3010968331250607,2.3010968331250607,1.2232673040322821,1.0778295290927784,0.0,0.0,0.0,0.0,1.9775947169650354,0.10376936983057693,0.2197327463294483,4.616622289323773,505.2277704999735,400.63171225949606,9.986714701560357,502.9266736668484,1.9775947169650354,32.956615958222315,0.0,0.0,-1263.3830876219415,0.0,1.4551915228366852e-11,0.0,0.0
intrinsic_limited,recirculating,1148.7032959522364,1148.7032959522364,19491.577381888266,90000.0,0.0,0.0,0.0,0.0,391.49232961403004,0.0,0.0,1213333.3333333328,182.0,0.3251522710654973,0.0845395904770293,0.6640496203509575,0.29352965100341905,3.65619848140383,0.5218868160340323,0.8339107382453502,0.49933342338179304,2.3156480002441944,2.3156480002441944,1.222945671455577,1.0927023287886173,0.0,0.0,0.0,0.0,1.9907153182169548,0.10374209111424447,0.22119059091299492,4.617378995895362,508.42261811174836,399.4223993126421,10.013349329065386,506.10697011150415,1.9907153182169548,33.17527077808555,0.0,0.0,-1266.0356740606157,0.0,1.4551915228366852e-11,0.0,0.0
intrinsic_limited,recirculating,1155.8933215625595,1155.8933215625595,19488.395035621852,90000.0,0.0,0.0,0.0,0.0,394.3713098954058,0.0,0.0,1219999.9999999995,183.0,0.3271874816933885,0.08506874524028102,0.6675862678750644,0.29332661783360586,3.6703450715002575,0.519766834381171,0.8333135818635468,0.4980116905022549,2.3301422290715323,2.3301422290715323,1.2226253351652578,1.1075168939062745,0.0,0.0,0.0,0.0,2.003784576060034,0.10371492233816146,0.22264273067333704,4.618132988144665,511.6049643781623,398.2178183720165,10.039924956294497,509.27482214909077,2.003784576060034,33.393069960040464,0.0,0.0,-1268.6968551600366,0.0,1.4551915228366852e-11,0.0,0.0
intrinsic_limited,recirculating,1163.054862937825,1163.054862937825,19485.22529664003,90000.0,0.0,0.0,0.0,0.0,397.25801245829564,0.0,0.0,1226666.6666666663,184.0,0.32921462956586567,0.08559580368712508,0.6710718936216664,0.2931246653460686,3.6842875744866657,0.5176638119343192,0.8327196039590254,0.4966998366715324,2.3445790370991024,2.3445790370991024,1.2223063053889414,1.122272731710161,0.0,0.0,0.0,0.0,2.016802055456381,0.10368786436979018,0.22408911727293115,4.618884238178109,514.7747033599851,397.01800953771146,10.06644180418062,512.430124322886,2.016802055456381,33.61000625418059,0.0,0.0,-1271.3666214287864,0.0,1.4551915228366852e-11,0.0,0.0
intrinsic_limited,recirculating,1170.1876972243656,1170.1876972243656,19482.068263579098,90000.0,0.0,0.0,0.0,0.0,400.1524206176536,0.0,0.0,1233333.333333333,185.0,0.33123365160190843,0.0861207494164962,0.674507216579332,0.29292378407282726,3.698028866317328,0.5155776774334057,0.8321287766847861,0.4953977499040929,2.3589579750806537,2.3589579750806537,1.2219885916158846,1.1369693834647692,0.0,0.0,0.0,0.0,2.0297673513600154,0.10366091801397023,0.2255297057066683,4.619632719809898,517.9317364209148,395.8230101455158,10.092900100914832,515.5727784458342,2.0297673513600154,33.82607291041465,0.0,0.0,-1274.0449629319103,0.0,1.4551915228366852e-11,0.0,0.0
intrinsic_limited,recirculating,1177.2916175324142,1177.2916175324142,19478.92402800965,90000.0,0.0,0.0,0.0,0.0,403.05451774686395,0.0,0.0,1239999.9999999998,186.0,0.3332444892392424,0.08664356720220302,0.6778929528255516,0.2927239646048172,3.7115718113022065,0.5135083552958176,0.8315410723671095,0.49410531953670167,2.373278625951243,2.373278625951243,1.2216722026213314,1.1516064233299115,0.0,0.0,0.0,0.0,2.042680087742633,0.10363408401498389,0.22696445419362585,4.620378408508849,521.075971990363,394.63285485670696,10.119300080979203,518.7026933644117,2.042680087742633,34.041263662230975,0.0,0.0,-1276.7318693093043,0.0,1.0913936421275139e-11,0.0,0.0
intrinsic_limited,recirculating,1184.3664324106142,1184.3664324106142,19475.79267466914,90000.0,0.0,0.0,0.0,0.0,405.96428727962194,0.0,0.0,1246666.6666666665,187.0,0.3352470882855938,0.08716424295425439,0.681229815019384,0.2925251975977613,3.724919260077536,0.5114557658681331,0.8309564635228274,0.4928224362501826,2.3875406037679086,2.3875406037679086,1.221357146490368,1.1661834572775405,0.0,0.0,0.0,0.0,2.0555399166383967,0.10360736305857923,0.2283933240709329,4.6211212813462,524.207325330869,393.4475757460877,10.145641984249549,521.8197847271011,2.0555399166383967,34.25557271077888,0.0,0.0,-1279.4273297935142,0.0,1.0913936421275139e-11,0.0,-4.440892098500626e-16
intrinsic_limited,recirculating,1191.4119653311982,1191.4119653311982,19472.67428168977,90000.0,0.0,0.0,0.0,0.0,408.8817127115628,0.0,0.0,1253333.3333333333,188.0,0.33724139877296433,0.08768276368097074,0.684518511930037,0.29232747377743484,3.738074047720148,0.509419825668794,0.8303749228748084,0.4915489920870487,2.4017435526718556,2.4017435526718556,1.22104343064129,1.1807001220305655,0.0,0.0,0.0,0.0,2.0683465172081146,0.10358075577395078,0.22981627968979046,4.621861316944398,527.3257183102384,392.2672023882377,10.171926055164297,524.9239747575665,2.0683465172081146,34.468994709273225,0.0,0.0,-1282.1313332269608,0.0,1.0913936421275139e-11,0.0,-4.440892098500626e-16
intrinsic_limited,recirculating,1198.428054186005,1198.428054186005,19469.568920821534,90000.0,0.0,0.0,0.0,0.0,411.8067776016571,0.0,0.0,1260000.0,189.0,0.3392273748149732,0.08819911745189304,0.687759747999763,0.29213078394436465,3.751038991999052,0.5074004476218859,0.8297964233657784,0.4902848804653335,2.4158871458724835,2.4158871458724835,1.2207310618484544,1.1951560840240292,0.0,0.0,0.0,0.0,2.0810995948231232,0.10355426273568011,0.2312332883136803,4.622598495426902,530.4310791784759,391.09176194194765,10.198152541955727,528.0151920326034,2.0810995948231232,34.681524747727345,0.0,0.0,-1284.843868078601,0.0,1.0913936421275139e-11,0.0,-4.440892098500626e-16
intrinsic_limited,recirculating,1205.414550793465,1205.414550793465,19466.476657650433,90000.0,0.0,0.0,0.0,0.0,414.73946557339053,0.0,0.0,1266666.6666666667,190.0,0.3412049744673045,0.08871329336149918,0.6909542229394825,0.2919351189779993,3.76381689175793,0.5053975412822024,0.8292209381705862,0.4890299961889152,2.42997108465353,2.42997108465353,1.2204200462646375,1.2095510383888926,0.0,0.0,0.0,0.0,2.0937988801691114,0.1035278844656285,0.23264432001879012,4.6233327983690105,533.5233423495753,389.9212792328168,10.224321695940448,531.0933712649218,2.0937988801691114,34.89315833801824,0.0,0.0,-1287.5649224600436,0.0,7.275957614183426e-12,0.0,0.0
intrinsic_limited,recirculating,1212.3713204166488,1212.3713204166488,19463.397551811806,90000.0,0.0,0.0,0.0,0.0,417.67976031574403,0.0,0.0,1273333.3333333335,191.0,0.34317415959128605,0.08922528149373438,0.6941026313555965,0.29174046984038804,3.776410525422386,0.5034110130517755,0.8286484407070237,0.487784235454632,2.4439950974015137,2.4439950974015137,1.2201103894428724,1.2238847079586415,0.0,0.0,0.0,0.0,2.106444128370049,0.10350162143479276,0.23404934759667206,4.624064208749726,536.6024481882048,388.75577683399666,10.250433770865564,534.1584530908033,2.106444128370049,35.103891399286866,0.0,0.0,-1290.2944841411286,0.0,1.0913936421275139e-11,0.0,0.0
intrinsic_limited,recirculating,1219.2982412924466,1219.2982412924466,19460.33165719869,90000.0,0.0,0.0,0.0,0.0,420.6276455839894,0.0,0.0,1280000.0000000002,192.0,0.3451348957206184,0.08973507288736078,0.6972056624064865,0.29154682757940253,3.788822649625946,0.5014407663880652,0.8280789046453016,0.4865474958564509,2.457958938656617,2.457958938656617,1.2198020963577763,1.2381568422988407,0.0,0.0,0.0,0.0,2.1190351181323543,0.10347547406511208,0.23544834645915044,4.624792710904675,539.6683428013185,387.5952751450699,10.276489022307455,537.210383862662,2.1190351181323543,35.31372024367568,0.0,0.0,-1293.032540564985,0.0,1.0913936421275139e-11,0.0,0.0
intrinsic_limited,recirculating,1226.1952041719105,1226.1952041719105,19457.279022165298,90000.0,0.0,0.0,0.0,0.0,423.5831052003167,0.0,0.0,1286666.666666667,193.0,0.3470871519312642,0.0902426595021287,0.7002639994872508,0.2913541833315347,3.8010559979490033,0.4994867020040016,0.8275123039162785,0.4853196763869517,2.4718623881860706,2.4718623881860706,1.2194951714263598,1.252367216759711,0.0,0.0,0.0,0.0,2.131571650909355,0.1034494427312323,0.2368412945454838,4.625518290480082,542.7209778347105,386.4397924690589,10.302487707119946,540.2491154465245,2.131571650909355,35.522641562404395,0.0,0.0,-1295.7790788625837,0.0,7.275957614183426e-12,0.0,-4.440892098500626e-16
intrinsic_limited,recirculating,1233.062111871769,1233.062111871769,19454.239689725495,90000.0,0.0,0.0,0.0,0.0,426.54612305430487,0.0,0.0,1293333.3333333337,194.0,0.34903090071450005,0.09074803418577002,0.7032783199412634,0.2911625283243003,3.8131132797650538,0.49754871806007905,0.8269486127185303,0.48410067743635005,2.4857052500800614,2.4857052500800614,1.2191896185283246,1.266515631551737,0.0,0.0,0.0,0.0,2.1440535500860496,0.10342352776222884,0.23822817223178325,4.6262409343878055,545.7603102745113,385.28934508756316,10.328430082929195,543.2746050244313,2.1440535500860496,35.730652412184014,0.0,0.0,-1298.534085866792,0.0,7.275957614183426e-12,0.0,-4.440892098500626e-16
intrinsic_limited,recirculating,1239.8988788370966,1239.8988788370966,19451.21369774638,90000.0,0.0,0.0,0.0,0.0,429.5166831032506,0.0,0.0,1300000.0000000005,195.0,0.3509661178531251,0.09125119064181253,0.7062492947971951,0.29097185387827973,3.8249971791887805,0.4956267103487087,0.8263878055243522,0.48289040078929757,2.499487351870126,2.499487351870126,1.2188854410258456,1.2806019108442805,0.0,0.0,0.0,0.0,2.1564806601841577,0.10339772944328425,0.23960896224268413,4.626960630761432,548.7863022536241,384.14394733402696,10.35431640767214,546.2868149017539,2.1564806601841577,35.93775020196899,0.0,0.0,-1301.297548125953,0.0,7.275957614183426e-12,0.0,0.0
intrinsic_limited,recirculating,1246.7054307151002,1246.7054307151002,19448.20107913693,90000.0,0.0,0.0,0.0,0.0,432.49476937236665,0.0,0.0,1306666.6666666672,196.0,0.3528927823008173,0.0917521233982125,0.7091775885301786,0.29078215140882135,3.8367103541207146,0.4937205724710292,0.8258298570847687,0.4816887496196498,2.513208543669956,2.513208543669956,1.2185826417828436,1.2946259018871122,0.0,0.0,0.0,0.0,2.168852846087371,0.10337204801732143,0.24098364956526339,4.627677368913445,551.798920863079,383.0036116651457,10.38014693917616,549.2857123194091,2.168852846087371,36.143932680046035,0.0,0.0,-1304.069451916992,0.0,7.275957614183426e-12,0.0,0.0
intrinsic_limited,recirculating,1253.4817039399593,1253.4817039399593,19445.201862031725,90000.0,0.0,0.0,0.0,0.0,435.4803659548608,0.0,0.0,1313333.333333334,197.0,0.3548108760646179,0.09225082777680066,0.7120638588458439,0.29059341242743536,3.8482554353833756,0.49183019600638755,0.8252747424336334,0.48049562848341293,2.526868697338485,2.526868697338485,1.2182812231837463,1.3085874741547388,0.0,0.0,0.0,0.0,2.1811699922866987,0.1033464836865973,0.2423522213651887,4.628391139293443,554.7981379682824,381.8683487304189,10.405921934776986,552.2712692709439,2.1811699922866987,36.34919792145783,0.0,0.0,-1306.8497832580742,0.0,7.275957614183426e-12,0.0,4.440892098500626e-16
intrinsic_limited,recirculating,1260.2276453286458,1260.2276453286458,19442.216069969883,90000.0,0.0,0.0,0.0,0.0,438.4734570119072,0.0,0.0,1320000.0000000007,198.0,0.35672038409052453,0.09274729986353639,0.7149087564860026,0.2904056285429012,3.8596350259440104,0.48995547067469364,0.8247224368908859,0.4793109433100331,2.5404677056651104,2.5404677056651104,1.2179811871517496,1.3224865185133607,0.0,0.0,0.0,0.0,2.193432002145775,0.10332103661424927,0.24371466690508606,4.629101933447416,557.7839300301231,380.7381674398653,10.431641650972791,555.2434623244579,2.193432002145775,36.55354431575934,0.0,0.0,-1309.6385279208191,0.0,7.275957614183426e-12,0.0,0.0
intrinsic_limited,recirculating,1266.9432116876253,1266.9432116876253,19439.24372206911,90000.0,0.0,0.0,0.0,0.0,441.4740267725189,0.0,0.0,1326666.6666666674,199.0,0.3586212941521633,0.09324153647956246,0.7177129250547986,0.29021879146211277,3.8708517002191942,0.48809628449185793,0.8241729160650376,0.47813460139221003,2.55400548157685,2.55400548157685,1.2176825351665799,1.33632294641027,0.0,0.0,0.0,0.0,2.205638797185943,0.10329570692580235,0.2450709774651047,4.629809743978066,560.7562779308968,379.6130750299136,10.45730634311182,558.2022724493199,2.205638797185943,36.75697055510374,0.0,0.0,-1312.4356714420865,0.0,7.275957614183426e-12,0.0,0.0
intrinsic_limited,recirculating,1273.6283694303281,1273.6283694303281,19436.284833195008,90000.0,0.0,0.0,0.0,0.0,444.48205953333206,0.0,0.0,1333333.3333333342,200.0,0.3605135967425106,0.09373353515305276,0.7204770008641934,0.2900328929906822,3.8819080034567737,0.48625252391851886,0.8236261558549477,0.47696651137438045,2.56748195736721,2.56748195736721,1.2173852682817567,1.350096689085453,0.0,0.0,0.0,0.0,2.2177903163909187,0.10327049471063317,0.2464211462656576,4.630514564506178,563.7151668049968,378.49307712749,10.482916265111538,561.1476848476295,2.2177903163909187,36.95947562265466,0.0,0.0,-1315.2411991353488,0.0,3.637978807091713e-12,0.0,4.440892098500626e-16
intrinsic_limited,recirculating,1280.2830942052692,1280.2830942052692,19433.339414125687,90000.0,0.0,0.0,0.0,0.0,447.49753965830945,0.0,0.0,1340000.000000001,201.0,0.3623972849686284,0.09422329409184338,0.7232016127976957,0.28984792503332296,3.8928064511907827,0.4844240740022651,0.82308213245095,0.47580658324002684,2.580897083946518,2.580897083946518,1.2170893871413748,1.363807696805143,0.0,0.0,0.0,0.0,2.229886515530811,0.1032454000233945,0.24776516839231227,4.631216389633008,566.6605858743169,377.3781778123202,10.50847166920699,564.0796887903704,2.229886515530811,37.16105878132096,0.0,0.0,-1318.0550961016597,0.0,3.637978807091713e-12,0.0,0.0
intrinsic_limited,recirculating,1286.907370534677,1286.907370534677,19430.407471711696,90000.0,0.0,0.0,0.0,0.0,450.52045157837284,0.0,0.0,1346666.6666666677,202.0,0.3642723544493744,0.09471081215683734,0.7258873821912916,0.28966387959403156,3.9035495287651663,0.48261081851355797,0.822540822335387,0.4746547282979357,2.5942508301134444,2.5942508301134444,1.2167948919964011,1.3774559381170435,0.0,0.0,0.0,0.0,2.2419273665052435,0.1032204228853963,0.24910304072280479,4.631915214903703,569.5925282883076,376.26837967747286,10.533972805726593,566.9982774581941,2.2419273665052435,37.36171956280988,0.0,0.0,-1320.8773472402343,0.0,3.637978807091713e-12,0.0,-4.440892098500626e-16
intrinsic_limited,recirculating,1293.5011914634872,1293.5011914634872,19427.48900903139,90000.0,0.0,0.0,0.0,0.0,453.5507797909704,0.0,0.0,1353333.3333333344,203.0,0.36613880321604614,0.095196088836172,0.7285349227305743,0.2894807487760847,3.914139690922297,0.4808126400755546,0.8220022022826021,0.47351085916753805,2.607543181847414,2.607543181847414,1.2165017827204978,1.3910413991269164,0.0,0.0,0.0,0.0,2.2539128567053206,0.10319556328594741,0.25043476185614666,4.632611036771715,572.5109909686175,375.1636838881646,10.559419922893248,569.9034477867701,2.2539128567053206,37.561457756994166,0.0,0.0,-1323.7079372586477,0.0,7.275957614183426e-12,0.0,-8.881784197001252e-16
intrinsic_limited,recirculating,1300.0645582185402,1300.0645582185402,19424.58402554175,90000.0,0.0,0.0,0.0,0.0,456.5885088595872,0.0,0.0,1360000.0000000012,204.0,0.3679966316159135,0.09567912422013751,0.7311448403631133,0.2892985247818699,3.9245793614524533,0.47902942028803347,0.8214662493584409,0.47237488976344555,2.620774141621591,2.620774141621591,1.2162100588253808,1.40456408279621,0.0,0.0,0.0,0.0,2.2658429883941387,0.10317082118365851,0.25176033204379317,4.633303852564221,575.4159744582536,374.0640902388568,10.584813266649048,572.795200316632,2.2658429883941387,37.76027340158832,0.0,0.0,-1326.54685068267,0.0,3.637978807091713e-12,0.0,4.440892098500626e-16
intrinsic_limited,recirculating,1306.5974798778245,1306.5974798778245,19421.69251722482,90000.0,0.0,0.0,0.0,0.0,459.63362341320516,0.0,0.0,1366666.666666668,205.0,0.3698458422185943,0.09615991897683451,0.7337177332251491,0.28911719991256396,3.9348709329005964,0.4772610398456174,0.8209329409193058,0.4712467352792837,2.6339437277361086,2.6339437277361086,1.2159197194757183,1.4180240082603903,0.0,0.0,0.0,0.0,2.2777177781055613,0.10314619650770737,0.2530797531228401,4.633993660448506,578.3074827751848,372.9695972086686,10.610153080501995,575.6735390474487,2.2777177781055613,37.958166772129175,0.0,0.0,-1329.3940718657473,0.0,3.637978807091713e-12,0.0,0.0
intrinsic_limited,recirculating,1313.0999730495837,1313.0999730495837,19418.81447672969,90000.0,0.0,0.0,0.0,0.0,462.6861081457182,0.0,0.0,1373333.3333333347,206.0,0.3716864397252226,0.09663847432855788,0.7362541915817323,0.2889367665676743,3.9450167663269293,0.47550737865048953,0.8204022546108068,0.47012631217092904,2.6470519736711946,2.6470519736711946,1.2156307635035772,1.4314212101676171,0.0,0.0,0.0,0.0,2.289537256060921,0.10312168915906021,0.25439302845121337,4.634680459399334,581.1855232703145,371.88020201513797,10.63543960539289,578.5384712966434,2.289537256060921,38.155138372255244,0.0,0.0,-1332.2495849981342,0.0,3.637978807091713e-12,0.0,0.0
intrinsic_limited,recirculating,1319.572061561119,1319.572061561119,19415.949893510264,90000.0,0.0,0.0,0.0,0.0,465.7459478153089,0.0,0.0,1380000.0000000014,207.0,0.3735184308803608,0.09711479202889381,0.7387547977794756,0.2887572172444568,3.9550191911179025,0.47376831591979124,0.8198741683660494,0.4690135381392327,2.660098927459828,2.660098927459828,1.215343189422432,1.444755738037396,0.0,0.0,0.0,0.0,2.3013014656033475,0.10309729901166444,0.25570016284481634,4.635364249167242,584.050106489742,370.79590066635785,10.660673079581096,581.3900075622822,2.3013014656033475,38.35118892427978,0.0,0.0,-1335.1133741157005,0.0,7.275957614183426e-12,0.0,0.0
intrinsic_limited,recirculating,1326.0137761570954,1326.0137761570954,19413.098753958773,90000.0,0.0,0.0,0.0,0.0,468.81312724379137,0.0,0.0,1386666.6666666681,208.0,0.3753418243866023,0.09758887434051661,0.7412201262111162,0.2885785445372226,3.964880504844465,0.4720437302878907,0.8193486604035959,0.467908332112321,2.673084651079565,2.673084651079565,1.2150569954407322,1.458027655638833,0.0,0.0,0.0,0.0,2.313010462649373,0.10307302591359546,0.25700116251659694,4.636045030247783,586.9012460412308,369.71668801152094,10.685853738547562,584.2281613901513,2.313010462649373,38.5463193600518,0.0,0.0,-1337.985423108411,0.0,3.637978807091713e-12,0.0,0.0
intrinsic_limited,recirculating,1332.4251542071695,1332.4251542071695,19410.2610415352,90000.0,0.0,0.0,0.0,0.0,471.8876313159251,0.0,0.0,1393333.333333335,209.0,0.3771566308218123,0.09806072401367119,0.7436507432911298,0.28840074113654524,3.974602973164519,0.47033349990370393,0.8188257092251331,0.4668106142275415,2.6860092198631484,2.6860092198631484,1.2147721794750557,1.471237040388093,0.0,0.0,0.0,0.0,2.324664315157476,0.10304886968817503,0.25829603501749726,4.636722803851674,589.7389584648038,368.64255778990184,10.710981814913932,587.0529492449406,2.324664315157476,38.74053081209934,0.0,0.0,-1340.865715728497,0.0,3.637978807091713e-12,0.0,0.0
intrinsic_limited,recirculating,1338.8062394227425,1338.8062394227425,19407.43673689263,90000.0,0.0,0.0,0.0,0.0,474.96944497870504,0.0,0.0,1400000.0000000016,210.0,0.3789628625589521,0.09853034426532756,0.7460472074416711,0.2882237998283795,3.9841888297666843,0.46863750252324793,0.8183052936128808,0.4657203058131314,2.698872721927518,2.698872721927518,1.2144887391628345,1.4843839827646832,0.0,0.0,0.0,0.0,2.336263102613222,0.1030248301350489,0.2595847891792468,4.637397571875848,592.5632631073759,367.57350267831083,10.736057538376333,589.8643903854484,2.336263102613222,38.933824605049345,0.0,0.0,-1343.7542355983269,0.0,3.637978807091713e-12,0.0,4.440892098500626e-16
intrinsic_limited,recirculating,1345.1570815826483,1345.1570815826483,19404.62581799866,90000.0,0.0,0.0,0.0,0.0,478.05855324063134,0.0,0.0,1406666.6666666684,211.0,0.3807605336884321,0.09899773875899234,0.7484100690881482,0.2880477134931016,3.993640276352593,0.4669556155976022,0.8177873926267695,0.46463732936966873,2.7116752576208287,2.7116752576208287,1.214206671874683,1.497468585746146,0.0,0.0,0.0,0.0,2.3478069155306365,0.10300090703123276,0.26086743505895954,4.638069336875383,595.3741820013424,366.5095143370509,10.761081135652717,592.6625067437216,2.3478069155306365,39.126202247318055,0.0,0.0,-1346.6509662179847,0.0,3.637978807091713e-12,0.0,0.0
intrinsic_limited,recirculating,1351.4777362675777,1351.4777362675777,19401.828260252973,90000.0,0.0,0.0,0.0,0.0,481.1549411709622,0.0,0.0,1413333.3333333351,212.0,0.382549659942938,0.09946291158516388,0.7507398706637809,0.2878724751044806,4.002959482655124,0.46528771635644806,0.8172719856014136,0.46356160855136536,2.7244169389870843,2.7244169389870843,1.2139259747263245,1.51049096426076,0.0,0.0,0.0,0.0,2.359295854969464,0.10297710013212473,0.2621439838854959,4.638738102036294,598.1717397470336,365.4505834544113,10.786052830442646,595.4473228080465,2.359295854969464,39.31766542306612,0.0,0.0,-1349.5558909725673,0.0,7.275957614183426e-12,0.0,-4.440892098500626e-16
intrinsic_limited,recirculating,1357.7682646030414,1357.7682646030414,19399.04403660106,90000.0,0.0,0.0,0.0,0.0,484.2585938989549,0.0,0.0,1420000.0000000019,213.0,0.38433025862467357,0.09992586724241513,0.7530371466225109,0.2876980777285889,4.012148586490044,0.46363368188735504,0.8167590521429086,0.4624930681472572,2.7370978892479787,2.7370978892479787,1.2136466445901297,1.5234512446578492,0.0,0.0,0.0,0.0,2.3707300320679474,0.10295340917248173,0.26341444800754965,4.639403871149161,600.9559633989483,364.39669978972944,10.810972843398392,598.2188655097003,2.3707300320679474,39.50821598441234,0.0,0.0,-1352.468993139214,0.0,7.275957614183426e-12,0.0,0.0
intrinsic_limited,recirculating,1364.0287330106742,1364.0287330106742,19396.273117644327,90000.0,0.0,0.0,0.0,0.0,487.36949661309586,0.0,0.0,1426666.6666666686,214.0,0.3861023485349651,0.10038661061909093,0.75530242345968,0.28752451452266037,4.0212096938387205,0.46199338921097377,0.8162485721254717,0.46143163406233373,2.7497182423015576,2.7497182423015576,1.2133686781062754,1.5363495641952822,0.0,0.0,0.0,0.0,2.38210956759077,0.1029298338673687,0.26467884084341886,4.640066648583596,603.7268823556802,363.3478522150566,10.835841392106554,600.9771641133786,2.38210956759077,39.69785594390018,0.0,0.0,-1355.390255893867,0.0,7.275957614183426e-12,0.0,0.0
intrinsic_limited,recirculating,1370.2592129676793,1370.2592129676793,19393.515471746563,90000.0,0.0,0.0,0.0,0.0,490.4876345603246,0.0,0.0,1433333.3333333354,215.0,0.38786594990616946,0.10084514697560407,0.7575362197399094,0.2873517787339033,4.0301448789596375,0.4603667153522972,0.8157405256879509,0.4603772332986607,2.7622781422372853,2.7622781422372853,1.2130920716935365,1.5491860705437486,0.0,0.0,0.0,0.0,2.393434591491792,0.10290637391307211,0.2659371768324213,4.640726439263498,606.4845282534466,362.30402875545985,10.860658691078992,603.7222501112093,2.393434591491792,39.88658746721071,0.0,0.0,-1358.319662317785,0.0,1.0913936421275139e-11,0.0,0.0
intrinsic_limited,recirculating,1376.4597807742173,1376.4597807742173,19390.771065136876,90000.0,0.0,0.0,0.0,0.0,493.61299304525386,0.0,0.0,1440000.000000002,216.0,0.389621084335831,0.10130148192731606,0.7597390461316486,0.2871798636982747,4.038956184526594,0.45875353740814095,0.8152348932302197,0.4593297939365266,2.774777742867129,2.774777742867129,1.2128168215597102,1.5619609213074188,0.0,0.0,0.0,0.0,2.40470524249123,0.10288302898798456,0.2671894713879144,4.64138324864312,609.2289348631326,361.2652166279915,10.885424951752498,606.4541571202654,2.40470524249123,40.07441286611635,0.0,0.0,-1361.257195403809,0.0,7.275957614183426e-12,0.0,0.0
intrinsic_limited,recirculating,1382.6305173285368,1382.6305173285368,19388.039862009246,90000.0,0.0,0.0,0.0,0.0,496.7455574293872,0.0,0.0,1446666.6666666688,217.0,0.3913677747230302,0.10175562142798786,0.7619114054478909,0.287008762839223,4.047645621791563,0.45715373261099507,0.8147316554094794,0.458289245115654,2.7872172072722505,2.7872172072722505,1.2125429237116985,1.5746742835605523,0.0,0.0,0.0,0.0,2.415921667666912,0.10285979875345966,0.26843574085187905,4.642037082683871,611.9601379907638,360.2314022793635,10.910140382496209,609.1729207834915,2.415921667666912,40.26133459166908,0.0,0.0,-1364.2028380623894,0.0,1.0913936421275139e-11,0.0,-4.440892098500626e-16
intrinsic_limited,recirculating,1388.771507909654,1388.771507909654,19385.321824618695,90000.0,0.0,0.0,0.0,0.0,499.8853131303376,0.0,0.0,1453333.3333333356,218.0,0.393106045206869,0.10220757175378593,0.764053792692575,0.28683846966640336,4.0562151707703,0.4555671783893894,0.8142307931364805,0.457255517016505,2.799596707364913,2.799596707364913,1.2122703739652385,1.5873263333996745,0.0,0.0,0.0,0.0,2.427084022059248,0.10283668285463754,0.26967600245102746,4.642687947831904,614.6781753813182,359.20257142235613,10.934805188626123,611.8785786739533,2.427084022059248,40.447355227617365,0.0,0.0,-1367.1565731273915,0.0,1.4551915228366852e-11,0.0,0.0
intrinsic_limited,recirculating,1394.8828419673812,1394.8828419673812,19382.616913374222,90000.0,0.0,0.0,0.0,0.0,503.03224562104833,0.0,0.0,1460000.0000000023,219.0,0.39483592110703575,0.10265733948782929,0.7661666951122221,0.2866689777743725,4.0646667804488885,0.4539937524249172,0.8137322875716839,0.4562285408417131,2.8119164234652043,2.8119164234652043,1.2119991679543058,1.5999172555108983,0.0,0.0,0.0,0.0,2.438192468289566,0.1028136809212419,0.2709102742543962,4.643335850996415,617.3830866257917,358.1787090709947,10.959419572425945,614.5711702023266,2.438192468289566,40.632477484045616,0.0,0.0,-1370.118383361674,0.0,1.4551915228366852e-11,0.0,0.0
intrinsic_limited,recirculating,1400.9646129195148,1400.9646129195148,19379.925086928582,90000.0,0.0,0.0,0.0,0.0,506.18634042901823,0.0,0.0,1466666.666666669,220.0,0.3965574288663977,0.10310493150526341,0.7682505922523811,0.28650028084126644,4.073002369009524,0.45243333270604896,0.8132361201213719,0.45520824879766175,2.8241765438921913,2.8241765438921913,1.2117293011401895,1.6124472427520018,0.0,0.0,0.0,0.0,2.4492471761914567,0.10279079256835054,0.272138575132384,4.643980799528653,620.0749130714332,357.159799574529,10.983983733173693,617.250736527541,2.4492471761914567,40.81670419123063,0.0,0.0,-1373.088251462459,0.0,1.4551915228366852e-11,0.0,0.0
intrinsic_limited,recirculating,1407.0169179559844,1407.0169179559844,19377.246302264957,90000.0,0.0,0.0,0.0,0.0,509.34758313553266,0.0,0.0,1473333.3333333358,221.0,0.398270595995563,0.10355035495884639,0.7703059560184772,0.286332372627467,4.081223824073909,0.4508857975788734,0.8127422724337265,0.4541945740762421,2.8363772645691094,2.8363772645691094,1.2114607688202537,1.6249164957488558,0.0,0.0,0.0,0.0,2.460248322454774,0.10276801739713878,0.27336092471719703,4.644622801201641,622.7536977350586,356.14582665024415,11.008497867173308,619.9173204704895,2.460248322454774,41.000038293708805,0.0,0.0,-1376.0661600664953,0.0,1.4551915228366852e-11,0.0,0.0
intrinsic_limited,recirculating,1413.0398578497777,1413.0398578497777,19374.58051478065,90000.0,0.0,0.0,0.0,0.0,512.5159593749021,0.0,0.0,1480000.0000000026,222.0,0.3999754510193614,0.10399361726503396,0.7723332507406834,0.2861652469742591,4.089333002962734,0.44935102579488984,0.8122507263948797,0.4531874508367954,2.8485187886422096,2.8485187886422096,1.2111935661363926,1.637325222505817,0.0,0.0,0.0,0.0,2.4711960902819543,0.10274535499559409,0.2745773433646615,4.645261864190557,625.419485219366,355.1367734151375,11.032962167790984,622.5709664307238,2.4711960902819543,41.182482844548765,0.0,0.0,-1379.0520917550248,0.0,1.4551915228366852e-11,0.0,0.0
intrinsic_limited,recirculating,1419.033536774452,1419.033536774452,19371.927678367847,90000.0,0.0,0.0,0.0,0.0,515.6914548337087,0.0,0.0,1486666.6666666693,223.0,0.4016720234251885,0.104434726090549,0.7743329332424542,0.2859988978024845,4.097331732969817,0.4478288965559779,0.8117614641249544,0.4521868141882756,2.860601326112882,2.860601326112882,1.2109276880831834,1.6496736380296984,0.0,0.0,0.0,0.0,2.4820906690563045,0.10272280493921043,0.2757878521173671,4.645897997053787,628.0723216321647,354.1326224164921,11.057376825495327,625.2117203060519,2.4820906690563045,41.36404099982331,0.0,0.0,-1382.0460290585565,0.0,1.0913936421275139e-11,0.0,0.0
intrinsic_limited,recirculating,1424.9980621280454,1424.9980621280454,19369.287745491576,90000.0,0.0,0.0,0.0,0.0,518.8740552500636,0.0,0.0,1493333.333333336,224.0,0.4033603436131627,0.1048736893394223,0.7763054529123841,0.28583331911119414,4.105221811649536,0.44631928955666367,0.8112744679741004,0.4511926001716323,2.872625093482684,2.872625093482684,1.210663129515757,1.6619619639669267,0.0,0.0,0.0,0.0,2.4929322540219268,0.10270036679165435,0.2769924726691029,4.646531208714607,630.7122545084381,353.1333556613779,11.0817420279012,627.8396294149554,2.4929322540219268,41.544716013275405,0.0,0.0,-1385.0479544614595,0.0,1.4551915228366852e-11,0.0,0.0
intrinsic_limited,recirculating,1430.9335443632078,1430.9335443632078,19366.660667264856,90000.0,0.0,0.0,0.0,0.0,522.0637464128738,0.0,0.0,1500000.0000000028,225.0,0.40504044284804136,0.10531051514049075,0.778251251779068,0.2856685049763019,4.113005007116271,0.44482208502379844,0.8107897205185352,0.4502047457424369,2.884590313410903,2.884590313410903,1.2103998851573752,1.674190428253528,0.0,0.0,0.0,0.0,2.503721045974946,0.10267804010540749,0.2781912273305495,4.647161508443503,633.3393327351577,352.13895464510995,11.1060579598166,630.4547424217468,2.503721045974946,41.72451123117248,0.0,0.0,-1388.0578504063726,0.0,1.4551915228366852e-11,0.0,0.0
intrinsic_limited,recirculating,1436.8400968233732,1436.8400968233732,19364.046393521243,90000.0,0.0,0.0,0.0,0.0,525.2605141611217,0.0,0.0,1506666.6666666695,226.0,0.40671235321284815,0.10574521183534052,0.7801707645886677,0.2855044495492436,4.120683058354671,0.44333716375376037,0.8103072045565989,0.44922318875376055,2.8964972143843015,2.8964972143843015,1.2101379496067497,1.6863592647775516,0.0,0.0,0.0,0.0,2.5144572509657213,0.10265582442238867,0.2793841389961912,4.64778890584108,635.9536064787724,351.1494003786961,11.130324803292211,633.057109264388,2.5144572509657213,41.90343008734374,0.0,0.0,-1391.0756992984493,0.0,1.4551915228366852e-11,0.0,4.440892098500626e-16
intrinsic_limited,recirculating,1442.7178355847911,1442.7178355847911,19361.444872884724,90000.0,0.0,0.0,0.0,0.0,528.4643443831566,0.0,0.0,1513333.3333333363,227.0,0.4083761075641582,0.10617778796668113,0.7820644188848966,0.28534114705564195,4.128257675539587,0.441864407147289,0.8098269031048293,0.4482478679393124,2.9083460303986683,2.9083460303986683,1.209877317345081,1.6984687130535876,0.0,0.0,0.0,0.0,2.5251410800117067,0.10263371927454967,0.2805712311124118,4.648413410821576,638.5551271152913,350.16467341530193,11.154542737673305,635.6467810848926,2.5251410800117067,42.081476098395086,0.0,0.0,-1394.101483509433,0.0,1.4551915228366852e-11,0.0,0.0
intrinsic_limited,recirculating,1448.5668793042537,1448.5668793042537,19358.856052837127,90000.0,0.0,0.0,0.0,0.0,531.6752230159989,0.0,0.0,1520000.000000003,228.0,0.4100317394889958,0.10660825226713891,0.7839326350911605,0.28517859179398175,4.1357305403646425,0.44040369724205475,0.809348799394064,0.4472787228968517,2.9201370006518585,2.9201370006518585,1.2096179827428541,1.7105190179090046,0.0,0.0,0.0,0.0,2.5357727488206674,0.10261172418445058,0.28175252764674075,4.649035033596941,641.143947162886,349.1847538757618,11.178711939653487,638.2238101622341,2.5357727488206674,42.25865285909642,0.0,0.0,-1397.1351853815738,0.0,1.4551915228366852e-11,0.0,0.0
intrinsic_limited,recirculating,1454.3873490723383,1454.3873490723383,19356.27987978308,90000.0,0.0,0.0,0.0,0.0,534.8931360446594,0.0,0.0,1526666.6666666698,229.0,0.411679283263293,0.10703661364845618,0.7857758265946014,0.2850167781342951,4.143103306378405,0.4389549167430655,0.8088728768655739,0.44631569407187177,2.931870369247945,2.931870369247945,1.2093599400663737,1.7225104291815716,0.0,0.0,0.0,0.0,2.5463524775239152,0.1025898386658175,0.2829280530582127,4.649653784661467,643.7201202169354,348.2096214731657,11.202832583330203,640.7882498476874,2.5463524775239152,42.43496403793605,0.0,0.0,-1400.1767872313947,0.0,1.4551915228366852e-11,0.0,-4.440892098500626e-16
intrinsic_limited,recirculating,1460.1793682720083,1460.1793682720083,19353.716299112573,90000.0,0.0,0.0,0.0,0.0,538.1180695014705,0.0,0.0,1533333.3333333365,230.0,0.4133187738118654,0.107462881191085,0.7875943998318143,0.28485570051686004,4.150377599327257,0.43751794905100494,0.8083991191672355,0.4453587227415711,2.943546384912176,2.943546384912176,1.209103183484062,1.734443201428114,0.0,0.0,0.0,0.0,2.5568804904192928,0.10256806222407291,0.28409783226881025,4.650269674776972,646.2837008874415,347.239255536549,11.226904840261446,643.3401545025292,2.5568804904192928,42.61041337283751,0.0,0.0,-1403.2262713533041,0.0,1.4551915228366852e-11,0.0,0.0
intrinsic_limited,recirculating,1465.9430624424035,1465.9430624424035,19351.165255261272,90000.0,0.0,0.0,0.0,0.0,541.3500094654338,0.0,0.0,1540000.0000000033,231.0,0.41495024666985647,0.10788706413416269,0.7893887543760125,0.2846953534509131,4.15755501750405,0.43609267828859705,0.8079275101497445,0.44440775099910973,2.9551653007163923,2.9551653007163923,1.2088477070725254,1.7463175936438669,0.0,0.0,0.0,0.0,2.567357015723586,0.10254639435685231,0.2852618906359539,4.650882714958493,648.8347447387421,346.27363503371186,11.250928879523563,645.8795794380256,2.567357015723586,42.785004667033554,0.0,0.0,-1406.2836200230715,0.0,1.4551915228366852e-11,0.0,0.0
intrinsic_limited,recirculating,1471.6785591476632,1471.6785591476632,19348.62669176856,90000.0,0.0,0.0,0.0,0.0,544.5889420615817,0.0,0.0,1546666.66666667,232.0,0.4165737379456066,0.10830917186585771,0.7911592830254389,0.2845357315133778,4.164637132101756,0.4346789893250869,0.807458033862876,0.44346272173815404,2.966727373814591,2.966727373814591,1.2085935048223848,1.7581338689922064,0.0,0.0,0.0,0.0,2.5777822853340826,0.10252483455449911,0.2864202539260091,4.651492916460499,651.3733082314516,345.3127385931962,11.274904867769896,648.406580857637,2.5777822853340826,42.958741785092485,0.0,0.0,-1409.3488155011605,0.0,1.0913936421275139e-11,0.0,0.0
intrinsic_limited,recirculating,1477.385987850624,1477.385987850624,19346.100551333457,90000.0,0.0,0.0,0.0,0.0,547.8348534603545,0.0,0.0,1553333.3333333367,233.0,0.4181892842849019,0.10872921391407449,0.7929063718928298,0.28437682934760955,4.171625487571319,0.43327676779892277,0.8069906745517929,0.44252357863771685,2.9782328651883154,2.9782328651883154,1.2083405706439003,1.7698922945444153,0.0,0.0,0.0,0.0,2.5881565345989985,0.10250338230053913,0.28757294828877755,4.652100290763589,653.8994486665584,344.35654452544566,11.29883296928993,650.9212158013702,2.5881565345989985,43.131628649092306,0.0,0.0,-1412.4218400359334,0.0,1.4551915228366852e-11,0.0,0.0
intrinsic_limited,recirculating,1483.0654797912437,1483.0654797912437,19343.5867758684,90000.0,0.0,0.0,0.0,0.0,551.0877298769916,0.0,0.0,1560000.0000000035,234.0,0.419796922836561,0.10914719993750586,0.7946304004957502,0.2842186416621591,4.178521601983,0.431885900138723,0.8065254166534092,0.44159026614728986,2.989682039401572,2.989682039401572,1.2080888983723646,1.7815931410292076,0.0,0.0,0.0,0.0,2.598480002096488,0.10248203707214078,0.2887200002329431,4.652704849561675,656.413224131615,343.40503084317396,11.322713346068818,653.4235420922134,2.598480002096488,43.30366923493797,0.0,0.0,-1415.502675866725,0.0,1.4551915228366852e-11,0.0,0.0
intrinsic_limited,recirculating,1488.7171678695993,1488.7171678695993,19341.085306551064,90000.0,0.0,0.0,0.0,0.0,554.3475575709402,0.0,0.0,1566666.6666666702,235.0,0.4213966912193162,0.10956313971702222,0.7963317418476338,0.28406116322955377,4.185326967390536,0.4305062735826084,0.8060622447928053,0.4406627294722692,3.0010751643649676,3.0010751643649676,1.2078384817733079,1.7932366825916595,0.0,0.0,0.0,0.0,2.60875292942197,0.10246079834055644,0.289861436602441,4.653306604749625,658.9146934489522,342.4581752809666,11.346546157847119,655.9136182845873,2.60875292942197,43.474867568817125,0.0,0.0,-1418.5913052267945,0.0,1.4551915228366852e-11,0.0,0.0
intrinsic_limited,recirculating,1494.3411865333137,1494.3411865333137,19338.596083874163,90000.0,0.0,0.0,0.0,0.0,557.6143228452775,0.0,0.0,1573333.333333337,236.0,0.42298862748994875,0.10997704314738668,0.7980107625493696,0.2839043888850988,4.192043050197478,0.4291377761959755,0.8056011437797024,0.4397409145596749,3.012412511108776,3.012412511108776,1.2075893145474923,1.804823196561284,0.0,0.0,0.0,0.0,2.6189755609835106,0.10243966557154227,0.2909972845537233,4.653905568411355,661.403916125853,341.51595531414125,11.370331562180523,658.3915036147442,2.6189755609835106,43.6452277237902,0.0,0.0,-1421.6877103461586,0.0,1.4551915228366852e-11,0.0,0.0
intrinsic_limited,recirculating,1499.9376716692727,1499.9376716692727,19336.11904769339,90000.0,0.0,0.0,0.0,0.0,560.8880120461487,0.0,0.0,1580000.0000000037,237.0,0.42457277011263783,0.11038892022928584,0.7996678228812892,0.2837483135256988,4.198671291525157,0.4277802968877857,0.8051420986049965,0.43882476808416726,3.0236943535646534,3.0236943535646534,1.2073413903357164,1.8163529632289368,0.0,0.0,0.0,0.0,2.6291481438049935,0.10241863822577175,0.2921275715338881,4.654501752808359,663.8809523066268,340.57834817688837,11.394069714499325,660.8572579530621,2.6291481438049935,43.81475381651021,0.0,0.0,-1424.7918734543098,0.0,1.8189894035458565e-11,0.0,0.0
intrinsic_limited,recirculating,1505.5067604994915,1505.5067604994915,19333.654137273497,90000.0,0.0,0.0,0.0,0.0,564.1686115622222,0.0,0.0,1586666.6666666705,238.0,0.4261491579294849,0.11079878106166607,0.8013032768954185,0.2835929321086994,4.205213107581674,0.4264337254254404,0.8046850944373513,0.4379142374343469,3.034920968355715,3.034920968355715,1.2070947027234311,1.8278262656322835,0.0,0.0,0.0,0.0,2.6392709273368444,0.10239771575922112,0.2932523252596493,4.655095170368664,666.3458627265186,339.6453308797176,11.417760768167788,663.3109417581629,2.6392709273368444,43.98345000406851,0.0,0.0,-1427.903776782825,0.0,1.4551915228366852e-11,0.0,0.0
intrinsic_limited,recirculating,1511.0485914809958,1511.0485914809958,19331.201291332618,90000.0,0.0,0.0,0.0,0.0,567.4561078241575,0.0,0.0,1593333.3333333372,239.0,0.4277178301321736,0.11120663583436514,0.8029174725078663,0.28343823965075043,4.211669890031465,0.4250979524483108,0.8042301166198542,0.4370092706993537,3.0460926345947095,3.0460926345947095,1.20684924524518,1.8392433893495297,0.0,0.0,0.0,0.0,2.649344163274043,0.10237689762355066,0.2943715736971158,4.655685833676182,668.7987086673962,338.7168802262313,11.441404874542847,665.7526160328015,2.649344163274043,44.15132048096192,0.0,0.0,-1431.023402567867,0.0,1.4551915228366852e-11,0.0,0.0
intrinsic_limited,recirculating,1516.563304209589,1516.563304209589,19328.760448084857,90000.0,0.0,0.0,0.0,0.0,570.7504873040906,0.0,0.0,1600000.000000004,240.0,0.4292788262347307,0.11161249482102999,0.8045107515912345,0.2832842312266898,4.218043006364939,0.42377286947998655,0.8037771506667347,0.43610981665574305,3.057209633690026,3.057209633690026,1.2066050113888573,1.8506046223011687,0.0,0.0,0.0,0.0,2.6593681053812066,0.10235618326646323,0.29548534504235624,4.656273755460477,671.239551915157,337.7929728292465,11.465002183032507,668.182342281467,2.6593681053812066,44.31836947617781,0.0,0.0,-1434.1507330525842,0.0,1.4551915228366852e-11,0.0,0.0
intrinsic_limited,recirculating,1522.051039327377,1522.051039327377,19326.331545281217,90000.0,0.0,0.0,0.0,0.0,574.0517365151335,0.0,0.0,1606666.6666666707,241.0,0.43083218604734924,0.11201636837231081,0.8060834500669373,0.2831309019684498,4.224333800267749,0.4224583689393079,0.8033261822601465,0.43521582475465403,3.0682722491592727,3.0682722491592727,1.2063619945998048,1.861910254559468,0.0,0.0,0.0,0.0,2.669343009324499,0.10233557213205165,0.29659366770272205,4.656858948586893,673.6684547187976,336.8735851262879,11.488552841153398,670.6001824696384,2.669343009324499,44.48460125039277,0.0,0.0,-1437.285750489412,0.0,1.4551915228366852e-11,0.0,0.0
intrinsic_limited,recirculating,1527.5119384339243,1527.5119384339243,19323.914520248924,90000.0,0.0,0.0,0.0,0.0,577.3598420108889,0.0,0.0,1613333.3333333374,242.0,0.43237794965124093,0.11241826690932265,0.8076358979973302,0.2829782470639845,4.230543591989321,0.4211543441502394,0.8028771972470132,0.4343272451092524,3.079280766450179,3.079280766450179,1.2061201882847368,1.8731605781654423,0.0,0.0,0.0,0.0,2.6792691325101408,0.10231506366113423,0.29769657027890445,4.657441426047079,676.0854797510913,335.95869339447245,11.512056994587756,673.0061989846411,2.6792691325101408,44.65002009328149,0.0,0.0,-1440.4284371422787,0.0,1.4551915228366852e-11,0.0,0.0
intrinsic_limited,recirculating,1532.946144000923,1532.946144000923,19321.509309929195,90000.0,0.0,0.0,0.0,0.0,580.6747903849799,0.0,0.0,1620000.0000000042,243.0,0.43391615737448214,0.11281820091736536,0.809168419677556,0.2828262617562194,4.236673678710224,0.4198606893506444,0.8024301816359394,0.43344402848245495,3.09023547276858,3.09023547276858,1.2058795858155156,1.8843558869530648,0.0,0.0,0.0,0.0,2.6891467339293076,0.10229465729157196,0.29879408154770076,4.658021200949845,678.4906900708202,335.04827376480534,11.535514787239459,675.4004545980516,2.6891467339293076,44.81463032093191,0.0,0.0,-1443.5787752887195,0.0,1.4551915228366852e-11,0.0,0.0
intrinsic_limited,recirculating,1538.3537992902575,1538.3537992902575,19319.115850913506,90000.0,0.0,0.0,0.0,0.0,583.9965682705945,0.0,0.0,1626666.666666671,244.0,0.43544684976882136,0.11321618093989357,0.8106813337270199,0.2826749413420227,4.24272533490808,0.4185772997000149,0.8019851215941844,0.432566126274924,3.101136656913244,3.101136656913244,1.2056401805327701,1.8954964763804738,0.0,0.0,0.0,0.0,2.6989760740092015,0.10227435245857604,0.29988623044546675,4.658598286512389,680.8841490865099,334.1423022359067,11.558926361289265,677.7830124295966,2.6989760740092015,44.97843627336334,0.0,0.0,-1446.7367472219025,0.0,1.4551915228366852e-11,0.0,0.0
intrinsic_limited,recirculating,1543.73504827535,1543.73504827535,19316.7340794784,90000.0,0.0,0.0,0.0,0.0,587.3251623400434,0.0,0.0,1633333.3333333377,245.0,0.436970067587415,0.11361221757272791,0.8121749531804142,0.28252428117119877,4.248699812721657,0.4173040712862097,0.8015420034447023,0.4316934905133316,3.1119846091173122,3.1119846091173122,1.205401965749367,1.9065826433679454,0.0,0.0,0.0,0.0,2.708757414470077,0.1022541485950045,0.3009730460522307,4.659172696051849,683.2659205216165,333.24075468718917,11.582291857249094,680.1539359124993,2.708757414470077,45.14144231214383,0.0,0.0,-1449.902335252571,0.0,1.4551915228366852e-11,0.0,0.0
intrinsic_limited,recirculating,1549.0900355656752,1549.0900355656752,19314.363931618896,90000.0,0.0,0.0,0.0,0.0,590.6605593043341,0.0,0.0,1640000.0000000044,246.0,0.4384858517634609,0.11400632145849983,0.8136495855782203,0.282374276645503,4.254598342312882,0.4160409011312524,0.8011008136632443,0.43082607383888877,3.122779620896133,3.122779620896133,1.2051649347537399,1.9176146861423933,0.0,0.0,0.0,0.0,2.718491018188043,0.10223404513164126,0.3020545575764491,4.659744442977178,685.636068381117,332.3436068915046,11.605611414015286,682.5132887602208,2.718491018188043,45.30365281810373,0.0,0.0,-1453.0755217109017,0.0,1.4551915228366852e-11,0.0,0.0
intrinsic_limited,recirculating,1554.4189063343385,1554.4189063343385,19312.00534308056,90000.0,0.0,0.0,0.0,0.0,594.0027459127565,0.0,0.0,1646666.6666666712,247.0,0.4399942433896981,0.11439850328132152,0.8151055330566213,0.28222492321767906,4.260422132226485,0.41478768719623693,0.8006615388755267,0.4299638294961357,3.1335219849012663,3.1335219849012663,1.2049290808130844,1.9285929040881817,0.0,0.0,0.0,0.0,2.728177149063417,0.10221404149746985,0.3031307943403796,4.660313540781344,687.994656919454,331.4508345272766,11.62888516892079,684.8611349345528,2.728177149063417,45.465072189141836,0.0,0.0,-1456.256288948286,0.0,1.4551915228366852e-11,0.0,0.0
intrinsic_limited,recirculating,1559.7218062486104,1559.7218062486104,19309.658249390224,90000.0,0.0,0.0,0.0,0.0,597.3517089524835,0.0,0.0,1653333.333333338,248.0,0.4414952836987443,0.11478877376167353,0.8165430924367597,0.2820762163905167,4.266172369747039,0.41354432838538835,0.800224165854461,0.42910671132198597,3.1442119947804485,3.1442119947804485,1.2046943971764144,1.9395175976040342,0.0,0.0,0.0,0.0,2.737816071894466,0.1021941371199309,0.3042017857660517,4.6608800030338235,690.3417506097909,330.562413190139,11.65211325778632,687.1975386150104,2.737816071894466,45.62570483812127,0.0,0.0,-1459.4446193390336,0.0,1.4551915228366852e-11,0.0,0.0
intrinsic_limited,recirculating,1564.99888140332,1564.99888140332,19307.322585885482,90000.0,0.0,0.0,0.0,0.0,600.7074352481856,0.0,0.0,1660000.0000000047,249.0,0.442989014044242,0.11517714365150293,0.8179625553132911,0.2819281517159317,4.271850221253164,0.41231072454932177,0.7997886815174463,0.42825467373501935,3.1548499450433245,3.1548499450433245,1.204460877077495,1.9503890679658296,0.0,0.0,0.0,0.0,2.747408052256337,0.1021743314251721,0.30526756136181515,4.661443843373396,692.6774141145306,329.67831840409474,11.675295814970434,689.5225641694873,2.747408052256337,45.78555519085185,0.0,0.0,-1462.640495282005,0.0,1.4551915228366852e-11,0.0,4.440892098500626e-16
intrinsic_limited,recirculating,1570.2502782570048,1570.2502782570048,19304.998287742957,90000.0,0.0,0.0,0.0,0.0,604.0699116616562,0.0,0.0,1666666.6666666714,250.0,0.44447547588278524,0.11556362372952417,0.8193642081421753,0.28178072479406674,4.277456832568701,0.4110867764875443,0.7993550729237258,0.4274076717250266,3.1654361309327306,3.1654361309327306,1.204228513737651,1.9612076171950796,0.0,0.0,0.0,0.0,2.756953356385001,0.10215462383828501,0.30632815070944447,4.662005075501218,695.0017122570557,328.79852563221266,11.69843297341831,691.836276126123,2.756953356385001,45.94462768415604,0.0,0.0,-1465.8438992021715,0.0,1.4551915228366852e-11,0.0,0.0
intrinsic_limited,recirculating,1575.4761435707233,1575.4761435707233,19302.685290005367,90000.0,0.0,0.0,0.0,0.0,607.4391250914524,0.0,0.0,1673333.3333333381,251.0,0.44595471075659954,0.11594822479671589,0.8207483323276623,0.2816339312724128,4.282993329310649,0.40987238595023934,0.7989233272718025,0.426565660842789,3.175970848301349,3.175970848301349,1.2039973003684559,1.9719735479328935,0.0,0.0,0.0,0.0,2.766452251066033,0.10213501378353528,0.30738358345178135,4.662563713174177,697.3147099946461,327.9230102868789,11.72152486470952,694.1387391463447,2.766452251066033,46.102926764015436,0.0,0.0,-1469.0548135521083,0.0,1.4551915228366852e-11,0.0,-4.440892098500626e-16
intrinsic_limited,recirculating,1580.6766243494385,1580.6766243494385,19300.38352760748,90000.0,0.0,0.0,0.0,0.0,610.8150624725464,0.0,0.0,1680000.000000005,252.0,0.4474267602769502,0.11633095767200706,0.8221152043084315,0.2814877668449517,4.288460817233727,0.4086674556393724,0.7984934318969168,0.4257285971900965,3.1864543934935456,3.1864543934935456,1.2037672301743034,1.9826871633192424,0.0,0.0,0.0,0.0,2.7759050035280715,0.10211550068457752,0.30843388928089677,4.663119770198505,699.6164723925352,327.05174773961676,11.74457161910455,696.4300179990416,2.7759050035280715,46.26045688379531,0.0,0.0,-1472.2732208134225,0.0,1.4551915228366852e-11,0.0,0.0
intrinsic_limited,recirculating,1585.8518677858813,1585.8518677858813,19298.09293540095,90000.0,0.0,0.0,0.0,0.0,614.1977107759897,0.0,0.0,1686666.6666666716,253.0,0.44889166610825215,0.11671183318814557,0.8234650956428433,0.28134222725131836,4.293860382571373,0.40747188920915695,0.7980653742685835,0.4248964374099957,3.196887063232202,3.196887063232202,1.2035382963548709,1.9933487668773313,0.0,0.0,0.0,0.0,2.7853118813407804,0.10209608396466807,0.3094790979267533,4.663673260423653,701.9070645990638,326.18471333049234,11.767573365590131,698.7101775358316,2.7853118813407804,46.41722250254411,0.0,0.0,-1475.499103498117,0.0,1.4551915228366852e-11,0.0,0.0
intrinsic_limited,recirculating,1591.0020212068066,1591.0020212068066,19295.81344817812,90000.0,0.0,0.0,0.0,0.0,617.5870570085892,0.0,0.0,1693333.3333333384,254.0,0.45034946995285713,0.11709086218774285,0.8247982730932711,0.2811973082759834,4.299193092373084,0.40628559126591457,0.7976391419881864,0.42406913867726437,3.207269154510377,3.207269154510377,1.2033104921074764,2.0039586624029004,0.0,0.0,0.0,0.0,2.794673152317164,0.10207676304686157,0.3105192391463515,4.6642241977364085,704.1865518218923,325.32188237711756,11.790530231923395,700.9792826673819,2.794673152317164,46.573228083365535,0.0,0.0,-1478.732444149895,0.0,1.0913936421275139e-11,0.0,0.0
intrinsic_limited,recirculating,1596.1272320215612,1596.1272320215612,19293.545000694776,90000.0,0.0,0.0,0.0,0.0,620.9830882125948,0.0,0.0,1700000.0000000051,255.0,0.45180021353649547,0.11746805551948883,0.8261149987094843,0.28105300574745523,4.304459994837938,0.40510846736736394,0.7972147227866331,0.42324665868910605,3.2176009644876244,3.2176009644876244,1.2030838106293298,2.0145171538582947,0.0,0.0,0.0,0.0,2.803989084420079,0.10205753735420396,0.31155434271334204,4.664772596055262,706.4549993052366,324.4632301832677,11.813442344674781,703.237398340749,2.803989084420079,46.728478091860616,0.0,0.0,-1481.9732253454054,0.0,1.0913936421275139e-11,0.0,-4.440892098500626e-16
intrinsic_limited,recirculating,1601.2276476728755,1601.2276476728755,19291.287527691922,90000.0,0.0,0.0,0.0,0.0,624.3857914653977,0.0,0.0,1706666.6666666719,256.0,0.453243938594347,0.11784342403453021,0.8274155299110514,0.28090931553750154,4.309662119644205,0.40394042402137287,0.7967921045220634,0.4224289556560608,3.227882790390796,3.227882790390796,1.2028582451196843,2.0250245452711115,0.0,0.0,0.0,0.0,2.813259945672794,0.10203840630991397,0.31258443840808814,4.665318469324992,708.7124723080886,323.60873204712476,11.836309829269778,705.4845895176978,2.813259945672794,46.882976994637104,0.0,0.0,-1485.2214296954319,0.0,1.0913936421275139e-11,0.0,0.0
intrinsic_limited,recirculating,1606.3034155898067,1606.3034155898067,19289.04096391662,90000.0,0.0,0.0,0.0,0.0,627.7951538792405,0.0,0.0,1713333.3333333386,257.0,0.4546806868577212,0.1182169785830075,0.8287001195687436,0.28076623356038943,4.314800478274974,0.40278136868420183,0.7963712751776161,0.4216159882931257,3.2381149294191793,3.2381149294191793,1.202633788781894,2.0354811406372852,0.0,0.0,0.0,0.0,2.8224860040734585,0.10201936933755869,0.313609556008162,4.6658618315114815,710.9590360833885,322.7583632691617,11.859132810029452,707.7209211539692,2.8224860040734585,47.03672925788418,0.0,0.0,-1488.4770398460278,0.0,1.0913936421275139e-11,0.0,0.0
intrinsic_limited,recirculating,1611.354683142752,1611.354683142752,19286.8052441419,90000.0,0.0,0.0,0.0,0.0,631.211162600937,0.0,0.0,1720000.0000000054,258.0,0.4561105000413232,0.11858873001074403,0.8299690160849157,0.28062375577214443,4.319876064339663,0.4016312097582712,0.7959522228592484,0.4208077158110811,3.248297678653811,3.248297678653811,1.2024104348253792,2.0458872438284312,0.0,0.0,0.0,0.0,2.8316675275133334,0.10200042586121812,0.3146297252792592,4.666402696596745,713.1947558581128,321.912099159679,11.881911410209781,709.946458179459,2.8316675275133334,47.1897393460097,0.0,0.0,-1491.7400384795988,0.0,1.0913936421275139e-11,0.0,0.0
intrinsic_limited,recirculating,1616.3815976004612,1616.3815976004612,19284.580303185765,90000.0,0.0,0.0,0.0,0.0,634.6338048116027,0.0,0.0,1726666.666666672,259.0,0.4575334198310859,0.11895868915608235,0.8312224634728472,0.28048187816982734,4.3248898538913885,0.4004898565894789,0.7955349357936099,0.4200040979080183,3.2584313349708176,3.2584313349708176,1.2021881764674989,2.0562431585033187,0.0,0.0,0.0,0.0,2.840804783698654,0.10198157530564649,0.315644975966517,4.666941078574172,715.4196968142486,321.0699150460067,11.904645752039805,712.1612654792777,2.840804783698654,47.342011720338064,0.0,0.0,-1495.0104083159358,0.0,1.4551915228366852e-11,0.0,0.0
intrinsic_limited,recirculating,1621.3843060889737,1621.3843060889737,19282.366075929393,90000.0,0.0,0.0,0.0,0.0,638.0630677263949,0.0,0.0,1733333.3333333388,260.0,0.4589494878725466,0.11932686684686211,0.8324607014350276,0.28034059679082934,4.32984280574011,0.3993572194640966,0.7951194023259687,0.4192050947610637,3.2685161949586403,3.2685161949586403,1.2019670069353403,2.0665491880233,0.0,0.0,0.0,0.0,2.849898040075996,0.10196281709642262,0.3166553377862217,4.66747699144396,717.6339240706185,320.2317862793837,11.927335956758524,714.3654078756598,2.849898040075996,47.49355083786647,0.0,0.0,-1498.2881321132,0.0,1.0913936421275139e-11,0.0,4.440892098500626e-16
intrinsic_limited,recirculating,1626.362955552414,1626.362955552414,19280.162497334484,90000.0,0.0,0.0,0.0,0.0,641.4989385942636,0.0,0.0,1740000.0000000056,261.0,0.46035874575974944,0.11969327389753485,0.8336839654403734,0.28019990771218395,4.3347358617614935,0.3982332096052704,0.7947056109181881,0.41841066701829016,3.278552554839,3.278552554839,1.2017469194674266,2.0768056353715734,0.0,0.0,0.0,0.0,2.858947563761015,0.10194415066009477,0.31766084041789044,4.668010449208748,719.8375026655285,319.3976882415263,11.949982144650804,716.5589501106895,2.858947563761015,47.64436115007731,0.0,0.0,-1501.5731926688577,0.0,1.4551915228366852e-11,0.0,0.0
intrinsic_limited,recirculating,1631.317692715574,1631.317692715574,19277.969502459804,90000.0,0.0,0.0,0.0,0.0,644.9414046977092,0.0,0.0,1746666.6666666723,262.0,0.46176123502465455,0.12005792110641018,0.8348924868003655,0.28005980704989625,4.339569947201462,0.39711773916915,0.7942935501467537,0.4176207757908185,3.288540710391471,3.288540710391471,1.201527907315341,2.08701280307613,0.0,0.0,0.0,0.0,2.867953621470436,0.10192557542431994,0.318661513496715,4.6685414658694375,722.0304975402069,318.5675963508963,11.972584435081943,718.7419568298154,2.867953621470436,47.79444710180481,0.0,0.0,-1504.8655728205758,0.0,1.0913936421275139e-11,0.0,0.0
intrinsic_limited,recirculating,1636.2486640482227,1636.2486640482227,19275.787026477003,90000.0,0.0,0.0,0.0,0.0,648.3904533525523,0.0,0.0,1753333.333333339,263.0,0.46315699712703495,0.1204208192530291,0.8360864927441002,0.279920290958289,4.3443459709764,0.39601072124067027,0.79388320870085,0.4168353826450998,3.298480956881531,3.298480956881531,1.2013099637452784,2.0971709931362525,0.0,0.0,0.0,0.0,2.8769164794571846,0.10190709081799228,0.3196573866063538,4.669070055421188,724.2129735230071,317.74148606868096,11.995142946531194,720.9144925661255,2.8769164794571846,47.94381313015398,0.0,0.0,-1508.1652554470697,0.0,1.0913936421275139e-11,0.0,0.0
intrinsic_limited,recirculating,1641.1560157310764,1641.1560157310764,19273.615004685664,90000.0,0.0,0.0,0.0,0.0,651.8460719077096,0.0,0.0,1760000.0000000058,264.0,0.46454607344484444,0.12078197909565956,0.8372662064922443,0.2797813556293646,4.349064825968977,0.39491206982900756,0.7934745753804843,0.41605444959537363,3.308373588991962,3.308373588991962,1.201093082039518,2.1072805069524443,0.0,0.0,0.0,0.0,2.885836403448532,0.1018886962713709,0.3206484892720591,4.669596231849596,726.3849953143464,316.91933290449407,12.017657796624123,723.0766217253545,2.885836403448532,48.092463663469786,0.0,0.0,-1511.4722234689111,0.0,1.0913936421275139e-11,0.0,-4.440892098500626e-16
intrinsic_limited,recirculating,1646.0398936233682,1646.0398936233682,19271.45337252766,90000.0,0.0,0.0,0.0,0.0,655.30824774498,0.0,0.0,1766666.6666666726,265.0,0.4659285052650377,0.12114141136890981,0.838431847329892,0.2796429972921829,4.353727389319568,0.3938216998627331,0.7930676390946556,0.41527793909629634,3.318218900757475,3.318218900757475,1.2008772554978286,2.1173416452596467,0.0,0.0,0.0,0.0,2.894713658587149,0.10187039121619862,0.3216348509541276,4.67012000912703,728.5466274723518,316.101112421809,12.040129102163984,725.2284085715943,2.894713658587149,48.240403120354834,0.0,0.0,-1514.7864598492965,0.0,1.0913936421275139e-11,0.0,0.0
intrinsic_limited,recirculating,1650.9004432319623,1650.9004432319623,19269.302065600823,90000.0,0.0,0.0,0.0,0.0,658.7769682788377,0.0,0.0,1773333.3333333393,266.0,0.4673043337748278,0.12149912678145522,0.8395836306783194,0.27950521221225455,4.358334522713278,0.3927395271846821,0.7926623888595723,0.4145058140357421,3.328017185502448,3.328017185502448,1.200662477438807,2.1273547080636406,0.0,0.0,0.0,0.0,2.9035485093749704,0.10185217508581425,0.3226165010416633,4.6706414012091395,730.6979343991895,315.28680024313314,12.062556979161839,727.3699172136871,2.9035485093749704,48.38763590873388,0.0,0.0,-1518.1079475947752,0.0,1.0913936421275139e-11,0.0,0.0
intrinsic_limited,recirculating,1655.7378096819511,1655.7378096819511,19267.16101967196,90000.0,0.0,0.0,0.0,0.0,662.2522209562334,0.0,0.0,1780000.000000006,267.0,0.4686736000533632,0.12185513601387445,0.8407217681656356,0.2793679966909498,4.362887072662542,0.39166546854655976,0.7922588137969112,0.41373803772776463,3.3377687357816512,3.3377687357816512,1.200448741201141,2.13731999458051,0.0,0.0,0.0,0.0,2.912341219619752,0.10183404731526034,0.32359346884663903,4.671160422031514,732.8389803280519,314.4763720549343,12.084941542865701,729.5012115922702,2.912341219619752,48.53416642496316,0.0,0.0,-1521.4366697559417,0.0,1.0913936421275139e-11,0.0,0.0
intrinsic_limited,recirculating,1660.5521376886854,1660.5521376886854,19265.030170689235,90000.0,0.0,0.0,0.0,0.0,665.7339932564037,0.0,0.0,1786666.6666666728,268.0,0.47003634506381103,0.12220944971659087,0.84184646769633,0.27923134706492125,4.36738587078532,0.3905994416033015,0.7918569031321214,0.4129745739057168,3.347473843323867,3.347473843323867,1.2002360401448224,2.1472378031790442,0.0,0.0,0.0,0.0,2.9210920523842328,0.1018160073413863,0.324565783598248,4.671677085506485,734.9698293107767,313.66980361232606,12.107282907788685,731.6223554674528,2.9210920523842328,48.679999052983234,0.0,0.0,-1524.7726094280918,0.0,1.0913936421275139e-11,0.0,0.0
intrinsic_limited,recirculating,1665.3435715311787,1665.3435715311787,19262.909454793935,90000.0,0.0,0.0,0.0,0.0,669.2222726906866,0.0,0.0,1793333.3333333395,269.0,0.4713926096458285,0.12256207850791542,0.8429579335197167,0.2790952597055414,4.371831734078867,0.38954136490720565,0.7914566461927688,0.41221538671552777,3.357132798978272,3.357132798978272,1.2000243676522844,2.157108431325988,0.0,0.0,0.0,0.0,2.9298012699377947,0.10179805460294505,0.3255334744375326,4.672191405520095,737.090545206077,312.8670707435239,12.129581187736035,733.7334124070987,2.9298012699377947,48.825138163513344,0.0,0.0,-1528.1157497518448,0.0,1.0913936421275139e-11,0.0,0.0
intrinsic_limited,recirculating,1670.1122550268399,1670.1122550268399,19260.798808331656,90000.0,0.0,0.0,0.0,0.0,672.7170468023455,0.0,0.0,1800000.0000000063,270.0,0.472742434508411,0.12291303297218686,0.8440563662972803,0.27895973101835403,4.376225465189121,0.38849115790185534,0.7910580324069236,0.411460440709129,3.3667458926635057,3.3667458926635057,1.199813717129493,2.1669321755340127,0.0,0.0,0.0,0.0,2.9384691337105386,0.10178018854068525,0.326496570412282,4.672703395929179,739.2011916683565,312.06814935407834,12.15183649583124,735.834445775693,2.9384691337105386,48.96958811328612,0.0,0.0,-1531.4660739137307,0.0,1.0913936421275139e-11,0.0,0.0
intrinsic_limited,recirculating,1674.8583315074818,1674.8583315074818,19258.69816786292,90000.0,0.0,0.0,0.0,0.0,676.2183031663981,0.0,0.0,1806666.666666673,271.0,0.4740858602231009,0.12326232365800624,0.8451419631689248,0.27882475744253915,4.380567852675699,0.38744874091584525,0.7906610513015858,0.410709700838029,3.376313413319302,3.376313413319302,1.1996040820069733,2.1767093313123285,0.0,0.0,0.0,0.0,2.9470959042496783,0.1017624085974374,0.3274551004721864,4.673213070558602,741.3018321370914,311.27301543089396,12.174048944541106,737.9255187237721,2.9470959042496783,49.113353244320884,0.0,0.0,-1534.8235651467485,0.0,1.0913936421275139e-11,0.0,0.0
intrinsic_limited,recirculating,1679.5819437965577,1679.5819437965577,19256.607470173254,90000.0,0.0,0.0,0.0,0.0,679.7260293894533,0.0,0.0,1813333.3333333398,272.0,0.47542292721754414,0.12360996107656148,0.8462149178181307,0.2786903354503909,4.3848596712725225,0.3864140351563286,0.7902656925011498,0.409963132447028,3.3858356488606045,3.3858356488606045,1.1993954557407847,2.18644019311982,0.0,0.0,0.0,0.0,2.9556818411781656,0.1017447142181982,0.3284090934642405,4.67372044319862,743.3925298267554,310.4816450460437,12.196218645699949,740.0066941778948,2.9556818411781656,49.25643788323413,0.0,0.0,-1538.1882067308904,0.0,1.0913936421275139e-11,0.0,0.0
intrinsic_limited,recirculating,1684.283234187581,1684.283234187581,19254.526652282744,90000.0,0.0,0.0,0.0,0.0,683.2402131095536,0.0,0.0,1820000.0000000065,273.0,0.4767536757693819,0.1239559557000393,0.8472754205360289,0.27855646154680874,4.389101682144116,0.38538696270239914,0.7898719457259081,0.40922070126807514,3.3953128861340605,3.3953128861340605,1.1991878318134424,2.196125054320618,0.0,0.0,0.0,0.0,2.964227203155467,0.10172710485020846,0.32935857812838515,4.674225527602359,745.4733477172676,309.6940143603836,12.218345710532775,742.0780348311336,2.964227203155467,49.398846340585855,0.0,0.0,-1541.5599819936392,0.0,1.0913936421275139e-11,0.0,0.0
intrinsic_limited,recirculating,1688.962344423682,1688.962344423682,19252.455651455064,90000.0,0.0,0.0,0.0,0.0,686.7608419960237,0.0,0.0,1826666.6666666733,274.0,0.47807814600046344,0.1243003179601205,0.8483236582843923,0.2784231322688008,4.393294633137569,0.38436744649832133,0.7894798007905905,0.4084823734142585,3.404745410876812,3.404745410876812,1.198981203734787,2.2057642071420247,0.0,0.0,0.0,0.0,2.972732247840408,0.1017095799430251,0.3303035830933786,4.6747283374834305,747.5443485449442,308.91009962697836,12.240430249677622,744.1396031340674,2.972732247840408,49.5405829102604,0.0,0.0,-1544.9388743104346,0.0,7.275957614183426e-12,0.0,0.0
intrinsic_limited,recirculating,1693.6194156782603,1693.6194156782603,19250.394405206072,90000.0,0.0,0.0,0.0,0.0,690.287903749325,0.0,0.0,1833333.33333334,275.0,0.4793963778713703,0.12464305824655628,0.8493598147575596,0.2782903441849991,4.3974392590302385,0.3833554103466216,0.7890892476029385,0.40774811537392686,3.4141335076774912,3.4141335076774912,1.1987755650428136,2.215357942634678,0.0,0.0,0.0,0.0,2.981197231856007,0.10169213894859445,0.3312441368728896,4.675228886513641,749.6055947939358,308.12987719434255,12.262472373207004,746.1914612862582,2.981197231856007,49.68165186888036,0.0,0.0,-1548.324867105116,0.0,7.275957614183426e-12,0.0,0.0
intrinsic_limited,recirculating,1698.2545885366885,1698.2545885366885,19248.34285131188,90000.0,0.0,0.0,0.0,0.0,693.8213861009145,0.0,0.0,1840000.0000000068,276.0,0.48070841117623664,0.12498418690582153,0.8503840704432933,0.2781580938951874,4.401536281773174,0.3823507789010543,0.788700276162316,0.407017894004941,3.423477459939339,3.423477459939339,1.1985709093044397,2.2249065506348997,0.0,0.0,0.0,0.0,2.989622410756223,0.10167478132131369,0.3321802678618025,4.675727188320837,751.6571486881282,307.35332350950586,12.28447219064846,748.2336712281889,2.989622410756223,49.82205747525246,0.0,0.0,-1551.7179438503335,0.0,1.0913936421275139e-11,0.0,-4.440892098500626e-16
intrinsic_limited,recirculating,1702.868002979029,1702.868002979029,19246.30092781652,90000.0,0.0,0.0,0.0,0.0,697.3612768131111,0.0,0.0,1846666.6666666735,277.0,0.48201428553785747,0.12532371423984295,0.851396602682585,0.2780263780298397,4.40558641073034,0.38135347765945304,0.7883128765583521,0.40629167652904763,3.4327775498453645,3.4327775498453645,1.1983672301162442,2.23441031972912,0.0,0.0,0.0,0.0,2.9980080389945405,0.10165750651809773,0.33311200433272664,4.676223256486848,753.6990721834942,306.58041512090836,12.30642981100433,750.2662946336488,2.9980080389945405,49.96180396984401,0.0,0.0,-1555.1180880679385,0.0,1.4551915228366852e-11,0.0,0.0
intrinsic_limited,recirculating,1707.4597983637263,1707.4597983637263,19244.26857303914,90000.0,0.0,0.0,0.0,0.0,700.9075636789646,0.0,0.0,1853333.3333333402,278.0,0.48331404040307246,0.12566165050479886,0.8523975857284146,0.27789519324967027,4.409590342913658,0.38036343295647823,0.7879270389696185,0.40556943052637795,3.4420340583254685,3.4420340583254685,1.198164521105152,2.2438695372203163,0.0,0.0,0.0,0.0,3.006354369894332,0.10164031399843287,0.3340393744327035,4.6767171045455225,755.7314269608748,305.8111286811331,12.32834534277061,752.2893929025494,3.006354369894332,50.10089557428904,0.0,0.0,-1558.5252833293468,0.0,1.4551915228366852e-11,0.0,0.0
intrinsic_limited,recirculating,1712.0301134122349,1712.0301134122349,19242.245725580837,90000.0,0.0,0.0,0.0,0.0,704.4602345221311,0.0,0.0,1860000.000000007,279.0,0.48460771503841465,0.1259980059099878,0.8533871908034768,0.27776453624519437,4.413548763213907,0.3793805719562727,0.7875427536623364,0.40485112393005906,3.4512472650254558,3.4512472650254558,1.1979627759290807,2.2532844890963752,0.0,0.0,0.0,0.0,3.014661655620918,0.10162320322443599,0.3349624061801019,4.677208745980885,757.7542744191752,305.0454409494812,12.350218893955166,754.3030271541497,3.014661655620918,50.23933649092259,0.0,0.0,-1561.9395132558798,0.0,1.0913936421275139e-11,0.0,0.0
intrinsic_limited,recirculating,1716.5790861945447,1716.5790861945447,19240.232324331053,90000.0,0.0,0.0,0.0,0.0,708.0192771967528,0.0,0.0,1866666.6666666737,280.0,0.48589534852601346,0.1263327906167635,0.8543655861568819,0.27763440373629933,4.417462344627527,0.37840482264503483,0.7871600109891157,0.4041367250209428,3.4604174482778585,3.4604174482778585,1.197761988277551,2.2626554600003077,0.0,0.0,0.0,0.0,3.0229301471552605,0.10160617366090254,0.3358811274616955,4.677698194225372,759.767675668959,304.2833287943969,12.372050572095112,756.3072582206811,3.0229301471552605,50.377130902342415,0.0,0.0,-1565.3607615190817,0.0,1.0913936421275139e-11,0.0,0.0
intrinsic_limited,recirculating,1721.1068541155769,1721.1068541155769,19238.228308473583,90000.0,0.0,0.0,0.0,0.0,711.584679587341,0.0,0.0,1873333.3333333405,281.0,0.48717697975974356,0.12666601473753333,0.8553329371198434,0.2775047924718265,4.421331748479373,0.3774361138235184,0.7867788013877252,0.4034262024224495,3.4695448850745088,3.4695448850745088,1.1975621518722521,2.2719827332022566,0.0,0.0,0.0,0.0,3.0311600942692367,0.1015892247753566,0.3367955660299151,4.6781854626581705,761.7716915264266,303.5247691957468,12.393840484273326,758.3021466413521,3.0311600942692367,50.514282970996824,0.0,0.0,-1568.7890118410155,0.0,1.0913936421275139e-11,0.0,0.0
intrinsic_limited,recirculating,1725.6135539024078,1725.6135539024078,19236.23361749225,90000.0,0.0,0.0,0.0,0.0,715.1564296086656,0.0,0.0,1880000.0000000072,282.0,0.4884526474416089,0.1269976883348183,0.8562894061603663,0.2773756992291621,4.425157624641465,0.3764743750994681,0.7863991153798886,0.4027195250955127,3.4786298510407856,3.4786298510407856,1.1973632604675777,2.281266590573208,0.0,0.0,0.0,0.0,3.0393517455024206,0.10157235603809626,0.3377057495002688,4.678670564603641,763.7663825077603,302.76973924696006,12.415588737134495,760.2877526567196,3.0393517455024206,50.65079683879784,0.0,0.0,-1572.224247994539,0.0,1.0913936421275139e-11,0.0,0.0
intrinsic_limited,recirculating,1730.0993215922924,1730.0993215922924,19234.24819117619,90000.0,0.0,0.0,0.0,0.0,718.734515205646,0.0,0.0,1886666.666666674,283.0,0.4897223900783523,0.1273278214203716,0.857235152936943,0.2772471208138384,4.428940611747771,0.37551953688000106,0.786020943570113,0.40201666233363664,3.48767262041147,3.48767262041147,1.1971653078511197,2.2905073125603503,0.0,0.0,0.0,0.0,3.0475053481403114,0.10155556692223527,0.33861170534892343,4.6791535133298305,765.7518088238236,302.0182161570352,12.43729543690023,762.2641362034121,3.0475053481403114,50.786676626758286,0.0,0.0,-1575.6664538035589,0.0,1.4551915228366852e-11,0.0,0.0
intrinsic_limited,recirculating,1734.5642925214574,1734.5642925214574,19232.27196962481,90000.0,0.0,0.0,0.0,0.0,722.3189243532479,0.0,0.0,1893333.3333333407,284.0,0.4909862459782833,0.12765642395435364,0.8581703343512721,0.27711905405914405,4.432681337405088,0.37457153036393953,0.7856442766445414,0.4013175837580522,3.4966734660081555,3.4966734660081555,1.196968287844133,2.2997051781640225,0.0,0.0,0.0,0.0,3.0556211481939726,0.10153885690374158,0.33951346091044127,4.679634322047066,767.7280303752009,301.27017725241757,12.458960689383643,764.2313569091928,3.0556211481939726,50.92192643465255,0.0,0.0,-1579.1156131432667,0.0,1.0913936421275139e-11,0.0,4.440892098500626e-16
intrinsic_limited,recirculating,1739.0086013146295,1739.0086013146295,19230.30489325245,90000.0,0.0,0.0,0.0,0.0,725.9096450563832,0.0,0.0,1900000.0000000075,285.0,0.49224425324831406,0.12798350584456167,0.8590951046000143,0.27699149582574345,4.4363804184000575,0.3736302875341049,0.7852691053698337,0.40062225931297535,3.505632659218135,3.505632659218135,1.196772194301967,2.308860464916168,0.0,0.0,0.0,0.0,3.0636993903809944,0.10152222546147494,0.3404110433756659,4.680113003906625,769.6951067475625,300.5255999787535,12.480584600003178,766.1894740883444,3.0636993903809944,51.05655034069927,0.0,0.0,-1582.5717099403553,0.0,1.4551915228366852e-11,0.0,0.0
intrinsic_limited,recirculating,1743.4323818752744,1743.4323818752744,19228.34690279267,90000.0,0.0,0.0,0.0,0.0,729.5066653498126,0.0,0.0,1906666.6666666742,286.0,0.49349644979119656,0.12830907694571111,0.8600096152255917,0.27686444300130475,4.440038460902366,0.37269574114957893,0.7848954205920728,0.39993065926096,3.514550469974728,3.514550469974728,1.196577021114463,2.317973448860265,0.0,0.0,0.0,0.0,3.0717403181077563,0.10150567207722075,0.3413044797897506,4.680589571999487,771.6530972073448,299.78446190252583,12.502167273795918,768.13854673737,3.0717403181077563,51.190552401265755,0.0,0.0,-1586.0347281732181,0.0,1.4551915228366852e-11,0.0,0.0
intrinsic_limited,recirculating,1747.8357673765136,1747.8357673765136,19226.397939302282,90000.0,0.0,0.0,0.0,0.0,733.1099732980525,0.0,0.0,1913333.333333341,287.0,0.4947428733029511,0.12863314705876727,0.8609140151660506,0.2767378925001369,4.443656060664202,0.3717678247379403,0.7845232132356968,0.39924275417835053,3.523427166738966,3.523427166738966,1.196382762206326,2.3270444045326397,0.0,0.0,0.0,0.0,3.079744173452921,0.10148919623572045,0.3421937970503245,4.681064039355157,773.6020606977294,299.04674071257574,12.523708815430098,770.0786335309904,3.079744173452921,51.32393665059293,0.0,0.0,-1589.504651872131,0.0,1.0913936421275139e-11,0.0,0.0
intrinsic_limited,recirculating,1752.2188902526973,1752.2188902526973,19224.457944165097,90000.0,0.0,0.0,0.0,0.0,736.7195569952845,0.0,0.0,1920000.0000000077,288.0,0.4959835612704813,0.12895572593032514,0.8618084508039967,0.276611841262834,4.447233803215987,0.3708464725874805,0.7841524743024529,0.39855851495081807,3.532263016482607,3.532263016482607,1.1961894115374656,2.336073604945142,0.0,0.0,0.0,0.0,3.0877111971521147,0.10147279742470205,0.3430790219057904,4.681536418940556,775.5420558349136,298.3124142215143,12.545209329217311,772.009792818431,3.0877111971521147,51.45670710053999,0.0,0.0,-1592.9814651194158,0.0,1.0913936421275139e-11,0.0,0.0
intrinsic_limited,recirculating,1756.5818821916012,1756.5818821916012,19222.526859095353,90000.0,0.0,0.0,0.0,0.0,740.3354045652684,0.0,0.0,1926666.6666666744,289.0,0.4972185509693653,0.129276823252035,0.8626930660146149,0.27648628625592875,4.450772264058459,0.36993161973940886,0.7837831948703787,0.3978779127689963,3.541058284672405,3.541058284672405,1.1959969631033063,2.3450613215690983,0.0,0.0,0.0,0.0,3.09564162858375,0.10145647513490502,0.3439601809537499,4.682006723658992,777.4731409046566,297.58146036703005,12.566668919123808,773.9320826199842,3.09564162858375,51.58886774034819,0.0,0.0,-1596.4651520495916,0.0,1.0913936421275139e-11,0.0,0.0
intrinsic_limited,recirculating,1760.924874127227,1760.924874127227,19220.604626140917,90000.0,0.0,0.0,0.0,0.0,743.9575041612572,0.0,0.0,1933333.3333333412,290.0,0.4984478794618175,0.12959644866007256,0.8635680022127916,0.27636122447155315,4.4542720088511665,0.3690232019800491,0.7834153660928034,0.397200919124197,3.549813235255594,3.549813235255594,1.1958054109350786,2.3540078243205156,0.0,0.0,0.0,0.0,3.10353570575594,0.10144022886010547,0.3448373006395488,4.682474966349176,779.3953738590931,296.853857213095,12.588087688781497,775.8455606238375,3.10353570575594,51.72042253642274,0.0,0.0,-1599.9556968495058,0.0,1.0913936421275139e-11,0.0,0.0
intrinsic_limited,recirculating,1765.247996233179,1765.247996233179,19218.69118768621,90000.0,0.0,0.0,0.0,0.0,747.5858439659164,0.0,0.0,1940000.000000008,291.0,0.4996715835948143,0.1299146117346517,0.8644333983993482,0.27623665292710664,4.457733593597393,0.36812115583303484,0.7830489791973725,0.3965275058042144,3.5585281306465406,3.5585281306465406,1.1956147491000784,2.3629133815464627,0.0,0.0,0.0,0.0,3.1113936652944623,0.10142405809713852,0.3457104072549401,4.682941159784322,781.3088123138011,296.1295829510743,12.609465741498274,777.7502841831546,3.1113936652944623,51.85137543213221,0.0,0.0,-1603.4530837584557,0.0,1.0913936421275139e-11,0.0,0.0
intrinsic_limited,recirculating,1769.5513779165963,1769.5513779165963,19216.786486454894,90000.0,0.0,0.0,0.0,0.0,751.2204121912434,0.0,0.0,1946666.6666666747,292.0,0.500889699998376,0.13023132199957776,0.8652893912064014,0.27611256866493195,4.461157564825605,0.36722541855150803,0.782684025485094,0.39585764488921005,3.5672032317145077,3.5672032317145077,1.1954249717019034,2.3717782600126043,0.0,0.0,0.0,0.0,3.119215742431731,0.10140796234591815,0.3465795269368589,4.683405316671298,783.2135135451173,295.408615900743,12.630803180267911,779.6463103134028,3.119215742431731,51.98173034762479,0.0,0.0,-1606.95729706829,0.0,1.0913936421275139e-11,0.0,0.0
intrinsic_limited,recirculating,1773.8351478126142,1773.8351478126142,19214.890465512326,90000.0,0.0,0.0,0.0,0.0,754.8611970784922,0.0,0.0,1953333.3333333414,293.0,0.5021022650839994,0.13054658892183985,0.8661361149418636,0.2759889687519976,4.464544459767454,0.3663359281103264,0.7823204963294047,0.39519130874767916,3.5758387977724926,3.5758387977724926,1.1952360728806688,2.3806027248918236,0.0,0.0,0.0,0.0,3.127002170996734,0.10139194110945453,0.3474446856663037,4.683867449649827,785.1095344876848,294.69093451121364,12.652100107779416,781.5336956899123,3.127002170996734,52.111491179660575,0.0,0.0,-1610.4683211235028,0.0,1.0913936421275139e-11,0.0,4.440892098500626e-16
intrinsic_limited,recirculating,1778.0994337793359,1778.0994337793359,19213.003068267783,90000.0,0.0,0.0,0.0,0.0,758.5081868980978,0.0,0.0,1960000.0000000081,294.0,0.5033093150432344,0.13086042191124095,0.8669737016330972,0.27586585027958777,4.467894806532389,0.3654526231982834,0.7819583831752582,0.39452847003249564,3.5844350865670873,3.5844350865670873,1.1950480468131994,2.389387039753888,0.0,0.0,0.0,0.0,3.134753183405893,0.1013759938938728,0.34830590926732136,4.684327571291762,786.9969317322278,293.9765173617789,12.673356626425898,783.4124966456608,3.134753183405893,52.240661801459204,0.0,0.0,-1613.98614032131,0.0,1.0913936421275139e-11,0.0,0.0
intrinsic_limited,recirculating,1782.3443628932935,1782.3443628932935,19211.124238476466,90000.0,0.0,0.0,0.0,0.0,762.1613699496048,0.0,0.0,1966666.666666675,295.0,0.5045108858463991,0.13117283032006377,0.8678022810697351,0.27574321036299854,4.471209124278941,0.3645754432103454,0.7815976775382311,0.393869101677032,3.5929923542693323,3.5929923542693323,1.194860887713199,2.398131466556133,0.0,0.0,0.0,0.0,3.1424690106548177,0.10136012020842369,0.3491632234060908,4.6847856941004,788.8757615235431,293.265343162672,12.694572838313022,785.2827691692738,3.1424690106548177,52.36924606256253,0.0,0.0,-1617.5107391117135,0.0,1.0913936421275139e-11,0.0,0.0
intrinsic_limited,recirculating,1786.5700614453758,1786.5700614453758,19209.253920241314,90000.0,0.0,0.0,0.0,0.0,765.8207345615966,0.0,0.0,1973333.3333333416,296.0,0.5057070132414275,0.13148382344277115,0.8686219808456825,0.2756210461412408,4.47448792338273,0.36370432823990945,0.7812383710036493,0.393213176891355,3.601510855466504,3.601510855466504,1.1946745898314004,2.4068362656351034,0.0,0.0,0.0,0.0,3.1501498823109033,0.10134431956550041,0.3500166535901003,4.685241830509854,790.7460797586969,292.55739075574894,12.71574884526696,787.1445689032304,3.1501498823109033,52.4972477887112,0.0,0.0,-1621.0421019975568,0.0,1.0913936421275139e-11,0.0,0.0
intrinsic_limited,recirculating,1790.776654937205,1790.776654937205,19207.392058014586,90000.0,0.0,0.0,0.0,0.0,769.4862690916273,0.0,0.0,1980000.0000000084,297.0,0.506897732752843,0.13179341051573917,0.8694329264003117,0.27549935477674914,4.477731705601247,0.3628392190710875,0.7808804552257328,0.3925606691584931,3.6099908431548124,3.6099908431548124,1.1944891474556945,2.415501695699118,0.0,0.0,0.0,0.0,3.15779602650675,0.10132859148064602,0.35086622516741656,4.685695992884473,792.6079419854216,291.8526391150953,12.736884748841948,788.9979511422667,3.15779602650675,52.624670781734984,0.0,0.0,-1624.5802135345637,0.0,7.275957614183426e-12,0.0,0.0
intrinsic_limited,recirculating,1794.9642680779443,1794.9642680779443,19205.538596599305,90000.0,0.0,0.0,0.0,0.0,773.1579619261555,0.0,0.0,1986666.6666666751,298.0,0.5080830796808558,0.1321016007170225,0.8702352410588651,0.2753781334550975,4.48094096423546,0.36198005717101717,0.7805239219267573,0.3919115522307739,3.618432568732966,3.618432568732966,1.1943045549112457,2.4241280138217203,0.0,0.0,0.0,0.0,3.16540766993436,0.10131293547256574,0.35171196332603993,4.686148193518309,794.4614034007028,291.1510673475616,12.757980650327427,790.8429708319699,3.16540766993436,52.75151881945611,0.0,0.0,-1628.1250583313708,0.0,7.275957614183426e-12,0.0,0.0
intrinsic_limited,recirculating,1799.1330247815156,1799.1330247815156,19203.693481150458,90000.0,0.0,0.0,0.0,0.0,776.8358014804792,0.0,0.0,1993333.3333333419,299.0,0.5092630891005746,0.1324084031661494,0.8710290460720791,0.2752573793847197,4.484116184288316,0.3611267846822057,0.7801687628962345,0.39126580012622975,3.626836281996561,3.626836281996561,1.194120806560582,2.4327154754359794,0.0,0.0,0.0,0.0,3.1729850378400855,0.10129735106313303,0.35255389309334273,4.686598444634634,796.3065188495477,290.45265469322874,12.77903665075482,792.6796825675511,3.1729850378400855,52.87779565560502,0.0,0.0,-1631.6766210495455,0.0,7.275957614183426e-12,0.0,0.0
intrinsic_limited,recirculating,1803.2830481642125,1803.2830481642125,19201.85665717608,90000.0,0.0,0.0,0.0,0.0,780.5197761986731,0.0,0.0,2000000.0000000086,300.0,0.5104377958613314,0.13271382692394618,0.8718144606550412,0.2751370897966371,4.487257842620165,0.36027934441490833,0.7798149699901091,0.39062338712507316,3.635202231133272,3.635202231133272,1.193937896803671,2.441264334329601,0.0,0.0,0.0,0.0,3.180528354020288,0.10128183777739684,0.3533920393355875,4.687046758385491,798.143342823929,289.7573805258086,12.800052850903821,794.5081405927957,3.180528354020288,53.0035050197481,0.0,0.0,-1635.2348864035962,0.0,7.275957614183426e-12,0.0,-4.440892098500626e-16
intrinsic_limited,recirculating,1807.4144605426902,1807.4144605426902,19200.028070538112,90000.0,0.0,0.0,0.0,0.0,784.2098745535263,0.0,0.0,2006666.6666666754,301.0,0.5116072345861125,0.13301788099238923,0.8725916020252953,0.27501726194419024,4.490366408101181,0.3594376798395441,0.7794625351299713,0.3899842877662316,3.643530662718798,3.643530662718798,1.1937558200779843,2.4497748426408137,0.0,0.0,0.0,0.0,3.1880378408176897,0.10126639514358754,0.354226426757521,4.687493146851301,799.9719294618942,289.06522435298035,12.82102935130851,796.3283987991754,3.1880378408176897,53.128650617226796,0.0,0.0,-1638.7998391609708,0.0,7.275957614183426e-12,0.0,0.0
intrinsic_limited,recirculating,1811.5273834323164,1811.5273834323164,19198.207667453167,90000.0,0.0,0.0,0.0,0.0,787.906085046483,0.0,0.0,2013333.333333342,302.0,0.512771439671091,0.13332057431448366,0.873360585440207,0.27489789310277735,4.493442341760828,0.3586017350791532,0.7791114503022863,0.38934847684395363,3.6518218217135376,3.6518218217135376,1.1935745708585375,2.458247250855,0.0,0.0,0.0,0.0,3.1955137191183773,0.10125102269311838,0.35505707990204183,4.687937622040495,801.7923325468371,288.37616581666686,12.84196625226286,798.1405107251236,3.1955137191183773,53.253236129107755,0.0,0.0,-1642.3714641420465,0.0,3.637978807091713e-12,0.0,0.0
intrinsic_limited,recirculating,1815.6219375458688,1815.6219375458688,19196.395394493084,90000.0,0.0,0.0,0.0,0.0,791.6083962075828,0.0,0.0,2020000.0000000088,303.0,0.5139304452852592,0.1336219157741674,0.8741215242336026,0.2747789805695972,4.49648609693441,0.35777145490189566,0.7787617075576388,0.3887159294044681,3.660075951459966,3.660075951459966,1.1933941436579218,2.466681807802044,0.0,0.0,0.0,0.0,3.2029562083494385,0.10123571996058954,0.35588402314993756,4.688380195889199,803.6046055069202,287.69018469325283,12.86286365382619,799.9445295554602,3.2029562083494385,53.37726521214339,0.0,0.0,-1645.9497462201107,0.0,3.637978807091713e-12,0.0,4.440892098500626e-16
intrinsic_limited,recirculating,1819.6982427925616,1819.6982427925616,19194.59119858536,90000.0,0.0,0.0,0.0,0.0,795.3167965954037,0.0,0.0,2026666.6666666756,304.0,0.5150842853701522,0.13392191419623956,0.8748745298516938,0.2746605216633974,4.499498119406775,0.3569467847135972,0.7784132990099923,0.3880866207427119,3.668293293680669,3.668293293680669,1.1932145330263186,2.4750787606543505,0.0,0.0,0.0,0.0,3.21036552647719,0.10122048648379096,0.3567072807196877,4.688820880260946,805.4088014146442,287.00726089374814,12.883721655828039,801.7405081209636,3.21036552647719,53.50074149874237,0.0,0.0,-1649.5346703213327,0.0,3.637978807091713e-12,0.0,0.0
intrinsic_limited,recirculating,1823.756418277388,1823.756418277388,19192.795027013446,90000.0,0.0,0.0,0.0,0.0,799.0312747970054,0.0,0.0,2033333.3333333423,305.0,0.5162329936396621,0.13422057834631215,0.8756197118883031,0.27454251372422744,4.5024788475532125,0.3561276705503412,0.7780662168359631,0.3874605263991101,3.6764740884770206,3.6764740884770206,1.1930357335515003,2.4834383549255206,0.0,0.0,0.0,0.0,3.2177418900059904,0.10120532180369815,0.3575268766673322,4.689259686946427,807.2049729865574,286.32737446389774,12.904540357872914,803.5284988980804,3.2177418900059904,53.62366859694983,0.0,0.0,-1653.1262214247267,0.0,3.637978807091713e-12,0.0,0.0
intrinsic_limited,recirculating,1827.7965823007669,1827.7965823007669,19191.006827416903,90000.0,0.0,0.0,0.0,0.0,802.7518194278734,0.0,0.0,2040000.000000009,306.0,0.5173766035799381,0.1345179169307839,0.8763571781193996,0.2744249541131969,4.505428712477599,0.35531405907111124,0.7777204532741085,0.3868376221564175,3.6846185743284696,3.6846185743284696,1.1928577398588176,2.4917608344696522,0.0,0.0,0.0,0.0,3.2250855139775942,0.1011902254644763,0.35834283488639923,4.689696627663278,808.9931725830985,285.65050558424093,12.925319859344638,805.30855400877,3.2250855139775942,53.746050090436604,0.0,0.0,-1656.7243845621083,0.0,0.0,0.0,0.0
intrinsic_limited,recirculating,1831.8188523584747,1831.8188523584747,19189.226547791433,90000.0,0.0,0.0,0.0,0.0,806.4784191318658,0.0,0.0,2046666.6666666758,307.0,0.518515148449367,0.1348139385968354,0.8770870345369599,0.27430784021223764,4.50834813814784,0.35450589755048384,0.7773760006242284,0.38621788403661306,3.6927269880924016,3.6927269880924016,1.1926805466111803,2.500046441481221,0.0,0.0,0.0,0.0,3.2323966119710352,0.10117519701347347,0.35915517910789274,4.690131714055899,810.773452208567,284.9766345701229,12.946060259410476,807.0807252204746,3.2323966119710352,53.8678895384973,0.0,0.0,-1660.3291448180398,0.0,0.0,0.0,0.0
intrinsic_limited,recirculating,1835.8233451418564,1835.8233451418564,19187.454136488785,90000.0,0.0,0.0,0.0,0.0,810.2110625811583,0.0,0.0,2053333.3333333426,308.0,0.5196486612786329,0.13510865193244453,0.8778093853821658,0.2741911694238715,4.511237541528663,0.3537031338713758,0.777032851246681,0.3856012882978519,3.7007995650045653,3.7007995650045653,1.192504148509015,2.5082954164955504,0.0,0.0,0.0,0.0,3.2396753961030096,0.10116023600122148,0.3599639329003343,4.690564957695298,812.5458635112166,284.305741871659,12.966761657024925,808.845063946212,3.2396753961030096,53.98919047605665,0.0,0.0,-1663.940487329773,0.0,0.0,0.0,0.0
intrinsic_limited,recirculating,1839.8101765382971,1839.8101765382971,19185.689542216536,90000.0,0.0,0.0,0.0,0.0,813.9497384761929,0.0,0.0,2060000.0000000093,309.0,0.5207771748708511,0.13540206546642128,0.8785243331779519,0.27407493917098125,4.514097332711808,0.35290571651784497,0.7766909975617096,0.3849878114314681,3.708836538680022,3.708836538680022,1.1923285402902202,2.5165079983898018,0.0,0.0,0.0,0.0,3.2469220770287337,0.10114534198142902,0.3607691196698592,4.690996370078979,814.3104577834634,283.63780807365634,12.98742415093329,810.6016212447835,3.2469220770287337,54.10995641368385,0.0,0.0,-1667.5583972871805,0.0,0.0,0.0,0.0
intrinsic_limited,recirculating,1843.7794616319459,1843.7794616319459,19183.932714037794,90000.0,0.0,0.0,0.0,0.0,817.6944355456251,0.0,0.0,2066666.666666676,310.0,0.5219007218017724,0.13569418766846084,0.8792319787609122,0.27395914689658685,4.516927915043649,0.35211359456794794,0.7763504320487848,0.38437743015902975,3.7168381411146068,3.7168381411146068,1.1921537167301095,2.5246844243844975,0.0,0.0,0.0,0.0,3.254136863943265,0.10113051451097889,0.3615707626603627,4.691425962630839,816.0672859622074,282.97281389549187,13.008047839675012,812.3504478210928,3.254136863943265,54.23019083761451,0.0,0.0,-1671.1828599326818,0.0,0.0,0.0,0.0
intrinsic_limited,recirculating,1847.7313147046789,1847.7313147046789,19182.183601370743,90000.0,0.0,0.0,0.0,0.0,821.4451425462731,0.0,0.0,2073333.3333333428,311.0,0.5230193344200561,0.1359850269492146,0.8799324213125826,0.27384379006362497,4.519729685250331,0.3513267176866553,0.7760111472459559,0.38377012142944555,3.7248046026868677,3.7248046026868677,1.1919796726413412,2.5328249300455266,0.0,0.0,0.0,0.0,3.2613199645832522,0.10111575314992072,0.3623688849536946,4.691853746701114,817.8163986292572,282.31074019095155,13.028632821586733,814.0915940265703,3.2613199645832522,54.3498972097799,0.0,0.0,-1674.8138605611646,0.0,0.0,0.0,0.0
intrinsic_limited,recirculating,1851.6658492372906,1851.6658492372906,19180.44215398814,90000.0,0.0,0.0,0.0,0.0,825.2018482630675,0.0,0.0,2080000.0000000095,312.0,0.5241330448476073,0.1362745916603779,0.8806257583901074,0.27372886615473335,4.5225030335604295,0.350545036118825,0.7756731357492158,0.3831658624161209,3.732736152160469,3.732736152160469,1.191806402873839,2.54092974928663,0.0,0.0,0.0,0.0,3.268471585229104,0.10110105746146404,0.3631635094699004,4.692279733566337,819.5578460118584,281.65156794803045,13.049179194805106,815.8251098596979,3.268471585229104,54.46907896784302,0.0,0.0,-1678.4513845198958,0.0,0.0,0.0,8.881784197001252e-16
intrinsic_limited,recirculating,1855.5831779109049,1855.5831779109049,19178.708322016682,90000.0,0.0,0.0,0.0,0.0,828.9645415090013,0.0,0.0,2086666.6666666763,313.0,0.5252418849799756,0.13656289009479367,0.881312085956301,0.27361437267203814,4.525248343825204,0.3497685006822361,0.775336390211877,0.3825646305141592,3.7406330166870347,3.7406330166870347,1.19163390231471,2.5489991143723243,0.0,0.0,0.0,0.0,3.275591930707556,0.10108642701197282,0.3639546589675061,4.692703934429319,821.2916779833182,280.9952782886965,13.069687057269514,817.5510449666311,3.275591930707556,54.58773952524142,0.0,0.0,-1682.0954172084312,0.0,0.0,0.0,0.0
intrinsic_limited,recirculating,1859.48341260859,1859.48341260859,19176.98205593628,90000.0,0.0,0.0,0.0,0.0,832.7332111250801,0.0,0.0,2093333.3333333428,314.0,0.5263458864868134,0.13684993048657149,0.8819914984091209,0.27350030713694606,4.527965993636483,0.34899706276068326,0.7750009033439591,0.381966403337616,3.748495421809404,3.748495421809404,1.1914621658881388,2.5570332559212656,0.0,0.0,0.0,0.0,3.282681204394604,0.10107186137095532,0.3647423560438448,4.693126360419171,823.0179440637194,280.34185246861983,13.090156506724371,819.26944864191,3.282681204394604,54.70588227123607,0.0,0.0,-1685.7459440785153,0.0,0.0,0.0,0.0
intrinsic_limited,recirculating,1863.3666644171751,1863.3666644171751,19175.263306579272,90000.0,0.0,0.0,0.0,0.0,836.5078459802739,0.0,0.0,2100000.0000000093,315.0,0.5274450808123889,0.13713572101122112,0.8826640886105578,0.2733866670899395,4.530656354442231,0.3482306742971327,0.7746666679115868,0.3813711587167936,3.7563235914652946,3.7563235914652946,1.1912911885552901,2.565032402910005,0.0,0.0,0.0,0.0,3.289739608218815,0.10105736011105593,0.3655266231354238,4.693547022591334,824.7366934207249,279.6912718768685,13.110587640721416,820.9803698292596,3.289739608218815,54.82351057096655,0.0,0.0,-1689.402950633979,0.0,-3.637978807091713e-12,0.0,0.0
intrinsic_limited,recirculating,1867.2330436292511,1867.2330436292511,19173.552025129535,90000.0,0.0,0.0,0.0,0.0,840.2884349714685,0.0,0.0,2106666.666666676,316.0,0.5285394991761535,0.1374202697857999,0.8833299479149567,0.273273450090375,4.533319791659826,0.3474692877869415,0.7743336767363972,0.38077887469558175,3.7641177479913344,3.7641177479913344,1.1911209653141943,2.57299678267714,0.0,0.0,0.0,0.0,3.296767342664959,0.10104292280804641,0.36630748251832873,4.693965931927627,826.4479748704633,279.04351803557336,13.130980556621767,822.683857122472,3.296767342664959,54.94062776551154,0.0,0.0,-1693.0664224306283,0.0,-3.637978807091713e-12,0.0,0.0
intrinsic_limited,recirculating,1871.082659745353,1871.082659745353,19171.848163121504,90000.0,0.0,0.0,0.0,0.0,844.074967023417,0.0,0.0,2113333.3333333423,317.0,0.5296291725733585,0.13770358486907322,0.883989166196781,0.2731606537162866,4.535956664787124,0.3467128562711393,0.7740019226949607,0.38018952952884577,3.771878112127462,3.771878112127462,1.1909514911996237,2.5809266209278388,0.0,0.0,0.0,0.0,3.3037646067779836,0.10102854904081351,0.3670849563086648,4.694383099336338,828.151836878495,278.3985725995622,13.151335351597682,824.3799587663676,3.3037646067779836,55.057237171955094,0.0,0.0,-1696.7363450761331,0.0,0.0,0.0,0.0
intrinsic_limited,recirculating,1874.9156214763113,1874.9156214763113,19170.151672439144,90000.0,0.0,0.0,0.0,0.0,847.8674310886927,0.0,0.0,2120000.000000009,318.0,0.5307141317757216,0.13798567426168762,0.8846418318778281,0.27304827556419065,4.538567327511313,0.3459613333297741,0.7736713987182078,0.379603101679852,3.7796049030216663,3.7796049030216663,1.1907827612829682,2.588822141738698,0.0,0.0,0.0,0.0,3.3107315981672842,0.10101423839135029,0.3678590664630315,4.694798535652311,829.8483275608521,277.7564173559661,13.171652122634335,826.0687226578304,3.3107315981672842,55.17334208345779,0.0,0.0,-1700.4127042299062,0.0,-3.637978807091713e-12,0.0,0.0
intrinsic_limited,recirculating,1878.7320367457646,1878.7320367457646,19168.462505314845,90000.0,0.0,0.0,0.0,0.0,851.6658161476412,0.0,0.0,2126666.6666666754,319.0,0.5317944073321377,0.1382665459063558,0.8852880319539084,0.27293631324889545,4.541152127815634,0.345214673075323,0.773342097790869,0.37901956981774065,3.787298338235052,3.787298338235052,1.1906147706720989,2.5966835675629527,0.0,0.0,0.0,0.0,3.3176685130112777,0.10099999044474324,0.3686298347790308,4.6952122516370665,831.5374946851517,277.11703422379827,13.191930966531235,827.7501963469167,3.3176685130112777,55.28894576933294,0.0,0.0,-1704.0954856029796,0.0,-3.637978807091713e-12,0.0,0.0
intrinsic_limited,recirculating,1882.5320126928266,1882.5320126928266,19166.78061432822,90000.0,0.0,0.0,0.0,0.0,855.4701112083337,0.0,0.0,2133333.333333342,320.0,0.5328700295694337,0.13854620768805279,0.8859278520209987,0.2728247644033131,4.543711408083995,0.3444728301461677,0.773014012950921,0.37843891281503333,3.794958633747215,3.794958633747215,1.1904475145112257,2.6045111192359895,0.0,0.0,0.0,0.0,3.3245755460622477,0.10098580478916225,0.3693972828958052,4.695624257978936,833.2193856717754,276.4804052535073,13.212171979903692,829.4244270380282,3.3245755460622477,55.40405147512735,0.0,0.0,-1707.7846749578775,0.0,-3.637978807091713e-12,0.0,0.0
intrinsic_limited,recirculating,1886.3156556748972,1886.3156556748972,19165.105952404883,90000.0,0.0,0.0,0.0,0.0,859.2803053065198,0.0,0.0,2140000.0000000084,321.0,0.5339410285931646,0.1388246674342228,0.8865613763008784,0.2727136266782753,4.546245505203514,0.34373575970013526,0.772687137289045,0.37786110974518766,3.8025860039619115,3.8025860039619115,1.1902809879807537,2.612305015981158,0.0,0.0,0.0,0.0,3.3314528906514598,0.10097168101584497,0.3701614322946066,4.696034565293211,834.8940475951138,275.84651262650607,13.232375259183916,831.0914615911519,3.3314528906514598,55.518662422706576,0.0,0.0,-1711.4802581084846,0.0,-3.637978807091713e-12,0.0,0.0
intrinsic_limited,recirculating,1890.0830712706124,1890.0830712706124,19163.438472815124,90000.0,0.0,0.0,0.0,0.0,863.0963875055808,0.0,0.0,2146666.666666675,322.0,0.5350074342884481,0.1391019329149965,0.8871886876662615,0.2726028977423515,4.548754750665045,0.3430034174081044,0.7723614639480928,0.37728613988018495,3.810180661713002,3.810180661713002,1.1901151862971253,2.6200654754158768,0.0,0.0,0.0,0.0,3.338300738694524,0.10095761871908634,0.3709223042993915,4.696443184122319,836.5615271848721,275.2153386546779,13.252540900622149,832.7513465231591,3.338300738694524,55.63278181034424,0.0,0.0,-1715.1822209199079,0.0,-3.637978807091713e-12,0.0,0.0
intrinsic_limited,recirculating,1893.8343642829248,1893.8343642829248,19161.778129172562,90000.0,0.0,0.0,0.0,0.0,866.9183468964831,0.0,0.0,2153333.3333333414,323.0,0.5360692763208367,0.13937801184341753,0.8878098676654318,0.2724925752816702,4.551239470661727,0.34227575944767846,0.7720369861225594,0.37671398268815826,3.817742818270662,3.817742818270662,1.189950104712667,2.6277927135579953,0.0,0.0,0.0,0.0,3.3451192806969936,0.10094361749622523,0.3716799200774436,4.696850124935997,838.221870827434,274.58686577986015,13.272669000287607,834.4041280091634,3.3451192806969936,55.74641281281539,0.0,0.0,-1718.890549308339,0.0,-3.637978807091713e-12,0.0,-4.440892098500626e-16
intrinsic_limited,recirculating,1897.5696387423077,1897.5696387423077,19160.124875432717,90000.0,0.0,0.0,0.0,0.0,870.7461725977316,0.0,0.0,2160000.000000008,324.0,0.537126584137225,0.13965291187567852,0.888424996546393,0.2723826569997432,4.553699986185572,0.34155274249692347,0.7717136970580682,0.37614461783105885,3.8252726833478428,3.8252726833478428,1.1897857385154196,2.635486944832423,0.0,0.0,0.0,0.0,3.3519087057601924,0.10092967694762889,0.3724343006400213,4.697255398131502,839.875124567279,273.9610765733075,13.292759654069261,836.0498518839312,3.3519087057601924,55.8595585814936,0.0,0.0,-1722.6052292409095,0.0,-3.637978807091713e-12,0.0,0.0
intrinsic_limited,recirculating,1901.2889979100762,1901.2889979100762,19158.478665891544,90000.0,0.0,0.0,0.0,0.0,874.5798537553235,0.0,0.0,2166666.6666666744,325.0,0.5381793869667892,0.1399266406113652,0.8890341532805407,0.2722731406172926,4.556136613122163,0.3408343237281739,0.7713915900508606,0.375578025162358,3.832770465106964,3.832770465106964,1.1896220830289739,2.64314838207799,0.0,0.0,0.0,0.0,3.358669201587256,0.10091579667667963,0.3731854668430284,4.6976590140338175,841.5213341084533,273.33795373513533,13.312812957676526,837.6885636433464,3.358669201587256,55.97222224445162,0.0,0.0,-1726.3262467355432,0.0,-3.637978807091713e-12,0.0,-4.440892098500626e-16
intrinsic_limited,recirculating,1904.9925442818185,1904.9925442818185,19156.83945518391,90000.0,0.0,0.0,0.0,0.0,878.4193795427016,0.0,0.0,2173333.333333341,326.0,0.5392277138219587,0.14019920559370927,0.8896374155858711,0.27216402387208055,4.558549662343484,0.3401204608019041,0.7710706584472958,0.3750141847247844,3.840236370166832,3.840236370166832,1.1894591336122964,2.6507772365545357,0.0,0.0,0.0,0.0,3.3654009544893646,0.1009019762897602,0.3739334393877071,4.698060982895886,843.1605448160874,272.71748009374545,13.332829006639848,839.3203084459205,3.3654009544893646,56.084406906565256,0.0,0.0,-1730.0535878608075,0.0,-3.637978807091713e-12,0.0,0.0
intrinsic_limited,recirculating,1908.680379590932,1908.680379590932,19155.207198282034,90000.0,0.0,0.0,0.0,0.0,882.2647391607084,0.0,0.0,2180000.0000000075,327.0,0.5402715934994169,0.1404706143098484,0.8902348599497282,0.27205530451874166,4.560939439798913,0.339411111860666,0.7707508956433579,0.3744530767480969,3.847670603609768,3.847670603609768,1.1892968856595507,2.6583737179502167,0.0,0.0,0.0,0.0,3.3721041493921775,0.10088821539623771,0.3746782388213529,4.698461314898844,844.7928017179622,272.09963860523317,13.352807896311168,840.9451311143524,3.3721041493921775,56.19611564962064,0.0,0.0,-1733.787238735759,0.0,-3.637978807091713e-12,0.0,0.0
intrinsic_limited,recirculating,1912.3526048122567,1912.3526048122567,19153.581850493883,90000.0,0.0,0.0,0.0,0.0,886.1159218375391,0.0,0.0,2186666.666666674,328.0,0.5413110545811298,0.14074087419109377,0.8908265616511064,0.2719469803286177,4.563306246604426,0.33870623552309426,0.7704322950841698,0.37389468164689116,3.855073368988932,3.855073368988932,1.1891353345999163,2.6659380343890158,0.0,0.0,0.0,0.0,3.378778969842433,0.10087451360845033,0.37541988553804806,4.698860020152278,846.4181495061168,271.4844123527785,13.372749721864288,842.563076137128,3.378778969842433,56.30735153242414,0.0,0.0,-1737.5271855297863,0.0,0.0,0.0,4.440892098500626e-16
intrinsic_limited,recirculating,1916.0093201658035,1916.0093201658035,19151.9633674615,90000.0,0.0,0.0,0.0,0.0,889.9729168286959,0.0,0.0,2193333.3333333405,329.0,0.5423461254354013,0.14100999261320435,0.8914125947825113,0.2718390490895952,4.565650379130045,0.33800579087797705,0.7701148502635154,0.37333898001844074,3.8624448683358397,3.8624448683358397,1.1889744758974021,2.6734703924384373,0.0,0.0,0.0,0.0,3.385425598014735,0.10086087054168945,0.37615839977941495,4.6992571086944945,848.0366325384986,270.87178454602207,13.392654578295119,844.1741876701627,3.385425598014735,56.41811759091556,0.0,0.0,-1741.2734144624517,0.0,0.0,0.0,0.0
intrinsic_limited,recirculating,1919.650625120566,1919.650625120566,19150.351705159348,90000.0,0.0,0.0,0.0,0.0,893.8357134169411,0.0,0.0,2200000.000000007,330.0,0.5433768342179521,0.14127797689666755,0.8919930322713915,0.27173150860594547,4.567972129085566,0.3373097374783937,0.7697985547233691,0.3727859526405697,3.8697853021680464,3.8697853021680464,1.1888143050506614,2.680970997117385,0.0,0.0,0.0,0.0,3.392044214718476,0.10084728581418408,0.3768938016353861,4.699652590492782,849.6482948406504,270.2617385204259,13.412522560421872,845.7785095384824,3.392044214718476,56.528416838283405,0.0,0.0,-1745.025911803329,0.0,0.0,0.0,0.0
intrinsic_limited,recirculating,1923.276618398418,1923.276618398418,19148.746819892564,90000.0,0.0,0.0,0.0,0.0,897.7043009122503,0.0,0.0,2206666.6666666735,331.0,0.5444032088730231,0.141544834306986,0.8925679459011479,0.27162435669816637,4.570271783604591,0.3366180353359187,0.7694834020534306,0.3722355804695564,3.8770948694970024,3.8770948694970024,1.1886548175927925,2.6884400519042098,0.0,0.0,0.0,0.0,3.398634999404925,0.1008337590470857,0.37762611104499155,4.700046475443711,851.2531801074352,269.65425773662105,13.432353762885192,847.3760852379382,3.398634999404925,56.638252265083075,0.0,0.0,-1748.7846638718386,0.0,0.0,0.0,0.0
intrinsic_limited,recirculating,1926.8873979780842,1926.8873979780842,19147.1486682952,90000.0,0.0,0.0,0.0,0.0,901.578668651767,0.0,0.0,2213333.33333334,332.0,0.5454252771344988,0.1418105720549697,0.89313740633173,0.27151759120282754,4.5725496253269196,0.33593064491489166,0.7691693858906693,0.371687844638073,3.88437376783606,3.88437376783606,1.1884960090911503,2.69587775874491,0.0,0.0,0.0,0.0,3.4051981301744485,0.10082028986445088,0.37835534779716085,4.70043877337342,852.8513317047949,269.0493257797416,13.45214828014808,848.9669579369588,3.4051981301744485,56.74762683935718,0.0,0.0,-1752.549657037081,0.0,-3.637978807091713e-12,0.0,0.0
intrinsic_limited,recirculating,1930.4830610991858,1930.4830610991858,19145.55720732846,90000.0,0.0,0.0,0.0,0.0,905.458805999754,0.0,0.0,2220000.0000000065,333.0,0.5464430665270534,0.14207519729703388,0.8937014831198283,0.2714112099724168,4.574805932479313,0.335247527126753,0.768856499918873,0.3711427264531498,3.8916221932086263,3.8916221932086263,1.1883378751471423,2.703284318061484,0.0,0.0,0.0,0.0,3.411733783783862,0.10080687789322385,0.3790815315315402,4.700829494037925,854.4427926715391,268.4469263587479,13.471906206495904,850.5511704783305,3.411733783783862,56.85654350675806,0.0,0.0,-1756.3208777176674,0.0,0.0,0.0,0.0
intrinsic_limited,recirculating,1934.063704266351,1934.063704266351,19143.972394278833,90000.0,0.0,0.0,0.0,0.0,909.344702347548,0.0,0.0,2226666.666666673,334.0,0.5474566043673134,0.14233871713550147,0.8942602447386685,0.27130521087518933,4.577040978954674,0.33456864332444586,0.768544737868204,0.3706002073941744,3.8988403401564513,3.8988403401564513,1.1881804113960308,2.7106599287604203,0.0,0.0,0.0,0.0,3.418242135653908,0.10079352276321996,0.379804681739323,4.701218647123439,856.0276057211655,267.84704330573686,13.491627636036226,852.1287653810091,3.418242135653908,56.96500519067237,0.0,0.0,-1760.098312381547,0.0,0.0,0.0,8.881784197001252e-16
intrinsic_limited,recirculating,1937.6294232533885,1937.6294232533885,19142.394186756293,90000.0,0.0,0.0,0.0,0.0,913.236347113512,0.0,0.0,2233333.3333333395,335.0,0.5484659177650394,0.14260113861891024,0.8948137585974175,0.27119959179501896,4.57925503438967,0.33389395529688315,0.7682340935147617,0.37006026911091766,3.9060284017480407,3.9060284017480407,1.1880236135067277,2.718004788241313,0.0,0.0,0.0,0.0,3.424723359876838,0.10078022410710925,0.380524817764093,4.701606242246682,857.6058132437074,267.2496605752435,13.511312662698618,853.6997848419594,3.424723359876838,57.0730147923475,0.0,0.0,-1763.8819475458358,0.0,0.0,0.0,4.440892098500626e-16
intrinsic_limited,recirculating,1941.1803131075212,1941.1803131075212,19140.822542692396,90000.0,0.0,0.0,0.0,0.0,917.1337297429881,0.0,0.0,2240000.000000006,336.0,0.5494710336243245,0.14286246874232436,0.8953620910602101,0.2710943506312513,4.58144836424084,0.33322342526348,0.7679245606801509,0.36952289342159,3.9131865695871895,3.9131865695871895,1.1878674771815898,2.7253190924056,0.0,0.0,0.0,0.0,3.431177629224113,0.10076698156039716,0.38124195880267914,4.701992288955226,859.1774573076065,266.65476224353137,13.530961380234382,855.2642707380193,3.431177629224113,57.18057519101984,0.0,0.0,-1767.6717697766396,0.0,3.637978807091713e-12,0.0,0.0
intrinsic_limited,recirculating,1944.7164681536713,1944.7164681536713,19139.257420338392,90000.0,0.0,0.0,0.0,0.0,921.03683970825,0.0,0.0,2246666.6666666726,337.0,0.5504719786448071,0.14312271444764985,0.8959053074648013,0.2709894852985595,4.583621229859205,0.3325570158687504,0.7676161332310574,0.3689880623109257,3.9203150338216224,3.9203150338216224,1.1877119981562074,2.7326030356654147,0.0,0.0,0.0,0.0,3.4376051151541924,0.10075379476140896,0.3819561239060213,4.70237679672782,860.7425796616102,266.0623325078746,13.550573882216218,856.8222646277886,3.4376051151541924,57.287689244044614,0.0,0.0,-1771.4677656888766,0.0,3.637978807091713e-12,0.0,0.0
intrinsic_limited,recirculating,1948.2379819987975,1948.2379819987975,19137.69877826331,90000.0,0.0,0.0,0.0,0.0,924.9456665084555,0.0,0.0,2253333.333333339,338.0,0.5514687793228988,0.1433818826239537,0.8964434721408532,0.2708849937268009,4.585773888563413,0.33189469017696965,0.7673088050788263,0.3684557579282931,3.9274139831517356,3.9274139831517356,1.1875571721992002,2.7398568109525354,0.0,0.0,0.0,0.0,3.4440059878204186,0.10074066335127042,0.38266733198004643,4.702759774974743,862.3012217366917,265.4723556858314,13.5701502620379,858.37380775354,3.4440059878204186,57.39435978702727,0.0,0.0,-1775.2699219460997,0.0,3.637978807091713e-12,0.0,0.0
intrinsic_limited,recirculating,1951.744947536278,1951.744947536278,19136.146575352013,90000.0,0.0,0.0,0.0,0.0,928.860199669599,0.0,0.0,2260000.0000000056,339.0,0.5524614619530248,0.14363998010778645,0.8969766484278648,0.27078087386087724,4.587906593711459,0.3312364116668996,0.7670025701790507,0.36792596258583593,3.9344836048394316,3.9344836048394316,1.187402995111997,2.7470806097274343,0.0,0.0,0.0,0.0,3.450380416078988,0.10072758697388963,0.3833756017865541,4.703141233038158,863.8534246479886,264.8848162145096,13.589690612913778,859.9189410431492,3.450380416078988,57.50058963395634,0.0,0.0,-1779.078225260314,0.0,3.637978807091713e-12,0.0,0.0
intrinsic_limited,recirculating,1955.2374569503368,1955.2374569503368,19134.60077080324,90000.0,0.0,0.0,0.0,0.0,932.7804287444627,0.0,0.0,2266666.666666672,340.0,0.5534500526288768,0.14389701368350796,0.8975048986927515,0.27067712366059515,4.590019594771006,0.3305821442265785,0.7666974225311622,0.3673986587566377,3.9415240847170447,3.9415240847170447,1.1872494627286323,2.754274621988412,0.0,0.0,0.0,0.0,3.4567285674969934,0.10071456527594082,0.3840809519441103,4.7035211801924595,865.3992291967635,264.2996986498253,13.609195027878327,861.4577051120465,3.4567285674969934,57.606381577337395,0.0,0.0,-1782.8926623917966,0.0,3.637978807091713e-12,0.0,4.440892098500626e-16
intrinsic_limited,recirculating,1958.715601720507,1958.715601720507,19133.061324127626,90000.0,0.0,0.0,0.0,0.0,936.7063433125692,0.0,0.0,2273333.3333333386,341.0,0.5544345772446767,0.14415299008361596,0.8980282843470794,0.2705737411005296,4.592113137388317,0.3299318521481741,0.7663933561780283,0.3668738290729131,3.9485356071963356,3.9485356071963356,1.1870965709155215,2.761439036280814,0.0,0.0,0.0,0.0,3.463050608360542,0.10070159790684426,0.384783400928949,4.703899625644646,866.9386758723786,263.7169876657548,13.628663599785668,862.9901402651822,3.463050608360542,57.71173838832843,0.0,0.0,-1786.7132201489121,0.0,3.637978807091713e-12,0.0,0.0
intrinsic_limited,recirculating,1962.179472626134,1962.179472626134,19131.52819514572,90000.0,0.0,0.0,0.0,0.0,940.6379329801322,0.0,0.0,2280000.000000005,342.0,0.5554150614964509,0.14440791598907723,0.8985468658639654,0.2704707241698888,4.594187463455862,0.32928550012289937,0.7660903652055554,0.36635145632422694,3.9555183552775706,3.9555183552775706,1.1869443155712516,2.7685740397063188,0.0,0.0,0.0,0.0,3.46934670368294,0.10068868451874835,0.38548296707588214,4.704276578534687,868.4718048542885,263.1366680535806,13.64809642130894,864.5162864990109,3.46934670368294,57.816662816876196,0.0,0.0,-1790.5398853879274,0.0,7.275957614183426e-12,0.0,0.0
intrinsic_limited,recirculating,1965.6291597509066,1965.6291597509066,19130.001343985958,90000.0,0.0,0.0,0.0,0.0,944.5751873800086,0.0,0.0,2286666.6666666716,343.0,0.5563915308833133,0.14466179802966145,0.899060702794646,0.2703680708723808,4.596242811178584,0.3286430532359912,0.7657884437422965,0.365831523455735,3.9624725105586576,3.9624725105586576,1.1867926926263597,2.775679817932298,0.0,0.0,0.0,0.0,3.4756170172129313,0.1006758247665118,0.3861796685792145,4.704652047935897,869.9986560140472,262.5587247211318,13.667493584939766,866.0361835034886,3.4756170172129313,57.92115759185349,0.0,0.0,-1794.3726450128265,0.0,3.637978807091713e-12,0.0,0.0
intrinsic_limited,recirculating,1969.0647524874214,1969.0647524874214,19128.480731082676,90000.0,0.0,0.0,0.0,0.0,948.5180961716485,0.0,0.0,2293333.333333338,344.0,0.5573640107087567,0.14491464278427676,0.8995698537847249,0.27026577922608197,4.598279415138899,0.3280044769617507,0.7654875859590646,0.3653140135664535,3.969398253244343,3.969398253244343,1.1866416980431158,2.7827565552012272,0.0,0.0,0.0,0.0,3.4818617114429933,0.10066301830768383,0.3868735234936658,4.7050260428553115,871.5192689173266,261.98314269201984,13.686855182987555,867.5498706640823,3.4818617114429933,58.02522542119748,0.0,0.0,-1798.2114859751223,0.0,3.637978807091713e-12,0.0,0.0
intrinsic_limited,recirculating,1972.486339541772,1972.486339541772,19126.966317174054,90000.0,0.0,0.0,0.0,0.0,952.4666490410465,0.0,0.0,2300000.0000000047,345.0,0.5583325260819525,0.14516645678130766,0.9000743765901026,0.2701638472633071,4.600297506360411,0.3273697371586457,0.7651877860685504,0.36479890990754815,3.976295762155467,3.976295762155467,1.1864913278153038,2.789804434340163,0.0,0.0,0.0,0.0,3.4880809476176813,0.10065026480248776,0.38756454973529786,4.705398572234073,873.0336828259487,261.4099071048692,13.706181307578913,869.0573870637933,3.4880809476176813,58.12886899204866,0.0,0.0,-1802.0563952736693,0.0,3.637978807091713e-12,0.0,0.0
intrinsic_limited,recirculating,1975.8940089381615,1975.8940089381615,19125.458063300077,90000.0,0.0,0.0,0.0,0.0,956.4208357006922,0.0,0.0,2306666.666666671,346.0,0.5592971019190558,0.14541724649895452,0.9005743280925982,0.2700622730304813,4.602297312370393,0.32673880006447326,0.764889038324945,0.36428619588065114,3.9831652147382606,3.9831652147382606,1.186341577968,2.7968236367702604,0.0,0.0,0.0,0.0,3.4942748857420156,0.10063756391379894,0.3882527650824461,4.705769644947819,874.5419366999271,260.8390032125451,13.725472050656894,870.5587714851888,3.4942748857420156,58.23209097089069,0.0,0.0,-1805.907359954473,0.0,3.637978807091713e-12,0.0,0.0
intrinsic_limited,recirculating,1979.2878480235381,1979.2878480235381,19123.955930800486,90000.0,0.0,0.0,0.0,0.0,960.38064588952,0.0,0.0,2313333.3333333377,347.0,0.5602577629445178,0.14566701836557464,0.901069764315267,0.26996105458801334,4.604279057261068,0.32611163229158413,0.7645913370235687,0.3637758550361987,3.9900067870736895,3.9900067870736895,1.1861924445573528,2.803814342516337,0.0,0.0,0.0,0.0,3.500443684589904,0.10062491530712969,0.3889381871766559,4.70613926980707,876.0440691995182,260.2704163813765,13.744727503980325,872.0540624124445,3.500443684589904,58.33489400369075,0.0,0.0,-1809.7643671105006,0.0,3.637978807091713e-12,0.0,-4.440892098500626e-16
intrinsic_limited,recirculating,1982.6679434722455,1982.6679434722455,19122.459881312723,90000.0,0.0,0.0,0.0,0.0,964.3460693728591,0.0,0.0,2320000.000000004,348.0,0.561214533692402,0.14591577876002454,0.9015607404374198,0.26986019001017064,4.606242961749679,0.3254882008221665,0.764294676500502,0.3632678710717932,3.99682065388683,3.99682065388683,1.1860439236703595,2.8107767302164706,0.0,0.0,0.0,0.0,3.5065875017125996,0.10061231865060816,0.3896208335236221,4.70650745555763,877.5401186872797,259.70413209037736,13.763947759123026,873.5432980333928,3.5065875017125996,58.43728071604047,0.0,0.0,-1813.62740388149,0.0,3.637978807091713e-12,0.0,4.440892098500626e-16
intrinsic_limited,recirculating,1986.0343812906933,1986.0343812906933,19120.969876769865,90000.0,0.0,0.0,0.0,0.0,968.3170959423832,0.0,0.0,2326666.6666666707,349.0,0.5621674385077066,0.14616353401200372,0.9020473108093544,0.26975967738495604,4.608189243237417,0.3248684730035891,0.7639990511322237,0.362762227830587,4.003606988556283,4.003606988556283,1.185896011424647,2.8177109771316355,0.0,0.0,0.0,0.0,3.5127064934471903,0.10059977361496,0.3903007214941322,4.706874210880972,879.0301232301384,259.14013593046366,13.783132907473052,875.0265162415822,3.5127064934471903,58.53925371329743,0.0,0.0,-1817.496457453757,0.0,3.637978807091713e-12,0.0,0.0
intrinsic_limited,recirculating,1989.3872468220386,1989.3872468220386,19119.48587939854,90000.0,0.0,0.0,0.0,0.0,972.2937154160595,0.0,0.0,2333333.333333337,350.0,0.5631165015476889,0.1464102904023991,0.9025295289667984,0.2696595148139856,4.610118115867193,0.32425241654380416,0.7637044553352518,0.36225890929968674,4.010365963123611,4.010365963123611,1.1857487039682475,2.8246172591553633,0.0,0.0,0.0,0.0,3.518800814925109,0.1005872798734896,0.390977868325012,4.707239544394653,880.5141206014615,258.57841360366973,13.802283040231977,876.5037546383379,3.518800814925109,58.64081558072694,0.0,0.0,-1821.371515060004,0.0,3.637978807091713e-12,0.0,8.881784197001252e-16
intrinsic_limited,recirculating,1992.7266247508778,1992.7266247508778,19118.007851716866,90000.0,0.0,0.0,0.0,0.0,976.2759176380981,0.0,0.0,2340000.0000000037,351.0,0.5640617467831942,0.1466560541636305,0.9030074476450748,0.2695597004123684,4.6120297905803,0.32363999950680816,0.7634108835657893,0.3617578996085832,4.017097748302799,4.017097748302799,1.1856019974793737,2.8314957508234255,0.0,0.0,0.0,0.0,3.524870620080664,0.10057483710206129,0.3916522911200737,4.707603464652708,881.9921482831332,258.0189509223616,13.821398248414003,877.9750505348304,3.524870620080664,58.74196888364426,0.0,0.0,-1825.2525639791252,0.0,0.0,0.0,0.0
intrinsic_limited,recirculating,1996.05259910795,1996.05259910795,19116.535756532365,90000.0,0.0,0.0,0.0,0.0,980.2636924789002,0.0,0.0,2346666.6666666702,352.0,0.5650031979999866,0.1469008314799965,0.9034811187929945,0.2694602323085877,4.613924475171978,0.32303119030816096,0.7631183303193756,0.36125918302759846,4.023802513489734,4.023802513489734,1.1854558881662023,2.8383466253235317,0.0,0.0,0.0,0.0,3.5309160616595876,0.10056244497908097,0.3923240068510652,4.707965980146055,883.4642434676373,257.46173380844954,13.840478622845206,879.4404409541476,3.5309160616595876,58.84271616755702,0.0,0.0,-1829.1395915360144,0.0,3.637978807091713e-12,0.0,0.0
intrinsic_limited,recirculating,1999.3652532748463,1999.3652532748463,19115.06955693986,90000.0,0.0,0.0,0.0,0.0,984.2570298350068,0.0,0.0,2353333.3333333367,353.0,0.5659408788000821,0.14714462848802137,0.9039505935864797,0.26936110864438306,4.615802374345918,0.322425957710562,0.7628267901305384,0.3607627439663556,4.030480426771697,4.030480426771697,1.1853103722666418,2.845170054505055,0.0,0.0,0.0,0.0,3.5369372912276,0.10055010318547505,0.3929930323586221,4.70832709930291,884.9304430601404,256.9067482925986,13.859524254162718,880.8999626333688,3.5369372912276,58.94305995830795,0.0,0.0,-1833.0325851013702,0.0,0.0,0.0,0.0
intrinsic_limited,recirculating,2002.6646699887222,2002.6646699887222,19113.609216319423,90000.0,0.0,0.0,0.0,0.0,988.2559196290468,0.0,0.0,2360000.0000000033,354.0,0.5668748126030829,0.14738745127680156,0.904415922441925,0.2692623275746348,4.6176636897677,0.3218242708194837,0.7625362575724554,0.3602685669722701,4.037131654936865,4.037131654936865,1.1851654460481187,2.851966208888746,0.0,0.0,0.0,0.0,3.5429344591789715,0.10053781140467445,0.39365938435321896,4.708686830489186,886.3907836805788,256.35398051343935,13.878535232813832,882.353652025642,3.5429344591789715,59.043002762217554,0.0,0.0,-1836.9315320915007,0.0,0.0,0.0,0.0
intrinsic_limited,recirculating,2005.9509313470164,2005.9509313470164,19112.154698334256,90000.0,0.0,0.0,0.0,0.0,992.2603518096845,0.0,0.0,2366666.66666667,355.0,0.5678050226475125,0.14762930588835327,0.9048771550293035,0.26916388726724866,4.619508620117214,0.3212260990788609,0.7622467272566138,0.359776636729058,4.043756363483823,4.043756363483823,1.1850211058073479,2.8587352576764755,0.0,0.0,0.0,0.0,3.5489077147451065,0.10052556932259388,0.3943230794161229,4.709045182008916,887.8453016657461,255.80341671677758,13.897511649055243,883.8015453022623,3.5489077147451065,59.142547066227195,0.0,0.0,-1840.8364199681287,0.0,3.637978807091713e-12,0.0,0.0
intrinsic_limited,recirculating,2009.2241188121682,2009.2241188121682,19110.70596692862,90000.0,0.0,0.0,0.0,0.0,996.2703163515671,0.0,0.0,2373333.3333333363,356.0,0.5687315319921513,0.14787019831795936,0.9053343402850185,0.2690657859030429,4.621337361140074,0.3206314122668361,0.7619581938324792,0.3592869380552684,4.050354716631073,4.050354716631073,1.1848773478701118,2.865477368760961,0.0,0.0,0.0,0.0,3.5548572060031143,0.10051337662761314,0.39498413400034593,4.709402162104656,889.2940330713815,255.25504325480338,13.916453592952104,885.2436783547504,3.5548572060031143,59.24169533804189,0.0,0.0,-1844.7472362381966,0.0,3.637978807091713e-12,0.0,0.0
intrinsic_limited,recirculating,2012.4843132163348,2012.4843132163348,19109.262986325743,90000.0,0.0,0.0,0.0,0.0,1000.2858032552723,0.0,0.0,2380000.000000003,357.0,0.5696543635173722,0.14811013451451677,0.9057875264245098,0.268968021675636,4.6231501056980395,0.32004018049155974,0.7616706519871648,0.35879945590283024,4.056926877326545,4.056926877326545,1.1847341685910393,2.8721927087355055,0.0,0.0,0.0,0.0,3.560783079884388,0.10050123301055872,0.3956425644315985,4.709757778957903,890.7370136742583,254.70884658530127,13.935361154377267,886.6800867969317,3.560783079884388,59.34045002627332,0.0,0.0,-1848.6639684536703,0.0,0.0,0.0,-8.881784197001252e-16
intrinsic_limited,recirculating,2015.7315947661075,2015.7315947661075,19107.825721025732,90000.0,0.0,0.0,0.0,0.0,1004.3068025472546,0.0,0.0,2386666.6666666693,358.0,0.5705735399264747,0.14834912038088344,0.9062367609546196,0.2688705927913359,4.624947043818478,0.3194523741870454,0.7613840964451056,0.3583141753556227,4.063473007257101,4.063473007257101,1.1845915643533824,2.878881442903718,0.0,0.0,0.0,0.0,3.566685482183175,0.10048913816468412,0.3962983869092415,4.710112040689509,892.1742789742701,254.16481327086015,13.954234423010357,888.110805967013,3.566685482183175,59.4388135605826,0.0,0.0,-1852.5866042113432,0.0,3.637978807091713e-12,0.0,0.0
intrinsic_limited,recirculating,2018.9660430472227,2018.9660430472227,19106.394135803486,90000.0,0.0,0.0,0.0,0.0,1008.3333042797921,0.0,0.0,2393333.333333336,359.0,0.5714890837470196,0.1485871617742251,0.9066820906857205,0.2687734974690308,4.626728362742882,0.31886796410907847,0.7610985219677376,0.357831081628063,4.0699932668580345,4.0699932668580345,1.184449531568793,2.885543735289242,0.0,0.0,0.0,0.0,3.572564557565144,0.10047709178565242,0.3969516175072382,4.710464955360098,893.6058641965171,253.6229299780835,13.973073488336889,889.535870929659,3.572564557565144,59.53678835182313,0.0,0.0,-1856.5151311526402,0.0,3.637978807091713e-12,0.0,0.0
intrinsic_limited,recirculating,2022.1877370292689,2022.1877370292689,19104.968195706617,90000.0,0.0,0.0,0.0,0.0,1012.3652985309327,0.0,0.0,2400000.0000000023,360.0,0.57240101733216,0.1488242645063616,0.9071235617436115,0.2686767339400804,4.628494246974446,0.3182869213311787,0.7608139233531777,0.3573501600637093,4.0764878153225625,4.0764878153225625,1.1843080666771042,2.8921797486454577,0.0,0.0,0.0,0.0,3.5784204495759413,0.10046509357151617,0.3976022721751045,4.71081653097048,895.0318042933886,253.0831834768014,13.991878439647508,890.955316478066,3.5784204495759413,59.63437679218306,0.0,0.0,-1860.449536963421,0.0,7.275957614183426e-12,0.0,8.881784197001252e-16
intrinsic_limited,recirculating,2025.396755070385,2025.396755070385,19103.54786605336,90000.0,0.0,0.0,0.0,0.0,1016.4027754044403,0.0,0.0,2406666.666666669,361.0,0.5733093628619725,0.14906043434411287,0.9075612195811892,0.2685803004482095,4.630244878324756,0.3177092172406152,0.7605302954359104,0.35687139613388863,4.082956810611288,4.082956810611288,1.184167166146106,2.8987896444651815,0.0,0.0,0.0,0.0,3.58425330064973,0.10045314322269895,0.3982503667388588,4.7111667754620745,896.4521339466431,252.545560639283,14.010649366036983,892.3691771360318,3.58425330064973,59.73158125532775,0.0,0.0,-1864.3898093737837,0.0,3.637978807091713e-12,0.0,0.0
intrinsic_limited,recirculating,2028.5931749219537,2028.5931749219537,19102.133112430518,90000.0,0.0,0.0,0.0,0.0,1020.4457250297396,0.0,0.0,2413333.3333333354,362.0,0.5742141423447847,0.14929567700964405,0.907995108989894,0.2684841952494018,4.631980435959576,0.31713482353447414,0.7602476330864759,0.35639477543633563,4.089400409461668,4.089400409461668,1.1840268264713278,2.90537358299034,0.0,0.0,0.0,0.0,3.590063252117721,0.10044124044197755,0.3988959169019689,4.711515696717317,897.8668875694851,252.01004843945046,14.029386356403455,893.7774871600235,3.590063252117721,59.82840409654182,0.0,0.0,-1868.3359361578691,0.0,3.637978807091713e-12,0.0,0.0
intrinsic_limited,recirculating,2031.7770737332812,2031.7770737332812,19100.723900691366,90000.0,0.0,0.0,0.0,0.0,1024.4941375618625,0.0,0.0,2420000.000000002,363.0,0.5751153776185006,0.14952999818081017,0.9084252741109405,0.26838841661179524,4.633701096443762,0.31656371221577756,0.7599659312111625,0.35592028369385226,4.095818767397446,4.095818767397446,1.1838870441758171,2.9119317232216293,0.0,0.0,0.0,0.0,3.595850444216686,0.10042938493446231,0.3995389382462983,4.7118633025600865,899.2760993086367,251.47663395209466,14.048089499447553,895.1802805412393,3.595850444216686,59.92484765287107,0.0,0.0,-1872.2879051336627,0.0,3.637978807091713e-12,0.0,0.0
intrinsic_limited,recirculating,2034.94852805627,2034.94852805627,19099.3201969536,90000.0,0.0,0.0,0.0,0.0,1028.5480031813927,0.0,0.0,2426666.6666666684,364.0,0.5760130903519228,0.14976340349149994,0.9088517584463345,0.26829296281557885,4.635407033785338,0.31599585558965354,0.7596851847517025,0.3554479067529861,4.102212038738074,4.102212038738074,1.183747815809921,2.918464222928152,0.0,0.0,0.0,0.0,3.601615016097446,0.10041757640757869,0.4001794462330494,4.712209600756119,900.6798030464058,250.94530435209273,14.066758883671483,896.5775910076677,3.601615016097446,60.02091424326393,0.0,0.0,-1876.2457041628,0.0,3.637978807091713e-12,0.0,0.0
intrinsic_limited,recirculating,2038.1076138500778,2038.1076138500778,19097.921967597256,90000.0,0.0,0.0,0.0,0.0,1032.60731209441,0.0,0.0,2433333.333333335,365.0,0.5769073020460712,0.14999589853197853,0.9092746048696791,0.26819783215289006,4.637098419478717,0.3154312262595572,0.7594053886849708,0.35497763058272147,4.108580376608095,4.108580376608095,1.1836091379510656,2.9249712386570286,0.0,0.0,0.0,0.0,3.607357105833341,0.10040581457104854,0.40081745620370446,4.712554599013426,902.0780324027479,250.41604691362718,14.085394597378258,897.9694520261398,3.607357105833341,60.11660616871263,0.0,0.0,-1880.2093211503686,0.0,3.637978807091713e-12,0.0,8.881784197001252e-16
