scenario,mode,extent_mol,reactor_h2_mol,water_kg,salt_mol,export_h2_mol,export_water_kg,export_salt_mol,outlet_separator_gas_mol,flow_pump_kwh,feed_water_kg,feed_salt_mol,circulated_water_kg,time_days,altered_fraction_proxy,expansion_loading,crack_opening_fraction,porosity,area_factor,passivation_factor,pore_access_factor,permeability_ratio,generated_h2_kg,retained_h2_kg,dissolved_h2_kg,free_h2_kg,exported_h2_kg,outlet_collected_h2_kg,outlet_uncollected_gas_h2_kg,outlet_residual_dissolved_h2_kg,endpoint_collected_h2_kg,endpoint_residual_h2_kg,endpoint_uncollected_gas_h2_kg,salt_molality,water_consumed_kg,remaining_reactive_fe_kg,flow_head_bar,solid_mass_gain_kg,total_deliverable_h2_kg,gross_electricity_kwh,outlet_delivered_electricity_kwh,new_feed_heater_kwh,standalone_engineering_balance_kwh,h2_balance_error_kg,water_balance_error_kg,salt_balance_error_kg,hydrogen_recovery_balance_error_kg
intrinsic_limited,once_through,0.0,0.0,20000.0,90000.0,0.0,0.0,0.0,0.0,0.0,0.0,0.0,0.0,0.0,0.0,0.0,0.0,0.35,1.0,1.0,1.0,1.0,0.0,0.0,0.0,0.0,0.0,0.0,0.0,0.0,0.0,0.0,0.0,4.5,0.0,591.8704059999999,5.0,0.0,0.0,0.0,0.0,0.0,-907.7186152246713,0.0,0.0,0.0,0.0
intrinsic_limited,once_through,6.685061627788489,5.683804038256323,19997.041153666905,89998.00576960917,1.0012575895321612,6666.666666666666,30001.99423039084,0.0,35.41566647783082,6666.666666666666,29999.999999999985,0.0,1.0,0.0018922753840332144,0.0004919915998486357,0.0,0.34950800840015134,1.0,0.9962226016184901,0.9985529658827981,0.9942831186482467,0.013476282034226258,0.011457866884640155,0.011457866884640155,0.0,0.002018415149586093,0.0,0.0,0.002018415149586093,0.0,0.011457866884640155,0.0,4.500566112657423,2.958846333091687,590.7504242001885,5.028748760008747,2.9453700510574605,0.0,0.0,0.0,243.73541403508767,-1186.8696957375898,9.847536119877986e-18,-1.8189894035458565e-12,8.504546713083983e-13,1.0408340855860843e-17
intrinsic_limited,once_through,13.322799066783606,9.715766680592697,19994.10325328918,89992.81578119309,3.6070323861909057,13333.333333333336,60007.184218806884,0.0,70.8395727118365,13333.333333333336,59999.99999999998,0.0,2.0,0.0037711551701633678,0.0009805003442424757,0.0,0.3490194996557575,1.0,0.9924860615077371,0.9971161754581104,0.988634348947181,0.026857164182747733,0.019585819736073203,0.019585819736073203,0.0,0.007271344446674523,0.0,0.0,0.007271344446674523,0.0,0.019585819736073203,0.0,4.500967842425671,5.896746710816897,589.6383708583463,5.057481570739083,5.869889546634149,0.0,0.0,0.0,487.47082807017546,-1466.0290160066834,6.266613894467809e-18,-7.275957614183426e-12,-4.2522733565419915e-13,6.938893903907228e-18
intrinsic_limited,once_through,19.913840828887157,12.564417716567414,19991.186020683876,89985.36196571305,7.349423112319737,20000.000000000004,90014.63803428697,0.0,106.27170516752855,20000.000000000004,89999.99999999997,0.0,3.0,0.005636817265142346,0.00146557248893701,0.0,0.34853442751106295,1.0,0.9887896747555531,0.9956894926795969,0.9830524511147531,0.040143913450137035,0.025328358386473918,0.025328358386473918,0.0,0.01481555506366311,0.0,0.0,0.01481555506366311,0.0,0.025328358386473918,0.0,4.501251795296673,8.813979316121353,588.5341406767322,5.086198599403464,8.773835402671216,0.0,0.0,0.0,731.2062421052631,-1745.196562497463,1.074276667623053e-17,-3.637978807091713e-12,1.7009093426167966e-12,6.938893903907228e-18
intrinsic_limited,once_through,26.4588031623637,14.565581666240172,19988.289183096003,89976.311966071,11.89322149612352,26666.66666666667,120023.688033929,0.0,141.7120528699947,26666.66666666667,119999.99999999994,0.0,4.0,0.0074894361043735015,0.0019472533871371105,0.0,0.34805274661286284,1.0,0.9851327530623538,0.994272784155479,0.9775362156926188,0.053337772118945734,0.029362464769340235,0.029362464769340235,0.0,0.023975307349605478,0.0,0.0,0.023975307349605478,0.0,0.029362464769340235,0.0,4.501451381950363,11.71081690399512,587.4376304121934,5.114900010591755,11.657479131876174,0.0,0.0,0.0,974.9416561403509,-2024.372324235017,1.7904611127050882e-17,0.0,3.401818685233593e-12,2.0816681711721685e-17
intrinsic_limited,once_through,32.95829036689642,15.959949635803666,19985.412473059077,89966.14396931014,16.99834073109276,33333.33333333334,150033.85603068987,0.0,177.16060670275206,33333.33333333334,149999.99999999994,0.0,5.0,0.009329182741091454,0.002425587512683778,0.0,0.3475744124873162,1.0,0.9815146242463936,0.9928659190803418,0.9720844626166543,0.06643995838481916,0.03217334327182389,0.03217334327182389,0.0,0.03426661511299527,0.0,0.0,0.03426661511299527,0.0,0.03217334327182389,0.0,4.501590552138323,14.587526940918124,586.348738823382,5.143585966327467,14.521086982533305,0.0,0.0,0.0,1218.6770701754388,-2303.5562921028622,-1.4323688901640707e-17,0.0,3.401818685233593e-12,-1.3877787807814457e-17
intrinsic_limited,once_through,39.41289509862386,16.920017401709263,19982.555628260125,89955.20035927875,22.492877696914608,40000.000000000015,180044.79964072126,0.0,212.61735890176834,40000.000000000015,179999.99999999994,0.0,6.0,0.011156224932705875,0.002900618482503528,0.0,0.3470993815174965,1.0,0.9779346317667666,0.9914687691691073,0.9666960403216629,0.07945166697141387,0.03410872467975767,0.03410872467975767,0.0,0.04534294229165622,0.0,0.0,0.04534294229165622,0.0,0.03410872467975767,0.0,4.501686472578139,17.44437173987115,585.2673666196521,5.172256626122392,17.364920072899736,0.0,0.0,0.0,1462.4124842105264,-2582.748458336966,-1.4323688901640707e-17,0.0,3.401818685233593e-12,-1.3877787807814457e-17
intrinsic_limited,once_through,45.82319866553666,17.56939830680147,19979.718391408915,89943.7261820326,28.253800358735198,46666.666666666686,210056.27381796748,0.0,248.08230269030963,46666.666666666686,209999.99999999994,0.0,7.0,0.012970727224416563,0.0033723890783483065,0.0,0.3466276109216517,1.0,0.9743921342634307,0.9900812085930932,0.9613698248787858,0.09237406972588204,0.035417798658714944,0.035417798658714944,0.0,0.05695627106716711,0.0,0.0,0.05695627106716711,0.0,0.035417798658714944,0.0,4.501751447142895,20.281608591080115,584.1934164115693,5.200912147029812,20.189234521354233,0.0,0.0,0.0,1706.1478982456144,-2861.948816160595,-2.148553335246106e-17,0.0,6.803637370467186e-12,-1.3877787807814457e-17
intrinsic_limited,once_through,52.18977131359667,17.996668639546094,19976.90051011134,89931.89672146083,34.19310267405059,53333.33333333335,240068.10327853923,0.0,283.5554320153973,53333.33333333335,239999.99999999994,0.0,8.0,0.01477285103020241,0.003840941267852627,0.0,0.34615905873214736,1.0,0.9708865051135411,0.9887031139180805,0.9561047191642471,0.10520831619565325,0.036279124377088176,0.036279124377088176,0.0,0.0689291918185651,0.0,0.0,0.0689291918185651,0.0,0.036279124377088176,0.0,4.501794293661404,23.099489888654027,583.1267926629765,5.229552683696211,22.994281572458373,0.0,0.0,0.0,1949.8833122807018,-3141.15735952077,-2.864737780328141e-17,-7.275957614183426e-12,6.803637370467186e-12,-2.7755575615628914e-17
intrinsic_limited,once_through,58.51317250392539,18.26529283258605,19974.101736746725,89919.83726700683,40.24787967133936,60000.00000000002,270080.1627329932,0.0,319.03674135756853,60000.00000000002,269999.99999999994,0.0,9.0,0.016562754711282424,0.0043063162249334305,0.0,0.34569368377506654,1.0,0.9674171320034213,0.9873343640443134,0.9508996520580884,0.1179555341872131,0.03682063851535356,0.03682063851535356,0.0,0.08113489567185958,0.0,0.0,0.08113489567185958,0.0,0.03682063851535356,0.0,4.501821331047876,25.89826325327015,582.0674016445548,5.258178388411652,25.780307719082938,0.0,0.0,0.0,2193.61872631579,-3420.37408289803,-4.297106670492212e-17,-7.275957614183426e-12,3.401818685233593e-12,-2.7755575615628914e-17
intrinsic_limited,once_through,64.79395118139337,18.42073806432918,19971.321828348944,89907.63728346702,46.373213117064196,66666.6666666667,300092.36271653307,0.0,354.5262255935197,66666.6666666667,299999.99999999994,0.0,10.0,0.018340593652142727,0.004768554349557109,0.0,0.3452314456504429,1.0,0.9639834165155257,0.9859748401483616,0.945753577671649,0.13061683030754725,0.0371339974491199,0.0371339974491199,0.0,0.09348283285842736,0.0,0.0,0.09348283285842736,0.0,0.0371339974491199,0.0,4.501837087009669,28.678171651053223,581.0151513888253,5.2867894111587725,28.547554820745674,0.0,0.0,0.0,2437.354140350878,-3699.598981169069,-1.4323688901640707e-17,0.0,1.0205456055700779e-11,0.0
intrinsic_limited,once_through,71.03264603492795,18.495573894293976,19968.560546491208,89895.36056754684,52.537072140633974,73333.33333333337,330104.63943245326,0.0,390.0238798968944,73333.33333333337,329999.99999999994,0.0,11.0,0.02010652033421934,0.005227695286897028,0.0,0.34477230471310294,1.0,0.9605847737297807,0.9846244256267734,0.9406654746025792,0.14319329048889054,0.03728485750202934,0.03728485750202934,0.0,0.1059084329868612,0.0,0.0,0.1059084329868612,0.0,0.03728485750202934,0.0,4.501844805400501,31.439453508789125,579.9699516465382,5.315385899660498,31.296260218300233,0.0,0.0,0.0,2681.089554385966,-3978.8320495075313,0.0,0.0,1.0205456055700779e-11,0.0
intrinsic_limited,once_through,77.2297857498435,18.513127410743326,19965.81765717439,89883.05252740957,58.716658339100185,80000.00000000004,360116.9474725905,0.0,425.52969966658566,80000.00000000004,359999.99999999994,0.0,12.0,0.02186068440732283,0.005683777945903936,0.0,0.34431622205409607,1.0,0.957220631838719,0.9832830060414591,0.9356343452162511,0.15568598049739452,0.03732024328476925,0.03732024328476925,0.0,0.11836573721262528,0.0,0.0,0.11836573721262528,0.0,0.03732024328476925,0.0,4.501846809920733,34.182342825607684,578.9317138444,5.343967999426487,34.02665684511029,0.0,0.0,0.0,2924.8249684210537,-4258.07328331231,-1.4323688901640707e-17,0.0,6.803637370467186e-12,0.0
intrinsic_limited,once_through,83.38588925248499,18.490102909640708,19963.092930718736,89870.74539987043,64.89578634284427,86666.66666666672,390129.25460012973,0.0,461.04368047488447,86666.66666666672,389999.99999999994,0.0,13.0,0.023603232758887212,0.006136840517310675,0.0,0.3438631594826893,1.0,0.9538904317758498,0.9819504690667333,0.930659214952473,0.1680959464262994,0.03727382865348651,0.03727382865348651,0.0,0.1308221177728129,0.0,0.0,0.1308221177728129,0.0,0.03727382865348651,0.0,4.501844764824966,36.907069281263325,577.9003510440849,5.3725358537983645,36.73897333483703,0.0,0.0,0.0,3168.5603824561413,-4537.322678155697,0.0,0.0,1.3607274740934373e-11,-2.7755575615628914e-17
intrinsic_limited,once_through,89.50146594746336,18.438459345707507,19960.386141658862,89858.4619892917,71.06300660175584,93333.33333333339,420141.53801070846,0.0,496.5658180299398,93333.33333333339,419999.99999999994,0.0,14.0,0.02533430958112184,0.006586920491091679,0.0,0.3434130795089083,1.0,0.950593626856733,0.9806267044379657,0.9257391316564736,0.18042421517417243,0.03716972142582484,0.03716972142582484,0.0,0.14325449374834756,0.0,0.0,0.14325449374834756,0.0,0.03716972142582484,0.0,4.501839861792561,39.61385834113678,576.8757779024917,5.40108960399377,39.43343412596261,0.0,0.0,0.0,3412.2957964912293,-4816.58022974584,2.864737780328141e-17,0.0,1.3607274740934373e-11,2.7755575615628914e-17
intrinsic_limited,once_through,95.57701594775027,18.366755779443658,19957.697068641923,89846.21834688567,77.2102601683066,100000.00000000006,450153.7816531145,0.0,532.0961081485427,100000.00000000006,449999.99999999994,0.0,15.0,0.02705405643614211,0.007034054673396948,0.0,0.342965945326603,1.0,0.94732968243225,0.9793116039017736,0.9208731649331612,0.1926717949087508,0.037025175640664876,0.037025175640664876,0.0,0.1556466192680859,0.0,0.0,0.1556466192680859,0.0,0.037025175640664876,0.0,4.50183295386593,42.30293135807635,575.8579106331936,5.429629389149276,42.1102595631676,0.0,0.0,0.0,3656.031210526317,-5095.845933899531,0.0,0.0,1.0205456055700779e-11,2.7755575615628914e-17
intrinsic_limited,once_through,101.61303029788749,18.28111552128192,19955.025494328806,89834.02569058059,83.33191477660556,106666.66666666673,480165.9743094195,0.0,567.6345467363554,106666.66666666673,479999.99999999994,0.0,16.0,0.028762612319151133,0.007478279202979295,0.0,0.3425217207970207,1.0,0.9440980755535855,0.978005061167708,0.9160604055237226,0.2048396755169054,0.03685253515704179,0.03685253515704179,0.0,0.1679871403598636,0.0,0.0,0.1679871403598636,0.0,0.03685253515704179,0.0,4.501824651444886,44.97450567119162,574.8466669690433,5.458155346362165,44.769665995674714,0.0,0.0,0.0,3899.7666245614055,-5375.119786522432,2.864737780328141e-17,0.0,1.0205456055700779e-11,2.7755575615628914e-17
intrinsic_limited,once_through,107.60999119055653,18.185916998894974,19952.37120529829,89821.89178060748,89.42407419166155,113333.3333333334,510178.10821939266,0.0,603.1811297735117,113333.3333333334,509999.99999999994,0.0,17.0,0.030460113719742037,0.00791962956713293,0.0,0.34208037043286704,1.0,0.9408982946484594,0.9767069718613737,0.911299964703649,0.21692882904121907,0.0366606263597324,0.0366606263597324,0.0,0.18026820268148666,0.0,0.0,0.18026820268148666,0.0,0.0366606263597324,0.0,4.501815391082718,47.628794701708465,573.84196612589,5.486667610731203,47.41186587266724,0.0,0.0,0.0,4143.502038596494,-5654.401783594677,2.864737780328141e-17,0.0,1.0205456055700779e-11,0.0
intrinsic_limited,once_through,113.56837217674351,18.084288779109453,19949.73399195401,89809.82190502938,95.48408339763405,120000.00000000007,540190.1780949708,0.0,638.7358533040891,120000.00000000007,539999.9999999999,0.0,18.0,0.03214669468138727,0.00835814061716069,0.0,0.3416418593828393,1.0,0.9377298392081674,0.9754172334789392,0.9065909737013491,0.22894021010365367,0.03645575606403116,0.03645575606403116,0.0,0.19248445403962253,0.0,0.0,0.19248445403962253,0.0,0.03645575606403116,0.0,4.50180548478746,50.26600804598915,572.8437287673692,5.515166315396285,50.0370678358855,0.0,0.0,0.0,4387.237452631581,-5933.691921160341,0.0,-1.4551915228366852e-11,1.3607274740934373e-11,0.0
intrinsic_limited,once_through,119.48863836972467,17.978464243267542,19947.11364843418,89797.81958575116,101.51017412645712,126666.66666666674,570202.180414249,0.0,674.2987134283794,126666.66666666674,569999.9999999999,0.0,19.0,0.0338224868591788,0.00879384658338649,0.0,0.3412061534166135,1.0,0.9345922194850066,0.9741357453429809,0.901932583136506,0.24087475631676056,0.03624242649871817,0.03624242649871817,0.0,0.20463232981804236,0.0,0.0,0.20463232981804236,0.0,0.03624242649871817,0.0,4.501795155350717,52.88635156581754,571.8518769707281,5.54365159157717,52.64547680950078,0.0,0.0,0.0,4630.972866666669,-6212.9901953197195,2.864737780328141e-17,0.0,1.3607274740934373e-11,2.7755575615628914e-17
intrinsic_limited,once_through,125.37124664308895,17.870035692668775,19944.509972523952,89785.88708423318,107.50121095042016,133333.3333333334,600214.112915767,0.0,709.8697062971734,133333.3333333334,599999.9999999999,0.0,20.0,0.035487619575880446,0.009226781089728917,0.0,0.34077321891027107,1.0,0.9314849561996854,0.9728624085596208,0.8973239624774236,0.25273338868287015,0.036023847552137125,0.036023847552137125,0.0,0.21670954113073299,0.0,0.0,0.21670954113073299,0.0,0.036023847552137125,0.0,4.5017845616625545,55.49002747604498,570.8663341936501,5.5721235686111505,55.23729408736211,0.0,0.0,0.0,4874.708280701756,-6492.2966022236005,2.864737780328141e-17,0.0,2.0410912111401557e-11,5.551115123125783e-17
intrinsic_limited,once_through,131.21664582300514,17.76013639098427,19941.922765570307,89774.02576368728,113.45650943202087,140000.00000000006,630225.9742363129,0.0,745.4488281075039,140000.00000000006,629999.9999999999,0.0,21.0,0.03714221987635105,0.009656977167851273,0.0,0.3403430228321487,1.0,0.9284075802583314,0.971597125976908,0.8927642995165879,0.2645170119816796,0.035802303747857374,0.035802303747857374,0.0,0.2287147082338222,0.0,0.0,0.2287147082338222,0.0,0.035802303747857374,0.0,4.501773816849896,58.07723442968885,569.8870252420428,5.6005823739898535,57.81271741770717,0.0,0.0,0.0,5118.443694736844,-6771.611138069019,0.0,0.0,2.0410912111401557e-11,0.0
intrinsic_limited,once_through,137.02527687493267,17.64957097276266,19939.35183239943,89762.23634844241,119.37570590217003,146666.66666666672,660237.7636515578,0.0,781.0360750994405,146666.66666666672,659999.9999999999,0.0,22.0,0.03878641258039492,0.010084467270902678,0.0,0.3399155327290973,1.0,0.9253596324787293,0.9703398021444039,0.8882527998637509,0.27622651514663926,0.03557941713257279,0.03557941713257279,0.0,0.2406470980140665,0.0,0.0,0.2406470980140665,0.0,0.03557941713257279,0.0,4.501763001272081,60.64816760057181,568.913876238758,5.629028133395076,60.37194108542517,0.0,0.0,0.0,5362.179108771931,-7050.933799096043,-2.864737780328141e-17,0.0,2.0410912111401557e-11,-5.551115123125783e-17
intrinsic_limited,once_through,142.79757308496715,17.53890885756814,19936.796981236414,89750.51910963915,125.25866422739902,153333.33333333337,690249.4808903611,0.0,816.631443553645,153333.33333333337,689999.9999999999,0.0,23.0,0.0404203203340935,0.01050928328686431,0.0,0.3394907167131357,1.0,0.9223406633254382,0.9690903432739285,0.8837886864558463,0.28786277163052354,0.035356335587794455,0.035356335587794455,0.0,0.2525064360427291,0.0,0.0,0.2525064360427291,0.0,0.035356335587794455,0.0,4.501752171831221,63.20301876358639,567.94681459321,5.657460970733752,62.91515599195587,0.0,0.0,0.0,5605.914522807019,-7330.264581585336,-2.864737780328141e-17,0.0,2.0410912111401557e-11,0.0
intrinsic_limited,once_through,148.5339602360045,17.42855115994312,19934.25802362733,89738.87399814482,131.10540907606142,160000.00000000003,720261.1260018554,0.0,852.2349297894772,160000.00000000003,719999.9999999999,0.0,24.0,0.042044063659670484,0.010931456551514326,0.0,0.33906854344848564,1.0,0.9193502326534485,0.9678486572014284,0.8793711990830827,0.2994266397605567,0.03513386771230613,0.03513386771230613,0.0,0.2642927720482507,0.0,0.0,0.2642927720482507,0.0,0.03513386771230613,0.0,4.501741368641897,65.74197637266622,566.9857689718609,5.685881008172069,65.44254973290566,0.0,0.0,0.0,5849.649936842105,-7609.603481856253,-5.729475560656283e-17,0.0,2.0410912111401557e-11,-1.1102230246251565e-16
intrinsic_limited,once_through,154.23485677889957,17.318778611730828,19931.734774363456,89727.30073966105,136.9160781671688,166666.6666666667,750272.6992603391,0.0,887.8465301635006,166666.6666666667,749999.9999999999,0.0,25.0,0.04365776100394001,0.011351017861024403,0.0,0.3386489821389756,1.0,0.9163879094600607,0.9666146533499282,0.8749995939306063,0.310918963083448,0.03491257942781594,0.03491257942781594,0.0,0.2760063836556322,0.0,0.0,0.2760063836556322,0.0,0.03491257942781594,0.0,4.501730619808862,68.26522563654179,566.030669269547,5.7142883661687,67.95430667345833,0.0,0.0,0.0,6093.385350877194,-7888.9504962653655,-1.1458951121312565e-16,0.0,2.0410912111401557e-11,-1.1102230246251565e-16
intrinsic_limited,once_through,159.90067399878896,17.20978588231324,19929.22705140764,89715.79890274857,142.69088811647575,173333.33333333334,780284.2010972516,0.0,923.4662410682776,173333.33333333334,779999.9999999999,0.0,26.0,0.04526152878538602,0.011767997484200366,0.0,0.3382320025157996,1.0,0.9134532716446737,0.9653882426935283,0.8706731431351141,0.3223405707006787,0.034692863164437614,0.034692863164437614,0.0,0.2876477075362411,0.0,0.0,0.2876477075362411,0.0,0.034692863164437614,0.0,4.501719944849129,70.77294859235593,565.0814465816128,5.742683163507299,70.45060802165526,0.0,0.0,0.0,6337.120764912281,-8168.30562120523,-5.729475560656283e-17,0.0,2.0410912111401557e-11,0.0
intrinsic_limited,once_through,165.5318161767402,17.101706155292106,19926.734675822787,89704.36794745574,148.43011002144814,180000.0,810295.6320525445,0.0,959.0940589313759,180000.0,809999.9999999999,0.0,27.0,0.046855481439918745,0.012182425174378874,0.0,0.3378175748256211,1.0,0.9105459057761914,0.964169337722415,0.8663911343558738,0.333692277594367,0.03447498740433025,0.03447498740433025,0.0,0.29921729019003684,0.0,0.0,0.29921729019003684,0.0,0.03447498740433025,0.0,4.5017093571429205,73.26532417721062,564.1380331768298,5.771065517328146,72.93163189961625,0.0,0.0,0.0,6580.856178947369,-8447.668853103416,-1.1458951121312565e-16,0.0,2.0410912111401557e-11,-1.1102230246251565e-16
intrinsic_limited,once_through,171.12868074688444,16.99462872595388,19924.257471702284,89693.00726005436,154.13405202093062,186666.66666666666,840306.9927399458,0.0,994.7299802145301,186666.66666666666,839999.9999999999,0.0,28.0,0.048439731465352714,0.012594330180991707,0.0,0.33740566981900827,1.0,0.9076654068677621,0.9629578524088479,0.8621528703595879,0.3449748849440294,0.03425913215607591,0.03425913215607591,0.0,0.3107157527879536,0.0,0.0,0.3107157527879536,0.0,0.03425913215607591,0.0,4.50169886568883,75.74252829771481,563.2003624710705,5.799435543159061,75.39755341277079,0.0,0.0,0.0,6824.591592982456,-8727.040188421657,-1.1458951121312565e-16,0.0,1.3607274740934373e-11,-1.1102230246251565e-16
intrinsic_limited,once_through,176.69165844918217,16.88861159985995,19921.7952661024,89681.71617782894,159.80304684932227,193333.3333333333,870318.2838221713,0.0,1030.3740014129153,193333.3333333333,869999.9999999999,0.0,29.0,0.05001438946464868,0.013003741260808657,0.0,0.3369962587391913,1.0,0.904811378158582,0.9617537021740922,0.8579576686185886,0.35618918043453734,0.03404541435192567,0.03404541435192567,0.0,0.32214376608261175,0.0,0.0,0.32214376608261175,0.0,0.03404541435192567,0.0,4.5016884763606315,78.2047338975994,562.2683690017162,5.827793354945565,77.84854471716486,0.0,0.0,0.0,7068.327007017543,-9006.419623655129,-1.1458951121312565e-16,0.0,2.0410912111401557e-11,-5.551115123125783e-17
intrinsic_limited,once_through,182.22113347796676,16.783690511186094,19919.347888976536,89670.49400674242,165.43744296678068,199999.99999999997,900329.5059932577,0.0,1066.0261190545068,199999.99999999997,899999.9999999999,0.0,30.0,0.05157956418796037,0.013410686688869697,0.0,0.3365893133111303,1.0,0.9019834309025037,0.9605568038562656,0.8538048609218638,0.3673359385555636,0.03383390602768982,0.03383390602768982,0.0,0.3335020325278738,0.0,0.0,0.3335020325278738,0.0,0.03383390602768982,0.0,4.50167819280703,80.65211102346349,561.3419884027688,5.856139065080325,80.28477508490792,0.0,0.0,0.0,7312.062421052629,-9285.807155331806,0.0,0.0,1.3607274740934373e-11,0.0
intrinsic_limited,once_through,187.71748362640503,16.67988537699745,19916.915173111283,89659.3400340038,171.0375982494076,206666.66666666663,930340.6599659964,0.0,1101.6863296995014,206666.66666666663,929999.9999999999,0.0,31.0,0.053135362573525545,0.013815194269116642,0.0,0.33618480573088333,1.0,0.8991811841632011,0.9593670756790686,0.8496937929984328,0.37841592089279735,0.03362464733378162,0.03362464733378162,0.0,0.3447912735590158,0.0,0.0,0.3447912735590158,0.0,0.03362464733378162,0.0,4.501668017095734,83.08482688871342,560.4211573806502,5.884472784431911,82.70641096782063,0.0,0.0,0.0,7555.797835087718,-9565.20278001189,-5.729475560656283e-17,0.0,2.0410912111401557e-11,-5.551115123125783e-17
intrinsic_limited,once_through,193.18108042700817,16.577204915335866,19914.496954064245,89648.25353698622,176.60387551167233,213333.3333333333,960351.746463014,0.0,1137.3546299397844,213333.3333333333,959999.9999999999,0.0,32.0,0.05468188978743907,0.014217291344734158,0.0,0.3357827086552658,1.0,0.8964042646156529,0.9581844372213701,0.845623824152624,0.3894298764111972,0.033417655844727265,0.033417655844727265,0.0,0.35601222056647,0.0,0.0,0.35601222056647,0.0,0.033417655844727265,0.0,4.501657950174351,85.50304593575368,559.5058136906612,5.91279462237285,85.11361605934248,0.0,0.0,0.0,7799.5332491228055,-9844.60649428726,-5.729475560656283e-17,0.0,2.0410912111401557e-11,-5.551115123125783e-17
intrinsic_limited,once_through,198.61228928832156,16.475649948459782,19912.09307010351,89637.23378953381,182.1366393398618,219999.99999999997,990362.7662104664,0.0,1173.031016398437,219999.99999999997,989999.9999999999,0.0,33.0,0.05621924926234436,0.014617004808209533,0.0,0.33538299519179043,1.0,0.8936523063537171,0.957008809387619,0.8415943269108046,0.40037854173054166,0.03321293321810111,0.03321293321810111,0.0,0.36716560851244057,0.0,0.0,0.36716560851244057,0.0,0.03321293321810111,0.0,4.501647992200141,87.90692989648664,558.595896114081,5.941104686807043,87.5065513547561,0.0,0.0,0.0,8043.2686631578945,-10124.018294781003,-5.729475560656283e-17,0.0,2.0410912111401557e-11,0.0
intrinsic_limited,once_through,204.01146962791768,16.375215764626535,19909.703362148823,89626.28006640088,187.63625386329116,226666.66666666663,1020373.7199335994,0.0,1208.7154857292653,226666.66666666663,1019999.9999999999,0.0,34.0,0.05774754273507838,0.015014361111120379,0.0,0.3349856388888796,1.0,0.8909249507035774,0.9558401143790577,0.8376046866791539,0.41126264139352664,0.03301046995559534,0.03301046995559534,0.0,0.37825217143793133,0.0,0.0,0.37825217143793133,0.0,0.03301046995559534,0.0,4.501638142775808,90.296637851176,557.6913444358868,5.969403084196519,89.88537520978248,0.0,0.0,0.0,8287.004077192982,-10403.438178146918,-5.729475560656283e-17,0.0,2.0410912111401557e-11,0.0
intrinsic_limited,once_through,209.3789750018107,16.275893805830464,19907.327673714273,89615.39164635568,193.10308119598028,233333.33333333328,1050384.6083536446,0.0,1244.4080346163587,233333.33333333328,1049999.9999999998,0.0,35.0,0.0592668702833038,0.01540938627365899,0.0,0.33459061372634097,1.0,0.8882218460428527,0.9546782756657088,0.8336543014120646,0.42208288812665007,0.03281024880529751,0.03281024880529751,0.0,0.3892726393213527,0.0,0.0,0.3892726393213527,0.0,0.03281024880529751,0.0,4.50162840111806,92.67232628572633,556.7920994230716,5.9976899195876205,92.25024339759968,0.0,0.0,0.0,8530.739491228069,-10682.866141069098,-1.1458951121312565e-16,0.0,2.7214549481868745e-11,-1.1102230246251565e-16
intrinsic_limited,once_through,214.71515323040762,16.17767287300099,19904.96585085257,89604.56781432994,198.5374803574067,239999.99999999994,1080395.4321856701,0.0,1280.1086597736603,239999.99999999994,1079999.9999999998,0.0,36.0,0.06077733036116076,0.015802105893901797,0.0,0.3341978941060982,1.0,0.8855426476251678,0.9535232179591123,0.8297425812908089,0.4328399830941141,0.032612247191225234,0.032612247191225234,0.0,0.400227735902889,0.0,0.0,0.400227735902889,0.0,0.032612247191225234,0.0,4.501618766177988,95.03414914742983,555.8981028035436,6.025965296636494,94.60130916433572,0.0,0.0,0.0,8774.474905263156,-10962.302180261488,-1.718842668196885e-16,0.0,1.3607274740934373e-11,-1.6653345369377348e-16
intrinsic_limited,once_through,220.0203465211066,16.08053998579817,19902.617742100774,89593.80786288709,203.93980653530846,246666.6666666666,1110406.192137113,0.0,1315.817357944555,246666.6666666666,1109999.9999999998,0.0,37.0,0.06227901983396953,0.016192545156832078,0.0,0.3338074548431679,1.0,0.8828870174099933,0.9523748671857879,0.8258689484120721,0.44353461614496836,0.03241643894657081,0.03241643894657081,0.0,0.4111181771983976,0.0,0.0,0.4111181771983976,0.0,0.03241643894657081,0.0,4.501609236726979,97.38225789922906,555.0092972455864,6.0542293176340864,96.93872328308409,0.0,0.0,0.0,9018.210319298245,-11241.746292467471,-5.729475560656283e-17,2.9103830456733704e-11,2.7214549481868745e-11,-5.551115123125783e-17
intrinsic_limited,once_through,225.294891587648,15.984480995203583,19900.28319842746,89583.11109320485,209.31041059244444,253333.33333333326,1140416.8889067953,0.0,1351.5341259014692,253333.33333333326,1139999.9999999998,0.0,38.0,0.06377203401201413,0.016580728843123674,0.0,0.3334192711568763,1.0,0.8802546238975685,0.951233150461401,0.8220328364860237,0.45416746605370784,0.032222795548610995,0.032222795548610995,0.0,0.4219446705050969,0.0,0.0,0.4219446705050969,0.0,0.032222795548610995,0.0,4.501599811417949,99.71680157254232,554.1256263378633,6.082482083530505,99.26263410648862,0.0,0.0,0.0,9261.945733333332,-11521.198474459472,0.0,0.0,2.7214549481868745e-11,-5.551115123125783e-17
intrinsic_limited,once_through,230.5391197663218,15.88948101921881,19897.962073181305,89572.47681571131,214.649638747103,259999.9999999999,1170427.5231842888,0.0,1387.258960445482,259999.9999999999,1169999.9999999998,0.0,39.0,0.06525646668343597,0.016966681337693353,0.0,0.3330333186623066,1.0,0.877645141968731,0.9500979960656077,0.8182336905435699,0.46473920075453273,0.03203128699702281,0.03203128699702281,0.0,0.43270791375751,0.0,0.0,0.43270791375751,0.0,0.03203128699702281,0.0,4.501590488828908,102.03792681869778,553.2470345699492,6.110723693958867,101.57318761794325,0.0,0.0,0.0,9505.681147368417,-11800.65872303857,-5.729475560656283e-17,2.9103830456733704e-11,1.3607274740934373e-11,-5.551115123125783e-17
intrinsic_limited,once_through,235.75335712912872,15.795524752013279,19895.654222040983,89561.90435047552,219.9578323771155,266666.6666666666,1200438.0956495246,0.0,1422.991858405945,266666.6666666666,1199999.9999999998,0.0,40.0,0.06673241014626534,0.01735042663802899,0.0,0.332649573361971,1.0,0.8750582527294815,0.9489693334175617,0.8144709666524746,0.475250477569468,0.03184188243708853,0.03184188243708853,0.0,0.44340859513237957,0.0,0.0,0.44340859513237957,0.0,0.03184188243708853,0.0,4.501581267493895,104.34577795901924,552.3734673133714,6.138954247258567,103.87052748144977,0.0,0.0,0.0,9749.416561403506,-12080.127035034122,-1.1458951121312565e-16,0.0,1.3607274740934373e-11,-1.1102230246251565e-16
intrinsic_limited,once_through,240.93792459399117,15.70259668256216,19893.359502966396,89551.39302742339,225.23532791142907,273333.3333333333,1230448.6069725768,0.0,1458.7328166401119,273333.3333333333,1229999.9999999998,0.0,41.0,0.06819995523961762,0.017731988362300583,0.0,0.33226801163769937,1.0,0.8724936433601197,0.947847093052057,0.8107441316420225,0.48570194343053485,0.03165455060044341,0.03165455060044341,0.0,0.4540473928300916,0.0,0.0,0.4540473928300916,0.0,0.03165455060044341,0.0,4.5015721459248725,106.64049703360608,551.5048708031455,6.167173840498064,106.15479509017554,0.0,0.0,0.0,9993.151975438595,-12359.603407303377,-1.1458951121312565e-16,0.0,2.7214549481868745e-11,-1.6653345369377348e-16
intrinsic_limited,once_through,246.09313803210514,15.61068124857539,19891.077776151156,89540.94218643024,230.48245678352978,280000.0,1260459.05781357,0.0,1494.4818320327736,280000.0,1259999.9999999998,0.0,42.0,0.06965919137408053,0.018111389757260937,0.0,0.331888610242739,1.0,0.8699510069687959,0.9467312065962913,0.8070526628359386,0.4960942350961601,0.03146926011537815,0.03146926011537815,0.0,0.464624974980782,0.0,0.0,0.464624974980782,0.0,0.03146926011537815,0.0,4.501563122627137,108.9222238488478,550.6411921197912,6.195382569497108,108.42612961375164,0.0,0.0,0.0,10236.887389473684,-12639.087836731129,-5.729475560656283e-17,0.0,2.7214549481868745e-11,-5.551115123125783e-17
intrinsic_limited,once_through,251.21930837252123,15.519762944186176,19888.80890397629,89530.5511773274,235.69954542833506,286666.6666666667,1290469.4488226727,0.0,1530.2389014959042,286666.6666666667,1289999.9999999998,0.0,43.0,0.07111020656131664,0.018488653705942326,0.0,0.33151134629405765,1.0,0.8674300424493245,0.9456216067472284,0.8033960477932613,0.506427979361998,0.03128597972392603,0.03128597972392603,0.0,0.475141999638072,0.0,0.0,0.475141999638072,0.0,0.03128597972392603,0.0,4.501554196110152,111.19109602371228,549.7823791718097,6.223580528848524,110.68466804435027,0.0,0.0,0.0,10480.622803508772,-12918.580320229346,0.0,0.0,1.3607274740934373e-11,0.0
intrinsic_limited,once_through,256.3167417040406,15.429826394617798,19886.552750965155,89520.21935984757,240.88691530942282,293333.3333333334,1320479.7806401525,0.0,1566.0040219683108,293333.3333333334,1319999.9999999998,0.0,44.0,0.0725530874429063,0.018863802735155637,0.0,0.33113619726484433,1.0,0.8649304543431166,0.9445182272495423,0.7997737840569051,0.5167037932663414,0.031104678432382123,0.031104678432382123,0.0,0.48559911483395923,0.0,0.0,0.48559911483395923,0.0,0.031104678432382123,0.0,4.501545364895024,113.44724903484541,548.9283806786134,6.251767811939485,112.93054524157907,0.0,0.0,0.0,10724.358217543857,-13198.080854736838,0.0,0.0,1.3607274740934373e-11,1.1102230246251565e-16
intrinsic_limited,once_through,261.3857393745076,15.340856407288607,19884.309183739482,89509.94610352907,246.044882967219,300000.00000000006,1350490.0538964712,0.0,1601.777190415291,300000.00000000006,1349999.9999999998,0.0,45.0,0.07398791931845318,0.019236859022797828,0.0,0.33076314097720216,1.0,0.8624519527050902,0.9434210028741241,0.7961853789096425,0.5269222842902823,0.030925325614324956,0.030925325614324956,0.0,0.4959969586759574,0.0,0.0,0.4959969586759574,0.0,0.030925325614324956,0.0,4.501536627519672,115.69081626051856,548.0791461538918,6.279944510972287,115.16389397622828,0.0,0.0,0.0,10968.09363157895,-13477.58943721891,-5.729475560656283e-17,0.0,2.7214549481868745e-11,0.0
intrinsic_limited,once_through,266.42659808757804,15.252838006124705,19882.078070976542,89499.73078759143,251.17376008145337,306666.66666666674,1380500.2692124087,0.0,1637.558403828297,306666.66666666674,1379999.9999999998,0.0,46.0,0.07541478617297583,0.019607844404973717,0.0,0.33039215559502627,1.0,0.8599942529734261,0.9423298693971361,0.792630349137243,0.5370840505527867,0.030747891079786666,0.030747891079786666,0.0,0.5063361594730001,0.0,0.0,0.5063361594730001,0.0,0.030747891079786666,0.0,4.501527982542294,117.92192902345893,547.2346258893976,6.308110716984742,117.38484497290614,0.0,0.0,0.0,11211.829045614038,-13757.106064667007,-5.729475560656283e-17,0.0,1.3607274740934373e-11,-1.1102230246251565e-16
intrinsic_limited,once_through,271.43960999704024,15.165756453922851,19879.859283367405,89489.57280079195,256.2738535431174,313333.33333333343,1410510.4271992082,0.0,1673.3476592246059,313333.33333333343,1409999.9999999998,0.0,47.0,0.07683377070360592,0.01997678038293754,0.0,0.33002321961706244,1.0,0.8575570758430381,0.9412447635795954,0.7891082207985396,0.5471896810008334,0.030572345120333994,0.030572345120333994,0.0,0.5166173358804995,0.0,0.0,0.5166173358804995,0.0,0.030572345120333994,0.0,4.501519428543637,120.14071663259635,546.3947709391458,6.336266519870038,119.59352695159552,0.0,0.0,0.0,11455.564459649126,-14036.630734098402,0.0,0.0,2.7214549481868745e-11,-1.1102230246251565e-16
intrinsic_limited,once_through,276.4250627987618,15.079597266227928,19877.65269357624,89479.47154127038,261.34546553253386,320000.0000000001,1440520.5284587299,0.0,1709.144953646994,320000.0000000001,1439999.9999999998,0.0,48.0,0.07824495434561492,0.02034368812985988,0.0,0.3296563118701401,1.0,0.8551401471426352,0.940165623147471,0.7856185290021702,0.5572397555947679,0.030398658537043554,0.030398658537043554,0.0,0.5268410970577243,0.0,0.0,0.5268410970577243,0.0,0.030398658537043554,0.0,4.501510964128426,122.34730642375965,545.5595331040095,6.364412008396237,121.79006666816488,0.0,0.0,0.0,11699.299873684211,-14316.163442555875,0.0,0.0,2.7214549481868745e-11,0.0
intrinsic_limited,once_through,281.38323982033404,14.9943462192017,19875.45817620065,89469.42641638598,266.38889360113234,326666.6666666668,1470530.5735836143,0.0,1744.9502841634192,326666.6666666668,1469999.9999999998,0.0,49.0,0.07964841729778878,0.020708588497425084,0.0,0.3292914115025749,1.0,0.8527431977152559,0.9390923867722792,0.782160817689781,0.5672348454890149,0.03022680265636432,0.03022680265636432,0.0,0.5370080428326506,0.0,0.0,0.5370080428326506,0.0,0.03022680265636432,0.0,4.50150258792619,124.54182379935364,544.7288649167002,6.392547270225303,123.97458895386463,0.0,0.0,0.0,11943.035287719304,-14595.704187107392,0.0,0.0,2.7214549481868745e-11,0.0
intrinsic_limited,once_through,286.31442010848224,14.909989353253668,19873.275607732954,89459.43684255045,271.4044307552286,333333.3333333335,1500540.56315745,0.0,1780.7636478667068,333333.3333333335,1499999.9999999998,0.0,50.0,0.08104423854717037,0.021071502022264297,0.0,0.32892849797773566,1.0,0.8503659633021597,0.9380249940521638,0.7787346394254627,0.5771755132082871,0.030056749337437003,0.030056749337437003,0.0,0.5471187638708501,0.0,0.0,0.5471187638708501,0.0,0.030056749337437003,0.0,4.501494298591653,126.72439226704749,543.9027196271254,6.420672391931757,126.1472167538392,0.0,0.0,0.0,12186.770701754393,-14875.25296484577,0.0,0.0,4.0821824222803115e-11,0.0
intrinsic_limited,once_through,291.2188785143083,14.8265129736988,19871.1048665225,89449.50224505976,276.3923655406095,340000.0000000002,1530550.4977549408,0.0,1816.5850418742425,340000.0000000002,1529999.9999999998,0.0,51.0,0.08243249589318823,0.02143244893222894,0.0,0.328567551067771,1.0,0.8480081844299667,0.9369633854934443,0.775339555191224,0.5870623128194238,0.029888470973419935,0.029888470973419935,0.0,0.5571738418460038,0.0,0.0,0.5571738418460038,0.0,0.029888470973419935,0.0,4.501486094804838,128.89513347750358,543.0810511881053,6.448787459020889,128.30807116468415,0.0,0.0,0.0,12430.50611578948,-15154.809772888393,0.0,0.0,4.0821824222803115e-11,0.0
intrinsic_limited,once_through,296.0968857764298,14.743903649345691,19868.945832738827,89439.6220579257,281.35298212708415,346666.66666666686,1560560.3779420748,0.0,1852.4144633276692,346666.66666666686,1559999.9999999998,0.0,52.0,0.08381326597118993,0.021791449152509385,0.0,0.32820855084749057,1.0,0.8456696063009359,0.9359075024926193,0.7719751341882836,0.5968957900989893,0.02972194048864299,0.02972194048864299,0.0,0.5671738496103463,0.0,0.0,0.5671738496103463,0.0,0.02972194048864299,0.0,4.5014779752709675,131.0541672611753,542.2638142414457,6.476892555946637,130.45727147107633,0.0,0.0,0.0,12674.241529824565,-15434.374608376906,0.0,0.0,4.0821824222803115e-11,0.0
intrinsic_limited,once_through,300.9487086020771,14.662148209659223,19866.7983883358,89429.79572370845,286.2865603924179,353333.33333333355,1590570.2042762921,0.0,1888.2519093925891,353333.33333333355,1589999.9999999998,0.0,53.0,0.08518662427539753,0.022148522311603358,0.0,0.3278514776883966,1.0,0.8433499786862843,0.9348572873188137,0.7686409536440059,0.6066764826967551,0.029557131332887832,0.029557131332887832,0.0,0.5771193513638674,0.0,0.0,0.5771193513638674,0.0,0.029557131332887832,0.0,4.501469938720197,133.20161166420112,541.450964104351,6.504987766129018,132.59493518150438,0.0,0.0,0.0,12917.976943859652,-15713.947468476912,-1.1458951121312565e-16,0.0,4.0821824222803115e-11,-1.1102230246251565e-16
intrinsic_limited,once_through,305.77460974620885,14.581233740957392,19864.662417016578,89420.02269335184,291.1933760052514,360000.00000000023,1620579.9773066486,0.0,1924.0973772582715,360000.00000000023,1619999.9999999998,0.0,54.0,0.0865526451813019,0.022503687747138495,0.0,0.32749631225286147,1.0,0.8410490558224442,0.9338126830966514,0.7653365986242757,0.6164049202951875,0.029394017473721185,0.029394017473721185,0.0,0.5870109028214662,0.0,0.0,0.5870109028214662,0.0,0.029394017473721185,0.0,4.501461983907281,135.33758298342156,540.6424567561688,6.53307317197127,134.72117806312636,0.0,0.0,0.0,13161.712357894745,-15993.528350377686,1.1458951121312565e-16,0.0,4.0821824222803115e-11,1.1102230246251565e-16
intrinsic_limited,once_through,310.5748480887025,14.501147581968528,19862.537804199455,89410.30242602028,296.073700506734,366666.6666666669,1650589.6975739803,0.0,1959.9508641373645,366666.6666666669,1649999.9999999998,0.0,55.0,0.08791140196751242,0.02285696451155323,0.0,0.32714303548844675,1.0,0.8387665963101669,0.9327736337895494,0.7620616618511519,0.6260816247650535,0.029232573387538714,0.029232573387538714,0.0,0.5968490513775149,0.0,0.0,0.5968490513775149,0.0,0.029232573387538714,0.0,4.5014541096111405,137.46219580054407,539.8382488254592,6.561148854876542,136.83611417577902,0.0,0.0,0.0,13405.447771929832,-16273.117251291867,-1.1458951121312565e-16,0.0,5.442909896373749e-11,-1.1102230246251565e-16
intrinsic_limited,once_through,315.34967870967705,14.421877318981531,19860.42443698452,89400.63438893955,300.92780139069555,373333.3333333336,1680599.365611061,0.0,1995.8123672656125,373333.3333333336,1679999.9999999998,0.0,56.0,0.08926296683707775,0.023208371377640216,0.0,0.3267916286223598,1.0,0.8365023630163801,0.9317400841834111,0.7588157435256067,0.6357071103172637,0.02907277404978849,0.02907277404978849,0.0,0.6066343362674753,0.0,0.0,0.6066343362674753,0.0,0.02907277404978849,0.0,4.501446314634431,139.57556301548152,539.0382975773742,6.589214895264323,138.93985590516425,0.0,0.0,0.0,13649.18318596492,-16552.714168455204,-1.1458951121312565e-16,0.0,4.0821824222803115e-11,-1.1102230246251565e-16
intrinsic_limited,once_through,320.0993529630006,14.34341078075307,19858.322204121112,89391.01805723995,305.75594218224757,380000.0000000003,1710608.9819427608,0.0,2031.6818839015764,380000.0000000003,1709999.9999999998,0.0,57.0,0.09060741093829298,0.023557926843956176,0.0,0.3264420731560438,1.0,0.8342561229787107,0.9307119798707171,0.7555984511552033,0.6452818836510537,0.028914594924704495,0.028914594924704495,0.0,0.6163672887263492,0.0,0.0,0.6163672887263492,0.0,0.028914594924704495,0.0,4.501438597803042,141.67779587888677,538.2425609013437,6.617271372586466,141.03251399523572,0.0,0.0,0.0,13892.918600000008,-16832.319099126256,0.0,0.0,5.442909896373749e-11,0.0
intrinsic_limited,once_through,324.82411854803564,14.265736033287846,19856.23099597609,89381.45291380299,310.55838251474785,386666.666666667,1740618.5470861977,0.0,2067.5594113263614,386666.666666667,1739999.9999999998,0.0,58.0,0.09194480438500781,0.02390564914010203,0.0,0.32609435085989796,1.0,0.8320276473125886,0.9296892672349941,0.752409399386542,0.654806444098614,0.0287580119547843,0.0287580119547843,0.0,0.6260484321438299,0.0,0.0,0.6260484321438299,0.0,0.0287580119547843,0.0,4.501430957965605,143.76900402390777,537.4509972990548,6.645318365342888,143.11419757980914,0.0,0.0,0.0,14136.654014035097,-17111.93204058613,-1.1458951121312565e-16,0.0,5.442909896373749e-11,-2.220446049250313e-16
intrinsic_limited,once_through,329.5242195796719,14.188841374573474,19854.150704502812,89371.93844911164,315.33537820509844,393333.33333333366,1770628.061550889,0.0,2103.4449468433463,393333.33333333366,1769999.9999999998,0.0,59.0,0.09327521627645012,0.024251556231877032,0.0,0.32574844376812295,1.0,0.8298167111208515,0.9286718934356558,0.7492482098423172,0.6642812837662689,0.028603001550175172,0.028603001550175172,0.0,0.6356782822160938,0.0,0.0,0.6356782822160938,0.0,0.028603001550175172,0.0,4.5014233939930035,145.84929549718444,536.6635658727197,6.673355951096998,145.18501421341819,0.0,0.0,0.0,14380.389428070186,-17391.552990138203,0.0,0.0,4.0821824222803115e-11,0.0
intrinsic_limited,once_through,334.1998966566959,14.112715329326358,19852.081223210887,89362.47416110348,320.0871813273695,400000.00000000035,1800637.525838897,0.0,2139.338487777919,400000.00000000035,1799999.9999999998,0.0,60.0,0.0945987147165786,0.024595665826310436,0.0,0.3254043341736895,1.0,0.827623093405769,0.9276598063932046,0.7461145109628509,0.6737068876723,0.028449540578082418,0.028449540578082418,0.0,0.6452573470942176,0.0,0.0,0.6452573470942176,0.0,0.028449540578082418,0.0,4.501415904777864,147.91877678910933,535.8802263136204,6.701384206490726,147.24506990143703,0.0,0.0,0.0,14624.124842105273,-17671.181945107863,1.1458951121312565e-16,0.0,4.0821824222803115e-11,0.0
intrinsic_limited,once_through,338.85138692854395,14.03734664378802,19850.022447136624,89353.05955502756,324.81404028475583,406666.66666666704,1830646.940444973,0.0,2175.240031477216,406666.66666666704,1829999.9999999998,0.0,61.0,0.09591536683297798,0.024937995376574276,0.0,0.3250620046234257,1.0,0.8254465769834118,0.9266529547747816,0.7430079378519447,0.6830837338815131,0.02829760635227939,0.02829760635227939,0.0,0.6547861275292335,0.0,0.0,0.6547861275292335,0.0,0.02829760635227939,0.0,4.501408489234065,149.97755286337303,535.1009388909263,6.729403207259306,149.29446912949152,0.0,0.0,0.0,14867.86025614036,-17950.81890284225,2.291790224262513e-16,0.0,5.442909896373749e-11,2.220446049250313e-16
intrinsic_limited,once_through,343.47892416048444,13.962724280598398,19847.974272814183,89343.69414330416,329.51619987988596,413333.3333333337,1860656.3058566963,0.0,2211.1495753098625,413333.3333333337,1859999.9999999998,0.0,62.0,0.09722523879530946,0.025278562086780462,0.0,0.3247214379132195,1.0,0.8232869484002937,0.9256512879800575,0.7399281321269211,0.6924122936366374,0.028147176622772694,0.028147176622772694,0.0,0.6642651170138645,0.0,0.0,0.6642651170138645,0.0,0.028147176622772694,0.0,4.501401146296246,152.0257271858141,534.3256644407732,6.757413028245751,151.33331489217747,0.0,0.0,0.0,15111.595670175448,-18230.463860709984,1.1458951121312565e-16,0.0,4.0821824222803115e-11,2.220446049250313e-16
intrinsic_limited,once_through,348.0827387972732,13.88883741376357,19845.936598247405,89334.37744538822,334.1939013835095,420000.0000000004,1890665.622554612,0.0,2247.0671166657253,420000.0000000004,1889999.9999999998,0.0,63.0,0.09852839583332904,0.02561738291666555,0.0,0.32438261708333443,1.0,0.8211439978522134,0.9246547561274543,0.7368747417727238,0.701693031486647,0.027998229565657704,0.027998229565657704,0.0,0.6736948019209891,0.0,0.0,0.6736948019209891,0.0,0.027998229565657704,0.0,4.501393874919329,154.0634017525933,533.5543643555988,6.785413743414973,153.36170872110665,0.0,0.0,0.0,15355.33108421054,-18510.116816100937,2.291790224262513e-16,0.0,2.7214549481868745e-11,2.220446049250313e-16
intrinsic_limited,once_through,352.66305802532435,13.815675423729713,19843.909322882286,89325.1089876354,338.8473826015946,426666.6666666671,1920674.8910123648,0.0,2282.992652955659,426666.6666666671,1919999.9999999998,0.0,64.0,0.09982490225448562,0.025954474586166263,0.0,0.3240455254138337,1.0,0.8190175191052306,0.9236633100406874,0.7338474209999358,0.7109264054120907,0.027850743773188254,0.027850743773188254,0.0,0.6830756616389024,0.0,0.0,0.6830756616389024,0.0,0.027850743773188254,0.0,4.501386674078044,156.0906771177109,532.7870005737271,6.8134054258677255,155.3797507122988,0.0,0.0,0.0,15599.066498245626,-18789.777766425956,1.1458951121312565e-16,0.0,2.7214549481868745e-11,0.0
intrinsic_limited,once_through,357.22010583343894,13.743227892569724,19841.892347580113,89315.8883031719,343.47687794086914,433333.3333333338,1950684.1116968284,0.0,2318.9261816112657,433333.3333333338,1949999.9999999998,0.0,65.0,0.10111482146111085,0.026289853579888823,0.0,0.32371014642011114,1.0,0.816907309418709,0.9226769012356211,0.7308458301066119,0.7201128669475129,0.027704698244073452,0.027704698244073452,0.0,0.6924081687034392,0.0,0.0,0.6924081687034392,0.0,0.027704698244073452,0.0,4.501379542766481,158.1076524198853,532.0235355691948,6.841388147854147,157.3875395529378,0.0,0.0,0.0,15842.801912280716,-19069.446709116655,1.1458951121312565e-16,0.0,2.7214549481868745e-11,2.220446049250313e-16
intrinsic_limited,once_through,361.7541030721297,13.671484599286451,19839.885574591186,89306.71493176662,348.08261847284314,440000.00000000047,1980693.2850682337,0.0,2354.8677000846496,440000.00000000047,1979999.9999999998,0.0,66.0,0.10239821596721166,0.026623536151475034,0.0,0.3233764638485249,1.0,0.8148131694703641,0.9216954819074263,0.7278696353437849,0.7292528613010447,0.027560072374009568,0.027560072374009568,0.0,0.701692788927035,0.0,0.0,0.701692788927035,0.0,0.027560072374009568,0.0,4.501372479997625,160.11442540881077,531.2639323418107,6.869361980787146,159.38517254750974,0.0,0.0,0.0,16086.5373263158,-19349.123641625123,2.291790224262513e-16,0.0,4.0821824222803115e-11,1.1102230246251565e-16
intrinsic_limited,once_through,366.2652675115818,13.600435515234086,19837.888907529188,89297.5884197068,352.6648319963476,446666.66666666715,2010702.4115802934,0.0,2390.817205848183,446666.66666666715,2009999.9999999998,0.0,67.0,0.10367514741487659,0.026955538327867914,0.0,0.3230444616721321,1.0,0.8127349032832535,0.9207190049180356,0.7249185087845536,0.7383468274712475,0.027416845946450087,0.027416845946450087,0.0,0.7109299815247971,0.0,0.0,0.7109299815247971,0.0,0.027416845946450087,0.0,4.50136548480293,162.11109247081095,530.508154407447,6.897326995255414,161.3727456433397,0.0,0.0,0.0,16330.272740350892,-19628.80856142375,2.291790224262513e-16,0.0,1.3607274740934373e-11,2.220446049250313e-16
intrinsic_limited,once_through,370.75381389828664,13.530070799657539,19835.902251346095,89288.50831967632,357.22374309862903,453333.33333333384,2040711.4916803238,0.0,2426.774696394273,453333.33333333384,2039999.9999999998,0.0,68.0,0.10494567659030658,0.027285875913479713,0.0,0.3227141240865203,1.0,0.8106723181546516,0.9197474237838832,0.7219921281966186,0.747395198361278,0.027274999123613638,0.027274999123613638,0.0,0.7201201992376642,0.0,0.0,0.7201201992376642,0.0,0.027274999123613638,0.0,4.5013585562318985,164.0977486539054,529.7561657885504,6.925283261036276,163.3503534555441,0.0,0.0,0.0,16574.00815438598,-19908.501466004927,1.1458951121312565e-16,0.0,1.3607274740934373e-11,1.1102230246251565e-16
intrinsic_limited,once_through,375.2199540103847,13.460380795348707,19833.925512307695,89279.47419063663,361.75957321503597,460000.0000000005,2070720.5258093637,0.0,2462.7401692351305,460000.0000000005,2069999.9999999998,0.0,69.0,0.10620986343948037,0.027614564494264898,0.0,0.32238543550573506,1.0,0.8086252245867518,0.9187806926639267,0.7190901769181822,0.7563984008904543,0.027134512437727548,0.027134512437727548,0.0,0.7292638884527266,0.0,0.0,0.7292638884527266,0.0,0.027134512437727548,0.0,4.501351693351644,166.07448769230476,529.0079310048701,6.953230847108204,165.3180892914143,0.0,0.0,0.0,16817.743568421065,-20188.202352880868,0.0,0.0,4.0821824222803115e-11,1.1102230246251565e-16
intrinsic_limited,once_through,379.66389671175256,13.391356024418023,19831.95859796965,89270.48559771088,366.27254068733447,466666.6666666672,2100729.5144022894,0.0,2498.713621902543,466666.6666666672,2100000.0,0.0,70.0,0.10746776708346432,0.027941619441700725,0.0,0.3220583805582993,1.0,0.8065934362191406,0.9178187663479391,0.7162123437370902,0.7653568561032876,0.0269953667825038,0.0269953667825038,0.0,0.7383614893207837,0.0,0.0,0.7383614893207837,0.0,0.0269953667825038,0.0,4.501344895246513,168.0414020303498,528.2634150643964,6.981169821663138,167.2760451742465,0.0,0.0,0.0,17061.478982456156,-20467.91121958337,1.1458951121312565e-16,0.0,2.7214549481868745e-11,1.1102230246251565e-16
intrinsic_limited,once_through,384.085848004868,13.322987184178702,19830.00141715409,89261.5421120703,370.7628608206893,473333.3333333339,2130738.45788793,0.0,2534.6950519476536,473333.3333333339,2130000.0,0.0,71.0,0.10871944583337652,0.028267055916677896,0.0,0.3217329440833221,1.0,0.8045767697629912,0.916861600245065,0.7133583227731275,0.7742709792760533,0.02685754340484216,0.02685754340484216,0.0,0.7474134358712111,0.0,0.0,0.7474134358712111,0.0,0.02685754340484216,0.0,4.501338161017676,169.9985828459099,527.5225834545045,7.009100252118558,169.22431186663385,0.0,0.0,0.0,17305.214396491247,-20747.62806366357,0.0,0.0,0.0,0.0
intrinsic_limited,once_through,388.48601108248704,13.255265143141267,19828.053879926745,89252.64331082327,375.23074593934575,480000.0000000006,2160747.356689177,0.0,2570.684456940743,480000.0000000006,2160000.0,0.0,72.0,0.10996495720501435,0.028590888873303733,0.0,0.32140911112669623,1.0,0.8025750449369249,0.9159091503726361,0.7105278133633696,0.7831411800209639,0.026721023896755618,0.026721023896755618,0.0,0.7564201561242082,0.0,0.0,0.7564201561242082,0.0,0.026721023896755618,0.0,4.501331489782749,171.94612007325563,526.7854021332954,7.037022205129302,171.16297889323465,0.0,0.0,0.0,17548.949810526334,-21027.35288269175,0.0,0.0,2.7214549481868745e-11,1.1102230246251565e-16
intrinsic_limited,once_through,392.8645863781625,13.188180937115494,19826.115897574582,89243.78877690686,379.67640544104705,486666.66666666727,2190756.2112230933,0.0,2606.681834471009,486666.66666666727,2190000.0,0.0,73.0,0.11120435793315449,0.028913133062620167,0.0,0.3210868669373798,1.0,0.800588084404491,0.9149613733452348,0.7077205199504969,0.7919678623880102,0.02658579018751238,0.02658579018751238,0.0,0.7653820722004979,0.0,0.0,0.7653820722004979,0.0,0.02658579018751238,0.0,4.501324880675416,173.88410242541852,526.0518375211344,7.064935746599146,173.0921345630305,0.0,0.0,0.0,17792.68522456142,-21307.0856742571,0.0,0.0,0.0,-1.1102230246251565e-16
intrinsic_limited,once_through,397.2217716156381,13.121725765416954,19824.187382583947,89234.97809898108,384.10004585022114,493333.33333333395,2220765.021901019,0.0,2642.6871821463583,493333.33333333395,2220000.0,0.0,74.0,0.11243770398553418,0.02923380303623889,0.0,0.3207661969637611,1.0,0.7986157137132175,0.9140182263640032,0.704936151973977,0.8007514249645324,0.026451824535988728,0.026451824535988728,0.0,0.7742996004285437,0.0,0.0,0.7742996004285437,0.0,0.026451824535988728,0.0,4.501318332845072,175.81261741605303,525.3218564923741,7.092840941692231,175.01186599108848,0.0,0.0,0.0,18036.42063859651,-21586.82643596754,0.0,0.0,0.0,0.0
intrinsic_limited,once_through,401.5577618571446,13.055890987175168,19822.268248619188,89226.21087132533,388.5018708699694,500000.00000000064,2250773.7891286747,0.0,2678.7004975931945,500000.00000000064,2250000.0,0.0,75.0,0.1136650505765222,0.029552913149895773,0.0,0.3204470868501042,1.0,0.7966577612351857,0.9130796672061889,0.702174423764043,0.8094922609725806,0.026319109523226674,0.026319109523226674,0.0,0.7831731514493538,0.0,0.0,0.7831731514493538,0.0,0.026319109523226674,0.0,4.501311845456475,177.73175138081308,524.5954263672633,7.120737854844151,176.9222591198405,0.0,0.0,0.0,18280.1560526316,-21866.575165449467,0.0,0.0,0.0,1.1102230246251565e-16
intrinsic_limited,once_through,405.8727495506302,12.990668117740352,19820.358410501747,89217.48669373692,392.88208143288983,506666.6666666673,2280782.5133062634,0.0,2714.7217784562126,506666.6666666673,2280000.0,0.0,76.0,0.1148864521804877,0.0298704775669268,0.0,0.3201295224330732,1.0,0.794714058109086,0.9121456542149212,0.6994350544383678,0.8181907583641244,0.02618762804519042,0.02618762804519042,0.0,0.7920031303189339,0.0,0.0,0.7920031303189339,0.0,0.02618762804519042,0.0,4.501305417689387,179.64158949825602,523.8725149040351,7.148626549772943,178.8233987398919,0.0,0.0,0.0,18523.891466666686,-22146.33186034757,0.0,0.0,2.7214549481868745e-11,1.1102230246251565e-16
intrinsic_limited,once_through,410.186117312493,12.944030679698988,19818.44928937526,89208.80275968766,397.24208663279404,513333.33333333395,2310791.1972403126,0.0,2750.7506090602533,513333.33333333395,2310000.0,0.0,77.0,0.11610739524616226,0.030187922764002187,0.0037514011273374853,0.3198687007397422,1.0150056045093498,0.7927758243084294,0.9113785315874772,0.697191841778352,0.8268859901679084,0.026093612566591595,0.026093612566591595,0.0,0.8007923776013168,0.0,0.0,0.8007923776013168,0.0,0.026093612566591595,0.0,4.501300856445555,181.5507106247408,523.1498748360515,7.171627234257822,180.72382463457288,0.0,0.0,0.0,18767.626880701773,-22426.0961049867,0.0,0.0,2.7214549481868745e-11,0.0
intrinsic_limited,once_through,414.57966529546013,12.979377646214703,19816.504680026468,89200.12241907678,401.60028764924544,520000.00000000064,2340799.8775809235,0.0,2786.78527258896,520000.00000000064,2340000.0,0.0,78.0,0.11735103414728751,0.030511268878294754,0.010173276129552081,0.31964393090338616,1.0406931045182084,0.7908064208405486,0.9107174438334887,0.695263519210866,0.8357428556758121,0.026164867809451292,0.026164867809451292,0.0,0.8095779878663608,0.0,0.0,0.8095779878663608,0.0,0.026164867809451292,0.0,4.501304536767462,183.49531997353526,522.4138017747251,7.191517837258412,182.65957711785944,0.0,0.0,0.0,19011.362294736864,-22705.866182550497,0.0,5.820766091346741e-11,2.7214549481868745e-11,0.0
intrinsic_limited,once_through,419.062803970973,13.080339861170195,19814.520417327134,89191.39432595971,405.98246410980283,526666.6666666673,2370808.6056740405,0.0,2822.8256660611264,526666.6666666673,2370000.0,0.0,79.0,0.11862003261449934,0.03084120847976983,0.016683433614749103,0.31941606014736557,1.0667337344589964,0.788801901376857,0.9100472357275459,0.6933131424172322,0.8447803252690049,0.02636839551933577,0.02636839551933577,0.0,0.8184119297496693,0.0,0.0,0.8184119297496693,0.0,0.02636839551933577,0.0,4.5013148159753005,185.4795826728712,521.662719136723,7.2117484785699135,184.6348023476022,0.0,0.0,0.0,19255.097708771948,-22985.641990057746,-1.1458951121312565e-16,0.0,0.0,-1.1102230246251565e-16
intrinsic_limited,once_through,423.6356606489579,13.228264858501516,19812.49644492916,89182.58107617551,410.40739579045646,533333.333333334,2400817.4189238246,0.0,2858.8718867199195,533333.333333334,2400000.0,0.0,80.0,0.11991442668418054,0.03117775093788694,0.02327976474348264,0.3191851544156455,1.0931190589739306,0.7867625012966105,0.9093681012224868,0.6913414512143704,0.8539986555890212,0.026666594562956034,0.026666594562956034,0.0,0.8273320610260653,0.0,0.0,0.8273320610260653,0.0,0.026666594562956034,0.0,4.501329821008046,187.50355507084677,520.8966055931768,7.232316232763549,186.64955641525776,0.0,0.0,0.0,19498.83312280703,-23265.423624751624,-1.1458951121312565e-16,0.0,0.0,-1.1102230246251565e-16
intrinsic_limited,once_through,428.29828706238334,13.409760664950776,19810.432739935237,89173.65589355,414.8885263974326,540000.0000000006,2430826.34410645,0.0,2894.924030773253,540000.0000000006,2430000.0,0.0,81.0,0.12123423099987939,0.03152090005996864,0.029960029079703406,0.31895128348123886,1.1198401163188136,0.7846884946944181,0.9086802455330555,0.6893492143644308,0.8633979509233173,0.027032468329260966,0.027032468329260966,0.0,0.8363654825940564,0.0,0.0,0.8363654825940564,0.0,0.027032468329260966,0.0,4.501348206987301,189.5672600647683,520.1154524770036,7.253217811541168,188.703862113845,0.0,0.0,0.0,19742.568536842125,-23545.211182840052,-1.1458951121312565e-16,0.0,0.0,-1.1102230246251565e-16
intrinsic_limited,once_through,433.0506582623597,13.615193315732224,19808.32931338789,89164.59963956023,419.43546494662746,546666.6666666672,2460835.40036044,0.0,2930.9821933321696,546666.6666666672,2460000.0,0.0,82.0,0.12257943849955634,0.03187065400988465,0.0367218579722093,0.3187145208051315,1.1468874318888371,0.7825801943715924,0.9079838847209751,0.6873372278120895,0.8729781609779257,0.027446595901318274,0.027446595901318274,0.0,0.8455315650766073,0.0,0.0,0.8455315650766073,0.0,0.027446595901318274,0.0,4.5013690063854295,191.67068661211522,519.3192639680155,7.274449568104793,190.79770845113728,0.0,0.0,0.0,19986.303950877213,-23825.004759434054,1.1458951121312565e-16,0.0,0.0,1.1102230246251565e-16
intrinsic_limited,once_through,437.8926717133686,13.837613347448668,19806.186210669923,89155.3986770044,424.05505836591993,553333.3333333338,2490844.6013229955,0.0,2967.046468338892,553333.3333333338,2490000.0,0.0,83.0,0.12395002015947933,0.03222700524146463,0.04356275842785739,0.318474943380629,1.1742510337114296,0.7804379517078457,0.9072792452371441,0.6853063128101977,0.8827390790535454,0.02789496799485482,0.02789496799485482,0.0,0.8548441110586906,0.0,0.0,0.8548441110586906,0.0,0.02789496799485482,0.0,4.501391521249805,193.8137893300834,518.5080572445007,7.29600750283005,192.93105025102986,0.0,0.0,0.0,20230.039364912296,-24104.80444847586,0.0,0.0,0.0,0.0
intrinsic_limited,once_through,442.82414659506816,14.071988863970375,19804.003511813447,89146.04334387064,428.7521577310978,560000.0000000005,2520853.9566561296,0.0,3003.116948488242,560000.0000000005,2520000.0,0.0,84.0,0.12534592479659262,0.03258994044711408,0.05048011746358732,0.31823263156383674,1.2019204698543493,0.7782621564122668,0.9065665634230493,0.6832573139435657,0.8926803406380659,0.0283674409111006,0.0283674409111006,0.0,0.8643128997269653,0.0,0.0,0.8643128997269653,0.0,0.0283674409111006,0.0,4.50141524619976,195.99648818656016,517.6818626001952,7.3178872702312265,195.1038078459221,0.0,0.0,0.0,20473.774778947383,-24384.610342660297,0.0,0.0,0.0,0.0
intrinsic_limited,once_through,447.8448233160081,14.31465769323942,19801.781331715112,89136.52686315194,433.5301656227687,566666.6666666671,2550863.4731368483,0.0,3039.1937251452046,566666.6666666671,2550000.0,0.0,85.0,0.12676707893086891,0.03295944052202592,0.057471206920864965,0.3179876688910927,1.2298848276834597,0.7760532361532562,0.9058460849738021,0.6811910970614777,0.9028014224262744,0.02885663215064748,0.02885663215064748,0.0,0.873944790275627,0.0,0.0,0.873944790275627,0.0,0.02885663215064748,0.0,4.501439813416598,198.21866828489178,516.8407235257525,7.340084187196516,197.3158668624655,0.0,0.0,0.0,20717.51019298247,-24664.422533352346,-1.1458951121312565e-16,0.0,2.7214549481868745e-11,-1.1102230246251565e-16
intrinsic_limited,once_through,452.9543632434143,14.562936112853416,19799.51982025572,89126.8445640733,438.39142713056094,573333.3333333337,2580873.1554359267,0.0,3075.2768882606906,573333.3333333337,2580000.0,0.0,86.0,0.1282133867088219,0.033335480544293694,0.06453318872279593,0.3177401418842713,1.2581327548911836,0.773811656067844,0.9051180643655039,0.6791085471302455,0.913101641775134,0.029357131651178942,0.029357131651178942,0.0,0.8837445101239552,0.0,0.0,0.8837445101239552,0.0,0.029357131651178942,0.0,4.501464953351691,200.48017974428467,515.9846967540145,7.362593242462983,199.56707810250953,0.0,0.0,0.0,20961.245607017554,-24944.241110502917,-1.1458951121312565e-16,0.0,0.0,-1.1102230246251565e-16
intrinsic_limited,once_through,458.1523486519884,14.814839461434232,19797.21916232286,89116.99332572796,443.3375091905542,580000.0000000003,2610883.006674272,0.0,3111.3665262870886,580000.0000000003,2610000.0,0.0,87.0,0.12968472988901372,0.03371802977114357,0.07166312055096558,0.31749013984497165,1.2866524822038623,0.7715379181515715,0.9043827642499167,0.6770105660177387,0.9235801566005704,0.029864938573516037,0.029864938573516037,0.0,0.8937152180270543,0.0,0.0,0.8937152180270543,0.0,0.029864938573516037,0.0,4.501490466667725,202.78083767714378,515.1138522685891,7.385409107291529,201.85725752054321,0.0,0.0,0.0,21204.98102105264,-25224.066162564402,-1.1458951121312565e-16,0.0,0.0,0.0
intrinsic_limited,once_through,463.4382828934166,15.068882702386915,19794.87957773591,89106.97117951763,448.3694001910297,586666.666666667,2640893.0288204825,0.0,3147.4627260948123,586666.666666667,2640000.0,0.0,88.0,0.13118096789003597,0.034107051651409356,0.07885796191600616,0.31723775463868764,1.3154318476640245,0.7692325605308696,0.9036404548196696,0.674898070222327,0.9342359657191807,0.03037705926208773,0.03037705926208773,0.0,0.9038589064570929,0.0,0.0,0.9038589064570929,0.0,0.03037705926208773,0.0,4.501516204207667,205.12042226409807,514.2282732754514,7.40852614729345,204.18618629837889,0.0,0.0,0.0,21448.71643508773,-25503.89777640721,0.0,0.0,0.0,0.0
intrinsic_limited,once_through,468.81159078701205,15.323938118569705,19792.501321073105,89096.77702494132,453.48765266844237,593333.3333333336,2670903.222975059,0.0,3183.5655728907977,593333.3333333336,2670000.0,0.0,89.0,0.13270193790108517,0.03450250385428215,0.08611458059308832,0.3169830804701293,1.3444583223723532,0.7668961566206103,0.9028914131474391,0.672771988559037,0.9450679096357217,0.030891220374462295,0.030891220374462295,0.0,0.9141766892612595,0.0,0.0,0.9141766892612595,0.0,0.030891220374462295,0.0,4.501542052700527,207.4986789269012,513.3280561374979,7.431938435351847,206.55361101726547,0.0,0.0,0.0,21692.451849122812,-25783.736037238283,0.0,0.0,2.7214549481868745e-11,-1.1102230246251565e-16
intrinsic_limited,once_through,474.271619230635,15.57913382838442,19790.08468140118,89086.41042625037,458.6924854022506,600000.0000000002,2700913.5895737493,0.0,3219.67515013971,600000.0000000002,2700000.0,0.0,90.0,0.1342474550548899,0.03490433831427138,0.09342975939094104,0.3167262136509298,1.3737190375637642,0.7645293141702275,0.9021359225027348,0.6706332598159988,0.9560746717746524,0.03140566430196358,0.03140566430196358,0.0,0.9246690074726889,0.0,0.0,0.9246690074726889,0.0,0.03140566430196358,0.0,4.5015679245664995,209.91531859882812,512.4133102721955,7.455639765572985,208.95924392705348,0.0,0.0,0.0,21936.187263157903,-26063.581028522283,-1.1458951121312565e-16,0.0,-2.7214549481868745e-11,0.0
intrinsic_limited,once_through,479.8176380297589,15.83378146760438,19787.62998190838,89075.87146675929,463.98385656215453,606666.6666666669,2730924.1285332404,0.0,3255.7915394884544,606666.6666666669,2730000.0,0.0,91.0,0.13581731266238653,0.0353125012922205,0.10080020322070533,0.3164672523610231,1.4032008128828213,0.7621326742025065,0.9013742716500679,0.6684828303943722,0.9672547801514303,0.03191900338491432,0.03191900338491432,0.0,0.935335776766516,0.0,0.0,0.935335776766516,0.0,0.03191900338491432,0.0,4.5015937506513115,212.37001809162456,511.4841580126843,7.479623668195404,211.40276331147314,0.0,0.0,0.0,22179.92267719299,-26343.432831906117,0.0,0.0,-2.7214549481868745e-11,0.0
intrinsic_limited,once_through,485.448840941292,16.087324707046996,19785.137579442497,89065.16064422796,469.3615162342451,613333.3333333335,2760934.839355772,0.0,3291.914820694502,613333.3333333335,2760000.0,0.0,92.0,0.13741128250818366,0.035726933452127754,0.10822254642892032,0.31620629640501513,1.4328901857156813,0.7597069098497984,0.9006067541323975,0.6663216519449409,0.9786066094767317,0.032430116130441895,0.032430116130441895,0.0,0.9461764933462898,0.0,0.0,0.9461764933462898,0.0,0.032430116130441895,0.0,4.501619475053336,214.86242055750833,510.54073443290065,7.503883425377804,213.8838139480316,0.0,0.0,0.0,22423.658091228077,-26623.291527147252,-1.1458951121312565e-16,0.0,0.0,0.0
intrinsic_limited,once_through,491.1643469275322,16.339302652893192,19782.60786395583,89054.27879546778,474.8250442746391,620000.0000000001,2790945.7212045323,0.0,3328.0450715584184,620000.0000000001,2790000.0,0.0,93.0,0.13902911520550687,0.03614756995343179,0.11569336035725253,0.3159434469648989,1.4627734414290101,0.7572527250930482,0.8998336675438203,0.6641506790144331,0.9901283836842736,0.03293807343191432,0.03293807343191432,0.0,0.9571903102523593,0.0,0.0,0.9571903102523593,0.0,0.03293807343191432,0.0,4.501645051445712,217.3921360441769,509.5831871374958,7.528412087780673,216.40200766049264,0.0,0.0,0.0,22667.39350526316,-26903.157192046252,-1.1458951121312565e-16,0.0,0.0,-1.1102230246251565e-16
intrinsic_limited,once_through,496.96320161444436,16.58932387487924,19780.041257859757,89043.22704170822,480.3738777395652,626666.6666666667,2820956.772958292,0.0,3364.182367860943,626666.6666666667,2820000.0,0.0,94.0,0.1406705406089791,0.03657434055833457,0.12320916109023887,0.31567880635047596,1.4928366443609555,0.7547708534095948,0.8990553127955175,0.6619708667143784,1.001818178870526,0.03344208621289156,0.03344208621289156,0.0,0.9683760926576347,0.0,0.0,0.9683760926576347,0.0,0.03344208621289156,0.0,4.501670440466153,219.9587421402493,508.611676017524,7.553202491851288,218.95692396137878,0.0,0.0,0.0,22911.128919298248,-27183.029902383863,-2.291790224262513e-16,0.0,2.7214549481868745e-11,-2.220446049250313e-16
intrinsic_limited,once_through,502.8443789473107,16.83704802129602,19777.43821529194,89032.00674868151,486.0073309260148,633333.3333333334,2850967.9932513186,0.0,3400.32678330488,633333.3333333334,2850000.0,0.0,95.0,0.14233526828326962,0.0370071697536501,0.13076641735131542,0.3154124777488483,1.5230656694052618,0.7522620563362323,0.8982719933789656,0.6597831684249346,1.0136739266323047,0.033941468365170216,0.033941468365170216,0.0,0.9797324582671346,0.0,0.0,0.9797324582671346,0.0,0.033941468365170216,0.0,4.501695607869064,222.5617847080663,507.62637297306225,7.5782472777173675,221.54811078143402,0.0,0.0,0.0,23154.864333333335,-27462.90973186289,-2.291790224262513e-16,0.0,0.0,-2.220446049250313e-16
intrinsic_limited,once_through,508.8067830357311,17.08217284705876,19774.799221299705,89020.61949711145,491.72461018867244,640000.0,2880979.3805028885,0.0,3436.4783894620286,640000.0,2880000.0,0.0,96.0,0.14402298802534014,0.03744597688658844,0.13836155850676893,0.31514456497432997,1.5534462340270756,0.7497271219544882,0.8974840146303823,0.657588533545623,1.0256934177860695,0.034435610598928815,0.034435610598928815,0.0,0.991257807187141,0.0,0.0,0.991257807187141,0.0,0.034435610598928815,0.0,4.501720523221603,225.20077870029817,506.6274616041087,7.603538907591222,224.1750852825121,0.0,0.0,0.0,23398.59974736842,-27742.796752055117,-2.291790224262513e-16,0.0,0.0,-2.220446049250313e-16
intrinsic_limited,once_through,514.8492501789455,17.324425100918518,19772.12479094364,89009.06706052908,497.52482507802705,646666.6666666666,2910990.9329394707,0.0,3472.6372557253294,646666.6666666666,2910000.0,0.0,97.0,0.14573337043773335,0.03789067631381067,0.14599098263697316,0.31487517222010564,1.5839639305478928,0.7471668633054823,0.8966916830003108,0.6553879053043429,1.0378743064507325,0.03492396207243962,0.03492396207243962,0.0,1.002950344378293,0.0,0.0,1.002950344378293,0.0,0.03492396207243962,0.0,4.501745158987592,227.87520905636376,505.6151368712703,7.629069684583433,226.83733474991303,0.0,0.0,0.0,23642.335161403513,-28022.691032353516,-2.291790224262513e-16,0.0,0.0,0.0
intrinsic_limited,once_through,520.9705510615328,17.56355416082694,19769.415468325744,88997.35138822306,503.40699690070585,653333.3333333333,2941002.6486117765,0.0,3508.8034492663487,653333.3333333333,2940000.0,0.0,98.0,0.14746606755008781,0.038341177563022834,0.15365106463435838,0.31460440381292387,1.6146042585374336,0.7445821167420715,0.8958953053321291,0.6531822186353307,1.0502141144739225,0.03540601756172781,0.03540601756172781,0.0,1.0148080969121949,0.0,0.0,1.0148080969121949,0.0,0.03540601756172781,0.0,4.501769489887714,230.58453167425952,504.5896047279061,7.654831771823664,229.5343175597856,0.0,0.0,0.0,23886.070575438596,-28302.59263992962,0.0,0.0,-2.7214549481868745e-11,-2.220446049250313e-16
intrinsic_limited,once_through,527.1693931087048,17.79932762302557,19766.671825546975,88985.47459176321,509.37006548567916,659999.9999999999,2971014.525408237,0.0,3544.9770349982136,659999.9999999999,2970000.0,0.0,99.0,0.14922071348582827,0.038797385506315354,0.16133816428799314,0.3143323639720659,1.6453526571519725,0.7419737402262648,0.8950951881531349,0.6509723981359661,1.0627102361799756,0.03588130856870478,0.03588130856870478,0.0,1.0268289276112708,0.0,0.0,1.0268289276112708,0.0,0.03588130856870478,0.0,4.501793492456125,233.3281744530258,503.5510817255331,7.680817211785483,232.26546421684583,0.0,0.0,0.0,24129.805989473683,-28582.50163969657,0.0,0.0,0.0,0.0
intrinsic_limited,once_through,533.4444229896793,18.03152827669174,19763.894461599248,88973.43893398874,515.4128947129876,666666.6666666665,3001026.5610660114,0.0,3581.1580755440423,666666.6666666665,3000000.0,0.0,100.0,0.15099692517077112,0.03925920054440049,0.16904863431543937,0.3140591565737729,1.6761945372617575,0.7393426115800961,0.8942916369816851,0.6487593561115047,1.0753599434164347,0.03634939722241735,0.03634939722241735,0.0,1.0390105461940173,0.0,0.0,1.0390105461940173,0.0,0.03634939722241735,0.0,4.501817144736424,236.1055384007542,502.49979459442403,7.70701794571211,235.03017845733777,0.0,0.0,0.0,24373.541403508767,-28862.41809427748,0.0,0.0,0.0,0.0
intrinsic_limited,once_through,539.794229256977,18.259952057715164,19761.084001197247,88961.24681967605,521.534277199262,673333.3333333331,3031038.753180324,0.0,3617.346631210904,673333.3333333331,3030000.0,0.0,101.0,0.15279430308020445,0.03972651880085316,0.17677882830363295,0.3137848849222454,1.7071153132145318,0.7366896266982845,0.8934849556536629,0.6465439907158789,1.0881603908745547,0.036809872154106846,0.036809872154106846,0.0,1.0513505187204482,0.0,0.0,1.0513505187204482,0.0,0.036809872154106846,0.0,4.501840426076132,238.9159988027553,501.4359798014323,7.733425833041622,237.82783841188075,0.0,0.0,0.0,24617.276817543854,-29142.34206397943,-2.291790224262513e-16,0.0,0.0,-2.220446049250313e-16
intrinsic_limited,once_through,546.2173451089552,18.484406690824756,19758.24109355573,88948.90078733198,527.7329384181306,679999.9999999998,3061051.0992126684,0.0,3653.5427599692975,679999.9999999998,3060000.0,0.0,102.0,0.15461243202085156,0.040199232325421407,0.1845251085219493,0.3135096515282523,1.7381004340877972,0.7340156977310819,0.8926754456713303,0.6443271841957998,1.1011086216582406,0.037262345759899805,0.037262345759899805,0.0,1.0638462758983411,0.0,0.0,1.0638462758983411,0.0,0.037262345759899805,0.0,4.501863316990458,241.75890644427182,500.35988308717117,7.760032670731749,240.6577978226136,0.0,0.0,0.0,24861.012231578938,-29422.273606772906,-2.291790224262513e-16,0.0,2.7214549481868745e-11,-2.220446049250313e-16
intrinsic_limited,once_through,552.7122512624641,18.704710811997167,19755.36641111807,88936.40350172429,534.0075404504671,686666.6666666664,3091063.596498276,0.0,3689.7465174381173,686666.6666666664,3090000.0,0.0,103.0,0.15645088194400603,0.04067722930544157,0.19228385357229663,0.3132335578963055,1.7691354142891864,0.7313217512457026,0.8918634055773692,0.6421098012443818,1.114201573074976,0.037706452431688846,0.037706452431688846,0.0,1.0764951206432876,0.0,0.0,1.0764951206432876,0.0,0.037706452431688846,0.0,4.501885799074423,244.6335888819327,499.27175898474303,7.786830212387679,243.51938730885772,0.0,0.0,0.0,25104.74764561402,-29702.21277827681,-4.583580448525026e-16,0.0,2.7214549481868745e-11,-4.440892098500626e-16
intrinsic_limited,once_through,559.2773789221911,18.92069342226006,19752.460648242,88923.75774687977,540.3566854999312,693333.333333333,3121076.2422531205,0.0,3725.9579568750332,693333.333333333,3120000.0,0.0,104.0,0.158309208786035,0.0411603942843691,0.2000514658430087,0.312956704321263,1.8002058633720348,0.7286087263746779,0.8910491303566559,0.6398926874695168,1.1274360826216665,0.03814184745606561,0.03814184745606561,0.0,1.0892942351656014,0.0,0.0,1.0892942351656014,0.0,0.03814184745606561,0.0,4.5019078549483975,247.53935175800186,498.1718703222707,7.8138101870998335,246.4119156753802,0.0,0.0,0.0,25348.483059649116,-29982.159631748822,-4.583580448525026e-16,0.0,2.7214549481868745e-11,-4.440892098500626e-16
intrinsic_limited,once_through,565.9111128330485,19.132193566374657,19749.52451984862,88910.9664193647,546.7789192666739,699999.9999999997,3151089.0335806357,0.0,3762.1771291722,699999.9999999997,3150000.0,0.0,105.0,0.16018695533238875,0.04164860838642107,0.20782437873547785,0.3126791896951315,1.8312975149419115,0.7258775729593376,0.8902329108680338,0.6376766679812069,1.1408088941378858,0.03856820636658334,0.03856820636658334,0.0,1.1022406877713025,0.0,0.0,1.1022406877713025,0.0,0.03856820636658334,0.0,4.501929468226317,250.47548015138207,497.06048771151524,7.840964317903122,249.3346712572442,0.0,0.0,0.0,25592.2184736842,-30262.11421808107,-2.291790224262513e-16,0.0,2.7214549481868745e-11,0.0
intrinsic_limited,once_through,572.6117944018483,19.339060160239903,19746.558760040716,88898.03252172357,553.2727342416085,706666.6666666663,3181101.967478277,0.0,3798.404082857169,706666.6666666663,3180000.0,0.0,106.0,0.1620836521012231,0.04214174954631801,0.21559906363481657,0.3124011113247415,1.8623962545392663,0.7231292496964464,0.8894150333080634,0.6354625461010636,1.1543166640987979,0.03898522459582441,0.03898522459582441,0.0,1.1153314395029736,0.0,0.0,1.1153314395029736,0.0,0.03898522459582441,0.0,4.501950623498931,253.44123995928638,495.9378890248863,7.868284339774139,252.2869232951876,0.0,0.0,0.0,25835.953887719286,-30542.07658580113,-2.291790224262513e-16,0.0,5.442909896373749e-11,-2.220446049250313e-16
intrinsic_limited,once_through,579.3777248745116,19.54115191263642,19743.564120696512,88884.95915599499,559.8365729618753,713333.3333333329,3211115.0408440055,0.0,3834.638864098873,713333.3333333329,3210000.0,0.0,107.0,0.16399881824274098,0.042639692743112655,0.223372036598355,0.3121225647608659,1.8934881463934201,0.7203647222957688,0.8885957787084292,0.6332511021961602,1.1679559680200304,0.0393926173176455,0.0393926173176455,0.0,1.1285633507023851,0.0,0.0,1.1285633507023851,0.0,0.0393926173176455,0.0,4.501971306326596,256.4358793034888,494.8043588631487,7.895762017088706,255.26792333546874,0.0,0.0,0.0,26079.689301754373,-30822.04678107792,-2.291790224262513e-16,0.0,2.7214549481868745e-11,-2.220446049250313e-16
intrinsic_limited,once_through,586.2071685551475,19.738337302566833,19740.541370044895,88871.74951725526,566.4688312525808,719999.9999999995,3241128.2504827455,0.0,3870.8815167185035,719999.9999999995,3240000.0,0.0,108.0,0.16593196245038588,0.04314231023710033,0.2311398647384274,0.311843643639253,1.9245594589537096,0.7175849616560499,0.8877754224683911,0.6310430926384816,1.1817233069469506,0.039790119401498424,0.039790119401498424,0.0,1.1419331875454526,0.0,0.0,1.1419331875454526,0.0,0.039790119401498424,0.0,4.501991503237742,259.458629955107,493.66018801611324,7.923389160468081,258.2769066481601,0.0,0.0,0.0,26323.424715789464,-31102.02484773264,-2.291790224262513e-16,0.0,5.442909896373749e-11,-4.440892098500626e-16
intrinsic_limited,once_through,593.0983560535324,19.930494584701496,19737.49129122805,88858.40688716088,573.167861468831,726666.6666666662,3271141.59311284,0.0,3907.132082205114,726666.6666666662,3270000.0,0.0,109.0,0.16788258388007415,0.043649471808819285,0.2388991722786361,0.31156443953394397,1.9555966891145444,0.7147909420665559,0.8869542339233647,0.6288392488902518,1.1956151140011948,0.04017748542340805,0.04017748542340805,0.0,1.155437628577787,0.0,0.0,1.155437628577787,0.0,0.04017748542340805,0.0,4.5020112017301965,262.50870877195536,492.5056729185714,7.951157642948946,261.31309365795414,0.0,0.0,0.0,26567.160129824548,-31382.010827254333,-2.291790224262513e-16,0.0,5.442909896373749e-11,-2.220446049250313e-16
intrinsic_limited,once_through,600.0494875477966,20.117511803551437,19734.41468085738,88844.93462747858,579.9319757442454,733333.3333333328,3301155.0653725225,0.0,3943.3905997357356,733333.3333333328,3300000.0,0.0,110.0,0.16985017307373215,0.04416104499917036,0.24664664626559343,0.31128504182314426,1.9865865850623736,0.7119836394409321,0.8861324759504243,0.6266402767145466,1.209627760957852,0.04055448969454327,0.04055448969454327,0.0,1.1690732712633094,0.0,0.0,1.1690732712633094,0.0,0.04055448969454327,0.0,4.502030390273457,265.5853191426283,491.3411151036799,7.979059415419047,264.37569138167044,0.0,0.0,0.0,26810.89554385963,-31662.00475882004,-4.583580448525026e-16,0.0,5.442909896373749e-11,-6.661338147750939e-16
intrinsic_limited,once_through,607.0587360494892,20.29928680285557,19731.31234756837,88831.33617360076,586.7594492466338,739999.9999999994,3331168.6638264,0.0,3979.6571061997956,739999.9999999994,3330000.0,0.0,111.0,0.1718342128835061,0.04467689534971159,0.2543790419209699,0.3110055375678199,2.0175161676838798,0.7091640295897241,0.885310404611235,0.6244468555097394,1.2237575648274441,0.040920926280140484,0.040920926280140484,0.0,1.1828366385473041,0.0,0.0,1.1828366385473041,0.0,0.040920926280140484,0.0,4.502049058310512,268.68765243163676,490.1668206559488,8.007086521267645,267.4638948668093,0.0,0.0,0.0,27054.63095789472,-31942.006679319187,-4.583580448525026e-16,0.0,5.442909896373749e-11,-4.440892098500626e-16
intrinsic_limited,once_through,614.1242506586244,20.475727220922767,19728.185110579896,88817.61502805327,593.6485234377019,746666.666666666,3361182.3849719474,0.0,4015.931636227603,746666.666666666,3360000.0,0.0,112.0,0.1738341793931367,0.04519688664221554,0.26209318762151435,0.3107260114030977,2.0483727504860574,0.7063330865374544,0.8844882688326403,0.6222596377655617,1.2380007944177076,0.04127660899011378,0.04127660899011378,0.0,1.1967241854275945,0.0,0.0,1.1967241854275945,0.0,0.04127660899011378,0.0,4.502067196258305,271.8148894201104,488.98309966590733,8.035231110207032,270.5768886256927,0.0,0.0,0.0,27298.366371929806,-32222.016623382082,-4.583580448525026e-16,0.0,2.7214549481868745e-11,-6.661338147750939e-16
intrinsic_limited,once_through,621.2441597968259,20.646750465764967,19725.033798263205,88803.77475400608,600.5974093310612,753333.3333333327,3391196.2252459945,0.0,4052.214222222662,753333.3333333327,3390000.0,0.0,113.0,0.1758495428331337,0.045720881136614766,0.269785989497522,0.3104465454424553,2.0791439579900883,0.7034917808896761,0.8836663101248686,0.6200792486378173,1.2523536768512253,0.04162137132892628,0.04162137132892628,0.0,1.2107323055222994,0.0,0.0,1.2107323055222994,0.0,0.04162137132892628,0.0,4.502084795506169,274.9662017368051,487.7902656884387,8.063485451228921,273.7138480599539,0.0,0.0,0.0,27542.101785964893,-32502.034623412226,-4.583580448525026e-16,0.0,2.7214549481868745e-11,-2.220446049250313e-16
intrinsic_limited,once_through,628.416574407243,20.81228366611994,19721.859246725606,88789.81896880256,607.6042907411234,759999.9999999993,3421210.1810311982,0.0,4088.50489439756,759999.9999999993,3420000.0,0.0,114.0,0.17787976848654513,0.04624873980650174,0.277454435642971,0.310167219194604,2.109817742571884,0.7006410782549325,0.8828447623370707,0.617906285638158,1.266812404016073,0.04195506639685786,0.04195506639685786,0.0,1.2248573376192156,0.0,0.0,1.2248573376192156,0.0,0.04195506639685786,0.0,4.502101848411894,278.14075327440503,486.5886352066825,8.09184194466662,276.87394087038894,0.0,0.0,0.0,27785.837199999984,-32782.060709622216,-4.583580448525026e-16,0.0,5.442909896373749e-11,-2.220446049250313e-16
intrinsic_limited,once_through,635.6395911105379,20.97226359612155,19718.66229841363,88775.75133752357,614.6673275144167,766666.6666666659,3451224.248662477,0.0,4124.803680813173,766666.6666666659,3450000.0,0.0,115.0,0.1799243175822918,0.04678032257139587,0.2850955999332267,0.3098881094928851,2.140382399732907,0.6977819377260445,0.8820238514496621,0.6157413184347277,1.281373138927911,0.04227756673814951,0.04227756673814951,0.0,1.2390955721897623,0.0,0.0,1.2390955721897623,0.0,0.04227756673814951,0.0,4.502118348295138,281.3377015863795,485.37852710329594,8.120293133341239,280.0563284474516,0.0,0.0,0.0,28029.572614035067,-33062.09491007291,-6.87537067278754e-16,0.0,2.7214549481868745e-11,-6.661338147750939e-16
intrinsic_limited,once_through,642.9112953069001,21.126636572598102,19715.443800740057,88761.57556660438,621.7846587343022,773333.3333333326,3481238.424433396,0.0,4161.110607420923,773333.3333333326,3480000.0,0.0,116.0,0.18198264817322446,0.04731548852503836,0.2927066454487754,0.30960929043692864,2.170826581795102,0.6949153104246374,0.8812037954027313,0.6135848887589762,1.2960320219832737,0.04258876413396906,0.04258876413396906,0.0,1.2534432578493049,0.0,0.0,1.2534432578493049,0.0,0.04258876413396906,0.0,4.502134289428096,284.5561992599532,484.1602621407584,8.148831712777174,283.26016723796994,0.0,0.0,0.0,28273.308028070154,-33342.13725071575,-4.583580448525026e-16,0.0,2.7214549481868745e-11,-2.220446049250313e-16
intrinsic_limited,once_through,650.2297642147461,21.27535832488174,19712.20460473896,88747.29539752335,628.9544058898646,779999.9999999992,3511252.704602477,0.0,4197.4256981078215,779999.9999999992,3510000.0,0.0,117.0,0.18405421599625896,0.04785409615902733,0.3002848275058974,0.3093308333462547,2.2011393100235894,0.6920421381122999,0.8803848039595727,0.6114375104135064,1.3107851770852221,0.0428885693399626,0.0428885693399626,0.0,1.26789660774526,0.0,0.0,1.26789660774526,0.0,0.0428885693399626,0.0,4.502149667023437,287.7953952610511,482.93416245228246,8.1774505404789,286.4846100839659,0.0,0.0,0.0,28517.043442105238,-33622.18775543773,-4.583580448525026e-16,0.0,2.7214549481868745e-11,-4.440892098500626e-16
intrinsic_limited,once_through,657.5930698374876,21.4183938376802,19708.9455637526,88732.9146005798,636.1746759998075,786666.6666666658,3541267.085399421,0.0,4233.748974744026,786666.6666666658,3540000.0,0.0,118.0,0.1861384753121505,0.04839600358115913,0.30782749629749984,0.3090528067254374,2.2313099851899993,0.6891633518712537,0.8795670786042277,0.6092996693754495,1.3256287176239945,0.04317691176950276,0.04317691176950276,0.0,1.2824518058544918,0.0,0.0,1.2824518058544918,0.0,0.04317691176950276,0.0,4.502164477219499,291.05443624740764,481.7005510447765,8.206142644267558,289.72880752978364,0.0,0.0,0.0,28760.77885614032,-33902.24644610902,-2.291790224262513e-16,0.0,5.442909896373749e-11,0.0
intrinsic_limited,once_through,664.999281850497,21.55571716805494,19705.667532153657,88718.43696877954,643.4435646824422,793333.3333333324,3571281.5630312213,0.0,4270.080457232648,793333.3333333324,3570000.0,0.0,119.0,0.18823487972267872,0.04894106872789647,0.31533209914947646,0.3087752762403967,2.261328396597906,0.6862798708569086,0.878750812471755,0.6071718239895637,1.34055875229678,0.04345373912473859,0.04345373912473859,0.0,1.2971050131720416,0.0,0.0,1.2971050131720416,0.0,0.04345373912473859,0.0,4.502178717062898,294.3324678463537,480.45975131517696,8.23490122968213,292.99190909405695,0.0,0.0,0.0,29004.51427017541,-34182.313342632726,-2.291790224262513e-16,0.0,5.442909896373749e-11,-2.220446049250313e-16
intrinsic_limited,once_through,672.4464704011601,21.687311237911768,19702.37136410587,88703.86631184458,650.7591591632485,799999.9999999991,3601296.133688156,0.0,4306.42016356154,799999.9999999991,3600000.0,0.0,120.0,0.1903428829632316,0.04948914957044022,0.32279618239996005,0.3084983047053391,2.2911847295998404,0.6833926011241738,0.877936190309821,0.6050544052450361,1.3555713907522906,0.04371901697828157,0.04371901697828157,0.0,1.311852373774009,0.0,0.0,1.311852373774009,0.0,0.04371901697828157,0.0,4.502192384488644,297.62863589413604,479.21208658134157,8.263719686455453,296.27306450338375,0.0,0.0,0.0,29248.249684210503,-34462.388462996714,-2.291790224262513e-16,0.0,2.7214549481868745e-11,0.0
intrinsic_limited,once_through,679.9327088156688,21.813167603672355,19699.05791236605,88689.20645036318,658.1195412119966,806666.6666666657,3631310.793549638,0.0,4342.768109856804,806666.6666666657,3630000.0,0.0,121.0,0.19246193966899078,0.05004010431393761,0.33021739291064306,0.30822195207982495,2.3208695716425725,0.6805024345289228,0.8771233884700734,0.6029478171297867,1.3706627490473302,0.043972728308891026,0.043972728308891026,0.0,1.3266900207384398,0.0,0.0,1.3266900207384398,0.0,0.043972728308891026,0.0,4.502205478297959,300.9420876339589,477.9578796285669,8.29259159408107,299.5714248849116,0.0,0.0,0.0,29491.985098245586,-34742.47182332706,-4.583580448525026e-16,0.0,5.442909896373749e-11,-6.661338147750939e-16
intrinsic_limited,once_through,687.4560762069719,21.933286204979588,19695.72802712973,88674.4612100951,665.5227900019925,813333.3333333323,3661325.5387899056,0.0,4379.12431043776,813333.3333333323,3660000.0,0.0,122.0,0.194591506113139,0.05059379158941614,0.3375934792209853,0.30794627547541004,2.3503739168839415,0.6776102477055366,0.8763125749276767,0.6008524370560008,1.3858289549041105,0.044214872994894246,0.044214872994894246,0.0,1.3416140819092164,0.0,0.0,1.3416140819092164,0.0,0.044214872994894246,0.0,4.502217998133968,304.27197287027843,476.6974522726649,8.321510726491384,302.8861439153743,0.0,0.0,0.0,29735.720512280674,-35022.56343794311,-2.291790224262513e-16,0.0,5.442909896373749e-11,-2.220446049250313e-16
intrinsic_limited,once_through,695.0146599790553,22.047675094414696,19692.3825549228,88659.63441644533,672.9669848846407,819999.999999999,3691340.365583556,0.0,4415.48877787313,819999.999999999,3690000.0,0.0,123.0,0.19673104091572208,0.05115007063808774,0.34492229235757926,0.3076713291712829,2.379689169430317,0.6747169011210128,0.8755039093273028,0.5987686163505563,1.401066152758578,0.044445467269328694,0.044445467269328694,0.0,1.3566206854892495,0.0,0.0,1.3566206854892495,0.0,0.044445467269328694,0.0,4.502229944455439,307.6174450772106,475.43112494040884,8.350471055872257,306.21637892445204,0.0,0.0,0.0,29979.455926315757,-35302.66331941356,-2.291790224262513e-16,0.0,5.442909896373749e-11,-2.220446049250313e-16
intrinsic_limited,once_through,702.6065582234688,22.15635015028033,19689.022337540762,88644.72988911894,680.4502080731887,826666.6666666656,3721355.270110882,0.0,4451.861523038185,826666.6666666656,3720000.0,0.0,124.0,0.1988800057220108,0.05170880148772281,0.3522017863122224,0.3073971646382972,2.4088071452488897,0.6718232382057029,0.8746975430538153,0.596696680804036,1.4163705085915261,0.0446645431409471,0.0446645431409471,0.0,1.3717059654505797,0.0,0.0,1.3717059654505797,0.0,0.0446645431409471,0.0,4.50224131850881,310.9776624592483,474.1592162680311,8.379466755643096,309.56129195065677,0.0,0.0,0.0,30223.191340350844,-35582.7714786137,-4.583580448525026e-16,0.0,5.442909896373749e-11,-6.661338147750939e-16
intrinsic_limited,once_through,710.2298820047386,22.259334774541703,19685.648211037216,88629.75143696733,687.970547230197,833333.3333333322,3751370.2485630335,0.0,4488.242555172631,833333.3333333322,3750000.0,0.0,125.0,0.20103786584941008,0.05226984512084662,0.35943001820333076,0.30712383057078896,2.437720072813323,0.6689300845603485,0.87389361932585,0.5946369312720888,1.4317382145357123,0.04487214778530312,0.04487214778530312,0.0,1.3868660667504094,0.0,0.0,1.3868660667504094,0.0,0.04487214778530312,0.0,4.50225212229867,314.35178896279746,472.88204271833604,8.408492202634726,312.92005074826176,0.0,0.0,0.0,30466.926754385928,-35862.88792478323,-2.291790224262513e-16,0.0,5.442909896373749e-11,-2.220446049250313e-16
intrinsic_limited,once_through,717.8827575320057,22.356659578024185,19682.261004762655,88614.70285303614,695.5260979539817,839999.9999999988,3781385.297146965,0.0,4524.631881939005,839999.9999999988,3780000.0,0.0,126.0,0.2032040909021638,0.05283306363456259,0.36660514813624695,0.3068513729255577,2.4664205925449876,0.6660382472387166,0.8730922733104639,0.5925896443229905,1.4471654932536195,0.04506834291014739,0.04506834291014739,0.0,1.4020971503434725,0.0,0.0,1.4020971503434725,0.0,0.04506834291014739,0.0,4.502262358556948,317.73899523735685,471.59991821687544,8.437541978500647,316.2918297441032,0.0,0.0,0.0,30710.66216842102,-36143.0126655847,-2.291790224262513e-16,0.0,5.442909896373749e-11,-4.440892098500626e-16
intrinsic_limited,once_through,725.5633282149096,22.448362054946173,19678.86154045455,88599.58790982216,703.1149661599637,846666.6666666655,3811400.4120901786,0.0,4561.029509481368,846666.6666666655,3810000.0,0.0,127.0,0.20537815535329348,0.05339832039185631,0.37372543877873043,0.30657983496739055,2.4949017551149217,0.6631485141047947,0.872293632257031,0.5905550729254418,1.4626486020818719,0.04525320409932489,0.04525320409932489,0.0,1.4173953979825475,0.0,0.0,1.4173953979825475,0.0,0.04525320409932489,0.0,4.502272030710962,321.1384595454637,470.31315380751505,8.466610870399304,319.67581094338186,0.0,0.0,0.0,30954.39758245611,-36423.14570716215,-6.87537067278754e-16,0.0,5.442909896373749e-11,-6.661338147750939e-16
intrinsic_limited,once_through,733.2697566023722,22.534486248824813,19675.4506313792,88584.41035474635,710.7352703535477,853333.3333333321,3841415.5896452544,0.0,4597.435442484087,853333.3333333321,3840000.0,0.0,128.0,0.2075595390933914,0.053965480164281765,0.3807892546684926,0.3063092573205103,2.5231570186739702,0.6602616532631964,0.8714978156485598,0.5885334471707955,1.47818383693959,0.04542682013928096,0.04542682013928096,0.0,1.4327570168003096,0.0,0.0,1.4327570168003096,0.0,0.04542682013928096,0.0,4.502281142850592,324.5493686208107,469.02205732762155,8.495693870987376,323.0711847838711,0.0,0.0,0.0,31198.13299649119,-36703.28705419995,-4.583580448525026e-16,0.0,5.442909896373749e-11,-4.440892098500626e-16
intrinsic_limited,once_through,741.000226203556,22.615082411733592,19672.0290815258,88569.1739058484,718.3851437918227,859999.9999999988,3871430.826094152,0.0,4633.849684230524,859999.9999999988,3870000.0,0.0,129.0,0.20974772794606117,0.05453440926597591,0.38779506127004926,0.3060396780253366,2.551180245080197,0.657378412561143,0.8707049353686371,0.5865249750241355,1.4937675359992244,0.04558929233216551,0.04558929233216551,0.0,1.4481782436670594,0.0,0.0,1.4481782436670594,0.0,0.04558929233216551,0.0,4.5022896996947095,327.97091847421217,467.7269331029872,8.524786177765492,326.47715093821296,0.0,0.0,0.0,31441.868410526284,-36983.43670998148,-4.583580448525026e-16,0.0,2.7214549481868745e-11,-4.440892098500626e-16
intrinsic_limited,once_through,748.7529431908414,22.69020665881772,19668.597684852666,88553.88224770669,726.0627365320239,866666.6666666655,3901446.1177522936,0.0,4670.272236661453,866666.6666666655,3900000.0,0.0,130.0,0.21194221414996312,0.05510497567899041,0.3947414237984261,0.30577113259996075,2.5789656951937046,0.6544995191601383,0.8699150958822376,0.584529843098879,1.5093960831195532,0.04574073379937746,0.04574073379937746,0.0,1.4636553493201763,0.0,0.0,1.4636553493201763,0.0,0.04574073379937746,0.0,4.502297706557112,331.40231514735177,466.42808166252235,8.553883191818832,329.8929190642322,0.0,0.0,0.0,31685.60382456137,-37263.594676447494,-4.583580448525026e-16,0.0,2.7214549481868745e-11,-4.440892098500626e-16
intrinsic_limited,once_through,756.5261379852066,22.759920619887605,19665.157224585535,88538.53902758672,733.7662173653192,873333.3333333321,3931461.4609724134,0.0,4706.703100433021,873333.3333333321,3930000.0,0.0,131.0,0.2141424968075724,0.05567704916996883,0.4016270058273746,0.3055036541057502,2.606508023309498,0.6516256791752263,0.8691283944286771,0.5825482174498211,1.525065911041618,0.045881268779219025,0.045881268779219025,0.0,1.4791846422623995,0.0,0.0,1.4791846422623995,0.0,0.045881268779219025,0.0,4.502305169312105,334.84277541448074,465.12579947264834,8.582980515995974,333.3177095034391,0.0,0.0,0.0,31929.339238596454,-37543.76095425415,-4.583580448525026e-16,0.0,0.0,-4.440892098500626e-16
intrinsic_limited,once_through,764.318066724894,22.82429108981666,19661.70847256756,88523.14785181981,741.4937756350776,879999.9999999987,3961476.8521481804,0.0,4743.142274974126,879999.9999999987,3960000.0,0.0,132.0,0.21634808230090005,0.05625050139823402,0.4084505676997419,0.30523727321651783,2.6338022707989674,0.6487575773795312,0.8683449212250525,0.5805802443798418,1.5407735043493793,0.04601103192213961,0.04601103192213961,0.0,1.49476247242724,0.0,0.0,1.49476247242724,0.0,0.04601103192213961,0.0,4.502312094359919,338.2915274324577,463.82037869124485,8.612073952569379,336.75075392810834,0.0,0.0,0.0,32173.07465263154,-37823.93554283034,-4.583580448525026e-16,0.0,0.0,-2.220446049250313e-16
intrinsic_limited,once_through,772.1270126187062,22.8833896793674,19658.252188660295,88507.71228241189,749.2436229393389,886666.6666666653,3991492.2877175882,0.0,4779.589758543045,886666.6666666653,3990000.0,0.0,133.0,0.2185584846745572,0.05682520601538488,0.4152109647575148,0.30497201829071136,2.6608438590300594,0.6458958769716088,0.8675647596785628,0.5786260512557662,1.5565154021977974,0.04613016758684315,0.04613016758684315,0.0,1.5103852346109545,0.0,0.0,1.5103852346109545,0.0,0.04613016758684315,0.0,4.502318488592127,341.74781133972533,462.51210694092504,8.641159500421255,340.1912959375275,0.0,0.0,0.0,32416.81006666663,-38104.118440434344,-2.291790224262513e-16,0.0,0.0,-2.220446049250313e-16
intrinsic_limited,once_through,779.951287185694,22.937292467962585,19654.78912019502,88492.23583388305,757.0139947177315,893333.333333332,4021507.764166117,0.0,4816.045548283196,893333.333333332,4020000.0,0.0,134.0,0.22077322598666177,0.05740103875653206,0.4219071454088123,0.30470791544610243,2.6876285816352494,0.6430412194030027,0.8667879866061836,0.5766857473291812,1.5722882008118968,0.04623882914031641,0.04623882914031641,0.0,1.5260493716715804,0.0,0.0,1.5260493716715804,0.0,0.04623882914031641,0.0,4.502324359357208,345.21087980500334,461.2012671013447,8.670233351797963,343.63859160419145,0.0,0.0,0.0,32660.545480701712,-38384.30964420958,-2.291790224262513e-16,0.0,0.0,0.0
intrinsic_limited,once_through,787.7892313833838,22.986079659806357,19651.320001473374,88476.72197033543,764.8031517235777,899999.9999999986,4051523.278029665,0.0,4852.509640277916,899999.9999999986,4050000.0,0.0,135.0,0.2229918366281946,0.0579778775233306,0.42853814904877424,0.3044449886364817,2.714152596195097,0.6401942242632823,0.8660146724602402,0.5747594245583317,1.5880885557611357,0.04633717826461044,0.04633717826461044,0.0,1.5417513774965257,0.0,0.0,1.5417513774965257,0.0,0.04633717826461044,0.0,4.502329714426401,348.6799985266484,459.88813712018475,8.699291888675338,347.09190997088723,0.0,0.0,0.0,32904.28089473681,-38664.5091502394,-4.583580448525026e-16,0.0,2.7214549481868745e-11,-4.440892098500626e-16
intrinsic_limited,once_through,795.6392166270265,23.029835244646982,19647.84555331624,88461.17410274758,772.6093813823796,906666.6666666652,4081538.8258972527,0.0,4888.982029604151,906666.6666666652,4080000.0,0.0,136.0,0.22521385561150847,0.058555602458992204,0.4351031038508617,0.30418325972989013,2.740412415403447,0.6373554892197545,0.8652448815585004,0.572847158427491,1.60391318401409,0.04642538427297895,0.04642538427297895,0.0,1.5574877997411114,0.0,0.0,1.5574877997411114,0.0,0.04642538427297895,0.0,4.502334561959988,352.1544466837792,458.57298984239105,8.7283316787769,350.5505334997651,0.0,0.0,0.0,33148.01630877189,-38944.71695360071,-2.291790224262513e-16,0.0,0.0,-2.220446049250313e-16
intrinsic_limited,once_through,803.4996457026574,23.068646664358443,19644.366482659618,88445.5955864917,780.4309990382991,913333.3333333319,4111554.4044135083,0.0,4925.462710384944,913333.3333333319,4110000.0,0.0,137.0,0.22743883082877894,0.05913409601548253,0.44160122444459515,0.3039227485879481,2.7664048977783806,0.634525590008973,0.8644786723174944,0.5709490087605446,1.619758865779073,0.046503623437746895,0.046503623437746895,0.0,1.5732552423413262,0.0,0.0,1.5732552423413262,0.0,0.046503623437746895,0.0,4.502338910474104,355.6335173404026,457.25609285720526,8.757349471285263,354.0137584746235,0.0,0.0,0.0,33391.75172280698,-39224.93304841659,-2.291790224262513e-16,0.0,0.0,-2.220446049250313e-16
intrinsic_limited,once_through,811.3689535770229,23.102604486402807,19640.883482196128,88429.98971907007,788.2663490906202,919999.9999999985,4141570.01028093,0.0,4961.9516758406835,919999.9999999985,4140000.0,0.0,138.0,0.22966631928126263,0.05971324301312829,0.44803180949519267,0.3036634731458707,2.792127237980771,0.6317050804771283,0.8637160974878552,0.5690650205258092,1.635622446136849,0.04657207833204969,0.04657207833204969,0.0,1.5890503678047994,0.0,0.0,1.5890503678047994,0.0,0.04657207833204969,0.0,4.502342768808195,359.11651780389104,455.93770836247336,8.786342192285971,357.4808953577542,0.0,0.0,0.0,33635.48713684206,-39505.15742790741,-2.291790224262513e-16,0.0,0.0,-2.220446049250313e-16
intrinsic_limited,once_through,819.245608107652,23.131802085123034,19637.397230060757,88414.35973806622,796.113806022529,926666.6666666651,4171585.6402619337,0.0,4998.448918338984,926666.6666666651,4170000.0,0.0,139.0,0.23189588728029,0.060292930692875404,0.4543942391999496,0.3034054494927868,2.8175769567997984,0.6288944926663775,0.8629572043905495,0.5671952246294016,1.6515008364720534,0.04663093718735782,0.04663093718735782,0.0,1.6048698992846957,0.0,0.0,1.6048698992846957,0.0,0.04663093718735782,0.0,4.502346146093245,362.60276993926465,454.6180930456845,8.815306939981623,360.9512691027926,0.0,0.0,0.0,33879.222550877144,-39785.3900844408,-2.291790224262513e-16,0.0,0.0,-2.220446049250313e-16
intrinsic_limited,once_through,827.1281106565526,23.15633533170435,19633.9083895592,88398.70881930493,803.9717753248484,933333.3333333317,4201601.291180695,0.0,5034.954429443196,933333.3333333317,4200000.0,0.0,140.0,0.23412711062097866,0.060873048761454454,0.4606879727155467,0.30314869195201005,2.8427518908621865,0.6260943369441709,0.8622020351529708,0.5653396386947775,1.667391015710331,0.046680393268476165,0.046680393268476165,0.0,1.6207106224418553,0.0,0.0,1.6207106224418553,0.0,0.046680393268476165,0.0,4.5023490517208,366.0916104408168,453.29749798115444,8.844240979712128,364.42421942510646,0.0,0.0,0.0,34122.95796491224,-40065.63100958011,-2.291790224262513e-16,0.0,0.0,-2.220446049250313e-16
intrinsic_limited,once_through,835.0149966111682,23.176302293534686,19630.41760893733,88383.04007521589,811.8386943176336,939999.9999999984,4231616.9599247845,0.0,5071.468199959451,939999.9999999984,4229999.999999999,0.0,141.0,0.23635957472969524,0.061453489429720766,0.46691254552977335,0.3028932131609382,2.8676501821190934,0.6233051021726425,0.8614506269439359,0.5634982678263191,1.6832900313685215,0.0467206442674907,0.0467206442674907,0.0,1.636569387101031,0.0,0.0,1.636569387101031,0.0,0.0467206442674907,0.0,4.502351495312912,369.5823910626921,451.9761685427479,8.873141738815594,367.8991010313236,0.0,0.0,0.0,34366.69337894732,-40345.880194131445,-2.291790224262513e-16,0.0,5.442909896373749e-11,-2.220446049250313e-16
intrinsic_limited,once_through,842.9048358163593,23.19180294359003,19626.925521189936,88367.35655339443,819.7130328727693,946666.666666665,4261632.643446607,0.0,5107.990219982217,946666.666666665,4259999.999999999,0.0,142.0,0.23859287478633248,0.06203414744444645,0.4730675667904302,0.30263902415028504,2.892270267161721,0.6205272559151652,0.8607030122067207,0.5616711053551307,1.6991950004254823,0.046751891717924265,0.046751891717924265,0.0,1.652443108707558,0.0,0.0,1.652443108707558,0.0,0.046751891717924265,0.0,4.502353486693056,373.0744788100845,450.65434433150614,8.902006801362203,371.375283809659,0.0,0.0,0.0,34610.428792982406,-40626.137628189295,0.0,0.0,1.0885819792747498e-10,0.0
intrinsic_limited,once_through,850.7962329212781,23.202938880371118,19623.432743907255,88351.6612353529,827.5932940409072,953333.3333333316,4291648.338764648,0.0,5144.520478938339,953333.3333333316,4289999.999999999,0.0,143.0,0.24082661582249534,0.0626149201138488,0.4791527166034362,0.30238613442238005,2.9166108664137447,0.6177612446772108,0.8599592188893531,0.5598581335654507,1.715103110021346,0.04677434043016253,0.04677434043016253,0.0,1.6683287695911837,0.0,0.0,1.6683287695911837,0.0,0.04677434043016253,0.0,4.502355035858066,376.5672560927651,449.3322591175336,8.930833902791681,374.85215298274375,0.0,0.0,0.0,34854.16420701749,-40906.4033011805,-2.291790224262513e-16,0.0,1.0885819792747498e-10,-2.220446049250313e-16
intrinsic_limited,once_through,858.68782764507,23.209813058821943,19619.939879157333,88335.9570354556,835.4780145862482,959999.9999999983,4321664.042964545,0.0,5181.058965629535,959999.9999999983,4319999.999999999,0.0,144.0,0.24306041279671078,0.0631957073271448,0.48516774331141116,0.3021345520282948,2.940670973245645,0.6150074941787119,0.8592192706714554,0.5580593244003244,1.7310116179931436,0.04678819794901798,0.04678819794901798,0.0,1.6842234200441257,0.0,0.0,1.6842234200441257,0.0,0.04678819794901798,0.0,4.5023561529511475,380.0601208426839,448.0101407954831,8.959620924483014,378.32910922469074,0.0,0.0,0.0,35097.89962105259,-41186.677201906794,-2.291790224262513e-16,0.0,1.0885819792747498e-10,0.0
intrinsic_limited,once_through,866.5782949653852,23.21252953257097,19616.447513402614,88320.24680002971,843.3657654328143,966666.6666666649,4351679.753199971,0.0,5217.605668273324,966666.6666666649,4349999.999999999,0.0,145.0,0.2452938906477879,0.06377641156842485,0.49111246076324805,0.30188428364358455,2.964449843052992,0.6122664096551891,0.8584831871870134,0.5562746401454204,1.7469178532548206,0.04679367403411916,0.04679367403411916,0.0,1.7001241792207016,0.0,0.0,1.7001241792207016,0.0,0.04679367403411916,0.0,4.502356848235969,383.55248659740585,446.6882113529741,8.988365888283004,381.805568744151,0.0,0.0,0.0,35341.63503508767,-41466.959318585665,-2.291790224262513e-16,0.0,1.0885819792747498e-10,-2.220446049250313e-16
intrinsic_limited,once_through,874.4663452337063,23.21119320775089,19612.95621744886,88304.53330664548,851.2551520259556,973333.3333333315,4381695.466693356,0.0,5254.160574542395,973333.3333333315,4379999.999999999,0.0,146.0,0.2475266843274624,0.06435693792514022,0.4969867455844358,0.30163533464245723,2.987946982337743,0.6095383761849842,0.8577509842425213,0.5545040340900772,1.7628192160297238,0.046790980163640854,0.046790980163640854,0.0,1.7160282358660832,0.0,0.0,1.7160282358660832,0.0,0.046790980163640854,0.0,4.502357132071935,387.04378255115546,445.3666868512709,9.017066951018371,385.28096333512576,0.0,0.0,0.0,35585.37044912275,-41747.249638889814,-2.291790224262513e-16,0.0,1.0885819792747498e-10,-2.220446049250313e-16
intrinsic_limited,once_through,882.3507242214939,23.20590960857364,19609.466546424774,88288.81926355722,859.1448146129203,979999.9999999981,4411711.180736443,0.0,5290.723671602399,979999.9999999981,4409999.999999999,0.0,147.0,0.24975843881345877,0.06493719409149928,0.502790534457146,0.30138770917020685,3.011162137828584,0.6068237590400214,0.8570226740300202,0.5527474511648673,1.778713177943625,0.04678032906173143,0.04678032906173143,0.0,1.7319328488818937,0.0,0.0,1.7319328488818937,0.0,0.04678032906173143,0.0,4.502357014890554,390.53345357524114,444.0457774175519,9.045722399014112,388.7547403972975,0.0,0.0,0.0,35829.105863157834,-42027.548149984905,0.0,0.0,5.442909896373749e-11,-2.220446049250313e-16
intrinsic_limited,once_through,890.2302131011342,23.196784654763682,19605.979039790393,88273.10730929824,867.0334284463706,986666.6666666648,4441726.892690702,0.0,5327.294946148184,986666.6666666648,4439999.999999999,0.0,148.0,0.2519888091040972,0.06551709036706528,0.5085238214183583,0.30114141021377067,3.034095285673433,0.6041229040576134,0.8562982653346196,0.5510048285551437,1.794597281986314,0.04676193424984501,0.04676193424984501,0.0,1.7478353477364694,0.0,0.0,1.7478353477364694,0.0,0.04676193424984501,0.0,4.502356507173027,394.02096020962244,442.7256872481014,9.074330642639021,392.2263629276361,0.0,0.0,0.0,36072.84127719293,-42307.854838565785,-2.291790224262513e-16,0.0,1.0885819792747498e-10,-4.440892098500626e-16
intrinsic_limited,once_through,898.1036283656371,23.18392445088519,19602.49422137265,88257.4000124209,874.9197039147521,993333.3333333314,4471742.59998758,0.0,5363.8743844384635,993333.3333333314,4469999.999999999,0.0,149.0,0.2542174601955635,0.06609653965084651,0.5141866551835858,0.30089643967029245,3.056746620734343,0.6014361380309208,0.8555777637361544,0.5492760962902193,1.8104691423497203,0.046736009622050434,0.046736009622050434,0.0,1.7637331327276702,0.0,0.0,1.7637331327276702,0.0,0.046736009622050434,0.0,4.502355619428962,397.50577862736816,441.4066146217629,9.102890210897082,395.6953094850184,0.0,0.0,0.0,36316.576691228016,-42588.169690891154,-4.583580448525026e-16,0.0,1.0885819792747498e-10,-2.220446049250313e-16
intrinsic_limited,once_through,905.9698216909728,23.167435087536173,19599.012599426293,88241.6998713749,882.8023866034367,999999.999999998,4501758.300128626,0.0,5400.461972328963,999999.999999998,4499999.999999999,0.0,150.0,0.25644406704294176,0.06667545743116486,0.5197791365030555,0.30065279841359366,3.079116546012222,0.5987637691157811,0.8548611718046872,0.5475611778079624,1.8263264441503981,0.04670276904426242,0.04670276904426242,0.0,1.7796236751061358,0.0,0.0,1.7796236751061358,0.0,0.04670276904426242,0.0,4.502354362176283,400.98740057372555,440.0887519230028,9.13139974608202,399.1610741295751,0.0,0.0,0.0,36560.3121052631,-42868.49269281674,-2.291790224262513e-16,0.0,1.0885819792747498e-10,-2.220446049250313e-16
intrinsic_limited,once_through,913.8276797448734,23.14742245432663,19595.534666718522,88226.00931451569,890.6802572905468,1006666.6666666646,4531773.990685485,0.0,5437.0576953040345,1006666.6666666646,4529999.999999999,0.0,151.0,0.25866831450609373,0.06725376177158437,0.5253014155565282,0.300410486358473,3.101205662226113,0.5961060872517201,0.8541484892896265,0.5458599904947473,1.8421669430440952,0.046662425977227966,0.046662425977227966,0.0,1.7955045170668673,0.0,0.0,1.7955045170668673,0.0,0.046662425977227966,0.0,4.5023527459222965,404.4653332814948,438.77228567394263,9.159857998510176,402.6231663384507,0.0,0.0,0.0,36804.04751929819,-43148.8238298269,0.0,0.0,1.0885819792747498e-10,0.0
intrinsic_limited,once_through,921.67612394584,23.123992064506716,19592.06090063565,88210.33070023514,898.5521318813333,1013333.3333333313,4561789.6692997655,0.0,5473.661538506781,1013333.3333333313,4559999.999999999,0.0,152.0,0.2608898972814436,0.06783137329317533,0.5307536893922896,0.30016950252277386,3.1230147575691585,0.593463364595071,0.8534397133022761,0.5441724462008165,1.8579884647399398,0.04661519312299779,0.04661519312299779,0.0,1.811373271616942,0.0,0.0,1.811373271616942,0.0,0.04661519312299779,0.0,4.502350781145909,407.9390993643644,437.45739657473365,9.188263821345421,406.08111089962443,0.0,0.0,0.0,37047.78293333327,-43429.16308706472,0.0,0.0,1.0885819792747498e-10,0.0
intrinsic_limited,once_through,929.5141101760047,23.097248891065327,19588.59176331019,88194.66631720694,906.4168612849393,1019999.9999999979,4591805.333682794,0.0,5510.273486767722,1019999.9999999979,4589999.999999999,0.0,153.0,0.2631085198207003,0.0684082151533821,0.5361361994152174,0.29992984508717424,3.1445447976608696,0.5908358559622333,0.852734838491689,0.5424984517312373,1.8737889044216043,0.04656128209452077,0.04656128209452077,0.0,1.8272276223270831,0.0,0.0,1.8272276223270831,0.0,0.04656128209452077,0.0,4.502348478280979,411.4082366898221,436.144259551663,9.216616165527938,409.5344477854005,0.0,0.0,0.0,37291.51834736836,-43709.51044936075,2.291790224262513e-16,0.0,1.0885819792747498e-10,4.440892098500626e-16
intrinsic_limited,once_through,937.3406284513977,23.067297214079552,19585.127701766796,88179.01838473935,914.273331237318,1026666.6666666645,4621820.981615261,0.0,5546.893524632013,1026666.6666666645,4619999.999999999,0.0,154.0,0.26532389623752356,0.06898421302175613,0.5414492289282394,0.2996915114526695,3.1657969157129577,0.588223799281209,0.8520338572137338,0.540837909312717,1.8895662260826034,0.046500903107918684,0.046500903107918684,0.0,1.8430653229746843,0.0,0.0,1.8430653229746843,0.0,0.046500903107918684,0.0,4.502345847700785,414.8722982332132,434.8330438123951,9.244914074817485,412.9827320071306,0.0,0.0,0.0,37535.253761403445,-43989.86590126013,4.583580448525026e-16,0.0,1.0885819792747498e-10,4.440892098500626e-16
intrinsic_limited,once_through,945.1547025530566,23.03424047905969,19581.669148085544,88163.38905322774,922.1204620739968,1033333.3333333312,4651836.610946773,0.0,5583.521636385277,1033333.3333333312,4649999.999999999,0.0,155.0,0.267535750203105,0.06955929505280731,0.5466931007309311,0.2994544982957311,3.1867724029237245,0.585627416049669,0.8513367596933269,0.5391907170366487,1.9053184617826555,0.046434264696926845,0.046434264696926845,0.0,1.8588841970857286,0.0,0.0,1.8588841970857286,0.0,0.046434264696926845,0.0,4.502342899703588,418.3308519144676,433.5239129077736,9.273156680959978,416.42553345268493,0.0,0.0,0.0,37778.98917543853,-44270.22942704848,2.291790224262513e-16,0.0,5.442909896373749e-11,0.0
intrinsic_limited,once_through,952.955389622302,22.998181166004265,19578.216519581045,88147.78040469991,929.9572084562976,1039999.9999999978,4681852.219595301,0.0,5620.157806078061,1039999.9999999978,4679999.999999999,0.0,156.0,0.26974381483160753,0.07013339185621796,0.5518681747784673,0.299218801621139,3.207472699113869,0.5830469117979004,0.8506435341798206,0.5375567692788316,1.9210437108318061,0.04636157344892467,0.04636157344892467,0.0,1.874682137382881,0.0,0.0,1.874682137382881,0.0,0.04636157344892467,0.0,4.502339644499252,421.7834804189662,432.2170247996276,9.301343198984984,419.8624367081344,0.0,0.0,0.0,38022.72458947362,-44550.60101077635,2.291790224262513e-16,1.1641532182693481e-10,1.0885819792747498e-10,4.440892098500626e-16
intrinsic_limited,once_through,960.7417797233802,22.959220668853334,19574.770218996047,88132.19445344714,937.7825590545267,1046666.6666666644,4711867.805546554,0.0,5656.802017548976,1046666.6666666644,4709999.999999999,0.0,157.0,0.27194783255636623,0.07070643646465523,0.5569748459036401,0.29898441681249316,3.2278993836145604,0.5804824765551054,0.8499541670955681,0.5359359570963687,1.9367401389087675,0.04628303376192806,0.04628303376192806,0.0,1.890457105146839,0.0,0.0,1.890457105146839,0.0,0.04628303376192806,0.0,4.502336092196911,425.2297810039644,430.9125319340435,9.329472922640514,423.2930408650556,0.0,0.0,0.0,38266.460003508706,-44830.98063628236,4.583580448525026e-16,0.0,1.0885819792747498e-10,4.440892098500626e-16
intrinsic_limited,once_through,968.51299537655,22.917459185006322,19571.330634708076,88116.6331467341,945.5955361915435,1053333.333333331,4741883.366853267,0.0,5693.4542544465485,1053333.333333331,4739999.999999999,0.0,158.0,0.27414755499772414,0.07127836429940827,0.5620135416041873,0.29875133868042364,3.248054166416749,0.577934285317612,0.8492686431777167,0.5343281686023184,1.9524059771196793,0.04619884762187054,0.04619884762187054,0.0,1.9062071294978085,0.0,0.0,1.9062071294978085,0.0,0.04619884762187054,0.0,4.502332252793625,428.66936529193345,429.61058131958964,9.357545219970097,426.7169593148138,0.0,0.0,0.0,38510.195417543786,-45111.36828721501,2.291790224262513e-16,0.0,1.0885819792747498e-10,2.220446049250313e-16
intrinsic_limited,once_through,976.2681910645617,22.87299561455284,19567.898140947884,88101.0983655809,953.3951954500087,1059999.9999999977,4771898.901634419,0.0,5730.114500249823,1059999.9999999977,4769999.999999999,0.0,159.0,0.2763427428233358,0.07184911313406732,0.5669847198972329,0.29851956150852454,3.2679388795889315,0.575402498517672,0.8485869456133075,0.5327332893187073,1.9680395210032287,0.04610921439946477,0.04610921439946477,0.0,1.9219303066037634,0.0,0.0,1.9219303066037634,0.0,0.04610921439946477,0.0,4.502328136164,432.1018590521253,428.3113146099986,9.385559529036215,430.13381953112207,0.0,0.0,0.0,38753.93083157888,-45391.763947053376,4.583580448525026e-16,0.0,5.442909896373749e-11,4.440892098500626e-16
intrinsic_limited,once_through,984.006552715345,22.825927468850903,19564.4730980284,88085.59192561166,961.180625246494,1066666.6666666644,4801914.408074389,0.0,5766.782738287773,1066666.6666666644,4799999.999999999,0.0,160.0,0.2785331656017371,0.07241862305645164,0.5718888672422351,0.2982890790970466,3.2875554689689404,0.5728872624916116,0.8479090561677842,0.5311512025085687,1.9836391294878095,0.046014330665907155,0.046014330665907155,0.0,1.937624798821902,0.0,0.0,1.937624798821902,0.0,0.046014330665907155,0.0,4.502323752050774,435.5269019716073,427.0148681908346,9.413515353792949,433.5432628421195,0.0,0.0,0.0,38997.66624561397,-45672.16759912641,4.583580448525026e-16,0.0,1.0885819792747498e-10,4.440892098500626e-16
intrinsic_limited,once_through,991.7272971635927,22.776350788075657,19561.05585258305,88070.11557796244,968.9509463755169,1073333.3333333312,4831929.884422038,0.0,5803.458951757542,1073333.3333333312,4829999.999999999,0.0,161.0,0.28071860164994045,0.07298683642898451,0.5767264965334598,0.29805988480438994,3.306905986133839,0.5703887099462045,0.8472349553070293,0.529581789487687,1.999203223806143,0.045914390026665954,0.045914390026665954,0.0,1.9532888337794767,0.0,0.0,1.9532888337794767,0.0,0.045914390026665954,0.0,4.5023191100562565,438.94414741695596,425.7213732696975,9.441412260109923,436.9449441931498,0.0,0.0,0.0,39241.401659649055,-45952.57922663127,2.291790224262513e-16,0.0,5.442909896373749e-11,4.440892098500626e-16
intrinsic_limited,once_through,999.4296715937949,22.724360067354276,19557.64673781226,88054.67101024358,976.7053115264405,1079999.999999998,4861945.328989757,0.0,5840.14312374158,1079999.999999998,4859999.999999999,0.0,162.0,0.2828988378757806,0.07355369784770295,0.5814981451626472,0.29783197158644353,3.325992580650589,0.5679069604222232,0.8465646223130693,0.5280249299167635,2.014730286372499,0.04580958297257813,0.04580958297257813,0.0,1.9689207033999208,0.0,0.0,1.9689207033999208,0.0,0.04580958297257813,0.0,4.502314219634661,442.35326218774117,424.4309559695335,9.469249871948636,440.33853190136864,0.0,0.0,0.0,39485.13707368415,-46232.9988126504,2.291790224262513e-16,0.0,1.0885819792747498e-10,4.440892098500626e-16
intrinsic_limited,once_through,1007.1129529671471,22.67004819109784,19554.246073737133,88039.25984755023,984.4429047760491,1086666.6666666646,4891960.740152451,0.0,5876.8352372237,1086666.6666666646,4889999.999999999,0.0,163.0,0.2850736696156945,0.07411915410008058,0.586204373152225,0.29760533203382483,3.3448174926089,0.5654421207542198,0.8458980353936025,0.5264805020747365,2.0302188596274124,0.04570009674747031,0.04570009674747031,0.0,1.9845187628799417,0.0,0.0,1.9845187628799417,0.0,0.04570009674747031,0.0,4.5023090900852365,445.7539262628718,423.1437374246489,9.497027867691529,443.72370740324436,0.0,0.0,0.0,39728.87248771924,-46513.426340167614,2.291790224262513e-16,0.0,1.6328729689121246e-10,4.440892098500626e-16
intrinsic_limited,once_through,1014.7764474346244,22.61350637513862,19550.854167459183,88023.88365351612,992.1629410594858,1093333.3333333314,4921976.116346485,0.0,5913.535275104111,1093333.3333333314,4919999.999999999,0.0,164.0,0.28724290046858636,0.07468315412183246,0.5908457613591213,0.2973799584070749,3.363383045436485,0.5629942855256705,0.8452351717855144,0.5249483831139905,2.0456675448545103,0.045586115231514436,0.045586115231514436,0.0,2.000081429622996,0.0,0.0,2.000081429622996,0.0,0.045586115231514436,0.0,4.502303730546196,449.14583254081964,421.85983387904014,9.524745976623514,447.10016499596514,0.0,0.0,0.0,39972.60790175432,-46793.86179208311,0.0,0.0,1.0885819792747498e-10,0.0
intrinsic_limited,once_through,1022.4194897383888,22.554824116281218,19547.471313425325,88008.54393140551,999.8646656221075,1099999.9999999981,4951991.456068596,0.0,5950.243220213469,1099999.9999999981,4949999.999999999,0.0,165.0,0.2894063421263894,0.07524564895286125,0.5954229097489772,0.2971558426698701,3.3816916389959086,0.5605635375187004,0.8445760078525592,0.5234284492982153,2.061075000973823,0.045467818839528974,0.045467818839528974,0.0,2.015607182134294,0.0,0.0,2.015607182134294,0.0,0.045467818839528974,0.0,4.5022981499893895,452.52868657467826,420.57935678667894,9.552403975564818,450.46761157370446,0.0,0.0,0.0,40216.34331578941,-47074.30515122755,2.291790224262513e-16,0.0,1.0885819792747498e-10,0.0
intrinsic_limited,once_through,1030.0414426035657,22.494089148878082,19544.097793697045,87993.24212523778,1007.5473534546875,1106666.6666666649,4982006.757874764,0.0,5986.959055325976,1106666.6666666649,4979999.999999999,0.0,166.0,0.29156381420190214,0.07580659169249455,0.5999364357403105,0.29693297652031353,3.399745742961242,0.5581499481576861,0.8439205191773927,0.5219205762236561,2.076439943315676,0.04534538443344034,0.04534538443344034,0.0,2.031094558882235,0.0,0.0,2.031094558882235,0.0,0.04534538443344034,0.0,4.502292357215667,455.9022063029604,419.3024129134116,9.580001685653746,453.8257663596447,0.0,0.0,0.0,40460.07872982451,-47354.75640037516,2.291790224262513e-16,0.0,1.0885819792747498e-10,4.440892098500626e-16
intrinsic_limited,once_through,1037.6416961223067,22.43138740804413,19540.733878223025,87977.9796209412,1015.2103087142626,1113333.3333333316,5012022.020379061,0.0,6023.682763171599,1113333.3333333316,5009999.999999999,0.0,167.0,0.2937151440544413,0.07636593745415475,0.6043869726179725,0.29671135142037025,3.41754789047189,0.5557535779461056,0.8432686806481479,0.5204246390245123,2.0917611423790357,0.045218985248128,0.045218985248128,0.0,2.0465421571309075,0.0,0.0,2.0465421571309075,0.0,0.045218985248128,0.0,4.5022863608509285,459.26612177698024,418.0291044401493,9.607538969277158,457.1743606346012,0.0,0.0,0.0,40703.81414385959,-47635.215522255865,0.0,0.0,1.6328729689121246e-10,0.0
intrinsic_limited,once_through,1045.219667131934,22.3668029991306,19537.37982511439,87962.75774753062,1022.8528641328035,1119999.9999999984,5042037.242252471,0.0,6060.414326447408,1119999.9999999984,5039999.999999999,0.0,168.0,0.2958601666138188,0.0769236433195929,0.6087751680150442,0.2964909586235143,3.4351006720601767,0.553374476896074,0.8426204665397481,0.5189405125632205,2.1070374225779234,0.045088790829887385,0.045088790829887385,0.0,2.0619486317480358,0.0,0.0,2.0619486317480358,0.0,0.045088790829887385,0.0,4.5022801693428,462.62017488561685,416.7595290670514,9.635015727146316,460.5131374630389,0.0,0.0,0.0,40947.54955789469,-47915.68249956677,0.0,0.0,1.6328729689121246e-10,0.0
intrinsic_limited,once_through,1052.7747985888404,22.300418173085337,19534.035880921805,87947.57777830536,1030.4743804157551,1126666.666666665,5072052.422221697,0.0,6097.153727828124,1126666.666666665,5069999.999999999,0.0,169.0,0.29799872420311785,0.07747966829281064,0.6131016824621539,0.2962717892006552,3.4524067298486156,0.551012684950078,0.8419758505901624,0.517468071606366,2.1222676609792717,0.044954966986759264,0.044954966986759264,0.0,2.0773126939925124,0.0,0.0,2.0773126939925124,0.0,0.044954966986759264,0.0,4.502273790957895,465.96411907819834,415.49378011841856,9.662431895515018,463.84185141721906,0.0,0.0,0.0,41191.284971929774,-48196.15731498257,0.0,0.0,1.6328729689121246e-10,0.0
intrinsic_limited,once_through,1060.3065589397129,22.232313307335136,19530.7022809138,87932.44093206356,1038.0742456323778,1133333.3333333319,5102067.5590679385,0.0,6133.900949975869,1133333.3333333319,5099999.999999999,0.0,170.0,0.3001306663607114,0.07803397325378497,0.6173671880030435,0.296053834064412,3.469468752012174,0.5486682323944732,0.8413348060718,0.5160071909869339,2.137450786035388,0.04481767574999075,0.04481767574999075,0.0,2.0926331102853974,0.0,0.0,2.0926331102853974,0.0,0.04481767574999075,0.0,4.502267233779644,469.29771908620256,414.2319466480352,9.689787443537018,467.16026830016716,0.0,0.0,0.0,41435.02038596487,-48476.63995116541,0.0,0.0,1.6328729689121246e-10,0.0
intrinsic_limited,once_through,1067.8144414915307,22.16256689183482,19527.37924935559,87917.3483743291,1045.6518745996962,1139999.9999999986,5132082.651625673,0.0,6170.655975549199,1139999.9999999986,5129999.999999999,0.0,171.0,0.30225584966193364,0.07858652091210275,0.6215723668750811,0.2958370839918041,3.4862894675003244,0.5463411402643784,0.8406973058582473,0.5145577457536166,2.1525857763139467,0.044677075345911976,0.044677075345911976,0.0,2.1079087009680353,0.0,0.0,2.1079087009680353,0.0,0.044677075345911976,0.0,4.502260505706643,472.620750644414,412.9741135447163,9.71708237075908,470.4681648681,0.0,0.0,0.0,41678.755799999955,-48757.130390773826,-4.583580448525026e-16,0.0,2.1771639585494996e-10,-4.440892098500626e-16
intrinsic_limited,once_through,1075.2979637816893,22.091255519938183,19524.06699978787,87902.30121858811,1053.2067082617514,1146666.6666666653,5162097.698781414,0.0,6207.4187872114235,1146666.6666666653,5159999.999999999,0.0,172.0,0.3043741375407868,0.07913727576060457,0.6257179102533119,0.2956215296454282,3.5028716410132477,0.5440314207396495,0.8400633224865536,0.5131196113078673,2.1676716592282315,0.04453332017753298,0.04453332017753298,0.0,2.123138339050699,0.0,0.0,2.123138339050699,0.0,0.04453332017753298,0.0,4.502253614451496,475.9330002121372,411.7203616378346,9.74431670474595,473.76532855290895,0.0,0.0,0.0,41922.49121403504,-49037.628616471135,-4.583580448525026e-16,0.0,1.6328729689121246e-10,-4.440892098500626e-16
intrinsic_limited,once_through,1082.756666949492,22.018453883756823,19520.76573530499,87887.30052753139,1060.7382130657352,1153333.333333332,5192112.699472471,0.0,6244.18936763828,1153333.333333332,5189999.999999999,0.0,173.0,0.30648540011203596,0.07968620402912935,0.6298045170565334,0.29540716159318775,3.5192180682261336,0.541739077531668,0.8394328282152581,0.5116926635293638,2.182707509770142,0.0443865608151877,0.0443865608151877,0.0,2.138320948954954,0.0,0.0,2.138320948954954,0.0,0.0443865608151877,0.0,4.502246567540105,479.2342646950157,410.47076780261676,9.771490498833527,477.0515571852456,0.0,0.0,0.0,42166.22662807014,-49318.13461093309,0.0,0.0,2.1771639585494996e-10,0.0
intrinsic_limited,once_through,1090.1901151101627,21.94423477368423,19517.47564883204,87872.34731430028,1068.2458803364784,1159999.9999999988,5222127.652685702,0.0,6280.967699524965,1159999.9999999988,5219999.999999999,0.0,174.0,0.3085895139940163,0.08023327363844424,0.6338328928138077,0.2951939703266442,3.535331571255231,0.5394641062607312,0.8388057950783653,0.5102767788905513,2.1976924492482746,0.04423694399557456,0.04423694399557456,0.0,2.1534555052527,0.0,0.0,2.1534555052527,0.0,0.04423694399557456,0.0,4.502239372311383,482.5243511679663,409.2254050650189,9.798603830005842,480.326658718718,0.0,0.0,0.0,42409.96204210524,-49598.64835685487,0.0,0.0,1.6328729689121246e-10,0.0
intrinsic_limited,once_through,1097.5978947324334,21.868669081774495,19514.19692340031,87857.44254373314,1075.7292256506587,1166666.6666666656,5252142.55745627,0.0,6317.753765592596,1166666.6666666656,5249999.999999999,0.0,175.0,0.31068636213245343,0.08077845415443789,0.6378037485897611,0.2949819462780554,3.5512149943590443,0.5372064948238703,0.8381821949354571,0.5088718345608805,2.2126256440332175,0.04408461262856757,0.04408461262856757,0.0,2.16854103140465,0.0,0.0,2.16854103140465,0.0,0.04408461262856757,0.0,4.502232035917374,485.80307659969543,407.9843427060017,9.825656796891968,483.5904509556622,0.0,0.0,0.0,42653.69745614032,-49879.16983695759,4.583580448525026e-16,0.0,2.1771639585494996e-10,0.0
intrinsic_limited,once_through,1104.9796140206713,21.791825808677626,19510.929732420784,87842.58713360969,1083.1877882119936,1173333.3333333323,5282157.412866393,0.0,6354.547548594105,1173333.3333333323,5279999.999999999,0.0,176.0,0.31277583362556766,0.0813217167426476,0.6417177999669549,0.29477107983616624,3.5668711998678195,0.5349662237529681,0.837561999518136,0.5074777085013625,2.2275063043119907,0.043929705811197046,0.043929705811197046,0.0,2.1835765985007933,0.0,0.0,2.1835765985007933,0.0,0.043929705811197046,0.0,4.502224565323714,489.0702675792258,406.74764636504676,9.85264951787843,486.8427612749138,0.0,0.0,0.0,42897.432870175406,-50159.699033994184,0.0,0.0,2.1771639585494996e-10,4.440892098500626e-16
intrinsic_limited,once_through,1112.3349023024305,21.713772073845345,19507.674239955184,87827.78195589129,1090.6211302285851,1179999.999999999,5312172.2180441115,0.0,6391.349031319608,1179999.999999999,5309999.999999999,0.0,177.0,0.3148578235507144,0.08186303412318574,0.6455757660835899,0.29456136136081557,3.5823030643343596,0.5327432665630831,0.836945180472987,0.5060942795500233,2.2423336828534235,0.04377235884822335,0.04377235884822335,0.0,2.1985613240052,0.0,0.0,2.1985613240052,0.0,0.04377235884822335,0.0,4.502216967310454,492.3257600448226,405.51537814276224,9.879582129332862,490.08342636196915,0.0,0.0,0.0,43141.1682842105,-50440.23593075478,0.0,0.0,2.1771639585494996e-10,0.0
intrinsic_limited,once_through,1119.6634094222243,21.634573128734466,19504.430600984335,87813.02783795459,1098.0288362934898,1186666.6666666658,5342186.972162048,0.0,6428.158196601293,1186666.6666666658,5339999.999999999,0.0,178.0,0.3169322327927853,0.08240238052612418,0.6493783687247603,0.29435278119642155,3.597513474899041,0.530537590090925,0.8363317094012399,0.5047214274988259,2.2571070737860732,0.04361270327875323,0.04361270327875323,0.0,2.2134943705073202,0.0,0.0,2.2134943705073202,0.0,0.04361270327875323,0.0,4.50220924847316,495.569399015674,404.2875967024477,9.906454783934514,493.3122919418879,0.0,0.0,0.0,43384.90369824559,-50720.78051007155,0.0,0.0,2.1771639585494996e-10,-4.440892098500626e-16
intrinsic_limited,once_through,1126.9648051422482,21.554292372747295,19501.198961673363,87798.32556381694,1105.4105127695009,1193333.3333333326,5372201.674436186,0.0,6464.97502731783,1193333.3333333326,5369999.999999999,0.0,179.0,0.31899896787457654,0.08293973164738991,0.6531263314654633,0.29414532968440493,3.612505325861853,0.5283491548234556,0.8357215578953087,0.5033590331625971,2.2718258113901553,0.04345086690837381,0.04345086690837381,0.0,2.2283749444817813,0.0,0.0,2.2283749444817813,0.0,0.04345086690837381,0.0,4.502201415224325,498.80103832664787,403.0643573704934,9.93326764910739,496.5292125152577,0.0,0.0,0.0,43628.639112280674,-51001.332754823175,0.0,0.0,2.7214549481868747e-10,0.0
intrinsic_limited,once_through,1134.2387785507,21.47299137166128,19497.9794596336,87783.6758753514,1112.7657871790389,1199999.9999999993,5402216.324124652,0.0,6501.799506398361,1199999.9999999993,5399999.999999999,0.0,180.0,0.32105794078930777,0.08347506460522003,0.6568203788635575,0.29393899717461025,3.62728151545423,0.5261779152166203,0.8351146975723831,0.5020069784404875,2.286489268904785,0.04328697384630454,0.04328697384630454,0.0,2.2432022950584805,0.0,0.0,2.2432022950584805,0.0,0.04328697384630454,0.0,4.5021934737950025,502.0205403664105,401.84571223550836,9.960020905551508,499.7340510975057,0.0,0.0,0.0,43872.37452631577,-51281.8926479388,0.0,0.0,2.7214549481868747e-10,0.0
intrinsic_limited,once_through,1141.4850374782845,21.390729878312545,19494.77222418084,87769.07947349033,1120.094307599972,1206666.666666666,5432230.920526513,0.0,6538.631616826081,1206666.666666666,5429999.999999999,0.0,181.0,0.3231090688354579,0.08400835789721907,0.6604612357008616,0.29373377403577966,3.6418449428034463,0.5240238200042425,0.8345111001052343,0.500665146370447,2.301096857351724,0.04312114454709269,0.04312114454709269,0.0,2.2579757128046314,0.0,0.0,2.2579757128046314,0.0,0.04312114454709269,0.0,4.502185430236713,505.22777581916864,400.63171024607556,9.986714745868193,502.9266789618169,0.0,0.0,0.0,44116.109940350856,-51562.46017240161,0.0,0.0,2.1771639585494996e-10,0.0
intrinsic_limited,once_through,1148.7033079234197,21.307565855310518,19491.577376589747,87754.5370194153,1127.3957420681093,1213333.3333333328,5462245.462980588,0.0,6575.471341641431,1213333.3333333328,5459999.999999999,0.0,182.0,0.32515227445406375,0.08453959135805658,0.6640496262705865,0.2935296506651362,3.656198505082346,0.5218868124971361,0.8339107372504007,0.4993334211772021,2.3156480243766633,0.042953495856403366,0.042953495856403366,0.0,2.27269452852026,0.0,0.0,2.27269452852026,0.0,0.042953495856403366,0.0,4.502177290423524,508.42262341026225,399.42239730704983,10.013349373275004,506.10697538588556,0.0,0.0,0.0,44359.84535438595,-51843.03531125205,0.0,0.0,2.7214549481868747e-10,0.0
intrinsic_limited,once_through,1155.8933334866047,21.223555499572832,19488.395030344196,87740.04913573265,1134.669777987032,1219999.9999999995,5492259.95086427,0.0,6612.318663944947,1219999.9999999995,5489999.999999999,0.0,183.0,0.327187485068612,0.08506874611783913,0.6675862737093117,0.2933266174971267,3.6703450948372467,0.5197668308725125,0.8333135808739021,0.49801168831417425,2.3301422531089764,0.04278414106047888,0.04278414106047888,0.0,2.287358112048498,0.0,0.0,2.287358112048498,0.0,0.04278414106047888,0.0,4.502169060054353,511.60496965581257,398.2178163743216,10.039925000406244,509.2748274027036,0.0,0.0,0.0,44603.580768421045,-52123.618047590666,0.0,0.0,2.1771639585494996e-10,-4.440892098500626e-16
intrinsic_limited,once_through,1163.0548748143483,21.13875326848167,19485.22529138341,87725.61640763305,1141.9161215458666,1226666.6666666663,5522274.38359237,0.0,6649.17356689977,1226666.6666666663,5519999.999999999,0.0,184.0,0.32921463292763764,0.08559580456118579,0.6710718993717291,0.2931246650113773,3.6842875974869163,0.5176638084537838,0.8327196029746392,0.4966998344997737,2.3445790610407484,0.04261318993886682,0.04261318993886682,0.0,2.3019658711018813,0.0,0.0,2.3019658711018813,0.0,0.04261318993886682,0.0,4.502160744655404,514.7747086166019,397.0180075479781,10.066441848194895,512.430129555561,0.0,0.0,0.0,44847.31618245612,-52404.20836458056,0.0,0.0,2.1771639585494996e-10,4.440892098500626e-16
intrinsic_limited,once_through,1170.1877090530102,21.05321190747439,19482.068258343672,87711.23938403415,1149.1344971455358,1233333.333333333,5552288.760615968,0.0,6686.0360337338525,1233333.333333333,5549999.999999999,0.0,185.0,0.33123365495012785,0.08612075028703324,0.6745072222464025,0.2929237837399082,3.69802888898561,0.5155776739808713,0.8321287757056124,0.4953977477484721,2.358957998925782,0.042440748820039474,0.042440748820039474,0.0,2.3165172501057425,0.0,0.0,2.3165172501057425,0.0,0.042440748820039474,0.0,4.502152349582785,517.9317416563403,395.8230081638039,10.092900144831999,515.5727836574144,0.0,0.0,0.0,45091.05159649123,-52684.80624544975,0.0,0.0,1.6328729689121246e-10,0.0
intrinsic_limited,once_through,1177.2916293128492,20.96698247889257,19478.92402279556,87696.91857870576,1156.3246468339566,1239999.9999999998,5582303.081421297,0.0,6722.906047741881,1239999.9999999998,5579999.999999999,0.0,186.0,0.33324449257381555,0.08664356806919205,0.6778929584108171,0.2927239642736547,3.7115718336432684,0.5135083518711553,0.8315410713931022,0.49410531739703584,2.373278649699186,0.042266920639549954,0.042266920639549954,0.0,2.3310117290596364,0.0,0.0,2.3310117290596364,0.0,0.042266920639549954,0.0,4.502143880025246,521.0759772044505,394.63285288307173,10.11930012479966,518.7026985547514,0.0,0.0,0.0,45334.787010526314,-52965.41167349287,0.0,0.0,2.1771639585494996e-10,-4.440892098500626e-16
intrinsic_limited,once_through,1184.3664441425342,20.880114391924316,19475.79266947653,87682.65447137598,1163.48632975061,1246666.6666666665,5612317.345528627,0.0,6759.783592286919,1246666.6666666665,5609999.999999999,0.0,187.0,0.33524709160643434,0.08716424381767293,0.6812298205240257,0.2925251972683399,3.724919282096103,0.511455762471207,0.830956462553941,0.49282243412629057,2.3875406274180517,0.042091805000392384,0.042091805000392384,0.0,2.3454488224176595,0.0,0.0,2.3454488224176595,0.0,0.042091805000392384,0.0,4.502135341007032,524.2073305234836,393.4475737805805,10.145642027973713,521.8197898960656,0.0,0.0,0.0,45578.52242456139,-53246.024632072986,0.0,0.0,2.1771639585494996e-10,0.0
intrinsic_limited,once_through,1191.4119770143218,20.79265543348563,19472.67427651876,87668.44750881799,1170.6193215808364,1253333.3333333333,5642331.552491185,0.0,6796.668650801823,1253333.3333333333,5639999.999999999,0.0,188.0,0.33724140207999254,0.08768276454079806,0.6845185173552291,0.2923274734497393,3.7380740694209162,0.5094198222994625,0.830374921910998,0.49154898997875307,2.4017435762236308,0.04191549823525501,0.04191549823525501,0.0,2.3598280779883765,0.0,0.0,2.3598280779883765,0.0,0.04191549823525501,0.0,4.502126737390843,527.3257234812553,392.2672004309055,10.171926098792559,524.9239799050316,0.0,0.0,0.0,45822.25783859649,-53526.645104622985,-4.583580448525026e-16,0.0,2.1771639585494996e-10,-8.881784197001252e-16
intrinsic_limited,once_through,1198.4280658200748,20.704651799896613,19469.568915672233,87654.29810591717,1177.7234140201783,1260000.0,5672345.701894086,0.0,6833.561206790411,1260000.0,5669999.999999999,0.0,189.0,0.3392273781081162,0.08819911830811021,0.6877597533466723,0.2921307836183797,3.751039013386689,0.5074004442800014,0.8297964224069991,0.4902848783724578,2.415887169325372,0.04173809347037558,0.04173809347037558,0.0,2.374149075854997,0.0,0.0,2.374149075854997,0.0,0.04173809347037558,0.0,4.502118073880872,530.4310843277814,391.0917599928338,10.19815258548851,528.015197158456,0.0,0.0,0.0,46065.993252631575,-53807.273074646655,0.0,0.0,2.1771639585494996e-10,-4.440892098500626e-16
intrinsic_limited,once_through,1205.414562378246,20.616148129218164,19466.476652522946,87640.20664671728,1184.798414249028,1266666.6666666667,5702359.793353286,0.0,6870.4612438284385,1266666.6666666667,5699999.999999999,0.0,190.0,0.34120497774649583,0.08871329421408893,0.6909542282092677,0.2919351186537098,3.7638169128370706,0.5053975379676119,0.8292209372167936,0.48902999411128595,2.4299711080070585,0.04155968069072831,0.04155968069072831,0.0,2.3884114273163304,0.0,0.0,2.3884114273163304,0.0,0.04155968069072831,0.0,4.502109355025924,533.5233474770654,389.92127729196045,10.224321739378171,531.0933763690583,0.0,0.0,0.0,46309.72866666667,-54087.90852571978,0.0,0.0,2.1771639585494996e-10,0.0
intrinsic_limited,once_through,1212.371331951928,20.52718753412395,19463.39754670623,87626.17348544582,1191.8441444178038,1273333.3333333335,5732373.826514557,0.0,6907.36874556436,1273333.3333333335,5729999.999999999,0.0,191.0,0.34317416285646535,0.089225282342681,0.6941026365494072,0.29174046951777904,3.7764105461976287,0.5034110097643211,0.8286484397581737,0.4877842333920774,2.443995120655252,0.04138034680628978,0.04138034680628978,0.0,2.402614773848962,0.0,0.0,2.402614773848962,0.0,0.04138034680628978,0.0,4.502100585222578,536.602453293785,388.7557749014337,10.250433814208662,534.1584581731297,0.0,0.0,0.0,46553.46408070176,-54368.55144149079,4.583580448525026e-16,0.0,2.1771639585494996e-10,4.440892098500626e-16
intrinsic_limited,once_through,1219.2982527780318,20.43781163519213,19460.33165211511,87612.19894751832,1198.8604411428396,1280000.0000000002,5762387.801052485,0.0,6944.2836957199315,1280000.0000000002,5759999.999999999,0.0,192.0,0.3451348989717313,0.08973507373265013,0.6972056675254631,0.2915468272584593,3.7888226701018524,0.5014407631275842,0.828078903701351,0.48654749380880297,2.4579589618101787,0.041200175719151105,0.041200175719151105,0.0,2.416758786091027,0.0,0.0,2.416758786091027,0.0,0.041200175719151105,0.0,4.502091768718438,539.6683478849039,387.5952732208324,10.27648906555633,537.2103889230938,0.0,0.0,0.0,46797.19949473684,-54649.20180568144,4.583580448525026e-16,0.0,2.1771639585494996e-10,4.440892098500626e-16
intrinsic_limited,once_through,1226.1952156076306,20.348060594509004,19457.27901710379,87598.28333052043,1205.8471550131214,1286666.666666667,5792401.716669483,0.0,6981.20607809063,1286666.666666667,5789999.999999999,0.0,193.0,0.34708715516826233,0.09024266034374821,0.7002640045325241,0.29135418301224253,3.8010560181300965,0.49948669877032653,0.8275123029771839,0.485319674354043,2.47186241123911,0.04101924839125881,0.04101924839125881,0.0,2.430843162847851,0.0,0.0,2.430843162847851,0.0,0.04101924839125881,0.0,4.502082909615355,542.7209828962253,386.4397905531755,10.302487750275041,540.2491204849862,0.0,0.0,0.0,47040.93490877194,-54929.85960208724,4.583580448525026e-16,0.0,2.7214549481868747e-10,0.0
intrinsic_limited,once_through,1233.0621232574722,20.25797314948566,19454.239684686127,87584.42690516889,1212.8041501079865,1293333.3333333337,5822415.573094835,0.0,7018.135876545942,1293333.3333333337,5819999.999999999,0.0,194.0,0.3490309039373403,0.09074803502370848,0.7032783249139535,0.29116252800664477,3.813113299655814,0.497548714853039,0.8269486117842494,0.48410067541801693,2.485705273032273,0.040837642912585154,0.040837642912585154,0.0,2.444867630119688,0.0,0.0,2.444867630119688,0.0,0.040837642912585154,0.0,4.502074011872748,545.7603153138883,385.28934318005935,10.328430125990923,543.274610040856,0.0,0.0,0.0,47284.670322807026,-55210.52481457764,0.0,0.0,2.7214549481868747e-10,0.0
intrinsic_limited,once_through,1239.8988901726502,20.1675866467962,19451.21369272921,87570.62991624985,1219.7313035258542,1300000.0000000005,5852429.370083754,0.0,7055.0730750294915,1300000.0000000005,5849999.999999999,0.0,195.0,0.35096612106177,0.0912511914760602,0.706249299698412,0.29097185356224636,3.824997198793648,0.49562670716812846,0.8263878045948423,0.4828903987853766,2.499487374721242,0.04065543456954352,0.04065543456954352,0.0,2.4588319401516987,0.0,0.0,2.4588319401516987,0.0,0.04065543456954352,0.0,4.502065079310882,548.7863072708045,384.143945434925,10.354316450640964,546.2868198960832,0.0,0.0,0.0,47528.405736842105,-55491.19742709627,-4.583580448525026e-16,0.0,2.7214549481868747e-10,-4.440892098500626e-16
intrinsic_limited,once_through,1246.7054420003897,20.076937076353335,19448.201074142,87556.89258353575,1226.6285049240366,1306666.6666666672,5882443.107416468,0.0,7092.017657559066,1306666.6666666672,5879999.999999999,0.0,196.0,0.3528927854952344,0.09175212422876095,0.7091775933610207,0.2907821510943961,3.836710373444083,0.4937205693167303,0.8258298561599886,0.48168874762998243,2.5132085664197454,0.040472695913479156,0.040472695913479156,0.0,2.4727358705062668,0.0,0.0,2.4727358705062668,0.0,0.040472695913479156,0.0,4.502056115614205,551.7989258580124,383.0036097744646,10.380146982052478,549.2857172915926,0.0,0.0,0.0,47772.141150877214,-55771.87742366095,-4.583580448525026e-16,0.0,2.7214549481868747e-10,-4.440892098500626e-16
intrinsic_limited,once_through,1253.4817151748878,19.986059105244706,19445.201857059088,87543.2151026795,1233.4956560696435,1313333.333333334,5912456.784897325,0.0,7128.969608226505,1313333.333333334,5909999.999999999,0.0,197.0,0.3548108792447799,0.09225082860364277,0.7120638636073984,0.2905934121146041,3.8482554544295935,0.4918301928781882,0.8252747415135415,0.4804956265078412,2.5268687199867528,0.040289496829080694,0.040289496829080694,0.0,2.4865792231576727,0.0,0.0,2.4865792231576727,0.0,0.040289496829080694,0.0,4.502047124334641,554.7981429409257,381.86834684817507,10.405921977561235,552.271274220939,0.0,0.0,0.0,48015.8765649123,-56052.56478836348,-9.167160897050052e-16,0.0,2.7214549481868747e-10,-4.440892098500626e-16
intrinsic_limited,once_through,1260.2276565131338,19.89498611155916,19442.216065019573,87529.5976460871,1240.3326704015747,1320000.0000000007,5942470.402353917,0.0,7165.928911197508,1320000.0000000007,5939999.999999999,0.0,198.0,0.35672038725640876,0.09274730068666628,0.7149087611793451,0.2904056282316501,3.8596350447173804,0.48995546757240904,0.8247224359754416,0.4793109413484022,2.540467728211696,0.040105904602569874,0.040105904602569874,0.0,2.500361823609126,0.0,0.0,2.500361823609126,0.0,0.040105904602569874,0.0,4.502038108894918,557.783934980441,380.7381655660721,10.431641693665393,555.2434672522293,0.0,0.0,0.0,48259.611978947396,-56333.25950536958,0.0,0.0,3.265745937824249e-10,0.0
intrinsic_limited,once_through,1266.9432228216085,19.803750218039127,19439.24371714115,87516.04036376782,1247.1394726035699,1326666.6666666674,5972483.959636237,0.0,7202.895550711327,1326666.6666666674,5969999.999999999,0.0,199.0,0.35862129730375164,0.09324153729897543,0.7177129296809923,0.29021879115242816,3.8708517187239693,0.4880962814153008,0.8241729151542005,0.47813459944436654,2.554005504021624,0.039921983989540714,0.039921983989540714,0.0,2.5140835200320844,0.0,0.0,2.5140835200320844,0.0,0.039921983989540714,0.0,4.502029072591845,560.7562828588611,379.61307316458175,10.457306385713206,558.2022773548396,0.0,0.0,0.0,48503.347392982476,-56613.961558918476,-9.167160897050052e-16,0.0,3.265745937824249e-10,-8.881784197001252e-16
intrinsic_limited,once_through,1273.6283805137589,19.712382325500748,19436.284828289427,87502.54338416287,1253.9159981882585,1333333.3333333342,6002497.456615842,0.0,7239.869511080392,1333333.3333333342,5999999.999999999,0.0,200.0,0.3605135998797896,0.0937335359687453,0.7204770054242898,0.29003289268255045,3.8819080216971593,0.4862525208674992,0.8236261549486779,0.4769665094401739,2.567481979710076,0.03973779728233044,0.03973779728233044,0.0,2.5277441824277465,0.0,0.0,2.5277441824277465,0.0,0.03973779728233044,0.0,4.50202001859961,563.7151717105863,378.4930752706274,10.482916307622123,561.1476897308762,0.0,0.0,0.0,48747.08280701757,-56894.67093332263,-9.167160897050052e-16,0.0,3.265745937824249e-10,-8.881784197001252e-16
intrinsic_limited,once_through,1280.2831052381143,19.620912145969175,19433.339409242497,87489.1068149519,1260.6621930921453,1340000.000000001,6032510.893185053,0.0,7276.850776689848,1340000.000000001,6029999.999999999,0.0,201.0,0.3623972880915886,0.09422329490381304,0.7232016172927335,0.2898479247267308,3.892806469170934,0.4844240709765909,0.8230821315492084,0.47580658131930875,2.5808971061874098,0.039553404376816335,0.039553404376816335,0.0,2.5413437018105935,0.0,0.0,2.5413437018105935,0.0,0.039553404376816335,0.0,4.502010949973018,566.660590757517,377.3781759639325,10.508471711627195,564.0796936513295,0.0,0.0,0.0,48990.818221052665,-57175.387612967184,-4.583580448525026e-16,0.0,3.265745937824249e-10,0.0
intrinsic_limited,once_through,1286.907381516918,19.52936823548141,19430.407466850906,87475.73074383808,1267.3780132814368,1346666.6666666677,6062524.269256166,0.0,7313.839331997032,1346666.6666666677,6059999.999999999,0.0,202.0,0.3642723575580105,0.09471081296508274,0.7258873866222968,0.28966387928896575,3.903549546489187,0.48261081551303514,0.8225408214381347,0.4746547263905599,2.5942508522523244,0.03936886283854226,0.03936886283854226,0.0,2.5548819894137824,0.0,0.0,2.5548819894137824,0.0,0.03936886283854226,0.0,4.502001869650719,569.5925331491098,376.2683778375631,10.533972848056827,566.9982822968575,0.0,0.0,0.0,49234.55363508775,-57456.11158230946,-4.583580448525026e-16,0.0,3.265745937824249e-10,-4.440892098500626e-16
intrinsic_limited,once_through,1293.501202395119,19.437778026514195,19427.489004192994,87462.41523931197,1274.063424368605,1353333.3333333344,6092537.584760693,0.0,7350.835161530888,1353333.3333333344,6089999.999999999,0.0,203.0,0.36613880631035683,0.09519608964069277,0.72853492709856,0.28948074847253225,3.91413970839424,0.48081263709998723,0.8220022013898007,0.4735108572733606,2.6075432038842723,0.03918422796808943,0.03918422796808943,0.0,2.5683589759161833,0.0,0.0,2.5683589759161833,0.0,0.03918422796808943,0.0,4.501992780458409,572.51099580702,375.1636820567337,10.559419965133916,569.9034526031357,0.0,0.0,0.0,49478.28904912283,-57736.84282587839,-4.583580448525026e-16,0.0,3.265745937824249e-10,-4.440892098500626e-16
intrinsic_limited,once_through,1300.0645690995718,19.34616785999893,19424.584020725757,87449.1603513939,1280.7184012395733,1360000.0000000012,6122550.839648611,0.0,7387.838249891329,1360000.0000000012,6119999.999999999,0.0,204.0,0.36799663469590127,0.09567912502093433,0.7311448446690805,0.2892985244798179,3.924579378676322,0.479029417337224,0.8214662484700527,0.47237488788232407,2.6207741635564448,0.038999552865614635,0.038999552865614635,0.0,2.5817746106908306,0.0,0.0,2.5817746106908306,0.0,0.038999552865614635,0.0,4.501983685111964,575.41597927426,374.06408841590314,10.584813308800568,572.7952051107036,0.0,0.0,0.0,49722.02446315793,-58017.58132827393,-9.167160897050052e-16,0.0,3.265745937824249e-10,-4.440892098500626e-16
intrinsic_limited,once_through,1306.5974907082773,19.25456301688988,19421.69251243121,87435.96611235577,1287.3429276913876,1366666.666666668,6152564.033887649,0.0,7424.848581748546,1366666.666666668,6149999.999999999,0.0,205.0,0.36984584528426523,0.09615991977390896,0.7337177374700848,0.2891171996119997,3.9348709498803394,0.47726103691936683,0.8209329400352934,0.47124673341107887,2.633943749569002,0.03881488849448796,0.03881488849448796,0.0,2.5951288610745142,0.0,0.0,2.5951288610745142,0.0,0.03881488849448796,0.0,4.501974586220577,578.3074875688048,372.96959539418873,10.610153122564757,575.6735438192359,0.0,0.0,0.0,49965.75987719302,-58298.32707416624,-4.583580448525026e-16,0.0,3.265745937824249e-10,-4.440892098500626e-16
intrinsic_limited,once_through,1313.0999838294913,19.16298774925586,19418.814471958452,87422.83253742185,1293.9369960802355,1373333.3333333347,6182577.167462583,0.0,7461.866141842292,1373333.3333333347,6179999.999999999,0.0,206.0,0.3716864427765862,0.09663847512191241,0.736254195766611,0.2889367662685852,3.945016783066444,0.4755073757485977,0.8204022537311331,0.47012631031550245,2.6470519954021947,0.038630283743969894,0.038630283743969894,0.0,2.608421711658225,0.0,0.0,2.608421711658225,0.0,0.038630283743969894,0.0,4.501965486289801,581.1855280415631,371.8802002091261,10.635439647367306,578.5384760461609,0.0,0.0,0.0,50209.4952912281,-58579.080048295065,0.0,0.0,3.265745937824249e-10,-4.440892098500626e-16
intrinsic_limited,once_through,1319.5720722905269,19.07146531086948,19415.949888761377,87409.75962544994,1300.5006069796575,1380000.0000000014,6212590.240374555,0.0,7498.890914981109,1380000.0000000014,6209999.999999999,0.0,207.0,0.37351843391742995,0.09711479281853179,0.7387548019052582,0.28875721694683054,3.955019207621033,0.47376831304205697,0.8198741674906781,0.46901353629644915,2.660098949089027,0.038445785490875566,0.038445785490875566,0.0,2.6216531635981517,0.0,0.0,2.6216531635981517,0.0,0.038445785490875566,0.0,4.501956387724595,584.050111238639,370.79589886880655,10.660673121467548,581.39001228955,0.0,0.0,0.0,50453.230705263195,-58859.840235468975,0.0,0.0,3.265745937824249e-10,-4.440892098500626e-16
intrinsic_limited,once_through,1326.0137868360603,18.98001798727116,19413.098749232213,87396.74735959161,1307.0337688487891,1386666.6666666681,6242603.252640413,0.0,7535.922886041551,1386666.6666666681,6239999.999999999,0.0,208.0,0.37534182740939304,0.0975888751264422,0.7412201302787507,0.2885785442410469,3.9648805211150027,0.4720437274341119,0.8193486595324909,0.4679083302820464,2.673084672607077,0.03826143866018018,0.03826143866018018,0.0,2.634823233946897,0.0,0.0,2.634823233946897,0.0,0.03826143866018018,0.0,4.501947292832276,586.9012507678015,369.7166862224206,10.685853780346447,584.2281660951944,0.0,0.0,0.0,50696.96611929829,-59140.607620564515,0.0,0.0,3.265745937824249e-10,0.0
intrinsic_limited,once_through,1332.4251648357588,18.888667125288816,19410.261036830936,87383.79570793387,1313.53649771047,1393333.333333335,6272616.204292071,0.0,7572.962039967353,1393333.333333335,6269999.999999999,0.0,209.0,0.3771566338303437,0.09806072479588937,0.7436507473015508,0.288400740841808,3.974602989206203,0.4703334970736777,0.8188257083582589,0.466810612409644,2.686009241289109,0.038077286284527216,0.038077286284527216,0.0,2.6479319550045823,0.0,0.0,2.6479319550045823,0.0,0.038077286284527216,0.0,4.501938203825454,589.7389631690779,368.64255600924105,10.710981856625638,587.0529539277888,0.0,0.0,0.0,50940.70153333338,-59421.3821885254,0.0,0.0,3.265745937824249e-10,-4.440892098500626e-16
intrinsic_limited,once_through,1338.806250001034,18.797433161996544,19407.436732210626,87370.90462412061,1320.0088168390375,1400000.0000000016,6302629.095375884,0.0,7610.008361768608,1400000.0000000016,6299999.999999999,0.0,210.0,0.3789628655532462,0.09853034504384402,0.7460472113957995,0.2882237995350688,3.984188845583198,0.46863749971677093,0.8183052927502025,0.46572030400748143,2.698872743252084,0.03789336956260559,0.03789336956260559,0.0,2.6609793736894787,0.0,0.0,2.6609793736894787,0.0,0.03789336956260559,0.0,4.501929122824894,592.563267789388,367.5735009060767,10.736057580001233,589.8643950461359,0.0,0.0,0.0,51184.436947368464,-59702.16392436175,-4.583580448525026e-16,0.0,3.265745937824249e-10,-4.440892098500626e-16
intrinsic_limited,once_through,1345.1570921107295,18.70633565309889,19404.625813338884,87358.0740479556,1326.4507564576309,1406666.6666666684,6332641.925952049,0.0,7647.061836520903,1406666.6666666684,6329999.999999999,0.0,211.0,0.38076053666851367,0.09899773953381356,0.7484100729868925,0.2880477132012058,3.99364029194757,0.4669556128144705,0.8177873917682524,0.4646373275761386,2.711675278844177,0.037709727916368986,0.037709727916368986,0.0,2.6739655509278086,0.0,0.0,2.6739655509278086,0.0,0.037709727916368986,0.0,4.501920051862325,595.3741866611311,366.5095125732289,10.761081177191185,592.662511382287,0.0,0.0,0.0,51428.17236140355,-59982.952813149124,-4.583580448525026e-16,0.0,3.265745937824249e-10,-4.440892098500626e-16
intrinsic_limited,once_through,1351.4777467455458,18.615393300729334,19401.82825561537,87345.30390598688,1332.8623534448166,1413333.3333333351,6362654.696094018,0.0,7684.122449364458,1413333.3333333351,6359999.999999999,0.0,212.0,0.3825496629088345,0.09946291235629698,0.7507398745080356,0.2878724748139881,4.002959498032142,0.46528771359645765,0.8172719847470238,0.46356160676982955,2.724416960109411,0.03752639904707425,0.03752639904707425,0.0,2.6868905610623366,0.0,0.0,2.6868905610623366,0.0,0.03752639904707425,0.0,4.501910992883208,598.1717443846419,365.450581698985,10.786052871895041,595.4473274245324,0.0,0.0,0.0,51671.907775438645,-60263.74884002777,0.0,0.0,3.810036927461624e-10,0.0
intrinsic_limited,once_through,1357.7682750310025,18.524623980654567,19399.04403198559,87332.59411207277,1339.243651050348,1420000.0000000019,6392667.405887932,0.0,7721.19018550325,1420000.0000000019,6389999.999999999,0.0,213.0,0.38433026157641514,0.09992586800986794,0.7530371504131576,0.28769807743948816,4.01214860165263,0.4636336791503014,0.8167590512926123,0.46249306637759074,2.737097910269497,0.037343418990121925,0.037343418990121925,0.0,2.6997544912793754,0.0,0.0,2.6997544912793754,0.0,0.037343418990121925,0.0,4.501901947749424,600.9559680144232,364.3966980426809,10.810972884765102,598.2188701041537,0.0,0.0,0.0,51915.64318947374,-60544.55199020166,0.0,0.0,3.265745937824249e-10,-4.440892098500626e-16
intrinsic_limited,once_through,1364.0287433887427,18.43404476887755,19396.273113050946,87319.94456793035,1345.594698619865,1426666.6666666686,6422680.055432075,0.0,7758.265030204128,1426666.6666666686,6419999.999999999,0.0,214.0,0.38610235147258404,0.10038661138287186,0.7553024271975869,0.28752451423494013,4.021209708790348,0.4619933864966527,0.8162485712792358,0.46143163230441475,2.7497182632224986,0.03716082216868487,0.03716082216868487,0.0,2.7125574410538134,0.0,0.0,2.7125574410538134,0.0,0.03716082216868487,0.0,4.501892918241927,603.7268869490724,363.3478504763669,10.835841433387927,600.97716868585,0.0,0.0,0.0,52159.37860350881,-60825.362248937614,0.0,0.0,3.265745937824249e-10,4.440892098500626e-16
intrinsic_limited,once_through,1370.2592232959782,18.343671967634965,19393.515467175206,87307.35516366617,1351.915551328343,1433333.3333333354,6452692.644836338,0.0,7795.346968795928,1433333.3333333354,6449999.999999999,0.0,215.0,0.3878659528297006,0.10084514773572216,0.7575362234259314,0.28735177844755233,4.030144893703726,0.46036671266050433,0.8157405248457422,0.4603772315523687,2.7622781630578963,0.03697864144611597,0.03697864144611597,0.0,2.72529952161178,0.0,0.0,2.72529952161178,0.0,0.03697864144611597,0.0,4.5018839060633224,606.4845328248105,362.3040270251082,10.860658732275384,603.7222546617526,0.0,0.0,0.0,52403.114017543914,-61106.179601564516,4.583580448525026e-16,0.0,3.265745937824249e-10,0.0
intrinsic_limited,once_through,1376.4597910528773,18.253521130786194,19390.771060587493,87294.82577829027,1358.206269922091,1440000.000000002,6482705.174221714,0.0,7832.4359866685845,1440000.000000002,6479999.999999999,0.0,216.0,0.3896210872453113,0.10130148268378095,0.7597390497666281,0.28717986341328217,4.038956199066512,0.4587535347386722,0.8152348923920064,0.45932979220174364,2.7747777635876743,0.036796908177129266,0.036796908177129266,0.0,2.7379808554105445,0.0,0.0,2.7379808554105445,0.0,0.036796908177129266,0.0,4.50187491284039,609.2289394125261,361.2652149059561,10.885424992864245,606.4541616489385,0.0,0.0,0.0,52646.84943157901,-61387.004033472265,4.583580448525026e-16,0.0,3.265745937824249e-10,4.440892098500626e-16
intrinsic_limited,once_through,1382.630527557696,18.16360708859258,19388.03985748177,87282.3562802133,1364.4669204691033,1446666.6666666688,6512717.643719791,0.0,7869.532069272248,1446666.6666666688,6509999.999999999,0.0,217.0,0.39136777761849884,0.1017556221808097,0.7619114090326568,0.28700876255557795,4.047645636130627,0.45715372996364645,0.8147316545752293,0.45828924339226246,2.787217227893008,0.03661565225775201,0.03661565225775201,0.0,2.750601575635256,0.0,0.0,2.750601575635256,0.0,0.03661565225775201,0.0,4.501865940126556,611.9601425182478,360.2314005656213,10.910140423523668,609.1729252903548,0.0,0.0,0.0,52890.5848456141,-61667.83553011102,4.583580448525026e-16,0.0,3.265745937824249e-10,0.0
intrinsic_limited,once_through,1388.7715180894575,18.073943971887314,19385.32182011306,87269.94652772762,1370.69757411757,1453333.3333333356,6542730.053472278,0.0,7906.635202116397,1453333.3333333356,6539999.999999999,0.0,218.0,0.39310604808836697,0.10220757250297541,0.7640537962279433,0.28683846938409513,4.056215184911773,0.4555671757639576,0.8142307923061622,0.4572555153043902,2.799596727886175,0.0364349021740482,0.0364349021740482,0.0,2.763161825712127,0.0,0.0,2.763161825712127,0.0,0.0364349021740482,0.0,4.501856989404298,614.6781798869571,359.2025697168827,10.934805229569626,611.8785831590709,0.0,0.0,0.0,53134.32025964918,-61948.67407699025,4.583580448525026e-16,0.0,3.810036927461624e-10,0.0
intrinsic_limited,once_through,1394.8828520979812,17.98454523563759,19382.616908890363,87257.59636947229,1376.8983068623431,1460000.0000000023,6572742.403630532,0.0,7943.745370768965,1460000.0000000023,6569999.999999999,0.0,219.0,0.3948359239746062,0.10265734023339762,0.7661666985989962,0.28666897749339043,4.064666794395984,0.45399374982119906,0.813732286745266,0.456228539140761,2.811916443887278,0.036254685049617104,0.036254685049617104,0.0,2.77566175883766,0.0,0.0,2.77566175883766,0.0,0.036254685049617104,0.0,4.50184806208749,617.383091109653,358.1787073737647,10.959419613285835,614.5711746657657,0.0,0.0,0.0,53378.05567368428,-62229.51965967791,9.167160897050052e-16,0.0,3.265745937824249e-10,8.881784197001252e-16
intrinsic_limited,once_through,1400.9646230010694,17.895423681902166,19379.92508246643,87245.30564488296,1383.069199319167,1466666.666666669,6602754.694355122,0.0,7980.862560855467,1466666.666666669,6599999.999999999,0.0,220.0,0.39655743172008534,0.1031049322472222,0.7682505956913513,0.2865002805616002,4.073002382765406,0.4524333301238421,0.8132361192988242,0.45520824710776137,2.8241765642153958,0.03607502669187294,0.03607502669187294,0.0,2.788101537523522,0.0,0.0,2.788101537523522,0.0,0.03607502669187294,0.0,4.5018391595237,620.0749175335867,357.1597978855158,10.98398377395028,617.2507409693713,0.0,0.0,0.0,53621.791087719364,-62510.3722637995,4.583580448525026e-16,0.0,3.265745937824249e-10,8.881784197001252e-16
intrinsic_limited,once_through,1407.0169279886584,17.806591482187983,19377.24629782444,87233.07418462615,1389.2103365064702,1473333.3333333358,6632766.925815378,0.0,8017.986758058139,1473333.3333333358,6629999.999999999,0.0,221.0,0.3982705988354145,0.10355035569720777,0.7703059594104215,0.28633237234910625,4.081223837641685,0.45088579501797604,0.8127422716150184,0.4541945723972828,2.8363772847937763,0.03589595163711311,0.03589595163711311,0.0,2.8004813331566627,0.0,0.0,2.8004813331566627,0.0,0.03589595163711311,0.0,4.50183028299641,622.7537021755772,356.1458249694201,11.008497907866925,619.9173248907834,0.0,0.0,0.0,53865.52650175446,-62791.23187503727,4.583580448525026e-16,0.0,3.265745937824249e-10,4.440892098500626e-16
intrinsic_limited,once_through,1413.0398678337415,17.718060199211273,19374.58051036169,87220.90181101958,1395.32180763453,1480000.0000000026,6662779.098188985,0.0,8055.1179481150875,1480000.0000000026,6659999.999999999,0.0,222.0,0.3999754538454249,0.10399361799981047,0.7723332540863669,0.2861652466971936,4.089333016345467,0.4493510232551008,0.8122507255799812,0.45318744916866843,2.8485188087686826,0.035717483194386015,0.035717483194386015,0.0,2.812801325574296,0.0,0.0,2.812801325574296,0.0,0.035717483194386015,0.0,4.501821433727202,625.4194896383252,355.1367717424741,11.032962208401953,622.5709708295566,0.0,0.0,0.0,54109.261915789546,-63072.09847912931,4.583580448525026e-16,0.0,3.265745937824249e-10,8.881784197001252e-16
intrinsic_limited,once_through,1419.0335467098812,17.62984080806902,19371.927673970375,87208.78833843731,1401.403705901812,1486666.6666666693,6692791.211661567,0.0,8092.256116819446,1486666.6666666693,6689999.999999999,0.0,223.0,0.4016720262375138,0.10443472682175359,0.77433293654263,0.28599889752670427,4.09733174617052,0.4478288940370968,0.8117614633138361,0.4521868125308739,2.860601346141515,0.035539643488170174,0.035539643488170174,0.0,2.825061702653344,0.0,0.0,2.825061702653344,0.0,0.035539643488170174,0.0,4.501812612877851,628.0723260296423,354.13262075195996,11.057376866023963,625.2117246835008,0.0,0.0,0.0,54352.99732982464,-63352.97206186876,4.583580448525026e-16,0.0,3.265745937824249e-10,4.440892098500626e-16
intrinsic_limited,once_through,1424.998072015121,17.541943716827287,19369.287741115502,87196.73357370208,1407.4561282982936,1493333.333333336,6722803.2664263025,0.0,8129.401250018549,1493333.333333336,6719999.999999999,0.0,224.0,0.403360346411801,0.10487369006706827,0.7763054561677928,0.2858333188366893,4.105221824671171,0.4463192870584911,0.8112744671667332,0.4511925985248507,2.8726251134138416,0.03536245349987779,0.03536245349987779,0.0,2.837262659913964,0.0,0.0,2.837262659913964,0.0,0.03536245349987779,0.0,4.501803821552413,630.7122588845141,353.1333540049466,11.081742068347806,627.8396337711002,0.0,0.0,0.0,54596.73274385973,-63633.85260910295,0.0,0.0,3.265745937824249e-10,0.0
intrinsic_limited,once_through,1430.9335542021158,17.454378786534196,19366.6606629101,87184.7373164629,1413.4791754155817,1500000.0000000028,6752815.2626835415,0.0,8166.553333613111,1500000.0000000028,6749999.999999999,0.0,225.0,0.40504044563304537,0.1053105158645918,0.7782512549904379,0.2856685047030627,4.113005019961752,0.4448220825461359,0.8107897197148903,0.4502047441061714,2.884590333244961,0.03518593310819855,0.03518593310819855,0.0,2.8494044001367627,0.0,0.0,2.8494044001367627,0.0,0.03518593310819855,0.0,4.5017950607992026,633.3393370899144,352.13895299674846,11.106058000181479,630.4547467566694,0.0,0.0,0.0,54840.46815789482,-63914.74010673261,0.0,0.0,3.265745937824249e-10,0.0
intrinsic_limited,once_through,1436.8401066143044,17.367155350665502,19364.04638918772,87172.79935956052,1419.472951263639,1506666.6666666695,6782827.200640444,0.0,8203.712353556433,1506666.6666666695,6779999.999999999,0.0,226.0,0.40671235598427186,0.10574521255591068,0.7801707677567155,0.28550444927726026,4.120683071026862,0.4433371612964101,0.8103072037566479,0.449223187127908,2.896497234121644,0.03501010112829957,0.03501010112829957,0.0,2.8614871329933447,0.0,0.0,2.8614871329933447,0.0,0.03501010112829957,0.0,4.5017863316127515,635.9536108122943,351.14939873837244,11.130324843575679,633.0571135781727,0.0,0.0,0.0,55084.2035719299,-64195.634540711006,-4.583580448525026e-16,0.0,3.265745937824249e-10,-4.440892098500626e-16
intrinsic_limited,once_through,1442.717845327941,17.280282234011406,19361.44486857235,87160.91948937943,1425.4375630939294,1513333.3333333363,6812839.080510626,0.0,8240.878295853612,1513333.3333333363,6809999.999999999,0.0,227.0,0.4083761103220569,0.1061777886837348,0.7820644220103267,0.285341146784905,4.128257688041307,0.44186440471005445,0.8098269023085443,0.44824786632377195,2.908346050039689,0.03483497534989891,0.03483497534989891,0.0,2.87351107468979,0.0,0.0,2.87351107468979,0.0,0.03483497534989891,0.0,4.501777634935692,638.555131427665,350.1646717829834,11.15454277787565,635.6467853776253,0.0,0.0,0.0,55327.938985965,-64476.53589704328,4.583580448525026e-16,0.0,3.265745937824249e-10,0.0
intrinsic_limited,once_through,1448.566888999821,17.193767771013764,19358.85604854582,87149.09748618779,1431.3731212288071,1520000.000000003,6842850.902513817,0.0,8278.051146560765,1520000.000000003,6839999.999999999,0.0,228.0,0.4100317422334257,0.10660825298069068,0.7839326381746655,0.2851785915244818,4.1357305526986625,0.44040369482474057,0.8093487986014171,0.4472787212915237,2.9201370201969588,0.034660572574231226,0.034660572574231226,0.0,2.8854764476227275,0.0,0.0,2.8854764476227275,0.0,0.034660572574231226,0.0,4.501768971660605,641.1439514541993,349.1847522514149,11.178711979775002,638.2238144340023,0.0,0.0,0.0,55571.6744000001,-64757.444161785534,4.583580448525026e-16,0.0,3.265745937824249e-10,0.0
intrinsic_limited,once_through,1454.3873587205262,17.107619823563333,19356.279875512737,87137.33312446508,1437.2797388969627,1526666.6666666698,6872862.66687554,0.0,8315.230891784282,1526666.6666666698,6869999.999999999,0.0,229.0,0.4116792859943117,0.10703661435852105,0.7857758296368627,0.28501677786602286,4.143103318547451,0.43895491434547734,0.8088728760765379,0.4463156924766585,2.931870388697534,0.03448690864992485,0.03448690864992485,0.0,2.897383480047609,0.0,0.0,2.897383480047609,0.0,0.03448690864992485,0.0,4.501760342631792,643.7201244872782,348.2096198567566,11.20283262337116,640.7882540985806,0.0,0.0,0.0,55815.40981403517,-65038.359321044125,4.583580448525026e-16,0.0,3.810036927461624e-10,4.440892098500626e-16
intrinsic_limited,once_through,1460.1793778730237,17.021845798266757,19353.716294863112,87125.62617321825,1443.1575320747568,1533333.3333333365,6902874.373826787,0.0,8352.41751768008,1533333.3333333365,6899999.999999999,0.0,230.0,0.4133187765295314,0.10746288189767818,0.7875944028335012,0.2848557002498062,4.1503776113340045,0.4375179466729496,0.808399118381783,0.4453587211563748,2.943546404266671,0.03431399850780999,0.03431399850780999,0.0,2.9092324057588606,0.0,0.0,2.9092324057588606,0.0,0.03431399850780999,0.0,4.501751748647015,646.2837051369055,347.2392539280429,11.22690488022215,643.3401587326388,0.0,0.0,0.0,56059.145228070265,-65319.281360975016,4.583580448525026e-16,0.0,3.810036927461624e-10,4.440892098500626e-16
intrinsic_limited,once_through,1465.9430719964569,16.936452663193524,19351.1652510326,87113.97639628622,1449.006619333263,1540000.0000000033,6932886.023603719,0.0,8389.611010452882,1540000.0000000033,6929999.999999999,0.0,231.0,0.4149502493742294,0.10788706483729965,0.7893887573377835,0.2846953531850688,4.157555029351133,0.4360926759298826,0.8079275093678494,0.4444077494238353,2.955165319976217,0.034141856194678556,0.034141856194678556,0.0,2.921023463781538,0.0,0.0,2.921023463781538,0.0,0.034141856194678556,0.0,4.501743190459176,648.8347489674205,346.2736334330735,11.25092891940428,645.8795836474443,0.0,0.0,0.0,56302.88064210537,-65600.21026778292,9.167160897050052e-16,0.0,3.265745937824249e-10,4.440892098500626e-16
intrinsic_limited,once_through,1471.6785686549679,16.851446964113567,19348.62668756058,87102.38355263363,1454.8271216908538,1546666.66666667,6962897.616447371,0.0,8426.811356355509,1546666.66666667,6959999.999999999,0.0,232.0,0.41657374063674685,0.10830917256555418,0.7911592859479412,0.2845357312487339,4.164637143791765,0.43467898698552265,0.8074580330845115,0.44346272017270705,2.9667273929801765,0.03397049490601725,0.03397049490601725,0.0,2.932756898074158,0.0,0.0,2.932756898074158,0.0,0.03397049490601725,0.0,4.501734668777945,651.3733124394388,345.3127370003899,11.27490490757091,648.4065850464586,0.0,0.0,0.0,56546.61605614045,-65881.14602772064,9.167160897050052e-16,0.0,3.265745937824249e-10,1.3322676295501878e-15
intrinsic_limited,once_through,1477.3859973113965,16.76683484023578,19346.100547146067,87090.84739663366,1460.6191624711603,1553333.3333333367,6992909.152603371,0.0,8464.018541688198,1553333.3333333367,6989999.999999999,0.0,233.0,0.4181892869628708,0.1087292146103464,0.7929063747766993,0.2843768290841573,4.171625499106797,0.4332767654783194,0.8069906737769332,0.4425235770820047,2.978232884260098,0.0337999270177345,0.0337999270177345,0.0,2.944432957242362,0.0,0.0,2.944432957242362,0.0,0.0337999270177345,0.0,4.501726184271346,653.8994528539503,344.3565429404352,11.298833009011501,650.9212199696901,0.0,0.0,0.0,56790.351470175534,-66162.08862708841,9.167160897050052e-16,0.0,3.265745937824249e-10,8.881784197001252e-16
intrinsic_limited,once_through,1483.065489205704,16.68262203945851,19343.586771701506,87079.36767834055,1466.382867166245,1560000.0000000035,7022920.632321664,0.0,8501.232552797917,1560000.0000000035,7019999.999999999,0.0,234.0,0.41979692550142067,0.10914720063036938,0.7946304033416122,0.2842186413998897,4.178521613366449,0.4318858978368924,0.8065254158820286,0.44159026460122086,2.9896820583799943,0.03363016411690362,0.03363016411690362,0.0,2.95605189426309,0.0,0.0,2.95605189426309,0.0,0.03363016411690362,0.0,4.501717737567284,656.4132282985088,343.40502926592234,11.322713385711213,653.4235462401288,0.0,0.0,0.0,57034.08688421062,-66443.03805223321,9.167160897050052e-16,0.0,3.265745937824249e-10,8.881784197001252e-16
intrinsic_limited,once_through,1488.717177237969,16.59881393314273,19341.08530240457,87067.94414375201,1472.1183633048258,1566666.6666666702,7052932.055856252,0.0,8538.453376077725,1566666.6666666702,7049999.999999999,0.0,235.0,0.42139669387112955,0.10956314040649369,0.7963317446561028,0.2840611629684586,4.185326978624412,0.43050627129936386,0.8060622440248784,0.44066272793575256,3.0010751832504767,0.03346121703154376,0.03346121703154376,0.0,2.967613966218932,0.0,0.0,2.967613966218932,0.0,0.03346121703154376,0.0,4.501709329255031,658.914697595446,342.4581737114368,11.34654619741061,655.9136224121955,0.0,0.0,0.0,57277.822298245716,-66723.9942895481,9.167160897050052e-16,0.0,2.7214549481868747e-10,8.881784197001252e-16
intrinsic_limited,once_through,1494.3411958558177,16.515415530418977,19338.59607974797,87056.57653506217,1477.8257803253985,1573333.333333337,7082943.423464942,0.0,8575.680997966121,1573333.333333337,7079999.999999999,0.0,236.0,0.4229886301287793,0.10997704383348263,0.7980107653210495,0.2839043886251694,4.192043061284198,0.4291377739311317,0.8056011430152042,0.43974091303262186,3.0124125299018254,0.033293095859461004,0.033293095859461004,0.0,2.979119434042364,0.0,0.0,2.979119434042364,0.0,0.033293095859461004,0.0,4.501700959886676,661.4039202520463,341.51595375229556,11.370331601665361,658.3915077221445,0.0,0.0,0.0,57521.55771228081,-67004.95732547161,4.583580448525026e-16,0.0,2.7214549481868747e-10,4.440892098500626e-16
intrinsic_limited,once_through,1499.9376809461382,16.432431492038997,19336.119043587398,87045.26459090448,1483.505249454099,1580000.0000000037,7112954.7354091,0.0,8612.915404946434,1580000.0000000037,7109999.999999999,0.0,237.0,0.42457277273854993,0.11038892091202299,0.7996678256167736,0.2837483132669267,4.198671302467094,0.4277802946411588,0.805142097843902,0.43882476656648906,3.023694372265701,0.03312580999617157,0.03312580999617157,0.0,2.990568562269529,0.0,0.0,2.990568562269529,0.0,0.03312580999617157,0.0,4.501692629978509,663.8809564126203,340.5783466226887,11.394069753905786,660.8572620403546,0.0,0.0,0.0,57765.29312631589,-67285.927146487,4.583580448525026e-16,0.0,2.7214549481868747e-10,4.440892098500626e-16
intrinsic_limited,once_through,1505.506769730947,16.349866143783167,19333.654133187603,87034.00804658614,1489.1569035871637,1586666.6666666705,7142965.991953418,0.0,8650.156583546215,1586666.6666666705,7139999.999999999,0.0,238.0,0.4261491605425432,0.11079878174106124,0.8013032795952902,0.2835929318510763,4.205213118381161,0.426433723196848,0.8046850936796363,0.43791423592595774,3.0349209869652216,0.03295936816192961,0.03295936816192961,0.0,3.0019616188032914,0.0,0.0,3.0019616188032914,0.0,0.03295936816192961,0.0,4.501684340012374,666.3458668124134,339.64532933312574,11.417760807496098,663.3109458254482,0.0,0.0,0.0,58009.02854035098,-67566.90373912186,4.583580448525026e-16,0.0,2.7214549481868747e-10,4.440892098500626e-16
intrinsic_limited,once_through,1511.0486006672725,16.267723489434687,19331.20128726672,87022.80663431322,1494.7808771778377,1593333.3333333372,7172977.193365691,0.0,8687.404520336646,1593333.3333333372,7169999.999999999,0.0,239.0,0.4277178327324436,0.11120663651043534,0.8029174751726987,0.28343823939426804,4.211669900690795,0.42509795023757185,0.8042301158654943,0.4370092692001671,3.046092653113141,0.032793778427881594,0.032793778427881594,0.0,3.013298874685259,0.0,0.0,3.013298874685259,0.0,0.032793778427881594,0.0,4.501676090436984,668.7987127332946,338.71687868720846,11.441404913793276,665.7526200801814,0.0,0.0,0.0,58252.76395438608,-67847.8870899474,0.0,0.0,3.265745937824249e-10,4.440892098500626e-16
intrinsic_limited,once_through,1516.5633133509202,16.18600722333136,19328.760444038853,87011.66008340723,1500.3773061275888,1600000.000000004,7202988.339916597,0.0,8724.659201931978,1600000.000000004,7199999.999999999,0.0,240.0,0.4292788288222784,0.11161249549379239,0.8045107542215908,0.28328423097134,4.218043016886363,0.4237728672869215,0.8037771499157058,0.43610981516567454,3.057209652117853,0.03262904824136922,0.03262904824136922,0.0,3.0245806038764833,0.0,0.0,3.0245806038764833,0.0,0.03262904824136922,0.0,4.50166788166917,671.2395559611622,337.7929712977535,11.465002222205298,668.1823463090443,0.0,0.0,0.0,58496.49936842116,-68128.8771855778,0.0,0.0,3.265745937824249e-10,4.440892098500626e-16
intrinsic_limited,once_through,1522.0510484239971,16.104720742506196,19326.331541255,87000.56812051368,1505.9463276814909,1606666.6666666707,7232999.431879491,0.0,8761.92061498898,1606666.6666666707,7229999.999999999,0.0,241.0,0.43083218862224104,0.11201636904178268,0.8060834526633707,0.28313090171422456,4.224333810653483,0.4224583667637387,0.8033261815124252,0.4352158232736203,3.068272267496967,0.03246518445040339,0.03246518445040339,0.0,3.0358070830465635,0.0,0.0,3.0358070830465635,0.0,0.03246518445040339,0.0,4.50165971409513,673.6684587450134,336.8735836022856,11.488552880248793,670.6001864775164,0.0,0.0,0.0,58740.234782456246,-68409.8740126699,0.0,0.0,3.265745937824249e-10,0.0
intrinsic_limited,once_through,1527.5119474860692,16.02386715842729,19323.91451624239,86989.53046980227,1511.4880803276417,1613333.3333333374,7263010.469530202,0.0,8799.18874620639,1613333.3333333374,7259999.999999999,0.0,242.0,0.4323779522135435,0.11241826757552133,0.8076359005603843,0.28297824681087586,4.2305436022415375,0.4211543419919897,0.802877196502576,0.4343272436371711,3.079280784698217,0.032302193327330406,0.032302193327330406,0.0,3.0469785913708862,0.0,0.0,3.0469785913708862,0.0,0.032302193327330406,0.0,4.501651588071594,676.0854837576221,335.95869187792135,11.512057033605993,673.0062029729239,0.0,0.0,0.0,58983.97019649135,-68690.87755792242,4.583580448525026e-16,0.0,3.265745937824249e-10,4.440892098500626e-16
intrinsic_limited,once_through,1532.94615300883,15.943449308347882,19321.50930594224,86978.5468531595,1517.0027037004818,1620000.0000000042,7293021.453146844,0.0,8836.46358232441,1620000.0000000042,7289999.999999999,0.0,243.0,0.4339161599242628,0.11281820158030834,0.8091684222077651,0.28282626150421947,4.23667368883106,0.4198606872095391,0.8024301808947631,0.4334440270192448,3.09023549092744,0.032140080591712326,0.032140080591712326,0.0,3.058095410335727,0.0,0.0,3.058095410335727,0.0,0.032140080591712326,0.0,4.501643503926976,678.4906940577711,335.0482722556656,11.535514826180778,675.4004585668437,0.0,0.0,0.0,59227.705610526435,-68971.88780807552,4.583580448525026e-16,0.0,2.7214549481868747e-10,4.440892098500626e-16
intrinsic_limited,once_through,1538.3538082541654,15.863469766277221,19319.115846946028,86967.6169903737,1522.4903384878878,1626666.666666671,7323032.38300963,0.0,8873.745110124191,1626666.666666671,7319999.999999999,0.0,244.0,0.4354468523061476,0.11321618159959838,0.8106813362249087,0.2826749410911238,4.242725344899634,0.4185772975758806,0.8019851208562465,0.4325661248205047,3.101136674983407,0.031978851432442924,0.031978851432442924,0.0,3.069157823550963,0.0,0.0,3.069157823550963,0.0,0.031978851432442924,0.0,4.501635461962488,680.8841530539866,334.1423007341383,11.558926400153902,677.7830163790031,0.0,0.0,0.0,59471.44102456153,-69252.90474991039,9.167160897050052e-16,0.0,2.7214549481868747e-10,8.881784197001252e-16
intrinsic_limited,once_through,1543.7350571954987,15.783930853582621,19316.73407553029,86956.74059931286,1527.9511263419158,1633333.3333333377,7353043.259400691,0.0,8911.03331642735,1633333.3333333377,7349999.999999999,0.0,245.0,0.4369700701123548,0.11361221822921225,0.8121749556464982,0.2825242809213931,4.248699822585992,0.4173040691788744,0.8015420027099798,0.43169348906762384,3.1119846270992615,0.03181851052912013,0.03181851052912013,0.0,3.080166116570141,0.0,0.0,3.080166116570141,0.0,0.03181851052912013,0.0,4.501627462453209,683.2659244697251,333.2407531927521,11.582291896037285,680.1539398426258,0.0,0.0,0.0,59715.17643859662,-69533.92837024864,4.583580448525026e-16,0.0,2.7214549481868747e-10,4.440892098500626e-16
intrinsic_limited,once_through,1549.0900444423055,15.704834649233065,19314.36392769005,86945.91739609535,1533.3852097930721,1640000.0000000044,7383054.082603908,0.0,8948.328188095498,1640000.0000000044,7379999.999999999,0.0,246.0,0.43848585427608233,0.11400632211178141,0.8136495880130062,0.2823742763967831,4.2545983520520245,0.4160408990405458,0.801100812931715,0.43082607240181475,3.1227796387903544,0.03165906207269595,0.03165906207269595,0.0,3.091120576717658,0.0,0.0,3.091120576717658,0.0,0.03165906207269595,0.0,4.501619505649123,685.636072309964,332.3436054043583,11.60561145272725,682.5132926711736,0.0,0.0,0.0,59958.9118526317,-69814.95865595188,4.583580448525026e-16,0.0,2.7214549481868747e-10,4.440892098500626e-16
intrinsic_limited,once_through,1554.418915167692,15.62618299969454,19312.00533917087,86935.14709525376,1538.792732167997,1646666.6666666712,7413064.852904749,0.0,8985.629712029779,1646666.6666666712,7409999.999999999,0.0,247.0,0.4399942458900695,0.11439850393141808,0.8151055354606064,0.2822249229700373,4.260422141842426,0.41478768512199043,0.8006615381471687,0.42996382806761846,3.1335220027082467,0.03150050978542423,0.03150050978542423,0.0,3.1020214929228214,0.0,0.0,3.1020214929228214,0.0,0.03150050978542423,0.0,4.501611591776112,687.9946608291465,331.4508330473807,11.628885207556745,684.8611388264383,0.0,0.0,0.0,60202.647266666805,-70095.99559392125,9.167160897050052e-16,0.0,2.1771639585494996e-10,8.881784197001252e-16
intrinsic_limited,once_through,1559.7218150389294,15.547977528487097,19309.65824549958,86924.42940989255,1544.173837510442,1653333.333333338,7443075.5705901105,0.0,9022.937875170426,1653333.333333338,7439999.999999999,0.0,248.0,0.4414952861869344,0.11478877440860295,0.8165430948104332,0.2820762161439457,4.266172379241732,0.41354432632743454,0.8002241651292521,0.4291067099019483,3.144212012500677,0.03134285694012657,0.03134285694012657,0.0,3.112869155560549,0.0,0.0,3.112869155560549,0.0,0.03134285694012657,0.0,4.501603721036941,690.3417545004362,330.5624117174529,11.652113296346517,687.1975424879355,0.0,0.0,0.0,60446.38268070189,-70377.03917109699,9.167160897050052e-16,0.0,2.1771639585494996e-10,1.3322676295501878e-15
intrinsic_limited,once_through,1564.998890150848,15.47021964541349,19307.32258201378,86913.76405183879,1549.5286705054339,1660000.0000000047,7473086.235948164,0.0,9060.252664496342,1660000.0000000047,7469999.999999999,0.0,249.0,0.4429890165203197,0.11517714429528313,0.8179625576571331,0.28192815147042405,4.271850230628532,0.41231072250749506,0.7997886807953649,0.4282546723233865,3.1548499626772912,0.031186106378796142,0.031186106378796142,0.0,3.123663856298494,0.0,0.0,3.123663856298494,0.0,0.031186106378796142,0.0,4.501595893612172,692.6774179862364,329.67831693857767,11.675295853455085,689.5225680235591,0.0,0.0,0.0,60690.11809473697,-70658.08937445798,1.375074134557508e-15,0.0,2.1771639585494996e-10,1.3322676295501878e-15
intrinsic_limited,once_through,1570.250286961985,15.392910555469117,19304.998283890087,86903.15073178727,1554.8573764065154,1666666.6666666714,7503096.849268215,0.0,9097.574067024676,1666666.6666666714,7499999.999999999,0.0,250.0,0.44447547834681933,0.11556362437017303,0.8193642104566575,0.2817807245496152,4.2774568418266306,0.4110867744616807,0.7993550722047507,0.42740767032172444,3.165436148480926,0.03103026053055908,0.03103026053055908,0.0,3.1344058879503662,0.0,0.0,3.1344058879503662,0.0,0.03103026053055908,0.0,4.5015881096610855,695.0017161099296,328.7985241738238,11.698433011827627,691.8362799614487,0.0,0.0,0.0,60933.85350877207,-70939.14619102141,9.167160897050052e-16,0.0,1.6328729689121246e-10,4.440892098500626e-16
intrinsic_limited,once_through,1575.4761522334,15.316051267442543,19302.68528617122,86892.58915943948,1560.1601009659569,1673333.3333333381,7533107.410840563,0.0,9134.902069810423,1673333.3333333381,7529999.999999999,0.0,251.0,0.4459547132086592,0.1159482254342514,0.8207483346132484,0.28163393102901024,4.282993338452993,0.4098723839401762,0.7989233265559125,0.42656565944774405,3.175970865764266,0.03087532142901207,0.03087532142901207,0.0,3.145095544335253,0.0,0.0,3.145095544335253,0.0,0.03087532142901207,0.0,4.501580369322544,697.3147138287961,327.92300883557726,11.721524903043724,694.1387429630319,0.0,0.0,0.0,61177.58892280716,-71220.20960784226,9.167160897050052e-16,0.0,1.6328729689121246e-10,8.881784197001252e-16
intrinsic_limited,once_through,1580.6766329700558,15.239642602216154,19300.383523791945,86882.07904363681,1565.4369903678394,1680000.000000005,7563117.920956366,0.0,9172.236659946051,1680000.000000005,7559999.999999999,0.0,252.0,0.4474267627171045,0.11633095830644719,0.8221152065655766,0.28148776660259095,4.288460826262306,0.4086674536449491,0.7984934311840911,0.42572859580323635,3.1864544108716757,0.0307212907289555,0.0307212907289555,0.0,3.15573312014272,0.0,0.0,3.15573312014272,0.0,0.0307212907289555,0.0,4.501572672715837,699.6164762080696,327.0517462953617,11.74457165736385,696.4300217971979,0.0,0.0,0.0,61421.32433684223,-71501.27961201296,4.583580448525026e-16,0.0,2.1771639585494996e-10,4.440892098500626e-16
intrinsic_limited,once_through,1585.851876364684,15.163685200775857,19298.092931603926,86871.62009248842,1570.6881911639077,1686666.6666666716,7593128.379907514,0.0,9209.577824561107,1686666.6666666716,7589999.999999999,0.0,253.0,0.44889166853657037,0.1167118338195083,0.8234650978719944,0.28134222700999234,4.293860391487978,0.40747188723021416,0.798065373558801,0.42489643603124816,3.1968870805260385,0.030568169722540034,0.030568169722540034,0.0,3.166318910803498,0.0,0.0,3.166318910803498,0.0,0.030568169722540034,0.0,4.501565019941493,701.9070683960907,326.18471189324265,11.767573403774762,698.7101813155647,0.0,0.0,0.0,61665.059750877335,-71782.35619066312,4.583580448525026e-16,0.0,2.1771639585494996e-10,4.440892098500626e-16
intrinsic_limited,once_through,1591.0020297440399,15.088179531938748,19295.813444399497,86861.21201349358,1575.913850212101,1693333.3333333384,7623138.7879865095,0.0,9246.925550821878,1693333.3333333384,7619999.999999999,0.0,254.0,0.45034947236940875,0.11709086281604628,0.824798275294868,0.2811973080356852,4.299193101179473,0.40628558930229436,0.7976391412814271,0.4240691373065593,3.207269171720415,0.03041595935484468,0.03041595935484468,0.0,3.1768532123655695,0.0,0.0,3.1768532123655695,0.0,0.03041595935484468,0.0,4.501557411082069,704.1865556005204,325.32188094683227,11.790530270033546,700.9792864287999,0.0,0.0,0.0,61908.79516491242,-72063.43933095897,4.583580448525026e-16,0.0,2.1771639585494996e-10,8.881784197001252e-16
intrinsic_limited,once_through,1596.1272405174698,15.013125899807573,19293.54499693444,86850.85451365903,1581.114114617662,1700000.0000000051,7653149.145486345,0.0,9284.279825931024,1700000.0000000051,7649999.999999999,0.0,255.0,0.45180021594134967,0.11746805614475092,0.8261150008839584,0.28105300550817797,4.304460003535834,0.4051084654189103,0.7972147220828765,0.42324665732637345,3.217600981614357,0.030264660238904086,0.030264660238904086,0.0,3.187336321375452,0.0,0.0,3.187336321375452,0.0,0.030264660238904086,0.0,4.501549846202903,706.4550030655741,324.4632287599057,11.81344238271067,703.2374020839598,0.0,0.0,0.0,62152.53057894752,-72344.52902010322,4.583580448525026e-16,0.0,2.7214549481868747e-10,4.440892098500626e-16
intrinsic_limited,once_through,1601.2276561277047,14.9385244509603,19291.287523949773,86840.54729961122,1586.289131676744,1706666.6666666719,7683159.452700392,0.0,9321.640637127255,1706666.6666666719,7679999.999999999,0.0,256.0,0.45324394098757326,0.11784342465676904,0.8274155320588266,0.28090931529923835,4.309662128235306,0.4039404220879312,0.7967921038212893,0.4224289543012318,3.227882807434717,0.030114272670201846,0.030114272670201846,0.0,3.197768534764515,0.0,0.0,3.197768534764515,0.0,0.030114272670201846,0.0,4.501542325352847,708.7124760502442,323.6087306306449,11.83630986723161,705.4845932428094,0.0,0.0,0.0,62396.26599298261,-72625.62524533454,4.583580448525026e-16,0.0,2.7214549481868747e-10,4.440892098500626e-16
intrinsic_limited,once_through,1606.303424003801,14.864375181383243,19289.04096019255,86830.29007770399,1591.4390488224176,1713333.3333333386,7713169.7099223,0.0,9359.007971685003,1713333.3333333386,7709999.999999999,0.0,257.0,0.4546806892393887,0.11821697920224107,0.8287001216902363,0.28076623332313355,4.314800486760945,0.40278136676561926,0.7963712744798046,0.4216159869461316,3.238114946380782,0.02996479664064685,0.02996479664064685,0.0,3.208150149740135,0.0,0.0,3.208150149740135,0.0,0.02996479664064685,0.0,4.501534848564976,710.9590398074703,322.7583618595232,11.85913284791744,707.7209248610895,0.0,0.0,0.0,62640.001407017684,-72906.72799392736,4.583580448525026e-16,0.0,2.7214549481868747e-10,4.440892098500626e-16
intrinsic_limited,once_through,1611.3546915161567,14.79067794315582,19286.80524043579,86820.08255412125,1596.5640135730007,1720000.0000000054,7743179.917445882,0.0,9396.38181691411,1720000.0000000054,7739999.999999999,0.0,258.0,0.4561105024115014,0.11858873062699037,0.8299690181805351,0.2806237555358892,4.31987607272214,0.40163120785439616,0.79595222216438,0.42080771447185505,3.24829769553359,0.029816231852048954,0.029816231852048954,0.0,3.2184814636815404,0.0,0.0,3.2184814636815404,0.0,0.029816231852048954,0.0,4.501527415857264,713.1947595642293,321.91209775684064,11.881911448024121,709.9464618686958,0.0,0.0,0.0,62883.73682105279,-73187.83725319158,4.583580448525026e-16,0.0,2.7214549481868747e-10,4.440892098500626e-16
intrinsic_limited,once_through,1616.3816059335206,14.717432450894819,19284.580299497513,86809.9244349757,1601.6641734826258,1726666.666666672,7773190.075565028,0.0,9433.762160159527,1726666.666666672,7769999.999999999,0.0,259.0,0.45753342218984405,0.11895868976935946,0.8312224655429953,0.28048187793456614,4.324889862171981,0.40048985470016146,0.7955349351016652,0.42000409657649357,3.258431351769265,0.029668577729109843,0.029668577729109843,0.0,3.228762774040155,0.0,0.0,3.228762774040155,0.0,0.029668577729109843,0.0,4.501520027233243,715.4197005025081,321.06991364992757,11.904645789780698,712.1612691507389,0.0,0.0,0.0,63127.47223508787,-73468.95301047208,0.0,0.0,2.7214549481868747e-10,0.0
intrinsic_limited,once_through,1621.3843143819327,14.644638287965787,19282.36607225889,86799.81542640283,1606.7396760939666,1733333.3333333388,7803200.184573601,0.0,9471.148988801022,1733333.3333333388,7799999.999999999,0.0,260.0,0.45894949021995385,0.119326867457188,0.832460703480099,0.28034059655655563,4.329842813920396,0.3993572175891885,0.7951194016369284,0.41920509343717444,3.2685162116762503,0.029521833431944467,0.029521833431944467,0.0,3.238994378244305,0.0,0.0,3.238994378244305,0.0,0.029521833431944467,0.0,4.501512682682639,717.6339277411294,320.2317848900229,11.927335994426178,714.3654115294531,0.0,0.0,0.0,63371.20764912296,-73750.07525314865,4.583580448525026e-16,0.0,2.7214549481868747e-10,8.881784197001252e-16
intrinsic_limited,once_through,1626.3629638055158,14.572294912469301,19280.16249368162,86789.7552346509,1611.7906688930464,1740000.0000000056,7833210.244765352,0.0,9508.5422902529,1740000.0000000056,7829999.999999999,0.0,261.0,0.46035874809587474,0.11969327450492744,0.8336839674607558,0.2801999074788911,4.334735869843023,0.39823320774462506,0.7947056102320328,0.41841066570197066,3.278552571476263,0.029375997868148613,0.029375997868148613,0.0,3.249176573608114,0.0,0.0,3.249176573608114,0.0,0.029375997868148613,0.0,4.5015053821819775,719.8375063183984,319.39768685884286,11.949982182245433,716.5589537469222,0.0,0.0,0.0,63614.943063158054,-74031.20396863563,4.583580448525026e-16,0.0,2.7214549481868747e-10,4.440892098500626e-16
intrinsic_limited,once_through,1631.3177009290625,14.500401663009116,19277.96949882447,86779.74356616702,1616.8172992660532,1746666.6666666723,7863220.256433837,0.0,9545.942051963739,1746666.6666666723,7859999.999999999,0.0,262.0,0.46176123734956687,0.12005792171088739,0.8348924887964401,0.280059806817578,4.339569955185761,0.3971177373226222,0.7942935494634649,0.4176207744820055,3.2885407269488782,0.029231069704426814,0.029231069704426814,0.0,3.259309657244451,0.0,0.0,3.259309657244451,0.0,0.029231069704426814,0.0,4.5014981256951705,722.0305011755437,318.56759497484944,11.972584472603723,718.7419604485948,0.0,0.0,0.0,63858.67847719315,-74312.33914438156,4.583580448525026e-16,0.0,2.7214549481868747e-10,4.440892098500626e-16
intrinsic_limited,once_through,1636.2486722223416,14.428957764249578,19275.787022859095,86769.78012767946,1621.8197144580918,1753333.333333339,7893230.219872325,0.0,9583.34826141612,1753333.333333339,7889999.999999999,0.0,263.0,0.4631569994408033,0.12042081985460885,0.8360864947162412,0.279920290726939,4.344345978864965,0.3960107194081161,0.7938832080204089,0.41683538134373016,3.298480973359574,0.029087047377795435,0.029087047377795435,0.0,3.269393925981778,0.0,0.0,3.269393925981778,0.0,0.029087047377795435,0.0,4.5014909131741,724.2129771409186,317.74148469922994,11.995142983980305,720.914496167559,0.0,0.0,0.0,64102.41389122823,-74593.48076786903,4.583580448525026e-16,0.0,2.7214549481868747e-10,4.440892098500626e-16
intrinsic_limited,once_through,1641.156023866068,14.357962332268956,19273.615001085076,86759.86462627577,1626.7980615337985,1760000.0000000058,7923240.135373728,0.0,9620.76090612639,1760000.0000000058,7919999.999999999,0.0,264.0,0.46454607574753737,0.12078197969435972,0.8372662084408192,0.27978135539897653,4.349064833763277,0.3949120680102851,0.7934745747028722,0.4160544483013835,3.308373605391129,0.02894392910637434,0.02894392910637434,0.0,3.2794296762847535,0.0,0.0,3.2794296762847535,0.0,0.02894392910637434,0.0,4.501483744559145,726.38499891494,316.9193315415983,12.017657834000795,723.0766253095488,0.0,0.0,0.0,64346.14930526332,-74874.62882661438,9.167160897050052e-16,0.0,2.7214549481868747e-10,8.881784197001252e-16
intrinsic_limited,once_through,1646.0399017194743,14.28741437971565,19271.453368944283,86749.9967694778,1631.7524873397583,1766666.6666666726,7953250.003230526,0.0,9658.179973644403,1766666.6666666726,7949999.999999999,0.0,265.0,0.4659285075567237,0.12114141196474817,0.838431849255262,0.2796429970627505,4.353727397021048,0.39382169805770173,0.7930676384198544,0.4152779378096245,3.3182189170782537,0.02880171289978118,0.02880171289978118,0.0,3.2894172041784717,0.0,0.0,3.2894172041784717,0.0,0.02880171289978118,0.0,4.501476619779719,728.5466310557345,316.10111106542786,12.040129139468386,725.2284121386562,0.0,0.0,0.0,64589.8847192984,-75155.78330816748,4.583580448525026e-16,0.0,2.7214549481868747e-10,8.881784197001252e-16
intrinsic_limited,once_through,1650.9004512894244,14.217312820773744,19269.30206203455,86740.17626531325,1636.6831384686504,1773333.3333333393,7983259.82373469,0.0,9695.605451553303,1773333.3333333393,7979999.999999999,0.0,266.0,0.4673043360555752,0.12149912737444955,0.8395836325808393,0.27950521198377165,4.358334530323358,0.3927395253932027,0.7926623881875637,0.4145058127563271,3.3280172017453244,0.028660396569141374,0.028660396569141374,0.0,3.2993568051761826,0.0,0.0,3.2993568051761826,0.0,0.028660396569141374,0.0,4.501469538754783,730.6979379654681,315.2867988932262,12.062557016394166,727.3699207637228,0.0,0.0,0.0,64833.620133333505,-75436.94420011148,4.583580448525026e-16,0.0,2.7214549481868747e-10,4.440892098500626e-16
intrinsic_limited,once_through,1655.7378177010103,14.147656475944137,19267.161016122685,86730.40282238343,1641.590161225066,1780000.000000006,8013269.59717762,0.0,9733.037327469294,1780000.000000006,8009999.999999999,0.0,267.0,0.4686736023232403,0.12185513660404249,0.8407217700456541,0.27936799646341026,4.362887080182617,0.39166546676849484,0.7922588131276773,0.4137380364555455,3.337768751947112,0.028519977736726265,0.028519977736726265,0.0,3.3092487742103858,0.0,0.0,3.3092487742103858,0.0,0.028519977736726265,0.0,4.501462501393317,732.8389838773331,314.4763707114612,12.084941580026157,729.501215125386,0.0,0.0,0.0,65077.3555473686,-75718.11149006257,4.583580448525026e-16,0.0,2.7214549481868747e-10,0.0
intrinsic_limited,once_through,1660.5521456695817,14.078444076647587,19265.030167156852,86720.67614992843,1646.4737015929338,1786666.6666666728,8043279.323850076,0.0,9770.475589041422,1786666.6666666728,8039999.999999999,0.0,268.0,0.47003634732288574,0.12220945030395029,0.8418464695541893,0.279231346838319,4.367385878216757,0.39059943983851486,0.7918569024656442,0.41297457264063375,3.3474738594123963,0.028380453845232335,0.028380453845232335,0.0,3.319093405567163,0.0,0.0,3.319093405567163,0.0,0.028380453845232335,0.0,4.501455507594813,734.969832843167,313.6698022752466,12.107282944877454,731.6223589837546,0.0,0.0,0.0,65321.09096140368,-75999.28516566977,4.583580448525026e-16,0.0,2.7214549481868747e-10,8.881784197001252e-16
intrinsic_limited,once_through,1665.3435794741515,14.009674269655543,19262.909451278338,86710.99595788885,1651.3339052044955,1793333.3333333395,8073289.004042115,0.0,9807.920223951372,1793333.3333333395,8069999.999999999,0.0,269.0,0.4713926118941686,0.12256207909248384,0.8429579353557534,0.2790952594798705,4.371831741423014,0.38954136315556276,0.7914566455290309,0.4122153854575219,3.357132814990352,0.028241822166713212,0.028241822166713212,0.0,3.3288909928236383,0.0,0.0,3.3288909928236383,0.0,0.028241822166713212,0.0,4.501448557249719,737.090548721682,312.86706941279795,12.129581224753295,733.7334159066917,0.0,0.0,0.0,65564.82637543877,-76280.46521461481,9.167160897050052e-16,0.0,2.7214549481868747e-10,4.440892098500626e-16
intrinsic_limited,once_through,1670.1122629321278,13.941345621354728,19260.79880483274,86701.3619569644,1656.1709173107727,1800000.0000000063,8103298.6380430395,0.0,9845.371219913264,1800000.0000000063,8099999.999999999,0.0,270.0,0.472742436746084,0.12291303355398185,0.8440563681118248,0.27895973079360853,4.376225472447299,0.38849115616322305,0.7910580317459075,0.41146043945814126,3.3667459085996176,0.028104079811176567,0.028104079811176567,0.0,3.33864182878844,0.0,0.0,3.33864182878844,0.0,0.028104079811176567,0.0,4.501441650239871,739.2011951672819,312.0681480296659,12.151836532777194,735.8344492586823,0.0,0.0,0.0,65808.56178947387,-76561.65162461181,9.167160897050052e-16,0.0,2.7214549481868747e-10,8.881784197001252e-16
intrinsic_limited,once_through,1674.8583393753224,13.873456621850893,19258.698164380578,86691.77385867023,1660.984882753471,1806666.666666673,8133308.226141334,0.0,9882.828564673464,1806666.666666673,8129999.999999999,0.0,271.0,0.47408586245017403,0.12326232423704525,0.8451419649623017,0.2788247572187131,4.380567859849206,0.3874487391900919,0.7906610506432739,0.41070969959400144,3.3763134291799246,0.027967223734856776,0.027967223734856776,0.0,3.348346205445067,0.0,0.0,3.348346205445067,0.0,0.027967223734856776,0.0,4.501434786438927,741.3018356194425,311.27301411275533,12.17404898141594,737.9255221902625,0.0,0.0,0.0,66052.29720350896,-76842.8443834071,9.167160897050052e-16,0.0,2.7214549481868747e-10,8.881784197001252e-16
intrinsic_limited,once_through,1679.581951627188,13.806005688917404,19256.607466707384,86682.2313753898,1665.77594593827,1813333.3333333398,8163317.768624613,0.0,9920.292246010391,1813333.3333333398,8159999.999999999,0.0,272.0,0.4754229294340845,0.12360996165286198,0.8462149195906592,0.27869033522747855,4.384859678362637,0.38641403344332403,0.7902656918455252,0.40996313120990396,3.385835664646215,0.027831250748174816,0.027831250748174816,0.0,3.3580044138980396,0.0,0.0,3.3580044138980396,0.0,0.027831250748174816,0.0,4.501427965712762,743.392533292637,310.481643734139,12.196218682503831,740.0066976279908,0.0,0.0,0.0,66296.03261754404,-77124.0434787791,9.167160897050052e-16,0.0,2.1771639585494996e-10,8.881784197001252e-16
intrinsic_limited,once_through,1684.283241981237,13.738991171793911,19254.526648833235,86672.73422042563,1670.5442508094427,1820000.0000000065,8193327.265779578,0.0,9957.76225173435,1820000.0000000065,8189999.999999999,0.0,273.0,0.4767536779754563,0.12395595627361865,0.8472754222880222,0.27855646132480427,4.389101689152088,0.38538696100201447,0.7898719450729538,0.4092207000377977,3.395312901845136,0.02769615752339591,0.02769615752339591,0.0,3.3676167443217393,0.0,0.0,3.3676167443217393,0.0,0.02769615752339591,0.0,4.501421187919867,745.4733511667841,309.6940130546734,12.2183457472659,742.078038264939,0.0,0.0,0.0,66539.76803157915,-77405.24889853818,9.167160897050052e-16,0.0,2.7214549481868747e-10,8.881784197001252e-16
intrinsic_limited,once_through,1688.962352180599,13.672411354840257,19252.45564802182,86663.28210804723,1675.2899408257583,1826666.6666666733,8223336.717891957,0.0,9995.238569687346,1826666.6666666733,8219999.999999999,0.0,274.0,0.47807814819613853,0.12430031853099602,0.8483236600161584,0.2784231320476984,4.393294640064633,0.3843674448104293,0.7894798001402895,0.40848237219077155,3.4047454265138257,0.027561940601995374,0.027561940601995374,0.0,3.3771834859118295,0.0,0.0,3.3771834859118295,0.0,0.027561940601995374,0.0,4.501414452911717,747.5443519781999,308.9100983274233,12.240430286340176,744.139606551686,0.0,0.0,0.0,66783.50344561422,-77686.46063052624,9.167160897050052e-16,0.0,2.7214549481868747e-10,8.881784197001252e-16
intrinsic_limited,once_through,1693.6194233986723,13.606264461050502,19250.394401788984,86653.8747535366,1680.0131589376213,1833333.33333334,8253346.125246467,0.0,10032.721187742933,1833333.33333334,8249999.999999999,0.0,275.0,0.47939638005671226,0.12464305881474519,0.8493598164694012,0.27829034396479313,4.397439265877605,0.38335540867109624,0.7890892469552739,0.4077481141571746,3.414133523240915,0.027428596401742483,0.027428596401742483,0.0,3.3867049268391716,0.0,0.0,3.3867049268391716,0.0,0.027428596401742483,0.0,4.501407760533137,749.605598211034,308.12987590090336,12.26247240979918,746.1914646877931,0.0,0.0,0.0,67027.23885964933,-77967.67866261693,9.167160897050052e-16,0.0,2.7214549481868747e-10,8.881784197001252e-16
intrinsic_limited,once_through,1698.2545962208283,13.540548655432119,19248.342847910848,86644.51187323143,1684.7140475653957,1840000.0000000068,8283355.488126772,0.0,10070.210093806036,1840000.0000000068,8279999.999999999,0.0,276.0,0.48070841335131137,0.12498418747134096,0.8503840721355077,0.27815809367587235,4.401536288542031,0.3823507772377713,0.7887002755172716,0.4070178927948692,3.423477475429643,0.027296121223512496,0.027296121223512496,0.0,3.3961813542061297,0.0,0.0,3.3961813542061297,0.0,0.027296121223512496,0.0,4.50140111062265,751.6571520891722,307.3533222221435,12.284472227170424,748.2336746137426,0.0,0.0,0.0,67270.9742736844,-78248.90298271511,9.167160897050052e-16,0.0,2.7214549481868747e-10,8.881784197001252e-16
intrinsic_limited,once_through,1702.8680106271288,13.475262048254832,19246.300924431434,86635.19318456607,1689.3927485788736,1846666.6666666735,8313364.806815438,0.0,10107.705275812816,1846666.6666666735,8309999.999999999,0.0,277.0,0.48201428770273075,0.12532371480271,0.8513966043554642,0.27802637781140993,4.405586417421857,0.3813534760082891,0.7883128759159116,0.4062916753256024,3.432777565263016,0.02716451125783595,0.02716451125783595,0.0,3.405613054005179,0.0,0.0,3.405613054005179,0.0,0.02716451125783595,0.0,4.501394503012812,753.6990755685867,306.58041383958397,12.306429847456256,750.2662980033238,0.0,0.0,0.0,67514.7096877195,-78530.13357875698,9.167160897050052e-16,0.0,2.7214549481868747e-10,8.881784197001252e-16
intrinsic_limited,once_through,1707.4598059760174,13.410402698173762,19244.268569669905,86625.91840611007,1694.049403277843,1853333.3333333402,8343374.0815938935,0.0,10145.206721730505,1853333.3333333402,8339999.999999999,0.0,278.0,0.4833140425578097,0.12566165106503052,0.8523975873822455,0.27789519303212024,4.409590349528981,0.38036343131731176,0.7879270383297654,0.4055694293295055,3.442034073670934,0.02703376259119452,0.02703376259119452,0.0,3.415000311079738,0.0,0.0,3.415000311079738,0.0,0.02703376259119452,0.0,4.501387937530533,755.7314303301182,305.81112740580784,12.328345379152683,752.2893962564473,0.0,0.0,0.0,67758.44510175458,-78811.37043870975,9.167160897050052e-16,0.0,2.7214549481868747e-10,1.3322676295501878e-15
intrinsic_limited,once_through,1712.0301209889467,13.345968615231149,19242.24572222735,86616.68725760494,1698.684152373715,1860000.000000007,8373383.312742399,0.0,10182.714419557275,1860000.000000007,8369999.999999999,0.0,279.0,0.48460771718308077,0.125998006467601,0.8533871924385416,0.2777645360285186,4.413548769754167,0.3793805703289834,0.7875427530250547,0.40485112273970597,3.4512472802991976,0.026903871212072165,0.026903871212072165,0.0,3.4243434090871245,0.0,0.0,3.4243434090871245,0.0,0.026903871212072165,0.0,4.501381413997388,757.7542777726709,305.0454396801168,12.35021893026758,754.3030304923717,0.0,0.0,0.0,68002.18051578967,-79092.61355057162,9.167160897050052e-16,0.0,2.7214549481868747e-10,8.881784197001252e-16
intrinsic_limited,once_through,1716.5790937359066,13.281957763741087,19240.232320993215,86607.49945999862,1703.2971359721648,1866666.6666666737,8403392.500540005,0.0,10220.228357322092,1866666.6666666737,8399999.999999998,0.0,280.0,0.4858953506606734,0.1263327911717751,0.8543655877734575,0.2776344035204924,4.41746235109383,0.3784048210295036,0.7871600103543894,0.4041367238370569,3.460417463480339,0.026774833016770378,0.026774833016770378,0.0,3.4336426304635674,0.0,0.0,3.4336426304635674,0.0,0.026774833016770378,0.0,4.501374932229914,759.7676790068086,304.28332753095486,12.372050608338034,756.3072615433283,0.0,0.0,0.0,68245.91592982475,-79373.86290237152,1.375074134557508e-15,0.0,3.265745937824249e-10,1.3322676295501878e-15
intrinsic_limited,once_through,1721.1068616218165,13.218368065061162,19238.228305151293,86598.35473547806,1707.8884935567546,1873333.3333333405,8433401.645264527,0.0,10257.748523084585,1873333.3333333405,8429999.999999998,0.0,281.0,0.4871769818844618,0.12666601528996008,0.8553329387182025,0.27750479225688307,4.42133175487281,0.3774361122196276,0.7867788007555385,0.403426201244979,3.4695449002061873,0.026646643814995492,0.026646643814995492,0.0,3.44289825639119,0.0,0.0,3.44289825639119,0.0,0.026646643814995492,0.0,4.501368492039893,761.7716948487309,303.5247679381889,12.393840520446933,758.3021499485247,0.0,0.0,0.0,68489.65134385986,-79655.11848216911,1.375074134557508e-15,0.0,4.354327917098999e-10,1.7763568394002505e-15
intrinsic_limited,once_through,1725.6135613737515,13.155197400255211,19236.233614185407,86589.25280750018,1712.4583639734958,1880000.0000000072,8463410.747192504,0.0,10295.27490493492,1880000.0000000072,8459999.999999998,0.0,282.0,0.4884526495564495,0.12699768888467688,0.8562894077407763,0.27737569901507675,4.425157630963105,0.3764743735071015,0.7863991147502257,0.4027195239244061,3.4786298661021178,0.026519299335226475,0.026519299335226475,0.0,3.4521105667668905,0.0,0.0,3.4521105667668905,0.0,0.026519299335226475,0.0,4.501362093234641,763.7663858146195,302.7697379952485,12.415588773238973,760.2877559485174,0.0,0.0,0.0,68733.38675789493,-79936.38027805452,9.167160897050052e-16,0.0,3.265745937824249e-10,8.881784197001252e-16
intrinsic_limited,once_through,1730.099329028966,13.092443612650811,19234.24818788469,86580.19340082059,1717.0068854163148,1886666.666666674,8493419.806599183,0.0,10332.807490993673,1886666.666666674,8489999.999999998,0.0,283.0,0.48972239218337915,0.12732782196767858,0.8572351544996668,0.2772471206006059,4.428940617998667,0.37551953529904364,0.7860209429429587,0.4020166611688434,3.4876726354029115,0.026392795229870515,0.026392795229870515,0.0,3.4612798401730407,0.0,0.0,3.4612798401730407,0.0,0.026392795229870515,0.0,4.501355735617258,765.7518121153377,302.01821491113213,12.437295472935748,762.2641394799348,0.0,0.0,0.0,68977.12217193002,-80217.64827814836,4.583580448525026e-16,0.0,3.265745937824249e-10,4.440892098500626e-16
intrinsic_limited,once_through,1734.5642999236852,13.03010451029538,19232.271966348555,86571.17624152088,1721.5341954133892,1893333.3333333407,8523428.823758483,0.0,10370.34626941171,1893333.3333333407,8519999.999999998,0.0,284.0,0.4909862480735599,0.12765642449912556,0.8581703358965685,0.27711905384675917,4.432681343586275,0.3745715287942776,0.78564427601988,0.40131758259952227,3.4966734809301583,0.02626712708021425,0.02626712708021425,0.0,3.470406353849943,0.0,0.0,3.470406353849943,0.0,0.02626712708021425,0.0,4.501349418986888,767.728033651469,301.2701760122854,12.458960725350368,764.2313601705388,0.0,0.0,0.0,69220.85758596512,-80498.9224706015,1.375074134557508e-15,0.0,3.265745937824249e-10,1.3322676295501878e-15
intrinsic_limited,once_through,1739.0086086826345,12.968177868314505,19230.30488999134,86562.20105703421,1726.0404308143195,1900000.0000000075,8553437.798942968,0.0,10407.891228370074,1900000.0000000075,8549999.999999998,0.0,285.0,0.4922442553339036,0.12798350638681494,0.8590951061281371,0.276991495614201,4.436380424512548,0.37363028597562603,0.78526910474765,0.4006222581606588,3.505632674071149,0.026142290401177843,0.026142290401177843,0.0,3.47949038366997,0.0,0.0,3.47949038366997,0.0,0.026142290401177843,0.0,4.501343143138964,769.6951100086835,300.5255987443548,12.480584635901295,766.1894773346123,0.0,0.0,0.0,69464.59300000021,-80780.20284359496,9.167160897050052e-16,0.0,2.1771639585494996e-10,8.881784197001252e-16
intrinsic_limited,once_through,1743.4323892092784,12.906661431175905,19228.34689954661,86553.26757616912,1730.5257277781022,1906666.6666666742,8583446.732423833,0.0,10445.442356079871,1906666.6666666742,8579999.999999998,0.0,286.0,0.49349645186716173,0.12830907748546205,0.8600096167367905,0.27686444279059963,4.440038466947162,0.37269573960217217,0.7848954199723519,0.3999306581148084,3.5145504847591997,0.026018280645878883,0.026018280645878883,0.0,3.4885322041133207,0.0,0.0,3.4885322041133207,0.0,0.026018280645878883,0.0,4.501336907865438,771.6531004534168,299.7844606738235,12.502167309625577,768.1385499686576,0.0,0.0,0.0,69708.32841403528,-81061.48938533982,4.583580448525026e-16,0.0,2.1771639585494996e-10,0.0
intrinsic_limited,once_through,1747.8357746767376,12.845552914862402,19226.397936071175,86544.37552913227,1734.9902217618749,1913333.333333341,8613455.62447087,0.0,10482.999640782162,1913333.333333341,8609999.999999998,0.0,287.0,0.4947428753693545,0.12863314759603217,0.860914016660571,0.27673789229026385,4.4436560666422835,0.37176782320149565,0.7845232126184232,0.3992427530383139,3.5234271814553417,0.025895093210012817,0.025895093210012817,0.0,3.497532088245328,0.0,0.0,3.497532088245328,0.0,0.025895093210012817,0.0,4.501330712955024,773.6020639288502,299.0467394895327,12.523708851191515,770.0786367473949,0.0,0.0,0.0,69952.06382807039,-81342.78208407722,9.167160897050052e-16,0.0,2.1771639585494996e-10,8.881784197001252e-16
intrinsic_limited,once_through,1752.2188975193606,12.7848500089572,19224.457940948847,86535.52464754903,1739.434047510403,1920000.0000000077,8643464.475352453,0.0,10520.563070747858,1920000.0000000077,8639999.999999998,0.0,288.0,0.495983563327385,0.1289557264651201,0.8618084522820795,0.27661184105378805,4.447233809128318,0.3708464710618895,0.784152473687612,0.39855851381684915,3.532263031131328,0.02577272343605664,0.02577272343605664,0.0,3.506490307695271,0.0,0.0,3.506490307695271,0.0,0.02577272343605664,0.0,4.501324558193392,775.5420590511801,298.3124130040939,12.545209364910633,772.0097960200487,0.0,0.0,0.0,70195.79924210548,-81624.08092807801,9.167160897050052e-16,0.0,2.1771639585494996e-10,4.440892098500626e-16
intrinsic_limited,once_through,1756.5818894249219,12.724550378644674,19222.526855893862,86526.71466448317,1743.8573390462768,1926666.6666666744,8673473.28533552,0.0,10558.132634277623,1926666.6666666744,8669999.999999998,0.0,289.0,0.49721855301683104,0.12927682378437608,0.8626930674764973,0.2764862860477049,4.45077226990599,0.3699316182245642,0.7837831942579557,0.3978779116410472,3.5410582992539115,0.025651166617302223,0.025651166617302223,0.0,3.515407132636608,0.0,0.0,3.515407132636608,0.0,0.025651166617302223,0.0,4.501318443363393,777.4731441061656,297.58145915519566,12.566668954749218,773.9320858069117,0.0,0.0,0.0,70439.53465614056,-81905.38590564285,9.167160897050052e-16,0.0,3.265745937824249e-10,1.3322676295501878e-15
intrinsic_limited,once_through,1760.9248813274219,12.664651666629537,19220.604622954088,86517.94531445502,1748.260229660792,1933333.3333333412,8703482.054685548,0.0,10595.708319701767,1933333.3333333412,8699999.999999998,0.0,290.0,0.49844788149990665,0.12959644918997573,0.8635680036587067,0.27636122426414644,4.454272014634826,0.36902320047584475,0.7834153654827837,0.39720091800222096,3.549813249770323,0.025530418001725147,0.025530418001725147,0.0,3.524282831768597,0.0,0.0,3.524282831768597,0.0,0.025530418001725147,0.0,4.501312368245248,779.3953770459402,296.85385600681036,12.588087724339152,775.8455637961699,0.0,0.0,0.0,70683.27007017565,-82186.69700510209,9.167160897050052e-16,0.0,3.265745937824249e-10,8.881784197001252e-16
intrinsic_limited,once_through,1765.2480034004639,12.60515149497748,19218.691184513948,86509.21633345827,1752.6428519054864,1940000.000000008,8733490.783666546,0.0,10633.290115380165,1940000.000000008,8729999.999999998,0.0,291.0,0.4996715856235879,0.12991461226213286,0.8644333998295247,0.2762366527205121,4.457733599318098,0.3681211543393659,0.7830489785897415,0.3965275046881645,3.5585281450949267,0.0254104727956952,0.0254104727956952,0.0,3.5331176722992317,0.0,0.0,3.5331176722992317,0.0,0.0254104727956952,0.0,4.501306332616746,781.3088154860822,296.1295817503032,12.609465776988356,777.7502873409873,0.0,0.0,0.0,70927.00548421075,-82468.01421481559,0.0,0.0,3.265745937824249e-10,-4.440892098500626e-16
intrinsic_limited,once_through,1769.5513850511857,12.546047466880104,19216.786483297103,86500.52745897562,1757.0053375843054,1946666.6666666747,8763499.472541027,0.0,10670.878009702152,1946666.6666666747,8759999.999999998,0.0,292.0,0.5008897020178948,0.13023132252465267,0.8652893926210645,0.27611256845914467,4.461157570484258,0.36722541706827067,0.7826840248798373,0.39585764377904015,3.567203246096984,0.025291326167534264,0.025291326167534264,0.0,3.5419119199294493,0.0,0.0,3.5419119199294493,0.0,0.025291326167534264,0.0,4.50130033625343,783.2135167029271,295.40861470544957,12.63080321569059,779.6463134568302,0.0,0.0,0.0,71170.74089824586,-82749.33752317268,4.583580448525026e-16,0.0,2.1771639585494996e-10,4.440892098500626e-16
intrinsic_limited,once_through,1773.835154914721,12.487337168346855,19214.890462368912,86491.87842999316,1761.3478177463742,1953333.3333333414,8793508.12157001,0.0,10708.47199108644,1953333.3333333414,8789999.999999998,0.0,293.0,0.5021022670943237,0.13054658944452416,0.8661361163412347,0.2759889685470127,4.464544465364939,0.3663359266374183,0.7823204957265081,0.3951913076433435,3.5758388120894873,0.025172973250927055,0.025172973250927055,0.0,3.5506658388385604,0.0,0.0,3.5506658388385604,0.0,0.025172973250927055,0.0,4.501294378928767,785.1095376311176,294.69093332136214,12.652100143134863,781.5336988190281,0.0,0.0,0.0,71414.47631228094,-83030.66691859205,0.0,0.0,3.265745937824249e-10,0.0
intrinsic_limited,once_through,1778.0994408491722,12.429018169826584,19213.00306513865,86483.26898701367,1765.6704226793456,1960000.0000000081,8823516.731012989,0.0,10746.072047981033,1960000.0000000081,8819999.999999998,0.0,294.0,0.5033093170444243,0.13086042243155033,0.8669737030173937,0.27586585007540043,4.467894812069575,0.3654526217356033,0.7819583825747072,0.3945284689339486,3.584435100819029,0.025055409148190013,0.025055409148190013,0.0,3.559379691670839,0.0,0.0,3.559379691670839,0.0,0.025055409148190013,0.0,4.501288460414325,786.9969348613777,293.97651617733385,12.673356661714298,783.4124997605586,0.0,0.0,0.0,71658.21172631603,-83312.00238952175,0.0,0.0,2.1771639585494996e-10,0.0
intrinsic_limited,once_through,1782.3443699310697,12.371088027761397,19211.124235361523,86474.69887206865,1769.9732819033084,1966666.666666675,8853525.301127933,0.0,10783.678168863134,1966666.666666675,8849999.999999998,0.0,295.0,0.504510887838514,0.13117283083801365,0.867802282439171,0.27574321015960407,4.471209129756684,0.36457544175779305,0.781597676940012,0.3938691005842293,3.5929923684566445,0.024938628933403643,0.024938628933403643,0.0,3.568053739523241,0.0,0.0,3.568053739523241,0.0,0.024938628933403643,0.0,4.501282580479931,788.8757646385029,293.2653419835982,12.69457287353453,785.2827722700463,0.0,0.0,0.0,71901.94714035111,-83593.34392443892,0.0,0.0,2.1771639585494996e-10,0.0
intrinsic_limited,once_through,1786.570068451301,12.313544286075139,19209.253917140468,86466.16782872942,1774.256524165226,1973333.3333333416,8883533.832171272,0.0,10821.290342239077,1973333.3333333416,8879999.999999998,0.0,296.0,0.5057070152245265,0.1314838239583769,0.8686219822004678,0.2756210459386344,4.474487928801871,0.36370432679738607,0.7812383704077482,0.39321317580425247,3.6015108695896085,0.02482262765541315,0.02482262765541315,0.0,3.5766882419341957,0.0,0.0,3.5766882419341957,0.0,0.02482262765541315,0.0,4.5012767388938215,790.7460828595592,292.55738958201124,12.71574888042174,787.1445719899697,0.0,0.0,0.0,72145.6825543862,-83874.69151184996,0.0,0.0,2.1771639585494996e-10,-4.440892098500626e-16
intrinsic_limited,once_through,1790.7766619114873,12.256384477599056,19207.39205492775,86457.67560211734,1778.5202774338884,1980000.0000000084,8913542.324397886,0.0,10858.908556644237,1980000.0000000084,8909999.999999998,0.0,297.0,0.5068977347269852,0.13179341102901615,0.8694329277406531,0.27549935457492625,4.477731710962612,0.3628392176384951,0.7808804546321361,0.3925606680770472,3.609990857214129,0.024707400340702384,0.024707400340702384,0.0,3.5852834568734266,0.0,0.0,3.5852834568734266,0.0,0.024707400340702384,0.0,4.501270935422813,792.6079450722787,291.85263794665894,12.736884783930158,788.9979542150645,0.0,0.0,0.0,72389.4179684213,-84156.04514029021,-4.583580448525026e-16,0.0,3.265745937824249e-10,0.0
intrinsic_limited,once_through,1794.9642750207902,12.199606125436748,19205.538593526384,86449.22193891267,1782.7646688953537,1986666.6666666751,8943550.77806109,0.0,10896.532800642957,1986666.6666666751,8939999.999999998,0.0,298.0,0.5080830816460996,0.1321016012279859,0.870235242384966,0.2753781332540533,4.480940969539864,0.36198005574825903,0.7805239213354509,0.39191155115494075,3.6184325827289103,0.02459294199614543,0.02459294199614543,0.0,3.593839640732765,0.0,0.0,3.593839640732765,0.0,0.02459294199614543,0.0,4.501265169832422,794.4614064736459,291.1510661843919,12.757980685349253,790.8429738909169,0.0,0.0,0.0,72633.15338245638,-84437.40479832402,-4.583580448525026e-16,0.0,2.1771639585494996e-10,0.0
intrinsic_limited,once_through,1799.1330316931303,12.14320674427084,19203.69347809136,86440.80658736281,1786.9898249488597,1993333.3333333419,8973559.19341264,0.0,10934.163062828471,1993333.3333333419,8969999.999999998,0.0,299.0,0.5092630910569781,0.1324084036748143,0.871029047384139,0.2752573791844497,4.4841161895365556,0.36112678326918635,0.780168762307205,0.3912657990559667,3.626836295929547,0.0244792476116407,0.0244792476116407,0.0,3.602357048317907,0.0,0.0,3.602357048317907,0.0,0.0244792476116407,0.0,4.501259441887013,796.3065219086678,290.45265353529135,12.77903668571042,792.6796856127382,0.0,0.0,0.0,72876.88879649148,-84718.77047454462,-4.583580448525026e-16,0.0,2.1771639585494996e-10,-8.881784197001252e-16
intrinsic_limited,once_through,1803.2830550448,12.087183841613385,19201.856654130712,86432.42929728948,1791.1958712031867,2000000.0000000086,9003567.570702713,0.0,10971.799331822835,2000000.0000000086,8999999.999999998,0.0,300.0,0.5104377978089525,0.13271382743032764,0.8718144619532568,0.27513708959713656,4.487257847813027,0.3602793430115331,0.7798149694033428,0.390623386060337,3.635202245003711,0.02436631216263159,0.02436631216263159,0.0,3.6108359328410797,0.0,0.0,3.6108359328410797,0.0,0.02436631216263159,0.0,4.50125375134993,798.1433458693161,289.7573793730694,12.800052885793386,794.5081436243124,0.0,0.0,0.0,73120.62421052657,-85000.14215757408,0.0,0.0,2.1771639585494996e-10,0.0
intrinsic_limited,once_through,1807.4144673924532,12.031534919002073,19200.028067506388,86424.0898200953,1795.3829324734509,2006666.6666666754,9033575.910179907,0.0,11009.441596276847,2006666.6666666754,9029999.999999998,0.0,301.0,0.5116072365250083,0.13301788149650215,0.8725916033098597,0.2750172617454547,4.490366413239439,0.3594376784457197,0.7794625345454551,0.3899842867069811,3.643530676527098,0.024254130612517896,0.024254130612517896,0.0,3.61927654591458,0.0,0.0,3.61927654591458,0.0,0.024254130612517896,0.0,4.5012480979836225,799.9719324936383,289.06522320540535,12.821029386132174,796.3284018171112,0.0,0.0,0.0,73364.35962456165,-85281.51983606318,4.583580448525026e-16,0.0,2.1771639585494996e-10,4.440892098500626e-16
intrinsic_limited,once_through,1811.5273902514562,11.976257473144358,19198.207664434998,86415.78790876902,1799.5511327783115,2013333.333333342,9063584.212091234,0.0,11047.089844869985,2013333.333333342,9059999.999999998,0.0,302.0,0.5127714416013186,0.13332057481634285,0.8733605867113101,0.27489789290480227,4.4934423468452405,0.35860173369478726,0.7791114497200067,0.38934847579014625,3.651821835460105,0.024142697914962246,0.024142697914962246,0.0,3.6276791375451425,0.0,0.0,3.6276791375451425,0.0,0.024142697914962246,0.0,4.5012424815497605,801.7923355650272,288.37616467422225,12.841966287020819,798.1405137295671,0.0,0.0,0.0,73608.09503859673,-85562.90349869139,4.583580448525026e-16,0.0,2.1771639585494996e-10,4.440892098500626e-16
intrinsic_limited,once_through,1815.6219443345851,11.921348997011378,19196.39539148838,86407.52331789071,1803.7005953375733,2020000.0000000088,9093592.476682112,0.0,11084.744066310333,2020000.0000000088,9089999.999999998,0.0,303.0,0.5139304472068751,0.13362191627378753,0.874121525491431,0.27477898037237813,4.496486101965724,0.35777145352689704,0.7787617069775828,0.3887159283560631,3.6600759651452033,0.024032009016095295,0.024032009016095295,0.0,3.636043956129107,0.0,0.0,3.636043956129107,0.0,0.024032009016095295,0.0,4.5012369018093645,803.6046085116446,287.6901835559052,12.862863688518596,799.9445325464994,0.0,0.0,0.0,73851.83045263182,-85844.29313416683,9.167160897050052e-16,0.0,2.1771639585494996e-10,8.881784197001252e-16
intrinsic_limited,once_through,1819.6982495510529,11.866806980883485,19194.591195594032,86399.2958036354,1807.831442570169,2026666.6666666756,9123600.704196366,0.0,11122.404249334522,2026666.6666666756,9119999.999999998,0.0,304.0,0.5150842872832125,0.13392191469363526,0.8748745310964312,0.27466052146692993,4.499498124385725,0.35694678334787566,0.7784132984321469,0.38808661969966857,3.6682933073049764,0.023922058856623397,0.023922058856623397,0.0,3.644371248448352,0.0,0.0,3.644371248448352,0.0,0.023922058856623397,0.0,4.501231358522899,805.408804405991,287.0072597614643,12.88372169045505,801.7405110986859,0.0,0.0,0.0,74095.56586666692,-86125.68873122611,9.167160897050052e-16,0.0,2.1771639585494996e-10,8.881784197001252e-16
intrinsic_limited,once_through,1823.7564250058515,11.812628913349213,19192.795024035408,86391.1051237766,1811.943796092502,2033333.3333333423,9153608.894876223,0.0,11160.070382707658,2033333.3333333423,9149999.999999998,0.0,305.0,0.5162329955442229,0.13422057884149796,0.8756197131201302,0.2745425135285071,4.502478852480521,0.35612766919380767,0.7780662162603151,0.3874605253613877,3.6764741020407956,0.02381284237384241,0.02381284237384241,0.0,3.6526612596669525,0.0,0.0,3.6526612596669525,0.0,0.02381284237384241,0.0,4.50122585145039,807.2049759646137,286.32737333664465,12.904540392434708,803.528501862573,0.0,0.0,0.0,74339.30128070201,-86407.09027863434,4.583580448525026e-16,0.0,1.0885819792747498e-10,4.440892098500626e-16
intrinsic_limited,once_through,1827.7965889993982,11.758812282259472,19191.006824452073,86382.95103768876,1816.0377767171387,2040000.000000009,9183617.048962312,0.0,11197.742455223255,2040000.000000009,9179999.999999998,0.0,306.0,0.5173766054760545,0.13451791742377417,0.8763571793384938,0.2744249539182194,4.5054287173539755,0.35531405772367763,0.7777204527006454,0.38683762112397624,3.6846185878321065,0.02370435450356122,0.02370435450356122,0.0,3.6609142333285454,0.0,0.0,3.6609142333285454,0.0,0.02370435450356122,0.0,4.501220380351519,808.9931755479508,285.65050446198575,12.925319893841369,805.3085569601187,0.0,0.0,0.0,74583.03669473711,-86688.49776518503,0.0,0.0,1.0885819792747498e-10,0.0
intrinsic_limited,once_through,1831.818859027469,11.705354575638596,19189.22654483972,86374.83330634946,1820.11350445183,2046666.6666666758,9213625.166693652,0.0,11235.42045570318,2046666.6666666758,9209999.999999998,0.0,307.0,0.5185151503370943,0.13481393908764452,0.8770870357434959,0.2743078400179986,4.508348142973984,0.3545058962120629,0.7773760000529372,0.3862178830094129,3.692727001536294,0.023596590181938333,0.023596590181938333,0.0,3.669130411354355,0.0,0.0,3.669130411354355,0.0,0.023596590181938333,0.0,4.501214944985732,810.7734551603019,284.9766334528329,12.946060293842324,807.0807281587656,0.0,0.0,0.0,74826.77210877219,-86969.91117970004,4.583580448525026e-16,0.0,2.1771639585494996e-10,4.440892098500626e-16
intrinsic_limited,once_through,1835.8233517814067,11.652253282553865,19187.4541335501,86366.75169234042,1824.1710984988526,2053333.3333333426,9243633.24830766,0.0,11273.104372997592,2053333.3333333426,9239999.999999998,0.0,308.0,0.5196486631580258,0.13510865242108672,0.8778093865763156,0.2741911692303666,4.511237546305262,0.35370313254188146,0.7770328506775489,0.385601287275854,3.700799578389102,0.023489544347234683,0.023489544347234683,0.0,3.677310034041867,0.0,0.0,3.677310034041867,0.0,0.023489544347234683,0.0,4.501209545112313,812.5458664499193,284.30574075930195,12.966761691392039,808.8450668715302,0.0,0.0,0.0,75070.50752280728,-87251.33051102955,4.583580448525026e-16,0.0,1.0885819792747498e-10,4.440892098500626e-16
intrinsic_limited,once_through,1839.8101831485956,11.599505893945079,19185.689539290805,86358.7059598484,1828.2106772546501,2060000.0000000093,9273641.294040153,0.0,11310.794195984865,2060000.0000000093,9269999.999999998,0.0,309.0,0.520777176741964,0.13540206595291066,0.8785243343598842,0.27407493897820634,4.514097337439537,0.35290571519719205,0.7766909969947245,0.3849878104146334,3.7088365520055904,0.023383211941486005,0.023383211941486005,0.0,3.685453340064104,0.0,0.0,3.685453340064104,0.0,0.023383211941486005,0.0,4.501204180490489,814.3104607092192,283.6378069662,12.987424185235838,810.6016241572137,0.0,0.0,0.0,75314.24293684238,-87532.75574805192,9.167160897050052e-16,0.0,2.1771639585494996e-10,4.440892098500626e-16
intrinsic_limited,once_through,1843.7794682131828,11.547109903415672,19183.932711124922,86350.69587466534,1832.2323583097668,2066666.666666676,9303649.304125337,0.0,11348.489913571553,2066666.666666676,9299999.999999998,0.0,310.0,0.5219007236646591,0.13569418815281137,0.8792319799307933,0.2739591467045376,4.516927919723173,0.35211359325605246,0.7763504314839341,0.3843774291473197,3.7168381543815907,0.023277587912097584,0.023277587912097584,0.0,3.6935605664694924,0.0,0.0,3.6935605664694924,0.0,0.023277587912097584,0.0,4.5011988508795095,816.0672888751003,282.9728127929044,13.008047873913164,812.3504507207188,0.0,0.0,0.0,75557.97835087746,-87814.18687967368,4.583580448525026e-16,0.0,2.1771639585494996e-10,8.881784197001252e-16
intrinsic_limited,once_through,1847.7313212570434,11.49506280798682,19182.183598470652,86342.72120418782,1836.236258449056,2073333.3333333428,9333657.278795814,0.0,11386.191514692311,2073333.3333333428,9329999.999999998,0.0,311.0,0.5230193362747703,0.13598502743144028,0.879932422470576,0.2738437898722972,4.519729689882304,0.35132671638343405,0.776011146683227,0.3837701204228221,3.7248046158956485,0.02317266721336447,0.02317266721336447,0.0,3.701631948682283,0.0,0.0,3.701631948682283,0.0,0.02317266721336447,0.0,4.501193556038725,817.816401529371,282.3107390932012,13.028632855760646,814.0915969134753,0.0,0.0,0.0,75801.71376491255,-88095.62389482954,9.167160897050052e-16,0.0,2.1771639585494996e-10,1.3322676295501878e-15
intrinsic_limited,once_through,1851.665855760971,11.443362108815961,19180.44215110075,86334.7817174163,1840.2224936521545,2080000.0000000095,9363665.218282584,0.0,11423.89898830985,2080000.0000000095,9359999.999999998,0.0,312.0,0.524133046694202,0.13627459214049253,0.8806257595363738,0.2737288659641228,4.522503038145495,0.35054503482419574,0.7756731351885966,0.383165861414546,3.732736165311426,0.02306844480791992,0.02306844480791992,0.0,3.709667720503505,0.0,0.0,3.709667720503505,0.0,0.02306844480791992,0.0,4.501188295727668,819.5578488992766,281.65156685508566,13.049179228914955,815.8251127339652,0.0,0.0,0.0,76045.44917894762,-88377.06678248214,9.167160897050052e-16,2.3283064365386963e-10,1.0885819792747498e-10,8.881784197001252e-16
intrinsic_limited,once_through,1855.5831844060874,11.392005311881029,19178.708319141904,86326.87718495341,1844.1911790942058,2086666.6666666763,9393673.122815048,0.0,11461.612323414869,2086666.6666666763,9389999.999999998,0.0,313.0,0.5252418868185038,0.13656289057281099,0.8813120870909986,0.2736143724821408,4.525248348363995,0.3497684993961176,0.7753363896533554,0.3825646295175961,3.7406330297805432,0.022964915668114726,0.022964915668114726,0.0,3.7176681141124273,0.0,0.0,3.7176681141124273,0.0,0.022964915668114726,0.0,4.5011830697061175,821.291680858123,280.99527720052606,13.06968709131544,817.5510478283425,0.0,0.0,0.0,76289.18459298274,-88658.51553162228,9.167160897050052e-16,0.0,2.1771639585494996e-10,1.3322676295501878e-15
intrinsic_limited,once_through,1859.4834190754602,11.340989928631783,19176.982053074033,86319.0073790023,1848.1424291468277,2093333.333333343,9423680.992620999,0.0,11499.331509026011,2093333.333333343,9419999.999999998,0.0,314.0,0.5263458883173274,0.13684993096250514,0.8819914995324053,0.27350030694775784,4.527965998129622,0.34899706148299514,0.7750009027875231,0.38196640234602763,3.7484954348458386,0.022862074777330238,0.022862074777330238,0.0,3.7256333600685068,0.0,0.0,3.7256333600685068,0.0,0.022862074777330238,0.0,4.501177877734183,823.017946925993,280.34185138519274,13.090156540706541,819.2694514911472,0.0,0.0,0.0,76532.92000701783,-88939.97013126852,1.375074134557508e-15,2.3283064365386963e-10,2.1771639585494996e-10,1.7763568394002505e-15
intrinsic_limited,once_through,1863.3666708559167,11.290313476609384,19175.26330372948,86311.1720733641,1852.0763573793065,2100000.00000001,9453688.827926638,0.0,11537.056534189795,2100000.00000001,9449999.999999998,0.0,315.0,0.5274450826349409,0.13713572148508466,0.882664089722582,0.2733866669014562,4.530656358890328,0.3482306730277957,0.7746666673572241,0.38137115773014274,3.756323604445025,0.022759917131227325,0.022759917131227325,0.0,3.7335636873137963,0.0,0.0,3.7335636873137963,0.0,0.022759917131227325,0.0,4.50117271957236,824.7366962705486,279.691270798154,13.110587674640009,820.9803726661036,0.0,0.0,0.0,76776.65542105291,-89221.43057046738,1.8334321794100104e-15,0.0,2.1771639585494996e-10,1.7763568394002505e-15
intrinsic_limited,once_through,1867.2330500400467,11.239973480035578,19173.552022292108,86303.37104343517,1855.9930765600102,2106666.6666666763,9483696.628956567,0.0,11574.787387980568,2106666.6666666763,9479999.999999998,0.0,316.0,0.528539500990795,0.13742027025760672,0.8833299490158713,0.2732734499025927,4.533319796063485,0.3474692865258771,0.7743336761840963,0.38077887371383246,3.764117760914729,0.02265843773893412,0.02265843773893412,0.0,3.741459323175793,0.0,0.0,3.741459323175793,0.0,0.02265843773893412,0.0,4.501167594981601,826.447977707918,279.0435169615408,13.13098059047693,822.6838599470033,0.0,0.0,0.0,77020.390835088,-89502.89683829324,1.8334321794100104e-15,0.0,2.1771639585494996e-10,1.7763568394002505e-15
intrinsic_limited,once_through,1871.082666128384,11.189967470372462,19171.848160296366,86295.60406620386,1859.8926986580104,2113333.333333343,9513704.3959338,0.0,11612.524059500454,2113333.333333343,9509999.999999998,0.0,317.0,0.529629174380141,0.13770358533883667,0.8839891672867339,0.27316065352920127,4.535956669146936,0.34671285501826987,0.7740019221447096,0.3801895285519618,3.7718781249948865,0.022557631624174436,0.022557631624174436,0.0,3.7493204933707096,0.0,0.0,3.7493204933707096,0.0,0.022557631624174436,0.0,4.50116250372337,828.1518397036608,278.39857153018113,13.151335385389586,824.3799615786659,0.0,0.0,0.0,77264.12624912307,-89784.3689238482,2.291790224262513e-15,0.0,3.265745937824249e-10,2.6645352591003757e-15
intrinsic_limited,once_through,1874.9156278317575,11.14029298685411,19170.15166962622,86287.87092024682,1863.7753348449025,2120000.0000000093,9543712.129079755,0.0,11650.266537879288,2120000.0000000093,9539999.999999998,0.0,318.0,0.530714133574696,0.13798567472942097,0.8846418329569653,0.2730482753777983,4.538567331827862,0.3459613320850229,0.7736713981699951,0.37960310070779824,3.7796049158334832,0.02245749382633946,0.02245749382633946,0.0,3.757147422007142,0.0,0.0,3.757147422007142,0.0,0.02245749382633946,0.0,4.501157445559702,829.8483303738088,277.75641629120645,13.171652156363127,826.0687254579753,0.0,0.0,0.0,77507.86166315815,-90065.84681626211,1.8334321794100104e-15,0.0,2.1771639585494996e-10,1.7763568394002505e-15
intrinsic_limited,once_through,1878.732043073805,11.09094757699109,19168.462502514052,86280.17138572513,1867.6410954968128,2126666.666666676,9573719.828614276,0.0,11688.014812274574,2126666.666666676,9569999.999999998,0.0,319.0,0.5317944091233545,0.13826654637207217,0.8852880330223731,0.27293631306319205,4.5411521320894925,0.3452146718386143,0.7733420972446825,0.3790195688504812,3.787298350991622,0.022358019401504794,0.022358019401504794,0.0,3.7649403315901147,0.0,0.0,3.7649403315901147,0.0,0.022358019401504794,0.0,4.501152420253267,831.5374974859784,277.11703316363,13.191931000197094,827.7501991349868,0.0,0.0,0.0,77751.59707719326,-90347.33050469251,2.291790224262513e-15,0.0,2.1771639585494996e-10,2.220446049250313e-15
intrinsic_limited,once_through,1882.5320189936383,11.041928797048923,19166.780611539478,86272.50524437979,1871.4900901965884,2133333.3333333423,9603727.494755622,0.0,11725.768871871427,2133333.3333333423,9599999.999999998,0.0,320.0,0.5328700313529432,0.13854620815176524,0.8859278530789321,0.2728247642182948,4.543711412315728,0.3444728289174266,0.7730140124067495,0.3784389118525336,3.794958646448895,0.02225920342339498,0.02225920342339498,0.0,3.7726994430254983,0.0,0.0,3.7726994430254983,0.0,0.02225920342339498,0.0,4.501147427567408,833.2193884605505,276.4804041979008,13.212172013506772,829.4244298141016,0.0,0.0,0.0,77995.33249122833,-90628.81997832443,1.8334321794100104e-15,0.0,2.1771639585494996e-10,1.7763568394002505e-15
intrinsic_limited,once_through,1886.3156619486563,10.993234212501468,19165.105949628116,86264.87227952715,1875.322427736154,2140000.000000009,9633735.127720475,0.0,11763.52870588252,2140000.000000009,9629999.999999998,0.0,321.0,0.5339410303690165,0.1388246678959443,0.8865613773484193,0.2727136264939383,4.546245509393677,0.34373575847928767,0.7726871367468775,0.3778611087874133,3.802586016609057,0.02216104098429746,0.02216104098429746,0.0,3.780424975624758,0.0,0.0,3.780424975624758,0.0,0.02216104098429746,0.0,4.501142467266196,834.8940503719152,275.8465115754318,13.232375292724361,831.0914643553061,0.0,0.0,0.0,78239.06790526341,-90910.3152263706,1.8334321794100104e-15,0.0,2.1771639585494996e-10,1.7763568394002505e-15
intrinsic_limited,once_through,1890.0830775174936,10.944861398460265,19163.438470050252,86257.27227605387,1879.1382161190324,2146666.6666666754,9663742.727723949,0.0,11801.294303548033,2146666.6666666754,9659999.999999998,0.0,322.0,0.535007436056692,0.13910193337473992,0.8871886887035466,0.2726028975586919,4.548754754814187,0.343003416195077,0.7723614634079173,0.37728613892710133,3.8101806743059647,0.02206352719592808,0.02206352719592808,0.0,3.788117147110035,0.0,0.0,3.788117147110035,0.0,0.02206352719592808,0.0,4.501137539114486,836.5615299497773,275.21533760810667,13.252540934100132,832.7513492754714,0.0,0.0,0.0,78482.80331929849,-91191.81623807119,1.8334321794100104e-15,0.0,2.1771639585494996e-10,1.7763568394002505e-15
intrinsic_limited,once_through,1893.8343705031018,10.89680794008069,19161.77812641951,86249.7050204115,1882.9375625630203,2153333.333333342,9693750.29497959,0.0,11839.0656541356,2153333.333333342,9689999.999999998,0.0,323.0,0.5360692780815217,0.13937801230119565,0.8878098686925956,0.2724925750986841,4.551239474770382,0.34227575824239886,0.772036985584365,0.3767139817397315,3.8177428308097925,0.021966657190249858,0.021966657190249858,0.0,3.795776173619541,0.0,0.0,3.795776173619541,0.0,0.021966657190249858,0.0,4.5011326428779475,838.2218735805197,274.58686473776277,13.272669033703288,834.4041307497099,0.0,0.0,0.0,78726.53873333358,-91473.32300269385,1.8334321794100104e-15,0.0,2.1771639585494996e-10,1.7763568394002505e-15
intrinsic_limited,once_through,1897.5696449359525,10.8490714329459,19160.12487269141,86242.17030061089,1886.720573503006,2160000.0000000084,9723757.829699393,0.0,11876.84274694026,2160000.0000000084,9719999.999999998,0.0,324.0,0.5371265858903999,0.13965291233150395,0.8884249975635674,0.2723826568174268,4.55369999025427,0.3415527412993201,0.7717136965218435,0.37614461688725553,3.8252726958334877,0.021870426120246977,0.021870426120246977,0.0,3.8034022697132395,0.0,0.0,3.8034022697132395,0.0,0.021870426120246977,0.0,4.501127778323112,839.8751273086216,273.96107553565514,13.292759687422791,836.0498546127881,0.0,0.0,0.0,78970.27414736866,-91754.83550953359,9.167160897050052e-16,0.0,3.265745937824249e-10,1.3322676295501878e-15
intrinsic_limited,once_through,1901.28900407736,10.801649483429426,19158.478663161903,86234.66790621642,1890.4873545939301,2166666.666666675,9753765.332093788,0.0,11914.6255712844,2166666.666666675,9749999.999999998,0.0,325.0,0.5381793887125023,0.1399266410652506,0.8890341542878563,0.2722731404356421,4.5561366171514255,0.3408343225381761,0.7713915895165945,0.3755780242231444,3.832770477539468,0.02177482916065571,0.02177482916065571,0.0,3.8109956483788117,0.0,0.0,3.8109956483788117,0.0,0.02177482916065571,0.0,4.50112294521742,841.5213368381281,273.33795270189944,13.312812990968077,837.6885663605887,0.0,0.0,0.0,79214.00956140374,-92036.35374791281,9.167160897050052e-16,0.0,4.354327917098999e-10,4.440892098500626e-16
intrinsic_limited,once_through,1904.9925504229109,10.754539709037196,19156.83945246586,86227.19762833972,1894.238010713873,2173333.3333333414,9783772.802371664,0.0,11952.414116517708,2173333.3333333414,9779999.999999998,0.0,326.0,0.539227715560258,0.14019920604566707,0.8896374165834556,0.2721640236910923,4.558549666333823,0.3401204596194418,0.7710706579149775,0.37501418379012774,3.840236382546537,0.021679861508653902,0.021679861508653902,0.0,3.8185565210378822,0.0,0.0,3.8185565210378822,0.0,0.021679861508653902,0.0,4.501118143329253,843.1605475341698,272.7174790648976,13.332829039869571,839.3203111516233,0.0,0.0,0.0,79457.74497543882,-92317.87770718121,1.375074134557508e-15,0.0,3.265745937824249e-10,8.881784197001252e-16
intrinsic_limited,once_through,1908.6803857060013,10.707739738729856,19155.207195575505,86219.75925963334,1897.9726459672709,2180000.000000008,9813780.240740372,0.0,11990.20837201712,2180000.000000008,9809999.999999998,0.0,327.0,0.5402715952303501,0.14047061475989103,0.890234860937708,0.2720553043384119,4.560939443750832,0.3394111106856701,0.7707508951129762,0.37445307581796444,3.8476706159370138,0.02158551838451074,0.02158551838451074,0.0,3.8260850975525016,0.0,0.0,3.8260850975525016,0.0,0.02158551838451074,0.0,4.501113372427968,844.7928044245267,272.099637580745,13.352807929479223,840.9451338085897,0.0,0.0,0.0,79701.48038947392,-92599.40737671571,1.375074134557508e-15,0.0,4.354327917098999e-10,1.3322676295501878e-15
intrinsic_limited,once_through,1912.3526109014704,10.66124721322616,19153.581847798796,86212.35259428406,1901.6913636882437,2186666.6666666744,9843787.647405721,0.0,12028.00832718677,2186666.6666666744,9839999.999999998,0.0,328.0,0.5413110563047443,0.14074087463923352,0.8908265626296056,0.2719469801489428,4.563306250518423,0.33870623435549635,0.7704322945557142,0.37389468072125104,3.855073381264056,0.02149179503219835,0.02149179503219835,0.0,3.8335815862318565,0.0,0.0,3.8335815862318565,0.0,0.02149179503219835,0.0,4.501108632283936,846.4181522012375,271.48441133262213,13.372749754970812,842.5630788199734,0.0,0.0,0.0,79945.215803509,-92880.94274592045,9.167160897050052e-16,0.0,4.354327917098999e-10,8.881784197001252e-16
intrinsic_limited,once_through,1916.0093262293271,10.615059785288171,19151.963364777785,86204.97742800611,1905.3942664440385,2193333.333333341,9873795.022572,0.0,12065.81397145794,2193333.333333341,9869999.999999998,0.0,329.0,0.542346127151744,0.14100999305945344,0.891412595751652,0.2718390489105714,4.5656503830066075,0.3380057897177095,0.7701148497369749,0.37333897909726016,3.862444880559176,0.021398686719966715,0.021398686719966715,0.0,3.841046193839208,0.0,0.0,3.841046193839208,0.0,0.021398686719966715,0.0,4.501103922668574,848.0366352222487,270.87178353016964,13.392654611340298,844.1741903416895,0.0,0.0,0.0,80188.95121754406,-93162.48380422668,9.167160897050052e-16,0.0,4.354327917098999e-10,8.881784197001252e-16
intrinsic_limited,once_through,1919.6506311585647,10.56917511998892,19150.35170248693,86197.63355803394,1909.081456038575,2200000.0000000075,9903802.36644197,0.0,12103.625294289004,2200000.0000000075,9899999.999999998,0.0,330.0,0.5433768359270698,0.14127797734103814,0.8919930332312939,0.27173150842756916,4.567972132925176,0.3373097363253897,0.7697985541987329,0.37278595172381673,3.8697853143399272,0.02130618874088326,0.02130618874088326,0.0,3.848479125599042,0.0,0.0,3.848479125599042,0.0,0.02130618874088326,0.0,4.501099243354368,849.6482975131029,270.2617375088498,13.412522593405866,845.778512198763,0.0,0.0,0.0,80432.68663157914,-93444.03054109281,1.8334321794100104e-15,0.0,3.265745937824249e-10,1.7763568394002505e-15
intrinsic_limited,once_through,1923.2766244110546,10.523590894963446,19148.746817231367,86190.32078311518,1912.7530335160907,2206666.666666674,9933809.67921689,0.0,12141.442285165384,2206666.666666674,9929999.999999998,0.0,331.0,0.5444032105749617,0.14154483474949003,0.8925679468519302,0.271624356520434,4.570271787407721,0.33661803419011227,0.7694834015306883,0.3722355795572,3.8770948816177566,0.02121429641333891,0.02121429641333891,0.0,3.8558805852044165,0.0,0.0,3.8558805852044165,0.0,0.02121429641333891,0.0,4.501094594114909,851.2531827686626,269.65425672929393,13.432353795808146,847.3760878870448,0.0,0.0,0.0,80676.42204561426,-93725.58294600432,9.167160897050052e-16,0.0,4.354327917098999e-10,1.3322676295501878e-15
intrinsic_limited,once_through,1926.8874039655213,10.478304800643595,19147.14866564516,86183.03890350308,1916.409099164877,2213333.3333333405,9963816.961096503,0.0,12179.26493359949,2213333.3333333405,9959999.999999998,0.0,332.0,0.5454252788293045,0.14181057249561918,0.893137407273509,0.27151759102573547,4.572549629094036,0.3359306437762174,0.7691693853698103,0.3716878437300819,3.884373779906015,0.021123005081521408,0.021123005081521408,0.0,3.863250774824492,0.0,0.0,3.863250774824492,0.0,0.021123005081521408,0.0,4.501089974724922,852.8513343548686,269.04932477663635,13.452148313010145,848.9669605749626,0.0,0.0,0.0,80920.15745964933,-94007.1410084735,1.375074134557508e-15,0.0,4.354327917098999e-10,1.7763568394002505e-15
intrinsic_limited,once_through,1930.4830670615843,10.433314540477424,19145.557204689496,86175.7877209489,1920.0497525211063,2220000.000000007,9993824.212279055,0.0,12217.093229130682,2220000.000000007,9989999.999999998,0.0,333.0,0.5464430682147716,0.14207519773584062,0.8937014840527185,0.27141120979596145,4.574805936210874,0.3352475259951463,0.7688564993998867,0.3711427255494928,3.8916222052281064,0.021032310115857628,0.021032310115857628,0.0,3.8705898951122473,0.0,0.0,3.8705898951122473,0.0,0.021032310115857628,0.0,4.50108538496028,854.4427953105305,268.44692535983745,13.471906239297253,850.5511731053024,0.0,0.0,0.0,81163.89287368442,-94288.70471803978,1.375074134557508e-15,0.0,3.265745937824249e-10,1.3322676295501878e-15
intrinsic_limited,once_through,1934.0637102038704,10.388617831133796,19143.972391650885,86168.56703869413,1923.6750923727361,2226666.6666666735,10023831.432961311,0.0,12254.927161325206,2226666.6666666735,10019999.999999998,0.0,334.0,0.5474566060479893,0.1423387175724772,0.8942602456627826,0.2713052106993672,4.5770409826511305,0.3345686421998429,0.76854473735108,0.3706002064948209,3.898840352125778,0.020942206913425996,0.020942206913425996,0.0,3.877898145212351,0.0,0.0,3.877898145212351,0.0,0.020942206913425996,0.0,4.501080824598043,856.0276083491455,267.84704231099454,13.491627668777014,852.1287679970196,0.0,0.0,0.0,81407.62828771948,-94570.27406426935,9.167160897050052e-16,0.0,4.354327917098999e-10,8.881784197001252e-16
intrinsic_limited,once_through,1937.6294291661877,10.34421240269271,19142.394184139284,86161.37666146255,1927.2852167634944,2233333.33333334,10053838.623338545,0.0,12292.766719776153,2233333.33333334,10049999.999999998,0.0,335.0,0.5484659194387179,0.14260113905406666,0.8948137595128669,0.27119959161982654,4.579255038051468,0.33389395417922085,0.7682340929994899,0.3700602682158377,3.906028413667534,0.02085269089834018,0.02085269089834018,0.0,3.8851757227691928,0.0,0.0,3.8851757227691928,0.0,0.02085269089834018,0.0,4.501076293416465,857.6058158607459,267.2496595846427,13.511312695378985,853.6997874470784,0.0,0.0,0.0,81651.36370175458,-94851.8490367554,1.375074134557508e-15,0.0,5.442909896373749e-10,1.3322676295501878e-15
intrinsic_limited,once_through,1941.1803189957575,10.300095998822005,19140.822540086258,86154.21639545215,1930.880222996935,2240000.0000000065,10083845.783604555,0.0,12330.6118941034,2240000.0000000065,10079999.999999998,0.0,336.0,0.5494710352910502,0.14286246917567308,0.8953620919671043,0.2710943504566852,4.581448367868417,0.33322342415269585,0.7679245601667212,0.36952289253075343,3.9131865814571674,0.020763757522105304,0.020763757522105304,0.0,3.892422823935061,0.0,0.0,3.892422823935061,0.0,0.020763757522105304,0.0,4.501071791195025,859.1774599137733,266.6547612570457,13.530961412854486,855.2642733323162,0.0,0.0,0.0,81895.09911578965,-95133.42962511771,1.375074134557508e-15,0.0,5.442909896373749e-10,1.3322676295501878e-15
intrinsic_limited,once_through,1944.7164740175006,10.256266376940976,19139.257417743058,86147.08604832705,1934.4602076405592,2246666.666666673,10113852.91395168,0.0,12368.462673953569,2246666.666666673,10109999.999999998,0.0,337.0,0.5504719803046243,0.14312271487920233,0.8959053083632478,0.2709894851246161,4.583621233452991,0.3325570147647827,0.7676161327194593,0.3689880614243024,3.9203150456423987,0.020675402263947772,0.020675402263947772,0.0,3.89963964337845,0.0,0.0,3.89963964337845,0.0,0.020675402263947772,0.0,4.501067317714446,860.7425822569744,266.062331525478,13.550573914776226,856.822267211332,0.0,0.0,0.0,82138.83452982476,-95415.015819003,4.583580448525026e-16,0.0,5.442909896373749e-10,8.881784197001252e-16
intrinsic_limited,once_through,1948.237987838375,10.212721308371421,19137.69877567871,86139.98542920891,1938.0252665300031,2253333.3333333395,10143860.014570799,0.0,12406.319048999962,2253333.3333333395,10139999.999999998,0.0,338.0,0.5514687809758513,0.14338188305372135,0.8964434730309581,0.27088499355347695,4.585773892123832,0.3318946890797574,0.7673088045690499,0.3684557570458538,3.927413994923623,0.02058762063111978,0.02058762063111978,0.0,3.9068263742925025,0.0,0.0,3.9068263742925025,0.0,0.02058762063111978,0.0,4.501062872756706,862.3012243213218,265.4723547074978,13.57015029453796,858.3738103263981,0.0,0.0,0.0,82382.56994385984,-95696.60760808448,9.167160897050052e-16,0.0,5.442909896373749e-10,8.881784197001252e-16
intrinsic_limited,once_through,1951.7449533517577,10.169458578476632,19136.146572778078,86132.91434866865,1941.5754947732805,2260000.000000006,10173867.08565134,0.0,12444.181008942522,2260000.000000006,10169999.999999998,0.0,339.0,0.5524614635991562,0.14363998053578061,0.8969766493097328,0.2707808736881692,4.587906597238931,0.3312364105763823,0.767002569671086,0.36792596170755126,3.934483616562741,0.020500408159179473,0.020500408159179473,0.0,3.9139832084035606,0.0,0.0,3.9139832084035606,0.0,0.020500408159179473,0.0,4.501058456105061,863.853427221953,264.88481524021324,13.589690645354045,859.9189436053903,0.0,0.0,0.0,82626.30535789492,-95978.20498206212,9.167160897050052e-16,0.0,6.531491875648498e-10,8.881784197001252e-16
intrinsic_limited,once_through,1955.2374627418708,10.126475986788932,19134.600768239903,86125.87261871791,1945.1109867550813,2266666.6666666726,10203874.127381291,0.0,12482.048543507779,2266666.6666666726,10199999.999999998,0.0,340.0,0.55345005426823,0.14389701410973982,0.897504899566485,0.2706771234884997,4.59001959826594,0.3305821431426967,0.7666974220249991,0.3673986578824786,3.941524096392082,0.020413760412248072,0.020413760412248072,0.0,3.921110335979833,0.0,0.0,3.921110335979833,0.0,0.020413760412248072,0.0,4.50105406754406,865.3992317601294,264.29969767954066,13.609195060258962,861.4577076637373,0.0,0.0,0.0,82870.04077192998,-96259.80793066244,9.167160897050052e-16,0.0,6.531491875648498e-10,8.881784197001252e-16
intrinsic_limited,once_through,1958.715607488247,10.083771347126037,19133.06132157482,86118.86005280024,1948.6318361411206,2273333.333333339,10233881.139947208,0.0,12519.921642448791,2273333.333333339,10229999.999999998,0.0,341.0,0.5544345788772947,0.14415299050809663,0.8980282852127799,0.2705737409290434,4.5921131408511195,0.3299318510708687,0.7663933556736571,0.36687382820285097,3.9485356188234073,0.020327672983244435,0.020327672983244435,0.0,3.9282079458401618,0.0,0.0,3.9282079458401618,0.0,0.020327672983244435,0.0,4.501049706859556,866.9386784252131,263.71698669945647,13.62866363210682,862.9901428063897,0.0,0.0,0.0,83113.77618596506,-96541.41644363853,9.167160897050052e-16,0.0,5.442909896373749e-10,1.3322676295501878e-15
intrinsic_limited,once_through,1962.17947837023,10.041342487696895,19131.528192603375,86111.87646578245,1952.1381358825327,2280000.0000000056,10263888.123534227,0.0,12557.800295545101,2280000.0000000056,10259999.999999998,0.0,342.0,0.5554150631223763,0.14440791641181785,0.8985468667217326,0.2704707239990085,4.594187466886931,0.3292854990521121,0.7660903647029662,0.36635145545823333,3.955518366856979,0.020242141494098413,0.020242141494098413,0.0,3.9352762253628795,0.0,0.0,3.9352762253628795,0.0,0.020242141494098413,0.0,4.501045373838719,868.4718073966582,263.13666709124345,13.648096453570759,864.5162890298012,0.0,0.0,0.0,83357.51160000016,-96823.03051076992,9.167160897050052e-16,0.0,6.531491875648498e-10,1.3322676295501878e-15
intrinsic_limited,once_through,1965.6291654715083,9.999187251197357,19130.001341454015,86104.9216739459,1955.6299782203102,2286666.666666672,10293895.078326063,0.0,12595.68449260268,2286666.666666672,10289999.999999998,0.0,343.0,0.5563915325025883,0.14466179845067298,0.8990607036445781,0.2703680707021031,4.5962428145783125,0.32864305217166423,0.7657884432414798,0.3658315225937819,3.9624725220907036,0.020157161595943728,0.020157161595943728,0.0,3.9423153604947587,0.0,0.0,3.9423153604947587,0.0,0.020157161595943728,0.0,4.5010410682700615,869.9986585460181,262.55872376273084,13.667493617142402,866.0361860239274,0.0,0.0,0.0,83601.24701403524,-97104.65012186259,1.375074134557508e-15,0.0,6.531491875648498e-10,8.881784197001252e-16
intrinsic_limited,once_through,1969.0647581846763,9.957303494896125,19128.48072856107,86097.99549497722,1959.1074546897796,2293333.3333333386,10323902.00450503,0.0,12633.574223453883,2293333.3333333386,10319999.999999998,0.0,344.0,0.5573640123214232,0.14491464320357003,0.8995698546269185,0.2702657790564036,4.5982794185076745,0.32800447590382714,0.7654875854600106,0.3653140127085124,3.969398264729325,0.0200727289692912,0.0200727289692912,0.0,3.9493255357600328,0.0,0.0,3.9493255357600328,0.0,0.0200727289692912,0.0,4.501036789943427,871.5192714389641,261.9831417375302,13.686855215131178,867.5498731742348,0.0,0.0,0.0,83844.98242807033,-97386.27526674888,9.167160897050052e-16,0.0,5.442909896373749e-10,1.3322676295501878e-15
intrinsic_limited,once_through,1972.486345215827,9.915689090711377,19126.966314662714,86091.09774795975,1962.570656125115,2300000.000000005,10353908.90225205,0.0,12671.469477957384,2300000.000000005,10349999.999999998,0.0,345.0,0.5583325276880521,0.14516645719889354,0.9000743774246531,0.27016384709422475,4.6002975096986125,0.3273697361070689,0.7651877855712493,0.36479890905359147,3.976295773593681,0.019988839324183248,0.019988839324183248,0.0,3.9563069342694965,0.0,0.0,3.9563069342694965,0.0,0.019988839324183248,0.0,4.501032538650021,873.0336853373178,261.4099061542664,13.70618133966367,869.0573895637241,0.0,0.0,0.0,84088.7178421054,-97667.90593528745,1.375074134557508e-15,0.0,6.531491875648498e-10,1.3322676295501878e-15
intrinsic_limited,once_through,1975.8940145891627,9.874341925278467,19125.45806079894,86084.22825336416,1966.0196726638833,2306666.6666666716,10383915.771746647,0.0,12709.37024599813,2306666.6666666716,10379999.999999998,0.0,346.0,0.5592971035186297,0.14541724691484373,0.9005743289195995,0.2700622728619918,4.602297315678398,0.32673879901918756,0.7648890378293877,0.36428619503065174,3.983165226130001,0.019905488400330355,0.019905488400330355,0.0,3.9632597377296688,0.0,0.0,3.9632597377296688,0.0,0.019905488400330355,0.0,4.501028314182405,874.5419392010924,260.8390022658046,13.72547208268293,870.5587739749624,0.0,0.0,0.0,84332.4532561405,-97949.54211736331,1.8334321794100104e-15,0.0,7.620073854923248e-10,1.7763568394002505e-15
intrinsic_limited,once_through,1979.2878536516293,9.833259900009148,19123.95592830949,86077.38683303948,1969.4545937516193,2313333.333333338,10413922.613166971,0.0,12747.276517487295,2313333.333333338,10409999.999999998,0.0,347.0,0.5602577645376068,0.14566701877977778,0.9010697651348112,0.2699610544201134,4.604279060539245,0.32611163125253445,0.7645913365297454,0.3637758541901292,3.9900067984192464,0.019822671967230438,0.019822671967230438,0.0,3.970184126452014,0.0,0.0,3.970184126452014,0.0,0.019822671967230438,0.0,4.501024116334517,876.0440716905433,260.27041543847423,13.744727535947797,872.0540648921241,0.0,0.0,0.0,84576.18867017557,-98231.18380288754,1.8334321794100104e-15,0.0,7.620073854923248e-10,2.220446049250313e-15
intrinsic_limited,once_through,1982.6679490775707,9.792440931142552,19122.459878831804,86070.57331020392,1972.8755081464271,2320000.0000000047,10443929.426689807,0.0,12785.188282362216,2320000.0000000047,10439999.999999998,0.0,348.0,0.561214535279047,0.14591577917255222,0.9015607412495983,0.2698601898428572,4.606242964998393,0.3254881997892981,0.7642946760084036,0.36326787022962687,3.996820665186493,0.019740385824271647,0.019740385824271647,0.0,3.977080279362219,0.0,0.0,3.977080279362219,0.0,0.019740385824271647,0.0,4.50101994490167,877.5401211682286,259.7041311512892,13.763947791032077,873.543300503042,0.0,0.0,0.0,84819.92408421065,-98512.83098179754,1.8334321794100104e-15,0.0,7.620073854923248e-10,2.220446049250313e-15
intrinsic_limited,once_through,1986.0343868733949,9.751882949788415,19120.969874298957,86063.78750943569,1976.2825039236056,2326666.666666671,10473936.212490575,0.0,12823.105530586347,2326666.666666671,10469999.999999998,0.0,349.0,0.5621674400879476,0.1461635344228664,0.9020473116142566,0.2697596772182258,4.608189246457027,0.32486847197684815,0.7639990506418406,0.3627622269922966,4.003606999810339,0.01965862580081947,0.01965862580081947,0.0,3.983948374009518,0.0,0.0,3.983948374009518,0.0,0.01965862580081947,0.0,4.501015799680563,879.030125701074,259.14013499516574,13.783132939323854,875.0265187012636,0.0,0.0,0.0,85063.65949824573,-98794.48364405675,1.375074134557508e-15,0.0,7.620073854923248e-10,1.7763568394002505e-15
intrinsic_limited,once_through,1989.3872523822574,9.71158390196283,19119.485876937586,86057.02925666358,1979.6756684802938,2333333.3333333377,10503942.970743347,0.0,12861.028252149203,2333333.3333333377,10499999.999999998,0.0,350.0,0.563116503121566,0.14641029081160717,0.9025295297645124,0.26965951464783544,4.61011811905805,0.3242524155231372,0.7637044548465749,0.3622589084652461,4.010365974332345,0.01957738775628883,0.01957738775628883,0.0,3.990788586576054,0.0,0.0,3.990788586576054,0.0,0.01957738775628883,0.0,4.501011680469284,880.5141230624461,258.5784126721384,13.802283072024668,876.5037570881137,0.0,0.0,0.0,85307.39491228083,-99076.1417796547,1.8334321794100104e-15,0.0,7.620073854923248e-10,1.7763568394002505e-15
intrinsic_limited,once_through,1992.7266302887542,9.671541748616834,19118.007849265803,86050.29837915795,1983.0550885401367,2340000.000000004,10533949.70162085,0.0,12898.956437066308,2340000.000000004,10529999.999999998,0.0,351.0,0.564061748350747,0.1466560545711942,0.9030074484356877,0.2695597002467953,4.612029793742751,0.32363999849216263,0.7634108830788098,0.3617578987779664,4.017097759466494,0.0194966675802017,0.0194966675802017,0.0,3.9976010918862905,0.0,0.0,3.9976010918862905,0.0,0.0194966675802017,0.0,4.50100758706732,881.9921507342289,258.0189499945735,13.821398280148722,877.9750529747623,0.0,0.0,0.0,85551.1303263159,-99357.80537860689,1.375074134557508e-15,0.0,6.531491875648498e-10,1.7763568394002505e-15
intrinsic_limited,once_through,1996.0526046236234,9.631754465658197,19116.53575409113,86043.5947055212,1986.4208501579644,2346666.6666666707,10563956.405294487,0.0,12936.890075379142,2346666.6666666707,10559999.999999998,0.0,352.0,0.5650031995612546,0.1469008318859262,0.9034811195765922,0.26946023214358844,4.613924478306369,0.3230311892994845,0.7631183298340837,0.3612591822007787,4.023802524608669,0.019416461192231046,0.019416461192231046,0.0,4.004386063416437,0.0,0.0,4.004386063416437,0.0,0.019416461192231046,0.0,4.501003519275558,883.4642459089058,257.4617328843812,13.840478654522135,879.4404433842972,0.0,0.0,0.0,85794.86574035099,-99639.4744309548,1.8334321794100104e-15,0.0,6.531491875648498e-10,1.7763568394002505e-15
intrinsic_limited,once_through,1999.3652587684544,9.592220043966641,19115.06955450839,86036.91806567842,1989.7730387244867,2353333.333333337,10593963.08193433,0.0,12974.829157155082,2353333.333333337,10589999.999999998,0.0,353.0,0.5659408803551044,0.14714462889232713,0.9039505943631462,0.2693611084799547,4.615802377452585,0.32242595670780294,0.7628267896469256,0.36076274314330803,4.030480437846151,0.01933676454223147,0.01933676454223147,0.0,4.011143673303918,0.0,0.0,4.011143673303918,0.0,0.01933676454223147,0.0,4.500999476896287,884.9304454916427,256.90674737222696,13.85952428578197,880.8999650537966,0.0,0.0,0.0,86038.60115438608,-99921.14892676583,2.291790224262513e-15,0.0,5.442909896373749e-10,1.7763568394002505e-15
intrinsic_limited,once_through,2002.6646754604021,9.55293648940293,19113.609213897656,86030.26829086817,1993.1117389709982,2360000.0000000037,10623969.731709141,0.0,13012.773672487356,2360000.0000000037,10619999.999999998,0.0,354.0,0.5668748141518981,0.14738745167949352,0.9044159232117438,0.26926232741077416,4.617663692846975,0.3218242698225911,0.7625362570905123,0.36026856615296826,4.037131665967115,0.019257573610257577,0.019257573610257577,0.0,4.017874092356855,0.0,0.0,4.017874092356855,0.0,0.019257573610257577,0.0,4.5009954597332085,886.3907861023755,256.3539795967415,13.87853526437559,882.3536544364084,0.0,0.0,0.0,86282.33656842115,-100202.82885613317,1.8334321794100104e-15,0.0,6.531491875648498e-10,1.7763568394002505e-15
intrinsic_limited,once_through,2005.950936796904,9.513901822811903,19112.154695922134,86023.6452136329,1996.4370349740911,2366666.6666666702,10653976.354786377,0.0,13050.723611494981,2366666.6666666702,10649999.999999998,0.0,355.0,0.5678050241901592,0.1476293062894414,0.9048771557923565,0.2691638871039528,4.619508623169426,0.3212260980877842,0.7622467267763318,0.3597766359134772,4.043756374470142,0.019178884406570056,0.019178884406570056,0.0,4.024577490063571,0.0,0.0,4.024577490063571,0.0,0.019178884406570056,0.0,4.500991467591424,887.8453040778973,255.80341580373062,13.897511680559633,883.8015477034271,0.0,0.0,0.0,86526.07198245624,-100484.51420917589,1.8334321794100104e-15,0.0,7.620073854923248e-10,8.881784197001252e-16
intrinsic_limited,once_through,2009.2241242403982,9.475114080019896,19110.705964526085,86017.04866780971,1999.7490101603773,2373333.3333333367,10683982.9513322,0.0,13088.678964322713,2373333.3333333367,10679999.999999998,0.0,356.0,0.5687315335286677,0.1478701987174536,0.9053343410413861,0.2690657857403087,4.621337364165544,0.3206314112815253,0.7619581933538492,0.35928693724338295,4.050354727573733,0.019100692971630508,0.019100692971630508,0.0,4.031254034602101,0.0,0.0,4.031254034602101,0.0,0.019100692971630508,0.0,4.500987500277454,889.294035473947,255.25504234538485,13.9164536243993,885.2436807463732,0.0,0.0,0.0,86769.80739649132,-100766.2049760387,1.8334321794100104e-15,0.0,6.531491875648498e-10,1.7763568394002505e-15
intrinsic_limited,once_through,2012.4843186230407,9.43657131182673,19109.262983932735,86010.47848852086,2003.0477473112132,2380000.0000000033,10713989.52151149,0.0,13126.639721140993,2380000.0000000033,10709999.999999998,0.0,357.0,0.5696543650477959,0.14811013491242694,0.9057875271742718,0.26896802151346055,4.623150108697088,0.3200401795119656,0.7616706515101781,0.35879945509461564,4.056926888225815,0.019022995376085268,0.019022995376085268,0.0,4.037903892849728,0.0,0.0,4.037903892849728,0.0,0.019022995376085268,0.0,4.500983557599231,890.7370160672971,254.7088456794888,13.9353611857674,886.6800891790713,0.0,0.0,0.0,87013.54281052641,-101047.90114689208,1.375074134557508e-15,0.0,7.620073854923248e-10,1.7763568394002505e-15
intrinsic_limited,once_through,2015.7316001514223,9.398271583992578,19107.82571864219,86003.93451216434,2006.3333285674291,2386666.66666667,10743996.065487847,0.0,13164.605872145887,2386666.66666667,10739999.999999998,0.0,358.0,0.5705735414508435,0.14834912077721932,0.9062367616978544,0.26887059262971624,4.6249470467914175,0.319452373213119,0.7613840959697536,0.35831417455105447,4.063473018113249,0.018945787720738957,0.018945787720738957,0.0,4.044527230392509,0.0,0.0,4.044527230392509,0.0,0.018945787720738957,0.0,4.500979639366096,892.1742813578411,254.16481236863143,13.954234454343569,888.1108083397279,0.0,0.0,0.0,87257.27822456148,-101329.60271193204,1.375074134557508e-15,0.0,7.620073854923248e-10,8.881784197001252e-16
intrinsic_limited,once_through,2018.9660484112783,9.360212977219835,19106.394133429352,85997.4165764045,2009.605835434058,2393333.3333333363,10774002.583423605,0.0,13202.577407559036,2393333.3333333363,10769999.999999998,0.0,359.0,0.5714890852653707,0.1485871621689964,0.9066820914225051,0.26877349730796385,4.62672836569002,0.3188679631407714,0.7610985214940114,0.35783108082711573,4.069993277671327,0.01886906613651792,0.01886906613651792,0.0,4.051124211534809,0.0,0.0,4.051124211534809,0.0,0.01886906613651792,0.0,4.500975745388807,893.6058665706787,253.62292907941648,13.973073519613363,889.5358732930074,0.0,0.0,0.0,87501.01363859657,-101611.30966138028,9.167160897050052e-16,0.0,6.531491875648498e-10,0.0
intrinsic_limited,once_through,2022.1877423721958,9.32239358713033,19104.968193341832,85990.92452016256,2012.865348785065,2400000.000000003,10804009.075479848,0.0,13240.554317627597,2400000.000000003,10799999.999999998,0.0,360.0,0.5724010188445303,0.1488242648995779,0.9071235624740221,0.2686767337795634,4.628494249896089,0.31828692036844325,0.7608139228810689,0.35735015926636005,4.0764878260932615,0.018792826784424288,0.018792826784424288,0.0,4.057694999308836,0.0,0.0,4.057694999308836,0.0,0.018792826784424288,0.0,4.5009718754795305,895.0318066581985,253.08318258167412,13.991878470867345,890.9553188321053,0.0,0.0,0.0,87744.74905263165,-101893.02198548392,9.167160897050052e-16,0.0,7.620073854923248e-10,8.881784197001252e-16
intrinsic_limited,once_through,2025.3967603923131,9.284811524238126,19103.547863697873,85984.45818360732,2016.1119488680747,2406666.6666666693,10834015.541816402,0.0,13278.536592624185,2406666.6666666693,10829999.999999998,0.0,361.0,0.573309364368399,0.14906043473578373,0.9075612203053007,0.26858030028823954,4.630244881221203,0.3177092162834041,0.7605302949654105,0.3568713953401129,4.082956821339656,0.018717065855481153,0.018717065855481153,0.0,4.0642397554841745,0.0,0.0,4.0642397554841745,0.0,0.018717065855481153,0.0,4.50096802945185,896.4521363021588,252.5455597476738,14.010649397200348,892.3691794808192,0.0,0.0,0.0,87988.48446666673,-102174.73967451559,4.583580448525026e-16,0.0,6.531491875648498e-10,8.881784197001252e-16
intrinsic_limited,once_through,2028.5931802230118,9.247464913917993,19102.133110084265,85978.01740814559,2019.3457153090933,2413333.333333336,10864021.982591866,0.0,13316.524222846829,2413333.333333336,10859999.999999998,0.0,362.0,0.5742141438453037,0.14929567739977895,0.9079951097077803,0.26848419508997584,4.631980438831121,0.31713482258274056,0.760247632617576,0.356394774646109,4.089400420147965,0.018641779570669002,0.018641779570669002,0.0,4.070758640577295,0.0,0.0,4.070758640577295,0.0,0.018641779570669002,0.0,4.500964207120758,897.8668899157636,252.0100475513377,14.029386387510517,893.7774894956157,0.0,0.0,0.0,88232.21988070183,-102456.46271877333,9.167160897050052e-16,0.0,7.620073854923248e-10,8.881784197001252e-16
intrinsic_limited,once_through,2031.777079013597,9.210351896369888,19100.723898354296,85971.60203641289,2022.5667271172265,2420000.0000000023,10894028.397963598,0.0,13354.517198618894,2420000.0000000023,10889999.999999998,0.0,363.0,0.5751153791131483,0.14952999856941854,0.9084252748226747,0.26838841645291056,4.633701099290699,0.31656371126947513,0.7599659307438547,0.3559202829071519,4.095818778041929,0.01856696418085413,0.01856696418085413,0.0,4.077251813861074,0.0,0.0,4.077251813861074,0.0,0.01856696418085413,0.0,4.500960408302648,899.2761016457345,251.476633067457,14.04808953049843,895.1802828676925,0.0,0.0,0.0,88475.9552947369,-102738.19110858046,9.167160897050052e-16,0.0,7.620073854923248e-10,8.881784197001252e-16
intrinsic_limited,once_through,2034.9485333159698,9.17347062657953,19099.320194625652,85965.21191226413,2025.7750626893899,2426666.666666669,10924034.788087746,0.0,13392.515510289051,2426666.666666669,10919999.999999998,0.0,364.0,0.5760130918407349,0.14976340387859108,0.908851759151988,0.26829296265723246,4.635407036607952,0.31599585464873664,0.7596851842859779,0.35544790596978776,4.102212049340997,0.01849261596670914,0.01849261596670914,0.0,4.083719433374287,0.0,0.0,4.083719433374287,0.0,0.01849261596670914,0.0,4.500956632815331,900.6798053743788,250.94530347090893,14.066758914666353,896.5775933250378,0.0,0.0,0.0,88719.690708772,-103019.92483428573,9.167160897050052e-16,0.0,7.620073854923248e-10,8.881784197001252e-16
intrinsic_limited,once_through,2038.1076190892875,9.13681927427538,19097.921965278383,85958.84688076409,2028.9707998150118,2433333.3333333354,10954041.153119247,0.0,13430.519148231197,2433333.3333333354,10949999.999999998,0.0,365.0,0.5769073035290834,0.14999589891756168,0.9092746055693228,0.26819783199507924,4.637098422277291,0.31543122532398055,0.7594053882208214,0.35497762980300257,4.108580387169712,0.01841873123862625,0.01841873123862625,0.0,4.090161655931086,0.0,0.0,4.090161655931086,0.0,0.01841873123862625,0.0,4.500952880478015,902.0780347216519,250.41604603587618,14.085394628317244,897.9694543344822,0.0,0.0,0.0,88963.42612280707,-103301.66388626293,4.583580448525026e-16,0.0,7.620073854923248e-10,0.0
