scenario,mode,extent_mol,reactor_h2_mol,water_kg,salt_mol,export_h2_mol,export_water_kg,export_salt_mol,outlet_separator_gas_mol,flow_pump_kwh,feed_water_kg,feed_salt_mol,circulated_water_kg,time_days,altered_fraction_proxy,expansion_loading,crack_opening_fraction,porosity,area_factor,passivation_factor,pore_access_factor,permeability_ratio,generated_h2_kg,retained_h2_kg,dissolved_h2_kg,free_h2_kg,exported_h2_kg,outlet_collected_h2_kg,outlet_uncollected_gas_h2_kg,outlet_residual_dissolved_h2_kg,endpoint_collected_h2_kg,endpoint_residual_h2_kg,endpoint_uncollected_gas_h2_kg,salt_molality,water_consumed_kg,remaining_reactive_fe_kg,flow_head_bar,solid_mass_gain_kg,total_deliverable_h2_kg,gross_electricity_kwh,outlet_delivered_electricity_kwh,new_feed_heater_kwh,standalone_engineering_balance_kwh,h2_balance_error_kg,water_balance_error_kg,salt_balance_error_kg,hydrogen_recovery_balance_error_kg
no_feedback_null,stationary,0.0,0.0,20000.0,90000.0,0.0,0.0,0.0,0.0,0.0,0.0,0.0,0.0,0.0,0.0,0.0,0.0,0.35,1.0,1.0,1.0,1.0,0.0,0.0,0.0,0.0,0.0,0.0,0.0,0.0,0.0,0.0,0.0,4.5,0.0,591.8704059999999,0.0,0.0,0.0,0.0,0.0,0.0,-907.7186152246713,0.0,0.0,0.0,0.0
no_feedback_null,stationary,6.702570140308655,6.702570140308655,19997.033404299596,90000.0,0.0,0.0,0.0,0.0,0.0,0.0,0.0,0.0,1.0,0.0018972313484053645,0.0,0.0,0.35,1.0,1.0,1.0,1.0,0.01351157709444541,0.01351157709444541,0.01351157709444541,0.0,0.0,0.0,0.0,0.0,0.0,0.01351157709444541,0.0,4.5006675830550416,2.9665957004053465,590.7474909115433,0.0,2.953084123310901,0.0,0.0,0.0,0.0,-907.7186152246713,0.0,0.0,0.0,0.0
no_feedback_null,stationary,13.39242395443224,13.39242395443224,19994.07243691755,90000.0,0.0,0.0,0.0,0.0,0.0,0.0,0.0,0.0,2.0,0.00379086321002136,0.0,0.0,0.35,1.0,1.0,1.0,1.0,0.026997519601260865,0.026997519601260865,0.026997519601260865,0.0,0.0,0.0,0.0,0.0,0.0,0.026997519601260865,0.0,4.501334097090784,5.927563082449844,589.6267062527942,0.0,5.900565562848583,0.0,0.0,0.0,0.0,-907.7186152246713,0.0,0.0,0.0,0.0
no_feedback_null,stationary,20.069585568183406,20.069585568183406,19991.117087175644,90000.0,0.0,0.0,0.0,0.0,0.0,0.0,0.0,0.0,3.0,0.005680902413907154,0.0,0.0,0.35,1.0,1.0,1.0,1.0,0.04045787615518956,0.04045787615518956,0.04045787615518956,0.0,0.0,0.0,0.0,0.0,0.0,0.04045787615518956,0.0,4.501999543473999,8.882912824355515,588.5080479818344,0.0,8.842454948200325,0.0,0.0,0.0,0.0,-907.7186152246713,0.0,0.0,0.0,0.0
no_feedback_null,stationary,26.734079061602593,26.734079061602593,19988.167344415917,90000.0,0.0,0.0,0.0,0.0,0.0,0.0,0.0,0.0,4.0,0.00756735577616562,0.0,0.0,0.35,1.0,1.0,1.0,1.0,0.05389269529870343,0.05389269529870343,0.05389269529870343,0.0,0.0,0.0,0.0,0.0,0.0,0.05389269529870343,0.0,4.502663923570925,11.832655584085337,587.3915120644144,0.0,11.778762888786634,0.0,0.0,0.0,0.0,-907.7186152246713,0.0,3.637978807091713e-12,0.0,0.0
no_feedback_null,stationary,33.385928469044856,33.385928469044856,19985.223198000618,90000.0,0.0,0.0,0.0,0.0,0.0,0.0,0.0,0.0,5.0,0.009450230099967915,0.0,0.0,0.35,1.0,1.0,1.0,1.0,0.06730202548217815,0.06730202548217815,0.06730202548217815,0.0,0.0,0.0,0.0,0.0,0.0,0.06730202548217815,0.0,4.50332723874727,14.776801999381687,586.2770944739386,0.0,14.70949997389951,0.0,0.0,0.0,0.0,-907.7186152246713,0.0,0.0,0.0,0.0
no_feedback_null,stationary,40.0251577792664,40.0251577792664,19982.284637312194,90000.0,0.0,0.0,0.0,0.0,0.0,0.0,0.0,0.0,6.0,0.01132953217557797,0.0,0.0,0.35,1.0,1.0,1.0,1.0,0.08068591506406754,0.08068591506406754,0.08068591506406754,0.0,0.0,0.0,0.0,0.0,0.0,0.08068591506406754,0.0,4.503989490368197,17.715362687804618,585.1647911914506,0.0,17.63467677274055,0.0,0.0,0.0,0.0,-907.7186152246713,0.0,0.0,0.0,0.0
no_feedback_null,stationary,46.65179093551137,46.65179093551137,19979.351651753226,90000.0,0.0,0.0,0.0,0.0,0.0,0.0,0.0,0.0,7.0,0.013205268780377064,0.0,0.0,0.35,1.0,1.0,1.0,1.0,0.09404441231107866,0.09404441231107866,0.09404441231107866,0.0,0.0,0.0,0.0,0.0,0.0,0.09404441231107866,0.0,4.504650679798327,20.648348246770297,584.0545982056191,0.0,20.55430383445922,0.0,0.0,0.0,0.0,-907.7186152246713,0.0,-3.637978807091713e-12,0.0,0.0
no_feedback_null,stationary,53.26585183559792,53.26585183559792,19976.42423074641,90000.0,0.0,0.0,0.0,0.0,0.0,0.0,0.0,0.0,8.0,0.01507744667888818,0.0,0.0,0.35,1.0,1.0,1.0,1.0,0.10737756539834513,0.10737756539834513,0.10737756539834513,0.0,0.0,0.0,0.0,0.0,0.0,0.10737756539834513,0.0,4.505310808401729,23.57576925358908,582.9465115127231,0.0,23.468391688190735,0.0,0.0,0.0,0.0,-907.7186152246713,0.0,-3.637978807091713e-12,0.0,0.0
no_feedback_null,stationary,59.86736433200457,59.86736433200457,19973.502363734493,90000.0,0.0,0.0,0.0,0.0,0.0,0.0,0.0,0.0,9.0,0.01694607262280045,0.0,0.0,0.35,1.0,1.0,1.0,1.0,0.12068542240960137,0.12068542240960137,0.12068542240960137,0.0,0.0,0.0,0.0,0.0,0.011513325171774162,0.10789283888540785,0.001279258352419351,4.505969877541922,26.497636265503747,581.8405271166376,0.0,26.376950843094146,0.011513325171774162,0.1918695639876164,0.0,0.0,-907.5267456606837,0.0,-3.637978807091713e-12,0.0,0.0
no_feedback_null,stationary,66.45635223195615,66.45635223195615,19970.58604018027,90000.0,0.0,0.0,0.0,0.0,0.0,0.0,0.0,0.0,10.0,0.018811153350993485,0.0,0.0,0.35,1.0,1.0,1.0,1.0,0.13396803133735574,0.13396803133735574,0.13396803133735574,0.0,0.0,0.0,0.0,0.0,0.02349047248458118,0.10786750635448777,0.0026100524982867967,4.5066278885818605,29.41395981972754,580.7366410288191,0.0,29.279991788390184,0.02349047248458118,0.39146872395554533,0.0,0.0,-907.3271465007158,0.0,0.0,0.0,-2.7755575615628914e-17
no_feedback_null,stationary,73.03283929750967,73.03283929750967,19967.675249566517,90000.0,0.0,0.0,0.0,0.0,0.0,0.0,0.0,0.0,11.0,0.020672695589561682,0.0,0.0,0.35,1.0,1.0,1.0,1.0,0.1472254400830638,0.1472254400830638,0.1472254400830638,0.0,0.0,0.0,0.0,0.0,0.03544489406160898,0.1078422244590538,0.003938321562400996,4.5072848428839425,32.324750433482166,579.6348492682916,0.0,32.1775249933991,0.03544489406160898,0.5906891595367136,0.0,0.0,-907.1279260651346,0.0,0.0,0.0,0.0
no_feedback_null,stationary,79.59684924564003,79.59684924564003,19964.769981395963,90000.0,0.0,0.0,0.0,0.0,0.0,0.0,0.0,0.0,12.0,0.02253070605183849,0.0,0.0,0.35,1.0,1.0,1.0,1.0,0.16045769645730082,0.16045769645730082,0.16045769645730082,0.0,0.0,0.0,0.0,0.0,0.047376633027086765,0.10781699309387108,0.005264070336342973,4.5079407418099935,35.23001860403573,578.5351478616316,0.0,35.06956090757843,0.047376633027086765,0.7895315893964009,0.0,0.0,-906.9290836352749,0.0,0.0,0.0,2.7755575615628914e-17
no_feedback_null,stationary,86.14840574832557,86.14840574832557,19961.870225191255,90000.0,0.0,0.0,0.0,0.0,0.0,0.0,0.0,0.0,13.0,0.024385191438420602,0.0,0.0,0.35,1.0,1.0,1.0,1.0,0.17366484817993455,0.17366484817993455,0.17366484817993455,0.0,0.0,0.0,0.0,0.0,0.059285732423398844,0.10779181215393584,0.00658730360259987,4.5085955867212695,38.1297748087406,577.4375328429542,0.0,37.95610996056067,0.059285732423398844,0.9879967308359416,0.0,0.0,-906.7306184938353,0.0,-3.637978807091713e-12,0.0,0.0
no_feedback_null,stationary,92.68753243263336,92.68753243263336,19958.975970494925,90000.0,0.0,0.0,0.0,0.0,0.0,0.0,0.0,0.0,14.0,0.02623615843719213,0.0,0.0,0.35,1.0,1.0,1.0,1.0,0.18684694288029693,0.18684694288029693,0.18684694288029693,0.0,0.0,0.0,0.0,0.0,0.07117223521123967,0.10776668153447508,0.007908026134582182,4.509249378978447,41.02402950507117,576.3420002538987,0.0,40.837182562190876,0.07117223521123967,1.1860852997953089,0.0,0.0,-906.532529924876,0.0,-3.637978807091713e-12,0.0,0.0
no_feedback_null,stationary,99.21425288080447,99.21425288080447,19956.087206869335,90000.0,0.0,0.0,0.0,0.0,0.0,0.0,0.0,0.0,15.0,0.028083613723348718,0.0,0.0,0.35,1.0,1.0,1.0,1.0,0.2000040280973561,0.2000040280973561,0.2000040280973561,0.0,0.0,0.0,0.0,0.0,0.08303618426976905,0.10774160113094604,0.009226242696641004,4.509902119941628,43.912793130661576,575.2485461436144,0.0,43.71278910256422,0.08303618426976905,1.3837980108557013,0.0,0.0,-906.3348172138155,0.0,-3.637978807091713e-12,0.0,-2.7755575615628914e-17
no_feedback_null,stationary,105.72859063033907,105.72859063033907,19953.203923896654,90000.0,0.0,0.0,0.0,0.0,0.0,0.0,0.0,0.0,16.0,0.029927563959421647,0.0,0.0,0.35,1.0,1.0,1.0,1.0,0.21313615127988791,0.21313615127988791,0.21313615127988791,0.0,0.0,0.0,0.0,0.0,0.09487762239676716,0.10771657083903552,0.010541958044085238,4.51055381097032,46.7960761033434,574.157166568746,0.0,46.58293995206351,0.09487762239676716,1.5811355772421245,0.0,0.0,-906.1374796474291,0.0,-3.637978807091713e-12,0.0,0.0
no_feedback_null,stationary,112.23056917408114,112.23056917408114,19950.326111178816,90000.0,0.0,0.0,0.0,0.0,0.0,0.0,0.0,0.0,17.0,0.03176801579530179,0.0,0.0,0.35,1.0,1.0,1.0,1.0,0.22624335978664667,0.22624335978664667,0.22624335978664667,0.0,0.0,0.0,0.0,0.0,0.1066965923087885,0.10769159055465945,0.011855176923198719,4.511204453423449,49.673888821183134,573.0678575934203,0.0,49.44764546139649,0.1066965923087885,1.7780987108259603,0.0,0.0,-905.9405165138453,0.0,0.0,0.0,0.0
no_feedback_null,stationary,118.72021196030336,118.72021196030336,19947.45375833748,90000.0,0.0,0.0,0.0,0.0,0.0,0.0,0.0,0.0,18.0,0.03360497586826368,0.0,0.0,0.35,1.0,1.0,1.0,1.0,0.23932570088653632,0.23932570088653632,0.23932570088653632,0.0,0.0,0.0,0.0,0.0,0.11849313664131661,0.10766666017396231,0.013165904071257398,4.511854048659344,52.546241662519726,571.9806152892305,0.0,52.30691596163319,0.11849313664131661,1.9746881221275412,0.0,0.0,-905.7439271025437,0.0,0.0,0.0,0.0
no_feedback_null,stationary,125.19754239279159,125.19754239279159,19944.586855014,90000.0,0.0,0.0,0.0,0.0,0.0,0.0,0.0,0.0,19.0,0.035438450802989366,0.0,0.0,0.35,1.0,1.0,1.0,1.0,0.2523832217587807,0.2523832217587807,0.2523832217587807,0.0,0.0,0.0,0.0,0.0,0.13026729794891756,0.10764177959331675,0.014474144216546391,4.5125025980357325,55.41314498600205,570.8954357352236,0.0,55.16076176424327,0.13026729794891756,2.170904520318711,0.0,0.0,-905.5477107043525,0.0,3.637978807091713e-12,0.0,0.0
no_feedback_null,stationary,131.66258383092935,131.66258383092935,19941.725390869375,90000.0,0.0,0.0,0.0,0.0,0.0,0.0,0.0,0.0,20.0,0.03726844721159238,0.0,0.0,0.35,1.0,1.0,1.0,1.0,0.2654159694930938,0.2654159694930938,0.2654159694930938,0.0,0.0,0.0,0.0,0.0,0.14201911870539408,0.10761694870932265,0.015779902078377116,4.513150102909745,58.27460913062624,569.8123150178852,0.0,58.00919316113315,0.14201911870539408,2.366748613225392,0.0,0.0,-905.3518666114459,0.0,0.0,0.0,0.0
no_feedback_null,stationary,138.11535958978192,138.11535958978192,19938.86935558423,90000.0,0.0,0.0,0.0,0.0,0.0,0.0,0.0,0.0,21.0,0.03909497169364152,0.0,0.0,0.35,1.0,1.0,1.0,1.0,0.27842399108984955,0.27842399108984955,0.27842399108984955,0.0,0.0,0.0,0.0,0.0,0.15374864130393828,0.10759216741880703,0.01708318236710425,4.5137965646379,61.13064441577289,568.731249231126,0.0,60.85222042468304,0.15374864130393828,2.5622211073301315,0.0,0.0,-905.1563941173412,0.0,3.637978807091713e-12,0.0,-5.551115123125783e-17
no_feedback_null,stationary,144.55589294018057,144.55589294018057,19936.018738858755,90000.0,0.0,0.0,0.0,0.0,0.0,0.0,0.0,0.0,22.0,0.04091803083618469,0.0,0.0,0.35,1.0,1.0,1.0,1.0,0.29140733346025116,0.29140733346025116,0.29140733346025116,0.0,0.0,0.0,0.0,0.0,0.16545590805728502,0.1075674356188234,0.018383989784142775,4.514441984576108,63.98126114124442,567.6522344762668,0.0,63.68985380778417,0.16545590805728502,2.7573227077746547,0.0,0.0,-904.9612925168966,0.0,0.0,0.0,-5.551115123125783e-17
no_feedback_null,stationary,150.9842071088064,150.9842071088064,19933.1735304127,90000.0,0.0,0.0,0.0,0.0,0.0,0.0,0.0,0.0,23.0,0.04273763121377264,0.0,0.0,0.35,1.0,1.0,1.0,1.0,0.30436604342650064,0.30436604342650064,0.30436604342650064,0.0,0.0,0.0,0.0,0.0,0.17714096119786465,0.107542753206651,0.019682329021984957,4.51508636407966,66.82646958730209,566.5752668620261,0.0,66.52210354387559,0.17714096119786465,2.9520541183624145,0.0,0.0,-904.7665611063089,0.0,0.0,0.0,0.0
no_feedback_null,stationary,157.4003252782741,157.4003252782741,19930.333719985298,90000.0,0.0,0.0,0.0,0.0,0.0,0.0,0.0,0.0,24.0,0.044553779388482644,0.0,0.0,0.35,1.0,1.0,1.0,1.0,0.3173001677219672,0.3173001677219672,0.3173001677219672,0.0,0.0,0.0,0.0,0.0,0.18880384287795532,0.1075181200797946,0.020978204764217252,4.515729704503231,69.66628001470315,565.5003425045044,0.0,69.34897984698118,0.18880384287795532,3.146416041561125,0.0,0.0,-904.5721991831101,0.0,0.0,0.0,0.0
no_feedback_null,stationary,163.8042705872156,163.8042705872156,19927.499297335264,90000.0,0.0,0.0,0.0,0.0,0.0,0.0,0.0,0.0,25.0,0.046366481909942234,0.0,0.0,0.35,1.0,1.0,1.0,1.0,0.33020975299135613,0.33020975299135613,0.33020975299135613,0.0,0.0,0.0,0.0,0.0,0.20044459516983523,0.10749353613598366,0.022271621685537243,4.516372007200871,72.50070266473782,564.4274575271708,0.0,72.17049291174646,0.20044459516983523,3.340409178505304,0.0,0.0,-904.378206046166,0.0,0.0,0.0,0.0
no_feedback_null,stationary,170.19606613036353,170.19606613036353,19924.670252240736,90000.0,0.0,0.0,0.0,0.0,0.0,0.0,0.0,0.0,26.0,0.04817574531535279,0.0,0.0,0.35,1.0,1.0,1.0,1.0,0.34309484579087723,0.34309484579087723,0.34309484579087723,0.0,0.0,0.0,0.0,0.0,0.21206326006593454,0.10746900127317216,0.0235625844517705,4.517013273525998,75.32974775926621,563.3566080608496,0.0,74.98665291347534,0.21206326006593454,3.5340342289987987,0.0,0.0,-904.1845809956725,0.0,3.637978807091713e-12,0.0,0.0
no_feedback_null,stationary,176.57573495863437,176.57573495863437,19921.846574499246,90000.0,0.0,0.0,0.0,0.0,0.0,0.0,0.0,0.0,27.0,0.049981576129513074,0.0,0.0,0.35,1.0,1.0,1.0,1.0,0.3559554925884118,0.3559554925884118,0.3559554925884118,0.0,0.0,0.0,0.0,0.0,0.2236598794789868,0.10744451538953763,0.024851097719887416,4.517653504831403,78.15342550075519,562.2877902437051,0.0,77.79747000816678,0.2236598794789868,3.7272918915173148,0.0,0.0,-903.991323333154,0.0,0.0,0.0,-5.551115123125783e-17
no_feedback_null,stationary,182.94330007921178,182.94330007921178,19919.028253927685,90000.0,0.0,0.0,0.0,0.0,0.0,0.0,0.0,0.0,28.0,0.051783980864842816,0.0,0.0,0.35,1.0,1.0,1.0,1.0,0.3687917397636814,0.3687917397636814,0.3687917397636814,0.0,0.0,0.0,0.0,0.0,0.23523449524218037,0.10742007838348103,0.026137166138020036,4.518292702469236,80.97174607231524,561.2210002212291,0.0,80.60295433255156,0.23523449524218037,3.9201828632109357,0.0,0.0,-903.7984323614603,0.0,0.0,0.0,-5.551115123125783e-17
no_feedback_null,stationary,189.29878445562943,189.29878445562943,19916.215280362263,90000.0,0.0,0.0,0.0,0.0,0.0,0.0,0.0,0.0,29.0,0.05358296602140618,0.0,0.0,0.35,1.0,1.0,1.0,1.0,0.3816036336084142,0.3816036336084142,0.3816036336084142,0.0,0.0,0.0,0.0,0.0,0.24678714910930935,0.10739569015362609,0.02742079434547881,4.518930867791009,83.78471963773708,560.156234146226,0.0,83.40311600412866,0.24678714910930935,4.11270783990664,0.0,0.0,-903.6059073847647,0.0,0.0,0.0,0.0
no_feedback_null,stationary,195.64221100785383,195.64221100785383,19913.40764365847,90000.0,0.0,0.0,0.0,0.0,0.0,0.0,0.0,0.0,30.0,0.055378538086935186,0.0,0.0,0.35,1.0,1.0,1.0,1.0,0.39439122032651236,0.39439122032651236,0.39439122032651236,0.0,0.0,0.0,0.0,0.0,0.25831788275492423,0.10737135059881872,0.028701986972769353,4.5195680021475875,86.59235634152836,559.0934881787991,0.0,86.19796512120185,0.25831788275492423,4.3048675161108125,0.0,0.0,-903.4137477085604,0.0,-3.637978807091713e-12,0.0,5.551115123125783e-17
no_feedback_null,stationary,201.97360261236705,201.97360261236705,19910.605333691048,90000.0,0.0,0.0,0.0,0.0,0.0,0.0,0.0,0.0,31.0,0.05717070353685316,0.0,0.0,0.35,1.0,1.0,1.0,1.0,0.40715454603421847,0.40715454603421847,0.40715454603421847,0.0,0.0,0.0,0.0,0.0,0.2698267377744828,0.10734705961812646,0.029980748641609194,4.520204106889186,89.39466630895026,558.032758486337,0.0,88.98751176291604,0.2698267377744828,4.496662585011755,0.0,0.0,-903.2219526396595,0.0,0.0,0.0,0.0
no_feedback_null,stationary,208.29298210224917,208.29298210224917,19907.808340353942,90000.0,0.0,0.0,0.0,0.0,0.0,0.0,0.0,0.0,32.0,0.05895946883429802,0.0,0.0,0.35,1.0,1.0,1.0,1.0,0.419893656760282,0.419893656760282,0.419893656760282,0.0,0.0,0.0,0.0,0.0,0.28131375568449946,0.10732281711083821,0.03125708396494437,4.520839183365369,92.19165964605403,556.9740412434996,0.0,91.77176598929375,0.28131375568449946,4.688093738482183,0.0,0.0,-903.0305214861892,0.0,-3.637978807091713e-12,0.0,-5.551115123125783e-17
no_feedback_null,stationary,214.6003722672606,214.6003722672606,19905.01665356028,90000.0,0.0,0.0,0.0,0.0,0.0,0.0,0.0,0.0,33.0,0.06074484043014563,0.0,0.0,0.35,1.0,1.0,1.0,1.0,0.43260859844612526,0.43260859844612526,0.43260859844612526,0.0,0.0,0.0,0.0,0.0,0.29277897792269575,0.10729862297646334,0.03253099754696619,4.521473232925042,94.98334643971738,555.9173326322044,0.0,94.55073784127126,0.29277897792269575,4.879161667081725,0.0,0.0,-902.8394535575895,0.0,-3.637978807091713e-12,0.0,-5.551115123125783e-17
no_feedback_null,stationary,220.89579585392434,220.89579585392434,19902.230263242316,90000.0,0.0,0.0,0.0,0.0,0.0,0.0,0.0,0.0,34.0,0.06252682476303303,0.0,0.0,0.35,1.0,1.0,1.0,1.0,0.44529941694600894,0.44529941694600894,0.44529941694600894,0.0,0.0,0.0,0.0,0.0,0.30422244584814967,0.10727447711473156,0.033802493983127735,4.52210625691645,97.76973675768085,554.8626288416127,0.0,97.32443734073483,0.30422244584814967,5.069867060059414,0.0,0.0,-902.6487481646119,0.0,-3.637978807091713e-12,0.0,0.0
no_feedback_null,stationary,227.17927556560798,227.17927556560798,19899.44915935141,90000.0,0.0,0.0,0.0,0.0,0.0,0.0,0.0,0.0,35.0,0.06430542825938172,0.0,0.0,0.35,1.0,1.0,1.0,1.0,0.45796615802719776,0.45796615802719776,0.45796615802719776,0.0,0.0,0.0,0.0,0.0,0.31564420074144517,0.10725037942559201,0.03507157786016057,4.522738256687171,100.55084064858417,553.8099260681158,0.0,100.09287449055697,0.31564420074144517,5.260210605356184,0.0,0.0,-902.4584046193152,0.0,-7.275957614183426e-12,0.0,0.0
no_feedback_null,stationary,233.45083406260554,233.45083406260554,19896.673331857994,90000.0,0.0,0.0,0.0,0.0,0.0,0.0,0.0,0.0,36.0,0.06608065733342076,0.0,0.0,0.35,1.0,1.0,1.0,1.0,0.4706088673701252,0.4706088673701252,0.4706088673701252,0.0,0.0,0.0,0.0,0.0,0.3270442838048208,0.10722632980921323,0.03633825375609119,4.523369233584115,103.32666814200252,552.7592205153213,0.0,102.85605927463239,0.3270442838048208,5.450192989607339,0.0,0.0,-902.268422235064,0.0,-3.637978807091713e-12,0.0,-5.551115123125783e-17
no_feedback_null,stationary,239.71049396221926,239.71049396221926,19893.902770751516,90000.0,0.0,0.0,0.0,0.0,0.0,0.0,0.0,0.0,37.0,0.06785251838720993,0.0,0.0,0.35,1.0,1.0,1.0,1.0,0.4832275905685585,0.4832275905685585,0.4832275905685585,0.0,0.0,0.0,0.0,0.0,0.3384227361623187,0.1072023281659822,0.037602526240257624,4.523999188953518,106.09722924848259,551.7105083940396,0.0,105.61400165791403,0.3384227361623187,5.639814898145041,0.0,0.0,-902.0788003265262,0.0,0.0,0.0,0.0
no_feedback_null,stationary,245.95827783884107,245.95827783884107,19891.137466040418,90000.0,0.0,0.0,0.0,0.0,0.0,0.0,0.0,0.0,38.0,0.06962101781066284,0.0,0.0,0.35,1.0,1.0,1.0,1.0,0.4958223731297629,0.4958223731297629,0.4958223731297629,0.0,0.0,0.0,0.0,0.0,0.34977959885993304,0.10717837439650393,0.038864399873325885,4.524628124140938,108.86253395957877,550.6637859222697,0.0,108.366711586449,0.34977959885993304,5.829077015000784,0.0,0.0,-901.8895382096705,0.0,-3.637978807091713e-12,0.0,5.551115123125783e-17
no_feedback_null,stationary,252.19420822403407,252.19420822403407,19888.37740775211,90000.0,0.0,0.0,0.0,0.0,0.0,0.0,0.0,0.0,39.0,0.07138616198156991,0.0,0.0,0.35,1.0,1.0,1.0,1.0,0.5083932604746657,0.5083932604746657,0.5083932604746657,0.0,0.0,0.0,0.0,0.0,0.36111491286575814,0.1071544684016012,0.04012387920730645,4.525256040491253,111.62259224788916,549.6190493251864,0.0,111.1141989874145,0.36111491286575814,6.017980022907859,0.0,0.0,-901.7006352017635,0.0,-3.637978807091713e-12,0.0,-1.1102230246251565e-16
no_feedback_null,stationary,258.41830760661384,258.41830760661384,19885.622585932902,90000.0,0.0,0.0,0.0,0.0,0.0,0.0,0.0,0.0,40.0,0.07314795726562151,0.0,0.0,0.35,1.0,1.0,1.0,1.0,0.5209402979380207,0.5209402979380207,0.5209402979380207,0.0,0.0,0.0,0.0,0.0,0.3724287190701362,0.10713061008231377,0.041380968785570675,4.525882939348655,114.37741406709154,548.576294835126,0.0,113.85647376915351,0.3724287190701362,6.206524603303819,0.0,0.0,-901.5120906213675,0.0,-7.275957614183426e-12,0.0,0.0
no_feedback_null,stationary,264.63059843272936,264.63059843272936,19882.872990648015,90000.0,0.0,0.0,0.0,0.0,0.0,0.0,0.0,0.0,41.0,0.07490641001643072,0.0,0.0,0.35,1.0,1.0,1.0,1.0,0.5334635307685704,0.5334635307685704,0.5334635307685704,0.0,0.0,0.0,0.0,0.0,0.3837210582858051,0.10710679933989811,0.042635673142867224,4.526508822056644,117.12700935197925,547.5355186915726,0.0,116.59354582121068,0.3837210582858051,6.394711436332941,0.0,0.0,-901.3239037883384,0.0,-7.275957614183426e-12,0.0,0.0
no_feedback_null,stationary,270.8311031059442,270.8311031059442,19880.128611981498,90000.0,0.0,0.0,0.0,0.0,0.0,0.0,0.0,0.0,42.0,0.07666152657555642,0.0,0.0,0.35,1.0,1.0,1.0,1.0,0.5459630041292107,0.5459630041292107,0.5459630041292107,0.0,0.0,0.0,0.0,0.0,0.39499197124804575,0.10708303607582657,0.043887996805338406,4.5271336899580294,119.87138801849707,546.4967171411455,0.0,119.32542501436787,0.39499197124804575,6.582541200848682,0.0,0.0,-901.1360740238226,0.0,-3.637978807091713e-12,0.0,0.0
no_feedback_null,stationary,277.019843987317,277.019843987317,19877.38944003622,90000.0,0.0,0.0,0.0,0.0,0.0,0.0,0.0,0.0,43.0,0.07841331327252601,0.0,0.0,0.35,1.0,1.0,1.0,1.0,0.5584387630971526,0.5584387630971526,0.5584387630971526,0.0,0.0,0.0,0.0,0.0,0.4062414986148289,0.10705932019178716,0.04513794429053653,4.527757544394925,122.61055996377685,545.4598864375848,0.0,122.0521212006797,0.4062414986148289,6.770014574416123,0.0,0.0,-900.9486006502552,0.0,-3.637978807091713e-12,0.0,0.0
no_feedback_null,stationary,283.19684339548263,283.19684339548263,19874.65546493382,90000.0,0.0,0.0,0.0,0.0,0.0,0.0,0.0,0.0,44.0,0.08016177642485843,0.0,0.0,0.35,1.0,1.0,1.0,1.0,0.5708908526640855,0.5708908526640855,0.5708908526640855,0.0,0.0,0.0,0.0,0.0,0.41746968096696224,0.107035651589683,0.04638552010744024,4.528380386708741,125.3445350661734,544.4250228417377,0.0,124.77364421350933,0.41746968096696224,6.957132233314425,0.0,0.0,-900.7614829913568,0.0,-3.637978807091713e-12,0.0,0.0
no_feedback_null,stationary,289.36212360673187,289.36212360673187,19871.92667681469,90000.0,0.0,0.0,0.0,0.0,0.0,0.0,0.0,0.0,45.0,0.08190692233808668,0.0,0.0,0.35,1.0,1.0,1.0,1.0,0.5833193177363386,0.5833193177363386,0.5833193177363386,0.0,0.0,0.0,0.0,0.0,0.42867655880823624,0.10701203017163169,0.04763072875647068,4.529002218240183,128.0733231852999,543.392122621546,0.0,127.49000386756356,0.42867655880823624,7.1438948525392565,0.0,0.0,-900.574720372132,0.0,-7.275957614183426e-12,0.0,0.0
no_feedback_null,stationary,295.5157068550927,295.5157068550927,19869.20306583793,90000.0,0.0,0.0,0.0,0.0,0.0,0.0,0.0,0.0,46.0,0.08364875730578081,0.0,0.0,0.35,1.0,1.0,1.0,1.0,0.5957242031350442,0.5957242031350442,0.5957242031350442,0.0,0.0,0.0,0.0,0.0,0.4398621725655713,0.10698845583996493,0.048873574729507915,4.5296230403292475,130.79693416206362,542.361182052032,0.0,130.2012099589286,0.4398621725655713,7.330303105805245,0.0,0.0,-900.388312118866,0.0,-7.275957614183426e-12,0.0,0.0
no_feedback_null,stationary,301.6576153324097,301.6576153324097,19866.48462218129,90000.0,0.0,0.0,0.0,0.0,0.0,0.0,0.0,0.0,47.0,0.0853872876095705,0.0,0.0,0.35,1.0,1.0,1.0,1.0,0.608105553596298,0.608105553596298,0.608105553596298,0.0,0.0,0.0,0.0,0.0,0.451026562589163,0.10696492849722801,0.050114062509906986,4.53024285431522,133.5153778187014,541.3321974152847,0.0,132.90727226510512,0.451026562589163,7.5163576655484015,0.0,0.0,-900.2022575591229,0.0,-7.275957614183426e-12,0.0,0.0
no_feedback_null,stationary,307.7878711884245,307.7878711884245,19863.771336041176,90000.0,0.0,0.0,0.0,0.0,0.0,0.0,0.0,0.0,48.0,0.08712251951916769,0.0,0.0,0.35,1.0,1.0,1.0,1.0,0.6204634137713212,0.6204634137713212,0.6204634137713212,0.0,0.0,0.0,0.0,0.0,0.4621697691526277,0.10694144804617926,0.05135219657251418,4.53086166153667,136.22866395881493,540.3051650004472,0.0,135.60820054504362,0.4621697691526277,7.70205920292854,0.0,0.0,-900.0165560217428,0.0,-7.275957614183426e-12,0.0,0.0
no_feedback_null,stationary,313.9064965308556,313.9064965308556,19861.063197632586,90000.0,0.0,0.0,0.0,0.0,0.0,0.0,0.0,0.0,49.0,0.08885445929238923,0.0,0.0,0.35,1.0,1.0,1.0,1.0,0.6327978282266211,0.6327978282266211,0.6327978282266211,0.0,0.0,0.0,0.0,0.0,0.4732918324531483,0.10691801438978961,0.05258798138368313,4.5314794633314435,138.93680236740624,539.280081103703,0.0,138.30400453917963,0.4732918324531483,7.887408387831717,0.0,0.0,-899.8312068368396,0.0,-7.275957614183426e-12,0.0,0.0
no_feedback_null,stationary,320.0135134254778,320.0135134254778,19858.36019718908,90000.0,0.0,0.0,0.0,0.0,0.0,0.0,0.0,0.0,50.0,0.09058311317517947,0.0,0.0,0.35,1.0,1.0,1.0,1.0,0.6451088414441521,0.6451088414441521,0.6451088414441521,0.0,0.0,0.0,0.0,0.0,0.4843927926116193,0.10689462743124178,0.05382142140129102,4.532096261036667,141.63980281091295,538.2569420282625,0.0,140.9946939694688,0.4843927926116193,8.072405888872636,0.0,0.0,-899.6462093357986,0.0,-7.275957614183426e-12,0.0,1.1102230246251565e-16
no_feedback_null,stationary,326.1089438962023,326.1089438962023,19855.66232496275,90000.0,0.0,0.0,0.0,0.0,0.0,0.0,0.0,0.0,51.0,0.09230848740163274,0.0,0.0,0.35,1.0,1.0,1.0,1.0,0.6573964978214762,0.6573964978214762,0.6573964978214762,0.0,0.0,0.0,0.0,0.0,0.495472689672791,0.10687128707393061,0.05505252107475454,4.532712055988736,144.33767503724349,537.2357440843497,0.0,143.680278539422,0.495472689672791,8.257052373397062,0.0,0.0,-899.4615628512743,0.0,-7.275957614183426e-12,0.0,1.1102230246251565e-16
no_feedback_null,stationary,332.1928099251557,332.1928099251557,19852.96957122418,90000.0,0.0,0.0,0.0,0.0,0.0,0.0,0.0,0.0,52.0,0.09403058819401584,0.0,0.0,0.35,1.0,1.0,1.0,1.0,0.6696608416719229,0.6696608416719229,0.6696608416719229,0.0,0.0,0.0,0.0,0.0,0.5065315636054151,0.10684799322146166,0.05628128484504611,4.533326849523317,147.03042877581223,536.216483589189,0.0,146.3607679341403,0.5065315636054151,8.441348507484241,0.0,0.0,-899.2772667171871,0.0,-7.275957614183426e-12,0.0,0.0
no_feedback_null,stationary,338.2651334527595,338.2651334527595,19850.281926262418,90000.0,0.0,0.0,0.0,0.0,0.0,0.0,0.0,0.0,53.0,0.09574942176279054,0.0,0.0,0.35,1.0,1.0,1.0,1.0,0.6819019172247488,0.6819019172247488,0.6819019172247488,0.0,0.0,0.0,0.0,0.0,0.5175694543023881,0.10682474577765089,0.05750771714470978,4.53394064297534,149.71807373757463,535.1991568669919,0.0,149.0361718203499,0.5175694543023881,8.625294955949297,0.0,0.0,-899.093320268722,0.0,-7.275957614183426e-12,0.0,0.0
no_feedback_null,stationary,344.3259363778091,344.3259363778091,19847.59938038493,90000.0,0.0,0.0,0.0,0.0,0.0,0.0,0.0,0.0,54.0,0.09746499430663585,0.0,0.0,0.35,1.0,1.0,1.0,1.0,0.6941197686252978,0.6941197686252978,0.6941197686252978,0.0,0.0,0.0,0.0,0.0,0.5285864015808956,0.1068015446465249,0.058731822397877276,4.534553437678996,152.4006196150622,534.1837602489437,0.0,151.7064998464369,0.5285864015808956,8.808892382345626,0.0,0.0,-898.9097228423257,0.0,-7.275957614183426e-12,0.0,0.0
no_feedback_null,stationary,350.37524055755273,350.37524055755273,19844.921923917576,90000.0,0.0,0.0,0.0,0.0,0.0,0.0,0.0,0.0,55.0,0.09917731201247051,0.0,0.0,0.35,1.0,1.0,1.0,1.0,0.7063144399351593,0.7063144399351593,0.7063144399351593,0.0,0.0,0.0,0.0,0.0,0.5395824451825558,0.10677838973231951,0.05995360502028397,4.535165234967734,155.07807608241745,533.1702900731902,0.0,154.37176164248228,0.5395824451825558,8.992141448967292,0.0,0.0,-898.726473775704,0.0,-7.275957614183426e-12,0.0,0.0
no_feedback_null,stationary,356.4130678077705,356.4130678077705,19842.249547204567,90000.0,0.0,0.0,0.0,0.0,0.0,0.0,0.0,0.0,56.0,0.10088638105547523,0.0,0.0,0.35,1.0,1.0,1.0,1.0,0.7184859751323284,0.7184859751323284,0.7184859751323284,0.0,0.0,0.0,0.0,0.0,0.5505576247735638,0.1067552809394797,0.06117306941928485,4.5357760361742585,157.75045279542883,532.1587426848251,0.0,157.0319668202965,0.5505576247735638,9.175042816851441,0.0,0.0,-898.5435724078199,0.0,-3.637978807091713e-12,0.0,-1.1102230246251565e-16
no_feedback_null,stationary,362.439439902853,362.439439902853,19839.58224060843,90000.0,0.0,0.0,0.0,0.0,0.0,0.0,0.0,0.0,57.0,0.102592207599115,0.0,0.0,0.35,1.0,1.0,1.0,1.0,0.7306344181113632,0.7306344181113632,0.7306344181113632,0.0,0.0,0.0,0.0,0.0,0.5615119799448337,0.10673221817265917,0.0623902199938704,4.536385842630521,160.41775939156557,531.1491144358755,0.0,159.68712497345422,0.5615119799448337,9.357597145780653,0.0,0.0,-898.3610180788907,0.0,-3.637978807091713e-12,0.0,-1.1102230246251565e-16
no_feedback_null,stationary,368.45437857587945,368.45437857587945,19836.919994509983,90000.0,0.0,0.0,0.0,0.0,0.0,0.0,0.0,0.0,58.0,0.10429479779516121,0.0,0.0,0.35,1.0,1.0,1.0,1.0,0.7427598126835439,0.7427598126835439,0.7427598126835439,0.0,0.0,0.0,0.0,0.0,0.5724455502121417,0.10670920133671964,0.06360506113468241,4.536994655667724,163.08000549001227,530.14140168529,0.0,162.33724567732872,0.5724455502121417,9.539805094285342,0.0,0.0,-898.178810130386,0.0,-3.637978807091713e-12,0.0,0.0
no_feedback_null,stationary,374.45790551869675,374.45790551869675,19834.26279930829,90000.0,0.0,0.0,0.0,0.0,0.0,0.0,0.0,0.0,59.0,0.105994157783714,0.0,0.0,0.35,1.0,1.0,1.0,1.0,0.7548622025770303,0.7548622025770303,0.7548622025770303,0.0,0.0,0.0,0.0,0.0,0.5833583750162697,0.1066862303367307,0.06481759722402995,4.537602476616308,165.73720069170386,529.135600798925,0.0,164.98233848912682,0.5833583750162697,9.721667319646135,0.0,0.0,-897.9969479050252,0.0,-7.275957614183426e-12,0.0,-1.1102230246251565e-16
no_feedback_null,stationary,380.4500423819971,380.4500423819971,19831.610645420635,90000.0,0.0,0.0,0.0,0.0,0.0,0.0,0.0,0.0,60.0,0.10769029369322426,0.0,0.0,0.35,1.0,1.0,1.0,1.0,0.7669416314370202,0.7669416314370202,0.7669416314370202,0.0,0.0,0.0,0.0,0.0,0.5942504937231462,0.10666330507796899,0.06602783263590511,4.538209306805956,168.38935457935995,528.131708149532,0.0,167.62241294792292,0.5942504937231462,9.90318447789623,0.0,0.0,-897.8154307467751,0.0,-3.637978807091713e-12,0.0,-1.1102230246251565e-16
no_feedback_null,stationary,386.4308107753965,386.4308107753965,19828.963523282473,90000.0,0.0,0.0,0.0,0.0,0.0,0.0,0.0,0.0,61.0,0.10938321164051587,0.0,0.0,0.35,1.0,1.0,1.0,1.0,0.7789981428259062,0.7789981428259062,0.7789981428259062,0.0,0.0,0.0,0.0,0.0,0.6051219456239896,0.10664042546591777,0.06723577173599883,4.538815147565588,171.03647671751958,527.1297201167439,0.0,170.25747857469366,0.6051219456239896,10.084357223823785,0.0,0.0,-897.6342580008475,0.0,-7.275957614183426e-12,0.0,0.0
no_feedback_null,stationary,392.40023226751237,392.40023226751237,19826.321423347417,90000.0,0.0,0.0,0.0,0.0,0.0,0.0,0.0,0.0,62.0,0.11107291773080759,0.0,0.0,0.35,1.0,1.0,1.0,1.0,0.7910317802234328,0.7910317802234328,0.7910317802234328,0.0,0.0,0.0,0.0,0.0,0.6159727699354496,0.10661759140626653,0.0684414188817166,4.539420000223353,173.67857665257566,526.1296330870623,0.0,172.88754487235224,0.6159727699354496,10.265186210974267,0.0,0.0,-897.453429013697,0.0,-7.275957614183426e-12,0.0,0.0
no_feedback_null,stationary,398.35832838604153,398.35832838604153,19823.684336087186,90000.0,0.0,0.0,0.0,0.0,0.0,0.0,0.0,0.0,63.0,0.11275941805773522,0.0,0.0,0.35,1.0,1.0,1.0,1.0,0.8030425870268534,0.8030425870268534,0.8030425870268534,0.0,0.0,0.0,0.0,0.0,0.6268030057997483,0.10659480280491081,0.06964477842219424,4.540023866106631,176.3156639128093,525.1314434538444,0.0,175.51262132578245,0.6268030057997483,10.445672091652806,0.0,0.0,-897.2729431330185,0.0,-3.637978807091713e-12,0.0,0.0
no_feedback_null,stationary,404.3051206178379,404.3051206178379,19821.052251991572,90000.0,0.0,0.0,0.0,0.0,0.0,0.0,0.0,0.0,64.0,0.11444271870337351,0.0,0.0,0.35,1.0,1.0,1.0,1.0,0.815030606551087,0.815030606551087,0.815030606551087,0.0,0.0,0.0,0.0,0.0,0.6376126922848224,0.10657205956795095,0.07084585469831359,4.540626746542027,178.94774800842438,524.1351476172905,0.0,178.1327174018733,0.6376126922848224,10.625815516926565,0.0,0.0,-897.0927997077447,0.0,-3.637978807091713e-12,0.0,0.0
no_feedback_null,stationary,410.2406304089896,410.2406304089896,19818.42516156841,90000.0,0.0,0.0,0.0,0.0,0.0,0.0,0.0,0.0,65.0,0.1161228257382581,0.0,0.0,0.35,1.0,1.0,1.0,1.0,0.8269958820288739,0.8269958820288739,0.8269958820288739,0.0,0.0,0.0,0.0,0.0,0.6484018683844636,0.10654936160169222,0.07204465204271815,4.541228642855368,181.57483843158164,523.14074198443,0.0,180.74784254955276,0.6484018683844636,10.805617136627085,0.0,0.0,-896.9129980880442,0.0,-7.275957614183426e-12,0.0,-1.1102230246251565e-16
no_feedback_null,stationary,416.1648791648967,416.1648791648967,19815.803055343564,90000.0,0.0,0.0,0.0,0.0,0.0,0.0,0.0,0.0,66.0,0.11779974522140743,0.0,0.0,0.35,1.0,1.0,1.0,1.0,0.8389384566109319,0.8389384566109319,0.8389384566109319,0.0,0.0,0.0,0.0,0.0,0.6591705730184588,0.1065267088126444,0.07324117477982874,4.541829556371698,184.19694465643292,522.1482229691089,0.0,183.358006199822,0.6591705730184588,10.985077599352616,0.0,0.0,-896.7335376253187,0.0,-3.637978807091713e-12,0.0,0.0
no_feedback_null,stationary,422.0778882503484,422.0778882503484,19813.18592386084,90000.0,0.0,0.0,0.0,0.0,0.0,0.0,0.0,0.0,67.0,0.11947348320034458,0.0,0.0,0.35,1.0,1.0,1.0,1.0,0.8508583733661123,0.8508583733661123,0.8508583733661123,0.0,0.0,0.0,0.0,0.0,0.6699188450327322,0.10650410110752084,0.07443542722585912,4.542429488415278,186.8140761391556,521.1575869919778,0.0,185.96321776578947,0.6699188450327322,11.164197552470482,0.0,0.0,-896.5544176722008,0.0,-3.637978807091713e-12,0.0,0.0
no_feedback_null,stationary,427.9796789895998,427.9796789895998,19810.57375768201,90000.0,0.0,0.0,0.0,0.0,0.0,0.0,0.0,0.0,68.0,0.12114404571111907,0.0,0.0,0.35,1.0,1.0,1.0,1.0,0.8627556752815544,0.8627556752815544,0.8627556752815544,0.0,0.0,0.0,0.0,0.0,0.6806467231994845,0.10648153839323819,0.0756274136888316,4.54302844030958,189.42624231798638,520.1688304804774,0.0,188.56348664270482,0.6806467231994845,11.342977642119408,0.0,0.0,-896.3756375825519,0.0,-3.637978807091713e-12,0.0,1.1102230246251565e-16
no_feedback_null,stationary,433.8702726664489,433.8702726664489,19807.96654738674,90000.0,0.0,0.0,0.0,0.0,0.0,0.0,0.0,0.0,69.0,0.12281143877832865,0.0,0.0,0.35,1.0,1.0,1.0,1.0,0.874630405262841,0.874630405262841,0.874630405262841,0.0,0.0,0.0,0.0,0.0,0.6913542462173323,0.10645902057691614,0.07681713846859246,4.543626413377282,192.0334526132554,519.1819498688265,0.0,191.15882220799256,0.6913542462173323,11.521418513211843,0.0,0.0,-896.1971967114595,0.0,-7.275957614183426e-12,0.0,0.0
no_feedback_null,stationary,439.74969052431356,439.74969052431356,19805.364283572573,90000.0,0.0,0.0,0.0,0.0,0.0,0.0,0.0,0.0,70.0,0.124475668415141,0.0,0.0,0.35,1.0,1.0,1.0,1.0,0.8864826061341532,0.8864826061341532,0.8864826061341532,0.0,0.0,0.0,0.0,0.0,0.7020414527114487,0.1064365475658769,0.07800460585682761,4.544223408940269,194.63571642742036,518.1969415980091,0.0,193.7492338212862,0.7020414527114487,11.699520809436292,0.0,0.0,-896.019094415235,0.0,-7.275957614183426e-12,0.0,1.1102230246251565e-16
no_feedback_null,stationary,445.61795376630795,445.61795376630795,19802.76695685489,90000.0,0.0,0.0,0.0,0.0,0.0,0.0,0.0,0.0,71.0,0.12613674062331545,0.0,0.0,0.35,1.0,1.0,1.0,1.0,0.8983123206384248,0.8983123206384248,0.8983123206384248,0.0,0.0,0.0,0.0,0.0,0.7127083812337024,0.10641411926764441,0.07918982013707802,4.544819428319625,197.23304314510025,517.2138021157616,0.0,196.33473082446184,0.7127083812337024,11.877285173259649,0.0,0.0,-895.8413300514117,0.0,-7.275957614183426e-12,0.0,0.0
no_feedback_null,stationary,451.4750835553189,451.4750835553189,19800.174557866885,90000.0,0.0,0.0,0.0,0.0,0.0,0.0,0.0,0.0,72.0,0.1277946613932246,0.0,0.0,0.35,1.0,1.0,1.0,1.0,0.9101195914374962,0.9101195914374962,0.9101195914374962,0.0,0.0,0.0,0.0,0.0,0.723355070262797,0.106391735589944,0.0803727855847552,4.545414472835632,199.82544213310933,516.2325278765595,0.0,198.91532254167183,0.723355070262797,12.054712245929512,0.0,0.0,-895.6639029787418,0.0,-7.275957614183426e-12,0.0,0.0
no_feedback_null,stationary,457.3211010140825,457.3211010140825,19797.5870772595,90000.0,0.0,0.0,0.0,0.0,0.0,0.0,0.0,0.0,73.0,0.12944943670387588,0.0,0.0,0.35,1.0,1.0,1.0,1.0,0.9219044611122685,0.9219044611122685,0.9219044611122685,0.0,0.0,0.0,0.0,0.0,0.7339815582044097,0.10636939644070217,0.08155350646715662,4.546008543807771,202.41292274049079,515.2531153416056,0.0,201.49101827937852,0.7339815582044097,12.231802667476487,0.0,0.0,-895.4868125571948,0.0,-7.275957614183426e-12,0.0,0.0
no_feedback_null,stationary,463.15602722526,463.15602722526,19795.004505701443,90000.0,0.0,0.0,0.0,0.0,0.0,0.0,0.0,0.0,74.0,0.13110107252293324,0.0,0.0,0.35,1.0,1.0,1.0,1.0,0.9336669721628571,0.9336669721628571,0.9336669721628571,0.0,0.0,0.0,0.0,0.0,0.7445878833913301,0.1063471017280459,0.0827319870434811,4.546601642554706,204.99549429855054,514.2755609788161,0.0,204.0618273263877,0.7445878833913301,12.408557076716516,0.0,0.0,-895.3100581479548,0.0,-7.275957614183426e-12,0.0,1.1102230246251565e-16
no_feedback_null,stationary,468.979883231514,468.979883231514,19792.426833879104,90000.0,0.0,0.0,0.0,0.0,0.0,0.0,0.0,0.0,75.0,0.13274957480673852,0.0,0.0,0.35,1.0,1.0,1.0,1.0,0.9454071670087444,0.9454071670087444,0.9454071670087444,0.0,0.0,0.0,0.0,0.0,0.755174084083598,0.10632485136030229,0.0839082315648442,4.547193770394298,207.57316612089082,513.2998612628082,0.0,206.62775895388208,0.755174084083598,12.58497611125316,0.0,0.0,-895.1336391134181,0.0,-3.637978807091713e-12,0.0,0.0
no_feedback_null,stationary,474.7926900355843,474.7926900355843,19789.85405249655,90000.0,0.0,0.0,0.0,0.0,0.0,0.0,0.0,0.0,76.0,0.13439494950033307,0.0,0.0,0.35,1.0,1.0,1.0,1.0,0.9571250879889336,0.9571250879889336,0.9571250879889336,0.0,0.0,0.0,0.0,0.0,0.7657401984686425,0.10630264524599763,0.08508224427429359,4.547784928643586,210.14594750344384,512.3260126748884,0.0,209.1888224154549,0.7657401984686425,12.761060407479926,0.0,0.0,-894.9575548171914,0.0,-7.275957614183426e-12,0.0,-1.1102230246251565e-16
no_feedback_null,stationary,480.59446860036377,480.59446860036377,19787.286152275487,90000.0,0.0,0.0,0.0,0.0,0.0,0.0,0.0,0.0,77.0,0.13603720253747903,0.0,0.0,0.35,1.0,1.0,1.0,1.0,0.9688207773621013,0.9688207773621013,0.9688207773621013,0.0,0.0,0.0,0.0,0.0,0.7762862646614189,0.10628048329385806,0.08625402940682429,4.548375118618792,212.7138477245053,511.35401170303805,0.0,211.7450269471432,0.7762862646614189,12.936810600582545,0.0,0.0,-894.7818046240887,0.0,-7.275957614183426e-12,0.0,0.0
no_feedback_null,stationary,486.38523984897364,486.38523984897364,19784.723123955227,90000.0,0.0,0.0,0.0,0.0,0.0,0.0,0.0,0.0,78.0,0.13767633984068095,0.0,0.0,0.35,1.0,1.0,1.0,1.0,0.9804942773067489,0.9804942773067489,0.9804942773067489,0.0,0.0,0.0,0.0,0.0,0.786812320704547,0.10625836541280784,0.08742359118939409,4.548964341635315,215.27687604476785,510.3838548419022,0.0,214.2963817674611,0.786812320704547,13.112227324541275,0.0,0.0,-894.60638790013,0.0,-3.637978807091713e-12,0.0,-1.1102230246251565e-16
no_feedback_null,stationary,492.16502466483917,492.16502466483917,19782.16495829264,90000.0,0.0,0.0,0.0,0.0,0.0,0.0,0.0,0.0,79.0,0.13931236732120686,0.0,0.0,0.35,1.0,1.0,1.0,1.0,0.9921456299213559,0.9921456299213559,0.9921456299213559,0.0,0.0,0.0,0.0,0.0,0.7973184045684479,0.10623629151196934,0.08859093384093863,4.5495525990077335,217.83504170735426,509.41553859277616,0.0,216.8428960774329,0.7973184045684479,13.287311212133185,0.0,0.0,-894.4313040125381,0.0,-7.275957614183426e-12,0.0,0.0
no_feedback_null,stationary,497.933843891765,497.933843891765,19779.611646062145,90000.0,0.0,0.0,0.0,0.0,0.0,0.0,0.0,0.0,80.0,0.14094529087910987,0.0,0.0,0.35,1.0,1.0,1.0,1.0,1.0037748772245312,1.0037748772245312,1.0037748772245312,0.0,0.0,0.0,0.0,0.0,0.807804554151481,0.10621426150066329,0.08975606157238676,4.550139892049791,220.38835393785124,508.44905946359313,0.0,219.3845790606267,0.807804554151481,13.46206289493443,0.0,0.0,-894.2565523297369,0.0,-3.637978807091713e-12,0.0,2.220446049250313e-16
no_feedback_null,stationary,503.6917183340102,503.6917183340102,19777.063178055654,90000.0,0.0,0.0,0.0,0.0,0.0,0.0,0.0,0.0,81.0,0.14257511640324927,0.0,0.0,0.35,1.0,1.0,1.0,1.0,1.0153820611551645,1.0153820611551645,1.0153820611551645,0.0,0.0,0.0,0.0,0.0,0.8182708072800815,0.1061922752884072,0.0909189785866757,4.550726222074403,222.93682194434223,507.48441396891155,0.0,221.92143988318708,0.8182708072800815,13.636483003322558,0.0,0.0,-894.0821322213487,0.0,-3.637978807091713e-12,0.0,0.0
no_feedback_null,stationary,509.43866875636337,509.43866875636337,19774.519545082552,90000.0,0.0,0.0,0.0,0.0,0.0,0.0,0.0,0.0,82.0,0.14420184977131184,0.0,0.0,0.35,1.0,1.0,1.0,1.0,1.0269672235725777,1.0269672235725777,1.0269672235725777,0.0,0.0,0.0,0.0,0.0,0.8287172017088961,0.10617033278491542,0.09207968907876621,4.5513115903936505,225.48045491744088,506.5215986299026,0.0,224.4534876938683,0.8287172017088961,13.810572166478753,0.0,0.0,-893.9080430581926,0.0,-7.275957614183426e-12,0.0,0.0
no_feedback_null,stationary,515.1747158842176,515.1747158842176,19771.980737969672,90000.0,0.0,0.0,0.0,0.0,0.0,0.0,0.0,0.0,83.0,0.14582549684983304,0.0,0.0,0.35,1.0,1.0,1.0,1.0,1.0385304062566765,1.0385304062566765,1.0385304062566765,0.0,0.0,0.0,0.0,0.0,0.8391437751209196,0.10614843390009904,0.09323819723565772,4.551895998318773,228.01926203032417,505.56060997433747,0.0,226.9807316240675,0.8391437751209196,13.984331012390125,0.0,0.0,-893.7342842122812,0.0,-3.637978807091713e-12,0.0,0.0
no_feedback_null,stationary,520.8998804036449,520.8998804036449,19769.44674756123,90000.0,0.0,0.0,0.0,0.0,0.0,0.0,0.0,0.0,84.0,0.14744606349421813,0.0,0.0,0.35,1.0,1.0,1.0,1.0,1.0500716509080996,1.0500716509080996,1.0500716509080996,0.0,0.0,0.0,0.0,0.0,0.8495505651276317,0.1061265785440644,0.0943945072364035,4.552479447160172,230.55325243876536,504.6014445365753,0.0,229.50318078785725,0.8495505651276317,14.157760167851983,0.0,0.0,-893.5608550568193,0.0,-7.275957614183426e-12,0.0,0.0
no_feedback_null,stationary,526.6141829614711,526.6141829614711,19766.917564718828,90000.0,0.0,0.0,0.0,0.0,0.0,0.0,0.0,0.0,85.0,0.14906355554876327,0.0,0.0,0.35,1.0,1.0,1.0,1.0,1.0615909991483703,1.0615909991483703,1.0615909991483703,0.0,0.0,0.0,0.0,0.0,0.8599376092691305,0.1061047666271142,0.09554862325212558,4.553061938227403,233.08243528116702,503.64409885754986,0.0,232.02084428201866,0.8599376092691305,14.330860258470059,0.0,0.0,-893.3877549662012,0.0,-3.637978807091713e-12,0.0,0.0
no_feedback_null,stationary,532.3176441653504,532.3176441653504,19764.3931803214,90000.0,0.0,0.0,0.0,0.0,0.0,0.0,0.0,0.0,86.0,0.15067797884667677,0.0,0.0,0.35,1.0,1.0,1.0,1.0,1.0730884925200466,1.0730884925200466,1.0730884925200466,0.0,0.0,0.0,0.0,0.0,0.8703049450142711,0.10608299805974529,0.0967005494460301,4.553643472829175,235.60681967859432,502.6885694847579,0.0,234.53373118607428,0.8703049450142711,14.503631908662827,0.0,0.0,-893.2149833160084,0.0,-7.275957614183426e-12,0.0,0.0
no_feedback_null,stationary,538.0102845838393,538.0102845838393,19761.873585265188,90000.0,0.0,0.0,0.0,0.0,0.0,0.0,0.0,0.0,87.0,0.15228933921009985,0.0,0.0,0.35,1.0,1.0,1.0,1.0,1.0845641724868698,1.0845641724868698,1.0845641724868698,0.0,0.0,0.0,0.0,0.0,0.8806526097607983,0.10606127275264947,0.09785028997342202,4.554224052273345,238.12641473480733,501.7348529722464,0.0,237.04185056232046,0.8806526097607983,14.676075741663702,0.0,0.0,-893.0425394830077,0.0,-3.637978807091713e-12,0.0,0.0
no_feedback_null,stationary,543.692124746471,543.692124746471,19759.358770463703,90000.0,0.0,0.0,0.0,0.0,0.0,0.0,0.0,0.0,88.0,0.15389764245012788,0.0,0.0,0.35,1.0,1.0,1.0,1.0,1.096018080433916,1.096018080433916,1.096018080433916,0.0,0.0,0.0,0.0,0.0,0.8909806408354827,0.1060395906167129,0.09899784898172027,4.554803677866917,240.64122953629442,500.7829458806,0.0,239.5452114558605,0.8909806408354827,14.848192379523319,0.0,0.0,-892.8704228451479,0.0,-3.637978807091713e-12,0.0,0.0
no_feedback_null,stationary,549.3631851438296,549.3631851438296,19756.848726847693,90000.0,0.0,0.0,0.0,0.0,0.0,0.0,0.0,0.0,89.0,0.1555028943668312,0.0,0.0,0.35,1.0,1.0,1.0,1.0,1.1074502576677432,1.1074502576677432,1.1074502576677432,0.0,0.0,0.0,0.0,0.0,0.9012890754942555,0.10601795156301469,0.10014323061047281,4.555382350916039,243.15127315230473,499.8328447769284,0.0,242.04382289463697,0.9012890754942555,15.019982443111768,0.0,0.0,-892.6986327815596,0.0,-3.637978807091713e-12,0.0,2.220446049250313e-16
no_feedback_null,stationary,555.0234862276235,555.0234862276235,19754.343445365117,90000.0,0.0,0.0,0.0,0.0,0.0,0.0,0.0,0.0,90.0,0.15710510074927603,0.0,0.0,0.35,1.0,1.0,1.0,1.0,1.1188607454165416,1.1188607454165416,1.1188607454165416,0.0,0.0,0.0,0.0,0.0,0.9115779509223424,0.10599635550282771,0.10128643899137135,4.555960072725998,245.65655463488082,498.8845462348551,0.0,244.53769388946426,0.9115779509223424,15.191446552120835,0.0,0.0,-892.5271686725505,0.0,-3.637978807091713e-12,0.0,0.0
no_feedback_null,stationary,560.6730484107599,560.6730484107599,19751.842916981106,90000.0,0.0,0.0,0.0,0.0,0.0,0.0,0.0,0.0,91.0,0.1587042673755455,0.0,0.0,0.35,1.0,1.0,1.0,1.0,1.1302495848302825,1.1302495848302825,1.1302495848302825,0.0,0.0,0.0,0.0,0.0,0.9218473042343985,0.10597480234761748,0.10242747824826648,4.556536844601218,248.15708301889163,497.93804683450327,0.0,247.02683343406133,0.9218473042343985,15.36258532506625,0.0,0.0,-892.356029899605,0.0,-3.637978807091713e-12,0.0,0.0
no_feedback_null,stationary,566.3118920674176,566.3118920674176,19749.347132677933,90000.0,0.0,0.0,0.0,0.0,0.0,0.0,0.0,0.0,92.0,0.16030040001276025,0.0,0.0,0.35,1.0,1.0,1.0,1.0,1.1416168169808658,1.1416168169808658,1.1416168169808658,0.0,0.0,0.0,0.0,0.0,0.9320971724746416,0.10595329200904179,0.10356635249718238,4.5571126678452565,250.65286732206468,496.99334316248525,0.0,249.5112505050838,0.9320971724746416,15.533399379289902,0.0,0.0,-892.1852158453814,0.0,-3.637978807091713e-12,0.0,0.0
no_feedback_null,stationary,571.9400375331213,571.9400375331213,19746.85608345498,90000.0,0.0,0.0,0.0,0.0,0.0,0.0,0.0,0.0,93.0,0.16189350441709952,0.0,0.0,0.35,1.0,1.0,1.0,1.0,1.1529624828622684,1.1529624828622684,1.1529624828622684,0.0,0.0,0.0,0.0,0.0,0.9423275926169866,0.10593182439895013,0.10470306584633182,4.557687543760803,253.14391654501898,496.0504318118886,0.0,251.9909540621567,0.9423275926169866,15.703889330962081,0.0,0.0,-892.0147258937092,0.0,-3.637978807091713e-12,0.0,0.0
no_feedback_null,stationary,577.557505104814,577.557505104814,19744.3697603287,90000.0,0.0,0.0,0.0,0.0,0.0,0.0,0.0,0.0,94.0,0.16348358633382157,0.0,0.0,0.35,1.0,1.0,1.0,1.0,1.1642866233906923,1.1642866233906923,1.1642866233906923,0.0,0.0,0.0,0.0,0.0,0.9525386015651778,0.10591039942938371,0.10583762239613084,4.558261473649676,255.630239671297,495.10930938226494,0.0,254.4659530479063,0.9525386015651778,15.874055795083686,0.0,0.0,-891.8445594295877,0.0,-3.637978807091713e-12,0.0,0.0
no_feedback_null,stationary,583.164315040931,583.164315040931,19741.8881543326,90000.0,0.0,0.0,0.0,0.0,0.0,0.0,0.0,0.0,95.0,0.16507065149728467,0.0,0.0,0.35,1.0,1.0,1.0,1.0,1.1755892794047118,1.1755892794047118,1.1755892794047118,0.0,0.0,0.0,0.0,0.0,0.9627302361529241,0.10588901701257405,0.10697002623921377,4.558834458812816,258.1118456673976,494.16997247961757,0.0,256.93625638799284,0.9627302361529241,16.04389938548848,0.0,0.0,-891.6747158391828,0.0,-3.637978807091713e-12,0.0,0.0
no_feedback_null,stationary,588.7604875614727,588.7604875614727,19739.41125651719,90000.0,0.0,0.0,0.0,0.0,0.0,0.0,0.0,0.0,96.0,0.16665470563096768,0.0,0.0,0.35,1.0,1.0,1.0,1.0,1.1868704916654216,1.1868704916654216,1.1868704916654216,0.0,0.0,0.0,0.0,0.0,0.9729025331440295,0.10586767706094433,0.1081002814604477,4.559406500550288,260.588743482808,493.2324177163885,0.0,259.40187299114257,0.9729025331440295,16.213420714845252,0.0,0.0,-891.5051945098261,0.0,-3.637978807091713e-12,0.0,0.0
no_feedback_null,stationary,594.3460428480773,594.3460428480773,19736.93905794996,90000.0,0.0,0.0,0.0,0.0,0.0,0.0,0.0,0.0,97.0,0.16823575444749073,0.0,0.0,0.35,1.0,1.0,1.0,1.0,1.198130300856582,1.198130300856582,1.198130300856582,0.0,0.0,0.0,0.0,0.0,0.9830555292325276,0.10584637948710693,0.10922839213694747,4.559977600161275,263.0609420500362,492.29664171144736,0.0,261.8628117491796,0.9830555292325276,16.382620394660073,0.0,0.0,-891.3359948300113,0.0,-3.637978807091713e-12,0.0,0.0
no_feedback_null,stationary,599.9210010440939,599.9210010440939,19734.471549715352,90000.0,0.0,0.0,0.0,0.0,0.0,0.0,0.0,0.0,98.0,0.16981380364863569,0.0,0.0,0.35,1.0,1.0,1.0,1.0,1.209368747584768,1.209368747584768,1.209368747584768,0.0,0.0,0.0,0.0,0.0,0.9931892610428138,0.10582512420386385,0.11035436233809039,4.560547758944077,265.52845028464316,491.3626410900777,0.0,264.31908153705837,0.9931892610428138,16.551499035278493,0.0,0.0,-891.1671161893928,0.0,-3.637978807091713e-12,0.0,0.0
no_feedback_null,stationary,605.4853822546551,605.4853822546551,19732.00872291472,90000.0,0.0,0.0,0.0,0.0,0.0,0.0,0.0,0.0,99.0,0.17138885892536693,0.0,0.0,0.35,1.0,1.0,1.0,1.0,1.220585872379514,1.220585872379514,1.220585872379514,0.0,0.0,0.0,0.0,0.0,1.0033037651297763,0.10580391112420703,0.11147819612553067,4.5611169781961065,267.99127708527504,490.4304124839663,0.0,266.77069121289554,1.0033037651297763,16.72005724588772,0.0,0.0,-890.9985579787835,0.0,-3.637978807091713e-12,0.0,0.0
no_feedback_null,stationary,611.0392065467489,611.0392065467489,19729.550568666302,90000.0,0.0,0.0,0.0,0.0,0.0,0.0,0.0,0.0,100.0,0.17296092595785165,0.0,0.0,0.35,1.0,1.0,1.0,1.0,1.23178171569346,1.23178171569346,1.23178171569346,0.0,0.0,0.0,0.0,0.0,1.0133990779789297,0.10578274016131614,0.11259989755321438,4.561685259213886,270.449431333695,489.49995253119033,0.0,269.21764961800153,1.0133990779789297,16.88829563451886,0.0,0.0,-890.8303195901524,0.0,-3.637978807091713e-12,0.0,0.0
no_feedback_null,stationary,616.5824939492924,616.5824939492924,19727.09707810518,90000.0,0.0,0.0,0.0,0.0,0.0,0.0,0.0,0.0,101.0,0.17453001041548055,0.0,0.0,0.35,1.0,1.0,1.0,1.0,1.2429563179024994,1.2429563179024994,1.2429563179024994,0.0,0.0,0.0,0.0,0.0,1.0234752360065453,0.10576161122856012,0.1137194706673939,4.562252603293046,272.9029218948156,488.57125787620527,0.0,271.6599655769131,1.0234752360065453,17.056214808049077,0.0,0.0,-890.6624004166222,0.0,-3.637978807091713e-12,0.0,0.0
no_feedback_null,stationary,622.1152644532025,622.1152644532025,19724.648242383264,90000.0,0.0,0.0,0.0,0.0,0.0,0.0,0.0,0.0,102.0,0.17609611795688815,0.0,0.0,0.35,1.0,1.0,1.0,1.0,1.2541097193059216,1.2541097193059216,1.2465084719180966,0.007601247387825171,0.0,0.0,0.0,0.0,1.0335322755597838,0.10574052423949538,0.11483691950664261,4.5628190117283225,275.3517576167307,487.64432516983265,0.0,274.0976478974248,1.0335322755597838,17.223815372203795,0.0,0.0,-890.4947998524675,0.0,-3.637978807091713e-12,0.0,0.0
no_feedback_null,stationary,627.637538011469,627.637538011469,19722.204052669247,90000.0,0.0,0.0,0.0,0.0,0.0,0.0,0.0,0.0,103.0,0.17765925422997322,0.0,0.0,0.35,1.0,1.0,1.0,1.0,1.26524196012656,1.26524196012656,1.2462603357254847,0.018981624401075467,0.0,0.0,0.0,0.0,1.043570232916825,0.10571947910786561,0.11595224810186941,4.563384485813552,277.7959473307471,486.7191510692485,0.0,276.5307053706205,1.043570232916825,17.39109793155889,0.0,0.0,-890.3275172931124,0.0,-7.275957614183426e-12,0.0,0.0
no_feedback_null,stationary,633.1493345392263,633.1493345392263,19719.76450014858,90000.0,0.0,0.0,0.0,0.0,0.0,0.0,0.0,0.0,104.0,0.17921942487191914,0.0,0.0,0.35,1.0,1.0,1.0,1.0,1.2763530805109353,1.2763530805109353,1.2460126920594927,0.030340388451442653,0.0,0.0,0.0,0.0,1.0535891442870002,0.10569847574760192,0.11706546047633333,4.5639490268416685,280.23549985141653,485.79573223797064,0.0,278.9591467709056,1.0535891442870002,17.55806308954286,0.0,0.0,-890.1605521351285,0.0,-3.637978807091713e-12,0.0,0.0
no_feedback_null,stationary,638.6506739138251,638.6506739138251,19717.32957602343,90000.0,0.0,0.0,0.0,0.0,0.0,0.0,0.0,0.0,105.0,0.18077663550921433,0.0,0.0,0.35,1.0,1.0,1.0,1.0,1.2874431205294017,1.2874431205294017,1.245765539907426,0.04167758062197586,0.0,0.0,0.0,0.0,1.063589045810922,0.10567751407282178,0.11817656064565797,4.564512636104706,282.67042397656775,484.8740653458472,0.0,281.38298085603833,1.063589045810922,17.724711448439017,0.0,0.0,-889.9939037762323,0.0,-3.637978807091713e-12,0.0,0.0
no_feedback_null,stationary,644.1415759749043,644.1415759749043,19714.89927151266,90000.0,0.0,0.0,0.0,0.0,0.0,0.0,0.0,0.0,106.0,0.18233089175767236,0.0,0.0,0.35,1.0,1.0,1.0,1.0,1.29851212017629,1.29851212017629,1.2455188782587852,0.05299324191750472,0.0,0.0,0.0,0.0,1.0735699735606152,0.10565659399782872,0.1192855526178461,4.5650753148937895,285.10072848733773,483.9541470690444,0.0,283.80221636716146,1.0735699735606152,17.89104360938765,0.0,0.0,-889.8275716152837,0.0,-3.637978807091713e-12,0.0,0.0
no_feedback_null,stationary,649.6220605244621,649.6220605244621,19712.47357785179,90000.0,0.0,0.0,0.0,0.0,0.0,0.0,0.0,0.0,107.0,0.18388219922245236,0.0,0.0,0.35,1.0,1.0,1.0,1.0,1.3095601193700526,1.3095601193700526,1.2452727061052622,0.06428741326479041,0.0,0.0,0.0,0.0,1.0835319635396463,0.10563571543711239,0.120392440393294,4.565637064499135,287.52642214820366,483.03597409003413,0.0,286.2168620288336,1.0835319635396463,18.057060172388205,0.0,0.0,-889.6615550522831,0.0,-7.275957614183426e-12,0.0,-2.220446049250313e-16
no_feedback_null,stationary,655.092147326928,655.092147326928,19710.05248629298,90000.0,0.0,0.0,0.0,0.0,0.0,0.0,0.0,0.0,108.0,0.18543056349807918,0.0,0.0,0.35,1.0,1.0,1.0,1.0,1.3205871579534076,1.3205871579534076,1.2450270224407347,0.07556013551267302,0.0,0.0,0.0,0.0,1.0934750516832543,0.10561487830534738,0.121497227964806,4.566197886210042,289.9475137070146,482.119543097583,0.0,288.6269265490612,1.0934750516832543,18.222761736301432,0.0,0.0,-889.4958534883699,0.0,-3.637978807091713e-12,0.0,-2.220446049250313e-16
no_feedback_null,stationary,660.5518561092339,660.5518561092339,19707.635988104972,90000.0,0.0,0.0,0.0,0.0,0.0,0.0,0.0,0.0,109.0,0.1869759901684635,0.0,0.0,0.35,1.0,1.0,1.0,1.0,1.3315932756934823,1.3315932756934823,1.244781826261257,0.08681144943222528,0.0,0.0,0.0,0.0,1.1033992738584804,0.1055940825173932,0.12259991931760889,4.566757781314903,292.3640118950228,481.2048507867394,0.0,291.03241861932935,1.1033992738584804,18.388148898851576,0.0,0.0,-889.3304663258198,0.0,-3.637978807091713e-12,0.0,0.0
no_feedback_null,stationary,666.0012065608847,666.0012065608847,19705.224074573078,90000.0,0.0,0.0,0.0,0.0,0.0,0.0,0.0,0.0,110.0,0.18851848480692213,0.0,0.0,0.35,1.0,1.0,1.0,1.0,1.3425785122819562,1.3425785122819562,1.244537116565062,0.09804139571689409,0.0,0.0,0.0,0.0,1.113304665864296,0.10557332798829391,0.12370051842936619,4.5673167511011865,294.77592542691536,480.29189385882205,0.0,293.43334691463343,1.113304665864296,18.55322225662849,0.0,0.0,-889.1653929680429,0.0,-7.275957614183426e-12,0.0,0.0
no_feedback_null,stationary,671.4402183340303,671.4402183340303,19702.816736999146,90000.0,0.0,0.0,0.0,0.0,0.0,0.0,0.0,0.0,111.0,0.19005805297619793,0.0,0.0,0.35,1.0,1.0,1.0,1.0,1.353542907335205,1.353542907335205,1.2442928923525516,0.10925001498265344,0.0,0.0,0.0,0.0,1.1231912634317347,0.10555261463327732,0.12479902927019272,4.567874796855443,297.18326300084556,479.38066902140815,0.0,295.82972009351033,1.1231912634317347,18.71798240508986,0.0,0.0,-889.0006328195815,0.0,-7.275957614183426e-12,0.0,2.220446049250313e-16
no_feedback_null,stationary,676.8689110435355,676.8689110435355,19700.413966701526,90000.0,0.0,0.0,0.0,0.0,0.0,0.0,0.0,0.0,112.0,0.19159470022847996,0.0,0.0,0.35,1.0,1.0,1.0,1.0,1.3644865003944422,1.3644865003944422,1.2440491526262918,0.12043734776815052,0.0,0.0,0.0,0.0,1.1330591022240184,0.10553194236775529,0.12589545580266867,4.568431919863299,299.5860332984643,478.47117298832114,0.0,298.2215467980699,1.1330591022240184,18.882429938563266,0.0,0.0,-888.836185286108,0.0,-1.0913936421275139e-11,0.0,0.0
no_feedback_null,stationary,682.2873042670514,682.2873042670514,19698.01575501504,90000.0,0.0,0.0,0.0,0.0,0.0,0.0,0.0,0.0,113.0,0.19312843210542352,0.0,0.0,0.35,1.0,1.0,1.0,1.0,1.3754093309258635,1.3754093309258635,1.24380589639101,0.13160343453485351,0.0,0.0,0.0,0.0,1.142908217836687,0.10551131110732231,0.12698980198185408,4.568988121409454,301.98424498495143,477.5634024796196,0.0,300.60883565402554,1.142908217836687,19.046565450248387,0.0,0.0,-888.6720497744229,0.0,-7.275957614183426e-12,0.0,2.220446049250313e-16
no_feedback_null,stationary,687.6954175450855,687.6954175450855,19695.622093290945,90000.0,0.0,0.0,0.0,0.0,0.0,0.0,0.0,0.0,114.0,0.1946592541381701,0.0,0.0,0.35,1.0,1.0,1.0,1.0,1.3863114383207868,1.3863114383207868,1.2435631226535864,0.14274831566720056,0.0,0.0,0.0,0.0,1.1527386457977276,0.10549072076775627,0.12808207175530303,4.569543402777682,304.3779067090468,476.65735422158406,0.0,302.991595270726,1.1527386457977276,19.21038953221913,0.0,0.0,-888.5082256924521,0.0,-7.275957614183426e-12,0.0,0.0
no_feedback_null,stationary,693.093270381073,693.093270381073,19693.23297289691,90000.0,0.0,0.0,0.0,0.0,0.0,0.0,0.0,0.0,115.0,0.19618717184736734,0.0,0.0,0.35,1.0,1.0,1.0,1.0,1.3971928618957974,1.3971928618957974,1.2433208304230536,0.15387203147274367,0.0,0.0,0.0,0.0,1.1625504215677027,0.1054701712650165,0.12917226906307805,4.570097765250824,306.7670271030817,475.7530249467069,0.0,305.3698342411859,1.1625504215677027,19.373902775425766,0.0,0.0,-888.3447124492455,0.0,-1.0913936421275139e-11,0.0,0.0
no_feedback_null,stationary,698.4808822414459,698.4808822414459,19690.84838521698,90000.0,0.0,0.0,0.0,0.0,0.0,0.0,0.0,0.0,116.0,0.19771219074318888,0.0,0.0,0.35,1.0,1.0,1.0,1.0,1.4080536408928859,1.4080536408928859,1.2430790187105876,0.16497462218229833,0.0,0.0,0.0,0.0,1.1723435805398765,0.10544966251524528,0.13026039783776402,4.5706512101107855,309.15161478301,474.8504113936794,0.0,307.74356114211713,1.1723435805398765,19.537105769697042,0.0,0.0,-888.1815094549743,0.0,-7.275957614183426e-12,0.0,0.0
no_feedback_null,stationary,703.8582725557043,703.8582725557043,19688.468321651555,90000.0,0.0,0.0,0.0,0.0,0.0,0.0,0.0,0.0,117.0,0.19923431632535438,0.0,0.0,0.35,1.0,1.0,1.0,1.0,1.418893814479593,1.418893814479593,1.2428376865295059,0.1760561279500871,0.0,0.0,0.0,0.0,1.182118158040345,0.1054291944347652,0.13134646200448277,4.571203738638538,311.5316783484389,473.94951030737997,0.0,310.1127845339593,1.182118158040345,19.69999910374235,0.0,0.0,-888.018616120929,0.0,-7.275957614183426e-12,0.0,0.0
no_feedback_null,stationary,709.2254607164858,709.2254607164858,19686.092773617333,90000.0,0.0,0.0,0.0,0.0,0.0,0.0,0.0,0.0,118.0,0.20075355408314918,0.0,0.0,0.35,1.0,1.0,1.0,1.0,1.4297134217491494,1.4297134217491494,1.2425968328952584,0.18711658885389099,0.0,0.0,0.0,0.0,1.1918741893281617,0.10540876694008086,0.1324304654809068,4.5717553521141125,313.90722638266027,473.0503184388635,0.0,312.4775129609111,1.1918741893281617,19.862583365153814,0.0,0.0,-887.8560318595175,0.0,-7.275957614183426e-12,0.0,0.0
no_feedback_null,stationary,714.5824660796359,714.5824660796359,19683.72173254731,90000.0,0.0,0.0,0.0,0.0,0.0,0.0,0.0,0.0,119.0,0.20226990949544418,0.0,0.0,0.35,1.0,1.0,1.0,1.0,1.4405125017206162,1.4405125017206162,1.2423564568254282,0.19815604489518812,0.0,0.0,0.0,0.0,1.2016117095954653,0.10538837994787696,0.1335124121772739,4.5723060518166,316.2782674526814,472.15283254534825,0.0,314.8377549509608,1.2016117095954653,20.024859140408427,0.0,0.0,-887.6937560842629,0.0,-7.275957614183426e-12,0.0,0.0
no_feedback_null,stationary,719.9293079642775,719.9293079642775,19681.355189890735,90000.0,0.0,0.0,0.0,0.0,0.0,0.0,0.0,0.0,120.0,0.20378338803071572,0.0,0.0,0.35,1.0,1.0,1.0,1.0,1.4512910933390277,1.4512910933390277,1.2421165573397221,0.20917453599930555,0.0,0.0,0.0,0.0,1.2113307539676081,0.1053680333750186,0.13459230599640087,4.572855839024145,318.64481010925624,471.2570493902047,0.0,317.1935190159172,1.2113307539676081,20.18682701487019,0.0,0.0,-887.5317882098011,0.0,-7.275957614183426e-12,0.0,0.0
no_feedback_null,stationary,725.2660056528806,725.2660056528806,19678.993137113077,90000.0,0.0,0.0,0.0,0.0,0.0,0.0,0.0,0.0,121.0,0.20529399514706495,0.0,0.0,0.35,1.0,1.0,1.0,1.0,1.4620492354755288,1.4620492354755288,1.2418771334599674,0.22017210201556137,0.0,0.0,0.0,0.0,1.2210313575032803,0.10534772713855076,0.13567015083369777,4.573404715013944,321.00686288691566,470.36296574294465,0.0,319.5448136514401,1.2210313575032803,20.348487572792166,0.0,0.0,-887.3701276518791,0.0,-7.275957614183426e-12,0.0,0.0
no_feedback_null,stationary,730.5925783913319,730.5925783913319,19676.635565695993,90000.0,0.0,0.0,0.0,0.0,0.0,0.0,0.0,0.0,122.0,0.20680173629223794,0.0,0.0,0.35,1.0,1.0,1.0,1.0,1.472786966927518,1.472786966927518,1.241638184210107,0.2311487827174112,0.0,0.0,0.0,0.0,1.2307135551946382,0.10532746115569785,0.136745950577182,4.5739526810622495,323.3644343039987,469.47057837920806,0.0,321.89164733707116,1.2307135551946382,20.509841397318645,0.0,0.0,-887.2087738273526,0.0,-7.275957614183426e-12,0.0,0.0
no_feedback_null,stationary,735.9090453890042,735.9090453890042,19674.28246713731,90000.0,0.0,0.0,0.0,0.0,0.0,0.0,0.0,0.0,123.0,0.208306616903645,0.0,0.0,0.35,1.0,1.0,1.0,1.0,1.4835043264187857,1.4835043264187857,1.2413997086161939,0.24210461780259168,0.0,0.0,0.0,0.0,1.2403773819674306,0.10530723534386287,0.13781970910749225,4.574499738444356,325.71753286268313,468.57988408075306,0.0,324.23402853626436,1.2403773819674306,20.67088907048723,0.0,0.0,-887.047726154184,0.0,-7.275957614183426e-12,0.0,0.0
no_feedback_null,stationary,741.2154258188258,741.2154258188258,19671.933832950974,90000.0,0.0,0.0,0.0,0.0,0.0,0.0,0.0,0.0,124.0,0.2098086424083805,0.0,0.0,0.35,1.0,1.0,1.0,1.0,1.4942013525996545,1.4942013525996545,1.2411617057063884,0.2530396468932661,0.0,0.0,0.0,0.0,1.2500228726811242,0.10528704962062752,0.13889143029790266,4.575045888434607,328.06616704901614,467.69087963544297,0.0,326.5719656964165,1.2500228726811242,20.831631173230935,0.0,0.0,-886.8869840514403,0.0,-1.0913936421275139e-11,0.0,0.0
no_feedback_null,stationary,746.5117388173494,746.5117388173494,19669.589654667045,90000.0,0.0,0.0,0.0,0.0,0.0,0.0,0.0,0.0,125.0,0.21130781822324232,0.0,0.0,0.35,1.0,1.0,1.0,1.0,1.504878084047118,1.504878084047118,1.2409241745109487,0.26395390953616954,0.0,0.0,0.0,0.0,1.2596500621290296,0.10526690390375205,0.13996111801433658,4.575591132306388,330.4103453329449,466.8035618372353,0.0,328.9054672488978,1.2596500621290296,20.992068285380277,0.0,0.0,-886.726546939291,0.0,-1.0913936421275139e-11,0.0,-2.220446049250313e-16
no_feedback_null,stationary,751.7980034848212,751.7980034848212,19667.249923831645,90000.0,0.0,0.0,0.0,0.0,0.0,0.0,0.0,0.0,126.0,0.21280414975475143,0.0,0.0,0.35,1.0,1.0,1.0,1.0,1.5155345592649812,1.5155345592649812,1.2406871140622326,0.27484744520274845,0.0,0.0,0.0,0.0,1.2692589850384264,0.10524679811117411,0.14102877611538067,4.576135471332123,332.75007616834716,465.9179274861704,0.0,331.23454160908216,1.2692589850384264,21.152200985665374,0.0,0.0,-886.5664142390059,0.0,-7.275957614183426e-12,0.0,0.0
no_feedback_null,stationary,757.0742388852499,757.0742388852499,19664.914632006927,90000.0,0.0,0.0,0.0,0.0,0.0,0.0,0.0,0.0,127.0,0.21429764239917132,0.0,0.0,0.35,1.0,1.0,1.0,1.0,1.5261708166839973,1.5261708166839973,1.2404505233946845,0.285720293289313,0.0,0.0,0.0,0.0,1.2788496760706898,0.10522673216100874,0.14209440845229881,4.576678906783281,335.08536799306165,465.0339733883596,0.0,333.55919717637767,1.2788496760706898,21.312029851718044,0.0,0.0,-886.4065853729533,0.0,-1.0913936421275139e-11,0.0,0.0
no_feedback_null,stationary,762.3404640464753,762.3404640464753,19662.58377077107,90000.0,0.0,0.0,0.0,0.0,0.0,0.0,0.0,0.0,128.0,0.21578830154252762,0.0,0.0,0.35,1.0,1.0,1.0,1.0,1.5367868946620085,1.5367868946620085,1.24021440154484,0.2965724931171686,0.0,0.0,0.0,0.0,1.2884221698214149,0.10520670597154762,0.14315801886904606,4.577221439930356,337.4162292289186,464.1516963559737,0.0,335.8794423342566,1.2884221698214149,21.471555460073876,0.0,0.0,-886.2470597645975,0.0,-1.0913936421275139e-11,0.0,0.0
no_feedback_null,stationary,767.5966979602371,767.5966979602371,19660.257331718218,90000.0,0.0,0.0,0.0,0.0,0.0,0.0,0.0,0.0,129.0,0.21727613256062733,0.0,0.0,0.35,1.0,1.0,1.0,1.0,1.5473828314840825,1.5473828314840825,1.2399787475513118,0.30740408393277074,0.0,0.0,0.0,0.0,1.2979765008205408,0.10518671946125942,0.14421961120228227,4.577763072042883,339.74266828177014,463.2710932072316,0.0,338.19528545028606,1.2979765008205408,21.630778386174313,0.0,0.0,-886.087836838497,0.0,-1.0913936421275139e-11,0.0,0.0
no_feedback_null,stationary,772.8429595822431,772.8429595822431,19657.93530645847,90000.0,0.0,0.0,0.0,0.0,0.0,0.0,0.0,0.0,130.0,0.2187611408190784,0.0,0.0,0.35,1.0,1.0,1.0,1.0,1.557958665362652,1.557958665362652,1.2397435604547928,0.31821510490785926,0.0,0.0,0.0,0.0,1.3075127035324772,0.10516677254878856,0.1452791892813863,4.578303804389424,342.0646935415204,462.3921607663888,0.0,340.50673487615774,1.3075127035324772,21.78969920436873,0.0,0.0,-885.9289160203026,0.0,-1.0913936421275139e-11,0.0,0.0
no_feedback_null,stationary,778.079267832238,778.079267832238,19655.617686617832,90000.0,0.0,0.0,0.0,0.0,0.0,0.0,0.0,0.0,131.0,0.2202433316733089,0.0,0.0,0.35,1.0,1.0,1.0,1.0,1.5685144344376518,1.5685144344376518,1.2395088392980462,0.32900559513960553,0.0,0.0,0.0,0.0,1.3170308123562269,0.10514686515295525,0.14633675692846962,4.578843638237574,344.3823133821561,461.5148958637259,0.0,342.81379894771845,1.3170308123562269,21.94831848791652,0.0,0.0,-885.7702967367547,0.0,-1.0913936421275139e-11,0.0,0.0
no_feedback_null,stationary,783.305641594071,783.305641594071,19653.30446383821,90000.0,0.0,0.0,0.0,0.0,0.0,0.0,0.0,0.0,132.0,0.2217227104685864,0.0,0.0,0.35,1.0,1.0,1.0,1.0,1.5790501767766556,1.5790501767766556,1.2392745831259009,0.3397755936507547,0.0,0.0,0.0,0.0,1.3265308616255105,0.10512699719275503,0.14739231795839003,4.579382574853947,346.69553616177643,460.6392953355373,0.0,345.11648598499977,1.3265308616255105,22.10663680898913,0.0,0.0,-885.6119784156822,0.0,-1.4551915228366852e-11,0.0,0.0
no_feedback_null,stationary,788.5220997157646,788.5220997157646,19650.995629777364,90000.0,0.0,0.0,0.0,0.0,0.0,0.0,0.0,0.0,133.0,0.22319928254003737,0.0,0.0,0.35,1.0,1.0,1.0,1.0,1.5895659303750154,1.5895659303750154,1.2390407909852512,0.3505251393897643,0.0,0.0,0.0,0.0,1.3360128856088913,0.1051071685873585,0.14844587617876567,4.579920615504185,349.0043702226235,459.76535602411934,0.0,347.4148042922485,1.3360128856088913,22.264654738672174,0.0,0.0,-885.4539604859991,0.0,-1.0913936421275139e-11,0.0,-2.220446049250313e-16
no_feedback_null,stationary,793.7286610095821,793.7286610095821,19648.691176108874,90000.0,0.0,0.0,0.0,0.0,0.0,0.0,0.0,0.0,134.0,0.2246730532126662,0.0,0.0,0.35,1.0,1.0,1.0,1.0,1.6000617331559963,1.6000617331559963,1.2388074619250464,0.3612542712309498,0.0,0.0,0.0,0.0,1.3454769185098971,0.10508737925611046,0.14949743538998853,4.5804577614529505,351.308823891112,458.8930747777596,0.0,349.708762157956,1.3454769185098971,22.422372846967434,0.0,0.0,-885.2962423777038,0.0,-1.4551915228366852e-11,0.0,2.220446049250313e-16
no_feedback_null,stationary,798.9253442520956,798.9253442520956,19646.39109452213,90000.0,0.0,0.0,0.0,0.0,0.0,0.0,0.0,0.0,135.0,0.22614402780137455,0.0,0.0,0.35,1.0,1.0,1.0,1.0,1.6105376229709143,1.6105376229709143,1.23857459499629,0.37196302797462427,0.0,0.0,0.0,0.0,1.3549229944671461,0.10506762911852967,0.1505469993852384,4.580994013963923,353.6089054778597,458.0224484507251,0.0,351.9983678548888,1.3549229944671461,22.57979170279499,0.0,0.0,-885.1388235218762,0.0,-1.0913936421275139e-11,0.0,0.0
no_feedback_null,stationary,804.1121681842535,804.1121681842535,19644.09537672227,90000.0,0.0,0.0,0.0,0.0,0.0,0.0,0.0,0.0,136.0,0.22761221161098047,0.0,0.0,0.35,1.0,1.0,1.0,1.0,1.6209936375992728,1.6209936375992728,1.238342189252033,0.3826514483472398,0.0,0.0,0.0,0.0,1.3643511475544674,0.10504791809430904,0.15159457195049633,4.581529374299801,355.9046232777171,457.153473903251,0.0,354.28362964011785,1.3643511475544674,22.736911873995197,0.0,0.0,-884.9817033506761,0.0,-1.0913936421275139e-11,0.0,0.0
no_feedback_null,stationary,809.2891515114487,809.2891515114487,19641.80401443019,90000.0,0.0,0.0,0.0,0.0,0.0,0.0,0.0,0.0,137.0,0.22907760993623758,0.0,0.0,0.35,1.0,1.0,1.0,1.0,1.631429814748899,1.631429814748899,1.2381102437473697,0.3933195710015295,0.0,0.0,0.0,0.0,1.3737614117810264,0.10502824610331406,0.15264015686455845,4.582063843722295,358.19598556979753,456.2861480015294,0.0,356.5645557550486,1.3737614117810264,22.893733927330803,0.0,0.0,-884.8248812973405,0.0,-1.4551915228366852e-11,0.0,2.220446049250313e-16
no_feedback_null,stationary,814.4563129035855,814.4563129035855,19639.516999382482,90000.0,0.0,0.0,0.0,0.0,0.0,0.0,0.0,0.0,138.0,0.23054022806185415,0.0,0.0,0.35,1.0,1.0,1.0,1.0,1.6418461920560798,1.6418461920560798,1.2378787575394343,0.4039674345166455,0.0,0.0,0.0,0.0,1.383153821091446,0.10500861306558418,0.15368375789904953,4.582597423492127,360.48300061750695,455.42046761769774,0.0,358.84115442545084,1.383153821091446,23.050258428488945,0.0,0.0,-884.6683567961824,0.0,-1.0913936421275139e-11,0.0,0.0
no_feedback_null,stationary,819.6136709951468,819.6136709951468,19637.234323331413,90000.0,0.0,0.0,0.0,0.0,0.0,0.0,0.0,0.0,139.0,0.23200007126251201,0.0,0.0,0.35,1.0,1.0,1.0,1.0,1.6522428070856963,1.6522428070856963,1.237647729687393,0.4145950773983034,0.0,0.0,0.0,0.0,1.3925284093659298,0.10498901890133001,0.15472537881843662,4.583130114869032,362.76567666857346,454.5564296298281,0.0,361.11343386148775,1.3925284093659298,23.20648594208322,0.0,0.0,-884.512129282588,0.0,-1.4551915228366852e-11,0.0,-2.220446049250313e-16
no_feedback_null,stationary,824.7612443852619,824.7612443852619,19634.955978044913,90000.0,0.0,0.0,0.0,0.0,0.0,0.0,0.0,0.0,140.0,0.23345714480288587,0.0,0.0,0.35,1.0,1.0,1.0,1.0,1.6626196973313616,1.6626196973313616,1.2374171592524426,0.425202538078919,0.0,0.0,0.0,0.0,1.4018852104203836,0.10496946353093549,0.15576502338004258,4.583661919111746,365.04402195507777,453.6940309219151,0.0,363.3814022577464,1.4018852104203836,23.362417031655692,0.0,0.0,-884.3561981930156,0.0,-1.0913936421275139e-11,0.0,0.0
no_feedback_null,stationary,829.899051637773,829.899051637773,19632.68195530651,90000.0,0.0,0.0,0.0,0.0,0.0,0.0,0.0,0.0,141.0,0.23491145393766202,0.0,0.0,0.35,1.0,1.0,1.0,1.0,1.6729769002155537,1.6729769002155537,1.2371870452978049,0.43578985491774896,0.0,0.0,0.0,0.0,1.4112242580065388,0.10494994687495521,0.15680269533405983,4.5841928374780165,367.31804469348197,452.83326838386563,0.0,365.64506779326643,1.4112242580065388,23.518052259678967,0.0,0.0,-884.2005629649923,0.0,-7.275957614183426e-12,0.0,-2.220446049250313e-16
no_feedback_null,stationary,835.0271112813026,835.0271112813026,19630.41224691533,90000.0,0.0,0.0,0.0,0.0,0.0,0.0,0.0,0.0,142.0,0.23636300391155735,0.0,0.0,0.35,1.0,1.0,1.0,1.0,1.6833144530897521,1.6833144530897521,1.2369573868887191,0.446357066201033,0.0,0.0,0.0,0.0,1.4205455858120728,0.10493046885411571,0.15783839842356362,4.5847228712245895,369.5877530846599,451.97413891148693,0.0,367.90443863157014,1.4205455858120728,23.673392187558193,0.0,0.0,-884.0452230371131,0.0,-1.0913936421275139e-11,0.0,0.0
no_feedback_null,stationary,840.14544180932,840.14544180932,19628.146844686064,90000.0,0.0,0.0,0.0,0.0,0.0,0.0,0.0,0.0,143.0,0.23781179995933846,0.0,0.0,0.35,1.0,1.0,1.0,1.0,1.6936323932345718,1.6936323932345718,1.236728183092443,0.45690421014212884,0.0,0.0,0.0,0.0,1.429849227460732,0.10491102938931424,0.15887213638452574,4.585252021607213,371.8531553139263,451.11663940647554,0.0,370.15952292069176,1.429849227460732,23.828437375633097,0.0,0.0,-883.8901778490382,0.0,-1.0913936421275139e-11,0.0,-2.220446049250313e-16
no_feedback_null,stationary,845.2540616802081,845.2540616802081,19625.885740448924,90000.0,0.0,0.0,0.0,0.0,0.0,0.0,0.0,0.0,144.0,0.23925784730584024,0.0,0.0,0.35,1.0,1.0,1.0,1.0,1.703930757859898,1.703930757859898,1.2364994329782433,0.4674313248816545,0.0,0.0,0.0,0.0,1.4391352165124516,0.10489162840161834,0.15990391294582793,4.58578028988063,374.1142595510666,450.26076677640634,0.0,372.4103287932067,1.4391352165124516,23.983188383180003,0.0,0.0,-883.7354268414913,0.0,-7.275957614183426e-12,0.0,0.0
no_feedback_null,stationary,850.3529893173302,850.3529893173302,19623.628926049627,90000.0,0.0,0.0,0.0,0.0,0.0,0.0,0.0,0.0,145.0,0.240701151165985,0.0,0.0,0.35,1.0,1.0,1.0,1.0,1.7142095841050193,1.7142095841050193,1.2362711356173925,0.4779384484876269,0.0,0.0,0.0,0.0,1.4484035864634779,0.10487226581226605,0.16093373182927528,4.586307677298586,376.3710739503662,449.406517934721,0.0,374.65686436626123,1.4484035864634779,24.137645768413858,0.0,0.0,-883.5809694562574,0.0,-7.275957614183426e-12,0.0,0.0
no_feedback_null,stationary,855.4422431090958,855.4422431090958,19621.37639334935,90000.0,0.0,0.0,0.0,0.0,0.0,0.0,0.0,0.0,146.0,0.242141716744801,0.0,0.0,0.35,1.0,1.0,1.0,1.0,1.724468909038764,1.724468909038764,1.2360432900831648,0.488425618955599,0.0,0.0,0.0,0.0,1.457654370746489,0.10485294154266478,0.16196159674960986,4.586834185113815,378.62360665063994,448.5538898007176,0.0,376.8991377416012,1.457654370746489,24.29181008849024,0.0,0.0,-883.4268051361811,0.0,-1.0913936421275139e-11,0.0,2.220446049250313e-16
no_feedback_null,stationary,860.5218414090276,860.5218414090276,19619.12813422473,90000.0,0.0,0.0,0.0,0.0,0.0,0.0,0.0,0.0,147.0,0.24357954923744143,0.0,0.0,0.35,1.0,1.0,1.0,1.0,1.7347087696596304,1.7347087696596304,1.235815895450833,0.4988928742087974,0.0,0.0,0.0,0.0,1.4668876027307152,0.10483365551439153,0.16298751141452386,4.587359814578042,380.87186577526137,447.7028792995385,0.0,379.13715700560175,1.4668876027307152,24.445681899507367,0.0,0.0,-883.2729333251639,0.0,-7.275957614183426e-12,0.0,-2.220446049250313e-16
no_feedback_null,stationary,865.5918025358276,865.5918025358276,19616.8841405678,90000.0,0.0,0.0,0.0,0.0,0.0,0.0,0.0,0.0,148.0,0.2450146538292031,0.0,0.0,0.35,1.0,1.0,1.0,1.0,1.744929202895924,1.744929202895924,1.2355889507976585,0.5093402520982655,0.0,0.0,0.0,0.0,1.4761033157220584,0.10481440764919221,0.16401147952467313,4.587884566941986,383.1158594321923,446.8534833621601,0.0,381.37093022929633,1.4761033157220584,24.599261756508103,0.0,0.0,-883.1193534681632,0.0,-7.275957614183426e-12,0.0,2.220446049250313e-16
no_feedback_null,stationary,870.6521447734425,870.6521447734425,19614.64440428598,90000.0,0.0,0.0,0.0,0.0,0.0,0.0,0.0,0.0,149.0,0.246447035695545,0.0,0.0,0.35,1.0,1.0,1.0,1.0,1.755130245605887,1.755130245605887,1.235362455202893,0.519767790402994,0.0,0.0,0.0,0.0,1.4853015429632155,0.10479519786898095,0.16503350477369058,4.588408443455348,385.3555957140116,446.00569892538124,0.0,383.60046546840573,1.4853015429632155,24.752550213481985,0.0,0.0,-882.9660650111894,0.0,-7.275957614183426e-12,0.0,0.0
no_feedback_null,stationary,875.7028863711306,875.7028863711306,19612.408917302047,90000.0,0.0,0.0,0.0,0.0,0.0,0.0,0.0,0.0,150.0,0.24787670000210718,0.0,0.0,0.35,1.0,1.0,1.0,1.0,1.7653119345778345,1.7653119345778345,1.2351364077477702,0.5301755268300644,0.0,0.0,0.0,0.0,1.494482317633795,0.1047760260958403,0.1660535908481994,4.58893144536682,387.5910826979449,445.15952293181255,0.0,385.8257707633671,1.494482317633795,24.90554782336719,0.0,0.0,-882.8130674013041,0.0,-7.275957614183426e-12,0.0,-2.220446049250313e-16
no_feedback_null,stationary,880.7440455435269,880.7440455435269,19610.177671554102,90000.0,0.0,0.0,0.0,0.0,0.0,0.0,0.0,0.0,151.0,0.24930365190472928,0.0,0.0,0.35,1.0,1.0,1.0,1.0,1.775474306530285,1.775474306530285,1.2349108075155042,0.5405634990147808,0.0,0.0,0.0,0.0,1.5036456728504377,0.10475689225202084,0.16707174142782638,4.589453573924072,389.82232844589333,444.3149523298652,0.0,388.04685413936306,1.5036456728504377,25.058255138052544,0.0,0.0,-882.6603600866188,0.0,-3.637978807091713e-12,0.0,0.0
no_feedback_null,stationary,885.775640470709,885.775640470709,19607.95065899553,90000.0,0.0,0.0,0.0,0.0,0.0,0.0,0.0,0.0,152.0,0.25072789654946903,0.0,0.0,0.35,1.0,1.0,1.0,1.0,1.7856173981120929,1.7856173981120929,1.234685653591279,0.5509317445208138,0.0,0.0,0.0,0.0,1.5127916416669376,0.10473779625993995,0.16808796018521524,4.589974830373756,392.04934100446275,443.4719840737397,0.0,390.26372360635065,1.5127916416669376,25.210672708379512,0.0,0.0,-882.5079425162918,0.0,-7.275957614183426e-12,0.0,0.0
no_feedback_null,stationary,890.7976892982628,890.7976892982628,19605.727871595,90000.0,0.0,0.0,0.0,0.0,0.0,0.0,0.0,0.0,153.0,0.252149439072621,0.0,0.0,0.35,1.0,1.0,1.0,1.0,1.7957412459025819,1.7957412459025819,1.234460945062251,0.5612803008403308,0.0,0.0,0.0,0.0,1.5219202570743595,0.10471873804218235,0.16910225078603988,4.590495215961505,394.2721284049927,442.63061512341545,0.0,392.4763871590901,1.5219202570743595,25.3628010841442,0.0,0.0,-882.3558141405271,0.0,-7.275957614183426e-12,0.0,2.220446049250313e-16
no_feedback_null,stationary,895.8102101373477,895.8102101373477,19603.50930133641,90000.0,0.0,0.0,0.0,0.0,0.0,0.0,0.0,0.0,154.0,0.25356828460073494,0.0,0.0,0.35,1.0,1.0,1.0,1.0,1.8058458864116762,1.8058458864116762,1.2342366810175425,0.5716092053941337,0.0,0.0,0.0,0.0,1.531031552001159,0.10469971752149958,0.17011461688901763,4.591014731931926,396.4906986635856,441.79084244463945,0.0,394.6848527771739,1.531031552001159,25.514640814099312,0.0,0.0,-882.203974410572,0.0,-3.637978807091713e-12,0.0,0.0
no_feedback_null,stationary,900.8132210647622,900.8132210647622,19601.29494021886,90000.0,0.0,0.0,0.0,0.0,0.0,0.0,0.0,0.0,155.0,0.25498443825063444,0.0,0.0,0.35,1.0,1.0,1.0,1.0,1.8159313560800325,1.8159313560800325,1.2340128605482326,0.5819184955318,0.0,0.0,0.0,0.0,1.5401255593133012,0.1046807346208091,0.17112506214592232,4.591533379528602,398.7050597811353,440.952663008915,0.0,396.8891284250552,1.5401255593133012,25.666192445956163,0.0,0.0,-882.0524227787151,0.0,-3.637978807091713e-12,0.0,-2.220446049250313e-16
no_feedback_null,stationary,905.8067401230087,905.8067401230087,19599.08478025664,90000.0,0.0,0.0,0.0,0.0,0.0,0.0,0.0,0.0,156.0,0.25639790512943517,0.0,0.0,0.35,1.0,1.0,1.0,1.0,1.8259976912791707,1.8259976912791707,1.2337894827473586,0.5922082085318121,0.0,0.0,0.0,0.0,1.549202311814379,0.10466178926319408,0.17213359020159763,4.59205115999409,400.915219743356,440.1160737934917,0.0,399.0892220520768,1.549202311814379,25.817456526386625,0.0,0.0,-881.9011586982847,0.0,-3.637978807091713e-12,0.0,0.0
no_feedback_null,stationary,910.7907853203592,910.7907853203592,19596.878813479183,90000.0,0.0,0.0,0.0,0.0,0.0,0.0,0.0,0.0,157.0,0.2578086903345635,0.0,0.0,0.35,1.0,1.0,1.0,1.0,1.8360449283116056,1.8360449283116056,1.233566546709909,0.6024783816016965,0.0,0.0,0.0,0.0,1.558261842245732,0.10464288137190361,0.17314020469397015,4.592568074569912,403.1211865208114,439.28107178135355,0.0,401.2851415924998,1.558261842245732,25.968433601025122,0.0,0.0,-881.7501816236462,0.0,-7.275957614183426e-12,0.0,0.0
no_feedback_null,stationary,915.7653746309194,915.7653746309194,19594.677031931053,90000.0,0.0,0.0,0.0,0.0,0.0,0.0,0.0,0.0,158.0,0.25921679895377486,0.0,0.0,0.35,1.0,1.0,1.0,1.0,1.8460731034109776,1.8460731034109776,1.233344051532819,0.6127290518781587,0.0,0.0,0.0,0.0,1.5673041832865633,0.1046240108703518,0.17414490925406254,4.593084124496565,405.32296806894317,438.4476539612089,0.0,403.4768949655322,1.5673041832865633,26.119124214470578,0.0,0.0,-881.5994910102007,0.0,-3.637978807091713e-12,0.0,0.0
no_feedback_null,stationary,920.7305259946941,920.7305259946941,19592.479427671897,90000.0,0.0,0.0,0.0,0.0,0.0,0.0,0.0,0.0,159.0,0.2606222360651718,0.0,0.0,0.35,1.0,1.0,1.0,1.0,1.8560822527421836,1.8560822527421836,1.2331219963149656,0.6229602564272182,0.0,0.0,0.0,0.0,1.5763293675540597,0.10460517768211729,0.17514770750600658,4.59359931101351,407.52057232809943,437.6158173274789,0.0,405.66449007535726,1.5763293675540597,26.269528910288404,0.0,0.0,-881.4490863143828,0.0,-3.637978807091713e-12,0.0,0.0
no_feedback_null,stationary,925.6862573176518,925.6862573176518,19590.285992776433,90000.0,0.0,0.0,0.0,0.0,0.0,0.0,0.0,0.0,160.0,0.2620250067372228,0.0,0.0,0.35,1.0,1.0,1.0,1.0,1.8660724124015078,1.8660724124015078,1.2329003801571639,0.6331720322443438,0.0,0.0,0.0,0.0,1.5853374276035084,0.10458638173094281,0.17614860306705646,4.594113635359172,409.7140072235638,436.78555888028717,0.0,407.84793481116225,1.5853374276035084,26.419648231012467,0.0,0.0,-881.2989669936588,0.0,-3.637978807091713e-12,0.0,0.0
no_feedback_null,stationary,930.6325864717894,930.6325864717894,19588.09671933441,90000.0,0.0,0.0,0.0,0.0,0.0,0.0,0.0,0.0,161.0,0.2634251160287802,0.0,0.0,0.35,1.0,1.0,1.0,1.0,1.8760436184167506,1.8760436184167506,1.2326792021621629,0.6433644162545877,0.0,0.0,0.0,0.0,1.5943283959284136,0.1045676229407357,0.17714759954760148,4.594627098770938,411.9032806655838,435.9568756254487,0.0,410.02723704716703,1.5943283959284136,26.56948271814701,0.0,0.0,-881.1491325065243,0.0,-3.637978807091713e-12,0.0,-2.220446049250313e-16
no_feedback_null,stationary,935.5695312951962,935.5695312951962,19585.911599450596,90000.0,0.0,0.0,0.0,0.0,0.0,0.0,0.0,0.0,162.0,0.26482256898909845,0.0,0.0,0.35,1.0,1.0,1.0,1.0,1.88599590674736,1.88599590674736,1.2324584614346403,0.6535374453127195,0.0,0.0,0.0,0.0,1.6033023049606143,0.10454890123556614,0.17814470055117934,4.595139702485158,414.08840054939935,435.1297645744593,0.0,412.20240464265197,1.6033023049606143,26.719032912168636,0.0,0.0,-880.9995823125026,0.0,-3.637978807091713e-12,0.0,2.220446049250313e-16
no_feedback_null,stationary,940.4971095921187,940.4971095921187,19583.730625244723,90000.0,0.0,0.0,0.0,0.0,0.0,0.0,0.0,0.0,163.0,0.26621737065785245,0.0,0.0,0.35,1.0,1.0,1.0,1.0,1.89592931328456,1.89592931328456,1.2322381570811989,0.6636911562033612,0.0,0.0,0.0,0.0,1.6122591870704026,0.10453021653966828,0.17913990967448915,4.595651447737136,416.2693747552714,434.3042227444843,0.0,414.3734454419868,1.6122591870704026,26.868299352528258,0.0,0.0,-880.850315872143,0.0,-3.637978807091713e-12,0.0,0.0
no_feedback_null,stationary,945.4153391330245,945.4153391330245,19581.553788851485,90000.0,0.0,0.0,0.0,0.0,0.0,0.0,0.0,0.0,164.0,0.2676095260651557,0.0,0.0,0.35,1.0,1.0,1.0,1.0,1.9058438738514814,1.9058438738514814,1.2320182882103612,0.6738255856411202,0.0,0.0,0.0,0.0,1.6211990745666387,0.10451156877743845,0.18013323050740424,4.596162335761138,418.4462111485099,433.4802471583487,0.0,416.5403672746584,1.6211990745666387,27.01728257765303,0.0,0.0,-880.7013326470183,0.0,-7.275957614183426e-12,0.0,0.0
no_feedback_null,stationary,950.3242376546667,950.3242376546667,19579.381082420492,90000.0,0.0,0.0,0.0,0.0,0.0,0.0,0.0,0.0,165.0,0.26899904023157833,0.0,0.0,0.35,1.0,1.0,1.0,1.0,1.9157396242032894,1.9157396242032894,1.231798853932565,0.6839407702707243,0.0,0.0,0.0,0.0,1.6301219996968683,0.10449295787343575,0.18112466663298532,4.596672367790381,420.61891757950286,432.6578348445254,0.0,418.70317795529957,1.6301219996968683,27.16598312494831,0.0,0.0,-880.552632099723,0.0,-3.637978807091713e-12,0.0,0.0
no_feedback_null,stationary,955.2238228601475,955.2238228601475,19577.21249811625,90000.0,0.0,0.0,0.0,0.0,0.0,0.0,0.0,0.0,166.0,0.2703859181681654,0.0,0.0,0.35,1.0,1.0,1.0,1.0,1.925616600027314,1.925616600027314,1.2315798533601603,0.6940367466671538,0.0,0.0,0.0,0.0,1.6390279946474395,0.10447438375238127,0.18211422162749322,4.597181545057038,422.787501883744,431.8369828371251,0.0,420.86188528371673,1.6390279946474395,27.31440153079958,0.0,0.0,-880.4042136938717,0.0,-7.275957614183426e-12,0.0,2.220446049250313e-16
no_feedback_null,stationary,960.1141124189822,960.1141124189822,19575.048028118134,90000.0,0.0,0.0,0.0,0.0,0.0,0.0,0.0,0.0,167.0,0.2717701648764547,0.0,0.0,0.35,1.0,1.0,1.0,1.0,1.9354748369431778,1.9354748369431778,1.2313612856074043,0.7041135513357735,0.0,0.0,0.0,0.0,1.6479170915436177,0.10445584633915818,0.18310189906040192,4.5976898687922265,424.95197188186154,431.0176881758858,0.0,423.01649704491837,1.6479170915436177,27.462538330574386,0.0,0.0,-880.2560768940969,0.0,-3.637978807091713e-12,0.0,0.0
no_feedback_null,stationary,964.9951239671633,964.9951239671633,19572.887664620346,90000.0,0.0,0.0,0.0,0.0,0.0,0.0,0.0,0.0,168.0,0.2731517853484952,0.0,0.0,0.35,1.0,1.0,1.0,1.0,1.945314370502925,1.945314370502925,1.2311431497904557,0.7141712207124694,0.0,0.0,0.0,0.0,1.656789322449703,0.10443734555881046,0.1840877024944114,4.598197340226022,427.11233537964597,430.19994790616124,0.0,425.16702100914307,1.656789322449703,27.610394058624298,0.0,0.0,-880.108221166047,0.0,-7.275957614183426e-12,0.0,0.0
no_feedback_null,stationary,969.8668751072231,969.8668751072231,19570.731399831915,90000.0,0.0,0.0,0.0,0.0,0.0,0.0,0.0,0.0,169.0,0.2745307845668645,0.0,0.0,0.35,1.0,1.0,1.0,1.0,1.9551352361911487,1.9551352361911487,1.2309254450273723,0.7242097911637765,0.0,0.0,0.0,0.0,1.665644719369145,0.10441888133654327,0.18507163548546052,4.59870396058744,429.2686001680784,429.3837590789113,0.0,427.31346493188727,1.665644719369145,27.757969248286802,0.0,0.0,-879.9606459763845,0.0,-7.275957614183426e-12,0.0,0.0
no_feedback_null,stationary,974.7293834082984,974.7293834082984,19568.579225976635,90000.0,0.0,0.0,0.0,0.0,0.0,0.0,0.0,0.0,170.0,0.2759071675046873,0.0,0.0,0.35,1.0,1.0,1.0,1.0,1.9649374694251205,1.9649374694251205,1.2307081704381047,0.7342292989870157,0.0,0.0,0.0,0.0,1.6744833142446587,0.10440045359772215,0.1860537015827398,4.599209731104444,431.42077402335883,428.5691187506907,0.0,429.4558365539337,1.6744833142446587,27.905264431887236,0.0,0.0,-879.813350792784,0.0,-7.275957614183426e-12,0.0,0.0
no_feedback_null,stationary,979.5826664061931,979.5826664061931,19566.43113529306,90000.0,0.0,0.0,0.0,0.0,0.0,0.0,0.0,0.0,171.0,0.27728093912565305,0.0,0.0,0.35,1.0,1.0,1.0,1.0,1.9747211055549163,1.9747211055549163,1.2304913251444956,0.7442297804104209,0.0,0.0,0.0,0.0,1.6833051389583387,0.10438206226787358,0.18703390432870423,4.5997146530039394,433.56886470693377,427.75602398363844,0.0,431.59414360137885,1.6833051389583387,28.052280140740713,0.0,0.0,-879.6663350839306,0.0,-7.275957614183426e-12,0.0,0.0
no_feedback_null,stationary,984.4267416034414,984.4267416034414,19564.287120034467,90000.0,0.0,0.0,0.0,0.0,0.0,0.0,0.0,0.0,172.0,0.278652104384034,0.0,0.0,0.35,1.0,1.0,1.0,1.0,1.9844861798635454,1.9844861798635454,1.2302749082702698,0.7542112715932756,0.0,0.0,0.0,0.0,1.692110225331776,0.10436370727268324,0.18801224725908616,4.600218727511777,435.7128799655246,426.94447184546743,0.0,433.72839378566107,1.692110225331776,28.199016905154043,0.0,0.0,-879.5195983195173,0.0,-7.275957614183426e-12,0.0,0.0
no_feedback_null,stationary,989.2616264693714,989.2616264693714,19562.147172468838,90000.0,0.0,0.0,0.0,0.0,0.0,0.0,0.0,0.0,173.0,0.28002066822470284,0.0,0.0,0.35,1.0,1.0,1.0,1.0,1.9942327275670764,1.9942327275670764,1.2300589189410358,0.7641738086260405,0.0,0.0,0.0,0.0,1.700898605126172,0.10434538853799638,0.18898873390290796,4.600721955852741,437.85282753115536,426.13445940945377,0.0,435.8585948035883,1.700898605126172,28.345475254427658,0.0,0.0,-879.3731399702436,0.0,-7.275957614183426e-12,0.0,0.0
no_feedback_null,stationary,994.0873384401679,994.0873384401679,19560.011284878812,90000.0,0.0,0.0,0.0,0.0,0.0,0.0,0.0,0.0,174.0,0.28138663558315086,0.0,0.0,0.35,1.0,1.0,1.0,1.0,2.0039607838147653,2.0039607838147653,1.2298433562842757,0.7741174275304898,0.0,0.0,0.0,0.0,1.7096703100424533,0.10432710598981729,0.18996336778249476,4.601224339250559,439.98871512118063,425.32598375442643,0.0,437.98475433736587,1.7096703100424533,28.491655716857483,0.0,0.0,-879.2269595078138,0.0,-7.275957614183426e-12,0.0,0.0
no_feedback_null,stationary,998.903894918935,998.903894918935,19557.87944956168,90000.0,0.0,0.0,0.0,0.0,0.0,0.0,0.0,0.0,175.0,0.28275001138550554,0.0,0.0,0.35,1.0,1.0,1.0,1.0,2.0136703836891825,2.0136703836891825,1.2296282194293464,0.784042164259836,0.0,0.0,0.0,0.0,1.7184253717213855,0.10430885955430975,0.19093615241348721,4.601725878927893,442.1205504383135,424.5190419647562,0.0,440.1068800546243,1.7184253717213855,28.63755881973689,0.0,0.0,-879.0810564049344,0.0,-7.275957614183426e-12,0.0,0.0
no_feedback_null,stationary,1003.7113132757592,1003.7113132757592,19555.75165882934,90000.0,0.0,0.0,0.0,0.0,0.0,0.0,0.0,0.0,176.0,0.2841108005485483,0.0,0.0,0.35,1.0,1.0,1.0,1.0,2.023361562206337,2.023361562206337,1.229413507507472,0.7939480546988654,0.0,0.0,0.0,0.0,1.7271638217436878,0.10429064915779522,0.19190709130485414,4.602226576106339,444.248341170653,423.7136311303457,0.0,442.2249796084467,1.7271638217436878,28.783185089358554,0.0,0.0,-878.9354301353128,0.0,-7.275957614183426e-12,0.0,0.0
no_feedback_null,stationary,1008.5096108477719,1008.5096108477719,19553.62790500828,90000.0,0.0,0.0,0.0,0.0,0.0,0.0,0.0,0.0,177.0,0.28546900797973246,0.0,0.0,0.35,1.0,1.0,1.0,1.0,2.0330343543158063,2.0330343543158063,1.2291992196517396,0.8038351346640668,0.0,0.0,0.0,0.0,1.7358856916301475,0.10427247472675355,0.1928761879589052,4.602726432006423,446.3720949917123,422.90974834661847,0.0,444.33906063739647,1.7358856916301475,28.928535051016407,0.0,0.0,-878.7900801736549,0.0,-7.275957614183426e-12,0.0,0.0
no_feedback_null,stationary,1013.298804939212,1013.298804939212,19551.50818043955,90000.0,0.0,0.0,0.0,0.0,0.0,0.0,0.0,0.0,178.0,0.2868246385772005,0.0,0.0,0.35,1.0,1.0,1.0,1.0,2.0426887949008585,2.0426887949008585,1.2289853549970973,0.8137034399037613,0.0,0.0,0.0,0.0,1.7445910128417332,0.10425433618782176,0.19384344587130364,4.603225447847607,448.49181956044595,422.10739071450905,0.0,446.4491307655451,1.7445910128417332,29.073609229007484,0.0,0.0,-878.6450059956638,0.0,-7.275957614183426e-12,0.0,0.0
no_feedback_null,stationary,1018.0789128214883,1018.0789128214883,19549.392477478716,90000.0,0.0,0.0,0.0,0.0,0.0,0.0,0.0,0.0,179.0,0.28817769722980213,0.0,0.0,0.35,1.0,1.0,1.0,1.0,2.0523249187785817,2.0523249187785817,1.228771912680346,0.8235530060982357,0.0,0.0,0.0,0.0,1.753279816779708,0.10423623346779504,0.19480886853107862,4.603723624848279,450.6075225212779,421.30655534045195,0.0,448.5551976024993,1.753279816779708,29.21840814663383,0.0,0.0,-878.5002070780374,0.0,-7.275957614183426e-12,0.0,0.0
no_feedback_null,stationary,1022.8499517332416,1022.8499517332416,19547.280788495867,90000.0,0.0,0.0,0.0,0.0,0.0,0.0,0.0,0.0,180.0,0.28952818881711184,0.0,0.0,0.35,1.0,1.0,1.0,1.0,2.0619427607000067,2.0619427607000067,1.2285588918401396,0.8333838688598674,0.0,0.0,0.0,0.0,1.761952134785744,0.10421816649362463,0.1957724594206382,4.604220964225754,452.71921150412857,420.5072393363713,0.0,450.6572687434286,1.761952134785744,29.362932326204422,0.0,0.0,-878.3556828984669,0.0,-3.637978807091713e-12,0.0,0.0
no_feedback_null,stationary,1027.611938880407,1027.611938880407,19545.173105875554,90000.0,0.0,0.0,0.0,0.0,0.0,0.0,0.0,0.0,181.0,0.29087611820944637,0.0,0.0,0.35,1.0,1.0,1.0,1.0,2.0715423553502346,2.0715423553502346,1.2283462916169787,0.8431960637332561,0.0,0.0,0.0,0.0,1.770607998142034,0.10420013519241923,0.1967342220157815,4.604717467196274,454.82689412444296,419.709439819671,0.0,452.7553517690927,1.770607998142034,29.507182289036994,0.0,0.0,-878.2114329356343,0.0,-3.637978807091713e-12,0.0,0.0
no_feedback_null,stationary,1032.3648914362761,1032.3648914362761,19543.06942201678,90000.0,0.0,0.0,0.0,0.0,0.0,0.0,0.0,0.0,182.0,0.2922214902678823,0.0,0.0,0.35,1.0,1.0,1.0,1.0,2.0811237373485603,2.0811237373485603,1.2281341111532043,0.852989626195356,0.0,0.0,0.0,0.0,1.7792474380714054,0.10418213949144316,0.19769415978571164,4.605213134975003,456.9305779832175,418.9131539132234,0.0,454.84945424586897,1.7792474380714054,29.65115855545997,0.0,0.0,-878.0674566692113,0.0,-3.637978807091713e-12,0.0,0.0
no_feedback_null,stationary,1037.108826541559,1037.108826541559,19540.96972933297,90000.0,0.0,0.0,0.0,0.0,0.0,0.0,0.0,0.0,183.0,0.29356430984427373,0.0,0.0,0.35,1.0,1.0,1.0,1.0,2.0906869412485976,2.0906869412485976,1.2279223495929983,0.8627645916555994,0.0,0.0,0.0,0.0,1.787870485737433,0.10416417931811679,0.19865227619304807,4.605707968776028,459.0302706670282,418.1183787453599,0.0,456.93958372577964,1.787870485737433,29.79486164481432,0.0,0.0,-877.923753579857,0.0,0.0,0.0,-4.440892098500626e-16
no_feedback_null,stationary,1041.843761304445,1041.843761304445,19538.87402025194,90000.0,0.0,0.0,0.0,0.0,0.0,0.0,0.0,0.0,184.0,0.29490458178126955,0.0,0.0,0.35,1.0,1.0,1.0,1.0,2.1002320015384046,2.1002320015384046,1.2277110060823746,0.8725209954560298,0.0,0.0,0.0,0.0,1.7964771722445496,0.1041462546000161,0.1996085746938388,4.606201969812358,461.1259797480571,417.3251114498598,0.0,459.0257477465187,1.7964771722445496,29.93829207545542,0.0,0.0,-877.7803231492159,0.0,-3.637978807091713e-12,0.0,0.0
no_feedback_null,stationary,1046.5697128006664,1046.5697128006664,19536.782287215876,90000.0,0.0,0.0,0.0,0.0,0.0,0.0,0.0,0.0,185.0,0.2962423109123311,0.0,0.0,0.35,1.0,1.0,1.0,1.0,2.109758952640607,2.109758952640607,1.227500079769178,0.8822588728714291,0.0,0.0,0.0,0.0,1.8050675286381612,0.10412836526487225,0.20056305873757344,4.60669513929592,463.2177127841203,416.5333491659403,0.0,461.1079538314797,1.8050675286381612,30.081450364754954,0.0,0.0,-877.6371648599163,0.0,-3.637978807091713e-12,0.0,0.0
no_feedback_null,stationary,1051.2866980735582,1051.2866980735582,19534.6945226813,90000.0,0.0,0.0,0.0,0.0,0.0,0.0,0.0,0.0,186.0,0.29757750206174965,0.0,0.0,0.35,1.0,1.0,1.0,1.0,2.119267828912524,2.119267828912524,1.2272895698030788,0.8919782591094456,0.0,0.0,0.0,0.0,1.8136415859047579,0.1041105112405713,0.20151573176719526,4.607187478437556,465.30547731869507,415.74308903824635,0.0,463.1862094897825,1.8136415859047579,30.224337029102788,0.0,0.0,-877.4942781955685,0.0,-3.637978807091713e-12,0.0,-4.440892098500626e-16
no_feedback_null,stationary,1055.99473413412,1055.99473413412,19532.61071911905,90000.0,0.0,0.0,0.0,0.0,0.0,0.0,0.0,0.0,187.0,0.29891016004466325,0.0,0.0,0.35,1.0,1.0,1.0,1.0,2.12875866464629,2.12875866464629,1.2270794753355692,0.9016791893107207,0.0,0.0,0.0,0.0,1.8221993749720231,0.10409269245515335,0.20246659721911361,4.607678988447026,467.3892808809466,414.95432821684017,0.0,465.26052221630033,1.8221993749720231,30.366952583908763,0.0,0.0,-877.3516626407625,0.0,-3.637978807091713e-12,0.0,0.0
no_feedback_null,stationary,1060.6938379610783,1060.6938379610783,19530.530869014237,90000.0,0.0,0.0,0.0,0.0,0.0,0.0,0.0,0.0,188.0,0.30024028966707494,0.0,0.0,0.35,1.0,1.0,1.0,1.0,2.1382314940689784,2.1382314940689784,1.2268697955199566,0.9113616985490218,0.0,0.0,0.0,0.0,1.8307409267089487,0.10407490883681292,0.20341565852321647,4.6081696705330035,469.4691309857559,414.16706385719067,0.0,467.3308994916869,1.8307409267089487,30.509297543604628,0.0,0.0,-877.2093176810666,0.0,-7.275957614183426e-12,0.0,4.440892098500626e-16
no_feedback_null,stationary,1065.384026500947,1065.384026500947,19528.454964866247,90000.0,0.0,0.0,0.0,0.0,0.0,0.0,0.0,0.0,189.0,0.3015678957258697,0.0,0.0,0.35,1.0,1.0,1.0,1.0,2.147686351342729,2.147686351342729,1.2266605295113646,0.921025821831364,0.0,0.0,0.0,0.0,1.8392662719259472,0.10405716031389857,0.20436291910288298,4.608659525903073,471.5450351337465,413.3812931201638,0.0,469.3973487824038,1.8392662719259472,30.65137242164591,0.0,0.0,-877.0672428030254,0.0,-7.275957614183426e-12,0.0,0.0
no_feedback_null,stationary,1070.0653166680877,1070.0653166680877,19526.382999188685,90000.0,0.0,0.0,0.0,0.0,0.0,0.0,0.0,0.0,190.0,0.3028929830088313,0.0,0.0,0.35,1.0,1.0,1.0,1.0,2.1571232705648646,2.1571232705648646,1.2264516764667244,0.9306715940981402,0.0,0.0,0.0,0.0,1.8477754413749574,0.10403944681491173,0.2053083823749952,4.609148555763731,473.61700081131124,412.5970131720118,0.0,471.4598775407464,1.8477754413749574,30.793177730513662,0.0,0.0,-876.9254374941577,0.0,-3.637978807091713e-12,0.0,4.440892098500626e-16
no_feedback_null,stationary,1074.7377253447723,1074.7377253447723,19524.314964509354,90000.0,0.0,0.0,0.0,0.0,0.0,0.0,0.0,0.0,191.0,0.3042155562946603,0.0,0.0,0.35,1.0,1.0,1.0,1.0,2.1665422857680197,2.1665422857680197,1.2262432355447708,0.9402990502232487,0.0,0.0,0.0,0.0,1.8562684657495612,0.10402176826850712,0.20625205174995118,4.609636761320384,475.6850354906396,411.8142211843635,0.0,473.5184932048716,1.8562684657495612,30.934713981716435,0.0,0.0,-876.7839012429549,0.0,-7.275957614183426e-12,0.0,0.0
no_feedback_null,stationary,1079.401269381243,1079.401269381243,19522.25085337025,90000.0,0.0,0.0,0.0,0.0,0.0,0.0,0.0,0.0,192.0,0.30553562035299087,0.0,0.0,0.35,1.0,1.0,1.0,1.0,2.17594343092026,2.17594343092026,1.2260352059060413,0.9499082250142189,0.0,0.0,0.0,0.0,1.8647453756850911,0.1040041246034921,0.20719393063167674,4.610124143777342,477.7491466297448,411.03291433421333,0.0,475.57320319882456,1.8647453756850911,31.07598168579204,0.0,0.0,-876.6426335388793,0.0,-7.275957614183426e-12,0.0,0.0
no_feedback_null,stationary,1084.055965595773,1084.055965595773,19520.190658327505,90000.0,0.0,0.0,0.0,0.0,0.0,0.0,0.0,0.0,193.0,0.306853179944408,0.0,0.0,0.35,1.0,1.0,1.0,1.0,2.1853267399252068,2.1853267399252068,1.2258275867128703,0.9594991532123364,0.0,0.0,0.0,0.0,1.8732062017587414,0.10398651574882718,0.20813402241763787,4.610610704337825,479.80934167249023,410.2530898039122,0.0,477.62401493256505,1.8732062017587414,31.216981352309425,0.0,0.0,-876.5016338723619,0.0,-3.637978807091713e-12,0.0,4.440892098500626e-16
no_feedback_null,stationary,1088.7018307747273,1088.7018307747273,19518.13437195138,90000.0,0.0,0.0,0.0,0.0,0.0,0.0,0.0,0.0,194.0,0.30816823982046493,0.0,0.0,0.35,1.0,1.0,1.0,1.0,2.1946922466221572,2.1946922466221572,1.225620377129382,0.9690718694927751,0.0,0.0,0.0,0.0,1.8816509744896812,0.10396894163362266,0.2090723304988534,4.611096444203955,481.86562804861677,409.47474478115606,0.0,479.67093580199463,1.8816509744896812,31.357713489870537,0.0,0.0,-876.3609017348008,0.0,-3.637978807091713e-12,0.0,0.0
no_feedback_null,stationary,1093.338881672624,1093.338881672624,19516.081986826226,90000.0,0.0,0.0,0.0,0.0,0.0,0.0,0.0,0.0,195.0,0.30948080472370004,0.0,0.0,0.35,1.0,1.0,1.0,1.0,2.204039984786209,2.204039984786209,1.2254135763214913,0.9786264084647179,0.0,0.0,0.0,0.0,1.8900797243391594,0.10395140218714335,0.21000885825990653,4.611581364576759,483.9180131737693,408.69787645897685,0.0,481.71397318898306,1.8900797243391594,31.498178606112088,0.0,0.0,-876.2204366185592,0.0,-3.637978807091713e-12,0.0,-4.440892098500626e-16
no_feedback_null,stationary,1097.9671350121928,1097.9671350121928,19514.03349555047,90000.0,0.0,0.0,0.0,0.0,0.0,0.0,0.0,0.0,196.0,0.3107908793876539,0.0,0.0,0.35,1.0,1.0,1.0,1.0,2.213369988128379,2.213369988128379,1.2252071834568972,0.9881628046714819,0.0,0.0,0.0,0.0,1.898492481710618,0.10393389733880352,0.2109436090789575,4.612065466656165,485.96650444952326,407.9224820357322,0.0,483.7531344613949,1.898492481710618,31.638377207707446,0.0,0.0,-876.0802380169639,0.0,-7.275957614183426e-12,0.0,0.0
no_feedback_null,stationary,1102.5866074844375,1102.5866074844375,19511.988890736582,90000.0,0.0,0.0,0.0,0.0,0.0,0.0,0.0,0.0,197.0,0.31209846853688655,0.0,0.0,0.35,1.0,1.0,1.0,1.0,2.2226822902957277,2.2226822902957277,1.2250011977050792,0.9976810925906486,0.0,0.0,0.0,0.0,1.9068892769498031,0.10391642701816864,0.21187658632775586,4.612548751640996,488.01110926341204,407.1485587150947,0.0,485.7884269731163,1.9068892769498031,31.77830980036847,0.0,0.0,-875.9403054243028,0.0,-7.275957614183426e-12,0.0,0.0
no_feedback_null,stationary,1107.1973157486948,1107.1973157486948,19509.948165011043,90000.0,0.0,0.0,0.0,0.0,0.0,0.0,0.0,0.0,198.0,0.3134035768869944,0.0,0.0,0.35,1.0,1.0,1.0,1.0,2.2319769248714785,2.2319769248714785,1.2247956182372923,1.0071813066341864,0.0,0.0,0.0,0.0,1.915270140344871,0.10389899115495548,0.2128077933716523,4.613031220728979,490.05183498895275,406.37610370604233,0.0,487.81985806408125,1.915270140344871,31.917976888847274,0.0,0.0,-875.800638335824,0.0,-3.637978807091713e-12,0.0,0.0
no_feedback_null,stationary,1111.7992764326948,1111.7992764326948,19507.911311014323,90000.0,0.0,0.0,0.0,0.0,0.0,0.0,0.0,0.0,199.0,0.3147062091446274,0.0,0.0,0.35,1.0,1.0,1.0,1.0,2.2412539253751405,2.2412539253751405,1.2245904442265627,1.0166634811485777,0.0,0.0,0.0,0.0,1.923635102126499,0.10388158967903065,0.21373723356961097,4.613512875116737,492.0886889856735,405.6051142228484,0.0,489.8474350602984,1.923635102126499,32.057378976938104,0.0,0.0,-875.6612362477332,0.0,-3.637978807091713e-12,0.0,0.0
no_feedback_null,stationary,1116.392506132621,1116.392506132621,19505.878321400854,90000.0,0.0,0.0,0.0,0.0,0.0,0.0,0.0,0.0,200.0,0.3160063700075058,0.0,0.0,0.35,1.0,1.0,1.0,1.0,2.250513325262628,2.250513325262628,1.224385674847688,1.0261276504149401,0.0,0.0,0.0,0.0,1.9319841924679961,0.10386422252041022,0.21466491027422174,4.613993715999786,494.1216785991396,404.83558748507124,0.0,491.871165273877,1.9319841924679961,32.19651656747915,0.0,0.0,-875.5220986571921,0.0,-7.275957614183426e-12,0.0,0.0
no_feedback_null,stationary,1120.97702141317,1120.97702141317,19503.849188839013,90000.0,0.0,0.0,0.0,0.0,0.0,0.0,0.0,0.0,201.0,0.3173040641644371,0.0,0.0,0.35,1.0,1.0,1.0,1.0,2.259755157926381,2.259755157926381,1.2241813092772251,1.0355738486491557,0.0,0.0,0.0,0.0,1.9403174414854079,0.10384688960926106,0.21559082683171193,4.614473744572537,496.1508111609799,404.06752071754454,0.0,493.8910560030535,1.9403174414854079,32.33539016235432,0.0,0.0,-875.383225062317,0.0,-7.275957614183426e-12,0.0,4.440892098500626e-16
no_feedback_null,stationary,1125.5528388076116,1125.5528388076116,19501.82390601108,90000.0,0.0,0.0,0.0,0.0,0.0,0.0,0.0,0.0,202.0,0.3185992962953333,0.0,0.0,0.35,1.0,1.0,1.0,1.0,2.268979456695488,2.268979456695488,1.2239773466934951,1.0450021100019926,0.0,0.0,0.0,0.0,1.948634879237631,0.10382959087589806,0.21651498658195892,4.614952962028293,498.176093988914,403.3009111503668,0.0,495.9071145322185,1.948634879237631,32.47400026249512,0.0,0.0,-875.2446149621762,0.0,-7.275957614183426e-12,0.0,0.0
no_feedback_null,stationary,1130.1199748178478,1130.1199748178478,19499.802465613215,90000.0,0.0,0.0,0.0,0.0,0.0,0.0,0.0,0.0,203.0,0.3198920710712273,0.0,0.0,0.35,1.0,1.0,1.0,1.0,2.278186254835803,2.278186254835803,1.2237737862765743,1.0544124685592287,0.0,0.0,0.0,0.0,1.9569365357265158,0.10381232625078558,0.2174373928585017,4.615431369559248,500.1975343867774,402.5357560188918,0.0,497.9193481319416,1.9569365357265158,32.612347367882386,0.0,0.0,-875.1062678567889,0.0,-7.275957614183426e-12,0.0,0.0
no_feedback_null,stationary,1134.678445914473,1134.678445914473,19497.78486035544,90000.0,0.0,0.0,0.0,0.0,0.0,0.0,0.0,0.0,204.0,0.32118239315429004,0.0,0.0,0.35,1.0,1.0,1.0,1.0,2.287375585550068,2.287375585550068,1.2235706272082898,1.063804958341778,0.0,0.0,0.0,0.0,1.9652224408969778,0.10379509566453692,0.21835804898855304,4.615908968356486,502.21513964454914,401.77205256371866,0.0,499.92776405899906,1.9652224408969778,32.75043197754813,0.0,0.0,-874.9681832471232,0.0,-1.0913936421275139e-11,0.0,0.0
no_feedback_null,stationary,1139.228268536833,1139.228268536833,19495.77108296161,90000.0,0.0,0.0,0.0,0.0,0.0,0.0,0.0,0.0,205.0,0.3224702671978472,0.0,0.0,0.35,1.0,1.0,1.0,1.0,2.2965474819780307,2.2965474819780307,1.2233678686722158,1.073179613305815,0.0,0.0,0.0,0.0,1.973492624637106,0.10377789904791293,0.21927695829301172,4.616385759609979,504.22891703837706,401.0097980306816,0.0,501.932369556399,1.973492624637106,32.88825458957737,0.0,0.0,-874.8303606350939,0.0,-1.0913936421275139e-11,0.0,0.0
no_feedback_null,stationary,1143.7694590930837,1143.7694590930837,19493.761126169386,90000.0,0.0,0.0,0.0,0.0,0.0,0.0,0.0,0.0,206.0,0.32375569784639613,0.0,0.0,0.35,1.0,1.0,1.0,1.0,2.3057019771965654,2.3057019771965654,1.2231655098536742,1.0825364673428912,0.0,0.0,0.0,0.0,1.9817471167782688,0.1037607363318226,0.22019412408647424,4.616861744508584,506.23887383060463,400.24898967084016,0.0,503.93317185340806,1.9817471167782688,33.02581570110985,0.0,0.0,-874.6927995235615,0.0,-1.0913936421275139e-11,0.0,0.0
no_feedback_null,stationary,1148.3020339602524,1148.3020339602524,19491.754982730192,90000.0,0.0,0.0,0.0,0.0,0.0,0.0,0.0,0.0,207.0,0.32503868973562244,0.0,0.0,0.35,1.0,1.0,1.0,1.0,2.3148391042197933,2.3148391042197933,1.2229635499397233,1.0918755542800702,0.0,0.0,0.0,0.0,1.989985947095224,0.10374360744732244,0.22110954967724705,4.617336924240045,508.24501726979713,399.4896247404691,0.0,505.93017816557733,1.989985947095224,33.16311580834191,0.0,0.0,-874.5554994163294,0.0,-1.0913936421275139e-11,0.0,0.0
no_feedback_null,stationary,1152.826009484294,1152.826009484294,19489.75264540922,90000.0,0.0,0.0,0.0,0.0,0.0,0.0,0.0,0.0,208.0,0.3263192474924168,0.0,0.0,0.35,1.0,1.0,1.0,1.0,2.3239588959991986,2.3239588959991986,1.2227619881191591,1.1011969078800392,0.0,0.0,0.0,0.0,1.9982091453062238,0.1037265123256166,0.22202323836735816,4.617811299990991,510.2473545907674,398.73170050104875,0.0,507.92339569476815,1.9982091453062238,33.30015540652822,0.0,0.0,-874.4184598181431,0.0,-1.4551915228366852e-11,0.0,0.0
no_feedback_null,stationary,1157.341401980152,1157.341401980152,19487.754106985383,90000.0,0.0,0.0,0.0,0.0,0.0,0.0,0.0,0.0,209.0,0.3275973757348915,0.0,0.0,0.35,1.0,1.0,1.0,1.0,2.3330613854237487,2.3330613854237487,1.2225608235825103,1.1105005618412385,0.0,0.0,0.0,0.0,2.006416741073124,0.10370945089805583,0.22293519345256926,4.61828487294693,512.2458930146023,397.9752142192552,0.0,509.9128316291785,2.006416741073124,33.43693498998361,0.0,0.0,-874.2816802346877,0.0,-1.4551915228366852e-11,0.0,0.0
no_feedback_null,stationary,1161.8482277318167,1161.8482277318167,19485.759360251297,90000.0,0.0,0.0,0.0,0.0,0.0,0.0,0.0,0.0,210.0,0.3288730790723973,0.0,0.0,0.35,1.0,1.0,1.0,1.0,2.3421466053200146,2.3421466053200146,1.2223600555220326,1.1197865497979818,0.0,0.0,0.0,0.0,2.0146087640014896,0.1036924230961372,0.22384541822238768,4.618757644292253,514.2406397486885,397.22016316695004,0.0,511.8984931433685,2.0146087640014896,33.573455052084825,0.0,0.0,-874.1451601725864,0.0,-1.4551915228366852e-11,0.0,0.0
no_feedback_null,stationary,1166.3465029923832,1166.3465029923832,19483.76839801325,90000.0,0.0,0.0,0.0,0.0,0.0,0.0,0.0,0.0,211.0,0.33014636210553994,0.0,0.0,0.35,1.0,1.0,1.0,1.0,2.3512145884522853,2.3512145884522853,1.2221596831317072,1.129054905320578,0.0,0.0,0.0,0.0,2.022785243640703,0.1036754288515039,0.22475391596007807,4.619229615210231,516.2316019867385,396.466544621171,0.0,513.8803873982862,2.022785243640703,33.70971608527231,0.0,0.0,-874.008899139399,0.0,-1.0913936421275139e-11,0.0,0.0
no_feedback_null,stationary,1170.8362439841117,1170.8362439841117,19481.78121309117,90000.0,0.0,0.0,0.0,0.0,0.0,0.0,0.0,0.0,212.0,0.33141722942619667,0.0,0.0,0.35,1.0,1.0,1.0,1.0,2.360265367522691,2.360265367522691,1.2219597056072333,1.1383056619154575,0.0,0.0,0.0,0.0,2.0309462094840707,0.10365846809594585,0.22566068994267446,4.619700786883014,518.218786908817,395.7143558641218,0.0,515.8585215412943,2.0309462094840707,33.84571858105203,0.0,0.0,-873.8728966436192,0.0,-1.4551915228366852e-11,0.0,0.0
no_feedback_null,stationary,1175.3174668984846,1175.3174668984846,19479.797798318617,90000.0,0.0,0.0,0.0,0.0,0.0,0.0,0.0,0.0,213.0,0.33268568561753303,0.0,0.0,0.35,1.0,1.0,1.0,1.0,2.3692989751713167,2.3692989751713167,1.2217601221460288,1.147538853025288,0.0,0.0,0.0,0.0,2.039091690968928,0.10364154076139735,0.22656574344099192,4.620171160491629,520.2022016813664,394.9635941831624,0.0,517.8329027061951,2.039091690968928,33.98146302999718,0.0,0.0,-873.7371521946741,0.0,-1.4551915228366852e-11,0.0,-4.440892098500626e-16
no_feedback_null,stationary,1179.790187896265,1179.790187896265,19477.81814654275,90000.0,0.0,0.0,0.0,0.0,0.0,0.0,0.0,0.0,214.0,0.33395173525401906,0.0,0.0,0.35,1.0,1.0,1.0,1.0,2.3783154439763226,2.3783154439763226,1.2215609319472238,1.1567545120290987,0.0,0.0,0.0,0.0,2.0472217174767455,0.10362464677993888,0.2274690797196383,4.620640737215975,522.1818534572324,394.21425687079915,0.0,519.803538013256,2.0472217174767455,34.11694992174996,0.0,0.0,-873.6016653029213,0.0,-1.4551915228366852e-11,0.0,0.0
no_feedback_null,stationary,1184.254423107556,1184.254423107556,19475.842250624293,90000.0,0.0,0.0,0.0,0.0,0.0,0.0,0.0,0.0,215.0,0.3352153829014462,0.0,0.0,0.35,1.0,1.0,1.0,1.0,2.38731480645406,2.38731480645406,1.2213621342116563,1.1659526722424034,0.0,0.0,0.0,0.0,2.055336318333238,0.10360778608379535,0.2283707020370264,4.621109518234832,524.1577493756904,393.4663412246756,0.0,521.7704345692364,2.055336318333238,34.25217974502341,0.0,0.0,-873.4664354796479,0.0,-1.4551915228366852e-11,0.0,4.440892098500626e-16
no_feedback_null,stationary,1188.7101886318574,1188.7101886318574,19473.870103437515,90000.0,0.0,0.0,0.0,0.0,0.0,0.0,0.0,0.0,216.0,0.33647663311694326,0.0,0.0,0.35,1.0,1.0,1.0,1.0,2.3962970950591886,2.3962970950591886,1.221163728141869,1.1751333669173194,0.0,0.0,0.0,0.0,2.0634355228084664,0.10359095860533694,0.22927061364538512,4.621577504725845,526.1298965624705,392.7198445475617,0.0,523.7335994674114,2.0634355228084664,34.38715298760309,0.0,0.0,-873.3314622370682,0.0,-1.4551915228366852e-11,0.0,0.0
no_feedback_null,stationary,1193.1575005381246,1193.1575005381246,19471.901697870202,90000.0,0.0,0.0,0.0,0.0,0.0,0.0,0.0,0.0,217.0,0.3377354904489932,0.0,0.0,0.35,1.0,1.0,1.0,1.0,2.4052623421847943,2.4052623421847943,1.2209657129421059,1.1842966292426886,0.0,0.0,0.0,0.0,2.0715193601169464,0.10357416427707639,0.23016881779077178,4.622044697865541,528.0983021297842,391.97476414734524,0.0,525.6930397875994,2.0715193601169464,34.52187013634891,0.0,0.0,-873.1967450883224,0.0,-1.4551915228366852e-11,0.0,-4.440892098500626e-16
no_feedback_null,stationary,1197.5963748648273,1197.5963748648273,19469.937026823634,90000.0,0.0,0.0,0.0,0.0,0.0,0.0,0.0,0.0,218.0,0.33899195943744964,0.0,0.0,0.35,1.0,1.0,1.0,1.0,2.414210580162508,2.414210580162508,1.220768087818307,1.193442492344201,0.0,0.0,0.0,0.0,2.079587859417752,0.10355740303167218,0.2310653177130835,4.62251109882931,530.0629731763494,391.23109733702114,0.0,527.6487625961869,2.079587859417752,34.65633167719684,0.0,0.0,-873.0622835474744,0.0,-1.4551915228366852e-11,0.0,0.0
no_feedback_null,stationary,1202.0268276200059,1202.0268276200059,19467.97608321257,90000.0,0.0,0.0,0.0,0.0,0.0,0.0,0.0,0.0,219.0,0.34024604461355296,0.0,0.0,0.35,1.0,1.0,1.0,1.0,2.423141841262617,2.423141841262617,1.2205708519781067,1.2025709892845107,0.0,0.0,0.0,0.0,2.0876410498146223,0.10354067480192583,0.2319601166460691,4.6229767087914135,532.0239167874156,390.48884143468223,0.0,529.600774946153,2.0876410498146223,34.79053809516068,0.0,0.0,-872.9280771295106,0.0,-1.4551915228366852e-11,0.0,0.0
no_feedback_null,stationary,1206.4488747813296,1206.4488747813296,19466.018859965192,90000.0,0.0,0.0,0.0,0.0,0.0,0.0,0.0,0.0,220.0,0.3414977504999465,0.0,0.0,0.35,1.0,1.0,1.0,1.0,2.4320561576941864,2.4320561576941864,1.2203740046308285,1.211682153063358,0.0,0.0,0.0,0.0,2.095678960356065,0.10352397952078093,0.2328532178173405,4.623441528924982,533.9811400347904,389.74799376350984,0.0,531.5490838770962,2.095678960356065,34.924489874333815,0.0,0.0,-872.7941253503375,0.0,-1.8189894035458565e-11,0.0,0.0
no_feedback_null,stationary,1210.8625322961548,1210.8625322961548,19464.06535002312,90000.0,0.0,0.0,0.0,0.0,0.0,0.0,0.0,0.0,221.0,0.3427470816106935,0.0,0.0,0.35,1.0,1.0,1.0,1.0,2.440953561605172,2.440953561605172,1.2201775449874799,1.2207760166176924,0.0,0.0,0.0,0.0,2.103701620035462,0.10350731712132545,0.23374462444838465,4.62390556040201,535.9346499768645,389.00855165176364,0.0,533.4936964152594,2.103701620035462,35.05818749789098,0.0,0.0,-872.6604277267803,0.0,-1.4551915228366852e-11,0.0,-4.440892098500626e-16
no_feedback_null,stationary,1215.2678160815817,1215.2678160815817,19462.11554634135,90000.0,0.0,0.0,0.0,0.0,0.0,0.0,0.0,0.0,222.0,0.3439940424512926,0.0,0.0,0.35,1.0,1.0,1.0,1.0,2.449834085082539,2.449834085082539,1.2199814722607512,1.2298526128217875,0.0,0.0,0.0,0.0,2.111709057791174,0.10349068753678992,0.23463433975457484,4.624368804393361,537.8844536586372,388.27051243277214,0.0,535.4346195735546,2.111709057791174,35.191631448089915,0.0,0.0,-872.5269837765813,0.0,-1.4551915228366852e-11,0.0,0.0
no_feedback_null,stationary,1219.6647420245124,1219.6647420245124,19460.169441888243,90000.0,0.0,0.0,0.0,0.0,0.0,0.0,0.0,0.0,223.0,0.34523863751869477,0.0,0.0,0.35,1.0,1.0,1.0,1.0,2.458697760152374,2.458697760152374,1.2197857856650092,1.2389119744873647,0.0,0.0,0.0,0.0,2.119701302506645,0.10347409070054601,0.23552236694518272,4.624831262068764,539.8305581117415,387.5338734449233,0.0,537.3718603515891,2.119701302506645,35.32482220627324,0.0,0.0,-872.393793018398,0.0,-1.4551915228366852e-11,0.0,0.0
no_feedback_null,stationary,1224.0533259817075,1224.0533259817075,19458.227029645514,90000.0,0.0,0.0,0.0,0.0,0.0,0.0,0.0,0.0,224.0,0.34648087130131894,0.0,0.0,0.35,1.0,1.0,1.0,1.0,2.4675446187800043,2.4675446187800043,1.2195904844162972,1.247954134363707,0.0,0.0,0.0,0.0,2.127678383010507,0.10345752654610803,0.2364087092233896,4.625292934596806,541.7729703544701,386.79863203165456,0.0,539.30542573569,2.127678383010507,35.457760252870095,0.0,0.0,-872.2608549718012,0.0,-1.4551915228366852e-11,0.0,-4.440892098500626e-16
no_feedback_null,stationary,1228.4335837798437,1228.4335837798437,19456.288302608184,90000.0,0.0,0.0,0.0,0.0,0.0,0.0,0.0,0.0,225.0,0.3477207482790686,0.0,0.0,0.35,1.0,1.0,1.0,1.0,2.4763746928701114,2.4763746928701114,1.2193955677323256,1.2569791251377855,0.0,0.0,0.0,0.0,2.1356403280766814,0.10344099500713226,0.23729336978629786,4.625753823144941,543.7116973918003,386.06478554144377,0.0,541.2353226989302,2.1356403280766814,35.59044606739789,0.0,0.0,-872.1281691572734,0.0,-1.4551915228366852e-11,0.0,0.0
no_feedback_null,stationary,1232.8055312155714,1232.8055312155714,19454.353253784564,90000.0,0.0,0.0,0.0,0.0,0.0,0.0,0.0,0.0,226.0,0.34895827292334797,0.0,0.0,0.35,1.0,1.0,1.0,1.0,2.485188014266846,2.485188014266846,1.219201034832473,1.2659869794343726,0.0,0.0,0.0,0.0,2.1435871664244868,0.1034244960174158,0.23817635182494293,4.626213928879481,545.6467462154192,385.3323313277992,0.0,543.1615582011523,2.1435871664244868,35.72288012846407,0.0,0.0,-871.9957350962072,0.0,-1.8189894035458565e-11,0.0,0.0
no_feedback_null,stationary,1237.1691840555704,1237.1691840555704,19452.421876196233,90000.0,0.0,0.0,0.0,0.0,0.0,0.0,0.0,0.0,227.0,0.3501934496970778,0.0,0.0,0.35,1.0,1.0,1.0,1.0,2.493984614753943,2.493984614753943,1.21900688493778,1.274977729816163,0.0,0.0,0.0,0.0,2.1515189267187416,0.10340802951089685,0.23905765852430458,4.626673252965599,547.5781238037493,384.60126674924993,0.0,545.0841391889954,2.1515189267187416,35.855062913767824,0.0,0.0,-871.8635523109035,0.0,-1.8189894035458565e-11,0.0,0.0
no_feedback_null,stationary,1241.5245580366077,1241.5245580366077,19450.49416287801,90000.0,0.0,0.0,0.0,0.0,0.0,0.0,0.0,0.0,228.0,0.35142628305471163,0.0,0.0,0.35,1.0,1.0,1.0,1.0,2.5027645260548366,2.5027645260548366,1.218813117270946,1.2839514087838906,0.0,0.0,0.0,0.0,2.159435637569864,0.10339159542165437,0.23993729306331815,4.627131796567325,549.5058371219732,383.87158916933686,0.0,547.0030725959183,2.159435637569864,35.98699490010178,0.0,0.0,-871.7316203245696,0.0,-1.4551915228366852e-11,0.0,0.0
no_feedback_null,stationary,1245.871668865594,1245.871668865594,19448.570106877924,90000.0,0.0,0.0,0.0,0.0,0.0,0.0,0.0,0.0,229.0,0.352656777442252,0.0,0.0,0.35,1.0,1.0,1.0,1.0,2.5115277798327735,2.5115277798327735,1.2186197310563238,1.2929080487764497,0.0,0.0,0.0,0.0,2.1673373275339802,0.1033751936839071,0.24081525861488662,4.62758956084755,551.429893122059,383.1432959566027,0.0,548.9183653422261,2.1673373275339802,36.11867656335378,0.0,0.0,-871.5999386613175,0.0,-1.8189894035458565e-11,0.0,0.0
no_feedback_null,stationary,1250.2105322196408,1250.2105322196408,19446.649701257196,90000.0,0.0,0.0,0.0,0.0,0.0,0.0,0.0,0.0,230.0,0.3538849372972663,0.0,0.0,0.35,1.0,1.0,1.0,1.0,2.520274407690929,2.520274407690929,1.2184267255199206,1.3018476821710088,0.0,0.0,0.0,0.0,2.1752240251130233,0.10335882423201496,0.2416915583458914,4.628046546968018,553.3502987427853,382.4163844845824,0.0,550.8300243350943,2.1752240251130233,36.25010837850853,0.0,0.0,-871.4685068461628,0.0,-1.8189894035458565e-11,0.0,-4.440892098500626e-16
no_feedback_null,stationary,1254.5411637461157,1254.5411637461157,19444.732939090216,90000.0,0.0,0.0,0.0,0.0,0.0,0.0,0.0,0.0,231.0,0.35511076704890276,0.0,0.0,0.35,1.0,1.0,1.0,1.0,2.5290044411725194,2.5290044411725194,1.218234099889389,1.3107703412831304,0.0,0.0,0.0,0.0,2.1830957587548383,0.10334248700047675,0.2425661954172042,4.628502756089328,555.2670609097663,381.6908521317945,0.0,552.7380564685938,2.1830957587548383,36.38129081964938,0.0,0.0,-871.337324405022,0.0,-1.8189894035458565e-11,0.0,0.0
no_feedback_null,stationary,1258.8635790627002,1258.8635790627002,19442.819813464506,90000.0,0.0,0.0,0.0,0.0,0.0,0.0,0.0,0.0,232.0,0.35633427111790666,0.0,0.0,0.35,1.0,1.0,1.0,1.0,2.537717911760916,2.537717911760916,1.2180418533940252,1.3196760583668905,0.0,0.0,0.0,0.0,2.190952556853287,0.10332618192393063,0.24343917298369847,4.628958189370935,557.1801865354767,380.9666962817305,0.0,554.6424686237158,2.190952556853287,36.51222435996002,0.0,0.0,-871.2063908647112,0.0,-1.8189894035458565e-11,0.0,0.0
no_feedback_null,stationary,1263.1777937574454,1263.1777937574454,19440.910317480706,90000.0,0.0,0.0,0.0,0.0,0.0,0.0,0.0,0.0,233.0,0.357555453916636,0.0,0.0,0.35,1.0,1.0,1.0,1.0,2.546414850879759,2.546414850879759,1.2178499852647662,1.3285648656149929,0.0,0.0,0.0,0.0,2.1987944477483445,0.10330990893715361,0.24431049419426046,4.629412847971146,559.0896825192766,380.2439143228463,0.0,556.5432676683969,2.1987944477483445,36.642909471726156,0.0,0.0,-871.0757057529452,0.0,-1.8189894035458565e-11,0.0,4.440892098500626e-16
no_feedback_null,stationary,1267.483823388828,1267.483823388828,19439.004444252547,90000.0,0.0,0.0,0.0,0.0,0.0,0.0,0.0,0.0,234.0,0.35877431984907737,0.0,0.0,0.35,1.0,1.0,1.0,1.0,2.55509528989307,2.55509528989307,1.2176584947341844,1.3374367951588857,0.0,0.0,0.0,0.0,2.2066214597262066,0.10329366797506251,0.2451801621918007,4.629866733047121,560.9955557474364,379.52250364855263,0.0,558.4404604575433,2.2066214597262066,36.77334662633723,0.0,0.0,-870.9452685983341,0.0,-1.8189894035458565e-11,0.0,0.0
no_feedback_null,stationary,1271.7816834858068,1271.7816834858068,19437.10218690682,90000.0,0.0,0.0,0.0,0.0,0.0,0.0,0.0,0.0,235.0,0.3599908733108623,0.0,0.0,0.35,1.0,1.0,1.0,1.0,2.563759260105368,2.563759260105368,1.2174673810364853,1.3462918790688827,0.0,0.0,0.0,0.0,2.2144336210193907,0.10327745897271166,0.24604818011326557,4.630319845754868,562.8978130931616,378.80246165720536,0.0,560.3340538330563,2.2144336210193907,36.903536294288145,0.0,0.0,-870.8150789303832,0.0,-1.8189894035458565e-11,0.0,0.0
no_feedback_null,stationary,1276.0713895478784,1276.0713895478784,19435.203538583362,90000.0,0.0,0.0,0.0,0.0,0.0,0.0,0.0,0.0,236.0,0.3612051186892825,0.0,0.0,0.35,1.0,1.0,1.0,1.0,2.572406792761777,2.572406792761777,1.217276643407504,1.355130149354273,0.0,0.0,0.0,0.0,2.2222309598068346,0.10326128186529383,0.24691455108964824,4.6307721872492476,564.7964614166178,378.0837857520961,0.0,562.2240546238561,2.2222309598068346,37.033478945180896,0.0,0.0,-870.6851362794904,0.0,-1.8189894035458565e-11,0.0,0.0
no_feedback_null,stationary,1280.3529570451335,1280.3529570451335,19433.308492435026,90000.0,0.0,0.0,0.0,0.0,0.0,0.0,0.0,0.0,237.0,0.36241706036330606,0.0,0.0,0.35,1.0,1.0,1.0,1.0,2.5810379190481436,2.5810379190481436,1.2170862810846992,1.3639516379634444,0.0,0.0,0.0,0.0,2.2300135042140035,0.10324513658813975,0.24777927824600032,4.6312237586839675,566.6915075649551,377.36647334144357,0.0,564.110469645907,2.2300135042140035,37.16317504772636,0.0,0.0,-870.5554401769449,0.0,-1.8189894035458565e-11,0.0,0.0
no_feedback_null,stationary,1284.6264014183125,1284.6264014183125,19431.417041627647,90000.0,0.0,0.0,0.0,0.0,0.0,0.0,0.0,0.0,238.0,0.3636267027035932,0.0,0.0,0.35,1.0,1.0,1.0,1.0,2.5896526700911475,2.5896526700911475,1.2168962933071525,1.372756376783995,0.0,0.0,0.0,0.0,2.237781282312987,0.10322902307671762,0.24864236470144294,4.631674561211582,568.5829583723331,376.65052183838293,0.0,565.993305702242,2.237781282312987,37.292625069745924,0.0,0.0,-870.4259901549253,0.0,-2.1827872842550278e-11,0.0,0.0
no_feedback_null,stationary,1288.8917380788612,1288.8917380788612,19429.529179340036,90000.0,0.0,0.0,0.0,0.0,0.0,0.0,0.0,0.0,239.0,0.364834050072512,0.0,0.0,0.35,1.0,1.0,1.0,1.0,2.5982510769584146,2.5982510769584146,1.2167066793155619,1.3815443976428528,0.0,0.0,0.0,0.0,2.2455343221226047,0.10321294126663182,0.24950381356917822,4.632124595983496,570.4708206599454,375.9359286609579,0.0,567.872569582987,2.2455343221226047,37.42182947817321,0.0,0.0,-870.2967857464981,0.0,-1.8189894035458565e-11,0.0,0.0
no_feedback_null,stationary,1293.148982408986,1293.148982408986,19427.644898763938,90000.0,0.0,0.0,0.0,0.0,0.0,0.0,0.0,0.0,240.0,0.36603910682415414,0.0,0.0,0.35,1.0,1.0,1.0,1.0,2.6068331706586267,2.6068331706586267,1.2165174383522412,1.3903157323063853,0.0,0.0,0.0,0.0,2.253272651608501,0.10319689109362559,0.2503636279565001,4.632573864149954,572.3551012360442,375.22269123211044,0.0,569.7482680653856,2.253272651608501,37.55078873905566,0.0,0.0,-870.1678264856156,0.0,-1.8189894035458565e-11,0.0,0.0
no_feedback_null,stationary,1297.3981497617099,1297.3981497617099,19425.764193104016,90000.0,0.0,0.0,0.0,0.0,0.0,0.0,0.0,0.0,241.0,0.36724187730435043,0.0,0.0,0.35,1.0,1.0,1.0,1.0,2.6153989821416355,2.6153989821416355,1.2163285696611121,1.3990704124805233,0.0,0.0,0.0,0.0,2.260996298683253,0.10318087249357694,0.2512218109648058,4.633022366860051,574.2358068959647,374.5108069796718,0.0,571.6204079138231,2.260996298683253,37.6795033175564,0.0,0.0,-870.0391119071148,0.0,-1.8189894035458565e-11,0.0,0.0
no_feedback_null,stationary,1301.6392554609274,1301.6392554609274,19423.88705557783,90000.0,0.0,0.0,0.0,0.0,0.0,0.0,0.0,0.0,242.0,0.36844236585068674,0.0,0.0,0.35,1.0,1.0,1.0,1.0,2.623948542298574,2.623948542298574,1.2161400724877056,1.4078084698108686,0.0,0.0,0.0,0.0,2.2687052912064662,0.1031648854025009,0.2520783656896073,4.633470105261722,576.1129444221502,373.8002733363535,0.0,573.4889958798517,2.2687052912064662,37.80797367795576,0.0,0.0,-869.9106415467155,0.0,-1.8189894035458565e-11,0.0,-4.440892098500626e-16
no_feedback_null,stationary,1305.8723148014606,1305.8723148014606,19422.013479415804,90000.0,0.0,0.0,0.0,0.0,0.0,0.0,0.0,0.0,243.0,0.36964057679251955,0.0,0.0,0.35,1.0,1.0,1.0,1.0,2.632481881961968,2.632481881961968,1.2159519460791552,1.416529935882813,0.0,0.0,0.0,0.0,2.276399656984878,0.10314892975654821,0.2529332952205419,4.633917080501744,577.9865205841758,373.0910877397373,0.0,575.3540387022138,2.276399656984878,37.936200283652994,0.0,0.0,-869.7824149410183,0.0,-2.1827872842550278e-11,0.0,0.0
no_feedback_null,stationary,1310.0973430491133,1310.0973430491133,19420.143457861206,90000.0,0.0,0.0,0.0,0.0,0.0,0.0,0.0,0.0,244.0,0.37083651445099153,0.0,0.0,0.35,1.0,1.0,1.0,1.0,2.6409990319058463,2.6409990319058463,1.2157641896841933,1.425234842221653,0.0,0.0,0.0,0.0,2.2840794237724564,0.1031330054920062,0.253786602641384,4.6343632937257375,579.8565421387731,372.3832476322667,0.0,577.2155431068672,2.2840794237724564,38.06418359716798,0.0,0.0,-869.6544316275033,0.0,-2.1827872842550278e-11,0.0,-4.440892098500626e-16
no_feedback_null,stationary,1314.3143554407266,1314.3143554407266,19418.276984170123,90000.0,0.0,0.0,0.0,0.0,0.0,0.0,0.0,0.0,245.0,0.37203018313904707,0.0,0.0,0.35,1.0,1.0,1.0,1.0,2.6495000228458516,2.6495000228458516,1.2155768025531486,1.433923220292703,0.0,0.0,0.0,0.0,2.2917446192705,0.10311711254529599,0.25463829103005553,4.634808746078164,581.7230158298548,371.6767504612378,0.0,579.073515807009,2.2917446192705,38.19192408014288,0.0,0.0,-869.5266911445284,0.0,-2.1827872842550278e-11,0.0,0.0
no_feedback_null,stationary,1318.5233671842338,1318.5233671842338,19416.414051611442,90000.0,0.0,0.0,0.0,0.0,0.0,0.0,0.0,0.0,246.0,0.37322158716144804,0.0,0.0,0.35,1.0,1.0,1.0,1.0,2.6579848854393533,2.6579848854393533,1.2153897839379422,1.442595101501411,0.0,0.0,0.0,0.0,2.299395271127741,0.10310125085297489,0.2554883634586378,4.635253438702321,583.5859483885388,370.97159367878936,0.0,580.9279635030995,2.299395271127741,38.3194221933438,0.0,0.0,-869.3991930313275,0.0,-1.8189894035458565e-11,0.0,-4.440892098500626e-16
no_feedback_null,stationary,1322.7243934587154,1322.7243934587154,19414.554653466806,90000.0,0.0,0.0,0.0,0.0,0.0,0.0,0.0,0.0,247.0,0.37441073081478904,0.0,0.0,0.35,1.0,1.0,1.0,1.0,2.666453650285555,2.666453650285555,1.2152031330920836,1.4512505171934715,0.0,0.0,0.0,0.0,2.3070314069404385,0.10308542035173447,0.256336822993382,4.635697372740349,585.4453465331725,370.2677747418941,0.0,582.7788928828869,2.3070314069404385,38.446678396662406,0.0,0.0,-869.2719368280088,0.0,-2.1827872842550278e-11,0.0,0.0
no_feedback_null,stationary,1326.9174494144538,1326.9174494144538,19412.69878303062,90000.0,0.0,0.0,0.0,0.0,0.0,0.0,0.0,0.0,248.0,0.37559761838751327,0.0,0.0,0.35,1.0,1.0,1.0,1.0,2.6749063479256088,2.6749063479256088,1.2150168492706666,1.4598894986549422,0.0,0.0,0.0,0.0,2.3146530542524877,0.10306962097840064,0.2571836726947208,4.636140549333224,587.3012169693571,369.56529111234937,0.0,584.6263106214316,2.3146530542524877,38.5736931491177,0.0,0.0,-869.1449220755536,0.0,-2.1827872842550278e-11,0.0,-4.440892098500626e-16
no_feedback_null,stationary,1331.1025501729875,1331.1025501729875,19410.846433610008,90000.0,0.0,0.0,0.0,0.0,0.0,0.0,0.0,0.0,249.0,0.3767822541599275,0.0,0.0,0.35,1.0,1.0,1.0,1.0,2.683343008842722,2.683343008842722,1.2148309317303692,1.4685120771123528,0.0,0.0,0.0,0.0,2.3222602405555097,0.10305385266993358,0.2580289156172788,4.6365829696207586,589.1535663899717,368.86414025676845,0.0,586.470223381129,2.3222602405555097,38.70046690885757,0.0,0.0,-869.0181483158137,0.0,-2.1827872842550278e-11,0.0,0.0
no_feedback_null,stationary,1335.2797108271657,1335.2797108271657,19408.99759852478,90000.0,0.0,0.0,0.0,0.0,0.0,0.0,0.0,0.0,250.0,0.37796464240421784,0.0,0.0,0.35,1.0,1.0,1.0,1.0,2.6917636634622664,2.6917636634622664,1.2146453797294443,1.4771182837328223,0.0,0.0,0.0,0.0,2.3298529932889553,0.1030381153634273,0.25887255480988386,4.637024634741602,591.0024014751972,368.16431964657073,0.0,588.310637811735,2.3298529932889553,38.82700013316044,0.0,0.0,-868.8916150915109,0.0,-2.1827872842550278e-11,0.0,-4.440892098500626e-16
no_feedback_null,stationary,1339.4489464412034,1339.4489464412034,19407.15227110744,90000.0,0.0,0.0,0.0,0.0,0.0,0.0,0.0,0.0,251.0,0.37914478738446505,0.0,0.0,0.35,1.0,1.0,1.0,1.0,2.7001683421518927,2.7001683421518927,1.2144601925277203,1.4857081496241724,0.0,0.0,0.0,0.0,2.337431339840205,0.10302240899610966,0.2597145933155783,4.637465545833237,592.8477288925409,367.465826757973,0.0,590.147560550389,2.337431339840205,38.953293278437016,0.0,0.0,-868.7653219462343,0.0,-1.8189894035458565e-11,0.0,0.0
no_feedback_null,stationary,1343.6102720507351,1343.6102720507351,19405.31044470312,90000.0,0.0,0.0,0.0,0.0,0.0,0.0,0.0,0.0,252.0,0.38032269335666014,0.0,0.0,0.35,1.0,1.0,1.0,1.0,2.708557075221636,2.708557075221636,1.214275369386597,1.4942817058350386,0.0,0.0,0.0,0.0,2.3449953075446652,0.10300673350534102,0.26055503417162945,4.637905704031983,594.6895552968604,366.76865907198004,0.0,591.9809982216387,2.3449953075446652,39.079346800231846,0.0,0.0,-868.6392684244395,0.0,-2.1827872842550278e-11,0.0,0.0
no_feedback_null,stationary,1347.7637026628695,1347.7637026628695,19403.47211266959,90000.0,0.0,0.0,0.0,0.0,0.0,0.0,0.0,0.0,253.0,0.3814983645687192,0.0,0.0,0.35,1.0,1.0,1.0,1.0,2.7169298929240253,2.7169298929240253,1.2140909095690404,1.5028389833549847,0.0,0.0,0.0,0.0,2.352544923685869,0.10299108882861509,0.2613938804095409,4.638345110472989,596.5278873303872,366.0728140743761,0.0,593.8109574374632,2.352544923685869,39.205161153225006,0.0,0.0,-868.5134540714463,0.0,-2.1827872842550278e-11,0.0,4.440892098500626e-16
no_feedback_null,stationary,1351.9092532562433,1351.9092532562433,19401.637268377228,90000.0,0.0,0.0,0.0,0.0,0.0,0.0,0.0,0.0,254.0,0.38267180526049943,0.0,0.0,0.35,1.0,1.0,1.0,1.0,2.7252868254541958,2.7252868254541958,1.21390681233958,1.5113800131146156,0.0,0.0,0.0,0.0,2.3600802154955742,0.10297547490355756,0.26223113505506374,4.63878376629024,598.3627316227513,365.3782892557153,0.0,595.6374447972971,2.3600802154955742,39.33073679123374,0.0,0.0,-868.3878784334375,0.0,-2.1827872842550278e-11,0.0,0.0
no_feedback_null,stationary,1356.0469387810747,1356.0469387810747,19399.805905208974,90000.0,0.0,0.0,0.0,0.0,0.0,0.0,0.0,0.0,255.0,0.3838430196638136,0.0,0.0,0.35,1.0,1.0,1.0,1.0,2.733627902949993,2.733627902949993,1.2137230769643068,1.5199048259856858,0.0,0.0,0.0,0.0,2.367601210153859,0.10295989166792756,0.26306680112820646,4.63922167261655,600.1940947910044,364.68508211131257,0.0,597.4604668880544,2.367601210153859,39.456074167214055,0.0,0.0,-868.2625410574573,0.0,-2.1827872842550278e-11,0.0,-4.440892098500626e-16
no_feedback_null,stationary,1360.1767741592187,1360.1767741592187,19397.978016560333,90000.0,0.0,0.0,0.0,0.0,0.0,0.0,0.0,0.0,256.0,0.3850120120024462,0.0,0.0,0.35,1.0,1.0,1.0,1.0,2.7419531554920855,2.7419531554920855,1.2135397027108674,1.528413452781218,0.0,0.0,0.0,0.0,2.375107934789223,0.10294433905961527,0.26390088164324693,4.639658830583564,602.0219834396444,363.99319014123523,0.0,599.2800302841523,2.375107934789223,39.5811737332624,0.0,0.0,-868.1374414914089,0.0,-2.1827872842550278e-11,0.0,0.0
no_feedback_null,stationary,1364.2987742842197,1364.2987742842197,19396.15359583934,90000.0,0.0,0.0,0.0,0.0,0.0,0.0,0.0,0.0,257.0,0.38617878649216797,0.0,0.0,0.35,1.0,1.0,1.0,1.0,2.7502626131040726,2.7502626131040726,1.2133566888484613,1.5369059242556111,0.0,0.0,0.0,0.0,2.3826004164786863,0.10292881701664335,0.2647333796087428,4.640095241321757,603.8464041606389,363.3026108502932,0.0,601.0961415475349,2.3826004164786863,39.706035940617305,0.0,0.0,-868.012579284054,0.0,-2.1827872842550278e-11,0.0,4.440892098500626e-16
no_feedback_null,stationary,1368.4129540213653,1368.4129540213653,19394.33263646653,90000.0,0.0,0.0,0.0,0.0,0.0,0.0,0.0,0.0,258.0,0.3873433473407512,0.0,0.0,0.35,1.0,1.0,1.0,1.0,2.7585563057525895,2.7585563057525895,1.213174034647839,1.5453822711047505,0.0,0.0,0.0,0.0,2.3900786822478826,0.10291332547716464,0.26556429802754244,4.640530905960432,605.6673635334489,362.6133417480305,0.0,602.9088072276963,2.3900786822478826,39.83066123966096,0.0,0.0,-867.8879539850103,0.0,-2.1827872842550278e-11,0.0,-4.440892098500626e-16
no_feedback_null,stationary,1372.5193282077405,1372.5193282077405,19392.515131874927,90000.0,0.0,0.0,0.0,0.0,0.0,0.0,0.0,0.0,259.0,0.3885056987479854,0.0,0.0,0.35,1.0,1.0,1.0,1.0,2.7668342633474197,2.7668342633474197,1.212991739381295,1.5538425239661247,0.0,0.0,0.0,0.0,2.3975427590711598,0.10289786437946444,0.2663936398967955,4.640965825627721,607.4848681250525,361.9253803487162,0.0,604.7180338617051,2.3975427590711598,39.95505007992087,0.0,0.0,-867.7635651447504,0.0,-2.1827872842550278e-11,0.0,0.0
no_feedback_null,stationary,1376.6179116522812,1376.6179116522812,19390.70107551001,90000.0,0.0,0.0,0.0,0.0,0.0,0.0,0.0,0.0,260.0,0.389665844905692,0.0,0.0,0.35,1.0,1.0,1.0,1.0,2.7750965157416005,2.7750965157416005,1.2128098023226668,1.5622867134189335,0.0,0.0,0.0,0.0,2.404992673871678,0.1028824336619582,0.26722140820796414,4.6414000014505845,609.2989244899691,361.23872417133504,0.0,606.5238279742275,2.404992673871678,40.079202910071515,0.0,0.0,-867.6394123145998,0.0,-2.1827872842550278e-11,0.0,4.440892098500626e-16
no_feedback_null,stationary,1380.708719135827,1380.708719135827,19388.890460829698,90000.0,0.0,0.0,0.0,0.0,0.0,0.0,0.0,0.0,261.0,0.3908237899977395,0.0,0.0,0.35,1.0,1.0,1.0,1.0,2.783343092731531,2.783343092731531,1.2126282227473333,1.5707148699841977,0.0,0.0,0.0,0.0,2.412428453521505,0.10286703326319205,0.2680476059468338,4.641833434554805,611.1095391702825,360.5533707395791,0.0,608.3261960775509,2.412428453521505,40.20312017793588,0.0,0.0,-867.5154950467354,0.0,-1.8189894035458565e-11,0.0,0.0
no_feedback_null,stationary,1384.7917654111745,1384.7917654111745,19387.083281304316,90000.0,0.0,0.0,0.0,0.0,0.0,0.0,0.0,0.0,262.0,0.39197953820005854,0.0,0.0,0.35,1.0,1.0,1.0,1.0,2.7915740240570783,2.7915740240570783,1.2124469999322054,1.579127024124873,0.0,0.0,0.0,0.0,2.4198501248417132,0.1028516631218418,0.2688722360935236,4.642266126064994,612.9167186956644,359.8693175818388,0.0,610.1251446716072,2.4198501248417132,40.32680233048715,0.0,0.0,-867.3918128941841,0.0,-1.8189894035458565e-11,0.0,-4.440892098500626e-16
no_feedback_null,stationary,1388.8670652031315,1388.8670652031315,19385.27953041658,90000.0,0.0,0.0,0.0,0.0,0.0,0.0,0.0,0.0,263.0,0.39313309368065724,0.0,0.0,0.35,1.0,1.0,1.0,1.0,2.7997893394016886,2.7997893394016886,1.212266133155729,1.5875232062459594,0.0,0.0,0.0,0.0,2.4272577146024767,0.10283632317671434,0.26969530162249733,4.642698077104589,614.7204695833985,359.18656223119336,0.0,611.9206802439968,2.4272577146024767,40.45024981385027,0.0,0.0,-867.268365410821,0.0,-2.1827872842550278e-11,0.0,4.440892098500626e-16
no_feedback_null,stationary,1392.934633208569,1392.934633208569,19383.479201661576,90000.0,0.0,0.0,0.0,0.0,0.0,0.0,0.0,0.0,264.0,0.3942844605996361,0.0,0.0,0.35,1.0,1.0,1.0,1.0,2.80798906839249,2.80798906839249,1.2120856216978773,1.5959034466946125,0.0,0.0,0.0,0.0,2.4346512495231707,0.10282101336674448,0.27051680550257445,4.643129288795847,616.5207983384039,358.5051022254023,0.0,613.7128092700113,2.4346512495231707,40.573463073303635,0.0,0.0,-867.1451521513677,0.0,-2.1827872842550278e-11,0.0,0.0
no_feedback_null,stationary,1396.9944840964747,1396.9944840964747,19381.682288546723,90000.0,0.0,0.0,0.0,0.0,0.0,0.0,0.0,0.0,265.0,0.3954336431092027,0.0,0.0,0.35,1.0,1.0,1.0,1.0,2.8161732406004014,2.8161732406004014,1.2119054648401497,1.6042677757602515,0.0,0.0,0.0,0.0,2.4420307562724624,0.10280573363099857,0.27133675069694024,4.6435597622598515,618.3177114532576,357.82493510689704,0.0,615.5015382126572,2.4420307562724624,40.69644255328058,0.0,0.0,-867.0221726713908,0.0,-1.8189894035458565e-11,0.0,0.0
no_feedback_null,stationary,1401.0466325080063,1401.0466325080063,19379.88878459176,90000.0,0.0,0.0,0.0,0.0,0.0,0.0,0.0,0.0,266.0,0.3965806453536872,0.0,0.0,0.35,1.0,1.0,1.0,1.0,2.8243418855402393,2.8243418855402393,1.2117256618655654,1.6126162236746742,0.0,0.0,0.0,0.0,2.4493962614684124,0.10279048390867036,0.27215514016315684,4.643989498616509,620.1112154082197,357.1460584227711,0.0,617.2868735226795,2.4493962614684124,40.81918869737109,0.0,0.0,-866.8994265273002,0.0,-2.1827872842550278e-11,0.0,0.0
no_feedback_null,stationary,1405.091093056543,1405.091093056543,19378.098683328728,90000.0,0.0,0.0,0.0,0.0,0.0,0.0,0.0,0.0,267.0,0.3977254714695567,0.0,0.0,0.35,1.0,1.0,1.0,1.0,2.8324950326708236,2.8324950326708236,1.2115462120586649,1.620948820612159,0.0,0.0,0.0,0.0,2.456747791678567,0.10277526413908286,0.27297197685317404,4.644418498984545,621.9013166712548,356.46846972477204,0.0,619.0688216385839,2.456747791678567,40.94170194832332,0.0,0.0,-866.776913276348,0.0,-1.8189894035458565e-11,0.0,-4.440892098500626e-16
no_feedback_null,stationary,1409.1278803277398,1409.1278803277398,19376.311978301925,90000.0,0.0,0.0,0.0,0.0,0.0,0.0,0.0,0.0,268.0,0.3988681255854308,0.0,0.0,0.35,1.0,1.0,1.0,1.0,2.840632711395084,2.840632711395084,1.2113671147055005,1.6292655966895835,0.0,0.0,0.0,0.0,2.4640853734200574,0.102760074261687,0.27378726371333967,4.644846764481509,623.6880216980569,355.7921665692921,0.0,620.8473889866618,2.4640853734200574,41.063982748045255,0.0,0.0,-866.654632476626,0.0,-1.8189894035458565e-11,0.0,0.0
no_feedback_null,stationary,1413.1570088795786,1413.1570088795786,19374.528663067907,90000.0,0.0,0.0,0.0,0.0,0.0,0.0,0.0,0.0,269.0,0.40000861182209574,0.0,0.0,0.35,1.0,1.0,1.0,1.0,2.848754951060165,2.848754951060165,1.2111883690936378,1.6375665819665268,0.0,0.0,0.0,0.0,2.471409033159691,0.10274491421606337,0.27460100368441004,4.645274296223768,625.4713369320717,355.1171465173598,0.0,622.6225819810115,2.471409033159691,41.18603153760625,0.0,0.0,-866.5325836870651,0.0,-2.1827872842550278e-11,0.0,4.440892098500626e-16
no_feedback_null,stationary,1417.1784932424223,1417.1784932424223,19372.748731195457,90000.0,0.0,0.0,0.0,0.0,0.0,0.0,0.0,0.0,270.0,0.4011469342925202,0.0,0.0,0.35,1.0,1.0,1.0,1.0,2.856861780957534,2.856861780957534,1.2110099745121505,1.6458518064453835,0.0,0.0,0.0,0.0,2.478718797314054,0.10272978394191865,0.2754131997015615,4.64570109532651,627.2512688045206,354.4434071346308,0.0,624.3944070235631,2.478718797314054,41.30784875723871,0.0,0.0,-866.4107664674326,0.0,-2.1827872842550278e-11,0.0,0.0
no_feedback_null,stationary,1421.1923479190657,1421.1923479190657,19370.972176265557,90000.0,0.0,0.0,0.0,0.0,0.0,0.0,0.0,0.0,271.0,0.4022830971018691,0.0,0.0,0.35,1.0,1.0,1.0,1.0,2.864953230323086,2.864953230323086,1.2108319302516166,1.6541213000714694,0.0,0.0,0.0,0.0,2.4860146922495976,0.10271468337908876,0.27622385469439964,4.646127162903741,629.027823734423,353.7709459913792,0.0,626.1628705040999,2.4860146922495976,41.42943484633954,0.0,0.0,-866.2891803783317,0.0,-1.8189894035458565e-11,0.0,0.0
no_feedback_null,stationary,1425.1985873847884,1425.1985873847884,19369.19899187136,90000.0,0.0,0.0,0.0,0.0,0.0,0.0,0.0,0.0,272.0,0.4034171043475192,0.0,0.0,0.35,1.0,1.0,1.0,1.0,2.873029328337247,2.873029328337247,1.2106542356041146,1.6623750927331324,0.0,0.0,0.0,0.0,2.4932967442827407,0.1026996124675352,0.2770329715869711,4.646552500068287,630.8010081286202,353.0997606624894,0.0,627.927978800283,2.4932967442827407,41.55079024347187,0.0,0.0,-866.1678249811994,0.0,-2.1827872842550278e-11,0.0,0.0
no_feedback_null,stationary,1429.1972260874074,1429.1972260874074,19367.429171618183,90000.0,0.0,0.0,0.0,0.0,0.0,0.0,0.0,0.0,273.0,0.4045489601190735,0.0,0.0,0.35,1.0,1.0,1.0,1.0,2.8810901041250827,2.8810901041250827,1.2104768898632232,1.6706132142618595,0.0,0.0,0.0,0.0,2.5005649796799614,0.10268457114734786,0.2778405532977734,4.646977107931788,632.5708283817982,352.4298487274461,0.0,629.6897382776731,2.5005649796799614,41.67191538636656,0.0,0.0,-866.0466998383048,0.0,-1.8189894035458565e-11,0.0,4.440892098500626e-16
no_feedback_null,stationary,1433.188278447329,1433.188278447329,19365.66270912347,90000.0,0.0,0.0,0.0,0.0,0.0,0.0,0.0,0.0,274.0,0.4056786684983761,0.0,0.0,0.35,1.0,1.0,1.0,1.0,2.8891355867564013,2.8891355867564013,1.2102998923240122,1.678835694432389,0.0,0.0,0.0,0.0,2.507819424657892,0.10266955935874351,0.2786466027397657,4.647400987604704,634.3372908765107,351.76120777032673,0.0,631.4481552897543,2.507819424657892,41.79281071192377,0.0,0.0,-865.9258045127475,0.0,-1.8189894035458565e-11,0.0,0.0
no_feedback_null,stationary,1437.1717588576003,1437.1717588576003,19363.899598016782,90000.0,0.0,0.0,0.0,0.0,0.0,0.0,0.0,0.0,275.0,0.406806233559527,0.0,0.0,0.35,1.0,1.0,1.0,1.0,2.897165805245859,2.897165805245859,1.2101232422830461,1.687042562962813,0.0,0.0,0.0,0.0,2.515060105383416,0.1026545770420637,0.2794511228203795,4.647824140196309,636.1004019832027,351.0938353797919,0.0,633.2032361779568,2.515060105383416,41.91347665621462,0.0,0.0,-865.8051385684566,0.0,-1.4551915228366852e-11,0.0,0.0
no_feedback_null,stationary,1441.1476816839615,1441.1476816839615,19362.139831939752,90000.0,0.0,0.0,0.0,0.0,0.0,0.0,0.0,0.0,276.0,0.4079316593688966,0.0,0.0,0.35,1.0,1.0,1.0,1.0,2.9051807885530643,2.9051807885530643,1.209946939038374,1.6952338495146901,0.0,0.0,0.0,0.0,2.5222870479737574,0.1026396241377782,0.28025411644152853,4.648246566814694,637.8601680602322,350.42772914907744,0.0,634.9549872716792,2.5222870479737574,42.03391365448267,0.0,0.0,-865.6847015701886,0.0,-1.4551915228366852e-11,0.0,0.0
no_feedback_null,stationary,1445.1160612648976,1445.1160612648976,19360.38340454609,90000.0,0.0,0.0,0.0,0.0,0.0,0.0,0.0,0.0,277.0,0.4090549499851402,0.0,0.0,0.35,1.0,1.0,1.0,1.0,2.9131805655826812,2.9131805655826812,1.2097709818895315,1.70340958369315,0.0,0.0,0.0,0.0,2.5295002784965805,0.1026247005864811,0.28105558649962,4.648668268566765,639.6165954538945,349.7628866759853,0.0,636.7034148883118,2.5295002784965805,42.154122141145514,0.0,0.0,-865.5644930835258,0.0,-1.4551915228366852e-11,0.0,-4.440892098500626e-16
no_feedback_null,stationary,1449.0769119116903,1449.0769119116903,19358.63030950154,90000.0,0.0,0.0,0.0,0.0,0.0,0.0,0.0,0.0,278.0,0.41017610945921334,0.0,0.0,0.35,1.0,1.0,1.0,1.0,2.9211651651845383,2.9211651651845383,1.2095953701375346,1.7115697950470035,0.0,0.0,0.0,0.0,2.53669982297008,0.1026098063288934,0.2818555358855644,4.649089246558239,641.3696904984445,349.09930556287486,0.0,638.4485253332599,2.53669982297008,42.27410254979638,0.0,0.0,-865.4445126748749,0.0,-1.4551915228366852e-11,0.0,0.0
no_feedback_null,stationary,1453.0302479084696,1453.0302479084696,19356.880540483864,90000.0,0.0,0.0,0.0,0.0,0.0,0.0,0.0,0.0,279.0,0.41129514183438576,0.0,0.0,0.35,1.0,1.0,1.0,1.0,2.9291346161537257,2.9291346161537257,1.2094201030848777,1.7197145130688478,0.0,0.0,0.0,0.0,2.543885707363079,0.10259494130585986,0.2826539674847865,4.649509501893649,643.1194595161192,348.43698341665447,0.0,640.1903248999654,2.543885707363079,42.39385531320571,0.0,0.0,-865.3247599114655,0.0,-1.8189894035458565e-11,0.0,4.440892098500626e-16
no_feedback_null,stationary,1456.9760835122652,1456.9760835122652,19355.134091182823,90000.0,0.0,0.0,0.0,0.0,0.0,0.0,0.0,0.0,280.0,0.4124120511462561,0.0,0.0,0.35,1.0,1.0,1.0,1.0,2.9370889472307047,2.9370889472307047,1.2092451800355277,1.7278437671951772,0.0,0.0,0.0,0.0,2.5510579575951184,0.1025801054583513,0.2834508841772353,4.64992903567634,644.865908817161,347.77591784877256,0.0,641.9288198699303,2.5510579575951184,42.513380863322645,0.0,0.0,-865.2052343613486,0.0,-1.4551915228366852e-11,0.0,-4.440892098500626e-16
no_feedback_null,stationary,1460.9144329530575,1460.9144329530575,19353.390955300147,90000.0,0.0,0.0,0.0,0.0,0.0,0.0,0.0,0.0,281.0,0.41352684142276663,0.0,0.0,0.35,1.0,1.0,1.0,1.0,2.9450281871014092,2.9450281871014092,1.2090706002949256,1.7359575868064836,0.0,0.0,0.0,0.0,2.5582165995365513,0.10256529872746369,0.2842462888373945,4.650347849008469,646.6090446998405,347.11610647520945,0.0,643.6640165127391,2.5582165995365513,42.63267963127662,0.0,0.0,-865.0859355933947,0.0,-1.4551915228366852e-11,0.0,-4.440892098500626e-16
no_feedback_null,stationary,1464.8453104338296,1464.8453104338296,19351.651126549506,90000.0,0.0,0.0,0.0,0.0,0.0,0.0,0.0,0.0,282.0,0.4146395166842176,0.0,0.0,0.35,1.0,1.0,1.0,1.0,2.952952364397348,2.952952364397348,1.2088963631699776,1.7440560012273707,0.0,0.0,0.0,0.0,2.5653616590086386,0.10255052105441625,0.2850401843342931,4.650765942991007,648.3488734504788,346.4575469164683,0.0,645.3959210860814,2.5653616590086386,42.75175204737896,0.0,0.0,-864.9668631772923,0.0,-1.4551915228366852e-11,0.0,0.0
no_feedback_null,stationary,1468.7687301306185,1468.7687301306185,19349.914598656516,90000.0,0.0,0.0,0.0,0.0,0.0,0.0,0.0,0.0,283.0,0.415750080943282,0.0,0.0,0.35,1.0,1.0,1.0,1.0,2.9608615076957108,2.9608615076957108,1.208722467969055,1.7521390397266559,0.0,0.0,0.0,0.0,2.5724931617836417,0.10253577238055339,0.2858325735315157,4.6511833187237315,650.0854013434705,345.8002367975668,0.0,647.1245398357748,2.5724931617836417,42.87059854112439,0.0,0.0,-864.8480166835469,0.0,-1.4551915228366852e-11,0.0,0.0
no_feedback_null,stationary,1472.6847061925657,1472.6847061925657,19348.18136535868,90000.0,0.0,0.0,0.0,0.0,0.0,0.0,0.0,0.0,284.0,0.41685853820501967,0.0,0.0,0.35,1.0,1.0,1.0,1.0,2.9687556455194692,2.9687556455194692,1.2085489140019905,1.7602067315174788,0.0,0.0,0.0,0.0,2.5796111335849137,0.10252105264734322,0.28662345928721256,4.651599977305235,651.8186346413064,345.14417374802844,0.0,648.849878995787,2.5796111335849137,42.98921954119258,0.0,0.0,-864.7293956834787,0.0,-1.4551915228366852e-11,0.0,-4.440892098500626e-16
no_feedback_null,stationary,1476.5932527419689,1476.5932527419689,19346.451420405392,90000.0,0.0,0.0,0.0,0.0,0.0,0.0,0.0,0.0,285.0,0.4179648924668921,0.0,0.0,0.35,1.0,1.0,1.0,1.0,2.97663480633748,2.97663480633748,1.2083757005800755,1.7682591057574044,0.0,0.0,0.0,0.0,2.586715600086993,0.10250636179637672,0.28741284445411025,4.652015919832915,653.5485795945955,344.48935540187426,0.0,650.571944788258,2.586715600086993,43.107615475449734,0.0,0.0,-864.6109997492216,0.0,-1.0913936421275139e-11,0.0,0.0
no_feedback_null,stationary,1480.4943838743316,1480.4943838743316,19344.7247575579,90000.0,0.0,0.0,0.0,0.0,0.0,0.0,0.0,0.0,286.0,0.4190691477187764,0.0,0.0,0.35,1.0,1.0,1.0,1.0,2.984499018564587,2.984499018564587,1.2082028270160536,1.7762961915485336,0.0,0.0,0.0,0.0,2.593806586915696,0.10249169976936955,0.28820073187952167,4.652431147402984,655.2752424420881,343.8357793976138,0.0,652.2907434235235,2.593806586915696,43.22578677095007,0.0,0.0,-864.4928284537212,0.0,-1.4551915228366852e-11,0.0,0.0
no_feedback_null,stationary,1484.3881136584157,1484.3881136584157,19343.00137058929,90000.0,0.0,0.0,0.0,0.0,0.0,0.0,0.0,0.0,287.0,0.4201713079429802,0.0,0.0,0.35,1.0,1.0,1.0,1.0,2.992348310561727,2.992348310561727,1.2080302926241235,1.7843180179376033,0.0,0.0,0.0,0.0,2.6008841196482106,0.10247706650815926,0.2889871244053567,4.652845661110457,656.9986294106984,343.1834433782373,0.0,654.0062811001367,2.6008841196482106,43.34373385393743,0.0,0.0,-864.3748813707339,0.0,-1.4551915228366852e-11,0.0,0.0
no_feedback_null,stationary,1488.2744561362913,1488.2744561362913,19341.281253284462,90000.0,0.0,0.0,0.0,0.0,0.0,0.0,0.0,0.0,288.0,0.4212713771142556,0.0,0.0,0.35,1.0,1.0,1.0,1.0,3.0001827106360266,3.0001827106360266,1.2078580967199286,1.792324613916098,0.0,0.0,0.0,0.0,2.607948223813188,0.1024624619547072,0.2897720248681319,4.653259462049162,658.7187467155264,342.5323449912064,0.0,655.7185640048904,2.607948223813188,43.46145714984677,0.0,0.0,-864.2571580748245,0.0,-1.0913936421275139e-11,0.0,-4.440892098500626e-16
no_feedback_null,stationary,1492.1534253233872,1492.1534253233872,19339.564399440107,90000.0,0.0,0.0,0.0,0.0,0.0,0.0,0.0,0.0,289.0,0.4223693591998139,0.0,0.0,0.35,1.0,1.0,1.0,1.0,3.0080022470409093,3.0080022470409093,1.2076862386205576,1.800316008420352,0.0,0.0,0.0,0.0,2.614998924890832,0.10244788605109617,0.29055543609898127,4.6536725513117325,660.4356005598808,341.8824818884463,0.0,657.4275983128398,2.614998924890832,43.57895708330571,0.0,0.0,-864.1396581413655,0.0,-1.0913936421275139e-11,0.0,0.0
no_feedback_null,stationary,1496.025035208542,1496.025035208542,19337.850802864687,90000.0,0.0,0.0,0.0,0.0,0.0,0.0,0.0,0.0,290.0,0.42346525815933955,0.0,0.0,0.35,1.0,1.0,1.0,1.0,3.0158069479761953,3.0158069479761953,1.2075147176445424,1.8082922303316529,0.0,0.0,0.0,0.0,2.622036248312997,0.10243333873953225,0.29133736092366624,4.654084929989609,662.149197135301,341.23385172633687,0.0,659.1333901873248,2.622036248312997,43.696234078136094,0.0,0.0,-864.0223811465352,0.0,-1.0913936421275139e-11,0.0,-4.440892098500626e-16
no_feedback_null,stationary,1499.8892997540538,1499.8892997540538,19336.14045737841,90000.0,0.0,0.0,0.0,0.0,0.0,0.0,0.0,0.0,291.0,0.4245590779450044,0.0,0.0,0.35,1.0,1.0,1.0,1.0,3.0235968415882017,3.0235968415882017,1.2073435331118523,1.8162533084763495,0.0,0.0,0.0,0.0,2.6290602194632733,0.10241881996234253,0.29211780216258587,4.654496599173038,663.8595426215799,340.58645216570454,0.0,660.8359457799917,2.6290602194632733,43.81328855735545,0.0,0.0,-863.9053266673159,0.0,-1.0913936421275139e-11,0.0,0.0
no_feedback_null,stationary,1503.7462328957313,1503.7462328957313,19334.433356813202,90000.0,0.0,0.0,0.0,0.0,0.0,0.0,0.0,0.0,292.0,0.42565082250148245,0.0,0.0,0.35,1.0,1.0,1.0,1.0,3.0313719559698464,3.0313719559698464,1.2071726843438912,1.8241992716259554,0.0,0.0,0.0,0.0,2.6360708636770833,0.10240432966197652,0.29289676263078696,4.6549075599510745,665.5666431867855,339.9402808718136,0.0,662.5352712308157,2.6360708636770833,43.93012094317859,0.0,0.0,-863.7884942814927,0.0,-1.0913936421275139e-11,0.0,0.0
no_feedback_null,stationary,1507.5958485429437,1507.5958485429437,19332.729495012707,90000.0,0.0,0.0,0.0,0.0,0.0,0.0,0.0,0.0,293.0,0.4267404957659635,0.0,0.0,0.35,1.0,1.0,1.0,1.0,3.0391323191607493,3.0391323191607493,1.2070021706634957,1.8321301484972536,0.0,0.0,0.0,0.0,2.64306820624177,0.10238986778100467,0.29367424513797435,4.655317813411574,667.270504987284,339.2953355143579,0.0,664.2313726681232,2.64306820624177,44.046731657019095,0.0,0.0,-863.6718835676522,0.0,-7.275957614183426e-12,0.0,4.440892098500626e-16
no_feedback_null,stationary,1511.4381605786712,1511.4381605786712,19331.028865832228,90000.0,0.0,0.0,0.0,0.0,0.0,0.0,0.0,0.0,294.0,0.4278281016681677,0.0,0.0,0.35,1.0,1.0,1.0,1.0,3.046877959147331,3.046877959147331,1.2068319913949297,1.8400459677524017,0.0,0.0,0.0,0.0,2.650052272396691,0.10237543426211942,0.29445025248852114,4.655727360641204,668.9711341677613,338.65161376745226,0.0,665.924256208614,2.650052272396691,44.16312111949085,0.0,0.0,-863.5554941051804,0.0,-1.0913936421275139e-11,0.0,-4.440892098500626e-16
no_feedback_null,stationary,1515.2731828595538,1515.2731828595538,19329.331463138744,90000.0,0.0,0.0,0.0,0.0,0.0,0.0,0.0,0.0,295.0,0.42891364413035943,0.0,0.0,0.35,1.0,1.0,1.0,1.0,3.054608903862917,3.054608903862917,1.2066621458638838,1.8479467579990332,0.0,0.0,0.0,0.0,2.6570230873333056,0.10236102904813327,0.29522478748147835,4.656136202725429,670.6685368612452,338.0091133096246,0.0,667.6139279573823,2.6570230873333056,44.27928975040953,0.0,0.0,-863.4393254742618,0.0,-1.0913936421275139e-11,0.0,-4.440892098500626e-16
no_feedback_null,stationary,1519.1009292159433,1519.1009292159433,19327.63728081086,90000.0,0.0,0.0,0.0,0.0,0.0,0.0,0.0,0.0,296.0,0.42999712706736193,0.0,0.0,0.35,1.0,1.0,1.0,1.0,3.062325181187836,3.062325181187836,1.2064926333974708,1.8558325477903648,0.0,0.0,0.0,0.0,2.663980676195271,0.10234665208197924,0.29599785291058556,4.656544340748524,672.3627191891283,337.36783182380685,0.0,669.3003940079404,2.663980676195271,44.395237968794184,0.0,0.0,-863.3233772558771,0.0,-1.0913936421275139e-11,0.0,0.0
no_feedback_null,stationary,1522.9214134519518,1522.9214134519518,19325.9463127388,90000.0,0.0,0.0,0.0,0.0,0.0,0.0,0.0,0.0,297.0,0.43107855438657083,0.0,0.0,0.35,1.0,1.0,1.0,1.0,3.0700268189495206,3.0700268189495206,1.206323453324222,1.8637033656252984,0.0,0.0,0.0,0.0,2.6709250640785283,0.1023323033067114,0.29676945156428086,4.656951775793562,674.053687261189,336.7277669973272,0.0,670.9836604422395,2.6709250640785283,44.51096619286867,0.0,0.0,-863.2076490318026,0.0,-1.0913936421275139e-11,0.0,0.0
no_feedback_null,stationary,1526.7346493455016,1526.7346493455016,19324.25855282438,90000.0,0.0,0.0,0.0,0.0,0.0,0.0,0.0,0.0,298.0,0.4321579299879687,0.0,0.0,0.35,1.0,1.0,1.0,1.0,3.0777138449226094,3.0777138449226094,1.2061546049740848,1.8715592399485248,0.0,0.0,0.0,0.0,2.6778562760313953,0.10231798266550345,0.29753958622571053,4.657358508942422,675.7414471756141,336.08891652190135,0.0,672.6637333306915,2.6778562760313953,44.6264748400632,0.0,0.0,-863.0921403846081,0.0,-7.275957614183426e-12,0.0,0.0
no_feedback_null,stationary,1530.5406506483753,1530.5406506483753,19322.573994980972,90000.0,0.0,0.0,0.0,0.0,0.0,0.0,0.0,0.0,299.0,0.43323525776413896,0.0,0.0,0.35,1.0,1.0,1.0,1.0,3.0853862868290465,3.0853862868290465,1.2059860876784176,1.8794001991506288,0.0,0.0,0.0,0.0,2.6847743370546584,0.10230369010164823,0.2983082596727398,4.657764541275787,677.4260050190211,335.4512780936244,0.0,674.3406187321921,2.6847743370546584,44.74176432701588,0.0,0.0,-862.9768508976554,0.0,-7.275957614183426e-12,0.0,0.0
no_feedback_null,stationary,1534.339431086265,1534.339431086265,19320.892633133513,90000.0,0.0,0.0,0.0,0.0,0.0,0.0,0.0,0.0,300.0,0.43431054160027965,0.0,0.0,0.35,1.0,1.0,1.0,1.0,3.0930441723381796,3.0930441723381796,1.2058179007699918,1.8872262715681878,0.0,0.0,0.0,0.0,2.691679272101658,0.10228942555855962,0.2990754746779619,4.658169873873139,679.1073668664793,334.8148494129626,0.0,676.0143226941411,2.691679272101658,44.856835069574124,0.0,0.0,-862.8617801550972,0.0,-7.275957614183426e-12,0.0,0.0
no_feedback_null,stationary,1538.1310043588223,1538.1310043588223,19319.21446121846,90000.0,0.0,0.0,0.0,0.0,0.0,0.0,0.0,0.0,301.0,0.43538378537421807,0.0,0.0,0.35,1.0,1.0,1.0,1.0,3.1006875290668625,3.1006875290668625,1.2056500435829824,1.89503748548388,0.0,0.0,0.0,0.0,2.6985711060783837,0.10227518897976973,0.2998412340087092,4.658574507812763,680.7855387815325,334.1796281847447,0.0,677.6848512524657,2.6985711060783837,44.97168748279626,0.0,0.0,-862.7469277418751,0.0,-7.275957614183426e-12,0.0,0.0
no_feedback_null,stationary,1541.9153841397072,1541.9153841397072,19317.539473183773,90000.0,0.0,0.0,0.0,0.0,0.0,0.0,0.0,0.0,302.0,0.4364549929564241,0.0,0.0,0.35,1.0,1.0,1.0,1.0,3.1083163845795525,3.1083163845795525,1.2054825154529674,1.9028338691265854,0.0,0.0,0.0,0.0,2.7054498638435605,0.10226098030892987,0.3006055404270622,4.658978444171745,682.4605268162205,333.5456121181541,0.0,679.352210431641,2.7054498638435605,45.08632198095293,0.0,0.0,-862.6322932437183,0.0,-7.275957614183426e-12,0.0,0.0
no_feedback_null,stationary,1545.6925840766373,1545.6925840766373,19315.86766298889,90000.0,0.0,0.0,0.0,0.0,0.0,0.0,0.0,0.0,303.0,0.43752416821002443,0.0,0.0,0.35,1.0,1.0,1.0,1.0,3.1159307663884115,3.1159307663884115,1.205315315716927,1.9106154506714845,0.0,0.0,0.0,0.0,2.7123155702087414,0.10224679948981003,0.3013683966898601,4.6593816840259725,684.1323370111008,332.91279892672054,0.0,681.0164062447125,2.7123155702087414,45.20073897752867,0.0,0.0,-862.5178762471426,0.0,-7.275957614183426e-12,0.0,0.0
no_feedback_null,stationary,1549.462617791438,1549.462617791438,19314.19902460472,90000.0,0.0,0.0,0.0,0.0,0.0,0.0,0.0,0.0,304.0,0.43859131499081677,0.0,0.0,0.35,1.0,1.0,1.0,1.0,3.123530701953404,3.123530701953404,1.2051484437132356,1.9183822582401684,0.0,0.0,0.0,0.0,2.7191682499383947,0.10223264646629895,0.30212980554871044,4.659784228450132,685.8009753952709,332.2811863283114,0.0,682.6774446933175,2.7191682499383947,45.31493888522334,0.0,0.0,-862.403676339448,0.0,-7.275957614183426e-12,0.0,0.0
no_feedback_null,stationary,1553.2254988800905,1553.2254988800905,19312.533552013603,90000.0,0.0,0.0,0.0,0.0,0.0,0.0,0.0,0.0,305.0,0.4396564371472832,0.0,0.0,0.35,1.0,1.0,1.0,1.0,3.1311162186823966,3.1311162186823966,1.2049818987816634,1.9261343199007332,0.0,0.0,0.0,0.0,2.7260079277499947,0.1022185211824027,0.3028897697499993,4.660186078517711,687.4664479863893,331.650772045124,0.0,684.3353317677069,2.7260079277499947,45.42892211595366,0.0,0.0,-862.2896931087176,0.0,-7.275957614183426e-12,0.0,0.0
no_feedback_null,stationary,1556.9812409127812,1556.9812409127812,19310.871239209293,90000.0,0.0,0.0,0.0,0.0,0.0,0.0,0.0,0.0,306.0,0.44071953852060447,0.0,0.0,0.35,1.0,1.0,1.0,1.0,3.1386873439312573,3.1386873439312573,1.2048156802633703,1.9338716636678868,0.0,0.0,0.0,0.0,2.7328346283141096,0.1022044235822465,0.303648292034901,4.660587235300998,689.1287607906979,331.02155380367714,0.0,685.9900734467667,2.7328346283141096,45.542689080854636,0.0,0.0,-862.1759261438167,0.0,-7.275957614183426e-12,0.0,0.0
no_feedback_null,stationary,1560.729857433951,1560.729857433951,19309.212080196947,90000.0,0.0,0.0,0.0,0.0,0.0,0.0,0.0,0.0,307.0,0.44178062294467385,0.0,0.0,0.35,1.0,1.0,1.0,1.0,3.146244105003953,3.146244105003953,1.2046497875009041,1.941594317503049,0.0,0.0,0.0,0.0,2.7396483762544928,0.10219035361007249,0.30440537513938803,4.660987699871078,690.7879198030435,330.3935293348029,0.0,687.6416756980395,2.7396483762544928,45.65624019028112,0.0,0.0,-862.0623750343901,0.0,-1.0913936421275139e-11,0.0,-4.440892098500626e-16
no_feedback_null,stationary,1564.471361962344,1564.471361962344,19307.55606899309,90000.0,0.0,0.0,0.0,0.0,0.0,0.0,0.0,0.0,308.0,0.4428396942461105,0.0,0.0,0.35,1.0,1.0,1.0,1.0,3.15378652915265,3.15378652915265,1.2044842198381953,1.9493023093144544,0.0,0.0,0.0,0.0,2.7464491961481685,0.10217631121024011,0.30516102179424087,4.661387473297836,692.4439310068988,329.76669637363864,0.0,689.2901444777461,2.7464491961481685,45.76957585380923,0.0,0.0,-861.949039370862,0.0,-1.0913936421275139e-11,0.0,0.0
no_feedback_null,stationary,1568.2057679910552,1568.2057679910552,19305.9031996256,90000.0,0.0,0.0,0.0,0.0,0.0,0.0,0.0,0.0,309.0,0.44389675624427394,0.0,0.0,0.35,1.0,1.0,1.0,1.0,3.161314643577808,3.161314643577808,1.2043189766205589,1.9569956669572492,0.0,0.0,0.0,0.0,2.753237112525523,0.10216229632722662,0.30591523472505805,4.661786556649956,694.0968003743848,329.14105265961854,0.0,690.9354857308069,2.753237112525523,45.88269648023784,0.0,0.0,-861.8359187444335,0.0,-1.4551915228366852e-11,0.0,0.0
no_feedback_null,stationary,1571.933088987581,1571.933088987581,19304.253466133698,90000.0,0.0,0.0,0.0,0.0,0.0,0.0,0.0,0.0,310.0,0.44495181275127715,0.0,0.0,0.35,1.0,1.0,1.0,1.0,3.1688284754282843,3.1688284754282843,1.2041540571946858,1.9646744182335987,0.0,0.0,0.0,0.0,2.760012149870393,0.10214830890562525,0.30666801665226584,4.662184950994917,695.746533866292,328.5165959364656,0.0,692.5777053908637,2.760012149870393,45.9956024775901,0.0,0.0,-861.7230127470812,0.0,-1.0913936421275139e-11,0.0,0.0
no_feedback_null,stationary,1575.6533383938668,1575.6533383938668,19302.606862567885,90000.0,0.0,0.0,0.0,0.0,0.0,0.0,0.0,0.0,311.0,0.44600486757200103,0.0,0.0,0.35,1.0,1.0,1.0,1.0,3.176328051801428,3.176328051801428,1.2039894609086412,1.9723385908927866,0.0,0.0,0.0,0.0,2.7667743326201535,0.10213434889014654,0.3074193702911281,4.662582657399003,697.3931374321019,327.8933239521835,0.0,694.2168093803004,2.7667743326201535,46.108294253114856,0.0,0.0,-861.6103209715565,0.0,-1.4551915228366852e-11,0.0,0.0
no_feedback_null,stationary,1579.366529626355,1579.366529626355,19300.96338298998,90000.0,0.0,0.0,0.0,0.0,0.0,0.0,0.0,0.0,312.0,0.4470559245041074,0.0,0.0,0.35,1.0,1.0,1.0,1.0,3.183813399743176,3.183813399743176,1.2038251871118648,1.9799882126313115,0.0,0.0,0.0,0.0,2.7735236851658036,0.10212041622561704,0.3081692983517559,4.662979676927287,699.0366170100082,327.27123445904857,0.0,695.852803610265,2.7735236851658036,46.220772213288114,0.0,0.0,-861.4978430113832,0.0,-1.0913936421275139e-11,0.0,0.0
no_feedback_null,stationary,1583.0726760760342,1583.0726760760342,19299.32302147305,90000.0,0.0,0.0,0.0,0.0,0.0,0.0,0.0,0.0,313.0,0.4481049873380532,0.0,0.0,0.35,1.0,1.0,1.0,1.0,3.1912845462481556,3.1912845462481556,1.2036612351551632,1.9876233110929924,0.0,0.0,0.0,0.0,2.780260231852058,0.1021065108569797,0.3089178035391175,4.663376010643643,700.6769785269389,326.65032521360155,0.0,697.4856939806907,2.780260231852058,46.33303676381455,0.0,0.0,-861.3855784608568,0.0,-1.0913936421275139e-11,0.0,0.0
no_feedback_null,stationary,1586.7717911084876,1586.7717911084876,19297.68577210141,90000.0,0.0,0.0,0.0,0.0,0.0,0.0,0.0,0.0,314.0,0.44915205985710405,0.0,0.0,0.35,1.0,1.0,1.0,1.0,3.198741518259778,3.198741518259778,1.2034976043907093,1.9952439138690685,0.0,0.0,0.0,0.0,2.786983996977437,0.10209263272929249,0.30966488855304847,4.663771659610743,702.314227898577,326.03059397663947,0.0,699.1154863803172,2.786983996977437,46.445088309628986,0.0,0.0,-861.2735269150423,0.0,-1.4551915228366852e-11,0.0,0.0
no_feedback_null,stationary,1590.46388806394,1590.46388806394,19296.051628970607,90000.0,0.0,0.0,0.0,0.0,0.0,0.0,0.0,0.0,315.0,0.4501971458373477,0.0,0.0,0.35,1.0,1.0,1.0,1.0,3.206184342670335,3.206184342670335,1.2033342941720402,2.0028500484982947,0.0,0.0,0.0,0.0,2.7936950047943445,0.1020787817877303,0.3104105560882604,4.664166624890051,703.9483710293821,325.4120385132078,0.0,700.7421866867118,2.7936950047943445,46.55692725489775,0.0,0.0,-861.1616879697735,0.0,-1.0913936421275139e-11,0.0,0.0
no_feedback_null,stationary,1594.1489802573071,1594.1489802573071,19294.420586187378,90000.0,0.0,0.0,0.0,0.0,0.0,0.0,0.0,0.0,316.0,0.4512402490477079,0.0,0.0,0.35,1.0,1.0,1.0,1.0,3.2136130463211,3.2136130463211,1.20317130385405,2.01044174246705,0.0,0.0,0.0,0.0,2.8003932795091657,0.10206495797758261,0.31115480883435165,4.664560907541832,705.5794138126116,324.794656592592,0.0,702.3658007662905,2.8003932795091657,46.66855400302025,0.0,0.0,-861.050061221651,0.0,-1.0913936421275139e-11,0.0,0.0
no_feedback_null,stationary,1597.827080978243,1597.827080978243,19292.792637869647,90000.0,0.0,0.0,0.0,0.0,0.0,0.0,0.0,0.0,317.0,0.4522813732499576,0.0,0.0,0.35,1.0,1.0,1.0,1.0,3.2210276560024202,3.2210276560024202,1.2030086327929925,2.0180190232094275,0.0,0.0,0.0,0.0,2.8070788452823505,0.10205116124425301,0.31189764947581666,4.6649545086251445,707.2073621303422,324.17844598831,0.0,703.9863344743397,2.8070788452823505,46.77996895663037,0.0,0.0,-860.9386462680409,0.0,-1.0913936421275139e-11,0.0,0.0
no_feedback_null,stationary,1601.4982034911889,1601.4982034911889,19291.167778146497,90000.0,0.0,0.0,0.0,0.0,0.0,0.0,0.0,0.0,318.0,0.45332052219873337,0.0,0.0,0.35,1.0,1.0,1.0,1.0,3.2284281984538175,3.2284281984538175,1.202846280346473,2.0255819181073447,0.0,0.0,0.0,0.0,2.8137517262285,0.10203739153326197,0.3126390806920555,4.665347429197841,708.8322218534909,323.5634044781036,0.0,705.6037936550371,2.8137517262285,46.89117251759795,0.0,0.0,-860.8274427070734,0.0,-1.0913936421275139e-11,0.0,0.0
no_feedback_null,stationary,1605.162361035419,1605.162361035419,19289.546001158153,90000.0,0.0,0.0,0.0,0.0,0.0,0.0,0.0,0.0,319.0,0.4543576996415478,0.0,0.0,0.35,1.0,1.0,1.0,1.0,3.2358147003640805,3.2358147003640805,1.2026842458734481,2.033130454490632,0.0,0.0,0.0,0.0,2.8204119464164545,0.10202364879024227,0.31337910515738376,4.665739670316572,710.4539988418359,322.94952984393103,0.0,707.2181841414717,2.8204119464164545,47.002165087030214,0.0,0.0,-860.7164501376411,0.0,-1.0913936421275139e-11,0.0,-4.440892098500626e-16
no_feedback_null,stationary,1608.819566825091,1608.819566825091,19287.927301055952,90000.0,0.0,0.0,0.0,0.0,0.0,0.0,0.0,0.0,320.0,0.4553929093188039,0.0,0.0,0.35,1.0,1.0,1.0,1.0,3.243187188371364,3.243187188371364,1.202522528734223,2.0406646596371414,0.0,0.0,0.0,0.0,2.8270595298693797,0.10200993296094267,0.3141177255410421,4.666131233036781,712.0726989440385,322.33681987195837,0.0,708.8295117556671,2.8270595298693797,47.11294706527321,0.0,0.0,-860.6056681593981,0.0,-1.0913936421275139e-11,0.0,-4.440892098500626e-16
no_feedback_null,stationary,1612.4698340492912,1612.4698340492912,19286.311672002324,90000.0,0.0,0.0,0.0,0.0,0.0,0.0,0.0,0.0,321.0,0.4564261549638081,0.0,0.0,0.35,1.0,1.0,1.0,1.0,3.250545689063285,3.250545689063285,1.2023611282904452,2.0481845607728397,0.0,0.0,0.0,0.0,2.833694500564854,0.1019962439912251,0.3148549445072059,4.666522118412707,713.6883279976637,321.72527235255194,0.0,710.4377823086004,2.833694500564854,47.22351885191329,0.0,0.0,-860.495096372758,0.0,-1.0913936421275139e-11,0.0,0.0
no_feedback_null,stationary,1616.1131758720835,1616.1131758720835,19284.699108170786,90000.0,0.0,0.0,0.0,0.0,0.0,0.0,0.0,0.0,322.0,0.457457440302784,0.0,0.0,0.35,1.0,1.0,1.0,1.0,3.2578902289770153,3.2578902289770153,1.2022000439051057,2.0556901850719096,0.0,0.0,0.0,0.0,2.840316882434955,0.10198258182706521,0.3155907647149949,4.666912327497381,715.3008918292009,321.1148850802704,0.0,712.0430016002239,2.840316882434955,47.33388084577852,0.0,0.0,-860.3847343788927,0.0,-1.4551915228366852e-11,0.0,4.440892098500626e-16
no_feedback_null,stationary,1619.7496054325568,1619.7496054325568,19283.089603745902,90000.0,0.0,0.0,0.0,0.0,0.0,0.0,0.0,0.0,323.0,0.45848676905488567,0.0,0.0,0.35,1.0,1.0,1.0,1.0,3.2652208345993823,3.2652208345993823,1.2020392749425342,2.063181559656848,0.0,0.0,0.0,0.0,2.846926699366346,0.1019689464145532,0.3163251888184828,4.667301861342632,716.9103962540855,320.5056558538566,0.0,713.6451754194861,2.846926699366346,47.44403344494015,0.0,0.0,-860.2745817797312,0.0,-1.0913936421275139e-11,0.0,4.440892098500626e-16
no_feedback_null,stationary,1623.3791358448716,1623.3791358448716,19281.48315292327,90000.0,0.0,0.0,0.0,0.0,0.0,0.0,0.0,0.0,324.0,0.45951414493221104,0.0,0.0,0.35,1.0,1.0,1.0,1.0,3.2725375323669597,3.2725375323669597,1.2018788207683946,2.070658711598565,0.0,0.0,0.0,0.0,2.853523975200362,0.1019553376998907,0.3170582194667068,4.667690720999079,718.51684707672,319.8975824762294,0.0,715.244309544353,2.853523975200362,47.553977046714024,0.0,0.0,-860.1646381779573,0.0,-1.0913936421275139e-11,0.0,4.440892098500626e-16
no_feedback_null,stationary,1627.001780198308,1627.001780198308,19279.879749909494,90000.0,0.0,0.0,0.0,0.0,0.0,0.0,0.0,0.0,325.0,0.4605395716398153,0.0,0.0,0.35,1.0,1.0,1.0,1.0,3.279840348666165,3.279840348666165,1.201718680749684,2.0781216679164807,0.0,0.0,0.0,0.0,2.8601087337330937,0.10194175562939432,0.317789859303677,4.668078907516136,720.120250090494,319.2906627544764,0.0,716.8404097418278,2.8601087337330937,47.663712047662,0.0,0.0,-860.0549031770092,0.0,-1.0913936421275139e-11,0.0,0.0
no_feedback_null,stationary,1630.6175515573134,1630.6175515573134,19278.27938892218,90000.0,0.0,0.0,0.0,0.0,0.0,0.0,0.0,0.0,326.0,0.46156305287572447,0.0,0.0,0.35,1.0,1.0,1.0,1.0,3.2871293098333565,3.2871293098333565,1.201558854254729,2.0855704555786274,0.0,0.0,0.0,0.0,2.866680998715478,0.10192820014949211,0.3185201109683864,4.668466421942014,721.7206110778062,318.6848944998455,0.0,718.4334817679728,2.866680998715478,47.77323884359344,0.0,0.0,-859.9453763810778,0.0,-1.4551915228366852e-11,0.0,0.0
no_feedback_null,stationary,1634.2264629615474,1634.2264629615474,19276.6820641899,90000.0,0.0,0.0,0.0,0.0,0.0,0.0,0.0,0.0,327.0,0.46258459233094834,0.0,0.0,0.35,1.0,1.0,1.0,1.0,3.294404442154924,3.294404442154924,1.201399340653184,2.09300510150174,0.0,0.0,0.0,0.0,2.873240793853379,0.1019146712067253,0.3192489770948198,4.66885326532371,723.3179358100844,318.08027552773706,0.0,720.0235313679294,2.873240793853379,47.88255782956656,0.0,0.0,-859.8360573951047,0.0,-1.4551915228366852e-11,0.0,0.0
no_feedback_null,stationary,1637.8285274259317,1637.8285274259317,19275.08776995218,90000.0,0.0,0.0,0.0,0.0,0.0,0.0,0.0,0.0,328.0,0.46360419368949407,0.0,0.0,0.35,1.0,1.0,1.0,1.0,3.301665771867387,3.301665771867387,1.2012401393160264,2.1004256325513606,0.0,0.0,0.0,0.0,2.8797881428076764,0.10190116874774653,0.319976460311964,4.669239438707017,724.9122300478069,317.4768036576965,0.0,721.6105642759395,2.8797881428076764,47.99166939988992,0.0,0.0,-859.7269458247814,0.0,-1.0913936421275139e-11,0.0,0.0
no_feedback_null,stationary,1641.4237579406954,1641.4237579406954,19273.496500459463,90000.0,0.0,0.0,0.0,0.0,0.0,0.0,0.0,0.0,329.0,0.46462186062837957,0.0,0.0,0.35,1.0,1.0,1.0,1.0,3.308913325157489,3.308913325157489,1.201081249615552,2.107832075541937,0.0,0.0,0.0,0.0,2.88632306919435,0.10188769271932163,0.32070256324381663,4.669624943136523,726.5034995405232,316.87447671340556,0.0,723.1945862153657,2.88632306919435,48.100573948123845,0.0,0.0,-859.6180412765475,0.0,-1.4551915228366852e-11,0.0,4.440892098500626e-16
no_feedback_null,stationary,1645.0121674714217,1645.0121674714217,19271.908249973112,90000.0,0.0,0.0,0.0,0.0,0.0,0.0,0.0,0.0,330.0,0.4656375968176463,0.0,0.0,0.35,1.0,1.0,1.0,1.0,3.316147128162289,3.316147128162289,1.2009226709253786,2.115224457236911,0.0,0.0,0.0,0.0,2.8928455965845656,0.10187424306832737,0.3214272885093961,4.670009779655606,728.091750026874,316.2732925226753,0.0,724.7756028987118,2.8928455965845656,48.20927186708178,0.0,0.0,-859.5093433575895,0.0,-1.4551915228366852e-11,0.0,0.0
no_feedback_null,stationary,1648.5937689590953,1648.5937689590953,19270.323012765373,90000.0,0.0,0.0,0.0,0.0,0.0,0.0,0.0,0.0,331.0,0.46665140592037313,0.0,0.0,0.35,1.0,1.0,1.0,1.0,3.323367206969261,3.323367206969261,1.2007644026204352,2.1226028043488254,0.0,0.0,0.0,0.0,2.899355748504758,0.10186081974175187,0.32215063872275085,4.670393949306438,729.6769872346131,315.6732489174379,0.0,726.3536200276438,2.899355748504758,48.31776354883179,0.0,0.0,-859.4008516758395,0.0,-1.4551915228366852e-11,0.0,4.440892098500626e-16
no_feedback_null,stationary,1652.168575320149,1652.168575320149,19268.74078311936,90000.0,0.0,0.0,0.0,0.0,0.0,0.0,0.0,0.0,332.0,0.46766329159268893,0.0,0.0,0.35,1.0,1.0,1.0,1.0,3.330573587616382,3.330573587616382,1.2006064440769655,2.129967143539417,0.0,0.0,0.0,0.0,2.9058535484367183,0.10184742268669514,0.3228726164929686,4.670777453129979,731.259216880627,315.0743437337388,0.0,727.9286432930106,2.9058535484367183,48.426049384697905,0.0,0.0,-859.2925658399733,0.0,-1.4551915228366852e-11,0.0,0.0
no_feedback_null,stationary,1655.7365994465101,1655.7365994465101,19267.16155532903,90000.0,0.0,0.0,0.0,0.0,0.0,0.0,0.0,0.0,333.0,0.46867325748378624,0.0,0.0,0.35,1.0,1.0,1.0,1.0,3.3377662960922305,3.3377662960922305,1.2004487946725195,2.1373175014197114,0.0,0.0,0.0,0.0,2.912339019817676,0.10183405185036806,0.32359322442418614,4.671160292165986,732.838444670956,314.4765748117289,0.0,729.5006783748638,2.912339019817676,48.53412976526157,0.0,0.0,-859.1844854594098,0.0,-1.4551915228366852e-11,0.0,0.0
no_feedback_null,stationary,1659.2978542056467,1659.2978542056467,19265.58532369917,90000.0,0.0,0.0,0.0,0.0,0.0,0.0,0.0,0.0,334.0,0.46968130723593404,0.0,0.0,0.35,1.0,1.0,1.0,1.0,3.3449453583360786,3.3449453583360786,1.200291453785956,2.1446539045501227,0.0,0.0,0.0,0.0,2.9188121860403884,0.10182070718009201,0.32431246511559864,4.671542467453004,734.414676300815,313.8799399956569,0.0,731.0697309424789,2.9188121860403884,48.64200508036307,0.0,0.0,-859.0766101443082,0.0,-1.4551915228366852e-11,0.0,-4.440892098500626e-16
no_feedback_null,stationary,1662.8523524406148,1662.8523524406148,19264.012082545374,90000.0,0.0,0.0,0.0,0.0,0.0,0.0,0.0,0.0,335.0,0.47068744448449146,0.0,0.0,0.35,1.0,1.0,1.0,1.0,3.3521108002379862,3.3521108002379862,1.2001344207974338,2.1519763794405526,0.0,0.0,0.0,0.0,2.9252730704532186,0.10180738862329881,0.32503034116146867,4.67192398002837,735.9879174546136,313.28443713386156,0.0,732.6358066543756,2.9252730704532186,48.74967571910288,0.0,0.0,-858.9689395055684,0.0,-1.0913936421275139e-11,0.0,0.0
no_feedback_null,stationary,1666.4001069701037,1666.4001069701037,19262.44182619401,90000.0,0.0,0.0,0.0,0.0,0.0,0.0,0.0,0.0,336.0,0.4716916728579201,0.0,0.0,0.35,1.0,1.0,1.0,1.0,3.3592626476388925,3.3592626476388925,1.1999776950884147,2.1592849525504776,0.0,0.0,0.0,0.0,2.9317216963602255,0.10179409612753078,0.3257468551511361,4.672304830928216,737.5581738059765,312.6900640787636,0.0,734.1989111583376,2.9317216963602255,48.85714206984316,0.0,0.0,-858.8614731548281,0.0,-1.0913936421275139e-11,0.0,0.0
no_feedback_null,stationary,1669.9411305884826,1669.9411305884826,19260.874548982225,90000.0,0.0,0.0,0.0,0.0,0.0,0.0,0.0,0.0,337.0,0.4726939959777976,0.0,0.0,0.35,1.0,1.0,1.0,1.0,3.36640092633071,3.36640092633071,1.199821276041656,2.1665796502890537,0.0,0.0,0.0,0.0,2.9381580870212427,0.10178082964044066,0.3264620096690269,4.672685021187459,739.1254510177645,312.0968186868585,0.0,735.7590500914338,2.9381580870212427,48.96440452020901,0.0,0.0,-858.7542107044623,0.0,-1.0913936421275139e-11,0.0,0.0
no_feedback_null,stationary,1673.4754360658474,1673.4754360658474,19259.310245257897,90000.0,0.0,0.0,0.0,0.0,0.0,0.0,0.0,0.0,338.0,0.47369441745883095,0.0,0.0,0.35,1.0,1.0,1.0,1.0,3.3735256620564202,3.3735256620564202,1.1996651630412112,2.1738604990152086,0.0,0.0,0.0,0.0,2.944582265651967,0.10176758910978985,0.32717580729466295,4.673064551839812,740.6897547420948,311.5046988187082,0.0,737.3162290800384,2.944582265651967,49.07146345709003,0.0,0.0,-858.6471517675812,0.0,-7.275957614183426e-12,0.0,0.0
no_feedback_null,stationary,1677.0030361480656,1677.0030361480656,19257.74890937963,90000.0,0.0,0.0,0.0,0.0,0.0,0.0,0.0,0.0,339.0,0.4746929409088688,0.0,0.0,0.35,1.0,1.0,1.0,1.0,3.380636880510162,3.380636880510162,1.1995093554724223,2.18112752503774,0.0,0.0,0.0,0.0,2.950994255424041,0.10175437448344975,0.3278882506026712,4.673443423917779,742.2510906203607,310.9137023389338,0.0,738.8704537398506,2.950994255424041,49.178319266641644,0.0,0.0,-858.5402959580297,0.0,-1.0913936421275139e-11,0.0,0.0
no_feedback_null,stationary,1680.523943556823,1680.523943556823,19256.190535716738,90000.0,0.0,0.0,0.0,0.0,0.0,0.0,0.0,0.0,340.0,0.4756895699289151,0.0,0.0,0.35,1.0,1.0,1.0,1.0,3.387734607337328,3.387734607337328,1.1993538527219239,2.1883807546154044,0.0,0.0,0.0,0.0,2.957394079465134,0.10174118570940176,0.3285993421627926,4.673821638452649,743.809464283253,310.3238271162076,0.0,740.4217296759157,2.957394079465134,49.28497233428645,0.0,0.0,-858.4336428903848,0.0,-7.275957614183426e-12,0.0,0.0
no_feedback_null,stationary,1684.0381709896699,1684.0381709896699,19254.63511864921,90000.0,0.0,0.0,0.0,0.0,0.0,0.0,0.0,0.0,341.0,0.47668430811314183,0.0,0.0,0.35,1.0,1.0,1.0,1.0,3.3948188681346556,3.3948188681346556,1.1991986541776327,2.195620213957023,0.0,0.0,0.0,0.0,2.963781760859028,0.10172802273573592,0.3293090845398919,4.674199196474509,745.3648813507796,309.7350710232456,0.0,741.970062482645,2.963781760859028,49.391423044715694,0.0,0.0,-858.3271921799555,0.0,-1.0913936421275139e-11,0.0,0.0
no_feedback_null,stationary,1687.5457311200657,1687.5457311200657,19253.082652567704,90000.0,0.0,0.0,0.0,0.0,0.0,0.0,0.0,0.0,342.0,0.47767715904890207,0.0,0.0,0.35,1.0,1.0,1.0,1.0,3.401889688450318,3.401889688450318,1.199043759228751,2.202845929221567,0.0,0.0,0.0,0.0,2.9701573226457008,0.10171488551065043,0.33001748029396666,4.674576099012231,746.9173474322857,309.14743193679976,0.0,743.5154577438354,2.9701573226457008,49.4976717818906,0.0,0.0,-858.2209434427807,0.0,-1.0913936421275139e-11,0.0,0.0
no_feedback_null,stationary,1691.046636597426,1691.046636597426,19251.533131873515,90000.0,0.0,0.0,0.0,0.0,0.0,0.0,0.0,0.0,343.0,0.47866812631674266,0.0,0.0,0.35,1.0,1.0,1.0,1.0,3.4089470937840187,3.4089470937840187,1.19888916726576,2.210057926518259,0.0,0.0,0.0,0.0,2.9765207878214097,0.10170177398245259,0.33072453198015656,4.67495234709348,748.4668681264749,308.56090773765015,0.0,745.0579210326908,2.9765207878214097,49.603718929043794,0.0,0.0,-858.1148962956275,0.0,-1.0913936421275139e-11,0.0,0.0
no_feedback_null,stationary,1694.5409000471664,1694.5409000471664,19249.986550978563,90000.0,0.0,0.0,0.0,0.0,0.0,0.0,0.0,0.0,344.0,0.4796572134904174,0.0,0.0,0.35,1.0,1.0,1.0,1.0,3.4159911095870816,3.4159911095870816,1.1987348776804172,2.217256231906664,0.0,0.0,0.0,0.0,2.9828721793387714,0.10168868809955786,0.3314302421487523,4.675327941744713,750.0134490214278,307.9754963105979,0.0,746.5974579118408,2.9828721793387714,49.70956486868062,0.0,0.0,-858.0090503559907,0.0,-7.275957614183426e-12,0.0,0.0
no_feedback_null,stationary,1698.0285340707505,1698.0285340707505,19248.442904305364,90000.0,0.0,0.0,0.0,0.0,0.0,0.0,0.0,0.0,345.0,0.4806444241369,0.0,0.0,0.35,1.0,1.0,1.0,1.0,3.4230217612625444,3.4230217612625444,1.1985808898657566,2.2244408713967876,0.0,0.0,0.0,0.0,2.9892115201068488,0.10167562781049036,0.33213461334520533,4.675702883991172,751.5570956946242,307.39119554445676,0.0,748.1340739333616,2.9892115201068488,49.81520998258063,0.0,0.0,-857.9034052420907,0.0,-1.0913936421275139e-11,0.0,0.0
no_feedback_null,stationary,1701.5095512457335,1701.5095512457335,19246.902186287025,90000.0,0.0,0.0,0.0,0.0,0.0,0.0,0.0,0.0,346.0,0.48162976181639666,0.0,0.0,0.35,1.0,1.0,1.0,1.0,3.430039074165249,3.430039074165249,1.1984272032160816,2.2316118709491675,0.0,0.0,0.0,0.0,2.9955388329912314,0.10166259306388098,0.3328376481101367,4.676077174856894,753.0978137129612,306.808003332046,0.0,749.6677746387959,2.9955388329912314,49.92065465179887,0.0,0.0,-857.7979605728724,0.0,-1.4551915228366852e-11,0.0,0.0
no_feedback_null,stationary,1704.9839641258077,1704.9839641258077,19245.364391367213,90000.0,0.0,0.0,0.0,0.0,0.0,0.0,0.0,0.0,347.0,0.48261323008235896,0.0,0.0,0.35,1.0,1.0,1.0,1.0,3.437043073601933,3.437043073601933,1.1982738171269662,2.2387692564749666,0.0,0.0,0.0,0.0,3.0018541408141175,0.10164958380846922,0.3335393489793463,4.676450815364702,754.6356086327748,306.22591757018273,0.0,751.198565559173,3.0018541408141175,50.025899256667266,0.0,0.0,-857.692715968004,0.0,-1.0913936421275139e-11,0.0,0.0
no_feedback_null,stationary,1708.4517852408485,1708.4517852408485,19243.82951400013,90000.0,0.0,0.0,0.0,0.0,0.0,0.0,0.0,0.0,348.0,0.48359483248149693,0.0,0.0,0.35,1.0,1.0,1.0,1.0,3.4440337848313214,3.4440337848313214,1.198120730995249,2.2459130538360723,0.0,0.0,0.0,0.0,3.008157466354398,0.10163659999310146,0.3342397184838219,4.676823806536213,756.1704859998591,305.6449361596744,0.0,752.7264522150278,3.008157466354398,50.13094417679604,0.0,0.0,-857.5876710478752,0.0,-1.0913936421275139e-11,0.0,0.0
no_feedback_null,stationary,1711.913027096959,1711.913027096959,19242.297548650502,90000.0,0.0,0.0,0.0,0.0,0.0,0.0,0.0,0.0,349.0,0.48457457255379155,0.0,0.0,0.35,1.0,1.0,1.0,1.0,3.4510112330642175,3.4510112330642175,1.1979679442190307,2.253043288845187,0.0,0.0,0.0,0.0,3.0144488323477385,0.10162364156673032,0.33493875914974863,4.677196149391831,757.7024513494866,305.06505700531096,0.0,754.2514401164224,3.0144488323477385,50.23578979107506,0.0,0.0,-857.4828254335962,0.0,-1.0913936421275139e-11,0.0,0.0
no_feedback_null,stationary,1715.3677021765159,1715.3677021765159,19240.768489793558,90000.0,0.0,0.0,0.0,0.0,0.0,0.0,0.0,0.0,350.0,0.4855524538325077,0.0,0.0,0.35,1.0,1.0,1.0,1.0,3.4579754434635945,3.4579754434635945,1.1978154561976742,2.2601599872659204,0.0,0.0,0.0,0.0,3.0207282614866595,0.1016107084784171,0.33563647349851766,4.677567844950753,759.2315102064282,304.48627801585735,0.0,755.7735347629646,3.0207282614866595,50.340436477675176,0.0,0.0,-857.3781787469961,0.0,-1.4551915228366852e-11,0.0,0.0
no_feedback_null,stationary,1718.8158229382132,1718.8158229382132,19239.24233191501,90000.0,0.0,0.0,0.0,0.0,0.0,0.0,0.0,0.0,351.0,0.4865284798442069,0.0,0.0,0.35,1.0,1.0,1.0,1.0,3.464926441144685,3.464926441144685,1.1976632663317988,2.2672631748128858,0.0,0.0,0.0,0.0,3.0269957764206206,0.10159780067732854,0.3363328640467355,4.6779388942309605,760.7576680849727,303.9085971040464,0.0,757.292741643828,3.0269957764206206,50.44488461404964,0.0,0.0,-857.2737306106217,0.0,-1.4551915228366852e-11,0.0,4.440892098500626e-16
no_feedback_null,stationary,1722.2574018171083,1722.2574018171083,19237.719069511037,90000.0,0.0,0.0,0.0,0.0,0.0,0.0,0.0,0.0,352.0,0.48750265410875987,0.0,0.0,0.35,1.0,1.0,1.0,1.0,3.471864251175072,3.471864251175072,1.1975113740232786,2.274352877151794,0.0,0.0,0.0,0.0,3.0332513997561006,0.10158491811273813,0.3370279333062333,4.678309298249229,762.2809304889475,303.33201218657075,0.0,758.8090662377725,3.0332513997561006,50.549134576935415,0.0,0.0,-857.1694806477359,0.0,-1.4551915228366852e-11,0.0,0.0
no_feedback_null,stationary,1725.6924512246665,1725.6924512246665,19236.198697088246,90000.0,0.0,0.0,0.0,0.0,0.0,0.0,0.0,0.0,353.0,0.4884749801393593,0.0,0.0,0.35,1.0,1.0,1.0,1.0,3.47878889857478,3.47878889857478,1.1973597786752395,2.2814291198995407,0.0,0.0,0.0,0.0,3.0394951540566804,0.10157206073402483,0.33772168378407547,4.678679058021124,763.8013029117376,302.75652118407544,0.0,760.3225140131628,3.0394951540566804,50.65318674235458,0.0,0.0,-857.0654284823167,0.0,-1.4551915228366852e-11,0.0,-4.440892098500626e-16
no_feedback_null,stationary,1729.1209835488053,1729.1209835488053,19234.68120916368,90000.0,0.0,0.0,0.0,0.0,0.0,0.0,0.0,0.0,354.0,0.4894454614425326,0.0,0.0,0.35,1.0,1.0,1.0,1.0,3.485700408316365,3.485700408316365,1.1972084796920563,2.288491928624309,0.0,0.0,0.0,0.0,3.0457270618431216,0.10155922849067482,0.338414117982569,4.679048174560996,765.318790836306,302.18212202115086,0.0,761.8330904279896,3.0457270618431216,50.757041485615616,0.0,0.0,-856.9615737390557,0.0,-1.4551915228366852e-11,0.0,0.0
no_feedback_null,stationary,1732.5430111539395,1732.5430111539395,19233.16660026477,90000.0,0.0,0.0,0.0,0.0,0.0,0.0,0.0,0.0,355.0,0.4904141015181544,0.0,0.0,0.35,1.0,1.0,1.0,1.0,3.492598805325003,3.492598805325003,1.19705747647935,2.2955413288456534,0.0,0.0,0.0,0.0,3.051947145593452,0.1015464213322788,0.33910523839927237,4.679416648881991,766.833399735213,301.6088126263247,0.0,763.340800929888,3.051947145593452,50.86069918131488,0.0,0.0,-856.8579160433565,0.0,-1.8189894035458565e-11,0.0,0.0
no_feedback_null,stationary,1735.9585463810263,1735.9585463810263,19231.654864929347,90000.0,0.0,0.0,0.0,0.0,0.0,0.0,0.0,0.0,356.0,0.4913809038594595,0.0,0.0,0.35,1.0,1.0,1.0,1.0,3.499484114478583,3.499484114478583,1.1969067684439867,2.3025773460345964,0.0,0.0,0.0,0.0,3.0581554277430443,0.10153363920853381,0.33979504752700485,4.679784481996039,768.3451350706364,301.03659093205476,0.0,764.8456509561578,3.0581554277430443,50.96416020333783,0.0,0.0,-856.7544550213335,0.0,-1.4551915228366852e-11,0.0,0.0
no_feedback_null,stationary,1739.3676015476087,1739.3676015476087,19230.145997705593,90000.0,0.0,0.0,0.0,0.0,0.0,0.0,0.0,0.0,357.0,0.49234587195305496,0.0,0.0,0.35,1.0,1.0,1.0,1.0,3.506356360607793,3.506356360607793,1.196756354994069,2.309600005613724,0.0,0.0,0.0,0.0,3.0643519306846967,0.1015208820692414,0.3404835478538551,4.680151674913866,769.8540022943911,300.46545487472133,0.0,766.3476459337833,3.0643519306846967,51.06742492486047,0.0,0.0,-856.6511902998109,0.0,-1.4551915228366852e-11,0.0,0.0
no_feedback_null,stationary,1742.7701889478606,1742.7701889478606,19228.639993152035,90000.0,0.0,0.0,0.0,0.0,0.0,0.0,0.0,0.0,358.0,0.493309009278933,0.0,0.0,0.35,1.0,1.0,1.0,1.0,3.513215568496213,3.513215568496213,1.1966062355389422,2.3166093329572703,0.0,0.0,0.0,0.0,3.0705366767687146,0.10150814986430806,0.3411707418631904,4.6805182286449805,771.3600068479481,299.89540239462013,0.0,767.8467912794518,3.0705366767687146,51.17049371835063,0.0,0.0,-856.5481215063206,0.0,-1.8189894035458565e-11,0.0,0.0
no_feedback_null,stationary,1746.166320852631,1746.166320852631,19227.13684583753,90000.0,0.0,0.0,0.0,0.0,0.0,0.0,0.0,0.0,359.0,0.4942703193104836,0.0,0.0,0.35,1.0,1.0,1.0,1.0,3.5200617628804016,3.5200617628804016,1.1964564094891843,2.3236053533912173,0.0,0.0,0.0,0.0,3.0767096883029903,0.1014954425437462,0.3418566320336655,4.6808841441976865,772.8631541624554,299.3264314359544,0.0,769.3430923995751,3.0767096883029903,51.27336695556933,0.0,0.0,-856.445248269102,0.0,-1.4551915228366852e-11,0.0,0.0
no_feedback_null,stationary,1749.5560095094884,1749.5560095094884,19225.636550341227,90000.0,0.0,0.0,0.0,0.0,0.0,0.0,0.0,0.0,360.0,0.49522980551450674,0.0,0.0,0.35,1.0,1.0,1.0,1.0,3.5268949684499873,3.5268949684499873,1.1963068762566058,2.330588092193381,0.0,0.0,0.0,0.0,3.082870987553085,0.10148276005767087,0.34254122083923155,4.681249422579073,774.3634496587563,298.7585399468278,0.0,770.8365546903063,3.082870987553085,51.37604500757216,0.0,0.0,-856.3425702170991,0.0,-1.8189894035458565e-11,0.0,0.0
no_feedback_null,stationary,1752.9392671427647,1752.9392671427647,19224.139101252575,90000.0,0.0,0.0,0.0,0.0,0.0,0.0,0.0,0.0,361.0,0.4961874713512253,0.0,0.0,0.35,1.0,1.0,1.0,1.0,3.5337152098477564,3.5337152098477564,1.1961576352542476,2.337557574593508,0.0,0.0,0.0,0.0,3.0890205967423072,0.10147010235630347,0.3432245107491452,4.681614064795022,775.8608987474097,298.19172587923686,0.0,772.327183537562,3.0890205967423072,51.478528244710546,0.0,0.0,-856.2400869799608,0.0,-1.4551915228366852e-11,0.0,4.440892098500626e-16
no_feedback_null,stationary,1756.3161059535992,1756.3161059535992,19222.644493171276,90000.0,0.0,0.0,0.0,0.0,0.0,0.0,0.0,0.0,362.0,0.4971433202742971,0.0,0.0,0.35,1.0,1.0,1.0,1.0,3.5405225116697414,3.5405225116697414,1.1960086858963774,2.344513825773364,0.0,0.0,0.0,0.0,3.0951585380517965,0.1014574693899676,0.3439065042279773,4.681978071850204,777.3555068287094,297.6259871890637,0.0,773.8149843170396,3.0951585380517965,51.580817036633185,0.0,0.0,-856.1377981880381,0.0,-1.4551915228366852e-11,0.0,0.0
no_feedback_null,stationary,1759.6865381199834,1759.6865381199834,19221.15272070728,90000.0,0.0,0.0,0.0,0.0,0.0,0.0,0.0,0.0,363.0,0.49809735573082775,0.0,0.0,0.35,1.0,1.0,1.0,1.0,3.547316898465312,3.547316898465312,1.1958600275984868,2.3514568708668246,0.0,0.0,0.0,0.0,3.1012848336205985,0.1014448611090914,0.34458720373562196,4.682341444748079,778.8472792927038,297.06132183606854,0.0,775.2999623942385,3.1012848336205985,51.68291175228727,0.0,0.0,-856.0357034723841,0.0,-1.8189894035458565e-11,0.0,0.0
no_feedback_null,stationary,1763.050575796804,1763.050575796804,19219.663778480768,90000.0,0.0,0.0,0.0,0.0,0.0,0.0,0.0,0.0,364.0,0.49904958116138276,0.0,0.0,0.35,1.0,1.0,1.0,1.0,3.554098394737261,3.554098394737261,1.195711659777289,2.358386734959972,0.0,0.0,0.0,0.0,3.107399505545748,0.1014322774642075,0.3452666117273053,4.6827041844908965,780.3362215192149,296.4977277838824,0.0,776.7821231244776,3.107399505545748,51.78481275991989,0.0,0.0,-855.9338024647514,0.0,-1.8189894035458565e-11,0.0,0.0
no_feedback_null,stationary,1766.4082311158868,1766.4082311158868,19218.177661122125,90000.0,0.0,0.0,0.0,0.0,0.0,0.0,0.0,0.0,365.0,0.5000000000000002,0.0,0.0,0.35,1.0,1.0,1.0,1.0,3.5608670249418934,3.5608670249418934,1.1955635818507173,2.365303443091176,0.0,0.0,0.0,0.0,3.1135025758823485,0.1014197184059507,0.3459447306535942,4.683066292079694,781.8223388778578,295.93520299999983,0.0,778.2614718529159,3.1135025758823485,51.88652042707933,0.0,0.0,-855.8320947975919,0.0,-1.8189894035458565e-11,0.0,0.0
