scenario,mode,extent_mol,reactor_h2_mol,water_kg,salt_mol,export_h2_mol,export_water_kg,export_salt_mol,outlet_separator_gas_mol,flow_pump_kwh,feed_water_kg,feed_salt_mol,circulated_water_kg,time_days,altered_fraction_proxy,expansion_loading,crack_opening_fraction,porosity,area_factor,passivation_factor,pore_access_factor,permeability_ratio,generated_h2_kg,retained_h2_kg,dissolved_h2_kg,free_h2_kg,exported_h2_kg,outlet_collected_h2_kg,outlet_uncollected_gas_h2_kg,outlet_residual_dissolved_h2_kg,endpoint_collected_h2_kg,endpoint_residual_h2_kg,endpoint_uncollected_gas_h2_kg,salt_molality,water_consumed_kg,remaining_reactive_fe_kg,flow_head_bar,solid_mass_gain_kg,total_deliverable_h2_kg,gross_electricity_kwh,outlet_delivered_electricity_kwh,new_feed_heater_kwh,standalone_engineering_balance_kwh,h2_balance_error_kg,water_balance_error_kg,salt_balance_error_kg,hydrogen_recovery_balance_error_kg
no_feedback_null,once_through,0.0,0.0,20000.0,90000.0,0.0,0.0,0.0,0.0,0.0,0.0,0.0,0.0,0.0,0.0,0.0,0.0,0.35,1.0,1.0,1.0,1.0,0.0,0.0,0.0,0.0,0.0,0.0,0.0,0.0,0.0,0.0,0.0,4.5,0.0,591.8704059999999,5.0,0.0,0.0,0.0,0.0,0.0,-907.7186152246713,0.0,0.0,0.0,0.0
no_feedback_null,once_through,6.702570140308661,5.699516165195859,19997.033404299593,89998.00219170198,1.0030539751127987,6666.666666666669,30001.997808298005,0.0,35.41156106546676,6666.666666666669,29999.99999999999,0.0,1.0,0.0018972313484053663,0.0,0.0,0.35,1.0,1.0,1.0,1.0,0.013511577094445422,0.011489540647095026,0.011489540647095026,0.0,0.0020220364473503886,0.0,0.0,0.0020220364473503886,0.0,0.011489540647095026,0.0,4.50056767782122,2.9665957004053496,590.7474909115433,5.0,2.953084123310904,0.0,0.0,0.0,243.73541403508773,-1186.8655903252256,7.609459728996625e-18,-4.547473508864641e-12,-2.1261366782709957e-13,6.938893903907228e-18
no_feedback_null,once_through,13.392423954432239,9.772149119564382,19994.072436917548,89992.78940586884,3.6202748348678586,13333.333333333338,60007.21059413117,0.0,70.82315399436608,13333.333333333338,59999.99999999998,0.0,2.0,0.0037908632100213595,0.0,0.0,0.35,1.0,1.0,1.0,1.0,0.026997519601260858,0.019699479967147444,0.019699479967147444,0.0,0.007298039634113418,0.0,0.0,0.007298039634113418,0.0,0.019699479967147444,0.0,4.50097346049942,5.9275630824498435,589.6267062527942,5.0,5.900565562848582,0.0,0.0,0.0,487.47082807017546,-1466.0125972892129,-3.580922225410177e-18,-1.8189894035458565e-12,1.2756820069625973e-12,-3.469446951953614e-18
no_feedback_null,once_through,20.069585568183413,12.678831586284119,19991.117087175644,89985.27964596129,7.390753981899297,20000.000000000007,90014.72035403871,0.0,106.23476968842556,20000.000000000007,89999.99999999996,0.0,3.0,0.005680902413907156,0.0,0.0,0.35,1.0,1.0,1.0,1.0,0.04045787615518957,0.025559003018158426,0.025559003018158426,0.0,0.014898873137031154,0.0,0.0,0.014898873137031154,0.0,0.025559003018158426,0.0,4.501263198727753,8.882912824355516,588.5080479818344,5.0,8.842454948200327,0.0,0.0,0.0,731.2062421052632,-1745.15962701836,-5.371383338115265e-18,0.0,2.5513640139251947e-12,-6.938893903907228e-18
no_feedback_null,once_through,26.734079061602607,14.749952425815753,19988.167344415913,89976.13090797563,11.98412663578686,26666.666666666675,120023.86909202437,0.0,141.64640162628973,26666.666666666675,119999.99999999994,0.0,4.0,0.007567355776165624,0.0,0.0,0.35,1.0,1.0,1.0,1.0,0.05389269529870346,0.02973413409615346,0.02973413409615346,0.0,0.024158561202550013,0.0,0.0,0.024158561202550013,0.0,0.02973413409615346,0.0,4.501469762464853,11.832655584085344,587.3915120644144,5.0,11.778762888786641,0.0,0.0,0.0,974.9416561403509,-2024.306672991312,-1.074276667623053e-17,-3.637978807091713e-12,3.401818685233593e-12,-6.938893903907228e-18
no_feedback_null,once_through,33.38592846904484,16.222316966601483,19985.223198000615,89965.81479528107,17.16361150244337,33333.33333333335,150034.18520471893,0.0,177.05804513392852,33333.33333333335,149999.99999999994,0.0,5.0,0.009450230099967911,0.0,0.0,0.35,1.0,1.0,1.0,1.0,0.0673020254821781,0.032702244326632594,0.032702244326632594,0.0,0.03459978115554554,0.0,0.0,0.03459978115554554,0.0,0.032702244326632594,0.0,4.501616714707572,14.77680199938168,586.2770944739386,5.0,14.709499973899502,0.0,0.0,0.0,1218.677070175439,-2303.453730534039,-2.148553335246106e-17,-7.275957614183426e-12,3.401818685233593e-12,-2.7755575615628914e-17
no_feedback_null,once_through,40.025157779266415,17.265646288774445,19982.28463731219,89954.66929792166,22.75951149049198,40000.00000000002,180045.33070207832,0.0,212.46969686154458,40000.00000000002,179999.99999999994,0.0,6.0,0.011329532175577976,0.0,0.0,0.35,1.0,1.0,1.0,1.0,0.08068591506406757,0.03480547104061463,0.03480547104061463,0.0,0.04588044402345297,0.0,0.0,0.04588044402345297,0.0,0.03480547104061463,0.0,4.5017209458598435,17.715362687804625,585.1647911914506,5.0,17.63467677274056,0.0,0.0,0.0,1462.4124842105268,-2582.600796296743,-2.148553335246106e-17,-7.275957614183426e-12,3.401818685233593e-12,-2.7755575615628914e-17
no_feedback_null,once_through,46.65179093551138,18.001575337546658,19979.351651753226,89942.93663164544,28.65021559796474,46666.66666666669,210057.06336835455,0.0,247.88135440855345,46666.66666666669,209999.99999999994,0.0,7.0,0.013205268780377066,0.0,0.0,0.35,1.0,1.0,1.0,1.0,0.09404441231107867,0.036289015691453555,0.036289015691453555,0.0,0.05775539661962515,0.0,0.0,0.05775539661962515,0.0,0.036289015691453555,0.0,4.50179456267555,20.6483482467703,584.054598205619,5.0,20.554303834459223,0.0,0.0,0.0,1706.1478982456147,-2861.7478678788393,-3.5809222254101765e-17,-7.275957614183426e-12,3.401818685233593e-12,-4.163336342344337e-17
no_feedback_null,once_through,53.26585183559793,18.517272540537263,19976.424230746405,89930.79036444481,34.74857929506068,53333.333333333365,240069.2096355552,0.0,283.2930160547341,53333.333333333365,239999.99999999994,0.0,8.0,0.015077446678888181,0.0,0.0,0.35,1.0,1.0,1.0,1.0,0.10737756539834514,0.03732859936901826,0.03732859936901826,0.0,0.07004896602932692,0.0,0.0,0.07004896602932692,0.0,0.03732859936901826,0.0,4.501846242633816,23.575769253589083,582.9465115127231,5.0,23.46839168819074,0.0,0.0,0.0,1949.8833122807027,-3140.894943560108,-2.864737780328141e-17,-7.275957614183426e-12,3.401818685233593e-12,-2.7755575615628914e-17
no_feedback_null,once_through,59.86736433200457,18.87520312633359,19973.50236373449,89918.35486240823,40.992161205670996,60000.00000000004,270081.64513759175,0.0,318.70468056750235,60000.00000000004,269999.99999999994,0.0,9.0,0.01694607262280045,0.0,0.0,0.35,1.0,1.0,1.0,1.0,0.12068542240960137,0.038050144478313355,0.038050144478313355,0.0,0.08263527793128804,0.0,0.0,0.08263527793128804,0.0,0.038050144478313355,0.0,4.501882204979298,26.497636265503747,581.8405271166376,5.0,26.376950843094146,0.0,0.0,0.0,2193.6187263157904,-3420.042022107964,-2.864737780328141e-17,-7.275957614183426e-12,3.401818685233593e-12,-2.7755575615628914e-17
no_feedback_null,once_through,66.45635223195615,19.12012767617261,19970.586040180267,89905.71922891449,47.33622455578356,66666.6666666667,300094.2807710855,0.0,354.1163470637604,66666.6666666667,299999.99999999994,0.0,10.0,0.018811153350993485,0.0,0.0,0.35,1.0,1.0,1.0,1.0,0.13396803133735574,0.03854388297984284,0.03854388297984284,0.0,0.09542414835751295,0.0,0.0,0.09542414835751295,0.0,0.03854388297984284,0.0,4.501906906889295,29.41395981972754,580.7366410288191,5.0,29.279991788390184,0.0,0.0,0.0,2437.354140350878,-3699.1891026393096,-5.729475560656283e-17,0.0,3.401818685233593e-12,-5.551115123125783e-17
no_feedback_null,once_through,73.03283929750965,19.2841185808139,19967.675249566513,89892.94729603843,53.74872071669579,73333.33333333337,330107.05270396156,0.0,389.52801491087274,73333.33333333337,329999.99999999994,0.0,11.0,0.02067269558956168,0.0,0.0,0.35,1.0,1.0,1.0,1.0,0.14722544008306374,0.03887446896469112,0.03887446896469112,0.0,0.1083509711183727,0.0,0.0,0.1083509711183727,0.0,0.03887446896469112,0.0,4.5019235425511015,32.32475043348216,579.6348492682916,5.0,32.177524993399096,0.0,0.0,0.0,2681.089554385966,-3978.3361845215095,-7.161844450820353e-17,0.0,3.401818685233593e-12,-8.326672684688674e-17
no_feedback_null,once_through,79.59684924564003,19.390155581341677,19964.76998139596,89880.08478588129,60.20669366429839,80000.00000000004,360119.9152141187,0.0,424.9396836556906,80000.00000000004,359999.99999999994,0.0,12.0,0.02253070605183849,0.0,0.0,0.35,1.0,1.0,1.0,1.0,0.16045769645730082,0.03908822683331506,0.03908822683331506,0.0,0.12136946962398583,0.0,0.0,0.12136946962398583,0.0,0.03908822683331506,0.0,4.501934400929009,35.23001860403573,578.5351478616316,5.0,35.06956090757843,0.0,0.0,0.0,2924.8249684210537,-4257.483267301415,-7.161844450820353e-17,0.0,3.401818685233593e-12,-8.326672684688674e-17
no_feedback_null,once_through,86.14840574832556,19.45470274071921,19961.87022519125,89867.16444319097,66.6937030076064,86666.66666666672,390132.8355568091,0.0,460.3513529736829,86666.66666666672,389999.99999999994,0.0,13.0,0.0243851914384206,0.0,0.0,0.35,1.0,1.0,1.0,1.0,0.17366484817993452,0.03921834616096104,0.03921834616096104,0.0,0.1344465020189736,0.0,0.0,0.1344465020189736,0.0,0.03921834616096104,0.0,4.501941122219171,38.12977480874059,577.4375328429543,5.0,37.95610996056066,0.0,0.0,0.0,3168.5603824561413,-4536.6303506544955,-1.1458951121312565e-16,0.0,6.803637370467186e-12,-1.1102230246251565e-16
no_feedback_null,once_through,92.68753243263336,19.48955530103353,19958.97597049492,89854.20971379468,73.19797713159987,93333.33333333339,420145.79028620536,0.0,495.7630226324796,93333.33333333339,419999.99999999994,0.0,14.0,0.02623615843719213,0.0,0.0,0.35,1.0,1.0,1.0,1.0,0.18684694288029693,0.03928860474024747,0.03928860474024747,0.0,0.14755833814004954,0.0,0.0,0.14755833814004954,0.0,0.03928860474024747,0.0,4.501944881672533,41.02402950507117,576.3420002538987,5.0,40.837182562190876,0.0,0.0,0.0,3412.2957964912293,-4815.77743434838,-8.594213340984425e-17,-1.4551915228366852e-11,6.803637370467186e-12,-8.326672684688674e-17
no_feedback_null,once_through,99.21425288080448,19.503163218294425,19956.087206869328,89841.23738071698,79.7110896625101,100000.00000000006,450158.7626192831,0.0,531.1746924657454,100000.00000000006,449999.99999999994,0.0,15.0,0.02808361372334872,0.0,0.0,0.35,1.0,1.0,1.0,1.0,0.20000402809735612,0.03931603666849536,0.03931603666849536,0.0,0.16068799142886087,0.0,0.0,0.16068799142886087,0.0,0.03931603666849536,0.0,4.501946521349718,43.91279313066158,575.2485461436144,5.0,43.71278910256423,0.0,0.0,0.0,3656.031210526317,-5094.924518216733,-8.594213340984425e-17,-1.4551915228366852e-11,1.0205456055700779e-11,-1.1102230246251565e-16
no_feedback_null,once_through,105.72859063033907,19.50157961533869,19953.203923896646,89828.2594532373,86.22701101500041,106666.66666666673,480171.74054676277,0.0,566.5863623544567,106666.66666666673,479999.99999999994,0.0,16.0,0.029927563959421647,0.0,0.0,0.35,1.0,1.0,1.0,1.0,0.21313615127988791,0.03931284431496896,0.03931284431496896,0.0,0.17382330696491902,0.0,0.0,0.17382330696491902,0.0,0.03931284431496896,0.0,4.501946644551449,46.7960761033434,574.157166568746,5.0,46.58293995206351,0.0,0.0,0.0,3899.7666245614055,-5374.071602140533,-5.729475560656283e-17,-1.4551915228366852e-11,1.0205456055700779e-11,-5.551115123125783e-17
no_feedback_null,once_through,112.23056917408113,19.48914041502221,19950.32611117881,89815.28452053311,92.74142875905895,113333.3333333334,510184.715479467,0.0,601.9980322134871,113333.3333333334,509999.99999999994,0.0,17.0,0.031768015795301786,0.0,0.0,0.35,1.0,1.0,1.0,1.0,0.22624335978664664,0.03928776837983497,0.03928776837983497,0.0,0.18695559140681173,0.0,0.0,0.18695559140681173,0.0,0.03928776837983497,0.0,4.501945683494704,49.67388882118313,573.0678575934203,5.0,49.44764546139648,0.0,0.0,0.0,4143.502038596494,-5653.218686034652,-5.729475560656283e-17,0.0,1.0205456055700779e-11,-5.551115123125783e-17
no_feedback_null,once_through,118.72021196030335,19.468951321009683,19947.45375833747,89802.31872161134,99.2512606392937,120000.00000000007,540197.6812783888,0.0,637.4097019819932,120000.00000000007,540000.0,0.0,18.0,0.03360497586826367,0.0,0.0,0.35,1.0,1.0,1.0,1.0,0.2393257008865363,0.039247069588997,0.039247069588997,0.0,0.2000786312975394,0.0,0.0,0.2000786312975394,0.0,0.039247069588997,0.0,4.5019439478122125,52.54624166251972,571.9806152892305,5.0,52.30691596163318,0.0,0.0,0.0,4387.237452631581,-5932.365769838245,-8.594213340984425e-17,-1.4551915228366852e-11,1.3607274740934373e-11,-8.326672684688674e-17
no_feedback_null,once_through,125.19754239279158,19.443236739130757,19944.58685501399,89789.36644026417,105.75430565366086,126666.66666666674,570210.633559736,0.0,672.8213716165275,126666.66666666674,570000.0,0.0,19.0,0.03543845080298936,0.0,0.0,0.35,1.0,1.0,1.0,1.0,0.25238322175878064,0.03919523207767891,0.03919523207767891,0.0,0.21318798968110184,0.0,0.0,0.21318798968110184,0.0,0.03919523207767891,0.0,4.501941659307497,55.41314498600205,570.8954357352236,5.0,55.16076176424327,0.0,0.0,0.0,4630.972866666669,-6211.5128535078675,-8.594213340984425e-17,0.0,6.803637370467186e-12,-1.1102230246251565e-16
no_feedback_null,once_through,131.66258383092932,19.413589766887828,19941.725390869367,89776.43080297929,112.24899406404154,133333.3333333334,600223.5691970208,0.0,708.2330410861036,133333.3333333334,600000.0,0.0,20.0,0.03726844721159237,0.0,0.0,0.35,1.0,1.0,1.0,1.0,0.26541596949309376,0.03913546733927383,0.03913546733927383,0.0,0.22628050215382003,0.0,0.0,0.22628050215382003,0.0,0.03913546733927383,0.0,4.501938976859286,58.274609130626224,569.8123150178852,5.0,58.00919316113313,0.0,0.0,0.0,4874.708280701756,-6490.6599370125305,-8.594213340984425e-17,0.0,6.803637370467186e-12,-1.1102230246251565e-16
no_feedback_null,once_through,138.1153595897819,19.38115129303044,19938.86935558422,89763.51403565679,118.7342082967515,140000.00000000006,630236.4859643434,0.0,743.6447103686606,140000.00000000006,630000.0,0.0,21.0,0.03909497169364151,0.0,0.0,0.35,1.0,1.0,1.0,1.0,0.2784239910898495,0.039070075268594205,0.039070075268594205,0.0,0.2393539158212554,0.0,0.0,0.2393539158212554,0.0,0.039070075268594205,0.0,4.501936014266375,61.13064441577288,568.731249231126,5.0,60.852220424683026,0.0,0.0,0.0,5118.443694736844,-6769.807020330176,-1.1458951121312565e-16,0.0,1.3607274740934373e-11,-1.1102230246251565e-16
no_feedback_null,once_through,144.55589294018054,19.346738303241086,19936.018738858747,89750.61771915879,125.2091546369395,146666.66666666672,660249.3822808414,0.0,779.056379448531,146666.66666666672,660000.0,0.0,22.0,0.040918030836184685,0.0,0.0,0.35,1.0,1.0,1.0,1.0,0.2914073334602511,0.039000702810737635,0.039000702810737635,0.0,0.2524066306495136,0.0,0.0,0.2524066306495136,0.0,0.039000702810737635,0.0,4.5019328530334555,63.9812611412444,567.6522344762668,5.0,63.689853807784154,0.0,0.0,0.0,5362.179108771931,-7048.954103445133,-8.594213340984425e-17,0.0,6.803637370467186e-12,-1.1102230246251565e-16
no_feedback_null,once_through,150.98420710880634,19.310935792906953,19933.173530412692,89737.74297237452,131.67327131589946,153333.33333333337,690262.2570276256,0.0,814.4680483146252,153333.33333333337,690000.0,0.0,23.0,0.042737631213772616,0.0,0.0,0.35,1.0,1.0,1.0,1.0,0.30436604342650053,0.03892852924620527,0.03892852924620527,0.0,0.2654375141802954,0.0,0.0,0.2654375141802954,0.0,0.03892852924620527,0.0,4.501929551531708,66.82646958730207,566.5752668620261,5.0,66.52210354387557,0.0,0.0,0.0,5605.914522807019,-7328.101186346315,-1.1458951121312565e-16,0.0,6.803637370467186e-12,-1.1102230246251565e-16
no_feedback_null,once_through,157.40032527827404,19.274162606308135,19930.33371998529,89724.89058335344,138.12616267196594,160000.00000000003,720275.1094166467,0.0,849.8797169591331,160000.00000000003,720000.0,0.0,24.0,0.04455377938848262,0.0,0.0,0.35,1.0,1.0,1.0,1.0,0.31730016772196706,0.03885439891480444,0.03885439891480444,0.0,0.2784457688071627,0.0,0.0,0.2784457688071627,0.0,0.03885439891480444,0.0,4.501926151561684,69.66628001470312,565.5003425045044,5.0,69.34897984698115,0.0,0.0,0.0,5849.649936842105,-7607.248269025909,-5.729475560656283e-17,0.0,6.803637370467186e-12,-5.551115123125783e-17
no_feedback_null,once_through,163.80427058721557,19.236718596395743,19927.499297335256,89712.06110323453,144.56755199081985,166666.6666666667,750287.9388967656,0.0,885.2913853765925,166666.6666666667,750000.0,0.0,25.0,0.04636648190994223,0.0,0.0,0.35,1.0,1.0,1.0,1.0,0.3302097529913561,0.038778916284102245,0.038778916284102245,0.0,0.2914308367072539,0.0,0.0,0.2914308367072539,0.0,0.038778916284102245,0.0,4.501922683054918,72.5007026647378,564.4274575271709,5.0,72.17049291174645,0.0,0.0,0.0,6093.385350877194,-7886.395351478457,-5.729475560656283e-17,0.0,6.803637370467186e-12,-5.551115123125783e-17
no_feedback_null,once_through,170.1960661303635,19.198818403088882,19924.67025224073,89699.25491352324,150.99724772727464,173333.33333333334,780300.7450864768,0.0,920.703053563222,173333.33333333334,780000.0,0.0,26.0,0.048175745315352785,0.0,0.0,0.35,1.0,1.0,1.0,1.0,0.3430948457908772,0.03870251404241881,0.03870251404241881,0.0,0.30439233174845837,0.0,0.0,0.30439233174845837,0.0,0.03870251404241881,0.0,4.501919167441963,75.3297477592662,563.3566080608496,5.0,74.98665291347533,0.0,0.0,0.0,6337.120764912281,-8165.542433700174,-5.729475560656283e-17,0.0,0.0,0.0
no_feedback_null,once_through,176.57573495863437,19.160615645871907,19921.84657449924,89686.47227427633,157.41511931276247,180000.0,810313.5277257238,0.0,956.1147215164445,180000.0,810000.0,0.0,27.0,0.049981576129513074,0.0,0.0,0.35,1.0,1.0,1.0,1.0,0.3559554925884118,0.038625501868200254,0.038625501868200254,0.0,0.31732999072021156,0.0,0.0,0.31732999072021156,0.0,0.038625501868200254,0.0,4.501915620064989,78.15342550075519,562.2877902437051,5.0,77.79747000816678,0.0,0.0,0.0,6580.856178947369,-8444.689515688484,0.0,0.0,6.803637370467186e-12,0.0
no_feedback_null,once_through,182.94330007921178,19.122220250102078,19919.02825392768,89673.71335861091,163.82107982910972,186666.66666666666,840326.2866413891,0.0,991.5263892345441,186666.66666666666,840000.0,0.0,28.0,0.051783980864842816,0.0,0.0,0.35,1.0,1.0,1.0,1.0,0.3687917397636814,0.038548101357775776,0.038548101357775776,0.0,0.3302436384059057,0.0,0.0,0.3302436384059057,0.0,0.038548101357775776,0.0,4.5019120519058875,80.97174607231524,561.2210002212291,5.0,80.60295433255156,0.0,0.0,0.0,6824.591592982457,-8723.836597441672,-5.729475560656283e-17,0.0,0.0,-5.551115123125783e-17
no_feedback_null,once_through,189.29878445562943,19.083710855197342,19916.215280362256,89660.97827741817,170.2150736004321,193333.3333333333,870339.0217225818,0.0,1026.938056716422,193333.3333333333,870000.0,0.0,29.0,0.05358296602140618,0.0,0.0,0.35,1.0,1.0,1.0,1.0,0.3816036336084142,0.03847047103877522,0.03847047103877522,0.0,0.34313316256963905,0.0,0.0,0.34313316256963905,0.0,0.03847047103877522,0.0,4.5019084708240475,83.78471963773708,560.156234146226,5.0,83.40311600412866,0.0,0.0,0.0,7068.327007017543,-9002.983678958635,-5.729475560656283e-17,0.0,0.0,-5.551115123125783e-17
no_feedback_null,once_through,195.64221100785383,19.04514370029332,19913.407643658466,89648.26709706069,176.59706730756056,199999.99999999997,900351.7329029393,0.0,1062.34972396142,199999.99999999997,900000.0,0.0,30.0,0.055378538086935186,0.0,0.0,0.35,1.0,1.0,1.0,1.0,0.39439122032651236,0.038392724282547294,0.038392724282547294,0.0,0.35599849604396516,0.0,0.0,0.35599849604396516,0.0,0.038392724282547294,0.0,4.501904882442844,86.59235634152836,559.0934881787991,5.0,86.19796512120185,0.0,0.0,0.0,7312.062421052629,-9282.13076023872,-1.1458951121312565e-16,0.0,0.0,-1.1102230246251565e-16
no_feedback_null,once_through,201.97360261236705,19.006558987062846,19910.605333691045,89635.57985204554,182.96704362530426,206666.66666666663,930364.4201479544,0.0,1097.7613909691966,206666.66666666663,930000.0,0.0,31.0,0.05717070353685316,0.0,0.0,0.35,1.0,1.0,1.0,1.0,0.40715454603421847,0.038314942130840246,0.038314942130840246,0.0,0.36883960390337833,0.0,0.0,0.36883960390337833,0.0,0.038314942130840246,0.0,4.501901290784554,89.39466630895026,558.032758486337,5.0,88.98751176291604,0.0,0.0,0.0,7555.797835087718,-9561.277841281586,-1.1458951121312565e-16,0.0,-6.803637370467186e-12,-1.1102230246251565e-16
no_feedback_null,once_through,208.29298210224914,18.967985435766956,19907.80834035394,89622.9165540983,189.32499666648226,213333.33333333328,960377.0834459016,0.0,1133.1730577396352,213333.33333333328,960000.0,0.0,32.0,0.058959468834298014,0.0,0.0,0.35,1.0,1.0,1.0,1.0,0.41989365676028195,0.03823718248025389,0.03823718248025389,0.0,0.38165647428002825,0.0,0.0,0.38165647428002825,0.0,0.03823718248025389,0.0,4.501897698725027,92.19165964605403,556.9740412434996,5.0,91.77176598929375,0.0,0.0,0.0,7799.5332491228055,-9840.424922087112,-1.718842668196885e-16,0.0,0.0,-1.6653345369377348e-16
no_feedback_null,once_through,214.60037226726058,18.92944354742407,19905.016653560277,89610.27719866046,195.67092871983658,219999.99999999994,990389.7228013395,0.0,1168.5847242727812,219999.99999999994,990000.0,0.0,33.0,0.06074484043014562,0.0,0.0,0.35,1.0,1.0,1.0,1.0,0.4326085984461252,0.03815948665838123,0.03815948665838123,0.0,0.3944491117877441,0.0,0.0,0.3944491117877441,0.0,0.03815948665838123,0.0,4.501894108319295,94.98334643971737,555.9173326322044,5.0,94.55073784127124,0.0,0.0,0.0,8043.2686631578945,-10119.572002655346,-1.1458951121312565e-16,0.0,0.0,-1.1102230246251565e-16
no_feedback_null,once_through,220.89579585392434,18.890947939436327,19902.230263242313,89597.66176954107,202.0048479144881,226666.6666666666,1020402.3382304589,0.0,1203.9963905687948,226666.6666666666,1020000.0,0.0,34.0,0.06252682476303303,0.0,0.0,0.35,1.0,1.0,1.0,1.0,0.44529941694600894,0.0380818841321509,0.0380818841321509,0.0,0.40721753281385825,0.0,0.0,0.40721753281385825,0.0,0.0380818841321509,0.0,4.501890521034728,97.76973675768085,554.8626288416127,5.0,97.32443734073483,0.0,0.0,0.0,8287.00407719298,-10398.719082986445,-1.718842668196885e-16,0.0,0.0,-2.220446049250313e-16
no_feedback_null,once_through,227.17927556560798,18.852509017754894,19899.44915935141,89585.07024224696,208.32676654785317,233333.33333333326,1050414.929757753,0.0,1239.4080566279194,233333.33333333326,1050000.0,0.0,35.0,0.06430542825938172,0.0,0.0,0.35,1.0,1.0,1.0,1.0,0.45796615802719776,0.03800439587871173,0.03800439587871173,0.0,0.41996176214848624,0.0,0.0,0.41996176214848624,0.0,0.03800439587871173,0.0,4.501886937917976,100.55084064858417,553.8099260681158,5.0,100.09287449055697,0.0,0.0,0.0,8530.739491228069,-10677.866163080658,-1.718842668196885e-16,0.0,0.0,-2.220446049250313e-16
no_feedback_null,once_through,233.45083406260557,18.814134173990098,19896.67333185799,89572.50258636718,214.63669988861554,239999.9999999999,1080427.4974136327,0.0,1274.8197224504559,239999.9999999999,1080000.0,0.0,36.0,0.06608065733342076,0.0,0.0,0.35,1.0,1.0,1.0,1.0,0.47060886737012525,0.037927036798663154,0.037927036798663154,0.0,0.43268183057146226,0.0,0.0,0.43268183057146226,0.0,0.037927036798663154,0.0,4.501883359714522,103.32666814200253,552.7592205153213,5.0,102.8560592746324,0.0,0.0,0.0,8774.474905263156,-10957.013242938283,-1.718842668196885e-16,0.0,-1.3607274740934373e-11,-1.6653345369377348e-16
no_feedback_null,once_through,239.7104939622193,18.775828642386085,19893.90277075151,89559.95876727942,220.93466531983324,246666.66666666657,1110440.0412327205,0.0,1310.2313880367474,246666.66666666657,1110000.0,0.0,37.0,0.06785251838720993,0.0,0.0,0.35,1.0,1.0,1.0,1.0,0.4832275905685586,0.03784981744361326,0.03784981744361326,0.0,0.4453777731249454,0.0,0.0,0.4453777731249454,0.0,0.03784981744361326,0.0,4.501879786954253,106.09722924848259,551.7105083940396,5.0,105.61400165791403,0.0,0.0,0.0,9018.210319298241,-11236.16032255966,-5.729475560656283e-17,0.0,0.0,-1.1102230246251565e-16
no_feedback_null,once_through,245.95827783884107,18.73759611327334,19891.13746604041,89547.43874737182,227.2206817255678,253333.33333333323,1140452.561252628,0.0,1345.6430533871667,253333.33333333323,1140000.0,0.0,38.0,0.06962101781066284,0.0,0.0,0.35,1.0,1.0,1.0,1.0,0.4958223731297629,0.03777274525282546,0.03777274525282546,0.0,0.4580496278769376,0.0,0.0,0.4580496278769376,0.0,0.03777274525282546,0.0,4.501876220012742,108.86253395957877,550.6637859222697,5.0,108.366711586449,0.0,0.0,0.0,9261.94573333333,-11515.307401945167,-1.718842668196885e-16,-2.9103830456733704e-11,-1.3607274740934373e-11,-1.6653345369377348e-16
no_feedback_null,once_through,252.1942082240341,18.699439172178277,19888.3774077521,89534.94248691735,233.49476905185588,259999.99999999988,1170465.0575130824,0.0,1381.0547185021076,259999.99999999988,1170000.0,0.0,39.0,0.07138616198156993,0.0,0.0,0.35,1.0,1.0,1.0,1.0,0.5083932604746658,0.03769582543841074,0.03769582543841074,0.0,0.4706974350362552,0.0,0.0,0.4706974350362552,0.0,0.03769582543841074,0.0,4.50187265915511,111.62259224788916,549.6190493251864,5.0,111.1141989874145,0.0,0.0,0.0,9505.681147368417,-11794.454481095196,-1.1458951121312565e-16,0.0,-1.3607274740934373e-11,-1.1102230246251565e-16
no_feedback_null,once_through,258.41830760661384,18.661359614122844,19885.6225859329,89522.46994469964,239.75694799249106,266666.66666666657,1200477.5300553,0.0,1416.4663833819786,266666.66666666657,1200000.0,0.0,40.0,0.07314795726562151,0.0,0.0,0.35,1.0,1.0,1.0,1.0,0.5209402979380207,0.037619061618917954,0.037619061618917954,0.0,0.48332123631910284,0.0,0.0,0.48332123631910284,0.0,0.037619061618917954,0.0,4.501869104567432,114.37741406709154,548.576294835126,5.0,113.85647376915351,0.0,0.0,0.0,9749.416561403506,-12073.601560010155,-1.1458951121312565e-16,0.0,-1.3607274740934373e-11,-1.1102230246251565e-16
no_feedback_null,once_through,264.63059843272936,18.62335866857869,19882.87299064801,89510.02107846088,246.00723976415074,273333.33333333326,1230489.978921539,0.0,1451.8780480271987,273333.33333333326,1230000.0,0.0,41.0,0.07490641001643072,0.0,0.0,0.35,1.0,1.0,1.0,1.0,0.5334635307685704,0.037542456272814405,0.037542456272814405,0.0,0.4959210744957562,0.0,0.0,0.4959210744957562,0.0,0.037542456272814405,0.0,4.501865556379215,117.12700935197925,547.5355186915726,5.0,116.59354582121068,0.0,0.0,0.0,9993.151975438594,-12352.748638690462,-1.718842668196885e-16,0.0,-1.3607274740934373e-11,-1.1102230246251565e-16
no_feedback_null,once_through,270.8311031059442,18.58543716046596,19880.128611981494,89497.59584522239,252.24566594547827,279999.99999999994,1260502.4041547773,0.0,1487.2897124381936,279999.99999999994,1260000.0,0.0,42.0,0.07666152657555642,0.0,0.0,0.35,1.0,1.0,1.0,1.0,0.5459630041292107,0.03746601106304012,0.03746601106304012,0.0,0.5084969930661707,0.0,0.0,0.5084969930661707,0.0,0.03746601106304012,0.0,4.5018620146794905,119.87138801849707,546.4967171411455,5.0,119.32542501436787,0.0,0.0,0.0,10236.887389473684,-12631.89571713655,-1.1458951121312565e-16,0.0,-1.3607274740934373e-11,-1.1102230246251565e-16
no_feedback_null,once_through,277.019843987317,18.547595625374086,19877.389440036215,89485.19420151378,258.472248361943,286666.6666666666,1290514.8057984859,0.0,1522.701376615394,286666.6666666666,1290000.0,0.0,43.0,0.07841331327252601,0.0,0.0,0.35,1.0,1.0,1.0,1.0,0.5584387630971526,0.03738972706927911,0.03738972706927911,0.0,0.5210490360278737,0.0,0.0,0.5210490360278737,0.0,0.03738972706927911,0.0,4.501858479528323,122.61055996377685,545.4598864375848,5.0,122.0521212006797,0.0,0.0,0.0,10480.62280350877,-12911.042795348834,-1.1458951121312565e-16,0.0,-2.7214549481868745e-11,-2.220446049250313e-16
no_feedback_null,once_through,283.1968433954825,18.509834392016757,19874.655464933814,89472.81610353719,264.68700900346585,293333.3333333333,1320527.1838964624,0.0,1558.1130405592346,293333.3333333333,1320000.0,0.0,44.0,0.08016177642485839,0.0,0.0,0.35,1.0,1.0,1.0,1.0,0.5708908526640852,0.037313604954178736,0.037313604954178736,0.0,0.5335772477099067,0.0,0.0,0.5335772477099067,0.0,0.037313604954178736,0.0,4.501854950965066,125.34453506617336,544.4250228417377,5.0,124.77364421350929,0.0,0.0,0.0,10724.358217543857,-13190.189873327761,-2.291790224262513e-16,0.0,-2.7214549481868745e-11,-2.220446049250313e-16
no_feedback_null,once_through,289.36212360673187,18.472153641235963,19871.92667681469,89460.4615072845,270.88996996549594,300000.0,1350539.538492715,0.0,1593.5247042701508,300000.0,1350000.0,0.0,45.0,0.08190692233808668,0.0,0.0,0.35,1.0,1.0,1.0,1.0,0.5833193177363386,0.03723764508229475,0.03723764508229475,0.0,0.546081672654044,0.0,0.0,0.546081672654044,0.0,0.03723764508229475,0.0,4.501851429014244,128.0733231852999,543.392122621546,5.0,127.49000386756356,0.0,0.0,0.0,10968.09363157895,-13469.33695107377,-1.1458951121312565e-16,0.0,-2.7214549481868745e-11,-1.1102230246251565e-16
no_feedback_null,once_through,295.5157068550927,18.434553448222704,19869.203065837926,89448.13036862142,277.08115340687,306666.6666666667,1380551.8696313782,0.0,1628.9363677485806,306666.6666666667,1380000.0,0.0,46.0,0.08364875730578081,0.0,0.0,0.35,1.0,1.0,1.0,1.0,0.5957242031350442,0.037161847605203184,0.037161847605203184,0.0,0.558562355529841,0.0,0.0,0.558562355529841,0.0,0.037161847605203184,0.0,4.501847913689799,130.79693416206362,542.361182052032,5.0,130.2012099589286,0.0,0.0,0.0,11211.829045614035,-13748.484028587285,0.0,0.0,-2.7214549481868745e-11,0.0
no_feedback_null,once_through,301.6576153324097,18.39703381272666,19866.484622181288,89435.82264334738,283.26058151968306,313333.3333333334,1410564.1773566522,0.0,1664.3480309949616,313333.3333333334,1410000.0,0.0,47.0,0.0853872876095705,0.0,0.0,0.35,1.0,1.0,1.0,1.0,0.608105553596298,0.03708621252239942,0.03708621252239942,0.0,0.5710193410738986,0.0,0.0,0.5710193410738986,0.0,0.03708621252239942,0.0,4.501844404998088,133.5153778187014,541.3321974152847,5.0,132.90727226510512,0.0,0.0,0.0,11455.564459649124,-14027.631105868755,0.0,0.0,-2.7214549481868745e-11,0.0
no_feedback_null,once_through,307.7878711884245,18.359594680670558,19863.771336041173,89423.53828723845,289.42827650775394,320000.00000000006,1440576.461712761,0.0,1699.7596940097324,320000.00000000006,1440000.0,0.0,48.0,0.08712251951916769,0.0,0.0,0.35,1.0,1.0,1.0,1.0,0.6204634137713212,0.03701073972487016,0.03701073972487016,0.0,0.583452674046451,0.0,0.0,0.583452674046451,0.0,0.03701073972487016,0.0,4.501840902940059,136.22866395881493,540.3051650004472,5.0,135.60820054504362,0.0,0.0,0.0,11699.29987368421,-14306.778182918611,0.0,0.0,-2.7214549481868745e-11,1.1102230246251565e-16
no_feedback_null,once_through,313.9064965308555,18.322235959614076,19861.063197632582,89411.27725607803,295.5842605712415,326666.66666666674,1470588.7227439217,0.0,1735.171356793331,326666.66666666674,1470000.0,0.0,49.0,0.08885445929238922,0.0,0.0,0.35,1.0,1.0,1.0,1.0,0.632797828226621,0.03693542902626682,0.03693542902626682,0.0,0.5958623992003542,0.0,0.0,0.5958623992003542,0.0,0.03693542902626682,0.0,4.501837407512794,138.93680236740622,539.280081103703,5.0,138.3040045391796,0.0,0.0,0.0,11943.035287719302,-14585.925259737303,-1.1458951121312565e-16,0.0,-1.3607274740934373e-11,0.0
no_feedback_null,once_through,320.01351342547775,18.284957529816687,19858.360197189075,89399.03950567864,301.7285558956611,333333.33333333343,1500600.960494321,0.0,1770.5830193461957,333333.33333333343,1500000.0,0.0,50.0,0.09058311317517946,0.0,0.0,0.35,1.0,1.0,1.0,1.0,0.645108841444152,0.03686028018520686,0.03686028018520686,0.0,0.6082485612589452,0.0,0.0,0.6082485612589452,0.0,0.03686028018520686,0.0,4.501833918710617,141.63980281091295,538.2569420282625,5.0,140.9946939694688,0.0,0.0,0.0,12186.770701754389,-14865.072336325255,0.0,0.0,-1.3607274740934373e-11,0.0
no_feedback_null,once_through,326.1089438962022,18.24775925215148,19855.662324962745,89386.82499189756,307.8611846440508,340000.0000000001,1530613.175008102,0.0,1805.9946816687639,340000.0000000001,1530000.0,0.0,51.0,0.09230848740163272,0.0,0.0,0.35,1.0,1.0,1.0,1.0,0.6573964978214761,0.03678529292122712,0.03678529292122712,0.0,0.6206112049002491,0.0,0.0,0.6206112049002491,0.0,0.03678529292122712,0.0,4.501830436525883,144.33767503724346,537.2357440843497,5.0,143.68027853942198,0.0,0.0,0.0,12430.506115789478,-15144.219412682913,-1.1458951121312565e-16,0.0,-2.7214549481868745e-11,-1.1102230246251565e-16
no_feedback_null,once_through,332.19280992515564,18.210640973766072,19852.969571224174,89374.63367064808,313.9821689513896,346666.6666666668,1560625.3663293517,0.0,1841.4063437614723,346666.6666666668,1560000.0,0.0,52.0,0.09403058819401583,0.0,0.0,0.35,1.0,1.0,1.0,1.0,0.6696608416719227,0.03671046692619555,0.03671046692619555,0.0,0.6329503747457272,0.0,0.0,0.6329503747457272,0.0,0.03671046692619555,0.0,4.501826960949553,147.0304287758122,536.216483589189,5.0,146.36076793414028,0.0,0.0,0.0,12674.241529824563,-15423.366488810707,-1.1458951121312565e-16,0.0,-1.3607274740934373e-11,0.0
no_feedback_null,once_through,338.2651334527594,18.17360253213148,19850.28192626241,89362.4654979071,320.09153092062803,353333.3333333335,1590637.5345020925,0.0,1876.8180056247572,353333.3333333335,1590000.0,0.0,53.0,0.09574942176279051,0.0,0.0,0.35,1.0,1.0,1.0,1.0,0.6819019172247486,0.0366358018724732,0.0366358018724732,0.0,0.6452661153522756,0.0,0.0,0.6452661153522756,0.0,0.0366358018724732,0.0,4.501823491971586,149.7180737375746,535.1991568669919,5.0,149.03617182034986,0.0,0.0,0.0,12917.976943859652,-15702.51356470908,-2.291790224262513e-16,0.0,-2.7214549481868745e-11,-2.220446049250313e-16
no_feedback_null,once_through,344.32593637780894,18.13664375793793,19847.599380384923,89350.32042972105,326.18929261987114,360000.0000000002,1620649.6795702786,0.0,1912.2296672590546,360000.0000000002,1620000.0,0.0,54.0,0.09746499430663581,0.0,0.0,0.35,1.0,1.0,1.0,1.0,0.6941197686252975,0.03656129741875191,0.03656129741875191,0.0,0.6575584712065458,0.0,0.0,0.6575584712065458,0.0,0.03656129741875191,0.0,4.501820029581239,152.40061961506214,534.1837602489437,5.0,151.70649984643686,0.0,0.0,0.0,13161.712357894743,-15981.660640378468,-2.291790224262513e-16,0.0,-1.3607274740934373e-11,-2.220446049250313e-16
no_feedback_null,once_through,350.3752405575526,18.099764477165643,19844.92192391757,89338.19842220968,332.2754760803871,366666.66666666686,1650661.8015777902,0.0,1947.6413286647992,366666.66666666686,1650000.0,0.0,55.0,0.09917731201247049,0.0,0.0,0.35,1.0,1.0,1.0,1.0,0.7063144399351591,0.03648695321422867,0.03648695321422867,0.0,0.6698274867209306,0.0,0.0,0.6698274867209306,0.0,0.03648695321422867,0.0,4.501816573767275,155.0780760824174,533.1702900731902,5.0,154.37176164248223,0.0,0.0,0.0,13405.44777192983,-16260.8077158193,-2.291790224262513e-16,0.0,-1.3607274740934373e-11,-2.220446049250313e-16
no_feedback_null,once_through,356.4130678077704,18.062964512565536,19842.249547204556,89326.09943156892,338.35010329520503,373333.33333333355,1680673.900568431,0.0,1983.052989842425,373333.33333333355,1680000.0,0.0,56.0,0.1008863810554752,0.0,0.0,0.35,1.0,1.0,1.0,1.0,0.7184859751323281,0.03641276890159061,0.03641276890159061,0.0,0.6820732062307379,0.0,0.0,0.6820732062307379,0.0,0.03641276890159061,0.0,4.501813124518106,157.75045279542877,532.1587426848251,5.0,157.03196682029645,0.0,0.0,0.0,13649.18318596492,-16539.954791032014,-3.43768533639377e-16,0.0,0.0,-3.3306690738754696e-16
no_feedback_null,once_through,362.4394399028528,18.026243684717766,19839.582240608415,89314.02341407277,344.4131962181352,380000.00000000023,1710685.9765859272,0.0,2018.464650792365,380000.00000000023,1710000.0,0.0,57.0,0.10259220759911496,0.0,0.0,0.35,1.0,1.0,1.0,1.0,0.7306344181113629,0.03633874411914885,0.03633874411914885,0.0,0.6942956739922144,0.0,0.0,0.6942956739922144,0.0,0.03633874411914885,0.0,4.501809681821899,160.4177593915655,531.1491144358755,5.0,159.68712497345416,0.0,0.0,0.0,13892.918600000006,-16819.10186601704,-3.43768533639377e-16,0.0,0.0,-3.3306690738754696e-16
no_feedback_null,once_through,368.4543785758793,17.989601812788386,19836.91999450997,89301.97032607476,350.4647767630911,386666.6666666669,1740698.029673925,0.0,2053.8763115150527,386666.6666666669,1740000.0,0.0,58.0,0.10429479779516115,0.0,0.0,0.35,1.0,1.0,1.0,1.0,0.7427598126835434,0.03626487850236385,0.03626487850236385,0.0,0.70649493418118,0.0,0.0,0.70649493418118,0.0,0.03626487850236385,0.0,4.501806245666656,163.0800054900122,530.14140168529,5.0,162.33724567732867,0.0,0.0,0.0,14136.654014035097,-17098.24894077482,-4.583580448525026e-16,0.0,-1.3607274740934373e-11,-4.440892098500626e-16
no_feedback_null,once_through,374.4579055186965,17.95303871507002,19834.262799308282,89289.94012400879,356.5048668036267,393333.3333333336,1770710.059875991,0.0,2089.2879720109195,393333.3333333336,1770000.0,0.0,59.0,0.10599415778371393,0.0,0.0,0.35,1.0,1.0,1.0,1.0,0.7548622025770299,0.036191171684935346,0.036191171684935346,0.0,0.7186710308920949,0.0,0.0,0.7186710308920949,0.0,0.036191171684935346,0.0,4.50180281604027,165.73720069170378,529.1356007989251,5.0,164.98233848912676,0.0,0.0,0.0,14380.389428070184,-17377.396015305778,-4.583580448525026e-16,0.0,-1.3607274740934373e-11,-4.440892098500626e-16
no_feedback_null,once_through,380.4500423819969,17.916554209368076,19831.610645420624,89277.93276438968,362.533488172629,400000.0000000003,1800722.0672356102,0.0,2124.699632280396,400000.0000000003,1800000.0,0.0,60.0,0.10769029369322422,0.0,0.0,0.35,1.0,1.0,1.0,1.0,0.7669416314370199,0.03611762329958092,0.03611762329958092,0.0,0.7308240081374393,0.0,0.0,0.7308240081374393,0.0,0.03611762329958092,0.0,4.501799392930554,168.38935457935986,528.1317081495321,5.0,167.62241294792284,0.0,0.0,0.0,14624.12484210527,-17656.54308961034,-3.43768533639377e-16,0.0,0.0,-3.3306690738754696e-16
no_feedback_null,once_through,386.4308107753963,17.880148113276558,19828.963523282466,89265.94820381376,368.55066266211986,406666.666666667,1830734.051796186,0.0,2160.111292323913,406666.666666667,1830000.0,0.0,61.0,0.10938321164051582,0.0,0.0,0.35,1.0,1.0,1.0,1.0,0.7789981428259058,0.036044232978591946,0.036044232978591946,0.0,0.7429539098473141,0.0,0.0,0.7429539098473141,0.0,0.036044232978591946,0.0,4.501795976325281,171.03647671751952,527.1297201167439,5.0,170.2574785746936,0.0,0.0,0.0,14867.86025614036,-17935.690163688945,-2.291790224262513e-16,0.0,-1.3607274740934373e-11,-2.220446049250313e-16
no_feedback_null,once_through,392.4002322675122,17.843820244374836,19826.32142334741,89253.9863989589,374.5564120231375,413333.33333333366,1860746.013601041,0.0,2195.522952141899,413333.33333333366,1860000.0,0.0,62.0,0.11107291773080755,0.0,0.0,0.35,1.0,1.0,1.0,1.0,0.7910317802234325,0.03597100035423034,0.03597100035423034,0.0,0.7550607798692024,0.0,0.0,0.7550607798692024,0.0,0.03597100035423034,0.0,4.501792566212193,173.67857665257557,526.1296330870623,5.0,172.88754487235215,0.0,0.0,0.0,15111.595670175446,-18214.83723754202,-3.43768533639377e-16,0.0,-1.3607274740934373e-11,-3.3306690738754696e-16
no_feedback_null,once_through,398.3583283860414,17.807570420367913,19823.684336087175,89242.04730658473,380.5507579656736,420000.00000000035,1890757.952693415,0.0,2230.934611734783,420000.00000000035,1890000.0,0.0,63.0,0.11275941805773518,0.0,0.0,0.35,1.0,1.0,1.0,1.0,0.8030425870268532,0.035897925059011265,0.035897925059011265,0.0,0.767144661967842,0.0,0.0,0.767144661967842,0.0,0.035897925059011265,0.0,4.501789162579021,176.31566391280927,525.1314434538444,5.0,175.51262132578242,0.0,0.0,0.0,15355.331084210538,-18493.984311169996,-2.291790224262513e-16,0.0,-1.3607274740934373e-11,-1.1102230246251565e-16
no_feedback_null,once_through,404.3051206178377,17.771398459186397,19821.052251991558,89230.13088353278,386.5337221586514,426666.66666666704,1920769.869116467,0.0,2266.3462711029933,426666.66666666704,1920000.0,0.0,64.0,0.11444271870337346,0.0,0.0,0.35,1.0,1.0,1.0,1.0,0.8150306065510866,0.03582500672590467,0.03582500672590467,0.0,0.7792055998251821,0.0,0.0,0.7792055998251821,0.0,0.03582500672590467,0.0,4.5017857654135,178.9477480084243,524.1351476172905,5.0,178.1327174018732,0.0,0.0,0.0,15599.066498245626,-18773.13138457329,-2.291790224262513e-16,0.0,-1.3607274740934373e-11,-2.220446049250313e-16
no_feedback_null,once_through,410.2406304089894,17.73530417905745,19818.425161568404,89218.23708672618,392.50532622993205,433333.33333333366,1950781.7629132734,0.0,2301.757930246956,433333.33333333366,1950000.0,0.0,65.0,0.11612282573825805,0.0,0.0,0.35,1.0,1.0,1.0,1.0,0.8269958820288734,0.03575224498847833,0.03575224498847833,0.0,0.7912436370403954,0.0,0.0,0.7912436370403954,0.0,0.03575224498847833,0.0,4.501782374703358,181.57483843158153,523.14074198443,5.0,180.74784254955264,0.0,0.0,0.0,15842.80191228071,-19052.278457752338,-2.291790224262513e-16,0.0,-2.7214549481868745e-11,-2.220446049250313e-16
no_feedback_null,once_through,416.16487916489655,17.699287398555246,19815.80305534355,89206.36587316994,398.4655917663414,440000.00000000035,1980793.6341268297,0.0,2337.169589167098,440000.00000000035,1980000.0,0.0,66.0,0.11779974522140739,0.0,0.0,0.35,1.0,1.0,1.0,1.0,0.8389384566109316,0.035679639480999545,0.035679639480999545,0.0,0.8032588171299322,0.0,0.0,0.8032588171299322,0.0,0.035679639480999545,0.0,4.501778990436346,184.19694465643286,522.148222969109,5.0,183.35800619982194,0.0,0.0,0.0,16086.5373263158,-19331.42553070757,-2.291790224262513e-16,0.0,-2.7214549481868745e-11,-1.1102230246251565e-16
no_feedback_null,once_through,422.0778882503482,17.6633479366365,19813.185923860827,89194.51719995071,404.4145403137118,446666.66666666704,2010805.482800049,0.0,2372.581247863844,446666.66666666704,2010000.0,0.0,67.0,0.11947348320034452,0.0,0.0,0.35,1.0,1.0,1.0,1.0,0.8508583733661119,0.03560718983850679,0.03560718983850679,0.0,0.8152511835276053,0.0,0.0,0.8152511835276053,0.0,0.03560718983850679,0.0,4.501775612600224,186.81407613915553,521.1575869919778,5.0,185.9632177657894,0.0,0.0,0.0,16330.272740350889,-19610.572603439407,-2.291790224262513e-16,0.0,-2.7214549481868745e-11,-1.1102230246251565e-16
no_feedback_null,once_through,427.97967898959956,17.62748561266563,19810.573757682,89182.6910242366,410.35219337693405,453333.3333333337,2040817.3089757632,0.0,2407.992906337619,453333.3333333337,2040000.0,0.0,68.0,0.12114404571111902,0.0,0.0,0.35,1.0,1.0,1.0,1.0,0.862755675281554,0.035534895696860386,0.035534895696860386,0.0,0.8272207795846938,0.0,0.0,0.8272207795846938,0.0,0.035534895696860386,0.0,4.501772241182767,189.42624231798627,520.1688304804775,5.0,188.5634866427047,0.0,0.0,0.0,16574.008154385978,-19889.71967594827,-2.291790224262513e-16,0.0,-2.7214549481868745e-11,-2.220446049250313e-16
no_feedback_null,once_through,433.8702726664487,17.5917002464322,19807.966547386728,89170.8873032772,416.27857242001664,460000.0000000004,2070829.1126967224,0.0,2443.404564588846,460000.0000000004,2070000.0,0.0,69.0,0.1228114387783286,0.0,0.0,0.35,1.0,1.0,1.0,1.0,0.8746304052628406,0.03546275669277774,0.03546275669277774,0.0,0.8391676485700631,0.0,0.0,0.8391676485700631,0.0,0.03546275669277774,0.0,4.501768876171772,192.03345261325532,519.1819498688265,5.0,191.15882220799247,0.0,0.0,0.0,16817.74356842106,-20168.86674823458,-2.291790224262513e-16,0.0,-2.7214549481868745e-11,-2.220446049250313e-16
no_feedback_null,once_through,439.7496905243134,17.555991658163112,19805.364283572562,89159.10599440345,422.19369886615044,466666.6666666671,2100840.894005596,0.0,2478.816222617949,466666.6666666671,2099999.9999999995,0.0,70.0,0.12447566841514095,0.0,0.0,0.35,1.0,1.0,1.0,1.0,0.8864826061341529,0.03539077246385785,0.03539077246385785,0.0,0.8510918336702953,0.0,0.0,0.8510918336702953,0.0,0.03539077246385785,0.0,4.5017655175550555,194.63571642742028,518.1969415980091,5.0,193.7492338212861,0.0,0.0,0.0,17061.478982456152,-20448.013820298773,-3.43768533639377e-16,0.0,0.0,-2.220446049250313e-16
no_feedback_null,once_through,445.6179537663078,17.520359668530812,19802.766956854884,89147.3470550273,428.0975940977771,473333.3333333338,2130852.6529449723,0.0,2514.2278804253488,473333.3333333338,2129999.9999999995,0.0,71.0,0.1261367406233154,0.0,0.0,0.35,1.0,1.0,1.0,1.0,0.8983123206384245,0.03531894264859789,0.03531894264859789,0.0,0.8629933779898269,0.0,0.0,0.8629933779898269,0.0,0.03531894264859789,0.0,4.50176216532045,197.2330431451002,517.2138021157616,5.0,196.3347308244618,0.0,0.0,0.0,17305.21439649124,-20727.16089214126,-3.43768533639377e-16,0.0,0.0,-3.3306690738754696e-16
no_feedback_null,once_through,451.47508355531875,17.484804098658895,19800.174557866874,89135.61044264193,433.99027945666,480000.00000000047,2160864.3895573574,0.0,2549.639538011467,480000.00000000047,2159999.9999999995,0.0,72.0,0.12779466139322454,0.0,0.0,0.35,1.0,1.0,1.0,1.0,0.9101195914374959,0.03524726688640449,0.03524726688640449,0.0,0.8748723245510917,0.0,0.0,0.8748723245510917,0.0,0.03524726688640449,0.0,4.501758819455819,199.82544213310928,516.2325278765596,5.0,198.91532254167177,0.0,0.0,0.0,17548.949810526326,-21006.307963762465,-3.43768533639377e-16,0.0,0.0,-2.220446049250313e-16
no_feedback_null,once_through,457.32110101408233,17.4493247701256,19797.587077259494,89123.89611482115,439.8717762439569,486666.66666666715,2190876.103885178,0.0,2585.0511953767245,486666.66666666715,2189999.9999999995,0.0,73.0,0.12944943670387582,0.0,0.0,0.35,1.0,1.0,1.0,1.0,0.9219044611122682,0.03517574481760079,0.03517574481760079,0.0,0.8867287162946678,0.0,0.0,0.8867287162946678,0.0,0.03517574481760079,0.0,4.501755479949036,202.41292274049073,515.2531153416056,5.0,201.49101827937847,0.0,0.0,0.0,17792.685224561417,-21285.455035162813,-3.43768533639377e-16,0.0,-2.7214549481868745e-11,-3.3306690738754696e-16
no_feedback_null,once_through,463.1560272252598,17.41392150496603,19795.004505701436,89112.20402921973,445.742105720294,493333.33333333384,2220887.7959707794,0.0,2620.4628525215408,493333.33333333384,2219999.9999999995,0.0,74.0,0.13110107252293318,0.0,0.0,0.35,1.0,1.0,1.0,1.0,0.9336669721628567,0.035104376083430915,0.035104376083430915,0.0,0.8985625960794261,0.0,0.0,0.8985625960794261,0.0,0.035104376083430915,0.0,4.501752146788008,204.99549429855045,514.2755609788161,5.0,204.0618273263876,0.0,0.0,0.0,18036.420638596504,-21564.602106342718,-4.583580448525026e-16,0.0,-2.7214549481868745e-11,-3.3306690738754696e-16
no_feedback_null,once_through,468.9798832315138,17.37859412567326,19792.426833879093,89100.53414357285,451.60128910584075,500000.0000000005,2250899.4658564264,0.0,2655.874509446335,500000.0000000005,2249999.9999999995,0.0,75.0,0.13274957480673846,0.0,0.0,0.35,1.0,1.0,1.0,1.0,0.9454071670087439,0.035033160326062206,0.035033160326062206,0.0,0.9103740066826822,0.0,0.0,0.9103740066826822,0.0,0.035033160326062206,0.0,4.501748819960657,207.57316612089073,513.2998612628082,5.0,206.627758953882,0.0,0.0,0.0,18280.15605263159,-21843.749177302598,-4.583580448525026e-16,0.0,-2.7214549481868745e-11,-4.440892098500626e-16
no_feedback_null,once_through,474.7926900355841,17.34334245519877,19789.854052496543,89088.88641569622,457.4493475803856,506666.6666666672,2280911.1135843033,0.0,2691.286166151525,506666.6666666672,2279999.9999999995,0.0,76.0,0.13439494950033298,0.0,0.0,0.35,1.0,1.0,1.0,1.0,0.9571250879889331,0.03496209718858609,0.03496209718858609,0.0,0.9221629908003477,0.0,0.0,0.9221629908003477,0.0,0.03496209718858609,0.0,4.50174549945493,210.14594750344375,512.3260126748884,5.0,209.1888224154548,0.0,0.0,0.0,18523.891466666682,-22122.896248042878,-5.729475560656282e-16,0.0,0.0,-6.661338147750939e-16
no_feedback_null,once_through,480.59446860036354,17.30816631695242,19787.28615227548,89077.26080348578,463.2863022834114,513333.3333333339,2310922.739196514,0.0,2726.697822637528,513333.3333333339,2309999.9999999995,0.0,77.0,0.13603720253747897,0.0,0.0,0.35,1.0,1.0,1.0,1.0,0.9688207773621008,0.034891186315018044,0.034891186315018044,0.0,0.9339295910470833,0.0,0.0,0.9339295910470833,0.0,0.034891186315018044,0.0,4.501742185258799,212.71384772450523,511.35401170303805,5.0,211.74502694714312,0.0,0.0,0.0,18767.626880701773,-22402.043318563974,-4.583580448525026e-16,-5.820766091346741e-11,0.0,-5.551115123125783e-16
no_feedback_null,once_through,486.3852398489734,17.27306553480197,19784.723123955217,89065.65726491761,469.1121743141717,520000.0000000006,2340934.342735082,0.0,2762.109478904761,520000.0000000006,2339999.9999999995,0.0,78.0,0.13767633984068087,0.0,0.0,0.35,1.0,1.0,1.0,1.0,0.9804942773067484,0.03482042735029659,0.03482042735029659,0.0,0.9456738499564523,0.0,0.0,0.9456738499564523,0.0,0.03482042735029659,0.0,4.501738877360253,215.27687604476773,510.3838548419022,5.0,214.29638176746099,0.0,0.0,0.0,19011.36229473686,-22681.190388866293,-4.583580448525026e-16,0.0,0.0,-4.440892098500626e-16
no_feedback_null,once_through,492.16502466483894,17.238039933072397,19782.16495829263,89054.07575804774,474.92698473176677,526666.6666666672,2370945.9242419517,0.0,2797.521134953639,526666.6666666672,2369999.9999999995,0.0,79.0,0.1393123673212068,0.0,0.0,0.35,1.0,1.0,1.0,1.0,0.9921456299213555,0.03474981994028198,0.03474981994028198,0.0,0.9573958099810739,0.0,0.0,0.9573958099810739,0.0,0.03474981994028198,0.0,4.50173557574731,217.83504170735418,509.41553859277616,5.0,216.8428960774328,0.0,0.0,0.0,19255.097708771944,-22960.337458950256,-4.583580448525026e-16,0.0,0.0,-3.3306690738754696e-16
no_feedback_null,once_through,497.93384389176475,17.20308933654505,19779.611646062134,89042.51624101201,480.73075455521996,533333.3333333338,2400957.483758987,0.0,2832.932790784577,533333.3333333338,2399999.9999999995,0.0,80.0,0.14094529087910979,0.0,0.0,0.35,1.0,1.0,1.0,1.0,1.0037748772245307,0.03467936373175443,0.03467936373175443,0.0,0.9690955134927768,0.0,0.0,0.9690955134927768,0.0,0.03467936373175443,0.0,4.501732280408004,220.38835393785112,508.44905946359313,5.0,219.38457906062658,0.0,0.0,0.0,19498.83312280703,-23239.48452881628,-5.729475560656282e-16,0.0,-2.7214549481868745e-11,-4.440892098500626e-16
no_feedback_null,once_through,503.69171833401,17.16821357045664,19777.063178055643,89030.97867202607,486.5235047635536,540000.0000000005,2430969.0213279733,0.0,2868.3444463979895,540000.0000000005,2429999.9999999995,0.0,81.0,0.1425751164032492,0.0,0.0,0.35,1.0,1.0,1.0,1.0,1.015382061155164,0.03460905837241213,0.03460905837241213,0.0,0.9807730027827524,0.0,0.0,0.9807730027827524,0.0,0.03460905837241213,0.0,4.501728991330403,222.93682194434214,507.48441396891155,5.0,221.921439883187,0.0,0.0,0.0,19742.568536842115,-23518.631598464777,-5.729475560656282e-16,0.0,0.0,-4.440892098500626e-16
no_feedback_null,once_through,509.4386687563632,17.133412460498093,19774.519545082545,89019.46300938493,492.3052562958654,546666.6666666671,2460980.536990614,0.0,2903.7561017942894,546666.6666666671,2459999.9999999995,0.0,82.0,0.14420184977131179,0.0,0.0,0.35,1.0,1.0,1.0,1.0,1.0269672235725773,0.03453890351086889,0.03453890351086889,0.0,0.992428320061709,0.0,0.0,0.992428320061709,0.0,0.03453890351086889,0.0,4.501725708502585,225.48045491744082,506.5215986299026,5.0,224.45348769386825,0.0,0.0,0.0,19986.303950877205,-23797.778667896167,-5.729475560656282e-16,0.0,-2.7214549481868745e-11,-6.661338147750939e-16
no_feedback_null,once_through,515.1747158842173,17.098685832813423,19771.98073796966,89007.96921146299,498.07603005140425,553333.3333333337,2490992.030788536,0.0,2939.16775697389,553333.3333333337,2489999.9999999995,0.0,83.0,0.14582549684983295,0.0,0.0,0.35,1.0,1.0,1.0,1.0,1.038530406256676,0.03446889879665192,0.03446889879665192,0.0,1.0040615074600248,0.0,0.0,1.0040615074600248,0.0,0.03446889879665192,0.0,4.501722431912657,228.01926203032406,505.5606099743376,5.0,226.98073162406737,0.0,0.0,0.0,20230.039364912293,-24076.925737110854,-6.87537067278754e-16,0.0,-2.7214549481868745e-11,-6.661338147750939e-16
no_feedback_null,once_through,520.8998804036446,17.064033513998577,19769.446747561222,88996.49723671393,503.8358468896464,560000.0000000003,2521003.502763285,0.0,2974.579411937202,560000.0000000003,2519999.9999999995,0.0,84.0,0.14744606349421804,0.0,0.0,0.35,1.0,1.0,1.0,1.0,1.050071650908099,0.03439904388019945,0.03439904388019945,0.0,1.0156726070279003,0.0,0.0,1.0156726070279003,0.0,0.03439904388019945,0.0,4.501719161548748,230.5532524387652,504.6014445365754,5.0,229.5031807878571,0.0,0.0,0.0,20473.77477894738,-24356.072806109252,-8.021265784918796e-16,0.0,-5.442909896373749e-11,-8.881784197001252e-16
no_feedback_null,once_through,526.6141829614709,17.029455331100102,19766.91756471882,88985.04704367045,509.58472763037116,566666.666666667,2551014.9529563286,0.0,3009.991066684637,566666.666666667,2549999.9999999995,0.0,85.0,0.1490635555487632,0.0,0.0,0.35,1.0,1.0,1.0,1.0,1.0615909991483699,0.034329338412858075,0.034329338412858075,0.0,1.0272616607355125,0.0,0.0,1.0272616607355125,0.0,0.034329338412858075,0.0,4.501715897399011,233.08243528116694,503.64409885755,5.0,232.02084428201857,0.0,0.0,0.0,20717.510192982467,-24635.219874891776,-8.021265784918796e-16,0.0,-2.7214549481868745e-11,-6.661338147750939e-16
no_feedback_null,once_through,532.3176441653502,16.994951111613965,19764.393180321393,88973.61859094414,515.3226930537365,573333.3333333336,2581026.3814090546,0.0,3045.4027212166056,573333.3333333336,2579999.9999999995,0.0,86.0,0.1506779788466767,0.0,0.0,0.35,1.0,1.0,1.0,1.0,1.0730884925200461,0.034259782046880356,0.034259782046880356,0.0,1.0388287104731664,0.0,0.0,1.0388287104731664,0.0,0.034259782046880356,0.0,4.5017126394516165,235.6068196785942,502.68856948475803,5.0,234.53373118607416,0.0,0.0,0.0,20961.24560701755,-24914.36694345883,-6.87537067278754e-16,0.0,-5.442909896373749e-11,-6.661338147750939e-16
no_feedback_null,once_through,538.010284583839,16.960520683484237,19761.87358526518,88962.21183722546,521.0497639003552,580000.0000000002,2611037.7881627735,0.0,3080.8143755335163,580000.0000000002,2609999.9999999995,0.0,87.0,0.1522893392100998,0.0,0.0,0.35,1.0,1.0,1.0,1.0,1.0845641724868693,0.0341903744354222,0.0341903744354222,0.0,1.0503737980514478,0.0,0.0,1.0503737980514478,0.0,0.0341903744354222,0.0,4.501709387694765,238.12641473480724,501.7348529722464,5.0,237.04185056232038,0.0,0.0,0.0,21204.981021052634,-25193.51401181082,-6.87537067278754e-16,0.0,-2.7214549481868745e-11,-6.661338147750939e-16
no_feedback_null,once_through,543.6921247464709,16.926163875101846,19759.358770463692,88950.8267412834,526.7659608713693,586666.6666666669,2641049.1732587153,0.0,3116.2260296357786,586666.6666666669,2639999.9999999995,0.0,88.0,0.15389764245012785,0.0,0.0,0.35,1.0,1.0,1.0,1.0,1.0960180804339157,0.03412111523254031,0.03412111523254031,0.0,1.0618969652013759,0.0,0.0,1.0618969652013759,0.0,0.03412111523254031,0.0,4.501706142116675,240.6412295362944,500.7829458806,5.0,239.54521145586048,0.0,0.0,0.0,21448.716435087725,-25472.661079948175,-4.583580448525026e-16,0.0,-5.442909896373749e-11,-4.440892098500626e-16
no_feedback_null,once_through,549.3631851438294,16.891880515303292,19756.84872684768,88939.46326196539,532.4713046285264,593333.3333333335,2671060.5367380334,0.0,3151.6376835237998,593333.3333333335,2669999.9999999995,0.0,89.0,0.15550289436683112,0.0,0.0,0.35,1.0,1.0,1.0,1.0,1.1074502576677427,0.0340520040931896,0.0340520040931896,0.0,1.0733982535745537,0.0,0.0,1.0733982535745537,0.0,0.0340520040931896,0.0,4.5017029027055875,243.15127315230464,499.8328447769284,5.0,242.0438228946369,0.0,0.0,0.0,21692.45184912281,-25751.80814787128,-6.87537067278754e-16,0.0,-5.442909896373749e-11,-4.440892098500626e-16
no_feedback_null,once_through,555.0234862276234,16.85767043336932,19754.343445365103,88928.1213581972,538.1658157942543,600000.0000000001,2701071.8786418014,0.0,3187.049337197987,600000.0000000001,2699999.9999999995,0.0,90.0,0.157105100749276,0.0,0.0,0.35,1.0,1.0,1.0,1.0,1.1188607454165413,0.03398304067322055,0.03398304067322055,0.0,1.0848777047433213,0.0,0.0,1.0848777047433213,0.0,0.03398304067322055,0.0,4.501699669449764,245.6565546348808,498.8845462348551,5.0,244.53769388946424,0.0,0.0,0.0,21936.1872631579,-26030.955215580558,-4.583580448525026e-16,0.0,-5.442909896373749e-11,-4.440892098500626e-16
no_feedback_null,once_through,560.6730484107597,16.82353345902371,19751.842916981088,88916.80098898284,543.8495149517363,606666.6666666667,2731083.1990110157,0.0,3222.4609906587466,606666.6666666667,2729999.9999999995,0.0,91.0,0.15870426737554544,0.0,0.0,0.35,1.0,1.0,1.0,1.0,1.1302495848302823,0.03391422462937672,0.03391422462937672,0.0,1.096335360200906,0.0,0.0,1.096335360200906,0.0,0.03391422462937672,0.0,4.501696442337496,248.15708301889157,497.93804683450327,5.0,247.02683343406127,0.0,0.0,0.0,22179.922677192986,-26310.102283076405,-4.583580448525026e-16,0.0,-5.442909896373749e-11,-4.440892098500626e-16
no_feedback_null,once_through,566.3118920674175,16.789469422431925,19749.347132677918,88905.50211340425,549.5224226449858,613333.3333333334,2761094.4978865944,0.0,3257.872643906484,613333.3333333334,2759999.9999999995,0.0,92.0,0.16030040001276022,0.0,0.0,0.35,1.0,1.0,1.0,1.0,1.1416168169808654,0.03384555561929207,0.03384555561929207,0.0,1.1077712613615738,0.0,0.0,1.1077712613615738,0.0,0.03384555561929207,0.0,4.5016932213570895,250.65286732206462,496.99334316248525,5.0,249.51125050508375,0.0,0.0,0.0,22423.658091228066,-26589.249350359223,-4.583580448525026e-16,0.0,-5.442909896373749e-11,-4.440892098500626e-16
no_feedback_null,once_through,571.9400375331212,16.755478154199828,19746.856083454964,88894.22469062124,555.1845593789214,620000.0,2791105.7753093773,0.0,3293.2842969416047,620000.0,2789999.9999999995,0.0,93.0,0.1618935044170995,0.0,0.0,0.35,1.0,1.0,1.0,1.0,1.1529624828622682,0.033777033301488346,0.033777033301488346,0.0,1.11918544956078,0.0,0.0,1.11918544956078,0.0,0.033777033301488346,0.0,4.501690006496875,253.14391654501893,496.0504318118886,5.0,251.99095406215665,0.0,0.0,0.0,22667.39350526316,-26868.396417429438,-2.291790224262513e-16,0.0,-5.442909896373749e-11,-2.220446049250313e-16
no_feedback_null,once_through,577.5575051048139,16.721559485372456,19744.36976032869,88882.96867987137,560.8359456194415,626666.6666666666,2821117.031320127,0.0,3328.695949764512,626666.6666666666,2819999.9999999995,0.0,94.0,0.16348358633382154,0.0,0.0,0.35,1.0,1.0,1.0,1.0,1.164286623390692,0.03370865733537262,0.03370865733537262,0.0,1.1305779660553197,0.0,0.0,1.1305779660553197,0.0,0.03370865733537262,0.0,4.501686797745207,255.63023967129695,495.10930938226494,5.0,254.46595304790625,0.0,0.0,0.0,22911.128919298244,-27147.543484287427,-2.291790224262513e-16,0.0,-5.442909896373749e-11,-2.220446049250313e-16
no_feedback_null,once_through,583.1643150409309,16.687713247432704,19741.888154332588,88871.73404046973,566.4766017934983,633333.3333333333,2851128.2659595287,0.0,3364.107602375609,633333.3333333333,2849999.9999999995,0.0,95.0,0.16507065149728464,0.0,0.0,0.35,1.0,1.0,1.0,1.0,1.1755892794047116,0.033640427381234635,0.033640427381234635,0.0,1.1419488520234773,0.0,0.0,1.1419488520234773,0.0,0.033640427381234635,0.0,4.501683595090462,258.1118456673975,494.16997247961757,5.0,256.9362563879928,0.0,0.0,0.0,23154.864333333328,-27426.69055093361,-2.291790224262513e-16,0.0,-5.442909896373749e-11,-4.440892098500626e-16
no_feedback_null,once_through,588.7604875614725,16.653939272300036,19739.411256517178,88860.52073180892,572.1065482891727,639999.9999999999,2881139.4792681895,0.0,3399.5192547752986,639999.9999999999,2879999.9999999995,0.0,96.0,0.16665470563096763,0.0,0.0,0.35,1.0,1.0,1.0,1.0,1.1868704916654211,0.03357234310024419,0.03357234310024419,0.0,1.1532981485651774,0.0,0.0,1.1532981485651774,0.0,0.03357234310024419,0.0,4.501680398521039,260.5887434828079,493.2324177163886,5.0,259.40187299114245,0.0,0.0,0.0,23398.599747368415,-27705.837617368386,-4.583580448525026e-16,0.0,-5.442909896373749e-11,-4.440892098500626e-16
no_feedback_null,once_through,594.3460428480771,16.62023739232927,19736.939057949952,88849.3287133587,577.7258054557481,646666.6666666665,2911150.6712866398,0.0,3434.930906963982,646666.6666666665,2909999.9999999995,0.0,97.0,0.16823575444749067,0.0,0.0,0.35,1.0,1.0,1.0,1.0,1.1981303008565816,0.033504404154448726,0.033504404154448726,0.0,1.1646258967021332,0.0,0.0,1.1646258967021332,0.0,0.033504404154448726,0.0,4.501677208025354,263.0609420500361,492.29664171144736,5.0,261.8628117491795,0.0,0.0,0.0,23642.335161403502,-27984.984683592156,-4.583580448525026e-16,0.0,-5.442909896373749e-11,-4.440892098500626e-16
no_feedback_null,once_through,599.9210010440937,16.586607440309244,19734.471549715345,88838.157944666,583.3343936037847,653333.3333333331,2941161.8420553324,0.0,3470.3425589420613,653333.3333333331,2939999.9999999995,0.0,98.0,0.16981380364863563,0.0,0.0,0.35,1.0,1.0,1.0,1.0,1.2093687475847676,0.0334366102067706,0.0334366102067706,0.0,1.1759321373779974,0.0,0.0,1.1759321373779974,0.0,0.0334366102067706,0.0,4.5016740235918515,265.5284502846431,491.3626410900777,5.0,264.3190815370583,0.0,0.0,0.0,23886.070575438596,-28264.13174960533,-4.583580448525026e-16,0.0,-5.442909896373749e-11,-4.440892098500626e-16
no_feedback_null,once_through,605.4853822546547,16.5530492494616,19732.008722914714,88827.00838535478,588.9323330051934,659999.9999999998,2971172.9916146435,0.0,3505.754210709935,659999.9999999998,2969999.9999999995,0.0,99.0,0.17138885892536682,0.0,0.0,0.35,1.0,1.0,1.0,1.0,1.2205858723795133,0.03336896092100465,0.03336896092100465,0.0,1.1872169114585092,0.0,0.0,1.1872169114585092,0.0,0.03336896092100465,0.0,4.501670845208997,267.9912770852749,490.4304124839664,5.0,266.7706912128954,0.0,0.0,0.0,24129.805989473676,-28543.278815408285,-6.87537067278754e-16,0.0,-8.164364844560623e-11,-4.440892098500626e-16
no_feedback_null,once_through,611.0392065467487,16.519562653439504,19729.550568666295,88815.87999512577,594.5196438933095,666666.6666666664,3001184.120004873,0.0,3541.1658622680034,666666.6666666664,2999999.9999999995,0.0,100.0,0.17296092595785156,0.0,0.0,0.35,1.0,1.0,1.0,1.0,1.2317817156934596,0.03330145596181563,0.03330145596181563,0.0,1.1984802597316446,0.0,0.0,1.1984802597316446,0.0,0.03330145596181563,0.0,4.501667672865275,270.44943133369486,489.49995253119044,5.0,269.2176496180014,0.0,0.0,0.0,24373.541403508763,-28822.42588100144,-6.87537067278754e-16,0.0,-5.442909896373749e-11,-6.661338147750939e-16
no_feedback_null,once_through,616.5824939492921,16.48614748632638,19727.097078105173,88804.77273375638,600.0963464629662,673333.333333333,3031195.2272662423,0.0,3576.577513616665,673333.333333333,3029999.9999999995,0.0,101.0,0.1745300104154805,0.0,0.0,0.35,1.0,1.0,1.0,1.0,1.242956317902499,0.03323409499473562,0.03323409499473562,0.0,1.2097222229077642,0.0,0.0,1.2097222229077642,0.0,0.03323409499473562,0.0,4.5016645065491945,272.90292189481556,488.57125787620527,5.0,271.65996557691307,0.0,0.0,0.0,24617.27681754385,-29101.57294638519,-6.87537067278754e-16,0.0,-5.442909896373749e-11,-8.881784197001252e-16
no_feedback_null,once_through,622.1152644532021,16.4528035826347,19724.648242383257,88793.68656110056,605.6624608705679,679999.9999999997,3061206.3134388984,0.0,3611.9891647563177,679999.9999999997,3059999.9999999995,0.0,102.0,0.17609611795688807,0.0,0.0,0.35,1.0,1.0,1.0,1.0,1.254109719305921,0.03316687768616164,0.03316687768616164,0.0,1.2209428416197603,0.0,0.0,1.2209428416197603,0.0,0.03316687768616164,0.0,4.501661346249283,275.3517576167306,487.64432516983277,5.0,274.0976478974247,0.0,0.0,0.0,24861.012231578934,-29380.720011559923,-9.167160897050052e-16,0.0,-2.7214549481868745e-11,-8.881784197001252e-16
no_feedback_null,once_through,627.6375380114687,16.419530777304686,19722.20405266924,88782.62143708872,611.2180072341645,686666.6666666663,3091217.37856291,0.0,3647.4008156873588,686666.6666666663,3089999.9999999995,0.0,103.0,0.17765925422997314,0.0,0.0,0.35,1.0,1.0,1.0,1.0,1.2652419601265594,0.03309980370335297,0.03309980370335297,0.0,1.2321421564232073,0.0,0.0,1.2321421564232073,0.0,0.03309980370335297,0.0,4.501658191954094,277.79594733074697,486.7191510692486,5.0,276.5307053706204,0.0,0.0,0.0,25104.74764561402,-29659.867076526054,-9.167160897050052e-16,0.0,-5.442909896373749e-11,-8.881784197001252e-16
no_feedback_null,once_through,633.1493345392261,16.3863289057031,19719.764500148573,88771.5773217275,616.7630056335234,693333.3333333329,3121228.4226782713,0.0,3682.8124664101847,693333.3333333329,3119999.9999999995,0.0,104.0,0.17921942487191908,0.0,0.0,0.35,1.0,1.0,1.0,1.0,1.2763530805109349,0.033032872714428764,0.033032872714428764,0.0,1.243320207796507,0.0,0.0,1.243320207796507,0.0,0.033032872714428764,0.0,4.501655043652204,280.2354998514165,485.79573223797075,5.0,278.95914677090553,0.0,0.0,0.0,25348.483059649112,-29939.01414128397,-9.167160897050052e-16,0.0,-5.442909896373749e-11,-8.881784197001252e-16
no_feedback_null,once_through,638.6506739138248,16.353197803621985,19717.329576023418,88760.55417509958,622.2974761102034,699999.9999999995,3151239.4458248992,0.0,3718.2241169251906,699999.9999999995,3149999.9999999995,0.0,105.0,0.18077663550921422,0.0,0.0,0.35,1.0,1.0,1.0,1.0,1.287443120529401,0.032966084388365485,0.032966084388365485,0.0,1.254477036141037,0.0,0.0,1.254477036141037,0.0,0.032966084388365485,0.0,4.501651901332207,282.6704239765676,484.8740653458473,5.0,281.38298085603816,0.0,0.0,0.0,25592.218473684195,-30218.161205834058,-1.375074134557508e-15,0.0,-5.442909896373749e-11,-1.3322676295501878e-15
no_feedback_null,once_through,644.141575974904,16.320137307277445,19714.89927151265,88749.55195736363,627.8214386676271,706666.6666666662,3181250.4480426353,0.0,3753.6357672327717,706666.6666666662,3179999.9999999995,0.0,106.0,0.18233089175767228,0.0,0.0,0.35,1.0,1.0,1.0,1.0,1.2985121201762893,0.03289943839499446,0.03289943839499446,0.0,1.265612681781296,0.0,0.0,1.265612681781296,0.0,0.03289943839499446,0.0,4.501648764982718,285.10072848733756,483.9541470690445,5.0,283.8022163671613,0.0,0.0,0.0,25835.953887719283,-30497.308270176727,-1.375074134557508e-15,0.0,-2.7214549481868745e-11,-1.3322676295501878e-15
no_feedback_null,once_through,649.6220605244619,16.287147253308397,19712.473577851786,88738.57062875411,633.334913271154,713333.3333333328,3211261.429371245,0.0,3789.047417333322,713333.3333333328,3209999.9999999995,0.0,107.0,0.1838821992224523,0.0,0.0,0.35,1.0,1.0,1.0,1.0,1.3095601193700521,0.03283293440499933,0.03283293440499933,0.0,1.2767271849650539,0.0,0.0,1.2767271849650539,0.0,0.03283293440499933,0.0,4.501645634592379,287.52642214820355,483.03597409003413,5.0,286.2168620288335,0.0,0.0,0.0,26079.68930175437,-30776.455334312363,-1.1458951121312565e-15,0.0,0.0,-1.1102230246251565e-15
no_feedback_null,once_through,655.0921473269277,16.254227478775356,19710.052486292974,88727.61014958123,638.8379198481531,719999.9999999994,3241272.3898504176,0.0,3824.4590672272348,719999.9999999994,3239999.9999999995,0.0,108.0,0.18543056349807907,0.0,0.0,0.35,1.0,1.0,1.0,1.0,1.320587157953407,0.03276657208991366,0.03276657208991366,0.0,1.2878205858634948,0.0,0.0,1.2878205858634948,0.0,0.03276657208991366,0.0,4.501642510149852,289.9475137070145,482.1195430975831,5.0,288.62692654906107,0.0,0.0,0.0,26323.424715789453,-31055.60239824136,-1.375074134557508e-15,0.0,-2.7214549481868745e-11,-1.5543122344752192e-15
no_feedback_null,once_through,660.5518561092337,16.22137782115919,19707.635988104965,88716.67048023055,644.330478288075,726666.666666666,3271283.3295197682,0.0,3859.870716914903,726666.666666666,3269999.9999999995,0.0,109.0,0.18697599016846345,0.0,0.0,0.35,1.0,1.0,1.0,1.0,1.3315932756934818,0.03270035112211839,0.03270035112211839,0.0,1.2988929245713645,0.0,0.0,1.2988929245713645,0.0,0.03270035112211839,0.0,4.501639391643812,292.3640118950227,481.2048507867395,5.0,291.03241861932923,0.0,0.0,0.0,26567.160129824544,-31334.74946196412,-1.1458951121312565e-15,0.0,-5.442909896373749e-11,-1.1102230246251565e-15
no_feedback_null,once_through,666.0012065608845,16.18859811835994,19705.224074573074,88705.75158116323,649.8126084425252,733333.3333333327,3301294.2484188355,0.0,3895.282366396718,733333.3333333327,3299999.9999999995,0.0,110.0,0.18851848480692207,0.0,0.0,0.35,1.0,1.0,1.0,1.0,1.3425785122819558,0.032634271174839434,0.032634271174839434,0.0,1.3099442411071176,0.0,0.0,1.3099442411071176,0.0,0.032634271174839434,0.0,4.501636279062972,294.77592542691525,480.29189385882216,5.0,293.4333469146333,0.0,0.0,0.0,26810.89554385963,-31613.89652548102,-1.1458951121312565e-15,0.0,-5.442909896373749e-11,-1.3322676295501878e-15
no_feedback_null,once_through,671.44021833403,16.155888208695558,19702.816736999146,88694.8534129155,655.284330125335,739999.9999999993,3331305.146587083,0.0,3930.6940156730716,739999.9999999993,3329999.9999999995,0.0,111.0,0.19005805297619782,0.0,0.0,0.35,1.0,1.0,1.0,1.0,1.3535429073352043,0.0325683319221452,0.0325683319221452,0.0,1.3209745754130602,0.0,0.0,1.3209745754130602,0.0,0.0325683319221452,0.0,4.501633172396052,297.18326300084544,479.3806690214082,5.0,295.8297200935102,0.0,0.0,0.0,27054.63095789472,-31893.04358879246,-1.1458951121312565e-15,0.0,-5.442909896373749e-11,-1.1102230246251565e-15
no_feedback_null,once_through,676.8689110435351,16.12324793090073,19700.413966701526,88683.97593609878,660.745663112635,746666.6666666659,3361316.0240639,0.0,3966.1056647443534,746666.6666666659,3359999.9999999995,0.0,112.0,0.19159470022847985,0.0,0.0,0.35,1.0,1.0,1.0,1.0,1.3644865003944415,0.03250253303894417,0.03250253303894417,0.0,1.3319839673554987,0.0,0.0,1.3319839673554987,0.0,0.03250253303894417,0.0,4.501630071631804,299.5860332984642,478.47117298832126,5.0,298.22154679806977,0.0,0.0,0.0,27298.366371929802,-32172.19065189883,-1.1458951121312565e-15,0.0,-2.7214549481868745e-11,-1.3322676295501878e-15
no_feedback_null,once_through,682.287304267051,16.090677124125644,19698.015755015036,88673.11911139936,666.196627142926,753333.3333333326,3391326.8808885994,0.0,4001.517313610954,753333.3333333326,3389999.9999999995,0.0,113.0,0.19312843210542344,0.0,0.0,0.35,1.0,1.0,1.0,1.0,1.3754093309258626,0.0324368742009824,0.0324368742009824,0.0,1.3429724567248815,0.0,0.0,1.3429724567248815,0.0,0.0324368742009824,0.0,4.501626976758994,301.98424498495126,477.5634024796196,5.0,300.60883565402537,0.0,0.0,0.0,27542.10178596489,-32451.337714800517,-1.1458951121312565e-15,0.0,-5.442909896373749e-11,-1.3322676295501878e-15
no_feedback_null,once_through,687.6954175450852,16.058175627934794,19695.622093290942,88662.28289957838,671.6372419171511,759999.9999999992,3421337.71710042,0.0,4036.928962273261,759999.9999999992,3419999.9999999995,0.0,114.0,0.19465925413817,0.0,0.0,0.35,1.0,1.0,1.0,1.0,1.3863114383207862,0.03237135508484119,0.03237135508484119,0.0,1.3539400832359465,0.0,0.0,1.3539400832359465,0.0,0.03237135508484119,0.0,4.50162388776641,304.3779067090466,476.65735422158417,5.0,302.99159527072584,0.0,0.0,0.0,27785.83719999998,-32730.484777497913,-1.375074134557508e-15,0.0,-5.442909896373749e-11,-1.5543122344752192e-15
no_feedback_null,once_through,693.0932703810726,16.025743282305772,19693.23297289691,88651.4672614716,677.0675270987674,766666.6666666658,3451348.532738527,0.0,4072.3406107316637,766666.6666666658,3449999.9999999995,0.0,115.0,0.1961871718473672,0.0,0.0,0.35,1.0,1.0,1.0,1.0,1.3971928618957965,0.03230597536793456,0.03230597536793456,0.0,1.3648868865278632,0.0,0.0,1.3648868865278632,0.0,0.03230597536793456,0.0,4.501620804642866,306.76702710308155,475.753024946707,5.0,305.36983424118574,0.0,0.0,0.0,28029.57261403506,-33009.631839991394,-1.375074134557508e-15,0.0,-5.442909896373749e-11,-1.3322676295501878e-15
no_feedback_null,once_through,698.4808822414456,15.993379927628094,19690.84838521698,88640.67215798936,682.487502313818,773333.3333333324,3481359.327842009,0.0,4107.752258986548,773333.3333333324,3479999.9999999995,0.0,116.0,0.1977121907431888,0.0,0.0,0.35,1.0,1.0,1.0,1.0,1.4080536408928852,0.03224073472850692,0.03224073472850692,0.0,1.3758129061643793,0.0,0.0,1.3758129061643793,0.0,0.03224073472850692,0.0,4.5016177273771945,309.15161478300985,474.8504113936794,5.0,307.74356114211696,0.0,0.0,0.0,28273.30802807015,-33288.77890228137,-1.1458951121312565e-15,0.0,-8.164364844560623e-11,-1.1102230246251565e-15
no_feedback_null,once_through,703.8582725557039,15.96108540470198,19688.46832165155,88629.89755011632,687.8971871510025,779999.9999999991,3511370.1024498823,0.0,4143.163907038303,779999.9999999991,3509999.9999999995,0.0,117.0,0.1992343163253543,0.0,0.0,0.35,1.0,1.0,1.0,1.0,1.4188938144795924,0.032175632845630624,0.032175632845630624,0.0,1.3867181816339629,0.0,0.0,1.3867181816339629,0.0,0.032175632845630624,0.0,4.501614655958249,311.53167834843873,473.9495103073801,5.0,310.11278453395914,0.0,0.0,0.0,28517.043442105234,-33567.92596436821,-1.1458951121312565e-15,0.0,-5.442909896373749e-11,-1.1102230246251565e-15
no_feedback_null,once_through,709.2254607164855,15.92885955473718,19686.09277361733,88619.1433989114,693.2966011617489,786666.6666666657,3541380.856601087,0.0,4178.575554887312,786666.6666666657,3539999.9999999995,0.0,118.0,0.20075355408314907,0.0,0.0,0.35,1.0,1.0,1.0,1.0,1.4297134217491487,0.03211066939920358,0.03211066939920358,0.0,1.3976027523499461,0.0,0.0,1.3976027523499461,0.0,0.03211066939920358,0.0,4.501611590374903,313.9072263826601,473.0503184388635,5.0,312.47751296091093,0.0,0.0,0.0,28760.778856140318,-33847.0730262523,-1.1458951121312565e-15,0.0,-8.164364844560623e-11,-8.881784197001252e-16
no_feedback_null,once_through,714.5824660796355,15.89670221935178,19683.72173254731,88608.4096655076,698.6857638602843,793333.3333333323,3571391.590334491,0.0,4213.987202533963,793333.3333333323,3569999.9999999995,0.0,119.0,0.2022699094954441,0.0,0.0,0.35,1.0,1.0,1.0,1.0,1.4405125017206155,0.032045844069946865,0.032045844069946865,0.0,1.4084666576506697,0.0,0.0,1.4084666576506697,0.0,0.032045844069946865,0.0,4.501608530616054,316.2782674526813,472.15283254534825,5.0,314.8377549509607,0.0,0.0,0.0,29004.51427017541,-34126.220087934045,-1.1458951121312565e-15,0.0,-5.442909896373749e-11,-1.1102230246251565e-15
no_feedback_null,once_through,719.9293079642771,15.864613240571037,19681.355189890735,88597.69631111193,704.0646947237066,799999.999999999,3601402.303688886,0.0,4249.398849978637,799999.999999999,3599999.9999999995,0.0,120.0,0.20378338803071558,0.0,0.0,0.35,1.0,1.0,1.0,1.0,1.4512910933390268,0.03198115653940234,0.03198115653940234,0.0,1.4193099367996256,0.0,0.0,1.4193099367996256,0.0,0.03198115653940234,0.0,4.5016054766706235,318.64481010925607,471.25704939020477,5.0,317.19351901591705,0.0,0.0,0.0,29248.2496842105,-34405.36714941381,-1.1458951121312565e-15,0.0,-8.164364844560623e-11,-1.1102230246251565e-15
no_feedback_null,once_through,725.2660056528802,15.83259246082619,19678.993137113077,88587.00329700514,709.4334131920546,806666.6666666656,3631412.996702993,0.0,4284.810497221722,806666.6666666656,3629999.9999999995,0.0,121.0,0.2052939951470648,0.0,0.0,0.35,1.0,1.0,1.0,1.0,1.462049235475528,0.0319166064899303,0.0319166064899303,0.0,1.430132628985599,0.0,0.0,1.430132628985599,0.0,0.0319166064899303,0.0,4.501602428527546,321.0068628869154,470.36296574294465,5.0,319.5448136514399,0.0,0.0,0.0,29491.985098245583,-34684.514210691974,-1.1458951121312565e-15,0.0,-8.164364844560623e-11,-1.3322676295501878e-15
no_feedback_null,once_through,730.5925783913315,15.800639722953251,19676.635565695993,88576.33058454172,714.7919386683787,813333.3333333322,3661423.6694154562,0.0,4320.222144263597,813333.3333333322,3659999.9999999995,0.0,122.0,0.2068017362922378,0.0,0.0,0.35,1.0,1.0,1.0,1.0,1.472786966927517,0.031852193604707,0.031852193604707,0.0,1.4409347733228113,0.0,0.0,1.4409347733228113,0.0,0.031852193604707,0.0,4.501599386175786,323.3644343039985,469.4705783792083,5.0,321.891647337071,0.0,0.0,0.0,29735.720512280666,-34963.661271768935,-1.1458951121312565e-15,0.0,-8.164364844560623e-11,-1.1102230246251565e-15
no_feedback_null,once_through,735.9090453890038,15.768754870191913,19674.282467137306,88565.67813514962,720.1402905188124,819999.9999999988,3691434.3218648485,0.0,4355.633791104647,819999.9999999988,3689999.9999999995,0.0,123.0,0.20830661690364488,0.0,0.0,0.35,1.0,1.0,1.0,1.0,1.483504326418785,0.03178791756772247,0.03178791756772247,0.0,1.4517164088510635,0.0,0.0,1.4517164088510635,0.0,0.03178791756772247,0.0,4.5015963496043225,325.71753286268296,468.5798840807532,5.0,324.2340285362642,0.0,0.0,0.0,29979.455926315757,-35242.80833264507,-9.167160897050052e-16,0.0,-8.164364844560623e-11,-8.881784197001252e-16
no_feedback_null,once_through,741.2154258188253,15.736937746184307,19671.933832950974,88555.04591033015,725.4784880726415,826666.6666666655,3721444.954089668,0.0,4391.0454377452525,826666.6666666655,3719999.9999999995,0.0,124.0,0.20980864240838037,0.0,0.0,0.35,1.0,1.0,1.0,1.0,1.4942013525996536,0.03172377806377802,0.03172377806377802,0.0,1.4624775745358765,0.0,0.0,1.4624775745358765,0.0,0.03172377806377802,0.0,4.501593318802154,328.0661670490159,467.6908796354431,5.0,326.57196569641627,0.0,0.0,0.0,30223.19134035084,-35521.955393320764,-9.167160897050052e-16,0.0,-8.164364844560623e-11,-8.881784197001252e-16
no_feedback_null,once_through,746.5117388173489,15.70518819497389,19669.589654667045,88544.43387165795,730.8065506223755,833333.3333333321,3751455.56612834,0.0,4426.457084185794,833333.3333333321,3749999.9999999995,0.0,125.0,0.2113078182232422,0.0,0.0,0.35,1.0,1.0,1.0,1.0,1.5048780840471172,0.03165977477848396,0.03165977477848396,0.0,1.4732183092686344,0.0,0.0,1.4732183092686344,0.0,0.03165977477848396,0.0,4.501590293758306,330.4103453329447,466.8035618372354,5.0,328.9054672488976,0.0,0.0,0.0,30466.926754385928,-35801.1024537964,-9.167160897050052e-16,0.0,-8.164364844560623e-11,-1.1102230246251565e-15
no_feedback_null,once_through,751.7980034848208,15.673506061004268,19667.249923831645,88533.84198078082,736.1244974238169,839999.9999999987,3781466.158019217,0.0,4461.868730426652,839999.9999999987,3779999.9999999995,0.0,126.0,0.21280414975475132,0.0,0.0,0.35,1.0,1.0,1.0,1.0,1.5155345592649805,0.03159590739825728,0.03159590739825728,0.0,1.483938651866724,0.0,0.0,1.483938651866724,0.0,0.03159590739825728,0.0,4.501587274461825,332.750076168347,465.9179274861704,5.0,331.234541609082,0.0,0.0,0.0,30710.662168421015,-36080.24951407234,-6.87537067278754e-16,0.0,-8.164364844560623e-11,-6.661338147750939e-16
no_feedback_null,once_through,757.0742388852494,15.641891189118015,19664.91463200693,88523.27019941938,741.4323476961318,846666.6666666653,3811476.7298005787,0.0,4497.280376468208,846666.6666666653,3809999.9999999995,0.0,127.0,0.2142976423991712,0.0,0.0,0.35,1.0,1.0,1.0,1.0,1.5261708166839965,0.03153217561031922,0.03153217561031922,0.0,1.494638641073678,0.0,0.0,1.494638641073678,0.0,0.03153217561031922,0.0,4.501584260901773,335.0853679930615,465.0339733883597,5.0,333.5591971763775,0.0,0.0,0.0,30954.397582456102,-36359.39657414898,-9.167160897050052e-16,0.0,-8.164364844560623e-11,-8.881784197001252e-16
no_feedback_null,once_through,762.3404640464748,15.610343424555577,19662.583770771074,88512.71848936715,746.7301206219196,853333.333333332,3841487.281510631,0.0,4532.6920223108355,853333.333333332,3839999.9999999995,0.0,128.0,0.21578830154252748,0.0,0.0,0.35,1.0,1.0,1.0,1.0,1.5367868946620076,0.031468579102693094,0.031468579102693094,0.0,1.505318315559315,0.0,0.0,1.505318315559315,0.0,0.031468579102693094,0.0,4.501581253067236,337.41622922891844,464.1516963559738,5.0,335.87944233425645,0.0,0.0,0.0,31198.13299649119,-36638.5436340267,-6.87537067278754e-16,0.0,-8.164364844560623e-11,-6.661338147750939e-16
no_feedback_null,once_through,767.5966979602367,15.578862612954085,19660.25733171822,88502.18681249034,752.0178353472828,859999.9999999986,3871497.813187508,0.0,4568.103667954917,859999.9999999986,3869999.9999999995,0.0,129.0,0.21727613256062725,0.0,0.0,0.35,1.0,1.0,1.0,1.0,1.5473828314840818,0.031405117564201876,0.031405117564201876,0.0,1.5159777139198805,0.0,0.0,1.5159777139198805,0.0,0.031405117564201876,0.0,4.50157825094732,339.74266828176997,463.2710932072316,5.0,338.1952854502859,0.0,0.0,0.0,31441.868410526273,-36917.69069370586,-4.583580448525026e-16,0.0,-8.164364844560623e-11,-4.440892098500626e-16
no_feedback_null,once_through,772.8429595822428,15.547448600346208,19657.93530645847,88491.67513072779,757.2955109818968,866666.6666666652,3901508.324869271,0.0,4603.515313400829,866666.6666666652,3899999.9999999995,0.0,130.0,0.2187611408190783,0.0,0.0,0.35,1.0,1.0,1.0,1.0,1.5579586653626514,0.03134179068446591,0.03134179068446591,0.0,1.5266168746781859,0.0,0.0,1.5266168746781859,0.0,0.03134179068446591,0.0,4.501575254531157,342.0646935415202,462.39216076638894,5.0,340.50673487615757,0.0,0.0,0.0,31685.60382456136,-37196.83775318686,-4.583580448525026e-16,0.0,-5.442909896373749e-11,-4.440892098500626e-16
no_feedback_null,once_through,778.0792678322375,15.516101233159024,19655.617686617836,88481.18340609067,762.5631665990788,873333.3333333319,3931518.816593908,0.0,4638.926958648945,873333.3333333319,3929999.9999999995,0.0,131.0,0.22024333167330878,0.0,0.0,0.35,1.0,1.0,1.0,1.0,1.568514434437651,0.03127859815390061,0.03127859815390061,0.0,1.5372358362837508,0.0,0.0,1.5372358362837508,0.0,0.03127859815390061,0.0,4.5015722638078906,344.3823133821559,461.51489586372605,5.0,342.8137989477183,0.0,0.0,0.0,31929.339238596443,-37475.98481247006,-6.87537067278754e-16,0.0,-5.442909896373749e-11,-4.440892098500626e-16
no_feedback_null,once_through,783.3056415940706,15.484820358212893,19653.304463838213,88470.71160066241,767.820821235858,879999.9999999985,3961529.288399336,0.0,4674.338603699645,879999.9999999985,3959999.9999999995,0.0,132.0,0.2217227104685863,0.0,0.0,0.35,1.0,1.0,1.0,1.0,1.579050176776655,0.031215539663714206,0.031215539663714206,0.0,1.5478346371129414,0.0,0.0,1.5478346371129414,0.0,0.031215539663714206,0.0,4.501569278766693,346.6955361617763,460.6392953355374,5.0,345.11648598499966,0.0,0.0,0.0,32173.074652631534,-37755.13187155585,-6.87537067278754e-16,0.0,-8.164364844560623e-11,-6.661338147750939e-16
no_feedback_null,once_through,788.5220997157642,15.453605822720316,19650.995629777368,88460.25967659864,773.0684938930443,886666.6666666651,3991539.740323399,0.0,4709.750248553301,886666.6666666651,3989999.9999999995,0.0,133.0,0.22319928254003726,0.0,0.0,0.35,1.0,1.0,1.0,1.0,1.5895659303750145,0.03115261490590543,0.03115261490590543,0.0,1.55841331546911,0.0,0.0,1.55841331546911,0.0,0.03115261490590543,0.0,4.501566299396751,349.00437022262327,459.76535602411934,5.0,347.4148042922483,0.0,0.0,0.0,32416.810066666618,-38034.27893044459,-9.167160897050052e-16,0.0,-1.0885819792747498e-10,-8.881784197001252e-16
no_feedback_null,once_through,793.7286610095816,15.42245747428479,19648.691176108878,88449.82759612692,778.3062035352973,893333.3333333317,4021550.172403871,0.0,4745.161893210289,893333.3333333317,4019999.9999999995,0.0,134.0,0.22467305321266606,0.0,0.0,0.35,1.0,1.0,1.0,1.0,1.6000617331559952,0.031089823573261222,0.031089823573261222,0.0,1.568971909582735,0.0,0.0,1.568971909582735,0.0,0.031089823573261222,0.0,4.501563325687276,351.3088238911118,458.8930747777597,5.0,349.7087621579558,0.0,0.0,0.0,32660.54548070171,-38313.42598913667,-9.167160897050052e-16,0.0,-8.164364844560623e-11,-1.1102230246251565e-15
no_feedback_null,once_through,798.9253442520951,15.391375160899697,19646.39109452213,88439.41532154674,783.5339690911958,899999.9999999984,4051560.584678451,0.0,4780.573537670982,899999.9999999984,4049999.9999999995,0.0,135.0,0.2261440278013744,0.0,0.0,0.35,1.0,1.0,1.0,1.0,1.6105376229709134,0.03102716535935448,0.03102716535935448,0.0,1.5795104576115597,0.0,0.0,1.5795104576115597,0.0,0.03102716535935448,0.0,4.501560357627499,353.60890547785954,458.0224484507251,5.0,351.9983678548886,0.0,0.0,0.0,32904.2808947368,-38592.57304763245,-6.87537067278754e-16,0.0,-1.0885819792747498e-10,-8.881784197001252e-16
no_feedback_null,once_through,804.1121681842532,15.36035873094717,19644.095376722275,88429.02281522928,788.7518094533065,906666.666666665,4081570.9771847688,0.0,4815.985181935753,906666.666666665,4079999.9999999995,0.0,136.0,0.22761221161098036,0.0,0.0,0.35,1.0,1.0,1.0,1.0,1.6209936375992722,0.030964639958541776,0.030964639958541776,0.0,1.5900289976407314,0.0,0.0,1.5900289976407314,0.0,0.030964639958541776,0.0,4.501557395206668,355.90462327771695,457.1534739032511,5.0,354.2836296401177,0.0,0.0,0.0,33148.01630877188,-38871.720105932305,-9.167160897050052e-16,0.0,-8.164364844560623e-11,-8.881784197001252e-16
no_feedback_null,once_through,809.2891515114485,15.329408033196994,19641.804014430192,88418.65003961729,793.9597434782519,913333.3333333316,4111581.3499603807,0.0,4851.396826004974,913333.3333333316,4109999.9999999995,0.0,137.0,0.22907760993623752,0.0,0.0,0.35,1.0,1.0,1.0,1.0,1.6314298147488986,0.030902247065961154,0.030902247065961154,0.0,1.6005275676829382,0.0,0.0,1.6005275676829382,0.0,0.030902247065961154,0.0,4.501554438414058,358.1959855697975,456.28614800152945,5.0,356.56455575504856,0.0,0.0,0.0,33391.75172280697,-39150.867164036616,-6.87537067278754e-16,0.0,-8.164364844560623e-11,-8.881784197001252e-16
no_feedback_null,once_through,814.4563129035853,15.298522916805481,19639.516999382482,88408.29695722509,799.1577899867801,919999.9999999983,4141591.7030427726,0.0,4886.808469879017,919999.9999999983,4139999.9999999995,0.0,138.0,0.2305402280618541,0.0,0.0,0.35,1.0,1.0,1.0,1.0,1.6418461920560794,0.03083998637752983,0.03083998637752983,0.0,1.6110062056785501,0.0,0.0,1.6110062056785501,0.0,0.03083998637752983,0.0,4.501551487238962,360.48300061750683,455.42046761769774,5.0,358.8411544254507,0.0,0.0,0.0,33635.48713684205,-39430.01422194574,-6.87537067278754e-16,0.0,-8.164364844560623e-11,-6.661338147750939e-16
no_feedback_null,once_through,819.6136709951467,15.267703231314355,19637.234323331417,88397.9635306382,804.3459677638326,926666.6666666649,4171602.0364693594,0.0,4922.220113558253,926666.6666666649,4169999.9999999995,0.0,139.0,0.232000071262512,0.0,0.0,0.35,1.0,1.0,1.0,1.0,1.652242807085696,0.03077785758994198,0.03077785758994198,0.0,1.6214649494957547,0.0,0.0,1.6214649494957547,0.0,0.03077785758994198,0.0,4.501548541670692,362.76567666857346,454.5564296298281,5.0,361.11343386148775,0.0,0.0,0.0,33879.222550877144,-39709.16127966007,-6.87537067278754e-16,0.0,-1.3607274740934373e-10,-6.661338147750939e-16
no_feedback_null,once_through,824.7612443852616,15.236948826649632,19634.955978044913,88387.64972251332,809.5242955586124,933333.3333333315,4201612.350277484,0.0,4957.631757043051,933333.3333333315,4199999.999999999,0.0,140.0,0.23345714480288582,0.0,0.0,0.35,1.0,1.0,1.0,1.0,1.6626196973313612,0.03071586040066646,0.03071586040066646,0.0,1.6319038369306953,0.0,0.0,1.6319038369306953,0.0,0.03071586040066646,0.0,4.50154560169858,365.04402195507765,453.6940309219151,5.0,363.3814022577463,0.0,0.0,0.0,34122.957964912224,-39988.308337179944,-6.87537067278754e-16,0.0,-5.442909896373749e-11,-6.661338147750939e-16
no_feedback_null,once_through,829.8990516377728,15.206259553120542,19632.681955306507,88377.35549557822,814.6927920846525,939999.9999999981,4231622.6445044195,0.0,4993.043400333781,939999.9999999981,4229999.999999999,0.0,141.0,0.23491145393766194,0.0,0.0,0.35,1.0,1.0,1.0,1.0,1.6729769002155532,0.030653994507944638,0.030653994507944638,0.0,1.6423229057076092,0.0,0.0,1.6423229057076092,0.0,0.030653994507944638,0.0,4.50154266731198,367.31804469348185,452.83326838386563,5.0,365.6450677932663,0.0,0.0,0.0,34366.69337894732,-40267.45539450577,-4.583580448525026e-16,0.0,-5.442909896373749e-11,-6.661338147750939e-16
no_feedback_null,once_through,835.0271112813024,15.175635261418417,19630.41224691533,88367.0808126316,819.8514760198842,946666.6666666648,4261632.919187365,0.0,5028.455043430812,946666.6666666648,4259999.999999999,0.0,142.0,0.2363630039115573,0.0,0.0,0.35,1.0,1.0,1.0,1.0,1.6833144530897517,0.030592259610788156,0.030592259610788156,0.0,1.652722193478964,0.0,0.0,1.652722193478964,0.0,0.030592259610788156,0.0,4.501539738500263,369.58775308465977,451.97413891148693,5.0,367.90443863157003,0.0,0.0,0.0,34610.4287929824,-40546.60245163788,-4.583580448525026e-16,0.0,-1.6328729689121246e-10,-4.440892098500626e-16
no_feedback_null,once_through,840.1454418093199,15.145075802615594,19628.146844686064,88356.82563654296,825.0003660067044,953333.3333333314,4291643.174363454,0.0,5063.866686334512,953333.3333333314,4289999.999999999,0.0,143.0,0.23781179995933843,0.0,0.0,0.35,1.0,1.0,1.0,1.0,1.6936323932345716,0.03053065540897672,0.03053065540897672,0.0,1.6631017378255952,0.0,0.0,1.6631017378255952,0.0,0.03053065540897672,0.0,4.501536815252829,371.85315531392627,451.11663940647554,5.0,370.1595229206917,0.0,0.0,0.0,34854.164207017486,-40825.74950857667,-2.291790224262513e-16,0.0,-1.0885819792747498e-10,-4.440892098500626e-16
no_feedback_null,once_through,845.254061680208,15.114581028164283,19625.885740448924,88346.58993025238,830.1394806520439,959999.999999998,4321653.410069744,0.0,5099.278329045249,959999.999999998,4319999.999999999,0.0,144.0,0.2392578473058402,0.0,0.0,0.35,1.0,1.0,1.0,1.0,1.7039307578598977,0.03046918160305581,0.03046918160305581,0.0,1.673461576256842,0.0,0.0,1.673461576256842,0.0,0.03046918160305581,0.0,4.501533897559088,374.11425955106654,450.26076677640634,5.0,372.41032879320665,0.0,0.0,0.0,35097.89962105257,-41104.896565322495,-2.291790224262513e-16,0.0,-1.6328729689121246e-10,-2.220446049250313e-16
no_feedback_null,once_through,850.35298931733,15.084150789895544,19623.628926049623,88336.3736567704,835.2688385274347,966666.6666666646,4351663.626343227,0.0,5134.689971563387,966666.6666666646,4349999.999999999,0.0,145.0,0.24070115116598495,0.0,0.0,0.35,1.0,1.0,1.0,1.0,1.714209584105019,0.030407837894334627,0.030407837894334627,0.0,1.683801746210685,0.0,0.0,1.683801746210685,0.0,0.030407837894334627,0.0,4.501530985408475,376.3710739503661,449.4065179347211,5.0,374.6568643662611,0.0,0.0,0.0,35341.63503508766,-41384.04362187572,-4.583580448525026e-16,0.0,-1.0885819792747498e-10,-6.661338147750939e-16
no_feedback_null,once_through,855.4422431090954,15.053784940018165,19621.37639334935,88326.17677917807,840.3884581690776,973333.3333333313,4381673.823220819,0.0,5170.101613889295,973333.3333333313,4379999.999999999,0.0,146.0,0.24214171674480092,0.0,0.0,0.35,1.0,1.0,1.0,1.0,1.7244689090387633,0.030346623984883817,0.030346623984883817,0.0,1.69412228505388,0.0,0.0,1.69412228505388,0.0,0.030346623984883817,0.0,4.501528078790444,378.6236066506398,448.5538898007176,5.0,376.899137741601,0.0,0.0,0.0,35585.37044912275,-41663.190678236715,-6.87537067278754e-16,0.0,-1.0885819792747498e-10,-4.440892098500626e-16
no_feedback_null,once_through,860.5218414090274,15.023483331117573,19619.12813422473,88315.99926062659,845.4983580779102,979999.9999999979,4411684.000739371,0.0,5205.513256023336,979999.9999999979,4409999.999999999,0.0,147.0,0.24357954923744138,0.0,0.0,0.35,1.0,1.0,1.0,1.0,1.73470876965963,0.030285539577533292,0.030285539577533292,0.0,1.7044232300820974,0.0,0.0,1.7044232300820974,0.0,0.030285539577533292,0.0,4.501525177694472,380.87186577526126,447.70287929953855,5.0,379.13715700560164,0.0,0.0,0.0,35829.105863157834,-41942.33773440584,-6.87537067278754e-16,0.0,-5.442909896373749e-11,-6.661338147750939e-16
no_feedback_null,once_through,865.5918025358274,14.993245816154735,19616.8841405678,88305.84106433722,850.598556719673,986666.6666666645,4441694.1589356605,0.0,5240.924897965876,986666.6666666645,4439999.999999999,0.0,148.0,0.245014653829203,0.0,0.0,0.35,1.0,1.0,1.0,1.0,1.7449292028959236,0.030224584375870004,0.030224584375870004,0.0,1.7147046185200543,0.0,0.0,1.7147046185200543,0.0,0.030224584375870004,0.0,4.5015222821100505,383.11585943219217,446.8534833621601,5.0,381.3709302292962,0.0,0.0,0.0,36072.841277192914,-42221.48479038346,-6.87537067278754e-16,0.0,-5.442909896373749e-11,-6.661338147750939e-16
no_feedback_null,once_through,870.6521447734424,14.963072248465153,19614.64440428598,88295.7021536013,855.6890725249775,993333.3333333312,4471704.297846396,0.0,5276.336539717277,993333.3333333312,4469999.999999999,0.0,149.0,0.24644703569554494,0.0,0.0,0.35,1.0,1.0,1.0,1.0,1.7551302456058868,0.03016375808423593,0.03016375808423593,0.0,1.7249664875216515,0.0,0.0,1.7249664875216515,0.0,0.03016375808423593,0.0,4.501519392026698,385.35559571401154,446.00569892538124,5.0,383.6004654684057,0.0,0.0,0.0,36316.576691228,-42500.63184616995,-4.583580448525026e-16,0.0,-5.442909896373749e-11,-6.661338147750939e-16
no_feedback_null,once_through,875.7028863711304,14.932962481757722,19612.408917302047,88285.58249177992,860.769923889373,999999.9999999978,4501714.417508218,0.0,5311.748181277904,999999.9999999978,4499999.999999999,0.0,150.0,0.24787670000210713,0.0,0.0,0.35,1.0,1.0,1.0,1.0,1.765311934577834,0.030103060407725753,0.030103060407725753,0.0,1.735208874170109,0.0,0.0,1.735208874170109,0.0,0.030103060407725753,0.0,4.501516507433948,387.5910826979448,445.15952293181266,5.0,385.82577076336696,0.0,0.0,0.0,36560.312105263096,-42779.778901765676,-6.87537067278754e-16,0.0,-5.442909896373749e-11,-6.661338147750939e-16
no_feedback_null,once_through,880.7440455435267,14.90291637011367,19610.1776715541,88275.48204230388,865.8411291734134,1006666.6666666644,4531724.517957694,0.0,5347.159822648119,1006666.6666666644,4529999.999999999,0.0,151.0,0.24930365190472922,0.0,0.0,0.35,1.0,1.0,1.0,1.0,1.7754743065302845,0.030042491052184744,0.030042491052184744,0.0,1.7454318154781003,0.0,0.0,1.7454318154781003,0.0,0.030042491052184744,0.0,4.501513628321353,389.8223284458932,444.3149523298652,5.0,388.04685413936295,0.0,0.0,0.0,36804.047519298176,-43058.92595717097,-6.87537067278754e-16,0.0,-5.442909896373749e-11,-6.661338147750939e-16
no_feedback_null,once_through,885.7756404707088,14.872933767985524,19607.95065899553,88265.40076867359,870.9027067027235,1013333.333333331,4561734.599231325,0.0,5382.5714638282825,1013333.333333331,4559999.999999999,0.0,152.0,0.250727896549469,0.0,0.0,0.35,1.0,1.0,1.0,1.0,1.7856173981120924,0.029982049724206657,0.029982049724206657,0.0,1.7556353483878862,0.0,0.0,1.7556353483878862,0.0,0.029982049724206657,0.0,4.501510754678491,392.04934100446263,443.47198407373975,5.0,390.26372360635054,0.0,0.0,0.0,37047.78293333326,-43338.073012386216,-4.583580448525026e-16,0.0,0.0,-4.440892098500626e-16
no_feedback_null,once_through,890.7976892982626,14.843014530196008,19605.727871595,88255.33863445882,875.9546747680669,1019999.9999999977,4591744.661365539,0.0,5417.983104818757,1019999.9999999977,4589999.999999999,0.0,153.0,0.252149439072621,0.0,0.0,0.35,1.0,1.0,1.0,1.0,1.7957412459025814,0.029921736131131527,0.029921736131131527,0.0,1.7658195097714504,0.0,0.0,1.7658195097714504,0.0,0.029921736131131527,0.0,4.501507886494954,394.27212840499266,442.63061512341545,5.0,392.47638715909005,0.0,0.0,0.0,37291.51834736836,-43617.220067411785,-4.583580448525026e-16,0.0,-1.0885819792747498e-10,-4.440892098500626e-16
no_feedback_null,once_through,895.8102101373476,14.813158511937011,19603.509301336406,88245.29560329874,880.9970516254108,1026666.6666666643,4621754.7043967,0.0,5453.394745619902,1026666.6666666643,4619999.999999999,0.0,154.0,0.25356828460073494,0.0,0.0,0.35,1.0,1.0,1.0,1.0,1.805845886411676,0.02986154998104358,0.02986154998104358,0.0,1.775984336430633,0.0,0.0,1.775984336430633,0.0,0.02986154998104358,0.0,4.501505023760358,396.49069866358553,441.79084244463945,5.0,394.68485277717383,0.0,0.0,0.0,37535.25376140343,-43896.367122248004,-4.583580448525026e-16,0.0,-5.442909896373749e-11,-4.440892098500626e-16
no_feedback_null,once_through,900.813221064762,14.783365568768527,19601.294940218857,88235.27163890164,886.0298554959937,1033333.3333333309,4651764.728361096,0.0,5488.806386232079,1033333.3333333309,4649999.999999999,0.0,155.0,0.25498443825063444,0.0,0.0,0.35,1.0,1.0,1.0,1.0,1.8159313560800323,0.029801490982769095,0.029801490982769095,0.0,1.7861298650972637,0.0,0.0,1.7861298650972637,0.0,0.029801490982769095,0.0,4.501502166464338,398.7050597811352,440.952663008915,5.0,396.88912842505516,0.0,0.0,0.0,37778.98917543853,-44175.51417689528,-4.583580448525026e-16,0.0,-5.442909896373749e-11,-4.440892098500626e-16
no_feedback_null,once_through,905.8067401230087,14.753635556617587,19599.08478025664,88225.26670504482,891.0531045663913,1039999.9999999976,4681774.733294954,0.0,5524.218026655643,1039999.9999999976,4679999.999999999,0.0,156.0,0.25639790512943517,0.0,0.0,0.35,1.0,1.0,1.0,1.0,1.8259976912791707,0.029741558845874257,0.029741558845874257,0.0,1.7962561324332968,0.0,0.0,1.7962561324332968,0.0,0.029741558845874257,0.0,4.501499314596544,400.915219743356,440.1160737934917,5.0,399.0892220520768,0.0,0.0,0.0,38022.72458947361,-44454.66123135393,-4.583580448525026e-16,-1.1641532182693481e-10,-5.442909896373749e-11,-4.440892098500626e-16
no_feedback_null,once_through,910.7907853203591,14.72396833177721,19596.878813479183,88215.28076557453,896.0668169885821,1046666.6666666642,4711784.719234425,0.0,5559.629666890957,1046666.6666666642,4709999.999999999,0.0,157.0,0.2578086903345635,0.0,0.0,0.35,1.0,1.0,1.0,1.0,1.8360449283116054,0.02968175328066304,0.02968175328066304,0.0,1.8063631750309428,0.0,0.0,1.8063631750309428,0.0,0.02968175328066304,0.0,4.501496468146653,403.1211865208114,439.28107178135355,5.0,401.2851415924998,0.0,0.0,0.0,38266.4600035087,-44733.80828562433,-4.583580448525026e-16,0.0,0.0,-4.440892098500626e-16
no_feedback_null,once_through,915.7653746309193,14.694363750905387,19594.677031931053,88205.31378440587,901.0710108800141,1053333.333333331,4741794.686215593,0.0,5595.041306938377,1053333.333333331,4739999.999999999,0.0,158.0,0.2592167989537748,0.0,0.0,0.35,1.0,1.0,1.0,1.0,1.8460731034109774,0.02962207399817515,0.02962207399817515,0.0,1.8164510294128027,0.0,0.0,1.8164510294128027,0.0,0.02962207399817515,0.0,4.501493627104363,405.3229680689431,438.4476539612089,5.0,403.47689496553215,0.0,0.0,0.0,38510.195417543786,-45012.95533970684,-4.583580448525026e-16,0.0,-5.442909896373749e-11,-4.440892098500626e-16
no_feedback_null,once_through,920.730525994694,14.664821671023985,19592.479427671897,88195.36572552235,906.0657043236702,1059999.9999999977,4771804.634274476,0.0,5630.452946798258,1059999.9999999977,4769999.999999999,0.0,159.0,0.26062223606517176,0.0,0.0,0.35,1.0,1.0,1.0,1.0,1.8560822527421834,0.029562520710183827,0.029562520710183827,0.0,1.8265197320320001,0.0,0.0,1.8265197320320001,0.0,0.029562520710183827,0.0,4.5014907914593785,407.5205723280994,437.6158173274789,5.0,405.6644900753572,0.0,0.0,0.0,38753.93083157888,-45292.10239360181,-4.583580448525026e-16,0.0,-5.442909896373749e-11,-4.440892098500626e-16
no_feedback_null,once_through,925.6862573176517,14.635341949517777,19590.285992776433,88185.43655297627,911.0509153681342,1066666.6666666644,4801814.563447023,0.0,5665.864586470959,1066666.6666666644,4799999.999999999,0.0,160.0,0.2620250067372228,0.0,0.0,0.35,1.0,1.0,1.0,1.0,1.8660724124015076,0.029503093129193893,0.029503093129193893,0.0,1.836569319272314,0.0,0.0,1.836569319272314,0.0,0.029503093129193893,0.0,4.501487961201438,409.7140072235637,436.78555888028717,5.0,407.8479348111622,0.0,0.0,0.0,38997.66624561397,-45571.2494473096,-4.583580448525026e-16,0.0,0.0,-4.440892098500626e-16
no_feedback_null,once_through,930.6325864717893,14.605924444133322,19588.096719334415,88175.52623088809,916.0266620276561,1073333.3333333312,4831824.473769111,0.0,5701.276225956833,1073333.3333333312,4829999.999999999,0.0,161.0,0.26342511602878016,0.0,0.0,0.35,1.0,1.0,1.0,1.0,1.8760436184167504,0.02944379096843948,0.02944379096843948,0.0,1.8465998274483113,0.0,0.0,1.8465998274483113,0.0,0.02944379096843948,0.0,4.501485136320289,411.90328066558374,435.95687562544873,5.0,410.027237047167,0.0,0.0,0.0,39241.401659649055,-45850.39650083056,-2.291790224262513e-16,0.0,0.0,-4.440892098500626e-16
no_feedback_null,once_through,935.5695312951962,14.57656901297801,19585.9115994506,88165.63472344667,920.9929622822183,1079999.999999998,4861834.365276552,0.0,5736.687865256236,1079999.999999998,4859999.999999999,0.0,162.0,0.26482256898909845,0.0,0.0,0.35,1.0,1.0,1.0,1.0,1.88599590674736,0.02938461394188211,0.02938461394188211,0.0,1.856611292805478,0.0,0.0,1.856611292805478,0.0,0.02938461394188211,0.0,4.501482316805708,414.08840054939935,435.1297645744593,5.0,412.20240464265197,0.0,0.0,0.0,39485.13707368415,-46129.54355416506,-2.291790224262513e-16,0.0,-5.442909896373749e-11,-2.220446049250313e-16
no_feedback_null,once_through,940.4971095921186,14.547275514518994,19583.730625244727,88155.76199490896,925.9498340775998,1086666.6666666646,4891844.23800509,0.0,5772.099504369524,1086666.6666666646,4889999.999999999,0.0,163.0,0.2662173706578524,0.0,0.0,0.35,1.0,1.0,1.0,1.0,1.8959293132845598,0.029325561764208547,0.029325561764208547,0.0,1.8666037515203517,0.0,0.0,1.8666037515203517,0.0,0.029325561764208547,0.0,4.501479502647485,416.2693747552713,434.3042227444843,5.0,414.37344544198675,0.0,0.0,0.0,39728.87248771924,-46408.69060731344,-4.583580448525026e-16,0.0,-5.442909896373749e-11,-4.440892098500626e-16
no_feedback_null,once_through,945.4153391330244,14.518043807582155,19581.55378885149,88145.90800959985,930.8972953254425,1093333.3333333314,4921854.091990399,0.0,5807.511143297048,1093333.3333333314,4919999.999999999,0.0,164.0,0.26760952606515565,0.0,0.0,0.35,1.0,1.0,1.0,1.0,1.9058438738514811,0.02926663415082871,0.02926663415082871,0.0,1.876577239700653,0.0,0.0,1.876577239700653,0.0,0.02926663415082871,0.0,4.501476693835431,418.44621114850986,433.48024715834873,5.0,416.54036727465837,0.0,0.0,0.0,39972.60790175432,-46687.83766027604,-4.583580448525026e-16,0.0,0.0,-6.661338147750939e-16
no_feedback_null,once_through,950.3242376546666,14.488873751351077,19579.381082420496,88136.07273191212,935.8353639033157,1099999.9999999981,4951863.927268087,0.0,5842.9227820391625,1099999.9999999981,4949999.999999999,0.0,165.0,0.2689990402315783,0.0,0.0,0.35,1.0,1.0,1.0,1.0,1.9157396242032891,0.029207830817873606,0.029207830817873606,0.0,1.886531793385416,0.0,0.0,1.886531793385416,0.0,0.029207830817873606,0.0,4.5014738903593745,420.6189175795028,432.65783484452544,5.0,418.7031779552995,0.0,0.0,0.0,40216.34331578941,-46966.98471305324,-4.583580448525026e-16,0.0,0.0,-4.440892098500626e-16
no_feedback_null,once_through,955.2238228601474,14.459765205366077,19577.212498116256,88126.25612630633,940.7640576547816,1106666.6666666649,4981873.743873693,0.0,5878.334420596219,1106666.6666666649,4979999.999999999,0.0,166.0,0.2703859181681654,0.0,0.0,0.35,1.0,1.0,1.0,1.0,1.9256166000273138,0.029149151482193367,0.029149151482193367,0.0,1.896467448545121,0.0,0.0,1.896467448545121,0.0,0.029149151482193367,0.0,4.501471092209166,422.78750188374397,431.83698283712516,5.0,420.8618852837167,0.0,0.0,0.0,40460.07872982451,-47246.131765645405,-6.87537067278754e-16,0.0,0.0,-4.440892098500626e-16
no_feedback_null,once_through,960.1141124189821,14.430718029523124,19575.04802811814,88116.45815731054,945.6833943894593,1113333.3333333316,5011883.541842689,0.0,5913.74605896857,1113333.3333333316,5009999.999999999,0.0,167.0,0.2717701648764547,0.0,0.0,0.35,1.0,1.0,1.0,1.0,1.9354748369431776,0.029090595861355074,0.029090595861355074,0.0,1.906384241081823,0.0,0.0,1.906384241081823,0.0,0.029090595861355074,0.0,4.501468299374674,424.9519718818615,431.0176881758858,5.0,423.0164970449183,0.0,0.0,0.0,40703.81414385959,-47525.27881805284,-6.87537067278754e-16,0.0,0.0,-4.440892098500626e-16
no_feedback_null,once_through,964.9951239671631,14.401732084072874,19572.887664620353,88106.6787895204,950.5933918830906,1119999.9999999984,5041893.321210479,0.0,5949.157697156565,1119999.9999999984,5039999.999999999,0.0,168.0,0.27315178534849516,0.0,0.0,0.35,1.0,1.0,1.0,1.0,1.9453143705029246,0.029032163673640823,0.029032163673640823,0.0,1.9162822068292844,0.0,0.0,1.9162822068292844,0.0,0.029032163673640823,0.0,4.501465511845789,427.11233537964586,430.19994790616124,5.0,425.16702100914296,0.0,0.0,0.0,40947.54955789469,-47804.425870275925,-6.87537067278754e-16,0.0,5.442909896373749e-11,-6.661338147750939e-16
no_feedback_null,once_through,969.8668751072229,14.372807229619614,19570.731399831922,88096.91798759885,955.4940678776036,1126666.666666665,5071903.0820124,0.0,5984.569335160555,1126666.666666665,5069999.999999999,0.0,169.0,0.27453078456686447,0.0,0.0,0.35,1.0,1.0,1.0,1.0,1.9551352361911483,0.028973854638045585,0.028973854638045585,0.0,1.9261613815531033,0.0,0.0,1.9261613815531033,0.0,0.028973854638045585,0.0,4.501462729612418,429.2686001680783,429.3837590789114,5.0,427.31346493188715,0.0,0.0,0.0,41191.284971929774,-48083.572922315,-6.87537067278754e-16,0.0,0.0,-6.661338147750939e-16
no_feedback_null,once_through,974.7293834082981,14.343943327120305,19568.579225976642,88087.17571627609,960.3854400811782,1133333.3333333319,5101912.824283724,0.0,6019.980972980889,1133333.3333333319,5099999.999999999,0.0,170.0,0.2759071675046872,0.0,0.0,0.35,1.0,1.0,1.0,1.0,1.9649374694251198,0.028915668474275277,0.028915668474275277,0.0,1.9360218009508454,0.0,0.0,1.9360218009508454,0.0,0.028915668474275277,0.0,4.501459952664487,431.42077402335866,428.56911875069073,5.0,429.4558365539335,0.0,0.0,0.0,41435.02038596487,-48362.71997417043,-9.167160897050052e-16,0.0,5.442909896373749e-11,-8.881784197001252e-16
no_feedback_null,once_through,979.5826664061927,14.315140237883544,19566.431135293067,88077.4519403493,965.2675261683095,1139999.9999999986,5131922.548059651,0.0,6055.392610617917,1139999.9999999986,5129999.999999999,0.0,171.0,0.277280939125653,0.0,0.0,0.35,1.0,1.0,1.0,1.0,1.9747211055549156,0.028857604902744676,0.028857604902744676,0.0,1.9458635006521716,0.0,0.0,1.9458635006521716,0.0,0.028857604902744676,0.0,4.501457180991943,433.56886470693365,427.75602398363844,5.0,431.59414360137873,0.0,0.0,0.0,41678.755799999955,-48641.86702584254,-4.583580448525026e-16,0.0,5.442909896373749e-11,-6.661338147750939e-16
no_feedback_null,once_through,984.4267416034411,14.286397823568562,19564.287120034474,88067.74662468274,970.1403437798728,1146666.6666666653,5161932.253375317,0.0,6090.804248071987,1146666.6666666653,5159999.999999999,0.0,172.0,0.27865210438403387,0.0,0.0,0.35,1.0,1.0,1.0,1.0,1.9844861798635447,0.02879966364457539,0.02879966364457539,0.0,1.9556865162189698,0.0,0.0,1.9556865162189698,0.0,0.02879966364457539,0.0,4.5014544145847495,435.71287996552445,426.94447184546743,5.0,433.7283937856609,0.0,0.0,0.0,41922.49121403504,-48921.0140773317,-4.583580448525026e-16,0.0,5.442909896373749e-11,-4.440892098500626e-16
no_feedback_null,once_through,989.2616264693711,14.257715946184238,19562.14717246884,88058.05973420746,975.0039105231872,1153333.333333332,5191941.940265792,0.0,6126.215885343446,1153333.333333332,5189999.999999999,0.0,173.0,0.28002066822470273,0.0,0.0,0.35,1.0,1.0,1.0,1.0,1.9942327275670757,0.02874184442159388,0.02874184442159388,0.0,1.9654908831454825,0.0,0.0,1.9654908831454825,0.0,0.02874184442159388,0.0,4.501451653432893,437.85282753115524,426.1344594094539,5.0,435.8585948035882,0.0,0.0,0.0,42166.22662807014,-49200.161128638254,-6.87537067278754e-16,0.0,5.442909896373749e-11,-6.661338147750939e-16
no_feedback_null,once_through,994.0873384401675,14.22909446808811,19560.01128487882,88048.3912339212,979.8582439720797,1159999.9999999988,5221951.608766078,0.0,6161.62752243264,1159999.9999999988,5219999.999999999,0.0,174.0,0.28138663558315075,0.0,0.0,0.35,1.0,1.0,1.0,1.0,2.003960783814765,0.028684146956329457,0.028684146956329457,0.0,1.9752766368584358,0.0,0.0,1.9752766368584358,0.0,0.028684146956329457,0.0,4.501448897526374,439.9887151211805,425.3259837544265,5.0,437.98475433736576,0.0,0.0,0.0,42409.96204210524,-49479.30817976255,-4.583580448525026e-16,0.0,0.0,-4.440892098500626e-16
no_feedback_null,once_through,998.9038949189346,14.200533251985377,19557.879449561686,88038.74108888829,984.7033616669496,1166666.6666666656,5251961.258911111,0.0,6197.039159339917,1166666.6666666656,5249999.999999999,0.0,175.0,0.28275001138550543,0.0,0.0,0.35,1.0,1.0,1.0,1.0,2.0136703836891816,0.02862657097201228,0.02862657097201228,0.0,1.9850438127171701,0.0,0.0,1.9850438127171701,0.0,0.02862657097201228,0.0,4.501446146855217,442.12055043831333,424.5190419647562,5.0,440.1068800546241,0.0,0.0,0.0,42653.69745614032,-49758.45523070491,-6.87537067278754e-16,0.0,5.442909896373749e-11,-8.881784197001252e-16
no_feedback_null,once_through,1003.7113132757589,14.172032160927895,19555.751658829347,88029.1092642396,989.5392811148313,1173333.3333333323,5281970.890735759,0.0,6232.450796065622,1173333.3333333323,5279999.999999999,0.0,176.0,0.28411080054854826,0.0,0.0,0.35,1.0,1.0,1.0,1.0,2.0233615622063366,0.028569116192571322,0.028569116192571322,0.0,1.994792446013766,0.0,0.0,1.994792446013766,0.0,0.028569116192571322,0.0,4.501443401409467,444.2483411706529,423.7136311303457,5.0,442.2249796084466,0.0,0.0,0.0,42897.432870175406,-50037.6022814657,-4.583580448525026e-16,0.0,0.0,-8.881784197001252e-16
no_feedback_null,once_through,1008.5096108477717,14.14359105831323,19553.62790500829,88019.4957251722,994.3660197894587,1179999.999999999,5311980.5042748265,0.0,6267.8624326101,1179999.999999999,5309999.999999999,0.0,177.0,0.28546900797973235,0.0,0.0,0.35,1.0,1.0,1.0,1.0,2.033034354315806,0.028511782342632474,0.028511782342632474,0.0,2.004522571973174,0.0,0.0,2.004522571973174,0.0,0.028511782342632474,0.0,4.501440661179181,446.37209499171223,422.9097483466186,5.0,444.3390606373964,0.0,0.0,0.0,43141.1682842105,-50316.74933204527,-4.583580448525026e-16,0.0,0.0,-4.440892098500626e-16
no_feedback_null,once_through,1013.2988049392118,14.115209807883621,19551.508180439552,88009.90043694936,999.1835951313286,1186666.6666666658,5341990.09956305,0.0,6303.274068973694,1186666.6666666658,5339999.999999999,0.0,178.0,0.28682463857720036,0.0,0.0,0.35,1.0,1.0,1.0,1.0,2.042688794900858,0.028454569147516432,0.028454569147516432,0.0,2.0142342257533428,0.0,0.0,2.0142342257533428,0.0,0.028454569147516432,0.0,4.501437926154439,448.4918195604459,422.10739071450905,5.0,446.449130765545,0.0,0.0,0.0,43384.90369824559,-50595.896382443956,-9.167160897050052e-16,0.0,0.0,-1.3322676295501878e-15
no_feedback_null,once_through,1018.0789128214881,14.086888273725062,19549.392477478723,88000.32336490048,1003.9920245477633,1193333.3333333326,5371999.6766351,0.0,6338.6857051567495,1193333.3333333326,5369999.999999999,0.0,179.0,0.2881776972298021,0.0,0.0,0.35,1.0,1.0,1.0,1.0,2.0523249187785813,0.028397476333236877,0.028397476333236877,0.0,2.023927442445345,0.0,0.0,2.023927442445345,0.0,0.028397476333236877,0.0,4.501435196325336,450.60752252127776,421.306555340452,5.0,448.55519760249916,0.0,0.0,0.0,43628.639112280674,-50875.043432662096,-6.87537067278754e-16,0.0,5.442909896373749e-11,-4.440892098500626e-16
no_feedback_null,once_through,1022.8499517332414,14.05862632026627,19547.28078849587,87990.76447442097,1008.7913254129754,1199999.9999999993,5402009.235525579,0.0,6374.097341159608,1199999.9999999993,5399999.999999999,0.0,180.0,0.2895281888171118,0.0,0.0,0.35,1.0,1.0,1.0,1.0,2.0619427607000063,0.028340503626498367,0.028340503626498367,0.0,2.033602257073509,0.0,0.0,2.033602257073509,0.0,0.028340503626498367,0.0,4.501432471681996,452.7192115041285,420.5072393363713,5.0,450.6572687434285,0.0,0.0,0.0,43872.37452631577,-51154.19048270005,-6.87537067278754e-16,0.0,5.442909896373749e-11,-8.881784197001252e-16
no_feedback_null,once_through,1027.6119388804068,14.030423812277762,19545.173105875558,87981.22373097189,1013.5815150681293,1206666.666666666,5432018.776269028,0.0,6409.508976982614,1206666.666666666,5429999.999999999,0.0,181.0,0.2908761182094463,0.0,0.0,0.35,1.0,1.0,1.0,1.0,2.071542355350234,0.028283650754694495,0.028283650754694495,0.0,2.0432587045955404,0.0,0.0,2.0432587045955404,0.0,0.028283650754694495,0.0,4.501429752214549,454.82689412444284,419.709439819671,5.0,452.7553517690926,0.0,0.0,0.0,44116.109940350856,-51433.337532558144,-4.583580448525026e-16,0.0,5.442909896373749e-11,-8.881784197001252e-16
no_feedback_null,once_through,1032.364891436276,14.002280614870852,19543.069422016782,87971.7011000802,1018.3626108214054,1213333.3333333328,5462028.298899919,0.0,6444.920612626106,1213333.3333333328,5459999.999999999,0.0,182.0,0.29222149026788224,0.0,0.0,0.35,1.0,1.0,1.0,1.0,2.08112373734856,0.02822691744590585,0.02822691744590585,0.0,2.0528968199026547,0.0,0.0,2.0528968199026547,0.0,0.02822691744590585,0.0,4.501427037913158,456.93057798321746,418.9131539132234,5.0,454.8494542458689,0.0,0.0,0.0,44359.84535438595,-51712.48458223673,-6.87537067278754e-16,0.0,0.0,-8.881784197001252e-16
no_feedback_null,once_through,1037.1088265415585,13.974196593496698,19540.96972933297,87962.19654733823,1023.1346299480622,1219999.9999999995,5492037.803452661,0.0,6480.332248090427,1219999.9999999995,5489999.999999999,0.0,183.0,0.2935643098442736,0.0,0.0,0.35,1.0,1.0,1.0,1.0,2.0906869412485967,0.028170303428898123,0.028170303428898123,0.0,2.0625166378196993,0.0,0.0,2.0625166378196993,0.0,0.028170303428898123,0.0,4.501424328767988,459.03027066702805,418.1183787453599,5.0,456.93958372577947,0.0,0.0,0.0,44603.580768421045,-51991.63163173614,-6.87537067278754e-16,0.0,0.0,-8.881784197001252e-16
no_feedback_null,once_through,1041.8437613044448,13.94617161394532,19538.87402025194,87952.71003840386,1027.8975896904997,1226666.6666666663,5522047.289961595,0.0,6515.743883375918,1226666.6666666663,5519999.999999999,0.0,184.0,0.2949045817812695,0.0,0.0,0.35,1.0,1.0,1.0,1.0,2.100232001538404,0.02811380843312009,0.02811380843312009,0.0,2.0721181931052843,0.0,0.0,2.0721181931052843,0.0,0.02811380843312009,0.0,4.501421624769234,461.125979748057,417.3251114498598,5.0,459.02574774651856,0.0,0.0,0.0,44847.31618245612,-52270.778681056705,-4.583580448525026e-16,0.0,0.0,-4.440892098500626e-16
no_feedback_null,once_through,1046.569712800666,13.918205542344667,19536.78228721588,87943.24153900037,1032.6515072583215,1233333.333333333,5552056.758460999,0.0,6551.155518482917,1233333.333333333,5549999.999999999,0.0,185.0,0.296242310912331,0.0,0.0,0.35,1.0,1.0,1.0,1.0,2.109758952640606,0.028057432188701766,0.028057432188701766,0.0,2.081701520451905,0.0,0.0,2.081701520451905,0.0,0.028057432188701766,0.0,4.501418925907111,463.21771278412007,416.5333491659404,5.0,461.10795383147945,0.0,0.0,0.0,45091.05159649123,-52549.92573019882,-4.583580448525026e-16,0.0,0.0,-4.440892098500626e-16
no_feedback_null,once_through,1051.2866980735578,13.890298245159657,19534.694522681304,87933.79101491607,1037.3963998283982,1239999.9999999998,5582066.208985083,0.0,6586.567153411763,1239999.9999999998,5579999.999999999,0.0,186.0,0.2975775020617495,0.0,0.0,0.35,1.0,1.0,1.0,1.0,2.1192678289125233,0.028001174426452446,0.028001174426452446,0.0,2.091266654486071,0.0,0.0,2.091266654486071,0.0,0.028001174426452446,0.0,4.501416232171846,465.30547731869484,415.74308903824647,5.0,463.1862094897823,0.0,0.0,0.0,45334.787010526314,-52829.07277916275,0.0,0.0,0.0,-4.440892098500626e-16
no_feedback_null,once_through,1055.9947341341197,13.862449589191185,19532.610719119053,87924.35843200442,1042.1322845449286,1246666.6666666665,5612075.641567995,0.0,6621.978788162795,1246666.6666666665,5609999.999999999,0.0,187.0,0.29891016004466314,0.0,0.0,0.35,1.0,1.0,1.0,1.0,2.128758664646289,0.027945034877858724,0.027945034877858724,0.0,2.1008136297684303,0.0,0.0,2.1008136297684303,0.0,0.027945034877858724,0.0,4.501413543553687,467.38928088094644,414.95432821684017,5.0,465.26052221630016,0.0,0.0,0.0,45578.52242456139,-53108.21982794886,0.0,0.0,0.0,0.0
no_feedback_null,once_through,1060.693837961078,13.834659441575216,19530.53086901424,87914.94375618387,1046.859178519503,1253333.3333333333,5642085.056243815,0.0,6657.390422736353,1253333.3333333333,5639999.999999999,0.0,188.0,0.3002402896670749,0.0,0.0,0.35,1.0,1.0,1.0,1.0,2.138231494068978,0.027889013275082645,0.027889013275082645,0.0,2.1103424807938955,0.0,0.0,2.1103424807938955,0.0,0.027889013275082645,0.0,4.5014108600429035,469.46913098575584,414.1670638571908,5.0,467.33089949168686,0.0,0.0,0.0,45822.25783859649,-53387.36687655751,-4.583580448525026e-16,0.0,0.0,-4.440892098500626e-16
no_feedback_null,once_through,1065.3840265009467,13.806927669781823,19528.45496486625,87905.5469534376,1051.577098831165,1260000.0,5672094.453046562,0.0,6692.80205713277,1260000.0,5669999.999999999,0.0,189.0,0.3015678957258696,0.0,0.0,0.35,1.0,1.0,1.0,1.0,2.147686351342728,0.02783310935095978,0.02783310935095978,0.0,2.1198532419917684,0.0,0.0,2.1198532419917684,0.0,0.02783310935095978,0.0,4.501408181629778,471.5450351337464,413.3812931201639,5.0,469.3973487824037,0.0,0.0,0.0,46065.993252631575,-53666.51392498902,0.0,0.0,5.442909896373749e-11,0.0
no_feedback_null,once_through,1070.0653166680875,13.77925414161423,19526.382999188685,87896.16798981358,1056.2860625264734,1266666.6666666667,5702103.832010185,0.0,6728.2136913523855,1266666.6666666667,5699999.999999999,0.0,190.0,0.3028929830088312,0.0,0.0,0.35,1.0,1.0,1.0,1.0,2.157123270564864,0.027777322838997292,0.027777322838997292,0.0,2.129345947725867,0.0,0.0,2.129345947725867,0.0,0.027777322838997292,0.0,4.501405508304617,473.61700081131113,412.59701317201194,5.0,471.4598775407463,0.0,0.0,0.0,46309.72866666667,-53945.66097324373,-4.583580448525026e-16,0.0,0.0,0.0
no_feedback_null,once_through,1074.7377253447721,13.75163872520788,19524.314964509354,87886.8068314243,1060.9860866195643,1273333.3333333335,5732113.193168575,0.0,6763.625325395534,1273333.3333333335,5729999.999999999,0.0,191.0,0.30421555629466024,0.0,0.0,0.35,1.0,1.0,1.0,1.0,2.166542285768019,0.02772165347337206,0.02772165347337206,0.0,2.1388206322946473,0.0,0.0,2.1388206322946473,0.0,0.02772165347337206,0.0,4.501402840057743,475.6850354906395,411.81422118436353,5.0,473.5184932048715,0.0,0.0,0.0,46553.46408070176,-54224.808021321965,0.0,0.0,0.0,0.0
no_feedback_null,once_through,1079.4012693812429,13.724081289029483,19522.25085337025,87877.46344444671,1065.6771880922133,1280000.0000000002,5762122.536555552,0.0,6799.036959262551,1280000.0000000002,5759999.999999999,0.0,192.0,0.3055356203529908,0.0,0.0,0.35,1.0,1.0,1.0,1.0,2.1759434309202597,0.02766610098892875,0.02766610098892875,0.0,2.148277329931331,0.0,0.0,2.148277329931331,0.0,0.02766610098892875,0.0,4.5014001768794945,477.74914662974476,411.03291433421344,5.0,475.5732031988245,0.0,0.0,0.0,46797.19949473684,-54503.95506922406,0.0,0.0,0.0,0.0
no_feedback_null,once_through,1084.0559655957727,13.6965817018761,19520.190658327505,87868.13779512215,1070.3593838938968,1286666.666666667,5792131.862204877,0.0,6834.448592953772,1286666.666666667,5789999.999999999,0.0,193.0,0.30685317994440797,0.0,0.0,0.35,1.0,1.0,1.0,1.0,2.1853267399252063,0.02761066512117799,0.02761066512117799,0.0,2.1577160748040285,0.0,0.0,2.1577160748040285,0.0,0.02761066512117799,0.0,4.5013975187602355,479.8093416724901,410.2530898039122,5.0,477.62401493256493,0.0,0.0,0.0,47040.93490877194,-54783.10211695038,-4.583580448525026e-16,0.0,0.0,0.0
no_feedback_null,once_through,1088.7018307747273,13.669139832874192,19518.13437195138,87858.82984975613,1075.0326909418532,1293333.3333333337,5822141.170150244,0.0,6869.860226469531,1293333.3333333337,5819999.999999999,0.0,194.0,0.30816823982046493,0.0,0.0,0.35,1.0,1.0,1.0,1.0,2.1946922466221572,0.027555345606294423,0.027555345606294423,0.0,2.167136901015863,0.0,0.0,2.167136901015863,0.0,0.027555345606294423,0.0,4.501394865690343,481.86562804861677,409.47474478115606,5.0,479.67093580199463,0.0,0.0,0.0,47284.670322807026,-55062.24916450123,0.0,0.0,5.442909896373749e-11,0.0
no_feedback_null,once_through,1093.3388816726238,13.641755551478708,19516.081986826226,87849.53957471816,1079.6971261211452,1300000.0000000005,5852150.460425281,0.0,6905.271859810159,1300000.0000000005,5849999.999999999,0.0,195.0,0.3094808047237,0.0,0.0,0.35,1.0,1.0,1.0,1.0,2.2040399847862084,0.027500142181114896,0.027500142181114896,0.0,2.176539842605094,0.0,0.0,2.176539842605094,0.0,0.027500142181114896,0.0,4.501392217660209,483.91801317376917,408.6978764589769,5.0,481.71397318898295,0.0,0.0,0.0,47528.405736842105,-55341.396211876934,-4.583580448525026e-16,0.0,0.0,-4.440892098500626e-16
no_feedback_null,once_through,1097.9671350121926,13.614428727472113,19514.03349555047,87840.26693644184,1084.3527062847206,1306666.6666666672,5882159.733063557,0.0,6940.683492975992,1306666.6666666672,5879999.999999999,0.0,196.0,0.3107908793876538,0.0,0.0,0.35,1.0,1.0,1.0,1.0,2.2133699881283784,0.02744505458313648,0.02744505458313648,0.0,2.1859249335452424,0.0,0.0,2.1859249335452424,0.0,0.02744505458313648,0.0,4.501389574660252,485.9665044495232,407.9224820357323,5.0,483.75313446139484,0.0,0.0,0.0,47772.141150877214,-55620.54325907788,-4.583580448525026e-16,0.0,0.0,-4.440892098500626e-16
no_feedback_null,once_through,1102.5866074844373,13.587159230963543,19511.988890736582,87831.01190142456,1088.999448253474,1313333.333333334,5912168.988098574,0.0,6976.095125967358,1313333.333333334,5909999.999999999,0.0,197.0,0.31209846853688644,0.0,0.0,0.35,1.0,1.0,1.0,1.0,2.2226822902957273,0.027390082550514786,0.027390082550514786,0.0,2.195292207745213,0.0,0.0,2.195292207745213,0.0,0.027390082550514786,0.0,4.501386936680904,488.0111092634119,407.1485587150947,5.0,485.7884269731162,0.0,0.0,0.0,48015.8765649123,-55899.690306104334,-4.583580448525026e-16,0.0,-5.442909896373749e-11,-4.440892098500626e-16
no_feedback_null,once_through,1107.1973157486946,13.559946932387794,19509.948165011043,87821.77443622747,1093.6373688163067,1320000.0000000007,5942178.225563771,0.0,7011.5067587845915,1320000.0000000007,5939999.999999999,0.0,198.0,0.31340357688699433,0.0,0.0,0.35,1.0,1.0,1.0,1.0,2.231976924871478,0.027335225822061902,0.027335225822061902,0.0,2.204641699049416,0.0,0.0,2.204641699049416,0.0,0.027335225822061902,0.0,4.501384303712617,490.05183498895263,406.37610370604244,5.0,487.81985806408113,0.0,0.0,0.0,48259.611978947396,-56178.83735295666,0.0,0.0,-5.442909896373749e-11,0.0
no_feedback_null,once_through,1111.7992764326946,13.53279170250446,19507.911311014323,87812.5545074752,1098.26648473019,1326666.6666666674,5972187.445492524,0.0,7046.918391428023,1326666.6666666674,5969999.999999999,0.0,199.0,0.3147062091446273,0.0,0.0,0.35,1.0,1.0,1.0,1.0,2.24125392537514,0.02728048413724469,0.02728048413724469,0.0,2.2139734412378953,0.0,0.0,2.2139734412378953,0.0,0.02728048413724469,0.0,4.501381675745857,492.0886889856734,405.6051142228485,5.0,489.84743506029827,0.0,0.0,0.0,48503.347392982476,-56457.98439963517,0.0,0.0,0.0,0.0
no_feedback_null,once_through,1116.3925061326206,13.505693412396997,19505.878321400854,87803.35208185599,1102.8868127202238,1333333.3333333342,6002196.647918142,0.0,7082.330023897982,1333333.3333333342,5999999.999999999,0.0,200.0,0.3160063700075057,0.0,0.0,0.35,1.0,1.0,1.0,1.0,2.2505133252626273,0.027225857236182857,0.027225857236182857,0.0,2.2232874680264447,0.0,0.0,2.2232874680264447,0.0,0.027225857236182857,0.0,4.501379052771115,494.1216785991394,404.8355874850714,5.0,491.8711652738768,0.0,0.0,0.0,48747.08280701757,-56737.13144614022,-4.583580448525026e-16,0.0,-5.442909896373749e-11,-4.440892098500626e-16
no_feedback_null,once_through,1120.9770214131697,13.478651933471834,19503.849188839013,87794.16712612138,1107.498369479698,1340000.000000001,6032205.832873877,0.0,7117.741656194798,1340000.000000001,6029999.999999999,0.0,201.0,0.317304064164437,0.0,0.0,0.35,1.0,1.0,1.0,1.0,2.2597551579263806,0.0271713448596472,0.0271713448596472,0.0,2.2325838130667335,0.0,0.0,2.2325838130667335,0.0,0.0271713448596472,0.0,4.501376434778894,496.1508111609798,404.06752071754454,5.0,493.8910560030534,0.0,0.0,0.0,48990.818221052665,-57016.278492472135,-4.583580448525026e-16,0.0,-5.442909896373749e-11,0.0
no_feedback_null,once_through,1125.5528388076114,13.45166713745742,19501.82390601108,87784.9996070862,1112.1011716701541,1346666.6666666677,6062215.000392912,0.0,7153.1532883188,1346666.6666666677,6059999.999999999,0.0,202.0,0.31859929629533323,0.0,0.0,0.35,1.0,1.0,1.0,1.0,2.2689794566954875,0.027116946749057663,0.027116946749057663,0.0,2.24186250994643,0.0,0.0,2.24186250994643,0.0,0.027116946749057663,0.0,4.501373821759722,498.17609398891386,403.3009111503668,5.0,495.9071145322184,0.0,0.0,0.0,49234.55363508775,-57295.42553863122,-4.583580448525026e-16,0.0,-5.442909896373749e-11,-4.440892098500626e-16
no_feedback_null,once_through,1130.1199748178476,13.424738896403317,19499.802465613215,87775.84949162828,1116.6952359214445,1353333.3333333344,6092224.15050837,0.0,7188.564920270316,1353333.3333333344,6089999.999999999,0.0,203.0,0.31989207107122725,0.0,0.0,0.35,1.0,1.0,1.0,1.0,2.2781862548358025,0.02706266264648152,0.02706266264648152,0.0,2.2511235921893213,0.0,0.0,2.2511235921893213,0.0,0.02706266264648152,0.0,4.501371213704137,500.1975343867773,402.5357560188919,5.0,497.9193481319415,0.0,0.0,0.0,49478.28904912283,-57574.57258461782,-4.583580448525026e-16,0.0,-5.442909896373749e-11,-4.440892098500626e-16
no_feedback_null,once_through,1134.6784459144726,13.39786708267936,19497.784860355445,87766.71674668854,1121.2805788317935,1360000.0000000012,6122233.283253309,0.0,7223.976552049674,1360000.0000000012,6119999.999999999,0.0,204.0,0.32118239315428987,0.0,0.0,0.35,1.0,1.0,1.0,1.0,2.287375585550067,0.027008492294631665,0.027008492294631665,0.0,2.260367093255436,0.0,0.0,2.260367093255436,0.0,0.027008492294631665,0.0,4.5013686106027,502.2151396445489,401.77205256371883,5.0,499.92776405899883,0.0,0.0,0.0,49722.02446315793,-57853.71963043228,-4.583580448525026e-16,0.0,-5.442909896373749e-11,-4.440892098500626e-16
no_feedback_null,once_through,1139.2282685368325,13.371051568974691,19495.771082961615,87757.60133927068,1125.857216967858,1366666.666666668,6152242.398660728,0.0,7259.388183657202,1366666.666666668,6149999.999999999,0.0,205.0,0.3224702671978471,0.0,0.0,0.35,1.0,1.0,1.0,1.0,2.29654748197803,0.0269544354368647,0.0269544354368647,0.0,2.2695930465411656,0.0,0.0,2.2695930465411656,0.0,0.0269544354368647,0.0,4.5013660124459856,504.2289170383769,401.00979803068174,5.0,501.93236955639884,0.0,0.0,0.0,49965.75987719302,-58132.8666760749,-4.583580448525026e-16,0.0,-5.442909896373749e-11,-4.440892098500626e-16
no_feedback_null,once_through,1143.7694590930835,13.344292228296888,19493.76112616939,87748.5032364413,1130.4251668647867,1373333.3333333347,6182251.496763556,0.0,7294.799815093224,1373333.3333333347,6179999.999999999,0.0,206.0,0.323755697846396,0.0,0.0,0.35,1.0,1.0,1.0,1.0,2.305701977196565,0.02690049181717913,0.02690049181717913,0.0,2.278801485379386,0.0,0.0,2.278801485379386,0.0,0.02690049181717913,0.0,4.501363419224593,506.2388738306045,400.24898967084016,5.0,503.93317185340794,0.0,0.0,0.0,50209.4952912281,-58412.013721546,0.0,0.0,-1.0885819792747498e-10,-4.440892098500626e-16
no_feedback_null,once_through,1148.3020339602522,13.317588933971061,19491.754982730195,87739.42240532956,1134.984445026281,1380000.0000000014,6212260.577594668,0.0,7330.211446358068,1380000.0000000014,6209999.999999999,0.0,207.0,0.3250386897356224,0.0,0.0,0.35,1.0,1.0,1.0,1.0,2.314839104219793,0.02684666118021358,0.02684666118021358,0.0,2.2879924430395793,0.0,0.0,2.2879924430395793,0.0,0.02684666118021358,0.0,4.501360830929138,508.2450172697971,399.4896247404691,5.0,505.9301781655773,0.0,0.0,0.0,50453.230705263195,-58691.16076684593,0.0,0.0,-1.0885819792747498e-10,0.0
no_feedback_null,once_through,1152.8260094842935,13.290941559638947,19489.752645409226,87730.35881312711,1139.5350679246549,1386666.6666666681,6242269.64118687,0.0,7365.623077452058,1386666.6666666681,6239999.999999999,0.0,208.0,0.32631924749241664,0.0,0.0,0.35,1.0,1.0,1.0,1.0,2.3239588959991972,0.026792943271244957,0.026792943271244957,0.0,2.297165952727953,0.0,0.0,2.297165952727953,0.0,0.026792943271244957,0.0,4.501358247550249,510.2473545907672,398.7317005010488,5.0,507.92339569476803,0.0,0.0,0.0,50696.96611929829,-58970.30781197502,-4.583580448525026e-16,0.0,-1.0885819792747498e-10,-8.881784197001252e-16
no_feedback_null,once_through,1157.3414019801514,13.264349979258036,19487.75410698539,87721.312427088,1144.077052000894,1393333.333333335,6272278.6875729095,0.0,7401.034708375518,1393333.333333335,6269999.999999999,0.0,209.0,0.32759737573489134,0.0,0.0,0.35,1.0,1.0,1.0,1.0,2.3330613854237474,0.026739337836186688,0.026739337836186688,0.0,2.3063220475875617,0.0,0.0,2.3063220475875617,0.0,0.026739337836186688,0.0,4.501355669078577,512.245893014602,397.97521421925524,5.0,509.9128316291782,0.0,0.0,0.0,50940.70153333338,-59249.45485693357,-9.167160897050052e-16,0.0,-1.0885819792747498e-10,-8.881784197001252e-16
no_feedback_null,once_through,1161.848227731816,13.237814067100695,19485.759360251304,87712.28321452858,1148.6104136647157,1400000.0000000016,6302287.716785469,0.0,7436.446339128774,1400000.0000000016,6299999.999999999,0.0,210.0,0.32887307907239716,0.0,0.0,0.35,1.0,1.0,1.0,1.0,2.342146605320013,0.026685844621586945,0.026685844621586945,0.0,2.3154607606984268,0.0,0.0,2.3154607606984268,0.0,0.026685844621586945,0.0,4.501353095504786,514.2406397486882,397.2201631669502,5.0,511.89849314336817,0.0,0.0,0.0,51184.436947368464,-59528.60190172191,-9.167160897050052e-16,0.0,-5.442909896373749e-11,-8.881784197001252e-16
no_feedback_null,once_through,1166.3465029923827,13.21133369775325,19483.768398013253,87703.27114282736,1153.13516929463,1406666.6666666684,6332296.728857171,0.0,7471.857969712148,1406666.6666666684,6329999.999999999,0.0,211.0,0.3301463621055398,0.0,0.0,0.35,1.0,1.0,1.0,1.0,2.3512145884522844,0.02663246337462682,0.02663246337462682,0.0,2.324582125077659,0.0,0.0,2.324582125077659,0.0,0.02663246337462682,0.0,4.501350526819565,516.2316019867383,396.46654462117107,5.0,513.880387398286,0.0,0.0,0.0,51428.17236140355,-59807.74894634037,-9.167160897050052e-16,0.0,-5.442909896373749e-11,-1.3322676295501878e-15
no_feedback_null,once_through,1170.8362439841112,13.184908746115129,19481.781213091177,87694.27617942485,1157.6513352379966,1413333.3333333351,6362305.723820573,0.0,7507.269600125962,1413333.3333333351,6359999.999999999,0.0,212.0,0.3314172294261965,0.0,0.0,0.35,1.0,1.0,1.0,1.0,2.36026536752269,0.026579193843118566,0.026579193843118566,0.0,2.333686173679572,0.0,0.0,2.333686173679572,0.0,0.026579193843118566,0.0,4.501347963013614,518.2187869088169,395.71435586412184,5.0,515.8585215412942,0.0,0.0,0.0,51671.907775438645,-60086.89599078928,-9.167160897050052e-16,0.0,-1.0885819792747498e-10,-4.440892098500626e-16
no_feedback_null,once_through,1175.317466898484,13.158539087397973,19479.797798318625,87685.29829182358,1162.1589278110864,1420000.0000000019,6392314.701708174,0.0,7542.681230370539,1420000.0000000019,6389999.999999999,0.0,213.0,0.33268568561753287,0.0,0.0,0.35,1.0,1.0,1.0,1.0,2.369298975171316,0.026526035775503824,0.026526035775503824,0.0,2.3427729393958128,0.0,0.0,2.3427729393958128,0.0,0.026526035775503824,0.0,4.5013454040776555,520.2022016813662,394.9635941831624,5.0,517.8329027061949,0.0,0.0,0.0,51915.64318947374,-60366.04303506895,-4.583580448525026e-16,0.0,-5.442909896373749e-11,-8.881784197001252e-16
no_feedback_null,once_through,1179.7901878962646,13.132224597124747,19477.81814654276,87676.33744758782,1166.65796329914,1426666.6666666686,6422323.662552411,0.0,7578.0928604462015,1426666.6666666686,6419999.999999999,0.0,214.0,0.33395173525401894,0.0,0.0,0.35,1.0,1.0,1.0,1.0,2.3783154439763217,0.02647298892085183,0.02647298892085183,0.0,2.35184245505547,0.0,0.0,2.35184245505547,0.0,0.02647298892085183,0.0,4.5013428500024295,522.1818534572323,394.2142568707993,5.0,519.8035380132559,0.0,0.0,0.0,52159.37860350881,-60645.19007917969,-4.583580448525026e-16,0.0,-5.442909896373749e-11,-4.440892098500626e-16
no_feedback_null,once_through,1184.2544231075553,13.105965151128906,19475.842250624304,87667.39361434347,1171.1484579564267,1433333.3333333354,6452332.606385655,0.0,7613.504490353268,1433333.3333333354,6449999.999999999,0.0,215.0,0.335215382901446,0.0,0.0,0.35,1.0,1.0,1.0,1.0,2.3873148064540586,0.026420053028857738,0.026420053028857738,0.0,2.3608947534252014,0.0,0.0,2.3608947534252014,0.0,0.026420053028857738,0.0,4.501340300778687,524.1577493756901,393.46634122467566,5.0,521.770434569236,0.0,0.0,0.0,52403.114017543914,-60924.337123121855,-4.583580448525026e-16,0.0,-5.442909896373749e-11,-4.440892098500626e-16
no_feedback_null,once_through,1188.710188631857,13.07976062555346,19473.870103437526,87658.46675977805,1175.6304280063036,1440000.000000002,6482341.5332402205,0.0,7648.91612009206,1440000.000000002,6479999.999999999,0.0,216.0,0.3364766331169431,0.0,0.0,0.35,1.0,1.0,1.0,1.0,2.3962970950591873,0.026367227849840708,0.026367227849840708,0.0,2.3699298672093474,0.0,0.0,2.3699298672093474,0.0,0.026367227849840708,0.0,4.501337756397203,526.1298965624704,392.7198445475618,5.0,523.7335994674113,0.0,0.0,0.0,52646.84943157901,-61203.48416689574,-4.583580448525026e-16,0.0,-5.442909896373749e-11,-8.881784197001252e-16
no_feedback_null,once_through,1193.1575005381244,13.05361089685017,19471.901697870213,87649.5568516406,1180.1038896412742,1446666.6666666688,6512350.443148359,0.0,7684.327749662897,1446666.6666666688,6509999.999999999,0.0,217.0,0.33773549044899315,0.0,0.0,0.35,1.0,1.0,1.0,1.0,2.405262342184794,0.02631451313474232,0.02631451313474232,0.0,2.378947829050052,0.0,0.0,2.378947829050052,0.0,0.02631451313474232,0.0,4.501335216848773,528.0983021297842,391.9747641473453,5.0,525.6930397875994,0.0,0.0,0.0,52890.5848456141,-61482.63121050167,0.0,0.0,0.0,-4.440892098500626e-16
no_feedback_null,once_through,1197.596374864827,13.027515841778655,19469.93702682365,87640.66385774138,1184.5688590230486,1453333.3333333356,6542359.336142258,0.0,7719.739379066099,1453333.3333333356,6539999.999999999,0.0,218.0,0.3389919594374496,0.0,0.0,0.35,1.0,1.0,1.0,1.0,2.4142105801625076,0.026261908635124752,0.026261908635124752,0.0,2.387948671527383,0.0,0.0,2.387948671527383,0.0,0.026261908635124752,0.0,4.501332682124201,530.0629731763493,391.2310973370212,5.0,527.6487625961868,0.0,0.0,0.0,53134.32025964918,-61761.778253939956,-4.583580448525026e-16,0.0,0.0,-4.440892098500626e-16
no_feedback_null,once_through,1202.0268276200056,13.00147533740553,19467.976083212583,87631.78774595194,1189.0253522826001,1460000.0000000023,6572368.212254047,0.0,7755.151008301982,1460000.0000000023,6569999.999999999,0.0,219.0,0.3402460446135529,0.0,0.0,0.35,1.0,1.0,1.0,1.0,2.4231418412626167,0.026209414103169057,0.026209414103169057,0.0,2.396932427159448,0.0,0.0,2.396932427159448,0.0,0.026209414103169057,0.0,4.501330152214315,532.0239167874155,390.48884143468234,5.0,529.6007749461529,0.0,0.0,0.0,53378.05567368428,-62040.92529721093,0.0,0.0,0.0,-4.440892098500626e-16
no_feedback_null,once_through,1206.4488747813293,12.975489261103519,19466.018859965207,87622.92848420487,1193.473385520226,1466666.666666669,6602377.071515795,0.0,7790.5626373708665,1466666.666666669,6599999.999999999,0.0,220.0,0.34149775049994646,0.0,0.0,0.35,1.0,1.0,1.0,1.0,2.432056157694186,0.02615702929167336,0.02615702929167336,0.0,2.405899128402513,0.0,0.0,2.405899128402513,0.0,0.02615702929167336,0.0,4.501327627109958,533.9811400347903,389.74799376350995,5.0,531.5490838770961,0.0,0.0,0.0,53621.791087719364,-62320.0723403149,-4.583580448525026e-16,0.0,5.442909896373749e-11,-4.440892098500626e-16
no_feedback_null,once_through,1210.8625322961545,12.949557490550637,19464.065350023135,87614.08604049383,1197.912974805604,1473333.3333333358,6632385.913959506,0.0,7825.974266273068,1473333.3333333358,6629999.999999999,0.0,221.0,0.34274708161069345,0.0,0.0,0.35,1.0,1.0,1.0,1.0,2.4409535616051716,0.026104753954051214,0.026104753954051214,0.0,2.414848807651121,0.0,0.0,2.414848807651121,0.0,0.026104753954051214,0.0,4.501325106801992,535.9346499768644,389.00855165176364,5.0,533.4936964152593,0.0,0.0,0.0,53865.52650175446,-62599.2193832522,-4.583580448525026e-16,0.0,5.442909896373749e-11,-8.881784197001252e-16
no_feedback_null,once_through,1215.2678160815815,12.923679903729333,19462.11554634136,87605.26038287322,1202.3441361778523,1480000.0000000026,6662394.739617126,0.0,7861.385895008903,1480000.0000000026,6659999.999999999,0.0,222.0,0.34399404245129256,0.0,0.0,0.35,1.0,1.0,1.0,1.0,2.4498340850825384,0.026052587844329886,0.026052587844329886,0.0,2.423781497238209,0.0,0.0,2.423781497238209,0.0,0.026052587844329886,0.0,4.501322591281293,537.8844536586371,388.27051243277214,5.0,535.4346195735545,0.0,0.0,0.0,54109.261915789546,-62878.36642602312,-4.583580448525026e-16,0.0,0.0,-4.440892098500626e-16
no_feedback_null,once_through,1219.664742024512,12.89785637892562,19460.169441888254,87596.45147945837,1206.7668856455866,1486666.6666666693,6692403.548520541,0.0,7896.79752357869,1486666.6666666693,6689999.999999999,0.0,223.0,0.34523863751869466,0.0,0.0,0.35,1.0,1.0,1.0,1.0,2.458697760152373,0.026000530717148577,0.026000530717148577,0.0,2.432697229435225,0.0,0.0,2.432697229435225,0.0,0.026000530717148577,0.0,4.50132008053876,539.8305581117413,387.5338734449233,5.0,537.3718603515889,0.0,0.0,0.0,54352.99732982464,-63157.513468628,-4.583580448525026e-16,0.0,0.0,-8.881784197001252e-16
no_feedback_null,once_through,1224.053325981707,12.872086794728204,19458.227029645528,87587.6592984251,1211.181239186979,1493333.333333336,6722412.340701574,0.0,7932.209151982742,1493333.333333336,6719999.999999999,0.0,224.0,0.3464808713013188,0.0,0.0,0.35,1.0,1.0,1.0,1.0,2.4675446187800034,0.02594858232775669,0.02594858232775669,0.0,2.441596036452247,0.0,0.0,2.441596036452247,0.0,0.02594858232775669,0.0,4.501317574565307,541.77297035447,386.7986320316547,5.0,539.3054257356899,0.0,0.0,0.0,54596.73274385973,-63436.660511067144,0.0,0.0,5.442909896373749e-11,-4.440892098500626e-16
no_feedback_null,once_through,1228.4335837798435,12.846371030027706,19456.288302608198,87578.8838080098,1215.587212749816,1500000.0000000028,6752421.11619199,0.0,7967.620780221373,1500000.0000000028,6749999.999999999,0.0,225.0,0.3477207482790685,0.0,0.0,0.35,1.0,1.0,1.0,1.0,2.476374692870111,0.02589674243201225,0.02589674243201225,0.0,2.4504779504380987,0.0,0.0,2.4504779504380987,0.0,0.02589674243201225,0.0,4.501315073351862,543.7116973918002,386.0647855414439,5.0,541.2353226989301,0.0,0.0,0.0,54840.46815789482,-63715.80755334087,-4.583580448525026e-16,0.0,5.442909896373749e-11,0.0
no_feedback_null,once_through,1232.805531215571,12.820708964015745,19454.35325378458,87570.12497650927,1219.9848222515554,1506666.6666666695,6782429.87502349,0.0,8003.0324082949,1506666.6666666695,6779999.999999999,0.0,226.0,0.34895827292334786,0.0,0.0,0.35,1.0,1.0,1.0,1.0,2.485188014266845,0.02584501078638006,0.02584501078638006,0.0,2.4593430034804653,0.0,0.0,2.4593430034804653,0.0,0.02584501078638006,0.0,4.501312576889375,545.646746215419,385.3323313277993,5.0,543.161558201152,0.0,0.0,0.0,55084.2035719299,-63994.954595449475,-4.583580448525026e-16,0.0,0.0,-4.440892098500626e-16
no_feedback_null,once_through,1237.16918405557,12.795100476184126,19452.42187619625,87561.38277228056,1224.374083579386,1513333.3333333363,6812438.617227719,0.0,8038.444036203635,1513333.3333333363,6809999.999999999,0.0,227.0,0.35019344969707766,0.0,0.0,0.35,1.0,1.0,1.0,1.0,2.493984614753942,0.025793387147930055,0.025793387147930055,0.0,2.4681912276060123,0.0,0.0,2.4681912276060123,0.0,0.025793387147930055,0.0,4.501310085168809,547.5781238037491,384.60126674925004,5.0,545.0841391889952,0.0,0.0,0.0,55327.938985965,-64274.1016373933,-4.583580448525026e-16,0.0,5.442909896373749e-11,0.0
no_feedback_null,once_through,1241.5245580366075,12.769545446324013,19450.49416287803,87552.65716374094,1228.7550125902835,1520000.000000003,6842447.342836259,0.0,8073.855663947891,1520000.000000003,6839999.999999999,0.0,228.0,0.3514262830547116,0.0,0.0,0.35,1.0,1.0,1.0,1.0,2.502764526054836,0.02574187127433565,0.02574187127433565,0.0,2.4770226547805003,0.0,0.0,2.4770226547805003,0.0,0.02574187127433565,0.0,4.501307598181148,549.5058371219731,383.87158916933686,5.0,547.0030725959182,0.0,0.0,0.0,55571.6744000001,-64553.24867917266,0.0,0.0,5.442909896373749e-11,0.0
no_feedback_null,once_through,1245.8716688655938,12.744043754525078,19448.57010687794,87543.94811936766,1233.127625111069,1526666.6666666698,6872456.051880632,0.0,8109.267291527981,1526666.6666666698,6869999.999999999,0.0,229.0,0.35265677744225193,0.0,0.0,0.35,1.0,1.0,1.0,1.0,2.511527779832773,0.025690462923872014,0.025690462923872014,0.0,2.4858373169089014,0.0,0.0,2.4858373169089014,0.0,0.025690462923872014,0.0,4.501305115917388,551.4298931220588,383.14329595660274,5.0,548.918365342226,0.0,0.0,0.0,55815.40981403517,-64832.39572078783,-4.583580448525026e-16,0.0,0.0,-4.440892098500626e-16
no_feedback_null,once_through,1250.2105322196405,12.71859528117467,19446.649701257218,87535.25560769805,1237.491936938466,1533333.3333333365,6902464.744392302,0.0,8144.678918944216,1533333.3333333365,6899999.999999999,0.0,230.0,0.3538849372972662,0.0,0.0,0.35,1.0,1.0,1.0,1.0,2.5202744076909287,0.025639161855414393,0.025639161855414393,0.0,2.4946352458355148,0.0,0.0,2.4946352458355148,0.0,0.025639161855414393,0.0,4.501302638368548,553.3502987427852,382.4163844845824,5.0,550.8300243350942,0.0,0.0,0.0,56059.145228070265,-65111.54276223915,-4.583580448525026e-16,0.0,5.442909896373749e-11,-4.440892098500626e-16
no_feedback_null,once_through,1254.5411637461157,12.693199906956979,19444.732939090238,87526.57959732928,1241.8479638391586,1540000.0000000033,6932473.42040267,0.0,8180.090546196908,1540000.0000000033,6929999.999999999,0.0,231.0,0.35511076704890276,0.0,0.0,0.35,1.0,1.0,1.0,1.0,2.5290044411725194,0.025587967828436434,0.025587967828436434,0.0,2.503416473344083,0.0,0.0,2.503416473344083,0.0,0.025587967828436434,0.0,4.5013001655256675,555.2670609097663,381.6908521317945,5.0,552.7380564685938,0.0,0.0,0.0,56302.88064210537,-65390.68980352695,0.0,0.0,5.442909896373749e-11,0.0
no_feedback_null,once_through,1258.8635790627004,12.66785751285222,19442.819813464528,87517.92005691805,1246.195721549848,1546666.66666667,6962482.079943081,0.0,8215.502173286368,1546666.66666667,6959999.999999999,0.0,232.0,0.3563342711179067,0.0,0.0,0.35,1.0,1.0,1.0,1.0,2.5377179117609163,0.025536880603008533,0.025536880603008533,0.0,2.5121810311579074,0.0,0.0,2.5121810311579074,0.0,0.025536880603008533,0.0,4.5012976973797905,557.1801865354768,380.96669628173044,5.0,554.6424686237159,0.0,0.0,0.0,56546.61605614045,-65669.8368446515,4.583580448525026e-16,0.0,0.0,4.440892098500626e-16
no_feedback_null,once_through,1263.1777937574454,12.642567980135784,19440.910317480728,87509.27695518083,1250.5352257773097,1553333.3333333367,6992490.723044818,0.0,8250.913800212904,1553333.3333333367,6989999.999999999,0.0,233.0,0.357555453916636,0.0,0.0,0.35,1.0,1.0,1.0,1.0,2.546414850879759,0.025485899939796122,0.025485899939796122,0.0,2.520928950939963,0.0,0.0,2.520928950939963,0.0,0.025485899939796122,0.0,4.501295233921989,559.0896825192766,380.2439143228463,5.0,556.5432676683969,0.0,0.0,0.0,56790.351470175534,-65948.98388561311,0.0,0.0,0.0,0.0
no_feedback_null,once_through,1267.483823388828,12.617331190377428,19439.00444425257,87500.65026089345,1254.8664921984505,1560000.0000000035,7022499.349739105,0.0,8286.325426976828,1560000.0000000035,7019999.999999999,0.0,234.0,0.35877431984907737,0.0,0.0,0.35,1.0,1.0,1.0,1.0,2.55509528989307,0.02543502560005805,0.02543502560005805,0.0,2.529660264293012,0.0,0.0,2.529660264293012,0.0,0.02543502560005805,0.0,4.5012927751433445,560.9955557474364,379.52250364855263,5.0,558.4404604575433,0.0,0.0,0.0,57034.08688421062,-66228.13092641212,0.0,0.0,0.0,0.0
no_feedback_null,once_through,1271.7816834858065,12.592147025440468,19437.102186906843,87492.03994289124,1259.189536460366,1566666.6666666702,7052507.960057108,0.0,8321.737053578447,1566666.6666666702,7049999.999999999,0.0,235.0,0.35999087331086227,0.0,0.0,0.35,1.0,1.0,1.0,1.0,2.5637592601053676,0.02538425734564493,0.02538425734564493,0.0,2.5383750027597225,0.0,0.0,2.5383750027597225,0.0,0.02538425734564493,0.0,4.50129032103496,562.8978130931616,378.8024616572054,5.0,560.3340538330563,0.0,0.0,0.0,57277.822298245716,-66507.27796704884,0.0,0.0,0.0,0.0
no_feedback_null,once_through,1276.071389547878,12.567015367480947,19435.203538583388,87483.44597006871,1263.5043741803972,1573333.333333337,7082516.55402993,0.0,8357.14868001807,1573333.333333337,7079999.999999999,0.0,236.0,0.3612051186892824,0.0,0.0,0.35,1.0,1.0,1.0,1.0,2.572406792761776,0.02533359493899749,0.02533359493899749,0.0,2.547073197822779,0.0,0.0,2.547073197822779,0.0,0.02533359493899749,0.0,4.501287871587955,564.7964614166177,378.0837857520962,5.0,562.224054623856,0.0,0.0,0.0,57521.55771228081,-66786.42500752355,-4.583580448525026e-16,0.0,0.0,-4.440892098500626e-16
no_feedback_null,once_through,1280.3529570451333,12.541936098946813,19433.30849243505,87474.8683113796,1267.8110209461865,1580000.0000000037,7112525.131688619,0.0,8392.560306296005,1580000.0000000037,7109999.999999999,0.0,237.0,0.362417060363306,0.0,0.0,0.35,1.0,1.0,1.0,1.0,2.581037919048143,0.0252830381431449,0.0252830381431449,0.0,2.555754880904998,0.0,0.0,2.555754880904998,0.0,0.0252830381431449,0.0,4.501285426793466,566.691507564955,377.36647334144357,5.0,564.1104696459068,0.0,0.0,0.0,57765.29312631589,-67065.57204783657,0.0,0.0,0.0,0.0
no_feedback_null,once_through,1284.6264014183123,12.516909102577106,19431.417041627672,87466.30693583658,1272.1094923157352,1586666.6666666705,7142533.6930641625,0.0,8427.971932412558,1586666.6666666705,7139999.999999999,0.0,238.0,0.36362670270359315,0.0,0.0,0.35,1.0,1.0,1.0,1.0,2.589652670091147,0.025232586721703136,0.025232586721703136,0.0,2.564420083369444,0.0,0.0,2.564420083369444,0.0,0.025232586721703136,0.0,4.501282986642644,568.582958372333,376.65052183838304,5.0,565.9933057022419,0.0,0.0,0.0,58009.02854035098,-67344.71908798821,0.0,0.0,0.0,0.0
no_feedback_null,once_through,1288.891738078861,12.491934261401163,19429.529179340057,87457.76181251134,1276.39980381746,1593333.3333333372,7172542.238187488,0.0,8463.383558368036,1593333.3333333372,7169999.999999999,0.0,239.0,0.36483405007251196,0.0,0.0,0.35,1.0,1.0,1.0,1.0,2.598251076958414,0.025182240438873373,0.025182240438873373,0.0,2.573068836519541,0.0,0.0,2.573068836519541,0.0,0.025182240438873373,0.0,4.50128055112666,570.4708206599453,375.9359286609579,5.0,567.8725695829869,0.0,0.0,0.0,58252.76395438608,-67623.86612797879,-4.583580448525026e-16,0.0,0.0,0.0
no_feedback_null,once_through,1293.1489824089858,12.467011458737796,19427.64489876396,87449.2329105344,1280.6819709502481,1600000.000000004,7202550.767089465,0.0,8498.795184162745,1600000.000000004,7199999.999999999,0.0,240.0,0.3660391068241541,0.0,0.0,0.35,1.0,1.0,1.0,1.0,2.6068331706586263,0.025131999059440347,0.025131999059440347,0.0,2.5817011715991858,0.0,0.0,2.5817011715991858,0.0,0.025131999059440347,0.0,4.5012781202367025,572.3551012360441,375.2226912321105,5.0,569.7482680653854,0.0,0.0,0.0,58496.49936842116,-67903.01316780857,0.0,0.0,0.0,0.0
no_feedback_null,once_through,1297.3981497617099,12.442140578194484,19425.764193104038,87440.72019909485,1284.956009183515,1606666.6666666707,7232559.279800904,0.0,8534.206809796991,1606666.6666666707,7229999.999999999,0.0,241.0,0.36724187730435043,0.0,0.0,0.35,1.0,1.0,1.0,1.0,2.6153989821416355,0.025081862348770696,0.025081862348770696,0.0,2.5903171197928643,0.0,0.0,2.5903171197928643,0.0,0.025081862348770696,0.0,4.501275693963971,574.2358068959647,374.5108069796718,5.0,571.6204079138231,0.0,0.0,0.0,58740.234782456246,-68182.16020747791,4.583580448525026e-16,0.0,0.0,4.440892098500626e-16
no_feedback_null,once_through,1301.6392554609274,12.417321503666596,19423.887055577852,87432.22364744045,1289.2219339572607,1613333.3333333374,7262567.776352558,0.0,8569.61843527108,1613333.3333333374,7259999.999999999,0.0,242.0,0.36844236585068674,0.0,0.0,0.35,1.0,1.0,1.0,1.0,2.623948542298574,0.025031830072811415,0.025031830072811415,0.0,2.5989167122257624,0.0,0.0,2.5989167122257624,0.0,0.025031830072811415,0.0,4.501273272299687,576.1129444221502,373.8002733363535,5.0,573.4889958798517,0.0,0.0,0.0,58983.97019649135,-68461.3072469871,0.0,0.0,0.0,0.0
no_feedback_null,once_through,1305.8723148014606,12.39255411933655,19422.01347941583,87423.74322487749,1293.479760682124,1620000.0000000042,7292576.256775121,0.0,8605.030060585314,1620000.0000000042,7289999.999999999,0.0,243.0,0.36964057679251955,0.0,0.0,0.35,1.0,1.0,1.0,1.0,2.632481881961968,0.02498190199808816,0.02498190199808816,0.0,2.6074999799638796,0.0,0.0,2.6074999799638796,0.0,0.02498190199808816,0.0,4.501270855235087,577.9865205841758,373.0910877397373,5.0,575.3540387022138,0.0,0.0,0.0,59227.705610526435,-68740.45428633642,0.0,0.0,0.0,4.440892098500626e-16
no_feedback_null,once_through,1310.0973430491133,12.367838309673033,19420.143457861228,87415.27890077053,1297.72950473944,1626666.666666671,7322584.721099228,0.0,8640.441685739996,1626666.666666671,7319999.999999999,0.0,244.0,0.37083651445099153,0.0,0.0,0.35,1.0,1.0,1.0,1.0,2.6409990319058463,0.024932077891703673,0.024932077891703673,0.0,2.6160669540141424,0.0,0.0,2.6160669540141424,0.0,0.024932077891703673,0.0,4.501268442761427,579.8565421387731,372.3832476322667,5.0,577.2155431068672,0.0,0.0,0.0,59471.44102456153,-69019.6013255262,4.583580448525026e-16,0.0,-5.442909896373749e-11,4.440892098500626e-16
no_feedback_null,once_through,1314.3143554407266,12.34317395943022,19418.27698417015,87406.83064454242,1301.971181481296,1633333.3333333377,7352593.169355456,0.0,8675.85331073543,1633333.3333333377,7349999.999999999,0.0,245.0,0.37203018313904707,0.0,0.0,0.35,1.0,1.0,1.0,1.0,2.6495000228458516,0.02488235752133619,0.02488235752133619,0.0,2.624617665324515,0.0,0.0,2.624617665324515,0.0,0.02488235752133619,0.0,4.501266034869973,581.7230158298548,371.6767504612378,5.0,579.073515807009,0.0,0.0,0.0,59715.17643859662,-69298.74836455673,4.583580448525026e-16,0.0,-5.442909896373749e-11,4.440892098500626e-16
no_feedback_null,once_through,1318.523367184234,12.318560953646976,19416.414051611464,87398.39842567424,1306.2048062305867,1640000.0000000044,7382601.601574324,0.0,8711.26493557192,1640000.0000000044,7379999.999999999,0.0,246.0,0.3732215871614481,0.0,0.0,0.35,1.0,1.0,1.0,1.0,2.6579848854393537,0.024832740655237863,0.024832740655237863,0.0,2.633152144784115,0.0,0.0,2.633152144784115,0.0,0.024832740655237863,0.0,4.501263631552018,583.5859483885389,370.97159367878936,5.0,580.9279635030996,0.0,0.0,0.0,59958.9118526317,-69577.8954034283,9.167160897050052e-16,0.0,-5.442909896373749e-11,8.881784197001252e-16
no_feedback_null,once_through,1322.724393458716,12.293999177646029,19414.554653466832,87389.98221370493,1310.4303942810695,1646666.6666666712,7412610.017786292,0.0,8746.676560249767,1646666.6666666712,7409999.999999999,0.0,247.0,0.3744107308147892,0.0,0.0,0.35,1.0,1.0,1.0,1.0,2.666453650285556,0.024783227062233074,0.024783227062233074,0.0,2.641670423223322,0.0,0.0,2.641670423223322,0.0,0.024783227062233074,0.0,4.501261232798859,585.4453465331727,370.267774741894,5.0,582.7788928828871,0.0,0.0,0.0,60202.647266666805,-69857.04244214125,4.583580448525026e-16,0.0,-1.0885819792747498e-10,4.440892098500626e-16
no_feedback_null,once_through,1326.9174494144543,12.269488517033203,19412.69878303065,87381.58197823146,1314.6479608974207,1653333.333333338,7442618.4180217665,0.0,8782.088184769273,1653333.333333338,7439999.999999999,0.0,248.0,0.3755976183875134,0.0,0.0,0.35,1.0,1.0,1.0,1.0,2.6749063479256097,0.02473381651171689,0.02473381651171689,0.0,2.6501725314138924,0.0,0.0,2.6501725314138924,0.0,0.02473381651171689,0.0,4.501258838601818,587.3012169693573,369.56529111234937,5.0,584.6263106214317,0.0,0.0,0.0,60446.38268070189,-70136.18948069584,9.167160897050052e-16,0.0,-5.442909896373749e-11,4.440892098500626e-16
no_feedback_null,once_through,1331.1025501729875,12.245028857696667,19410.846433610037,87373.19768890856,1318.8575213152906,1660000.0000000047,7472626.80231109,0.0,8817.499809130735,1660000.0000000047,7469999.999999999,0.0,249.0,0.3767822541599275,0.0,0.0,0.35,1.0,1.0,1.0,1.0,2.683343008842722,0.024684508773653555,0.024684508773653555,0.0,2.658658500069068,0.0,0.0,2.658658500069068,0.0,0.024684508773653555,0.0,4.50125644895223,589.1535663899717,368.86414025676845,5.0,586.470223381129,0.0,0.0,0.0,60690.11809473697,-70415.33651909238,4.583580448525026e-16,0.0,-5.442909896373749e-11,4.440892098500626e-16
no_feedback_null,once_through,1335.2797108271657,12.220620085806127,19408.99759852481,87364.8293154488,1323.0590907413593,1666666.6666666714,7502635.170684549,0.0,8852.911433334457,1666666.6666666714,7499999.999999999,0.0,250.0,0.37796464240421784,0.0,0.0,0.35,1.0,1.0,1.0,1.0,2.6917636634622664,0.024635303618574852,0.024635303618574852,0.0,2.6671283598436912,0.0,0.0,2.6671283598436912,0.0,0.024635303618574852,0.0,4.501254063841453,591.0024014751972,368.16431964657073,5.0,588.310637811735,0.0,0.0,0.0,60933.85350877207,-70694.4835573312,4.583580448525026e-16,0.0,-5.442909896373749e-11,4.440892098500626e-16
no_feedback_null,once_through,1339.4489464412036,12.196262087812013,19407.15227110747,87356.47682762213,1327.2526843533913,1673333.3333333381,7532643.523172376,0.0,8888.323057380738,1673333.3333333381,7529999.999999999,0.0,251.0,0.3791447873844651,0.0,0.0,0.35,1.0,1.0,1.0,1.0,2.700168342151893,0.02458620081757848,0.02458620081757848,0.0,2.6755821413343144,0.0,0.0,2.6755821413343144,0.0,0.02458620081757848,0.0,4.5012516832608505,592.847728892541,367.4658267579729,5.0,590.1475605503891,0.0,0.0,0.0,61177.58892280716,-70973.63059541257,4.583580448525026e-16,0.0,-5.442909896373749e-11,4.440892098500626e-16
no_feedback_null,once_through,1343.6102720507354,12.171954750444739,19405.310444703147,87348.14019525616,1331.4383173002905,1680000.000000005,7562651.859804742,0.0,8923.734681269876,1680000.000000005,7559999.999999999,0.0,252.0,0.3803226933566602,0.0,0.0,0.35,1.0,1.0,1.0,1.0,2.7085570752216364,0.024537200142326538,0.024537200142326538,0.0,2.684019875079309,0.0,0.0,2.684019875079309,0.0,0.024537200142326538,0.0,4.501249307201814,594.6895552968605,366.76865907198,5.0,591.9809982216389,0.0,0.0,0.0,61421.32433684223,-71252.77763333678,4.583580448525026e-16,0.0,-5.442909896373749e-11,4.440892098500626e-16
no_feedback_null,once_through,1347.76370266287,12.147697960713916,19403.472112669624,87339.81938823579,1335.6160047021558,1686666.6666666716,7592660.180611762,0.0,8959.14630500217,1686666.6666666716,7589999.999999999,0.0,253.0,0.38149836456871933,0.0,0.0,0.35,1.0,1.0,1.0,1.0,2.716929892924026,0.024488301365043968,0.024488301365043968,0.0,2.6924415915589814,0.0,0.0,2.6924415915589814,0.0,0.024488301365043968,0.0,4.501246935655741,596.5278873303873,366.0728140743761,5.0,593.8109574374633,0.0,0.0,0.0,61665.059750877335,-71531.92467110418,4.583580448525026e-16,0.0,-5.442909896373749e-11,8.881784197001252e-16
no_feedback_null,once_through,1351.9092532562438,12.12349160590757,19401.637268377257,87331.51437650318,1339.7857616503359,1693333.3333333384,7622668.485623495,0.0,8994.557928577919,1693333.3333333384,7619999.999999999,0.0,254.0,0.3826718052604996,0.0,0.0,0.35,1.0,1.0,1.0,1.0,2.7252868254541966,0.02443950425851695,0.02443950425851695,0.0,2.700847321195679,0.0,0.0,2.700847321195679,0.0,0.02443950425851695,0.0,4.501244568614056,598.3627316227515,365.3782892557151,5.0,595.6374447972973,0.0,0.0,0.0,61908.79516491242,-71811.07170871501,9.167160897050052e-16,0.0,-5.442909896373749e-11,8.881784197001252e-16
no_feedback_null,once_through,1356.0469387810756,12.099335573591393,19399.805905209007,87323.22513005766,1343.9476032074836,1700000.0000000051,7652676.77486994,0.0,9029.969551997418,1700000.0000000051,7649999.999999999,0.0,255.0,0.3838430196638139,0.0,0.0,0.35,1.0,1.0,1.0,1.0,2.7336279029499946,0.024390808596091416,0.024390808596091416,0.0,2.709237094353902,0.0,0.0,2.709237094353902,0.0,0.024390808596091416,0.0,4.501242206068189,600.1940947910048,364.6850821113124,5.0,597.4604668880547,0.0,0.0,0.0,62152.53057894752,-72090.2187461696,1.375074134557508e-15,0.0,-5.442909896373749e-11,1.3322676295501878e-15
no_feedback_null,once_through,1360.1767741592198,12.075229751607942,19397.978016560366,87314.95161895562,1348.101544407611,1706666.6666666719,7682685.048381042,0.0,9065.381175260965,1706666.6666666719,7679999.999999999,0.0,256.0,0.38501201200244656,0.0,0.0,0.35,1.0,1.0,1.0,1.0,2.7419531554920877,0.024342214151671416,0.024342214151671416,0.0,2.7176109413404146,0.0,0.0,2.7176109413404146,0.0,0.024342214151671416,0.0,4.501239848009593,602.0219834396449,363.99319014123506,5.0,599.2800302841529,0.0,0.0,0.0,62396.26599298261,-72369.36578346825,1.375074134557508e-15,0.0,-1.0885819792747498e-10,1.7763568394002505e-15
no_feedback_null,once_through,1364.2987742842206,12.051174028075897,19396.153595839372,87306.69381331031,1352.2476002561439,1713333.3333333386,7712693.306186687,0.0,9100.792798368857,1713333.3333333386,7709999.999999999,0.0,257.0,0.3861787864921682,0.0,0.0,0.35,1.0,1.0,1.0,1.0,2.7502626131040744,0.024293720699717636,0.024293720699717636,0.0,2.7259688924043552,0.0,0.0,2.7259688924043552,0.0,0.024293720699717636,0.0,4.501237494429735,603.8464041606394,363.3026108502931,5.0,601.0961415475354,0.0,0.0,0.0,62640.001407017684,-72648.51282061121,1.8334321794100104e-15,0.0,-1.0885819792747498e-10,1.3322676295501878e-15
no_feedback_null,once_through,1368.4129540213662,12.027168291389296,19394.332636466566,87298.45168329192,1356.385785729976,1720000.0000000054,7742701.548316706,0.0,9136.204421321389,1720000.0000000054,7739999.999999999,0.0,258.0,0.3873433473407515,0.0,0.0,0.35,1.0,1.0,1.0,1.0,2.7585563057525917,0.024245328015245853,0.024245328015245853,0.0,2.7343109777373438,0.0,0.0,2.7343109777373438,0.0,0.024245328015245853,0.0,4.5012351453200985,605.6673635334492,362.6133417480304,5.0,602.9088072276967,0.0,0.0,0.0,62883.73682105279,-72927.65985759886,1.8334321794100104e-15,0.0,-5.442909896373749e-11,2.220446049250313e-15
no_feedback_null,once_through,1372.5193282077414,12.003212430216758,19392.51513187496,87290.22519912735,1360.516115777524,1726666.666666672,7772709.774800871,0.0,9171.616044118855,1726666.666666672,7769999.999999999,0.0,259.0,0.3885056987479857,0.0,0.0,0.35,1.0,1.0,1.0,1.0,2.7668342633474214,0.024197035873825355,0.024197035873825355,0.0,2.742637227473595,0.0,0.0,2.742637227473595,0.0,0.024197035873825355,0.0,4.50123280067219,607.4848681250529,361.92538034871603,5.0,604.7180338617055,0.0,0.0,0.0,63127.47223508787,-73206.8068944314,1.375074134557508e-15,0.0,-5.442909896373749e-11,1.3322676295501878e-15
no_feedback_null,once_through,1376.617911652282,11.979306333500718,19390.701075510042,87282.0143311,1364.6386053187807,1733333.3333333388,7802717.985668898,0.0,9207.02766676155,1733333.3333333388,7799999.999999999,0.0,260.0,0.38966584490569217,0.0,0.0,0.35,1.0,1.0,1.0,1.0,2.775096515741602,0.024148844051577426,0.024148844051577426,0.0,2.7509476716900236,0.0,0.0,2.7509476716900236,0.0,0.024148844051577426,0.0,4.50123046047752,609.2989244899694,361.23872417133487,5.0,606.5238279742279,0.0,0.0,0.0,63371.20764912296,-73485.95393110918,9.167160897050052e-16,0.0,-1.0885819792747498e-10,8.881784197001252e-16
no_feedback_null,once_through,1380.7087191358276,11.9554498904567,19388.89046082973,87273.81904954983,1368.7532692453701,1740000.0000000056,7832726.180950447,0.0,9242.43928924977,1740000.0000000056,7829999.999999999,0.0,261.0,0.3908237899977396,0.0,0.0,0.35,1.0,1.0,1.0,1.0,2.7833430927315317,0.02410075232517385,0.02410075232517385,0.0,2.7592423404063564,0.0,0.0,2.7592423404063564,0.0,0.02410075232517385,0.0,4.501228124727619,611.1095391702827,360.5533707395791,5.0,608.3261960775511,0.0,0.0,0.0,63614.943063158054,-73765.10096763249,1.375074134557508e-15,0.0,-1.0885819792747498e-10,1.3322676295501878e-15
no_feedback_null,once_through,1384.7917654111752,11.931642990572541,19387.08328130435,87265.63932487325,1372.860122420602,1746666.6666666723,7862734.360675124,0.0,9277.850911583808,1746666.6666666723,7859999.999999999,0.0,262.0,0.3919795382000587,0.0,0.0,0.35,1.0,1.0,1.0,1.0,2.7915740240570797,0.024052760471835372,0.024052760471835372,0.0,2.767521263585243,0.0,0.0,2.767521263585243,0.0,0.024052760471835372,0.0,4.501225793414041,612.9167186956647,359.8693175818387,5.0,610.1251446716076,0.0,0.0,0.0,63858.67847719315,-74044.24800400162,1.375074134557508e-15,0.0,-5.442909896373749e-11,1.3322676295501878e-15
no_feedback_null,once_through,1388.8670652031321,11.907885523607648,19385.279530416617,87257.47512752292,1376.959179679524,1753333.333333339,7892742.524872474,0.0,9313.262533763953,1753333.333333339,7889999.999999999,0.0,263.0,0.39313309368065746,0.0,0.0,0.35,1.0,1.0,1.0,1.0,2.79978933940169,0.024004868269330185,0.024004868269330185,0.0,2.7757844711323583,0.0,0.0,2.7757844711323583,0.0,0.024004868269330185,0.0,4.501223466528349,614.7204695833989,359.18656223119325,5.0,611.9206802439971,0.0,0.0,0.0,64102.41389122823,-74323.39504021686,1.375074134557508e-15,0.0,-1.0885819792747498e-10,1.3322676295501878e-15
no_feedback_null,once_through,1392.9346332085695,11.884177379592215,19383.47920166161,87249.32642800761,1381.0504558289767,1760000.0000000058,7922750.67357199,0.0,9348.6741557905,1760000.0000000058,7919999.999999999,0.0,264.0,0.39428446059963623,0.0,0.0,0.35,1.0,1.0,1.0,1.0,2.807989068392491,0.02395707549597235,0.02395707549597235,0.0,2.7840319928965176,0.0,0.0,2.7840319928965176,0.0,0.02395707549597235,0.0,4.501221144062122,616.520798338404,358.5051022254023,5.0,613.7128092700115,0.0,0.0,0.0,64346.14930526332,-74602.54207627849,9.167160897050052e-16,0.0,-1.0885819792747498e-10,8.881784197001252e-16
no_feedback_null,once_through,1396.9944840964754,11.860518448826534,19381.682288546755,87241.19319689226,1385.1339656476482,1766666.6666666726,7952758.806803105,0.0,9384.085777663742,1766666.6666666726,7949999.999999999,0.0,265.0,0.39543364310920287,0.0,0.0,0.35,1.0,1.0,1.0,1.0,2.8161732406004027,0.023909381930620432,0.023909381930620432,0.0,2.7922638586697808,0.0,0.0,2.7922638586697808,0.0,0.023909381930620432,0.0,4.501218826006957,618.3177114532579,357.824935106897,5.0,615.5015382126575,0.0,0.0,0.0,64589.8847192984,-74881.68911218681,1.375074134557508e-15,0.0,-1.0885819792747498e-10,1.3322676295501878e-15
no_feedback_null,once_through,1401.0466325080067,11.836908621880196,19379.888784591793,87233.07540479772,1389.209723886126,1773333.3333333393,7982766.9245951995,0.0,9419.49739938397,1773333.3333333393,7979999.999999999,0.0,266.0,0.3965806453536873,0.0,0.0,0.35,1.0,1.0,1.0,1.0,2.8243418855402402,0.02386178735267585,0.02386178735267585,0.0,2.8004800981875637,0.0,0.0,2.8004800981875637,0.0,0.02386178735267585,0.0,4.501216512354468,620.1112154082198,357.1460584227711,5.0,617.2868735226796,0.0,0.0,0.0,64833.620133333505,-75160.83614794214,9.167160897050052e-16,0.0,-1.0885819792747498e-10,8.881784197001252e-16
no_feedback_null,once_through,1405.0910930565435,11.813347789591386,19378.098683328757,87224.97302240084,1393.2777452669516,1780000.000000006,8012775.026977597,0.0,9454.909020951472,1780000.000000006,8009999.999999999,0.0,267.0,0.39772547146955683,0.0,0.0,0.35,1.0,1.0,1.0,1.0,2.832495032670825,0.02381429154208148,0.02381429154208148,0.0,2.808680741128742,0.0,0.0,2.808680741128742,0.0,0.02381429154208148,0.0,4.501214203096286,621.901316671255,356.4684697247719,5.0,619.0688216385842,0.0,0.0,0.0,65077.3555473686,-75439.98318354474,9.167160897050052e-16,0.0,-1.0885819792747498e-10,1.3322676295501878e-15
no_feedback_null,once_through,1409.1278803277403,11.789835843066111,19376.311978301954,87216.88602043405,1397.3380444846734,1786666.6666666728,8042783.113979563,0.0,9490.32064236654,1786666.6666666728,8039999.999999999,0.0,268.0,0.39886812558543094,0.0,0.0,0.35,1.0,1.0,1.0,1.0,2.840632711395085,0.02376689427932011,0.02376689427932011,0.0,2.8168658171157634,0.0,0.0,2.8168658171157634,0.0,0.02376689427932011,0.0,4.501211898224056,623.6880216980571,355.79216656929196,5.0,620.847388986662,0.0,0.0,0.0,65321.09096140368,-75719.13021899489,1.375074134557508e-15,0.0,-1.0885819792747498e-10,1.3322676295501878e-15
no_feedback_null,once_through,1413.157008879579,11.766372673677479,19374.52866306794,87208.81436968544,1401.390636205901,1793333.3333333395,8072791.185630312,0.0,9525.732263629463,1793333.3333333395,8069999.999999999,0.0,269.0,0.4000086118220959,0.0,0.0,0.35,1.0,1.0,1.0,1.0,2.8487549510601657,0.023719595345412955,0.023719595345412955,0.0,2.8250353557147516,0.0,0.0,2.8250353557147516,0.0,0.023719595345412955,0.0,4.501209597729434,625.471336932072,355.11714651735963,5.0,622.6225819810118,0.0,0.0,0.0,65564.82637543877,-75998.27725429292,9.167160897050052e-16,0.0,-1.0885819792747498e-10,1.3322676295501878e-15
no_feedback_null,once_through,1417.1784932424225,11.742958173064952,19372.74873119549,87200.75804099873,1405.435535069357,1800000.0000000063,8102799.241958999,0.0,9561.14388474053,1800000.0000000063,8099999.999999999,0.0,270.0,0.40114693429252024,0.0,0.0,0.35,1.0,1.0,1.0,1.0,2.8568617809575345,0.023672394521918175,0.023672394521918175,0.0,2.833189386435615,0.0,0.0,2.833189386435615,0.0,0.023672394521918175,0.0,4.501207301604102,627.2512688045207,354.4434071346307,5.0,624.3944070235632,0.0,0.0,0.0,65808.56178947387,-76277.42428943908,9.167160897050052e-16,0.0,-5.442909896373749e-11,1.3322676295501878e-15
no_feedback_null,once_through,1421.192347919066,11.719592233133627,19370.972176265586,87192.717005273,1409.4727556859316,1806666.666666673,8132807.282994725,0.0,9596.55550570003,1806666.666666673,8129999.999999999,0.0,271.0,0.40228309710186916,0.0,0.0,0.35,1.0,1.0,1.0,1.0,2.8649532303230862,0.023625291590929413,0.023625291590929413,0.0,2.8413279387321557,0.0,0.0,2.8413279387321557,0.0,0.023625291590929413,0.0,4.501205009839747,629.0278237344231,353.7709459913792,5.0,626.1628705041,0.0,0.0,0.0,66052.29720350896,-76556.57132443367,1.375074134557508e-15,0.0,-5.442909896373749e-11,8.881784197001252e-16
no_feedback_null,once_through,1425.1985873847887,11.696274746053486,19369.198991871388,87184.69123346276,1413.5023126387346,1813333.3333333398,8162815.3087665355,0.0,9631.967126508247,1813333.3333333398,8159999.999999999,0.0,272.0,0.40341710434751926,0.0,0.0,0.35,1.0,1.0,1.0,1.0,2.8730293283372474,0.0235782863350743,0.0235782863350743,0.0,2.849451042002172,0.0,0.0,2.849451042002172,0.0,0.0235782863350743,0.0,4.501202722428082,630.8010081286203,353.0997606624894,5.0,627.9279788002831,0.0,0.0,0.0,66296.03261754404,-76835.71835927696,1.375074134557508e-15,0.0,-5.442909896373749e-11,8.881784197001252e-16
no_feedback_null,once_through,1429.1972260874077,11.673005604258693,19367.42917161821,87176.68069657765,1417.5242204831486,1820000.0000000065,8192823.31930342,0.0,9667.378747165476,1820000.0000000065,8189999.999999999,0.0,273.0,0.40454896011907354,0.0,0.0,0.35,1.0,1.0,1.0,1.0,2.881090104125083,0.023531378537513012,0.023531378537513012,0.0,2.857558725587569,0.0,0.0,2.857558725587569,0.0,0.023531378537513012,0.0,4.50120043936083,632.5708283817983,352.4298487274461,5.0,629.6897382776732,0.0,0.0,0.0,66539.76803157915,-77114.8653939693,9.167160897050052e-16,0.0,-5.442909896373749e-11,8.881784197001252e-16
no_feedback_null,once_through,1433.1882784473294,11.649784700446832,19365.6627091235,87168.68536568247,1421.538493746882,1826666.6666666733,8222831.314634317,0.0,9702.790367671998,1826666.6666666733,8219999.999999999,0.0,274.0,0.4056786684983762,0.0,0.0,0.35,1.0,1.0,1.0,1.0,2.889135586756402,0.023484567981936755,0.023484567981936755,0.0,2.8656510187744644,0.0,0.0,2.8656510187744644,0.0,0.023484567981936755,0.0,4.501198160629731,634.3372908765109,351.76120777032656,5.0,631.4481552897545,0.0,0.0,0.0,66783.50344561422,-77394.01242851089,9.167160897050052e-16,0.0,0.0,8.881784197001252e-16
no_feedback_null,once_through,1437.1717588576007,11.626611927578196,19363.899598016807,87160.705211897,1425.545146930022,1833333.33333334,8252839.294788102,0.0,9738.2019880281,1833333.33333334,8249999.999999999,0.0,275.0,0.4068062335595271,0.0,0.0,0.35,1.0,1.0,1.0,1.0,2.89716580524586,0.023437854452566333,0.023437854452566333,0.0,2.8737279507932922,0.0,0.0,2.8737279507932922,0.0,0.023437854452566333,0.0,4.50119588622654,636.1004019832029,351.0938353797918,5.0,633.203236177957,0.0,0.0,0.0,67027.23885964933,-77673.1594629021,1.375074134557508e-15,0.0,0.0,1.3322676295501878e-15
no_feedback_null,once_through,1441.1476816839618,11.603487178875083,19362.139831939778,87152.74020639596,1429.5441945050861,1840000.0000000068,8282847.259793603,0.0,9773.613608234069,1840000.0000000068,8279999.999999999,0.0,276.0,0.40793165936889664,0.0,0.0,0.35,1.0,1.0,1.0,1.0,2.9051807885530647,0.0233912377341507,0.0233912377341507,0.0,2.8817895508189126,0.0,0.0,2.8817895508189126,0.0,0.0233912377341507,0.0,4.501193616143028,637.8601680602324,350.42772914907744,5.0,634.9549872716793,0.0,0.0,0.0,67270.9742736844,-77952.30649714314,9.167160897050052e-16,0.0,0.0,1.3322676295501878e-15
no_feedback_null,once_through,1445.116061264898,11.58041034782105,19360.383404546115,87144.79032040891,1433.5356509170763,1846666.6666666735,8312855.209679591,0.0,9809.02522829019,1846666.6666666735,8309999.999999999,0.0,277.0,0.40905494998514036,0.0,0.0,0.35,1.0,1.0,1.0,1.0,2.9131805655826826,0.023344717611965497,0.023344717611965497,0.0,2.8898358479707156,0.0,0.0,2.8898358479707156,0.0,0.023344717611965497,0.0,4.501191350370983,639.6165954538948,349.7628866759853,5.0,636.7034148883121,0.0,0.0,0.0,67514.7096877195,-78231.45353123437,1.375074134557508e-15,0.0,5.442909896373749e-11,1.3322676295501878e-15
no_feedback_null,once_through,1449.0769119116906,11.5573813281602,19358.630309501565,87136.85552522005,1437.51953058353,1853333.3333333402,8342863.144474778,0.0,9844.436848196747,1853333.3333333402,8339999.999999999,0.0,278.0,0.41017610945921346,0.0,0.0,0.35,1.0,1.0,1.0,1.0,2.9211651651845387,0.023298293871811582,0.023298293871811582,0.0,2.8978668713127265,0.0,0.0,2.8978668713127265,0.0,0.023298293871811582,0.0,4.501189088902209,641.3696904984446,349.09930556287486,5.0,638.44852533326,0.0,0.0,0.0,67758.44510175458,-78510.60056517599,9.167160897050052e-16,0.0,-5.442909896373749e-11,8.881784197001252e-16
no_feedback_null,once_through,1453.03024790847,11.534400013896468,19356.880540483893,87128.93579216814,1441.495847894573,1860000.000000007,8372871.064207831,0.0,9879.848467954022,1860000.000000007,8369999.999999999,0.0,279.0,0.41129514183438587,0.0,0.0,0.35,1.0,1.0,1.0,1.0,2.9291346161537266,0.02325196630001361,0.02325196630001361,0.0,2.9058826498537114,0.0,0.0,2.9058826498537114,0.0,0.02325196630001361,0.0,4.50118683172852,643.1194595161193,348.43698341665447,5.0,640.1903248999655,0.0,0.0,0.0,68002.18051578967,-78789.74759896837,1.375074134557508e-15,0.0,5.442909896373749e-11,1.7763568394002505e-15
no_feedback_null,once_through,1456.9760835122656,11.511466299292929,19355.13409118285,87121.03109264659,1445.4646172129721,1866666.6666666737,8402878.968907353,0.0,9915.260087562301,1866666.6666666737,8399999.999999998,0.0,280.0,0.41241205114625623,0.0,0.0,0.35,1.0,1.0,1.0,1.0,2.937088947230706,0.023205734683418626,0.023205734683418626,0.0,2.913883212547286,0.0,0.0,2.913883212547286,0.0,0.023205734683418626,0.0,4.501184578841756,644.8659088171612,347.7759178487725,5.0,641.9288198699305,0.0,0.0,0.0,68245.91592982475,-79068.89463261173,9.167160897050052e-16,0.0,1.0885819792747498e-10,1.3322676295501878e-15
no_feedback_null,once_through,1460.9144329530577,11.48858007887103,19353.390955300172,87113.14139810306,1449.4258528741864,1873333.3333333405,8432886.858601896,0.0,9950.671707021867,1873333.3333333405,8429999.999999998,0.0,281.0,0.4135268414227667,0.0,0.0,0.35,1.0,1.0,1.0,1.0,2.9450281871014097,0.02315959880939453,0.02315959880939453,0.0,2.9218685882920146,0.0,0.0,2.9218685882920146,0.0,0.02315959880939453,0.0,4.501182330233763,646.6090446998406,347.11610647520945,5.0,643.6640165127392,0.0,0.0,0.0,68489.65134385986,-79348.04166610641,4.583580448525026e-16,0.0,1.0885819792747498e-10,4.440892098500626e-16
no_feedback_null,once_through,1464.84531043383,11.46574124740993,19351.651126549536,87105.2666800395,1453.3795691864198,1880000.0000000072,8462894.73331996,0.0,9986.083326333004,1880000.0000000072,8459999.999999998,0.0,282.0,0.4146395166842177,0.0,0.0,0.35,1.0,1.0,1.0,1.0,2.952952364397349,0.02311355846582873,0.02311355846582873,0.0,2.9298388059315195,0.0,0.0,2.9298388059315195,0.0,0.02311355846582873,0.0,4.501180085896404,648.348873450479,346.45754691646823,5.0,645.3959210860817,0.0,0.0,0.0,68733.38675789493,-79627.1886994526,9.167160897050052e-16,0.0,1.0885819792747498e-10,8.881784197001252e-16
no_feedback_null,once_through,1468.7687301306191,11.44294969994579,19349.91459865654,87097.40691001205,1457.325780430673,1886666.666666674,8492902.593089988,0.0,10021.49494549599,1886666.666666674,8489999.999999998,0.0,283.0,0.4157500809432822,0.0,0.0,0.35,1.0,1.0,1.0,1.0,2.960861507695712,0.02306761344112672,0.02306761344112672,0.0,2.9377938942545847,0.0,0.0,2.9377938942545847,0.0,0.02306761344112672,0.0,4.501177845821562,650.0854013434708,345.8002367975667,5.0,647.1245398357751,0.0,0.0,0.0,68977.12217193002,-79906.33573265068,9.167160897050052e-16,0.0,1.0885819792747498e-10,8.881784197001252e-16
no_feedback_null,once_through,1472.6847061925666,11.420205331771049,19348.181365358705,87089.56205963106,1461.2645008607951,1893333.3333333407,8522910.437940368,0.0,10056.90656451111,1893333.3333333407,8519999.999999998,0.0,284.0,0.41685853820501995,0.0,0.0,0.35,1.0,1.0,1.0,1.0,2.968755645519471,0.02302176352421062,0.02302176352421062,0.0,2.9457338819952597,0.0,0.0,2.9457338819952597,0.0,0.02302176352421062,0.0,4.501175610001135,651.8186346413067,345.14417374802827,5.0,648.8498789957873,0.0,0.0,0.0,69220.85758596512,-80185.4827657009,9.167160897050052e-16,0.0,1.0885819792747498e-10,8.881784197001252e-16
no_feedback_null,once_through,1476.5932527419695,11.397508038433717,19346.451420405418,87081.73210056068,1465.1957447035354,1900000.0000000075,8552918.26789944,0.0,10092.318183378642,1900000.0000000075,8549999.999999998,0.0,285.0,0.4179648924668923,0.0,0.0,0.35,1.0,1.0,1.0,1.0,2.9766348063374815,0.02297600850451776,0.02297600850451776,0.0,2.9536587978329627,0.0,0.0,2.9536587978329627,0.0,0.02297600850451776,0.0,4.501173378427031,653.5485795945958,344.4893554018741,5.0,650.5719447882583,0.0,0.0,0.0,69464.59300000021,-80464.62979860352,9.167160897050052e-16,0.0,2.1771639585494996e-10,8.881784197001252e-16
no_feedback_null,once_through,1480.4943838743322,11.374857715736695,19344.724757557924,87073.91700451897,1469.1195261585951,1906666.6666666742,8582926.08299548,0.0,10127.72980209887,1906666.6666666742,8579999.999999998,0.0,286.0,0.41906914771877657,0.0,0.0,0.35,1.0,1.0,1.0,1.0,2.9844990185645885,0.022930348171999286,0.022930348171999286,0.0,2.9615686703925883,0.0,0.0,2.9615686703925883,0.0,0.022930348171999286,0.0,4.501171151091175,655.2752424420885,343.83577939761363,5.0,652.2907434235238,0.0,0.0,0.0,69708.32841403528,-80743.77683135882,9.167160897050052e-16,0.0,0.0,8.881784197001252e-16
no_feedback_null,once_through,1484.3881136584164,11.352254259737046,19343.001370589314,87066.11674327787,1473.035859398679,1913333.333333341,8612933.883256722,0.0,10163.14142067207,1913333.333333341,8609999.999999998,0.0,287.0,0.42017130794298035,0.0,0.0,0.35,1.0,1.0,1.0,1.0,2.992348310561728,0.022884782317118716,0.022884782317118716,0.0,2.9694635282446087,0.0,0.0,2.9694635282446087,0.0,0.022884782317118716,0.0,4.501168927985516,656.9986294106988,343.18344337823714,5.0,654.006281100137,0.0,0.0,0.0,69952.06382807039,-81022.92386396712,9.167160897050052e-16,0.0,1.0885819792747498e-10,8.881784197001252e-16
no_feedback_null,once_through,1488.2744561362922,11.329697566745349,19341.281253284487,87058.33128866287,1476.9447585695461,1920000.0000000077,8642941.668711336,0.0,10198.55303909852,1920000.0000000077,8639999.999999998,0.0,288.0,0.4212713771142559,0.0,0.0,0.35,1.0,1.0,1.0,1.0,3.0001827106360284,0.02283931073085061,0.02283931073085061,0.0,2.9773433999051764,0.0,0.0,2.9773433999051764,0.0,0.02283931073085061,0.0,4.501166709102007,658.7187467155269,342.53234499120623,5.0,655.7185640048908,0.0,0.0,0.0,70195.79924210548,-81302.07089642868,1.375074134557508e-15,0.0,1.0885819792747498e-10,1.3322676295501878e-15
no_feedback_null,once_through,1492.153425323388,11.30718753332494,19339.564399440133,87050.56061255308,1480.8462377900626,1926666.6666666744,8672949.439387446,0.0,10233.964657378505,1926666.6666666744,8669999.999999998,0.0,289.0,0.42236935919981416,0.0,0.0,0.35,1.0,1.0,1.0,1.0,3.0080022470409116,0.022793933204679078,0.022793933204679078,0.0,2.985208313836231,0.0,0.0,2.985208313836231,0.0,0.022793933204679078,0.0,4.501164494432622,660.4356005598812,341.88248188844614,5.0,657.4275983128402,0.0,0.0,0.0,70439.53465614056,-81581.21792874373,1.375074134557508e-15,0.0,1.0885819792747498e-10,1.7763568394002505e-15
no_feedback_null,once_through,1496.0250352085427,11.284724056291273,19337.850802864712,87042.80468688105,1484.740311152251,1933333.3333333412,8702957.19531312,0.0,10269.376275512295,1933333.3333333412,8699999.999999998,0.0,290.0,0.4234652581593397,0.0,0.0,0.35,1.0,1.0,1.0,1.0,3.0158069479761966,0.022748649530596448,0.022748649530596448,0.0,2.9930582984455993,0.0,0.0,2.9930582984455993,0.0,0.022748649530596448,0.0,4.501162283969349,662.1491971353014,341.23385172633675,5.0,659.1333901873252,0.0,0.0,0.0,70683.27007017565,-81860.36496091262,9.167160897050052e-16,0.0,2.1771639585494996e-10,8.881784197001252e-16
no_feedback_null,once_through,1499.8892997540545,11.262307032711202,19336.14045737843,87035.06348363264,1488.6269927213427,1940000.000000008,8732964.936516367,0.0,10304.787893500175,1940000.000000008,8729999.999999998,0.0,291.0,0.42455907794500464,0.0,0.0,0.35,1.0,1.0,1.0,1.0,3.023596841588203,0.022703459501101857,0.022703459501101857,0.0,3.0008933820871,0.0,0.0,3.0008933820871,0.0,0.022703459501101857,0.0,4.50116007770419,663.8595426215802,340.58645216570443,5.0,660.835945779992,0.0,0.0,0.0,70927.00548421075,-82139.5119929356,9.167160897050052e-16,0.0,1.0885819792747498e-10,8.881784197001252e-16
no_feedback_null,once_through,1503.746232895732,11.239936359902297,19334.433356813228,87027.3369748471,1492.5062965358293,1946666.6666666747,8762972.663025154,0.0,10340.199511342418,1946666.6666666747,8759999.999999998,0.0,292.0,0.4256508225014827,0.0,0.0,0.35,1.0,1.0,1.0,1.0,3.0313719559698478,0.02265836290919984,0.02265836290919984,0.0,3.0087135930606475,0.0,0.0,3.0087135930606475,0.0,0.02265836290919984,0.0,4.501157875629166,665.5666431867858,339.9402808718135,5.0,662.535271230816,0.0,0.0,0.0,71170.74089824586,-82418.65902481295,9.167160897050052e-16,0.0,1.0885819792747498e-10,4.440892098500626e-16
no_feedback_null,once_through,1507.5958485429442,11.217611935432162,19332.72949501273,87019.62513261674,1496.3782366075118,1953333.3333333414,8792980.374867383,0.0,10375.611129039302,1953333.3333333414,8789999.999999998,0.0,293.0,0.4267404957659636,0.0,0.0,0.35,1.0,1.0,1.0,1.0,3.03913231916075,0.022613359548398985,0.022613359548398985,0.0,3.0165189596123505,0.0,0.0,3.0165189596123505,0.0,0.022613359548398985,0.0,4.501155677736309,667.2705049872842,339.2953355143578,5.0,664.2313726681234,0.0,0.0,0.0,71414.47631228094,-82697.80605654491,4.583580448525026e-16,0.0,1.0885819792747498e-10,8.881784197001252e-16
no_feedback_null,once_through,1511.4381605786714,11.19533365711775,19331.028865832253,87011.92792908696,1500.2428269215536,1960000.0000000081,8822988.072070913,0.0,10411.022746591103,1960000.0000000081,8819999.999999998,0.0,294.0,0.42782810166816776,0.0,0.0,0.35,1.0,1.0,1.0,1.0,3.0468779591473316,0.022568449212710527,0.022568449212710527,0.0,3.0243095099346213,0.0,0.0,3.0243095099346213,0.0,0.022568449212710527,0.0,4.501153484017668,668.9711341677614,338.65161376745226,5.0,665.9242562086141,0.0,0.0,0.0,71658.21172631603,-82976.9530881318,0.0,0.0,1.0885819792747498e-10,-4.440892098500626e-16
no_feedback_null,once_through,1515.273182859554,11.173101423024676,19329.33146313877,87004.24533645611,1504.100081436529,1966666.666666675,8852995.754663544,0.0,10446.434363998098,1966666.666666675,8849999.999999998,0.0,295.0,0.42891364413035954,0.0,0.0,0.35,1.0,1.0,1.0,1.0,3.0546089038629174,0.022523631696646982,0.022523631696646982,0.0,3.03208527216627,0.0,0.0,3.03208527216627,0.0,0.022523631696646982,0.0,4.501151294465309,670.6685368612453,338.0091133096246,5.0,667.6139279573824,0.0,0.0,0.0,71901.94714035111,-83256.10011957388,4.583580448525026e-16,0.0,1.0885819792747498e-10,4.440892098500626e-16
no_feedback_null,once_through,1519.1009292159436,11.150915131466546,19327.63728081089,86996.57732697538,1507.9500140844768,1973333.3333333416,8883003.422673026,0.0,10481.845981260558,1973333.3333333416,8879999.999999998,0.0,296.0,0.429997127067362,0.0,0.0,0.35,1.0,1.0,1.0,1.0,3.0623251811878363,0.022478906795220778,0.022478906795220778,0.0,3.039846274392615,0.0,0.0,3.039846274392615,0.0,0.022478906795220778,0.0,4.501149109071311,672.3627191891284,337.36783182380685,5.0,669.3003940079406,0.0,0.0,0.0,72145.6825543862,-83535.24715087144,4.583580448525026e-16,0.0,2.1771639585494996e-10,4.440892098500626e-16
no_feedback_null,once_through,1522.9214134519518,11.128774681004273,19325.946312738826,86988.92387294876,1511.7926387709476,1980000.0000000084,8913011.076127052,0.0,10517.25759837876,1980000.0000000084,8909999.999999998,0.0,297.0,0.43107855438657083,0.0,0.0,0.35,1.0,1.0,1.0,1.0,3.0700268189495206,0.022434274303942892,0.022434274303942892,0.0,3.047592544645578,0.0,0.0,3.047592544645578,0.0,0.022434274303942892,0.0,4.501146927827769,674.053687261189,336.7277669973272,5.0,670.9836604422395,0.0,0.0,0.0,72389.4179684213,-83814.39418202473,0.0,0.0,2.1771639585494996e-10,0.0
no_feedback_null,once_through,1526.7346493455018,11.106679970445398,19324.2585528244,86981.28494673279,1515.6279693750564,1986666.6666666751,8943018.715053268,0.0,10552.669215352978,1986666.6666666751,8939999.999999998,0.0,298.0,0.4321579299879688,0.0,0.0,0.35,1.0,1.0,1.0,1.0,3.07771384492261,0.022389734018821467,0.022389734018821467,0.0,3.0553241109037885,0.0,0.0,3.0553241109037885,0.0,0.022389734018821467,0.0,4.501144750726788,675.7414471756142,336.0889165219013,5.0,672.6637333306916,0.0,0.0,0.0,72633.15338245638,-84093.54121303403,0.0,0.0,1.0885819792747498e-10,0.0
no_feedback_null,once_through,1530.5406506483755,11.084630898843425,19322.573994980994,86973.66052073668,1519.456019749532,1993333.3333333419,8973026.339479264,0.0,10588.080832183487,1993333.3333333419,8969999.999999998,0.0,299.0,0.433235257764139,0.0,0.0,0.35,1.0,1.0,1.0,1.0,3.085386286829047,0.022345285736360482,0.022345285736360482,0.0,3.0630410010926865,0.0,0.0,3.0630410010926865,0.0,0.022345285736360482,0.0,4.501142577760496,677.4260050190212,335.45127809362435,5.0,674.3406187321922,0.0,0.0,0.0,72876.88879649148,-84372.68824389964,0.0,0.0,1.0885819792747498e-10,0.0
no_feedback_null,once_through,1534.3394310862654,11.06262736549715,19320.892633133535,86966.05056742205,1523.2768037207682,2000000.0000000086,9003033.949432578,0.0,10623.492448870556,2000000.0000000086,8999999.999999998,0.0,300.0,0.4343105416002798,0.0,0.0,0.35,1.0,1.0,1.0,1.0,3.0930441723381805,0.022300929253558394,0.022300929253558394,0.0,3.070743243084622,0.0,0.0,3.070743243084622,0.0,0.022300929253558394,0.0,4.5011404089210325,679.1073668664795,334.8148494129625,5.0,676.0143226941414,0.0,0.0,0.0,73120.62421052657,-84651.8352746218,4.583580448525026e-16,0.0,1.0885819792747498e-10,0.0
no_feedback_null,once_through,1538.1310043588228,11.040669269949982,19319.214461218486,86958.4550593029,1527.0903350888725,2006666.6666666754,9033041.544940697,0.0,10658.904065414461,2006666.6666666754,9029999.999999998,0.0,301.0,0.43538378537421824,0.0,0.0,0.35,1.0,1.0,1.0,1.0,3.1006875290668634,0.022256664367906766,0.022256664367906766,0.0,3.078430864698956,0.0,0.0,3.078430864698956,0.0,0.022256664367906766,0.0,4.501138244200552,680.7855387815328,334.1796281847446,5.0,677.6848512524659,0.0,0.0,0.0,73364.35962456165,-84930.98230520079,4.583580448525026e-16,0.0,1.0885819792747498e-10,4.440892098500626e-16
no_feedback_null,once_through,1541.9153841397078,11.018756511989276,19317.539473183795,86950.87396894542,1530.896627627718,2013333.333333342,9063049.126031052,0.0,10694.315681815473,2013333.333333342,9059999.999999998,0.0,302.0,0.43645499295642426,0.0,0.0,0.35,1.0,1.0,1.0,1.0,3.108316384579554,0.02221249087738894,0.02221249087738894,0.0,3.0861038937021643,0.0,0.0,3.0861038937021643,0.0,0.02221249087738894,0.0,4.501136083591226,682.4605268162207,333.545612118154,5.0,679.3522104316412,0.0,0.0,0.0,73608.09503859673,-85210.12933563687,9.167160897050052e-16,0.0,0.0,4.440892098500626e-16
no_feedback_null,once_through,1545.692584076638,10.996888991645672,19315.867662988916,86943.30726896803,1534.695695084992,2020000.0000000088,9093056.69273103,0.0,10729.727298073862,2020000.0000000088,9089999.999999998,0.0,303.0,0.4375241682100246,0.0,0.0,0.35,1.0,1.0,1.0,1.0,3.115930766388413,0.022168408580478676,0.022168408580478676,0.0,3.0937623578079334,0.0,0.0,3.0937623578079334,0.0,0.022168408580478676,0.0,4.501133927085236,684.1323370111011,332.91279892672037,5.0,681.0164062447127,0.0,0.0,0.0,73851.83045263182,-85489.27636593036,9.167160897050052e-16,0.0,0.0,8.881784197001252e-16
no_feedback_null,once_through,1549.4626177914388,10.975066609192448,19314.199024604746,86935.75493204109,1538.487551182246,2026666.6666666756,9123064.245067958,0.0,10765.138914189898,2026666.6666666756,9119999.999999998,0.0,304.0,0.43859131499081694,0.0,0.0,0.35,1.0,1.0,1.0,1.0,3.1235307019534053,0.02212441727613887,0.02212441727613887,0.0,3.101406284677266,0.0,0.0,3.101406284677266,0.0,0.02212441727613887,0.0,4.501131774674781,685.8009753952712,332.28118632831126,5.0,682.6774446933177,0.0,0.0,0.0,74095.56586666692,-85768.42339608149,4.583580448525026e-16,0.0,0.0,4.440892098500626e-16
no_feedback_null,once_through,1553.2254988800914,10.953289265144816,19312.533552013625,86928.21693088705,1542.272209614946,2033333.3333333423,9153071.783069111,0.0,10800.550530163855,2033333.3333333423,9149999.999999998,0.0,305.0,0.4396564371472835,0.0,0.0,0.35,1.0,1.0,1.0,1.0,3.1311162186823984,0.02208051676382013,0.02208051676382013,0.0,3.109035701918577,0.0,0.0,3.109035701918577,0.0,0.02208051676382013,0.0,4.5011296263520775,687.4664479863898,331.65077204512386,5.0,684.3353317677073,0.0,0.0,0.0,74339.30128070201,-86047.57042609053,1.375074134557508e-15,0.0,0.0,1.3322676295501878e-15
no_feedback_null,once_through,1556.9812409127824,10.931556860259308,19310.87123920932,86920.69323828013,1546.0496840525223,2040000.000000009,9183079.30676172,0.0,10835.962145996,2040000.000000009,9179999.999999998,0.0,306.0,0.4407195385206048,0.0,0.0,0.35,1.0,1.0,1.0,1.0,3.1386873439312595,0.02203670684345953,0.02203670684345953,0.0,3.1166506370877984,0.0,0.0,3.1166506370877984,0.0,0.02203670684345953,0.0,4.501127482109352,689.1287607906985,331.02155380367697,5.0,685.9900734467673,0.0,0.0,0.0,74583.03669473711,-86326.71745595778,1.8334321794100104e-15,0.0,1.0885819792747498e-10,1.3322676295501878e-15
no_feedback_null,once_through,1560.7298574339522,10.909869295533097,19309.212080196972,86913.18382704635,1549.8199881384185,2046666.6666666758,9213086.816172952,0.0,10871.373761686604,2046666.6666666758,9209999.999999998,0.0,307.0,0.44178062294467413,0.0,0.0,0.35,1.0,1.0,1.0,1.0,3.1462441050039556,0.02199298731547926,0.02199298731547926,0.0,3.1242511176884746,0.0,0.0,3.1242511176884746,0.0,0.02199298731547926,0.0,4.501125341938849,690.787919803044,330.3935293348028,5.0,687.6416756980401,0.0,0.0,0.0,74826.77210877219,-86605.86448568346,1.375074134557508e-15,0.0,0.0,1.7763568394002505e-15
no_feedback_null,once_through,1564.4713619623449,10.888226472203337,19307.55606899312,86905.68867006335,1553.5831354901409,2053333.3333333426,9243094.311329937,0.0,10906.785377235936,2053333.3333333426,9239999.999999998,0.0,308.0,0.4428396942461108,0.0,0.0,0.35,1.0,1.0,1.0,1.0,3.1537865291526517,0.02194935798078526,0.02194935798078526,0.0,3.131837171171865,0.0,0.0,3.131837171171865,0.0,0.02194935798078526,0.0,4.501123205832826,692.4439310068992,329.7666963736385,5.0,689.2901444777466,0.0,0.0,0.0,75070.50752280728,-86885.01151526789,1.375074134557508e-15,0.0,1.0885819792747498e-10,1.3322676295501878e-15
no_feedback_null,once_through,1568.2057679910563,10.866628291746512,19305.90319962563,86898.20774026033,1557.339139699309,2060000.0000000093,9273101.79225974,0.0,10942.196992644262,2060000.0000000093,9269999.999999998,0.0,309.0,0.44389675624427427,0.0,0.0,0.35,1.0,1.0,1.0,1.0,3.16131464357781,0.021905818640765958,0.021905818640765958,0.0,3.1394088249370427,0.0,0.0,3.1394088249370427,0.0,0.021905818640765958,0.0,4.501121073783557,694.0968003743853,329.1410526596183,5.0,690.9354857308075,0.0,0.0,0.0,75314.24293684238,-87164.1585447113,1.375074134557508e-15,0.0,1.0885819792747498e-10,1.3322676295501878e-15
no_feedback_null,once_through,1571.933088987582,10.8450746558778,19304.253466133723,86890.74101061806,1561.0880143317036,2066666.666666676,9303109.258989383,0.0,10977.60860791185,2066666.666666676,9299999.999999998,0.0,310.0,0.4449518127512775,0.0,0.0,0.35,1.0,1.0,1.0,1.0,3.168828475428287,0.02186236909729094,0.02186236909729094,0.0,3.146966106330994,0.0,0.0,3.146966106330994,0.0,0.02186236909729094,0.0,4.5011189457833325,695.7465338662925,328.5165959364654,5.0,692.5777053908641,0.0,0.0,0.0,75557.97835087746,-87443.30557401398,1.375074134557508e-15,0.0,1.0885819792747498e-10,1.7763568394002505e-15
no_feedback_null,once_through,1575.653338393868,10.823565466550416,19302.606862567915,86883.28845416848,1564.8297729273165,2073333.3333333428,9333116.711545832,0.0,11013.02022303897,2073333.3333333428,9329999.999999998,0.0,311.0,0.44600486757200136,0.0,0.0,0.35,1.0,1.0,1.0,1.0,3.17632805180143,0.02181900915270965,0.02181900915270965,0.0,3.154509042648719,0.0,0.0,3.154509042648719,0.0,0.02181900915270965,0.0,4.501116821824448,697.3931374321023,327.8933239521833,5.0,694.2168093803009,0.0,0.0,0.0,75801.71376491255,-87722.45260317619,1.8334321794100104e-15,0.0,1.0885819792747498e-10,1.7763568394002505e-15
no_feedback_null,once_through,1579.3665296263562,10.80210062595495,19300.96338299001,86875.85004399501,1568.5644290004002,2080000.0000000095,9363124.149956007,0.0,11048.431838025886,2080000.0000000095,9359999.999999998,0.0,312.0,0.44705592450410775,0.0,0.0,0.35,1.0,1.0,1.0,1.0,3.183813399743179,0.021775738609850062,0.021775738609850062,0.0,3.1620376611333265,0.0,0.0,3.1620376611333265,0.0,0.021775738609850062,0.0,4.50111470189923,699.0366170100087,327.2712344590484,5.0,695.8528036102656,0.0,0.0,0.0,76045.44917894762,-88001.59963219818,1.8334321794100104e-15,2.3283064365386963e-10,2.1771639585494996e-10,2.220446049250313e-15
no_feedback_null,once_through,1583.0726760760356,10.780680036518735,19299.32302147308,86868.42575323208,1572.2919960395159,2086666.6666666763,9393131.574246768,0.0,11083.843452872867,2086666.6666666763,9389999.999999998,0.0,313.0,0.4481049873380536,0.0,0.0,0.35,1.0,1.0,1.0,1.0,3.1912845462481583,0.021732557272017387,0.021732557272017387,0.0,3.169551988976139,0.0,0.0,3.169551988976139,0.0,0.021732557272017387,0.0,4.501112586000002,700.6769785269395,326.6503252136013,5.0,697.4856939806913,0.0,0.0,0.0,76289.18459298274,-88280.74666108028,1.8334321794100104e-15,0.0,1.0885819792747498e-10,1.7763568394002505e-15
no_feedback_null,once_through,1586.7717911084887,10.75930360090521,19297.68577210144,86861.0155550653,1576.0124875075826,2093333.333333343,9423138.984444935,0.0,11119.255067580176,2093333.333333343,9419999.999999998,0.0,314.0,0.4491520598571044,0.0,0.0,0.35,1.0,1.0,1.0,1.0,3.19874151825978,0.02168946494299279,0.02168946494299279,0.0,3.1770520533167854,0.0,0.0,3.1770520533167854,0.0,0.02168946494299279,0.0,4.50111047411912,702.3142278985775,326.0305939766393,5.0,699.1154863803177,0.0,0.0,0.0,76532.92000701783,-88559.89368982268,1.8334321794100104e-15,2.3283064365386963e-10,1.0885819792747498e-10,1.7763568394002505e-15
no_feedback_null,once_through,1590.463888063941,10.737971222013257,19296.051628970632,86853.61942273118,1579.7259168419268,2100000.0000000093,9453146.38057727,0.0,11154.666682148081,2100000.0000000093,9449999.999999998,0.0,315.0,0.45019714583734805,0.0,0.0,0.35,1.0,1.0,1.0,1.0,3.2061843426703374,0.021646461427032082,0.021646461427032082,0.0,3.1845378812433034,0.0,0.0,3.1845378812433034,0.0,0.021646461427032082,0.0,4.501108366248939,703.9483710293827,325.41203851320756,5.0,700.7421866867123,0.0,0.0,0.0,76776.6554210529,-88839.04071842565,1.8334321794100104e-15,0.0,2.1771639585494996e-10,1.7763568394002505e-15
no_feedback_null,once_through,1594.1489802573083,10.716682802976583,19294.420586187403,86846.23732951708,1583.4322974543306,2106666.666666676,9483153.762670483,0.0,11190.078296576843,2106666.666666676,9479999.999999998,0.0,316.0,0.4512402490477082,0.0,0.0,0.35,1.0,1.0,1.0,1.0,3.213613046321102,0.021603546528864433,0.021603546528864433,0.0,3.1920094997922357,0.0,0.0,3.1920094997922357,0.0,0.021603546528864433,0.0,4.501106262381834,705.5794138126122,324.7946565925918,5.0,702.365800766291,0.0,0.0,0.0,77020.39083508798,-89118.1877468895,2.291790224262513e-15,0.0,1.0885819792747498e-10,1.7763568394002505e-15
no_feedback_null,once_through,1597.827080978244,10.695438247163077,19292.792637869672,86838.86924876124,1587.1316427310803,2113333.3333333423,9513161.130751237,0.0,11225.48991086673,2113333.3333333423,9509999.999999998,0.0,317.0,0.45228137324995793,0.0,0.0,0.35,1.0,1.0,1.0,1.0,3.2210276560024225,0.021560720053691102,0.021560720053691102,0.0,3.1994669359487298,0.0,0.0,3.1994669359487298,0.0,0.021560720053691102,0.0,4.501104162510196,707.2073621303426,324.1784459883098,5.0,703.9863344743402,0.0,0.0,0.0,77264.12624912306,-89397.33477521446,1.375074134557508e-15,0.0,0.0,1.7763568394002505e-15
no_feedback_null,once_through,1601.49820349119,10.67423745817415,19291.167778146526,86831.51515385252,1590.8239660330148,2120000.000000009,9543168.484846147,0.0,11260.901525018004,2120000.000000009,9539999.999999998,0.0,318.0,0.4533205221987337,0.0,0.0,0.35,1.0,1.0,1.0,1.0,3.2284281984538197,0.021517981807184106,0.021517981807184106,0.0,3.2069102166466337,0.0,0.0,3.2069102166466337,0.0,0.021517981807184106,0.0,4.50110206662643,708.8322218534913,323.5634044781034,5.0,705.6037936550375,0.0,0.0,0.0,77507.86166315815,-89676.48180340083,2.291790224262513e-15,0.0,1.0885819792747498e-10,1.7763568394002505e-15
no_feedback_null,once_through,1605.1623610354202,10.653080339844156,19289.546001158178,86824.1750182304,1594.5092806955752,2126666.6666666754,9573175.824981768,0.0,11296.313139030928,2126666.6666666754,9569999.999999998,0.0,319.0,0.4543576996415481,0.0,0.0,0.35,1.0,1.0,1.0,1.0,3.2358147003640827,0.021475331595485033,0.021475331595485033,0.0,3.214339368768596,0.0,0.0,3.214339368768596,0.0,0.021475331595485033,0.0,4.501099974722957,710.4539988418363,322.94952984393086,5.0,707.2181841414722,0.0,0.0,0.0,77751.59707719323,-89955.62883144883,1.8334321794100104e-15,0.0,0.0,1.7763568394002505e-15
no_feedback_null,once_through,1608.819566825092,10.631966796239702,19287.927301055977,86816.84881538483,1598.1876000288514,2133333.333333342,9603183.151184615,0.0,11331.724752905766,2133333.333333342,9599999.999999998,0.0,320.0,0.45539290931880416,0.0,0.0,0.35,1.0,1.0,1.0,1.0,3.243187188371366,0.02143276922520369,0.02143276922520369,0.0,3.2217544191461607,0.0,0.0,3.2217544191461607,0.0,0.02143276922520369,0.0,4.50109788679221,712.072698944039,322.33681987195814,5.0,708.8295117556676,0.0,0.0,0.0,77995.33249122831,-90234.77585935875,1.375074134557508e-15,0.0,1.0885819792747498e-10,1.3322676295501878e-15
no_feedback_null,once_through,1612.469834049292,10.61089673165905,19286.31167200235,86809.53651885611,1601.8589373176324,2140000.0000000084,9633190.463481141,0.0,11367.13636664278,2140000.0000000084,9629999.999999998,0.0,321.0,0.45642615496380834,0.0,0.0,0.35,1.0,1.0,1.0,1.0,3.2505456890632867,0.021390294503416844,0.021390294503416844,0.0,3.2291553945598683,0.0,0.0,3.2291553945598683,0.0,0.021390294503416844,0.0,4.501095802826635,713.688327997664,321.72527235255177,5.0,710.4377823086007,0.0,0.0,0.0,78239.0679052634,-90513.92288713084,1.375074134557508e-15,0.0,0.0,1.3322676295501878e-15
no_feedback_null,once_through,1616.1131758720844,10.589870050631472,19284.699108170815,86802.23810223493,1605.5233058214524,2146666.666666675,9663197.761897763,0.0,11402.54798024223,2146666.666666675,9659999.999999998,0.0,322.0,0.45745744030278424,0.0,0.0,0.35,1.0,1.0,1.0,1.0,3.257890228977017,0.02134790723766697,0.02134790723766697,0.0,3.236542321739349,0.0,0.0,3.236542321739349,0.0,0.02134790723766697,0.0,4.501093722818695,715.3008918292012,321.1148850802703,5.0,712.0430016002242,0.0,0.0,0.0,78482.80331929849,-90793.0699147654,1.375074134557508e-15,0.0,0.0,1.3322676295501878e-15
no_feedback_null,once_through,1619.7496054325577,10.568886657916654,19283.08960374593,86794.95353916215,1609.1807187746406,2153333.3333333414,9693205.046460837,0.0,11437.959593704378,2153333.3333333414,9689999.999999998,0.0,323.0,0.45848676905488595,0.0,0.0,0.35,1.0,1.0,1.0,1.0,3.265220834599384,0.021305607235961022,0.021305607235961022,0.0,3.243915227363422,0.0,0.0,3.243915227363422,0.0,0.021305607235961022,0.0,4.501091646760868,716.910396254086,320.5056558538564,5.0,713.6451754194866,0.0,0.0,0.0,78726.53873333355,-91072.2169422626,9.167160897050052e-16,0.0,1.0885819792747498e-10,8.881784197001252e-16
no_feedback_null,once_through,1623.3791358448725,10.547946458504033,19281.483152923298,86787.68280332866,1612.831189386368,2160000.000000008,9723212.31719667,0.0,11473.371207029484,2160000.000000008,9719999.999999998,0.0,324.0,0.45951414493221127,0.0,0.0,0.35,1.0,1.0,1.0,1.0,3.2725375323669614,0.021263394306769108,0.021263394306769108,0.0,3.2512741380601913,0.0,0.0,3.2512741380601913,0.0,0.021263394306769108,0.0,4.501089574645643,718.5168470767203,319.8975824762292,5.0,715.2443095443533,0.0,0.0,0.0,78970.27414736865,-91351.3639696228,1.375074134557508e-15,0.0,1.0885819792747498e-10,8.881784197001252e-16
no_feedback_null,once_through,1627.001780198309,10.5270493576122,19279.879749909524,86780.42586847552,1616.4747308406963,2166666.6666666744,9753219.574131522,0.0,11508.782820217812,2166666.6666666744,9749999.999999998,0.0,325.0,0.46053957163981557,0.0,0.0,0.35,1.0,1.0,1.0,1.0,3.2798403486661667,0.02122126825902328,0.02122126825902328,0.0,3.2586190804071427,0.0,0.0,3.2586190804071427,0.0,0.02122126825902328,0.0,4.50108750646553,720.1202500904943,319.2906627544763,5.0,716.8404097418281,0.0,0.0,0.0,79214.00956140371,-91630.51099684619,9.167160897050052e-16,0.0,0.0,8.881784197001252e-16
no_feedback_null,once_through,1630.617551557314,10.506195260688267,19278.279388922212,86773.18270839353,1620.1113562966252,2173333.333333341,9783226.817291604,0.0,11544.194433269617,2173333.333333341,9779999.999999998,0.0,326.0,0.4615630528757247,0.0,0.0,0.35,1.0,1.0,1.0,1.0,3.287129309833358,0.02117922890211626,0.02117922890211626,0.0,3.2659500809312405,0.0,0.0,3.2659500809312405,0.0,0.02117922890211626,0.0,4.501085442213044,721.7206110778064,318.6848944998453,5.0,718.433481767973,0.0,0.0,0.0,79457.7449754388,-91909.6580239331,1.375074134557508e-15,0.0,0.0,8.881784197001252e-16
no_feedback_null,once_through,1634.2264629615481,10.48538407340727,19276.682064189932,86765.95329692343,1623.7410788881405,2180000.0000000075,9813234.046703074,0.0,11579.606046185161,2180000.0000000075,9809999.999999998,0.0,327.0,0.4625845923309485,0.0,0.0,0.35,1.0,1.0,1.0,1.0,3.2944044421549252,0.021137276045900245,0.021137276045900245,0.0,3.2732671661090245,0.0,0.0,3.2732671661090245,0.0,0.021137276045900245,0.0,4.501083381880719,723.3179358100847,318.080275527737,5.0,720.0235313679298,0.0,0.0,0.0,79701.4803894739,-92188.80505088373,9.167160897050052e-16,0.0,0.0,4.440892098500626e-16
no_feedback_null,once_through,1637.8285274259324,10.46461570167152,19275.087769952213,86758.7376079557,1627.3639117242606,2186666.666666674,9843241.262392042,0.0,11615.017658964704,2186666.666666674,9839999.999999998,0.0,328.0,0.46360419368949424,0.0,0.0,0.35,1.0,1.0,1.0,1.0,3.3016657718673885,0.021095409500685582,0.021095409500685582,0.0,3.280570362366702,0.0,0.0,3.280570362366702,0.0,0.021095409500685582,0.0,4.501081325461108,724.9122300478073,317.47680365769634,5.0,721.6105642759399,0.0,0.0,0.0,79945.21580350898,-92467.95207769836,4.583580448525026e-16,0.0,0.0,8.881784197001252e-16
no_feedback_null,once_through,1641.4237579406959,10.443890051610014,19273.496500459492,86751.53561543032,1630.9798678890857,2193333.3333333405,9873248.464384567,0.0,11650.4292716085,2193333.3333333405,9869999.999999998,0.0,329.0,0.4646218606283797,0.0,0.0,0.35,1.0,1.0,1.0,1.0,3.30891332515749,0.021053629077239594,0.021053629077239594,0.0,3.2878596960802495,0.0,0.0,3.2878596960802495,0.0,0.021053629077239594,0.0,4.501079272946769,726.5034995405234,316.8744767134055,5.0,723.1945862153659,0.0,0.0,0.0,80188.95121754405,-92747.09910437722,4.583580448525026e-16,0.0,0.0,8.881784197001252e-16
no_feedback_null,once_through,1645.0121674714221,10.423207029577801,19271.908249973145,86744.3472933369,1634.5889604418442,2200000.000000007,9903255.65270666,0.0,11685.84088411681,2200000.000000007,9899999.999999998,0.0,330.0,0.4656375968176465,0.0,0.0,0.35,1.0,1.0,1.0,1.0,3.31614712816229,0.021011934586785297,0.021011934586785297,0.0,3.2951351935755047,0.0,0.0,3.2951351935755047,0.0,0.021011934586785297,0.0,4.5010772243302775,728.0917500268743,316.27329252267526,5.0,724.775602898712,0.0,0.0,0.0,80432.68663157914,-93026.24613092063,4.583580448525026e-16,0.0,0.0,0.0
no_feedback_null,once_through,1648.5937689590958,10.402566542155405,19270.323012765406,86737.17261571453,1638.19120241694,2206666.6666666735,9933262.827384282,0.0,11721.252496489891,2206666.6666666735,9929999.999999998,0.0,331.0,0.46665140592037324,0.0,0.0,0.35,1.0,1.0,1.0,1.0,3.323367206969262,0.020970325841000236,0.020970325841000236,0.0,3.302396881128261,0.0,0.0,3.302396881128261,0.0,0.020970325841000236,0.0,4.501075179604228,729.6769872346133,315.67324891743783,5.0,726.3536200276441,0.0,0.0,0.0,80676.42204561425,-93305.39315732881,4.583580448525026e-16,0.0,-1.0885819792747498e-10,8.881784197001252e-16
no_feedback_null,once_through,1652.1685753201496,10.381968496148165,19268.740783119392,86730.01155665156,1641.786606824001,2213333.33333334,9963269.988443347,0.0,11756.664108727999,2213333.33333334,9959999.999999998,0.0,332.0,0.4676632915926891,0.0,0.0,0.35,1.0,1.0,1.0,1.0,3.330573587616383,0.02092880265201516,0.02092880265201516,0.0,3.309644784964367,0.0,0.0,3.309644784964367,0.0,0.02092880265201516,0.0,4.501073138761221,731.2592168806273,315.0743437337387,5.0,727.9286432930109,0.0,0.0,0.0,80920.15745964933,-93584.540183602,9.167160897050052e-16,0.0,0.0,8.881784197001252e-16
no_feedback_null,once_through,1655.7365994465106,10.361412798585688,19267.161555329065,86722.86409028566,1645.3751866479245,2220000.0000000065,9993277.135909712,0.0,11792.07572083139,2220000.0000000065,9989999.999999998,0.0,333.0,0.46867325748378635,0.0,0.0,0.35,1.0,1.0,1.0,1.0,3.3377662960922314,0.020887364832412915,0.020887364832412915,0.0,3.3168789312598177,0.0,0.0,3.3168789312598177,0.0,0.020887364832412915,0.0,4.501071101793879,732.8384446709563,314.47657481172877,5.0,729.500678374864,0.0,0.0,0.0,81163.8928736844,-93863.68720974046,9.167160897050052e-16,0.0,0.0,8.881784197001252e-16
no_feedback_null,once_through,1659.2978542056471,10.340899356721184,19265.585323699208,86715.7301908036,1648.9569548489258,2226666.666666673,10023284.269809194,0.0,11827.487332800321,2226666.666666673,10019999.999999998,0.0,334.0,0.4696813072359342,0.0,0.0,0.35,1.0,1.0,1.0,1.0,3.3449453583360795,0.0208460121952271,0.0208460121952271,0.0,3.3240993461408523,0.0,0.0,3.3240993461408523,0.0,0.0208460121952271,0.0,4.501069068694831,734.4146763008152,313.8799399956569,5.0,731.0697309424792,0.0,0.0,0.0,81407.62828771948,-94142.83423574446,4.583580448525026e-16,0.0,0.0,0.0
no_feedback_null,once_through,1662.852352440615,10.320428078030902,19264.012082545407,86708.60983244132,1652.531924362584,2233333.3333333395,10053291.390167557,0.0,11862.898944635048,2233333.3333333395,10049999.999999998,0.0,335.0,0.4706874444844915,0.0,0.0,0.35,1.0,1.0,1.0,1.0,3.3521108002379867,0.020804744553940935,0.020804744553940935,0.0,3.3313060556840455,0.0,0.0,3.3313060556840455,0.0,0.020804744553940935,0.0,4.501067039456729,735.9879174546137,313.2844371338615,5.0,732.6358066543758,0.0,0.0,0.0,81651.36370175456,-94421.98126161427,0.0,0.0,0.0,4.440892098500626e-16
no_feedback_null,once_through,1666.4001069701037,10.29999887021352,19262.441826194045,86701.50298948363,1656.1001080998901,2240000.000000006,10083298.497010514,0.0,11898.310556335824,2240000.000000006,10079999.999999998,0.0,336.0,0.4716916728579201,0.0,0.0,0.35,1.0,1.0,1.0,1.0,3.3592626476388925,0.02076356172248603,0.02076356172248603,0.0,3.338499085916406,0.0,0.0,3.338499085916406,0.0,0.02076356172248603,0.0,4.501065014072231,737.5581738059765,312.6900640787636,5.0,734.1989111583376,0.0,0.0,0.0,81895.09911578965,-94701.12828735015,0.0,0.0,0.0,4.440892098500626e-16
no_feedback_null,once_through,1669.9411305884828,10.279611641189538,19260.874548982254,86694.40963626429,1659.661518947293,2246666.6666666726,10113305.590363733,0.0,11933.722167902903,2246666.6666666726,10109999.999999998,0.0,337.0,0.4726939959777977,0.0,0.0,0.35,1.0,1.0,1.0,1.0,3.3664009263307104,0.020722463515241166,0.020722463515241166,0.0,3.3456784628154685,0.0,0.0,3.3456784628154685,0.0,0.020722463515241166,0.0,4.501062992534014,739.1254510177646,312.0968186868585,5.0,735.7590500914339,0.0,0.0,0.0,82138.83452982471,-94980.27531295229,4.583580448525026e-16,0.0,0.0,8.881784197001252e-16
no_feedback_null,once_through,1673.4754360658474,10.259266299100675,19259.310245257926,86687.32974716576,1663.2161697667466,2253333.333333339,10143312.670252832,0.0,11969.133779336542,2253333.333333339,10139999.999999998,0.0,338.0,0.47369441745883095,0.0,0.0,0.35,1.0,1.0,1.0,1.0,3.3735256620564202,0.020681449747031067,0.020681449747031067,0.0,3.352844212309389,0.0,0.0,3.352844212309389,0.0,0.020681449747031067,0.0,4.501060974834762,740.6897547420948,311.5046988187082,5.0,737.3162290800384,0.0,0.0,0.0,82382.56994385982,-95259.42233842103,0.0,0.0,0.0,4.440892098500626e-16
no_feedback_null,once_through,1677.0030361480656,10.238962752309295,19257.748909379658,86680.2632966193,1666.7640733957562,2260000.0000000056,10173319.736703377,0.0,12004.545390636991,2260000.0000000056,10169999.999999998,0.0,339.0,0.4746929409088688,0.0,0.0,0.35,1.0,1.0,1.0,1.0,3.380636880510162,0.02064052023312526,0.02064052023312526,0.0,3.359996360277037,0.0,0.0,3.359996360277037,0.0,0.02064052023312526,0.0,4.501058960967183,742.2510906203607,310.9137023389338,5.0,738.8704537398506,0.0,0.0,0.0,82626.3053578949,-95538.56936375657,0.0,0.0,-1.0885819792747498e-10,0.0
no_feedback_null,once_through,1680.523943556823,10.218700909397787,19256.190535716763,86673.21025910467,1670.3052426474253,2266666.666666672,10203326.789740892,0.0,12039.957001804505,2266666.666666672,10199999.999999998,0.0,340.0,0.4756895699289151,0.0,0.0,0.35,1.0,1.0,1.0,1.0,3.387734607337328,0.02059967478923681,0.02059967478923681,0.0,3.3671349325480913,0.0,0.0,3.3671349325480913,0.0,0.02059967478923681,0.0,4.5010569509239895,743.809464283253,310.3238271162076,5.0,740.4217296759157,0.0,0.0,0.0,82870.04077192998,-95817.71638895916,0.0,0.0,-1.0885819792747498e-10,0.0
no_feedback_null,once_through,1684.0381709896699,10.198480679167988,19254.63511864924,86666.17060915027,1673.839690310502,2273333.3333333386,10233333.829390846,0.0,12075.368612839336,2273333.3333333386,10229999.999999998,0.0,341.0,0.47668430811314183,0.0,0.0,0.35,1.0,1.0,1.0,1.0,3.3948188681346556,0.02055891323152116,0.02055891323152116,0.0,3.3742599549031342,0.0,0.0,3.3742599549031342,0.0,0.02055891323152116,0.0,4.5010549446979145,745.3648813507796,309.7350710232456,5.0,741.970062482645,0.0,0.0,0.0,83113.77618596506,-96096.86341402907,0.0,0.0,-1.0885819792747498e-10,0.0
no_feedback_null,once_through,1687.5457311200657,10.178301970640582,19253.08265256773,86659.14432133279,1677.367429149425,2280000.000000005,10263340.855678665,0.0,12110.780223741735,2280000.000000005,10259999.999999998,0.0,342.0,0.47767715904890207,0.0,0.0,0.35,1.0,1.0,1.0,1.0,3.401889688450318,0.020518235376574937,0.020518235376574937,0.0,3.3813714530737427,0.0,0.0,3.3813714530737427,0.0,0.020518235376574937,0.0,4.501052942281703,746.9173474322857,309.14743193679976,5.0,743.5154577438354,0.0,0.0,0.0,83357.51160000016,-96376.01043896656,0.0,0.0,0.0,0.0
no_feedback_null,once_through,1691.0466365974257,10.158164693054532,19251.53313187354,86652.13137027732,1680.888471904371,2286666.6666666716,10293347.86862972,0.0,12146.191834511956,2286666.6666666716,10289999.999999998,0.0,343.0,0.4786681263167426,0.0,0.0,0.35,1.0,1.0,1.0,1.0,3.4089470937840183,0.02047764104143477,0.02047764104143477,0.0,3.388469452742583,0.0,0.0,3.388469452742583,0.0,0.02047764104143477,0.0,4.501050943668112,748.4668681264748,308.5609077376502,5.0,745.0579210326907,0.0,0.0,0.0,83601.24701403522,-96655.15746377184,4.583580448525026e-16,0.0,0.0,4.440892098500626e-16
no_feedback_null,once_through,1694.5409000471664,10.138068755866458,19249.98655097859,86645.1317306571,1684.4028312912997,2293333.333333338,10323354.86826934,0.0,12181.603445150246,2293333.333333338,10319999.999999998,0.0,344.0,0.4796572134904174,0.0,0.0,0.35,1.0,1.0,1.0,1.0,3.4159911095870816,0.020437130043576075,0.020437130043576075,0.0,3.395553979543505,0.0,0.0,3.395553979543505,0.0,0.020437130043576075,0.0,4.501048948849911,750.0134490214278,307.9754963105979,5.0,746.5974579118408,0.0,0.0,0.0,83844.98242807032,-96934.30448844524,4.583580448525026e-16,0.0,-1.0885819792747498e-10,4.440892098500626e-16
no_feedback_null,once_through,1698.0285340707505,10.118014068750085,19248.442904305393,86638.14537719364,1687.9105200020003,2300000.0000000047,10353361.854622804,0.0,12217.015055656859,2300000.0000000047,10349999.999999998,0.0,345.0,0.4806444241369,0.0,0.0,0.35,1.0,1.0,1.0,1.0,3.4230217612625444,0.02039670220091192,0.02039670220091192,0.0,3.402625059061632,0.0,0.0,3.402625059061632,0.0,0.02039670220091192,0.0,4.50104695781989,751.5570956946242,307.39119554445676,5.0,748.1340739333616,0.0,0.0,0.0,84088.7178421054,-97213.45151298693,0.0,0.0,0.0,4.440892098500626e-16
no_feedback_null,once_through,1701.5095512457333,10.098000541595624,19246.902186287054,86631.17228465632,1691.4115507041377,2306666.666666671,10383368.827715341,0.0,12252.426666032043,2306666.666666671,10379999.999999998,0.0,346.0,0.4816297618163966,0.0,0.0,0.35,1.0,1.0,1.0,1.0,3.4300390741652484,0.020356357331791787,0.020356357331791787,0.0,3.4096827168334567,0.0,0.0,3.4096827168334567,0.0,0.020356357331791787,0.0,4.5010449705708435,753.0978137129612,306.80800333204604,5.0,749.6677746387959,0.0,0.0,0.0,84332.45325614049,-97492.5985373972,0.0,0.0,0.0,0.0
no_feedback_null,once_through,1704.9839641258075,10.078028084509237,19245.364391367242,86624.21242786277,1694.905936041298,2313333.3333333377,10413375.787572134,0.0,12287.83827627605,2313333.3333333377,10409999.999999998,0.0,347.0,0.4826132300823589,0.0,0.0,0.35,1.0,1.0,1.0,1.0,3.4370430736019326,0.02031609525500048,0.02031609525500048,0.0,3.4167269783469316,0.0,0.0,3.4167269783469316,0.0,0.02031609525500048,0.0,4.501042987095593,754.6356086327747,306.2259175701828,5.0,751.1985655591728,0.0,0.0,0.0,84576.18867017556,-97771.74556167627,4.583580448525026e-16,0.0,-1.0885819792747498e-10,4.440892098500626e-16
no_feedback_null,once_through,1708.4517852408483,10.05809660781241,19243.829514000157,86617.26578167816,1698.3936886330357,2320000.000000004,10443382.734218318,0.0,12323.249886389127,2320000.000000004,10439999.999999998,0.0,348.0,0.4835948324814969,0.0,0.0,0.35,1.0,1.0,1.0,1.0,3.444033784831321,0.020275915789756876,0.020275915789756876,0.0,3.4237578690415638,0.0,0.0,3.4237578690415638,0.0,0.020275915789756876,0.0,4.5010410073869584,756.170485999859,305.64493615967444,5.0,752.7264522150277,0.0,0.0,0.0,84819.92408421064,-98050.89258582443,4.583580448525026e-16,0.0,-1.0885819792747498e-10,4.440892098500626e-16
no_feedback_null,once_through,1711.913027096959,10.038206022041388,19242.29754865053,86610.33232101564,1701.8748210749172,2326666.6666666707,10473389.667678982,0.0,12358.66149637152,2326666.6666666707,10469999.999999998,0.0,349.0,0.48457457255379155,0.0,0.0,0.35,1.0,1.0,1.0,1.0,3.4510112330642175,0.02023581875571279,0.02023581875571279,0.0,3.430775414308504,0.0,0.0,3.430775414308504,0.0,0.02023581875571279,0.0,4.501039031437784,757.7024513494866,305.06505700531096,5.0,754.2514401164224,0.0,0.0,0.0,85063.6594982457,-98330.0396098419,9.167160897050052e-16,0.0,0.0,4.440892098500626e-16
no_feedback_null,once_through,1715.3677021765159,10.018356237946627,19240.768489793587,86603.41202083592,1705.3493459385688,2333333.333333337,10503396.58797916,0.0,12394.073106223485,2333333.333333337,10499999.999999998,0.0,350.0,0.4855524538325077,0.0,0.0,0.35,1.0,1.0,1.0,1.0,3.4579754434635945,0.020195803972951846,0.020195803972951846,0.0,3.4377796394906417,0.0,0.0,3.4377796394906417,0.0,0.020195803972951846,0.0,4.501037059240922,759.2315102064282,304.48627801585735,5.0,755.7735347629646,0.0,0.0,0.0,85307.39491228083,-98609.18663372898,9.167160897050052e-16,0.0,-1.0885819792747498e-10,8.881784197001252e-16
no_feedback_null,once_through,1718.815822938213,9.99854716649218,19239.242331915044,86596.50485614735,1708.8172757717205,2340000.0000000037,10533403.49514385,0.0,12429.484715945262,2340000.0000000037,10529999.999999998,0.0,351.0,0.48652847984420683,0.0,0.0,0.35,1.0,1.0,1.0,1.0,3.4649264411446845,0.020155871261988256,0.020155871261988256,0.0,3.4447705698826954,0.0,0.0,3.4447705698826954,0.0,0.020155871261988256,0.0,4.5010350907892365,760.7576680849726,303.90859710404646,5.0,757.2927416438279,0.0,0.0,0.0,85551.13032631589,-98888.33365748583,4.583580448525026e-16,0.0,-1.0885819792747498e-10,8.881784197001252e-16
no_feedback_null,once_through,1722.257401817108,9.978778718855141,19237.71906951107,86589.61080200592,1712.2786230982526,2346666.6666666702,10563410.38919799,0.0,12464.8963255371,2346666.6666666702,10559999.999999998,0.0,352.0,0.48750265410875976,0.0,0.0,0.35,1.0,1.0,1.0,1.0,3.4718642511750715,0.0201160204437657,0.0201160204437657,0.0,3.4517482307313054,0.0,0.0,3.4517482307313054,0.0,0.0201160204437657,0.0,4.501033126075617,762.2809304889474,303.33201218657075,5.0,758.8090662377724,0.0,0.0,0.0,85794.86574035097,-99167.48068111275,4.583580448525026e-16,0.0,-1.0885819792747498e-10,4.440892098500626e-16
no_feedback_null,once_through,1725.6924512246662,9.959050806425083,19236.19869708828,86582.72983351478,1715.7334004182408,2353333.3333333367,10593417.270166483,0.0,12500.307934999248,2353333.3333333367,10589999.999999998,0.0,353.0,0.4884749801393592,0.0,0.0,0.35,1.0,1.0,1.0,1.0,3.4787888985747797,0.020076251339656195,0.020076251339656195,0.0,3.458712647235123,0.0,0.0,3.458712647235123,0.0,0.020076251339656195,0.0,4.501031165092952,763.8013029117376,302.7565211840755,5.0,760.3225140131628,0.0,0.0,0.0,86038.60115438607,-99446.62770460999,9.167160897050052e-16,0.0,0.0,4.440892098500626e-16
no_feedback_null,once_through,1729.1209835488048,9.939363340803459,19234.68120916371,86575.8619258246,1719.181620208001,2360000.0000000033,10623424.138074173,0.0,12535.719544331952,2360000.0000000033,10619999.999999998,0.0,354.0,0.4894454614425325,0.0,0.0,0.35,1.0,1.0,1.0,1.0,3.4857004083163643,0.020036563771458873,0.020036563771458873,0.0,3.465663844544905,0.0,0.0,3.465663844544905,0.0,0.020036563771458873,0.0,4.5010292078341525,765.3187908363058,302.1821220211509,5.0,761.8330904279894,0.0,0.0,0.0,86282.33656842115,-99725.77472797777,4.583580448525026e-16,0.0,0.0,4.440892098500626e-16
no_feedback_null,once_through,1732.5430111539392,9.91971623380306,19233.166600264805,86569.00705413318,1722.623294920136,2366666.66666667,10653430.992945863,0.0,12571.131153535458,2366666.66666667,10649999.999999998,0.0,355.0,0.49041410151815434,0.0,0.0,0.35,1.0,1.0,1.0,1.0,3.4925988053250028,0.01999695756139891,0.01999695756139891,0.0,3.4726018477636034,0.0,0.0,3.4726018477636034,0.0,0.01999695756139891,0.0,4.50102725429214,766.8333997352129,301.6088126263248,5.0,763.3408009298879,0.0,0.0,0.0,86526.07198245623,-100004.92175121636,4.583580448525026e-16,0.0,-1.0885819792747498e-10,4.440892098500626e-16
no_feedback_null,once_through,1735.9585463810258,9.900109397447444,19231.65486492938,86562.16519368555,1726.0584369835783,2373333.3333333363,10683437.834806312,0.0,12606.54276261001,2373333.3333333363,10679999.999999998,0.0,356.0,0.4913809038594594,0.0,0.0,0.35,1.0,1.0,1.0,1.0,3.499484114478582,0.019957432532126354,0.019957432532126354,0.0,3.4795266819464556,0.0,0.0,3.4795266819464556,0.0,0.019957432532126354,0.0,4.501025304459851,768.3451350706363,301.03659093205476,5.0,764.8456509561577,0.0,0.0,0.0,86769.80739649129,-100284.06877432598,0.0,0.0,0.0,0.0
no_feedback_null,once_through,1739.3676015476083,9.880542743970365,19230.145997705626,86555.33631977366,1729.4870588036376,2380000.000000003,10713444.663680224,0.0,12641.954371555852,2380000.000000003,10709999.999999998,0.0,357.0,0.49234587195305485,0.0,0.0,0.35,1.0,1.0,1.0,1.0,3.5063563606077923,0.019917988506714977,0.019917988506714977,0.0,3.4864383721010768,0.0,0.0,3.4864383721010768,0.0,0.019917988506714977,0.0,4.501023358330233,769.8540022943909,300.4654548747214,5.0,766.347645933783,0.0,0.0,0.0,87013.5428105264,-100563.21579730693,4.583580448525026e-16,0.0,0.0,4.440892098500626e-16
no_feedback_null,once_through,1742.7701889478603,9.861016185815213,19228.63999315207,86548.52040773655,1732.9091727620446,2386666.6666666693,10743451.479592262,0.0,12677.36598037323,2386666.6666666693,10739999.999999998,0.0,358.0,0.49330900927893295,0.0,0.0,0.35,1.0,1.0,1.0,1.0,3.5132155684962125,0.01987862530866117,0.01987862530866117,0.0,3.49333694318755,0.0,0.0,3.49333694318755,0.0,0.01987862530866117,0.0,4.501021415896249,771.3600068479481,299.8954023946202,5.0,767.8467912794518,0.0,0.0,0.0,87257.27822456147,-100842.36282015937,9.167160897050052e-16,0.0,0.0,1.3322676295501878e-15
no_feedback_null,once_through,1746.1663208526306,9.841529635634448,19227.13684583756,86541.7174329601,1736.3247912169957,2393333.333333336,10773458.28256704,0.0,12712.777589062389,2393333.333333336,10769999.999999998,0.0,359.0,0.4942703193104835,0.0,0.0,0.35,1.0,1.0,1.0,1.0,3.5200617628804007,0.019839342761882768,0.019839342761882768,0.0,3.500222420118517,0.0,0.0,3.500222420118517,0.0,0.019839342761882768,0.0,4.501019477150876,772.8631541624552,299.32643143595453,5.0,769.3430923995749,0.0,0.0,0.0,87501.01363859656,-101121.50984288362,9.167160897050052e-16,0.0,1.0885819792747498e-10,1.3322676295501878e-15
no_feedback_null,once_through,1749.5560095094881,9.822083006289047,19225.63655034126,86534.92737087689,1739.7339265031985,2400000.0000000023,10803465.072629122,0.0,12748.18919762357,2400000.0000000023,10799999.999999998,0.0,360.0,0.4952298055145067,0.0,0.0,0.35,1.0,1.0,1.0,1.0,3.526894968449987,0.019800140690717963,0.019800140690717963,0.0,3.5070948277592677,0.0,0.0,3.5070948277592677,0.0,0.019800140690717963,0.0,4.501017542087098,774.3634496587562,298.75853994682785,5.0,770.8365546903062,0.0,0.0,0.0,87744.74905263163,-101400.65686547986,1.375074134557508e-15,0.0,0.0,1.3322676295501878e-15
no_feedback_null,once_through,1752.9392671427643,9.802676210847933,19224.139101252607,86528.15019696635,1743.1365909319159,2406666.666666669,10833471.849803032,0.0,12783.600806057017,2406666.666666669,10829999.999999998,0.0,361.0,0.4961874713512252,0.0,0.0,0.35,1.0,1.0,1.0,1.0,3.5337152098477556,0.019761018919924128,0.019761018919924128,0.0,3.5139541909278305,0.0,0.0,3.5139541909278305,0.0,0.019761018919924128,0.0,4.501015610697924,775.8608987474095,298.19172587923697,5.0,772.3271835375617,0.0,0.0,0.0,87988.48446666673,-101679.80388794842,9.167160897050052e-16,0.0,0.0,8.881784197001252e-16
no_feedback_null,once_through,1756.316105953599,9.783309162587438,19222.644493171305,86521.38588675429,1746.5327967910112,2413333.3333333354,10863478.614113245,0.0,12819.012414362973,2413333.3333333354,10859999.999999998,0.0,362.0,0.49714332027429703,0.0,0.0,0.35,1.0,1.0,1.0,1.0,3.5405225116697405,0.019721977274676762,0.019721977274676762,0.0,3.5208005343950632,0.0,0.0,3.5208005343950632,0.0,0.019721977274676762,0.0,4.501013682976364,777.3555068287093,297.6259871890638,5.0,773.8149843170395,0.0,0.0,0.0,88232.2198807018,-101958.95091028945,9.167160897050052e-16,0.0,1.0885819792747498e-10,4.440892098500626e-16
no_feedback_null,once_through,1759.686538119983,9.763981774990738,19221.152720707312,86514.63441581334,1749.922556344992,2420000.000000002,10893485.365584185,0.0,12854.424022541678,2420000.000000002,10889999.999999998,0.0,363.0,0.49809735573082764,0.0,0.0,0.35,1.0,1.0,1.0,1.0,3.547316898465311,0.019683015580568328,0.019683015580568328,0.0,3.5276338828847424,0.0,0.0,3.5276338828847424,0.0,0.019683015580568328,0.0,4.5010117589154515,778.8472792927035,297.0613218360686,5.0,775.2999623942383,0.0,0.0,0.0,88475.9552947369,-102238.09793250324,4.583580448525026e-16,0.0,0.0,0.0
no_feedback_null,once_through,1763.0505757968035,9.7446939617473,19219.6637784808,86507.89575976231,1753.305881835056,2426666.6666666684,10923492.104240237,0.0,12889.835630593378,2426666.6666666684,10919999.999999998,0.0,364.0,0.49904958116138265,0.0,0.0,0.35,1.0,1.0,1.0,1.0,3.55409839473726,0.019644133663607146,0.019644133663607146,0.0,3.5344542610736522,0.0,0.0,3.5344542610736522,0.0,0.019644133663607146,0.0,4.501009838508228,780.3362215192146,296.49772778388245,5.0,776.7821231244774,0.0,0.0,0.0,88719.69070877199,-102517.24495459005,4.583580448525026e-16,0.0,1.0885819792747498e-10,4.440892098500626e-16
no_feedback_null,once_through,1766.4082311158863,9.725445636752333,19218.177661122158,86501.16989426644,1756.6827854791338,2433333.333333335,10953498.830105733,0.0,12925.247238518312,2433333.333333335,10949999.999999998,0.0,365.0,0.5000000000000001,0.0,0.0,0.35,1.0,1.0,1.0,1.0,3.5608670249418926,0.019605331350216294,0.019605331350216294,0.0,3.541261693591676,0.0,0.0,3.541261693591676,0.0,0.019605331350216294,0.0,4.501007921747748,781.8223388778575,295.93520299999994,5.0,778.2614718529156,0.0,0.0,0.0,88963.42612280707,-102796.39197655005,4.583580448525026e-16,0.0,1.0885819792747498e-10,0.0
