scenario,mode,extent_mol,reactor_h2_mol,water_kg,salt_mol,export_h2_mol,export_water_kg,export_salt_mol,outlet_separator_gas_mol,flow_pump_kwh,feed_water_kg,feed_salt_mol,circulated_water_kg,time_days,altered_fraction_proxy,expansion_loading,crack_opening_fraction,porosity,area_factor,passivation_factor,pore_access_factor,permeability_ratio,generated_h2_kg,retained_h2_kg,dissolved_h2_kg,free_h2_kg,exported_h2_kg,outlet_collected_h2_kg,outlet_uncollected_gas_h2_kg,outlet_residual_dissolved_h2_kg,endpoint_collected_h2_kg,endpoint_residual_h2_kg,endpoint_uncollected_gas_h2_kg,salt_molality,water_consumed_kg,remaining_reactive_fe_kg,flow_head_bar,solid_mass_gain_kg,total_deliverable_h2_kg,gross_electricity_kwh,outlet_delivered_electricity_kwh,new_feed_heater_kwh,standalone_engineering_balance_kwh,h2_balance_error_kg,water_balance_error_kg,salt_balance_error_kg,hydrogen_recovery_balance_error_kg
opening_hypothesis,stationary,0.0,0.0,20000.0,90000.0,0.0,0.0,0.0,0.0,0.0,0.0,0.0,0.0,0.0,0.0,0.0,0.0,0.35,1.0,1.0,1.0,1.0,0.0,0.0,0.0,0.0,0.0,0.0,0.0,0.0,0.0,0.0,0.0,4.5,0.0,591.8704059999999,0.0,0.0,0.0,0.0,0.0,0.0,-907.7186152246713,0.0,0.0,0.0,0.0
opening_hypothesis,stationary,3.34203899685144,3.34203899685144,19998.52079451448,90000.0,0.0,0.0,0.0,0.0,0.0,0.0,0.0,0.0,1.0,0.0009459984781491273,0.0002459596043187731,0.0,0.3497540403956812,1.0,0.9995271126074304,0.9992765893990624,0.9971384800468093,0.0067371495729728805,0.0067371495729728805,0.0067371495729728805,0.0,0.0,0.0,0.0,0.0,0.0,0.0067371495729728805,0.0,4.500332845851613,1.4792054855228887,591.3104974966625,0.0,1.4724683359499158,0.0,0.0,0.0,0.0,-907.7186152246713,0.0,3.637978807091713e-12,0.0,0.0
opening_hypothesis,stationary,6.659518431205138,6.659518431205138,19997.05245923113,90000.0,0.0,0.0,0.0,0.0,0.0,0.0,0.0,0.0,2.0,0.0018850451197790633,0.0004901117311425564,0.0,0.3495098882688574,1.0,0.9990579214749832,0.9985584949084043,0.9943049092417661,0.013424790015097813,0.013424790015097813,0.013424790015097813,0.0,0.0,0.0,0.0,0.0,0.0,0.013424790015097813,0.0,4.500663294427364,2.9475407688719164,590.754703579628,0.0,2.9341159788568185,0.0,0.0,0.0,0.0,-907.7186152246713,0.0,3.637978807091713e-12,0.0,0.0
opening_hypothesis,stationary,9.952876696466838,9.952876696466838,19995.594800114537,90000.0,0.0,0.0,0.0,0.0,0.0,0.0,0.0,0.0,3.0,0.0028172640166478804,0.000732488644328449,0.0,0.3492675113556715,1.0,0.9985923596480626,0.9978456216343281,0.9914987463720817,0.020063805074873566,0.020063805074873566,0.020063805074873566,0.0,0.0,0.0,0.0,0.0,0.0,0.020063805074873566,0.0,4.500991388337419,4.405199885464146,590.2029508026574,0.0,4.385136080389272,0.0,0.0,0.0,0.0,-907.7186152246713,0.0,0.0,0.0,0.0
opening_hypothesis,stationary,13.222539530058668,13.222539530058668,19994.147628730894,90000.0,0.0,0.0,0.0,0.0,0.0,0.0,0.0,0.0,4.0,0.0037427756781074455,0.0009731216763079358,0.0,0.34902687832369206,1.0,0.9981303621153836,0.9971378774226237,0.9887194663736781,0.026655052987854665,0.026655052987854665,0.026655052987854665,0.0,0.0,0.0,0.0,0.0,0.0,0.026655052987854665,0.0,4.501317168963639,5.852371269106244,589.6551678398315,0.0,5.825716216118389,0.0,0.0,0.0,0.0,-907.7186152246713,0.0,0.0,0.0,0.0
opening_hypothesis,stationary,16.46892051689357,16.46892051689357,19992.710762025163,90000.0,0.0,0.0,0.0,0.0,0.0,0.0,0.0,0.0,5.0,0.004661697173617031,0.0012120412651404281,0.0,0.34878795873485957,1.0,0.9976718657314609,0.996435172749587,0.9859665596777442,0.033199367491595404,0.033199367491595404,0.033199367491595404,0.0,0.0,0.0,0.0,0.0,0.0,0.033199367491595404,0.0,4.501640676508414,7.289237974835128,589.1112854012023,0.0,7.256038607343533,0.0,0.0,0.0,0.0,-907.7186152246713,0.0,-3.637978807091713e-12,0.0,0.0
opening_hypothesis,stationary,19.692421567428447,19.692421567428447,19991.284022109492,90000.0,0.0,0.0,0.0,0.0,0.0,0.0,0.0,0.0,6.0,0.005574142268061169,0.001449276989695904,0.0,0.3485507230103041,1.0,0.997216809143016,0.9957374206185415,0.9832395315906259,0.03969755878934766,0.03969755878934766,0.03969755878934766,0.0,0.0,0.0,0.0,0.0,0.0,0.03969755878934766,0.0,4.501961950041023,8.715977890507016,588.5712361527007,0.0,8.676280331717669,0.0,0.0,0.0,0.0,-907.7186152246713,0.0,0.0,0.0,0.0
opening_hypothesis,stationary,22.893433371846342,22.893433371846342,19989.867236062175,90000.0,0.0,0.0,0.0,0.0,0.0,0.0,0.0,0.0,7.0,0.006480221550310588,0.001684857603080753,0.0,0.34831514239691924,1.0,0.9967651327190662,0.9950445364615272,0.9805379017050029,0.0461504144656376,0.0461504144656376,0.0461504144656376,0.0,0.0,0.0,0.0,0.0,0.0,0.0461504144656376,0.0,4.502281027541692,10.132763937821037,588.0349546400477,0.0,10.0866135233554,0.0,0.0,0.0,0.0,-907.7186152246713,0.0,-3.637978807091713e-12,0.0,0.0
opening_hypothesis,stationary,26.072335831807266,26.072335831807266,19988.460235736584,90000.0,0.0,0.0,0.0,0.0,0.0,0.0,0.0,0.0,8.0,0.007380042555433715,0.001918811064412766,0.0,0.3480811889355872,1.0,0.9963167784844712,0.9943564380458448,0.9778612033404485,0.052558700356623626,0.052558700356623626,0.052558700356623626,0.0,0.0,0.0,0.0,0.0,0.0,0.052558700356623626,0.0,4.502597945943457,11.539764263414614,587.5023772164182,0.0,11.48720556305799,0.0,0.0,0.0,0.0,-907.7186152246713,0.0,0.0,0.0,0.0
opening_hypothesis,stationary,29.229498471106147,29.229498471106147,19987.062857579374,90000.0,0.0,0.0,0.0,0.0,0.0,0.0,0.0,0.0,9.0,0.008273709880937634,0.002151164569043785,0.0,0.3478488354309562,1.0,0.9958716900567315,0.9936730453851653,0.9752089830116101,0.05892316137793346,0.05892316137793346,0.05892316137793346,0.0,0.0,0.0,0.0,0.0,0.0,0.05892316137793346,0.0,4.502912741172009,12.937142420623,586.9734419736432,0.0,12.878219259245066,0.0,0.0,0.0,0.0,-907.7186152246713,0.0,-3.637978807091713e-12,0.0,0.0
opening_hypothesis,stationary,32.365280826482675,32.365280826482675,19985.674942457543,90000.0,0.0,0.0,0.0,0.0,0.0,0.0,0.0,0.0,10.0,0.00916132529739082,0.0023819445773216132,0.0,0.3476180554226784,1.0,0.9954298125858464,0.9929942806549364,0.9725807999223705,0.0652445223124899,0.0652445223124899,0.0652445223124899,0.0,0.0,0.0,0.0,0.0,0.0,0.0652445223124899,0.0,4.503225448183595,14.325057542453946,586.4480886767351,0.0,14.259813020141456,0.0,0.0,0.0,0.0,-907.7186152246713,0.0,-3.637978807091713e-12,0.0,0.0
opening_hypothesis,stationary,35.48003281974241,35.48003281974241,19984.296335493706,90000.0,0.0,0.0,0.0,0.0,0.0,0.0,0.0,0.0,11.0,0.010042987853755854,0.002611176841976522,0.0,0.34738882315802344,1.0,0.9949910926970527,0.9923200681118337,0.9699762254844516,0.07152348856066233,0.07152348856066233,0.07152348856066233,0.0,0.0,0.0,0.0,0.0,0.0,0.07152348856066233,0.0,4.503536101001106,15.703664506290629,585.9262587015444,0.0,15.632141017729966,0.0,0.0,0.0,0.0,-907.7186152246713,0.0,-3.637978807091713e-12,0.0,0.0
opening_hypothesis,stationary,38.57409511226891,38.57409511226891,19982.926885909197,90000.0,0.0,0.0,0.0,0.0,0.0,0.0,0.0,0.0,12.0,0.010918793977737708,0.002838886434211804,0.0,0.34716111356578816,1.0,0.9945554784362773,0.9916503340170241,0.9673948428590571,0.07776074685492064,0.07776074685492064,0.07776074685492064,0.0,0.0,0.0,0.0,0.0,0.0,0.07776074685492064,0.0,4.503844732748473,17.07311409080072,585.407894975366,0.0,16.995353343945798,0.0,0.0,0.0,0.0,-907.7186152246713,0.0,-3.637978807091713e-12,0.0,0.0
opening_hypothesis,stationary,41.647799442933945,41.647799442933945,19981.566446874498,90000.0,0.0,0.0,0.0,0.0,0.0,0.0,0.0,0.0,13.0,0.011788837571432722,0.003065097768572508,0.0,0.3469349022314275,1.0,0.9941229192181492,0.990985006563022,0.9648362465202073,0.08395696594102167,0.08395696594102167,0.08395696594102167,0.0,0.0,0.0,0.0,0.0,0.0,0.08395696594102167,0.0,4.504151375683448,18.433553125497383,584.8929419203281,0.0,18.349596159556363,0.0,0.0,0.0,0.0,-907.7186152246713,0.0,-3.637978807091713e-12,0.0,0.0
opening_hypothesis,stationary,44.701468950345664,44.701468950345664,19980.214875366626,90000.0,0.0,0.0,0.0,0.0,0.0,0.0,0.0,0.0,14.0,0.01265321010254424,0.0032898346266615024,0.0,0.3467101653733385,1.0,0.993693365776424,0.9903240158039368,0.9623000418385416,0.0901127972276228,0.0901127972276228,0.0901127972276228,0.0,0.0,0.0,0.0,0.0,0.0,0.0901127972276228,0.0,4.504456061228849,19.785124633368145,584.3813453994038,0.0,19.695011836140523,0.0,0.0,0.0,0.0,-907.7186152246713,0.0,-7.275957614183426e-12,0.0,0.0
opening_hypothesis,stationary,47.73541848031189,47.73541848031189,19978.872032033036,90000.0,0.0,0.0,0.0,0.0,0.0,0.0,0.0,0.0,15.0,0.013512000691413272,0.0035131201797674507,0.0,0.3464868798202325,1.0,0.993266770116688,0.9896672935889193,0.959785844684428,0.09622887540609112,0.09622887540609112,0.09622887540609112,0.0,0.0,0.0,0.0,0.0,0.0,0.09622887540609112,0.0,4.504758820002396,21.1279679669599,583.8730526649009,0.0,21.03173909155381,0.0,0.0,0.0,0.0,-907.7186152246713,0.0,-3.637978807091713e-12,0.0,0.0
opening_hypothesis,stationary,50.74995487933892,50.74995487933892,19977.537781061714,90000.0,0.0,0.0,0.0,0.0,0.0,0.0,0.0,0.0,16.0,0.014365296194096325,0.0037349770104650446,0.0,0.34626502298953493,1.0,0.9928430854712129,0.9890147734986322,0.9572932810493051,0.10230581904216174,0.10230581904216174,0.10230581904216174,0.0,0.0,0.0,0.0,0.0,0.0,0.10230581904216174,0.0,4.505059681845182,22.462218938283144,583.36801230929,0.0,22.359913119240982,0.0,0.0,0.0,0.0,-907.7186152246713,0.0,-3.637978807091713e-12,0.0,0.0
opening_hypothesis,stationary,53.74537727493227,53.74537727493227,19976.211990057123,90000.0,0.0,0.0,0.0,0.0,0.0,0.0,0.0,0.0,17.0,0.015213181281707431,0.0039554271332439325,0.0,0.34604457286675605,1.0,0.9924222662558455,0.9883663907845767,0.9548219866842427,0.10834423114099045,0.10834423114099045,0.10834423114099045,0.0,0.0,0.0,0.0,0.0,0.00038506759146422455,0.10791637826158576,4.2785287940469385e-05,4.505358675848866,23.78800994287469,582.8661742182442,0.0,23.6796657117337,0.00038506759146422455,0.006417151411751302,0.0,0.0,-907.7121980732595,0.0,-3.637978807091713e-12,0.0,0.0
opening_hypothesis,stationary,56.72197734341729,56.72197734341729,19974.89452992166,90000.0,0.0,0.0,0.0,0.0,0.0,0.0,0.0,0.0,18.0,0.016055738516227512,0.004174492014219153,0.0,0.3458255079857808,1.0,0.9920042680288188,0.9877220823111201,0.9523716067547833,0.11434469968704802,0.11434469968704802,0.11434469968704802,0.0,0.0,0.0,0.0,0.0,0.005795790204861156,0.10790493279275785,0.0006439766894290172,4.505655830381647,25.105470078336587,582.3674895257706,0.0,24.99112537864954,0.005795790204861156,0.09658684376401117,0.0,0.0,-907.6220283809073,0.0,-3.637978807091713e-12,0.0,0.0
opening_hypothesis,stationary,59.68003956595135,59.68003956595135,19973.58527474235,90000.0,0.0,0.0,0.0,0.0,0.0,0.0,0.0,0.0,19.0,0.01689304842297126,0.004392192589972528,0.0,0.34560780741002745,1.0,0.9915890474513829,0.9870817865000808,0.9499417955111764,0.12030779816020999,0.12030779816020999,0.12030779816020999,0.0,0.0,0.0,0.0,0.0,0.011172815130451158,0.10789355912637537,0.0012414239033834617,4.505951173113108,26.414725257648584,581.8719105713183,0.0,26.294417459488375,0.011172815130451158,0.18619496414896852,0.0,0.0,-907.5324202605224,0.0,-3.637978807091713e-12,0.0,1.3877787807814457e-17
opening_hypothesis,stationary,62.61984147335726,62.61984147335726,19972.284101682464,90000.0,0.0,0.0,0.0,0.0,0.0,0.0,0.0,0.0,20.0,0.017725189559889755,0.0046085492855713365,0.0,0.3453914507144286,1.0,0.9911765622501585,0.9864454432777313,0.9475322159731806,0.12623408602931144,0.12623408602931144,0.12623408602931144,0.0,0.0,0.0,0.0,0.0,0.016516646859260232,0.10788225618568895,0.0018351829843622476,4.506244731037969,27.715898317532773,581.379390858761,0.0,27.589664231503463,0.016516646859260232,0.27524991990957176,0.0,0.0,-907.4433653047618,0.0,-3.637978807091713e-12,0.0,2.7755575615628914e-17
opening_hypothesis,stationary,65.54165388036839,65.54165388036839,19970.990890877863,90000.0,0.0,0.0,0.0,0.0,0.0,0.0,0.0,0.0,21.0,0.018552238583875943,0.0048235820318077455,0.0,0.3451764179681922,1.0,0.9907667711811206,0.9858129940240948,0.9451425396286613,0.13212410922435702,0.13212410922435702,0.13212410922435702,0.0,0.0,0.0,0.0,0.0,0.021827777673901903,0.10787102292002157,0.002425308630433544,4.506536530498806,29.009109122131836,580.8898850171524,0.0,28.87698501290748,0.021827777673901903,0.3637599149355752,0.0,0.0,-907.3548553097357,0.0,-3.637978807091713e-12,0.0,0.0
opening_hypothesis,stationary,68.44574110983912,68.44574110983912,19969.705525337748,90000.0,0.0,0.0,0.0,0.0,0.0,0.0,0.0,0.0,22.0,0.019374270314229728,0.005037310281699729,0.0,0.34496268971830024,1.0,0.990359633995128,0.9851843815244126,0.9427724461452482,0.13797840058850247,0.13797840058850247,0.13797840058850247,0.0,0.0,0.0,0.0,0.0,0.02710668805614415,0.10785985830389787,0.00301185422846046,4.506826597207814,30.294474662245857,580.403348763163,0.0,30.156496261657356,0.02710668805614415,0.4517329564556422,0.0,0.0,-907.2668822682157,0.0,-7.275957614183426e-12,0.0,0.0
opening_hypothesis,stationary,71.3323612074408,71.3323612074408,19968.427890849634,90000.0,0.0,0.0,0.0,0.0,0.0,0.0,0.0,0.0,23.0,0.02019135779342986,0.005249753026291764,0.0,0.3447502469737082,1.0,0.9899551114049191,0.9845595499226713,0.9404216230943819,0.14379748031085574,0.14379748031085574,0.14379748031085574,0.0,0.0,0.0,0.0,0.0,0.032353847077180836,0.10784876133621038,0.003594871897464536,4.5071149562676265,31.572109150357974,579.9197388651113,0.0,31.42831167004712,0.032353847077180836,0.5391768615412186,0.0,0.0,-907.1794383631301,0.0,-7.275957614183426e-12,0.0,-2.7755575615628914e-17
opening_hypothesis,stationary,74.20176614733155,74.20176614733155,19967.15787588833,90000.0,0.0,0.0,0.0,0.0,0.0,0.0,0.0,0.0,24.0,0.02100357234535087,0.005460928809791227,0.0,0.34453907119020877,1.0,0.9895531650534963,0.9839384446770847,0.9380897656870976,0.14958185634108273,0.14958185634108273,0.14958185634108273,0.0,0.0,0.0,0.0,0.0,0.037569712771495394,0.10783773103942117,0.004174412530166154,4.507401632191279,32.84212411166501,579.4390131085067,0.0,32.69254225532393,0.037569712771495394,0.6260992633369707,0.0,0.0,-907.0925159613344,0.0,-3.637978807091713e-12,0.0,2.7755575615628914e-17
opening_hypothesis,stationary,77.05420202925907,77.05420202925907,19965.895371528677,90000.0,0.0,0.0,0.0,0.0,0.0,0.0,0.0,0.0,25.0,0.021810983631055072,0.0056708557440743185,0.0,0.34432914425592565,1.0,0.9891537574838315,0.9833210125174284,0.935776576520952,0.15533202478674277,0.15533202478674277,0.15533202478674277,0.0,0.0,0.0,0.0,0.0,0.04275473249515218,0.1078267664587959,0.004750525832794686,4.5076866489213305,34.10462847131628,578.961130263028,0.0,33.94929644652954,0.04275473249515218,0.7125076170317111,0.0,0.0,-907.0061076076396,0.0,-7.275957614183426e-12,0.0,2.7755575615628914e-17
opening_hypothesis,stationary,79.88990926752797,79.88990926752797,19964.64027136194,90000.0,0.0,0.0,0.0,0.0,0.0,0.0,0.0,0.0,26.0,0.022613659702281682,0.005879551522593237,0.0,0.34412044847740675,1.0,0.9887568521098226,0.9827072014041376,0.9334817653375271,0.16104847029422428,0.16104847029422428,0.16104847029422428,0.0,0.0,0.0,0.0,0.0,0.047909343269298146,0.10781586666167077,0.005323260363255348,4.507970029848197,35.359728638051635,578.4860500508647,0.0,35.19868016775741,0.047909343269298146,0.7984092055828536,0.0,0.0,-906.9202060190885,0.0,-1.0913936421275139e-11,0.0,2.7755575615628914e-17
opening_hypothesis,stationary,82.70912277223832,82.70912277223832,19963.392471415573,90000.0,0.0,0.0,0.0,0.0,0.0,0.0,0.0,0.0,27.0,0.02341166705274828,0.0060870334337145525,0.0,0.34391296656628545,1.0,0.9883624131884413,0.9820969604890749,0.9312050487899663,0.16673166641409976,0.16673166641409976,0.16673166641409976,0.0,0.0,0.0,0.0,0.0,0.053033972109616453,0.10780503073674814,0.0058926635677351595,4.5082517978277385,36.60752858441867,578.013733116353,0.0,36.440796918004565,0.053033972109616453,0.8838111452067582,0.0,0.0,-906.8348040794646,0.0,-7.275957614183426e-12,0.0,0.0
opening_hypothesis,stationary,85.51207212317763,85.51207212317763,19962.151870076254,90000.0,0.0,0.0,0.0,0.0,0.0,0.0,0.0,0.0,28.0,0.02420507066737269,0.0062933183735169,0.0,0.3437066816264831,1.0,0.987970405793012,0.9814902400778915,0.928946150220061,0.17238207595167132,0.17238207595167132,0.17238207595167132,0.0,0.0,0.0,0.0,0.0,0.05812903634242462,0.10779425779342174,0.006458781815824956,4.508531975198133,37.84812992373828,577.5441409968435,0.0,37.6757478477866,0.05812903634242462,0.9687203906465062,0.0,0.0,-906.7498948340248,0.0,-7.275957614183426e-12,0.0,0.0
opening_hypothesis,stationary,88.29898173672676,88.29898173672676,19960.918368016013,90000.0,0.0,0.0,0.0,0.0,0.0,0.0,0.0,0.0,29.0,0.02499393406951744,0.006498422858074534,0.0,0.3435015771419254,1.0,0.9875807957875657,0.9808869915938984,0.9267047994444009,0.17800015130343272,0.17800015130343272,0.17800015130343272,0.0,0.0,0.0,0.0,0.0,0.06319494390807409,0.10778354696112817,0.0070216604342304536,4.5088105837960715,39.08163198397818,577.0772360947375,0.0,38.90363183267475,0.06319494390807409,1.0531437402280548,0.0,0.0,-906.6654714844433,0.0,-7.275957614183426e-12,0.0,2.7755575615628914e-17
opening_hypothesis,stationary,91.0700710261194,91.0700710261194,19959.691868121306,90000.0,0.0,0.0,0.0,0.0,0.0,0.0,0.0,0.0,30.0,0.02577831936635283,0.006702363035251737,0.0,0.34329763696474824,1.0,0.9871935498022173,0.9802871675433773,0.9244807325491528,0.18358633478013356,0.18358633478013356,0.18358633478013356,0.0,0.0,0.0,0.0,0.0,0.06823209365226764,0.10777289738872507,0.0075813437391408466,4.509087644972307,40.30813187868468,576.6129816506391,0.0,40.124545543904546,0.06823209365226764,1.1370878407150402,0.0,0.0,-906.5815273839562,0.0,-7.275957614183426e-12,0.0,0.0
opening_hypothesis,stationary,93.82555455537543,93.82555455537543,19958.472275424876,90000.0,0.0,0.0,0.0,0.0,0.0,0.0,0.0,0.0,31.0,0.02655828729242939,0.006905154696031641,0.0,0.34309484530396833,1.0,0.9868086352095171,0.9796907214822599,0.9222736916930355,0.1891410589170902,0.1891410589170902,0.1891410589170902,0.0,0.0,0.0,0.0,0.0,0.0732408756058775,0.10776230824389299,0.00813787506731972,4.509363179606596,41.52772457511445,576.1513417175651,0.0,41.33858351619736,0.0732408756058775,1.2205591919719485,0.0,0.0,-906.4980560326993,0.0,-1.0913936421275139e-11,0.0,0.0
opening_hypothesis,stationary,96.56564218721071,96.56564218721071,19957.259497040293,90000.0,0.0,0.0,0.0,0.0,0.0,0.0,0.0,0.0,32.0,0.02733389725154521,0.007106813285401755,0.0,0.34289318671459823,1.0,0.9864260201017294,0.9790976079841125,0.9200834249181156,0.19466474677235432,0.19466474677235432,0.19466474677235432,0.0,0.0,0.0,0.0,0.0,0.07822167125381362,0.10775177871256142,0.008691296805979288,4.509637208122047,42.74050295970023,575.6922811361655,0.0,42.545838212927876,0.07822167125381362,1.3035641514448038,0.0,0.0,-906.4150510732266,0.0,-7.275957614183426e-12,0.0,-2.7755575615628914e-17
opening_hypothesis,stationary,99.29053922520797,99.29053922520797,19956.053442099015,90000.0,0.0,0.0,0.0,0.0,0.0,0.0,0.0,0.0,33.0,0.028105207356988918,0.007307353912817119,0.0,0.34269264608718286,1.0,0.9860456732689938,0.9785077826093614,0.9179096859680305,0.20015781221331222,0.20015781221331222,0.20015781221331222,0.0,0.0,0.0,0.0,0.0,0.0831748537934602,0.10774130799835643,0.009241650421495575,4.509909750498926,43.94655790097648,575.2357655109048,0.0,43.74640008876317,0.0831748537934602,1.386108938468014,0.0,0.0,-906.3325062862033,0.0,-7.275957614183426e-12,0.0,0.0
opening_hypothesis,stationary,102.00044655051919,102.00044655051919,19954.85402168991,90000.0,0.0,0.0,0.0,0.0,0.0,0.0,0.0,0.0,34.0,0.028872274470234677,0.007506791362261016,0.0,0.34249320863773897,1.0,0.9856675641783295,0.9779212018757029,0.9157522341133005,0.2056206601922606,0.2056206601922606,0.2056206601922606,0.0,0.0,0.0,0.0,0.0,0.0881007883831714,0.10773089532207016,0.009788976487019041,4.510180826287909,45.14597831008465,574.7817611871587,0.0,44.94035764989239,0.0881007883831714,1.4681996384055513,0.0,0.0,-906.2504155862657,0.0,-7.275957614183426e-12,0.0,0.0
opening_hypothesis,stationary,104.69556075335345,104.69556075335345,19953.661148801024,90000.0,0.0,0.0,0.0,0.0,0.0,0.0,0.0,0.0,35.0,0.029635154238161168,0.007705140101921904,0.0,0.34229485989807806,1.0,0.9852916629534404,0.9773378232296415,0.9136108339833916,0.21105368701147012,0.21105368701147012,0.21105368701147012,0.0,0.0,0.0,0.0,0.0,0.0929998323812881,0.10772053992115002,0.010333314709032008,4.510450454622856,46.338851198970424,574.330235229187,0.0,46.12779751195895,0.0929998323812881,1.5498422066341662,0.0,0.0,-906.1687730180371,0.0,-7.275957614183426e-12,0.0,0.0
opening_hypothesis,stationary,107.37607425949149,107.37607425949149,19952.474738263612,90000.0,0.0,0.0,0.0,0.0,0.0,0.0,0.0,0.0,36.0,0.03039390112886284,0.007902414293504339,0.0,0.3420975857064956,1.0,0.9849179403552875,0.9767576050191048,0.9114852554052131,0.2164572805782237,0.2164572805782237,0.2164572805782237,0.0,0.0,0.0,0.0,0.0,0.09787233557611436,0.10771024104920773,0.010874703952901592,4.510718654233082,47.5252617363798,573.881155398936,0.0,47.30880445580157,0.09787233557611436,1.6310424723759456,0.0,0.0,-906.0875727522954,0.0,-7.275957614183426e-12,0.0,0.0
opening_hypothesis,stationary,110.04217545205444,110.04217545205444,19951.294706698238,90000.0,0.0,0.0,0.0,0.0,0.0,0.0,0.0,0.0,37.0,0.031148568466117802,0.008098627801190628,0.0,0.34190137219880934,1.0,0.9845463677633896,0.9761805064670863,0.9093752732477575,0.22183182065028748,0.22183182065028748,0.22183182065028748,0.0,0.0,0.0,0.0,0.0,0.10271864040726701,0.10769999797554637,0.01141318226747411,4.510985443455173,48.705293301754594,573.4344901356401,0.0,48.48346148110431,0.10271864040726701,1.7118061423871047,0.0,0.0,-906.0068090822842,0.0,-7.275957614183426e-12,0.0,-2.7755575615628914e-17
opening_hypothesis,stationary,112.69404878874258,112.69404878874258,19950.120972462868,90000.0,0.0,0.0,0.0,0.0,0.0,0.0,0.0,0.0,38.0,0.03189920846257346,0.008293794200269098,0.0,0.3417062057997309,1.0,0.9841769171578226,0.9756064876462673,0.9072806672725937,0.22717767907225037,0.22717767907225037,0.22717767907225037,0.0,0.0,0.0,0.0,0.0,0.10753908217879078,0.10768980998470505,0.01194878690875453,4.511250840244373,49.87902753712305,572.9902085361779,0.0,49.6518498580508,0.10753908217879078,1.7921388045095483,0.0,0.0,-905.9264764201617,0.0,-7.275957614183426e-12,0.0,0.0
opening_hypothesis,stationary,115.33187491474793,115.33187491474793,19948.953455602918,90000.0,0.0,0.0,0.0,0.0,0.0,0.0,0.0,0.0,39.0,0.03264587225170757,0.008487926785443968,0.0,0.341512073214556,1.0,0.9838095611018838,0.9750355094545766,0.9052012219899588,0.23249522000314204,0.23249522000314204,0.23249522000314204,0.0,0.0,0.0,0.0,0.0,0.11233398926440914,0.10767967637602077,0.012481554362712125,4.511514862185533,51.04654439707552,572.5482803361577,0.0,50.81404917707238,0.11233398926440914,1.8720459310913782,0.0,0.0,-905.8465692935799,0.0,-7.275957614183426e-12,0.0,2.7755575615628914e-17
opening_hypothesis,stationary,117.95583077153427,117.95583077153427,19947.79207780308,90000.0,0.0,0.0,0.0,0.0,0.0,0.0,0.0,0.0,40.0,0.033388609918619576,0.00868103857884109,0.0,0.34131896142115886,1.0,0.9834442727253919,0.9744675335916437,0.9031367265201831,0.23778480013572048,0.23778480013572048,0.23778480013572048,0.0,0.0,0.0,0.0,0.0,0.11710368330526313,0.10766959646320588,0.013011520367251455,4.511777526503677,52.20792219691117,572.108675891691,0.0,51.97013739677545,0.11710368330526313,1.95153288228221,0.0,0.0,-905.7670823423891,0.0,-1.0913936421275139e-11,0.0,2.7755575615628914e-17
opening_hypothesis,stationary,120.56608970166745,120.56608970166745,19946.636762340953,90000.0,0.0,0.0,0.0,0.0,0.0,0.0,0.0,0.0,41.0,0.03412747052970386,0.008873142337723003,0.0,0.34112685766227696,1.0,0.9830810257085948,0.9739025225361088,0.9010869744602213,0.24304676890779736,0.24304676890779736,0.24304676890779736,0.0,0.0,0.0,0.0,0.0,0.12184847940047064,0.10765956957394111,0.013538719933385623,4.512038850074168,53.36323765903644,571.6713661618311,0.0,53.12019089012865,0.12184847940047064,2.030604909208843,0.0,0.0,-905.6880103154624,0.0,-1.0913936421275139e-11,0.0,0.0
opening_hypothesis,stationary,123.16282154986999,123.16282154986999,19945.487434042298,90000.0,0.0,0.0,0.0,0.0,0.0,0.0,0.0,0.0,42.0,0.03486250216125432,0.009064250561926123,0.0,0.34093574943807387,1.0,0.9827197942666582,0.9733404395237467,0.8990517637550512,0.24828146870595189,0.24828146870595189,0.24828146870595189,0.0,0.0,0.0,0.0,0.0,0.12656868629082177,0.10764959504948327,0.01406318736564686,4.512298849432527,54.512565957692416,571.2363226916424,0.0,54.26428448898646,0.12656868629082177,2.1092671570365447,0.0,0.0,-905.6093480676348,0.0,-1.0913936421275139e-11,0.0,0.0
opening_hypothesis,stationary,125.7461927604645,125.7461927604645,19944.34401923791,90000.0,0.0,0.0,0.0,0.0,0.0,0.0,0.0,0.0,43.0,0.03559375192704671,0.009254375501032145,0.0,0.34074562449896784,1.0,0.9823605531347102,0.972781248526376,0.8970308965737408,0.25348923506196513,0.25348923506196513,0.25348923506196513,0.0,0.0,0.0,0.0,0.0,0.13126460653591052,0.10763967224428678,0.014584956281767833,4.5125575407838845,55.655980762083814,570.8035175958755,0.0,55.40249152702185,0.13126460653591052,2.1875246679209486,0.0,0.0,-905.5310905567503,0.0,-7.275957614183426e-12,0.0,0.0
opening_hypothesis,stationary,128.31636647136227,128.31636647136227,19943.206445722015,90000.0,0.0,0.0,0.0,0.0,0.0,0.0,0.0,0.0,44.0,0.03632126600494311,0.00944352916128521,0.0,0.34055647083871476,1.0,0.9820032775534157,0.972224914231514,0.8950241791899616,0.25867039684228976,0.25867039684228976,0.25867039684228976,0.0,0.0,0.0,0.0,0.0,0.1359365366849858,0.10762980052563889,0.015104059631665084,4.512814940012104,56.79355427797888,570.3729235432203,0.0,56.53488388113659,0.1359365366849858,2.2653823838552882,0.0,0.0,-905.453232840816,0.0,-7.275957614183426e-12,0.0,0.0
opening_hypothesis,stationary,130.87350260474548,130.87350260474548,19942.074642712145,90000.0,0.0,0.0,0.0,0.0,0.0,0.0,0.0,0.0,45.0,0.03704508966256041,0.009631723312265708,0.0,0.3403682766877343,1.0,0.9816479432550616,0.9716714020227479,0.8930314218667771,0.2638252764308543,0.2638252764308543,0.2638252764308543,0.0,0.0,0.0,0.0,0.0,0.1405847674417921,0.10761997927330752,0.015620529715754674,4.513071062688586,57.92535728784584,569.9445137411138,0.0,57.661532011414984,0.1405847674417921,2.342845149417465,0.0,0.0,-905.3757700752539,0.0,-1.0913936421275139e-11,0.0,0.0
opening_hypothesis,stationary,133.41775795458386,133.41775795458386,19940.948540810405,90000.0,0.0,0.0,0.0,0.0,0.0,0.0,0.0,0.0,46.0,0.03776526728204283,0.009818969493331137,0.0,0.3401810305066688,1.0,0.981294526450127,0.9711206779607907,0.8910524387454967,0.2689541899054865,0.2689541899054865,0.2689541899054865,0.0,0.0,0.0,0.0,0.0,0.14520958382365648,0.10761020787920153,0.016134398202628495,4.5133259240807595,59.05145918958831,569.5182619210788,0.0,58.78250499968282,0.14520958382365648,2.419917714421235,0.0,0.0,-905.2986975102501,0.0,-7.275957614183426e-12,0.0,-5.551115123125783e-17
opening_hypothesis,stationary,135.9492862711196,135.9492862711196,19939.828071966054,90000.0,0.0,0.0,0.0,0.0,0.0,0.0,0.0,0.0,47.0,0.03848184238397624,0.010005279019833823,0.0,0.33999472098016614,1.0,0.9809430038143208,0.9705727087651946,0.889087047738449,0.27405744720822456,0.27405744720822456,0.27405744720822456,0.0,0.0,0.0,0.0,0.0,0.14981126531506372,0.10760048574704265,0.01664569614611819,4.513579539160292,60.171928033938734,569.0941423245679,0.0,59.89787058673051,0.14981126531506372,2.496604736475537,0.0,0.0,-905.2220104881958,0.0,-7.275957614183426e-12,0.0,0.0
opening_hypothesis,stationary,138.46823834244796,138.46823834244796,19938.713169439427,90000.0,0.0,0.0,0.0,0.0,0.0,0.0,0.0,0.0,48.0,0.039194857650480364,0.010190662989124894,0.0,0.33980933701087507,1.0,0.9805933524760646,0.9700274617966914,0.8871350704254825,0.279135352309774,0.279135352309774,0.279135352309774,0.0,0.0,0.0,0.0,0.0,0.1543900860159526,0.10759081229204885,0.01715445400177251,4.513831922610998,61.286830560566486,568.6721296892979,0.0,61.00769520825671,0.1543900860159526,2.5729107834558502,0.0,0.0,-905.1457044412155,0.0,-7.275957614183426e-12,0.0,0.0
opening_hypothesis,stationary,140.97476207331454,140.97476207331454,19937.60376776704,90000.0,0.0,0.0,0.0,0.0,0.0,0.0,0.0,0.0,49.0,0.03990435494751321,0.010375132286353434,0.0,0.3396248677136465,1.0,0.9802455500044054,0.969484905040137,0.8851963319540592,0.28418820336835326,0.28418820336835326,0.28418820336835326,0.0,0.0,0.0,0.0,0.0,0.15894631478495258,0.10758118694062821,0.017660701642772503,4.514083088836496,62.396232232953956,568.2521992360472,0.0,62.112044029585604,0.15894631478495258,2.6488403358912347,0.0,0.0,-905.0697748887801,0.0,-7.275957614183426e-12,0.0,-5.551115123125783e-17
opening_hypothesis,stationary,143.4690025612438,143.4690025612438,19936.499802727903,90000.0,0.0,0.0,0.0,0.0,0.0,0.0,0.0,0.0,50.0,0.04061037534641997,0.010558697590069194,0.0,0.33944130240993076,1.0,0.9798995743973369,0.9689450070880317,0.8832706609427734,0.28921629288316014,0.28921629288316014,0.28921629288316014,0.0,0.0,0.0,0.0,0.0,0.1634802153777688,0.10757160913008368,0.01816446837530764,4.514333051967594,63.50019727209149,567.834326655902,0.0,63.21098097920833,0.1634802153777688,2.724397789270517,0.0,0.0,-904.9942174354007,0.0,-3.637978807091713e-12,0.0,0.0
opening_hypothesis,stationary,145.95110217010907,145.95110217010907,19935.401211310957,90000.0,0.0,0.0,0.0,0.0,0.0,0.0,0.0,0.0,51.0,0.04131295914475782,0.010741369377637033,0.0,0.33925863062236294,1.0,0.9795554040705153,0.9684077371245969,0.881357889388168,0.29421990784267943,0.29421990784267943,0.29421990784267943,0.0,0.0,0.0,0.0,0.0,0.1679920465809171,0.10756207830832712,0.01866578295343523,4.514581825869437,64.59878868903985,567.4184880979307,0.0,64.30456878119718,0.1679920465809171,2.7995874562709835,0.0,0.0,-904.9190277684003,0.0,-3.637978807091713e-12,0.0,-5.551115123125783e-17
opening_hypothesis,stationary,148.42120060124782,148.42120060124782,19934.30793168359,90000.0,0.0,0.0,0.0,0.0,0.0,0.0,0.0,0.0,52.0,0.04201214588642578,0.010923157930470703,0.0,0.33907684206952926,1.0,0.9792130178463518,0.9678730649103803,0.8794578525746988,0.29919932986804343,0.29919932986804343,0.29919932986804343,0.0,0.0,0.0,0.0,0.0,0.172482062340996,0.10755259393360345,0.019164673593443995,4.514829424148405,65.69206831640632,567.0046601572699,0.0,65.39286898653828,0.172482062340996,2.8744135689126984,0.0,0.0,-904.8442016557586,0.0,-3.637978807091713e-12,0.0,0.0
opening_hypothesis,stationary,150.87943496222132,150.87943496222132,19933.219903161218,90000.0,0.0,0.0,0.0,0.0,0.0,0.0,0.0,0.0,53.0,0.04270797438112787,0.011104073339093246,0.0,0.33889592666090673,1.0,0.9788723949434678,0.9673409607673729,0.8775703889877345,0.3041548353516427,0.3041548353516427,0.3041548353516427,0.0,0.0,0.0,0.0,0.0,0.17695051188967723,0.10754315547422354,0.01966116798774191,4.515075860158793,66.78009683877801,566.5928198636043,0.0,66.47594200342637,0.17695051188967723,2.948880280641471,0.0,0.0,-904.7697349440298,0.0,-3.637978807091713e-12,0.0,5.551115123125783e-17
opening_hypothesis,stationary,153.32593983331387,153.32593983331387,19932.137066177842,90000.0,0.0,0.0,0.0,0.0,0.0,0.0,0.0,0.0,54.0,0.0434004827231964,0.011284125508031066,0.0,0.33871587449196894,1.0,0.9785335149664969,0.9668113955646146,0.8756953402294513,0.30908669559118074,0.30908669559118074,0.30908669559118074,0.0,0.0,0.0,0.0,0.0,0.1813976398645871,0.10753376240830619,0.02015529331828745,4.5153211470092645,67.8629338221549,566.1829446700257,0.0,67.55384712656372,0.1813976398645871,3.022991668343344,0.0,0.0,-904.695623556328,0.0,-3.637978807091713e-12,0.0,0.0
opening_hypothesis,stationary,155.7608473318607,155.7608473318607,19931.059362257576,90000.0,0.0,0.0,0.0,0.0,0.0,0.0,0.0,0.0,55.0,0.04408970830980065,0.011463324160548169,0.0,0.3385366758394518,1.0,0.9781963578962211,0.96628434070427,0.87383255093752,0.3139951769193513,0.3139951769193513,0.3139951769193513,0.0,0.0,0.0,0.0,0.0,0.1858236864262407,0.10752441422352833,0.020647076269582294,4.515565297569099,68.9406377424217,565.7750124422568,0.0,68.62664256550235,0.1858236864262407,3.096751734293301,0.0,0.0,-904.621863490378,0.0,-3.637978807091713e-12,0.0,0.0
opening_hypothesis,stationary,158.18428717449143,158.18428717449143,19929.9867339871,90000.0,0.0,0.0,0.0,0.0,0.0,0.0,0.0,0.0,56.0,0.044775687858565484,0.011641678843227025,0.0,0.33835832115677295,1.0,0.9778609040800275,0.9657597681081558,0.8719818687064704,0.3188805408293138,0.3188805408293138,0.3188805408293138,0.0,0.0,0.0,0.0,0.0,0.19022888737118748,0.10751511041688323,0.021136543041243048,4.515808324474234,70.0132660128971,565.3690014482215,0.0,69.6943854720678,0.19022888737118748,3.170164408040839,0.0,0.0,-904.5484508166305,0.0,0.0,0.0,0.0
opening_hypothesis,stationary,160.59638673737038,160.59638673737038,19928.919124989003,90000.0,0.0,0.0,0.0,0.0,0.0,0.0,0.0,0.0,57.0,0.04545845742462303,0.01181919893040199,0.0,0.33818080106959797,1.0,0.9775271342226726,0.9652376502047,0.870143144011618,0.3237430440961302,0.3237430440961302,0.3237430440961302,0.0,0.0,0.0,0.0,0.0,0.19461347424151496,0.1075058504944469,0.021623719360168322,4.516050240133114,71.08087501099656,564.9648903479546,0.0,70.75713196690043,0.19461347424151496,3.2432335482348464,0.0,0.0,-904.4753816764364,0.0,0.0,0.0,0.0
opening_hypothesis,stationary,162.99727111451207,162.99727111451207,19927.856479895956,90000.0,0.0,0.0,0.0,0.0,0.0,0.0,0.0,0.0,58.0,0.04613805241711947,0.011995893628451063,0.0,0.33800410637154893,1.0,0.9771950293773419,0.9647179599163205,0.868316230135466,0.32858293889432255,0.32858293889432255,0.32858293889432255,0.0,0.0,0.0,0.0,0.0,0.19897767443085398,0.10749663397115149,0.022108630492317104,4.516291056732355,72.14352010404305,564.5626581838302,0.0,71.81493716514872,0.19897767443085398,3.3159629443901815,0.0,0.0,-904.4026522802811,0.0,0.0,0.0,0.0
opening_hypothesis,stationary,165.38706317424635,165.38706317424635,19926.79874432574,90000.0,0.0,0.0,0.0,0.0,0.0,0.0,0.0,0.0,59.0,0.04681450761519806,0.012171771979951495,0.0,0.33782822802004847,1.0,0.9768645709369952,0.9642006706472015,0.8665009830964735,0.3334004729116997,0.3334004729116997,0.3334004729116997,0.0,0.0,0.0,0.0,0.0,0.20332171128702012,0.10748746037056624,0.022591301254113343,4.516530786242219,73.20125567425882,564.1622843711026,0.0,72.86785520134711,0.20332171128702012,3.38835631859819,0.0,0.0,-904.3302589060731,0.0,0.0,0.0,0.0
opening_hypothesis,stationary,167.7658836139045,167.7658836139045,19925.74586485703,90000.0,0.0,0.0,0.0,0.0,0.0,0.0,0.0,0.0,60.0,0.047487857183478595,0.012346842867704435,0.0,0.33765315713229554,1.0,0.9765357406259838,0.9636857562714576,0.8646972615801097,0.3381958894595978,0.3381958894595978,0.3381958894595978,0.0,0.0,0.0,0.0,0.0,0.2076458042114214,0.10747832922468509,0.02307175602349126,4.516769440421937,74.25413514296979,563.7637486887445,0.0,73.91593925351019,0.2076458042114214,3.4604173271833374,0.0,0.0,-904.258197897488,0.0,-3.637978807091713e-12,0.0,5.551115123125783e-17
opening_hypothesis,stationary,170.13385101279403,170.13385101279403,19924.697789005946,90000.0,0.0,0.0,0.0,0.0,0.0,0.0,0.0,0.0,61.0,0.0481581346870525,0.012521115018633651,0.0,0.3374788849813663,1.0,0.9762085204919314,0.9631731911216657,0.8629049268720901,0.3429694275796712,0.3429694275796712,0.3429694275796712,0.0,0.0,0.0,0.0,0.0,0.21195016875535516,0.10746924007372102,0.023550018750595012,4.51700703082484,75.30221099405253,563.3670312705716,0.0,74.95924156647285,0.21195016875535516,3.5321495623079935,0.0,0.0,-904.1864656623633,0.0,0.0,0.0,0.0
opening_hypothesis,stationary,172.4910818835273,172.4910818835273,19923.654465203344,90000.0,0.0,0.0,0.0,0.0,0.0,0.0,0.0,0.0,62.0,0.048825373106011906,0.012694597007563096,0.0,0.3373054029924369,1.0,0.9758828928978681,0.9626629499777556,0.8611238427937313,0.347721322147365,0.347721322147365,0.347721322147365,0.0,0.0,0.0,0.0,0.0,0.21623501671331238,0.10746019246590677,0.024026112968145816,4.5172435688033525,76.34553479665253,562.9721125966432,0.0,75.99781347450516,0.21623501671331238,3.603556553527351,0.0,0.0,-904.115058671144,0.0,-3.637978807091713e-12,0.0,5.551115123125783e-17
opening_hypothesis,stationary,174.83769072176594,174.83769072176594,19922.615842772793,90000.0,0.0,0.0,0.0,0.0,0.0,0.0,0.0,0.0,63.0,0.049489604849530286,0.012867297260877875,0.0,0.3371327027391221,1.0,0.975558840514607,0.9621550080562415,0.8593538756393218,0.3524518039721935,0.3524518039721935,0.3524518039721935,0.0,0.0,0.0,0.0,0.0,0.22050055621340242,0.10745118595730192,0.02450006180148915,4.517479065513816,77.38415722720144,562.578973484929,0.0,77.03170542322925,0.22050055621340242,3.6746417692963513,0.0,0.0,-904.043973455375,0.0,-3.637978807091713e-12,0.0,0.0
opening_hypothesis,stationary,177.1737900544401,177.1737900544401,19921.58187190924,90000.0,0.0,0.0,0.0,0.0,0.0,0.0,0.0,0.0,64.0,0.05015086176951146,0.01303922406007298,0.0,0.336960775939927,1.0,0.9752363463133557,0.9616493409997854,0.8575948941154539,0.3571610998949447,0.3571610998949447,0.3571610998949447,0.0,0.0,0.0,0.0,0.0,0.22474699180500537,0.10744222011160541,0.024971887978333922,4.517713531921178,78.41812809075914,562.1875950832294,0.0,78.0609669908642,0.22474699180500537,3.7454086184304143,0.0,0.0,-903.9732066062409,0.0,-3.637978807091713e-12,0.0,0.0
opening_hypothesis,stationary,179.49949048649972,179.49949048649972,19920.55250365829,90000.0,0.0,0.0,0.0,0.0,0.0,0.0,0.0,0.0,65.0,0.05080917517382299,0.013210385545193978,0.0,0.336789614454806,1.0,0.9749153935585537,0.9611459248670765,0.8558467692822219,0.36184943288192506,0.36184943288192506,0.36184943288192506,0.0,0.0,0.0,0.0,0.0,0.22897452454375564,0.10743329449997432,0.025441613838195064,4.5179469788035265,79.44749634170611,561.7979588613442,0.0,79.08564690882419,0.22897452454375564,3.8158604515216874,0.0,0.0,-903.9027547731496,0.0,-3.637978807091713e-12,0.0,5.551115123125783e-17
opening_hypothesis,stationary,181.81490074625154,181.81490074625154,19919.52768989619,90000.0,0.0,0.0,0.0,0.0,0.0,0.0,0.0,0.0,66.0,0.051464575839129306,0.01338078971817362,0.0,0.33661921028182634,1.0,0.9745959658009257,0.9606447361230187,0.8541093744962405,0.3665170221163535,0.3665170221163535,0.3665170221163535,0.0,0.0,0.0,0.0,0.0,0.23318335207395519,0.10742440870084777,0.025909261341550572,4.518179416756494,80.47231010380989,561.4100466034768,0.0,80.10579308169353,0.23318335207395519,3.886000562312463,0.0,0.0,-903.8326146623589,0.0,0.0,0.0,0.0
opening_hypothesis,stationary,184.12012772933392,184.12012772933392,19918.507383310312,90000.0,0.0,0.0,0.0,0.0,0.0,0.0,0.0,0.0,67.0,0.05211709402333922,0.013550444446068198,0.0,0.3364495555539318,1.0,0.9742780468707452,0.9601457516292112,0.8523825853553884,0.3711640830870096,0.3711640830870096,0.3711640830870096,0.0,0.0,0.0,0.0,0.0,0.2373736687085104,0.10741556229977589,0.026374852078723372,4.518410856197532,81.49261668968855,561.023840400866,0.0,81.12145260660154,0.2373736687085104,3.955832189027326,0.0,0.0,-903.762783035644,0.0,0.0,0.0,-5.551115123125783e-17
opening_hypothesis,stationary,186.41527654137911,186.41527654137911,19917.49153738031,90000.0,0.0,0.0,0.0,0.0,0.0,0.0,0.0,0.0,68.0,0.05276675947768193,0.013719357464197304,0.0,0.3362806425358027,1.0,0.9739616208712994,0.9596489486347138,0.8506662796452414,0.3757908276742353,0.3757908276742353,0.3757908276742353,0.0,0.0,0.0,0.0,0.0,0.24154566550648227,0.10740675488925504,0.02683840727849802,4.518641307370046,82.50846261969328,560.6393226446401,0.0,82.13267179201904,0.24154566550648227,4.025358515665527,0.0,0.0,-903.6932567090057,0.0,3.637978807091713e-12,0.0,-5.551115123125783e-17
opening_hypothesis,stationary,188.70045053941044,188.70045053941044,19916.48010635977,90000.0,0.0,0.0,0.0,0.0,0.0,0.0,0.0,0.0,69.0,0.053413601458424886,0.013887536379190471,0.0,0.3361124636208095,1.0,0.9736466721725487,0.9591543047670867,0.848960337287112,0.38039746423338666,0.38039746423338666,0.38039746423338666,0.0,0.0,0.0,0.0,0.0,0.24569953034833852,0.10739798606856615,0.02729994781648205,4.518870780347428,83.51989364023096,560.2564760188799,0.0,83.13949617599758,0.24569953034833852,4.094582673255061,0.0,0.0,-903.6240325514162,0.0,0.0,0.0,-5.551115123125783e-17
opening_hypothesis,stationary,190.97575137201997,190.97575137201997,19915.473045258455,90000.0,0.0,0.0,0.0,0.0,0.0,0.0,0.0,0.0,70.0,0.05405764873824654,0.0140549886719441,0.0,0.3359450113280559,1.0,0.9733331854049727,0.9586617980236938,0.8472646402876501,0.3849841976758276,0.3849841976758276,0.3849841976758276,0.0,0.0,0.0,0.0,0.0,0.2498354480089873,0.10738925544361952,0.027759494223220802,4.519099285036943,84.52695474154713,559.8752834938886,0.0,84.1419705438713,0.2498354480089873,4.163507741069773,0.0,0.0,-903.5551074836015,0.0,3.637978807091713e-12,0.0,-5.551115123125783e-17
opening_hypothesis,stationary,193.24127901837016,193.24127901837016,19914.470309825014,90000.0,0.0,0.0,0.0,0.0,0.0,0.0,0.0,0.0,71.0,0.05469892961727613,0.014221721700491794,0.0,0.3357782782995082,1.0,0.9730211454535971,0.9581714067632594,0.8455790726899374,0.389551229547552,0.389551229547552,0.389551229547552,0.0,0.0,0.0,0.0,0.0,0.25395360022867425,0.10738056262680287,0.02821706669207491,4.519326831183531,85.52969017498826,559.4957283196574,0.0,85.14013894544071,0.25395360022867425,4.2321367478108565,0.0,0.0,-903.4864784768604,0.0,3.637978807091713e-12,0.0,-5.551115123125783e-17
opening_hypothesis,stationary,195.4971318260611,195.4971318260611,19913.47185653024,90000.0,0.0,0.0,0.0,0.0,0.0,0.0,0.0,0.0,72.0,0.055337471933812395,0.014387742702791223,0.0,0.3356122572972088,1.0,0.9727105374521954,0.9576831096976729,0.8439035205260346,0.39409875810552003,0.39409875810552003,0.39409875810552003,0.0,0.0,0.0,0.0,0.0,0.2580541657818167,0.10737190723683476,0.02867268508686852,4.519553428373477,86.528143469762,559.1177940195208,0.0,86.13404471165649,0.2580541657818167,4.300472672753975,0.0,0.0,-903.4181425519173,0.0,0.0,0.0,0.0
opening_hypothesis,stationary,197.74340654790362,197.74340654790362,19912.477642550788,90000.0,0.0,0.0,0.0,0.0,0.0,0.0,0.0,0.0,73.0,0.055973303074732604,0.014553058799430477,0.0,0.3354469412005695,1.0,0.9724013467776578,0.957196885884028,0.8422378717709174,0.3986269783917879,0.3986269783917879,0.3986269783917879,0.0,0.0,0.0,0.0,0.0,0.2621373205438498,0.10736328889862147,0.02912636894931664,4.5197790860379845,87.52235744921323,558.7414643839969,0.0,87.12373047082144,0.2621373205438498,4.3685184468632565,0.0,0.0,-903.3500967778081,0.0,0.0,0.0,0.0
opening_hypothesis,stationary,199.98019837763664,199.98019837763664,19911.48762575337,90000.0,0.0,0.0,0.0,0.0,0.0,0.0,0.0,0.0,74.0,0.056606449985602686,0.0147176769962567,0.0,0.3352823230037433,1.0,0.9720935590445223,0.956712714716892,0.8405820162977643,0.4031360823055101,0.4031360823055101,0.4031360823055101,0.0,0.0,0.0,0.0,0.0,0.26620323755615216,0.10735470724311884,0.02957813750623912,4.520003813456643,88.5123742466327,558.3667234648026,0.0,88.1092381643272,0.26620323755615216,4.436276953873276,0.0,0.0,-903.282338270798,0.0,0.0,0.0,0.0
opening_hypothesis,stationary,202.2076009846251,202.2076009846251,19910.501764679386,90000.0,0.0,0.0,0.0,0.0,0.0,0.0,0.0,0.0,75.0,0.05723693918049886,0.014881604186929704,0.0,0.3351183958130703,1.0,0.9717871600996629,0.9562305759207951,0.8389358458345332,0.407626258672886,0.407626258672886,0.407626258672886,0.0,0.0,0.0,0.0,0.0,0.2702520870891201,0.10734616190719705,0.03002800967656889,4.520227619760805,89.49823532061458,557.9935555690408,0.0,89.09060906194169,0.2702520870891201,4.503751031340186,0.0,0.0,-903.2148641933311,0.0,0.0,0.0,0.0
opening_hypothesis,stationary,204.42570654757412,204.42570654757412,19909.520018530024,90000.0,0.0,0.0,0.0,0.0,0.0,0.0,0.0,0.0,76.0,0.05786479675155077,0.0150448471554032,0.0,0.33495515284459676,1.0,0.9714821360171281,0.9557504495429318,0.8372992539217956,0.4120976933151237,0.4120976933151237,0.4120976933151237,0.0,0.0,0.0,0.0,0.0,0.27428403670345214,0.10733765253351021,0.03047600407816134,4.520450513936847,90.47998146997853,557.6219452535521,0.0,90.06788377666341,0.27428403670345214,4.570943471663029,0.0,0.0,-903.1476717530082,0.0,3.637978807091713e-12,0.0,0.0
opening_hypothesis,stationary,206.6346057872934,206.6346057872934,19908.542347151728,90000.0,0.0,0.0,0.0,0.0,0.0,0.0,0.0,0.0,77.0,0.05849004837821575,0.015207412578336096,0.0,0.3347925874216639,1.0,0.9711784730931252,0.9552723159460703,0.8356721358717825,0.41655056911448896,0.41655056911448896,0.41655056911448896,0.0,0.0,0.0,0.0,0.0,0.2782992513097083,0.10732917877036867,0.030922139034412027,4.5206725048293706,91.45765284827135,557.2518773194258,0.0,91.04110227915686,0.2782992513097083,4.637857023076288,0.0,0.0,-903.080758201595,0.0,0.0,0.0,-5.551115123125783e-17
opening_hypothesis,stationary,208.83438799854363,208.83438799854363,19907.568711022137,90000.0,0.0,0.0,0.0,0.0,0.0,0.0,0.0,0.0,78.0,0.059112719336293376,0.015369307027436278,0.0,0.3346306929725637,1.0,0.9708761578411464,0.954796155801658,0.8340543887285871,0.4209850660785041,0.4209850660785041,0.4209850660785041,0.0,0.0,0.0,0.0,0.0,0.28229789322619925,0.10732074027161607,0.031366432580688795,4.520893601144277,92.43128897786247,556.8833368066639,0.0,92.01030391178396,0.28229789322619925,4.70449439061461,0.0,0.0,-903.0141208340567,0.0,0.0,0.0,0.0
opening_hypothesis,stationary,211.0251410809968,211.0251410809968,19906.599071236353,90000.0,0.0,0.0,0.0,0.0,0.0,0.0,0.0,0.0,79.0,0.05973283450668895,0.015530536971739128,0.0,0.33446946302826086,1.0,0.9705751769872297,0.9543219500831203,0.8324459112295054,0.4254013614023598,0.4254013614023598,0.4254013614023598,0.0,0.0,0.0,0.0,0.0,0.2862801222352661,0.1073123366965086,0.03180890247058511,4.521113811451787,93.4009287636471,556.5163089889951,0.0,92.97552740224474,0.2862801222352661,4.770858237050709,0.0,0.0,-902.9477569876206,0.0,0.0,0.0,0.0
opening_hypothesis,stationary,213.2069515693401,213.2069515693401,19905.63338949363,90000.0,0.0,0.0,0.0,0.0,0.0,0.0,0.0,0.0,80.0,0.06035041838393487,0.015691108779823066,0.0,0.33430889122017693,1.0,0.9702755174653519,0.953849680059344,0.8308466037674583,0.4297996295296013,0.4297996295296013,0.4297996295296013,0.0,0.0,0.0,0.0,0.0,0.29024609563800263,0.1073039677095984,0.03224956618200028,4.521333144189363,94.3666105063704,556.1507793688305,0.0,93.93681087684081,0.29024609563800263,4.836951183807313,0.0,0.0,-902.8816640408639,0.0,0.0,0.0,5.551115123125783e-17
opening_hypothesis,stationary,215.3799046625519,215.3799046625519,19904.671628084416,90000.0,0.0,0.0,0.0,0.0,0.0,0.0,0.0,0.0,81.0,0.060965495084477385,0.01585102872196412,0.0,0.33414897127803583,1.0,0.9699771664129488,0.9533793272883407,0.829256368354466,0.4341800422111451,0.4341800422111451,0.4341800422111451,0.0,0.0,0.0,0.0,0.0,0.29419596830747263,0.10729563298061993,0.03268844092305251,4.521551607664548,95.32837191558525,555.7867336723593,0.0,94.89419187337411,0.29419596830747263,4.902775811844031,0.0,0.0,-902.8158394128272,0.0,0.0,0.0,0.0
opening_hypothesis,stationary,217.54408425237773,217.54408425237773,19903.713749877745,90000.0,0.0,0.0,0.0,0.0,0.0,0.0,0.0,0.0,82.0,0.061578088354737076,0.01601030297223164,0.0,0.3339896970277683,1.0,0.9696801111665574,0.9529108736110834,0.8276751085861407,0.4385427685626832,0.4385427685626832,0.4385427685626832,0.0,0.0,0.0,0.0,0.0,0.29812989274047363,0.10728733218437918,0.03312554363783039,4.5217692100577365,96.2862501222558,555.4241578447779,0.0,95.84770735369311,0.29812989274047363,4.968334662519993,0.0,0.0,-902.7502805621513,0.0,0.0,0.0,0.0
opening_hypothesis,stationary,219.69957295103276,219.69957295103276,19902.759718308982,90000.0,0.0,0.0,0.0,0.0,0.0,0.0,0.0,0.0,83.0,0.0621882215789503,0.016168937610527078,0.0,0.3338310623894729,1.0,0.9693843392575776,0.9524443011455086,0.8261027296071578,0.4428879751205279,0.4428879751205279,0.4428879751205279,0.0,0.0,0.0,0.0,0.0,0.30204801910789303,0.10727906500064675,0.03356089101198811,4.521985959424865,97.24028169101874,555.0630380456487,0.0,96.79739371589821,0.30204801910789303,5.033630238433037,0.0,0.0,-902.6849849862383,0.0,0.0,0.0,0.0
opening_hypothesis,stationary,221.84645211815604,221.84645211815604,19901.80949736789,90000.0,0.0,0.0,0.0,0.0,0.0,0.0,0.0,0.0,84.0,0.06279591778679888,0.01632693862456771,0.0,0.3336730613754323,1.0,0.9690898384081483,0.9519795922806833,0.8245391380776776,0.4472158258959484,0.4472158258959484,0.4472158258959484,0.0,0.0,0.0,0.0,0.0,0.3059504953037063,0.10727083111405242,0.03399449947818959,4.522201863700029,98.19050263211349,554.7033606443847,0.0,97.74328680621754,0.3059504953037063,5.098665004236266,0.0,0.0,-902.619950220435,0.0,3.637978807091713e-12,0.0,0.0
opening_hypothesis,stationary,223.9848018870413,223.9848018870413,19900.86305158701,90000.0,0.0,0.0,0.0,0.0,0.0,0.0,0.0,0.0,85.0,0.06340119966083499,0.0164843119118171,0.0,0.3335156880881829,1.0,0.9687965965271349,0.9515167296711262,0.8229842421406864,0.45152648242804877,0.45152648242804877,0.45152648242804877,0.0,0.0,0.0,0.0,0.0,0.30983746699265824,0.10726263021398408,0.03442638522140646,4.522416930698032,99.13694841299206,554.3451122158546,0.0,98.685421930564,0.30983746699265824,5.163441387432649,0.0,0.0,-902.5551738372386,0.0,3.637978807091713e-12,0.0,0.0
opening_hypothesis,stationary,226.11470119016766,226.11470119016766,19899.920346030383,90000.0,0.0,0.0,0.0,0.0,0.0,0.0,0.0,0.0,86.0,0.06400408954370788,0.01664106328136405,0.0,0.3333589367186359,1.0,0.9685046017062229,0.9510556962312822,0.8214379513902215,0.45582010383523514,0.45582010383523514,0.45582010383523514,0.0,0.0,0.0,0.0,0.0,0.3137090776566724,0.10725446199448808,0.0348565641840747,4.522631168116867,100.07965396961903,553.9882795361052,0.0,99.6238338657838,0.3137090776566724,5.227961779148445,0.0,0.0,-902.4906534455229,0.0,3.637978807091713e-12,0.0,0.0
opening_hypothesis,stationary,228.23622778405309,228.23622778405309,19898.981346282533,90000.0,0.0,0.0,0.0,0.0,0.0,0.0,0.0,0.0,87.0,0.06460460944519895,0.016797198455751727,0.0,0.33320280154424825,1.0,0.9682138422161173,0.950596475130142,0.8199001768404566,0.4600968468653169,0.4600968468653169,0.4600968468653169,0.0,0.0,0.0,0.0,0.0,0.3175654686400294,0.10724632615417315,0.03528505207111437,4.522844583540128,101.01865371747192,553.6328495781986,0.0,100.55855687060661,0.3175654686400294,5.292228534886089,0.0,0.0,-902.4263866897852,0.0,3.637978807091713e-12,0.0,0.0
opening_hypothesis,stationary,230.34945827345223,230.34945827345223,19898.04601843775,90000.0,0.0,0.0,0.0,0.0,0.0,0.0,0.0,0.0,88.0,0.06520278104907111,0.01695272307275849,0.0,0.3330472769272415,1.0,0.9679243065028413,0.9501390497860045,0.8183708308956157,0.4643568659442868,0.4643568659442868,0.4643568659442868,0.0,0.0,0.0,0.0,0.0,0.3214067791933536,0.10723822239611622,0.035711864354817054,4.5230571844393666,101.95398156225122,553.2788095081571,0.0,101.48962469630693,0.3214067791933536,5.356243975257237,0.0,0.0,-902.3623712494141,0.0,3.637978807091713e-12,0.0,-5.551115123125783e-17
opening_hypothesis,stationary,232.4544681349196,232.4544681349196,19897.114329089694,90000.0,0.0,0.0,0.0,0.0,0.0,0.0,0.0,0.0,89.0,0.06579862571973866,0.017107642687132052,0.0,0.3328923573128679,1.0,0.9676359831841325,0.9496834038613763,0.8168498273206938,0.46860031322382173,0.46860031322382173,0.46860031322382173,0.0,0.0,0.0,0.0,0.0,0.3252331465164455,0.10723015042777116,0.03613701627960505,4.523268978176373,102.88567091030964,552.9261466810161,0.0,102.41707059708583,0.3252331465164455,5.420010386696564,0.0,0.0,-902.2986048379747,0.0,3.637978807091713e-12,0.0,0.0
opening_hypothesis,stationary,234.5513317397588,234.5513317397588,19896.186245321194,90000.0,0.0,0.0,0.0,0.0,0.0,0.0,0.0,0.0,90.0,0.06639216450876324,0.017261962772278445,0.0,0.33273803722772155,1.0,0.9673488610459334,0.9492295212580046,0.8153370812129511,0.47282733862754495,0.47282733862754495,0.47282733862754495,0.0,0.0,0.0,0.0,0.0,0.32904470579999884,0.10722210996087954,0.03656052286666653,4.523479972005413,103.81375467880952,552.5748486369795,0.0,103.34092734018198,0.32904470579999884,5.48353002215698,0.0,0.0,-902.2350852025143,0.0,3.637978807091713e-12,0.0,5.551115123125783e-17
opening_hypothesis,stationary,236.64012237637627,236.64012237637627,19895.261734694388,90000.0,0.0,0.0,0.0,0.0,0.0,0.0,0.0,0.0,91.0,0.06698341816118139,0.01741568872190716,0.0,0.3325843112780928,1.0,0.9670629290389737,0.9487773861120377,0.8138325089741609,0.47703808989608937,0.47703808989608937,0.47703808989608937,0.0,0.0,0.0,0.0,0.0,0.3328415902662348,0.10721410071138403,0.03698239891847052,4.523690173075398,104.73826530561676,552.2249030976737,0.0,104.26122721572068,0.3328415902662348,5.546805101786802,0.0,0.0,-902.1718101228845,0.0,3.637978807091713e-12,0.0,5.551115123125783e-17
opening_hypothesis,stationary,238.72091227205917,238.72091227205917,19894.340765241064,90000.0,0.0,0.0,0.0,0.0,0.0,0.0,0.0,0.0,92.0,0.06757240712166886,0.017568825851633902,0.0,0.3324311741483661,1.0,0.9667781762754399,0.948326982789312,0.8123360282835894,0.4812327126309986,0.4812327126309986,0.4812327126309986,0.0,0.0,0.0,0.0,0.0,0.3366239312084895,0.10720612239934366,0.03740265902316549,4.523899588431999,105.65923475893986,551.8762979625005,0.0,105.17800204630886,0.3366239312084895,5.609837813589477,0.0,0.0,-902.1087774110819,0.0,3.637978807091713e-12,0.0,0.0
opening_hypothesis,stationary,240.793772614195,240.793772614195,19893.42330545328,90000.0,0.0,0.0,0.0,0.0,0.0,0.0,0.0,0.0,93.0,0.06815915154054715,0.017721379400542258,0.0,0.33227862059945773,1.0,0.9664945920257314,0.9478782958807581,0.8108475580716737,0.4854113503375034,0.4854113503375034,0.4854113503375034,0.0,0.0,0.0,0.0,0.0,0.34039185802978644,0.10719817474885181,0.03782131755886515,4.524108225019711,106.57669454672177,551.5290213050808,0.0,106.09128319638427,0.34039185802978644,5.6726303140663905,0.0,0.0,-902.045984910605,0.0,3.637978807091713e-12,0.0,0.0
opening_hypothesis,stationary,242.85877357095043,242.85877357095043,19892.50932427421,90000.0,0.0,0.0,0.0,0.0,0.0,0.0,0.0,0.0,94.0,0.06874367127963682,0.017873354532705575,0.0,0.3321266454672944,1.0,0.9662121657152988,0.9474313101979248,0.8093670184943935,0.4895741444662075,0.4895741444662075,0.4895741444662075,0.0,0.0,0.0,0.0,0.0,0.3441454982804269,0.10719025748795544,0.0382383886978252,4.524316089683858,107.4906757257925,551.1830613697907,0.0,107.0011015813263,0.3441454982804269,5.735184728843314,0.0,0.0,-901.983430495828,0.0,3.637978807091713e-12,0.0,-5.551115123125783e-17
opening_hypothesis,stationary,244.91598431142592,244.91598431142592,19891.598791089215,90000.0,0.0,0.0,0.0,0.0,0.0,0.0,0.0,0.0,95.0,0.06932598591796249,0.018024756338670248,0.0,0.33197524366132974,1.0,0.9659308869215634,0.946986010768617,0.8078943309082934,0.49372123445371724,0.49372123445371724,0.49372123445371724,0.0,0.0,0.0,0.0,0.0,0.34788497769462573,0.10718237034857754,0.03865388641051396,4.52452318917256,108.40120891078969,550.8384065683853,0.0,107.90748767633598,0.34788497769462573,5.797503153280937,0.0,0.0,-901.9211120713903,0.0,3.637978807091713e-12,0.0,0.0
opening_hypothesis,stationary,246.96547302530234,246.96547302530234,19890.69167571715,90000.0,0.0,0.0,0.0,0.0,0.0,0.0,0.0,0.0,96.0,0.06990611475731401,0.018175589836901644,0.0,0.3318244101630983,1.0,0.965650745370914,0.9465423828326422,0.8064294178461555,0.49785275776224647,0.49785275776224647,0.49785275776224647,0.0,0.0,0.0,0.0,0.0,0.35161042022622563,0.1071745130664402,0.03906782446958062,4.524729530138629,109.30832428285427,550.4950454767059,0.0,108.81047152509203,0.35161042022622563,5.85958765307005,0.0,0.0,-901.8590275716012,0.0,3.637978807091713e-12,0.0,0.0
opening_hypothesis,stationary,249.0073069419954,249.0073069419954,19889.787948401896,90000.0,0.0,0.0,0.0,0.0,0.0,0.0,0.0,0.0,97.0,0.07048407682766826,0.01832585997519375,0.0,0.3316741400248062,1.0,0.965371730935779,0.9461004118376654,0.8049722029932898,0.5019688499182297,0.5019688499182297,0.5019688499182297,0.0,0.0,0.0,0.0,0.0,0.3553219480835151,0.1071666853809907,0.03948021645372389,4.524935119141444,110.21205159810837,550.1529668314728,0.0,109.71008274819015,0.3553219480835151,5.921440264811778,0.0,0.0,-901.7971749598595,0.0,3.637978807091713e-12,0.0,0.0
opening_hypothesis,stationary,251.0415523493324,251.0415523493324,19888.887579804083,90000.0,0.0,0.0,0.0,0.0,0.0,0.0,0.0,0.0,98.0,0.07105989089247589,0.01847557163204373,0.0,0.33152442836795626,1.0,0.9650938336317724,0.9456600834351655,0.8035226111644236,0.5060696445499722,0.5060696445499722,0.5060696445499722,0.0,0.0,0.0,0.0,0.0,0.35901968176317894,0.10715888703532887,0.03989107575146432,4.525139962648758,111.11242019592171,549.8121595271546,0.0,110.60635055137175,0.35901968176317894,5.983062996583377,0.0,0.0,-901.735552228088,0.0,3.637978807091713e-12,0.0,0.0
opening_hypothesis,stationary,253.06827461176582,253.06827461176582,19887.99054099303,90000.0,0.0,0.0,0.0,0.0,0.0,0.0,0.0,0.0,99.0,0.07163357545381681,0.018624729617992372,0.0,0.3313752703820076,1.0,0.9648170436149102,0.945221383476493,0.8020805682811821,0.5101552734243664,0.5101552734243664,0.5101552734243664,0.0,0.0,0.0,0.0,0.0,0.362703740083407,0.10715111777613645,0.04030041556482299,4.5253440670384695,112.00945900697306,549.4726126129177,0.0,111.4993037335487,0.362703740083407,6.0444578284899775,0.0,0.0,-901.6741573961813,0.0,3.637978807091713e-12,0.0,0.0
opening_hypothesis,stationary,255.08753818813824,255.08753818813824,19887.09680343889,90000.0,0.0,0.0,0.0,0.0,0.0,0.0,0.0,0.0,100.0,0.07220514875742874,0.018773338676931473,0.0,0.3312266613230685,1.0,0.9645413511788956,0.9447842980090251,0.8006460013501291,0.5142258664827041,0.5142258664827041,0.5142258664827041,0.0,0.0,0.0,0.0,0.0,0.3663742402161862,0.1071433773536083,0.04070824891290957,4.525547438600346,112.9031965611131,549.1343152896502,0.0,112.3889706946304,0.3663742402161862,6.105626713202743,0.0,0.0,-901.6129885114685,0.0,3.637978807091713e-12,0.0,0.0
opening_hypothesis,stationary,257.0994066490113,257.0994066490113,19886.20633900497,90000.0,0.0,0.0,0.0,0.0,0.0,0.0,0.0,0.0,101.0,0.07277462879761235,0.01892140348737921,0.0,0.3310785965126208,1.0,0.9642667467524718,0.9443488132724142,0.7992188384413591,0.5182815518756089,0.5182815518756089,0.5182815518756089,0.0,0.0,0.0,0.0,0.0,0.37003129771880194,0.10713566552138452,0.04111458863542243,4.525750083537716,113.79366099503433,548.7972569070579,0.0,113.27537944315873,0.37003129771880194,6.166571576483834,0.0,0.0,-901.5520436481875,0.0,3.637978807091713e-12,0.0,0.0
opening_hypothesis,stationary,259.10394269357204,259.10394269357204,19885.31911994025,90000.0,0.0,0.0,0.0,0.0,0.0,0.0,0.0,0.0,102.0,0.07334203332201678,0.019068928663724363,0.0,0.33093107133627564,1.0,0.9639932208968384,0.9439149156949284,0.7977990086676195,0.5223224559971179,0.5223224559971179,0.5223224559971179,0.0,0.0,0.0,0.0,0.0,0.37367502656456897,0.10712798203648578,0.04151944739606321,4.525952007969105,114.6808800597538,548.4614269608323,0.0,114.15855760375669,0.37367502656456897,6.227294317698542,0.0,0.0,-901.4913209069728,0.0,3.637978807091713e-12,0.0,0.0
opening_hypothesis,stationary,261.101208166129,261.101208166129,19884.435118872087,90000.0,0.0,0.0,0.0,0.0,0.0,0.0,0.0,0.0,103.0,0.07390737983630902,0.019215918757440345,0.0,0.33078408124255965,1.0,0.9637207643031312,0.9434825918898814,0.7963864421639536,0.5263487035179362,0.5263487035179362,0.5263487035179362,0.0,0.0,0.0,0.0,0.0,0.3773055391728188,0.10712032665924862,0.04192283768586874,4.526153217929839,115.56488112791462,548.1268150898876,0.0,115.03853242439668,0.3773055391728188,6.287796810315025,0.0,0.0,-901.4308184143563,0.0,0.0,0.0,0.0
opening_hypothesis,stationary,263.0912640722108,263.0912640722108,19883.55430879909,90000.0,0.0,0.0,0.0,0.0,0.0,0.0,0.0,0.0,104.0,0.07447068560873077,0.019362378258270002,0.0,0.33063762174172995,1.0,0.9634493677899637,0.943051828652147,0.7949810700678392,0.5303604174178882,0.5303604174178882,0.5303604174178882,0.0,0.0,0.0,0.0,0.0,0.38092294643816266,0.10711269915326307,0.04232477182646251,4.526353719373613,116.44569120091097,547.7934110736621,0.0,115.91533078349309,0.38092294643816266,6.34808090239198,0.0,0.0,-901.3705343222794,0.0,3.637978807091713e-12,0.0,-1.1102230246251565e-16
opening_hypothesis,stationary,265.074170594277,265.074170594277,19882.676663084163,90000.0,0.0,0.0,0.0,0.0,0.0,0.0,0.0,0.0,105.0,0.07503196767454563,0.019508311595381866,0.0,0.3304916884046181,1.0,0.9631790223010261,0.9426226129547592,0.7935828244998182,0.5343577190175911,0.5343577190175911,0.5343577190175911,0.0,0.0,0.0,0.0,0.0,0.3845273577590511,0.10710509928531207,0.042725261973227895,4.526553518174015,117.32333691584212,547.4612048294878,0.0,116.78897919682453,0.3845273577590511,6.408148417054586,0.0,0.0,-901.3104668076166,0.0,3.637978807091713e-12,0.0,0.0
opening_hypothesis,stationary,267.0499871070554,267.0499871070554,19881.8021554477,90000.0,0.0,0.0,0.0,0.0,0.0,0.0,0.0,0.0,106.0,0.07559124284038038,0.019653723138498898,0.0,0.3303462768615011,1.0,0.9629097189027437,0.9421949319455915,0.7921916385445912,0.5383407280093708,0.5383407280093708,0.5383407280093708,0.0,0.0,0.0,0.0,0.0,0.3881188810656536,0.10709752682531123,0.043124320118405945,4.526752620126018,118.19784455230057,547.1301864100193,0.0,117.65950382429119,0.3881188810656536,6.4680011529591175,0.0,0.0,-901.2506140717122,0.0,3.637978807091713e-12,0.0,0.0
opening_hypothesis,stationary,269.0187721925139,269.0187721925139,19880.930759961004,90000.0,0.0,0.0,0.0,0.0,0.0,0.0,0.0,0.0,107.0,0.07614852768846296,0.01979861719900037,0.0,0.3302013828009996,1.0,0.9626414487819899,0.9417687729441165,0.7908074462325789,0.5423095624874449,0.5423095624874449,0.5423095624874449,0.0,0.0,0.0,0.0,0.0,0.391697622847074,0.1070899815462515,0.04352195809411932,4.5269510309474335,119.0692400389988,546.8003460007271,0.0,118.52693047651135,0.391697622847074,6.5276408847464875,0.0,0.0,-901.1909743399248,0.0,3.637978807091713e-12,0.0,1.1102230246251565e-16
opening_hypothesis,stationary,270.9805836544788,270.9805836544788,19880.062451039765,90000.0,0.0,0.0,0.0,0.0,0.0,0.0,0.0,0.0,108.0,0.07670383858076037,0.019942998030997697,0.0,0.3300570019690023,1.0,0.9623742032438535,0.941344123438242,0.7894301825219225,0.5462643389773907,0.5462643389773907,0.5462643389773907,0.0,0.0,0.0,0.0,0.0,0.39526368817792384,0.10708246322414194,0.04391818757532486,4.527148756280332,119.93754896023941,546.4716739174468,0.0,119.39128462126202,0.39526368817792384,6.5870693634851,0.0,0.0,-901.1315458611862,0.0,3.637978807091713e-12,0.0,1.1102230246251565e-16
opening_hypothesis,stationary,272.9354785329099,272.9354785329099,19879.19720343777,90000.0,0.0,0.0,0.0,0.0,0.0,0.0,0.0,0.0,109.0,0.07725719166301932,0.020086869832385026,0.0,0.329913130167615,1.0,0.9621079737094594,0.9409209710812205,0.788059783280913,0.5502051724649223,0.5502051724649223,0.5502051724649223,0.0,0.0,0.0,0.0,0.0,0.39881718074427097,0.10707497163795458,0.04431302008269677,4.527345801692436,120.80279656223334,546.1441606039889,0.0,120.25259138976841,0.39881718074427097,6.646288317103275,0.0,0.0,-901.072326907568,0.0,3.637978807091713e-12,0.0,0.0
opening_hypothesis,stationary,274.88351311784135,274.88351311784135,19878.334992240732,90000.0,0.0,0.0,0.0,0.0,0.0,0.0,0.0,0.0,110.0,0.07780860286871237,0.020230236745865215,0.0,0.32976976325413476,1.0,0.9618427517138396,0.9404993036886317,0.7866961852708463,0.5541321764239939,0.5541321764239939,0.5541321764239939,0.0,0.0,0.0,0.0,0.0,0.4023582028689814,0.10706750656957019,0.04470646698544237,4.527542172678467,121.66500775927014,545.8177966298025,0.0,121.11087558284615,0.4023582028689814,6.705299450811575,0.0,0.0,-901.0133157738597,0.0,3.637978807091713e-12,0.0,0.0
opening_hypothesis,stationary,276.8247429629982,276.8247429629982,19877.47579286026,90000.0,0.0,0.0,0.0,0.0,0.0,0.0,0.0,0.0,111.0,0.0783580879228922,0.02037310285995197,0.0,0.329626897140048,1.0,0.9615785289038539,0.9400791092354354,0.7853393261292831,0.5580454628442487,0.5580454628442487,0.5580454628442487,0.0,0.0,0.0,0.0,0.0,0.4058868555364711,0.10706006780372529,0.045098539504052335,4.527737874661473,122.52420713974475,545.4925726876941,0.0,121.9661616769005,0.4058868555364711,6.76410444751529,0.0,0.0,-900.954510777156,0.0,3.637978807091713e-12,0.0,0.0
opening_hypothesis,stationary,278.7592228990977,278.7592228990977,19876.619581027957,90000.0,0.0,0.0,0.0,0.0,0.0,0.0,0.0,0.0,112.0,0.07890566234595676,0.02051547220994876,0.0,0.3294845277900512,1.0,0.9613152970361598,0.9396603758530919,0.7839891443536997,0.5619451422578331,0.5619451422578331,0.5619451422578331,0.0,0.0,0.0,0.0,0.0,0.4094032384168849,0.10705265512796093,0.0454892487129872,4.527932912994126,123.3804189720448,545.1684795915996,0.0,122.81847382978697,0.4094032384168849,6.822704968217387,0.0,0.0,-900.8959102564539,0.0,0.0,0.0,0.0
opening_hypothesis,stationary,280.68700704684466,280.68700704684466,19875.7663327897,90000.0,0.0,0.0,0.0,0.0,0.0,0.0,0.0,0.0,113.0,0.0794513414573276,0.020657348778905175,0.0,0.3293426512210948,1.0,0.9610530479752284,0.9392430918267495,0.782645579285529,0.5658313237655932,0.5658313237655932,0.5658313237655932,0.0,0.0,0.0,0.0,0.0,0.4129074498897191,0.10704526833257189,0.045878605543302114,4.528127292959973,124.23366721030229,544.8455082744068,0.0,123.6678358865367,0.4129074498897191,6.881102652412169,0.0,0.0,-900.8375125722591,0.0,0.0,0.0,1.1102230246251565e-16
opening_hypothesis,stationary,282.6081488296285,282.6081488296285,19874.916024499988,90000.0,0.0,0.0,0.0,0.0,0.0,0.0,0.0,0.0,114.0,0.07999514037904408,0.020798736498551462,0.0,0.3292012635014485,1.0,0.9607917736914058,0.9388272455924956,0.7813085710945704,0.5697041150626714,0.5697041150626714,0.5697041150626714,0.0,0.0,0.0,0.0,0.0,0.41639958706690233,0.10703790721055768,0.04626662078521136,4.528321019774684,125.08397550001354,544.5236497858282,0.0,124.51427138495086,0.41639958706690233,6.939299118469927,0.0,0.0,-900.7793161062013,0.0,0.0,0.0,0.0
opening_hypothesis,stationary,284.52270098593095,284.52270098593095,19874.068632816474,90000.0,0.0,0.0,0.0,0.0,0.0,0.0,0.0,0.0,115.0,0.08053707403927532,0.020939639250211584,0.0,0.3290603607497884,1.0,0.9605314662590201,0.9384128257346718,0.7799780607637661,0.5735636224635184,0.5735636224635184,0.5735636224635184,0.0,0.0,0.0,0.0,0.0,0.41987974581534976,0.10703057155757431,0.046653305090594406,4.528514098587248,125.93136718353081,544.2028952903221,0.0,125.35780356106729,0.41987974581534976,6.997295964012803,0.0,0.0,-900.7213192606584,0.0,3.637978807091713e-12,0.0,0.0
opening_hypothesis,stationary,286.4307155814529,286.4307155814529,19873.224134694574,90000.0,0.0,0.0,0.0,0.0,0.0,0.0,0.0,0.0,116.0,0.08107715717575295,0.021080060865695766,0.0,0.32891993913430423,1.0,0.9602721178545297,0.9379998209832477,0.778653990074326,0.5774099509263392,0.5774099509263392,0.5774099509263392,0.0,0.0,0.0,0.0,0.0,0.42334802077900724,0.10702326117188674,0.04703866897544524,4.5287065344811595,126.77586530542966,543.8832360650613,0.0,126.19845535450332,0.42334802077900724,7.0550947662821555,0.0,0.0,-900.6635204583891,0.0,3.637978807091713e-12,0.0,-1.1102230246251565e-16
opening_hypothesis,stationary,288.3322440209664,288.3322440209664,19872.382507382248,90000.0,0.0,0.0,0.0,0.0,0.0,0.0,0.0,0.0,117.0,0.08161540433912591,0.021220005128172736,0.0,0.32877999487182724,1.0,0.9600137207547151,0.9375882202112567,0.7773363015911983,0.5812432040769857,0.5812432040769857,0.5812432040769857,0.0,0.0,0.0,0.0,0.0,0.42680450540039555,0.10701597585432399,0.04742272282226616,4.5288983324755625,127.61749261775489,543.5646634979473,0.0,127.03624941367791,0.42680450540039555,7.112697082497592,0.0,0.0,-900.6059181421737,0.0,3.637978807091713e-12,0.0,0.0
opening_hypothesis,stationary,290.2273370599014,290.2273370599014,19871.543728414854,90000.0,0.0,0.0,0.0,0.0,0.0,0.0,0.0,0.0,118.0,0.08215182989624013,0.021359475773022437,0.0,0.32864052422697754,1.0,0.9597562673349105,0.9371780124322869,0.7760249386488708,0.585063484232314,0.585063484232314,0.585063484232314,0.0,0.0,0.0,0.0,0.0,0.43024929194167283,0.10700871540823306,0.047805476882408084,4.5290894975263845,128.4562715851487,543.2471690856694,0.0,127.87120810091639,0.43024929194167283,7.170104450207977,0.0,0.0,-900.5485107744634,0.0,3.637978807091713e-12,0.0,0.0
opening_hypothesis,stationary,292.116044815673,292.116044815673,19870.70777561014,90000.0,0.0,0.0,0.0,0.0,0.0,0.0,0.0,0.0,119.0,0.08268644803334495,0.021498476488669687,0.0,0.3285015235113303,1.0,0.9594997500672753,0.9367691867980302,0.7747198453374998,0.5888708924230188,0.5888708924230188,0.5888708924230188,0.0,0.0,0.0,0.0,0.0,0.4336824715052249,0.10700147963943558,0.048186941278358306,4.5292800345274316,129.29222438986432,542.9307444318061,0.0,128.7033534974413,0.4336824715052249,7.227318387634572,0.0,0.0,-900.4912968370368,0.0,3.637978807091713e-12,0.0,0.0
opening_hypothesis,stationary,293.99841677875696,293.99841677875696,19869.87462706334,90000.0,0.0,0.0,0.0,0.0,0.0,0.0,0.0,0.0,120.0,0.08321927275922805,0.021637010917399294,0.0,0.3283629890826007,1.0,0.9592441615191043,0.9363617325958845,0.7734209664893507,0.5926655284159605,0.5926655284159605,0.5926655284159605,0.0,0.0,0.0,0.0,0.0,0.4371041340537982,0.10699426835618472,0.04856712600597757,4.529469948311472,130.1253729366681,542.6153812449709,0.0,129.53270740825215,0.4371041340537982,7.284340394006547,0.0,0.0,-900.4342748306648,0.0,7.275957614183426e-12,0.0,0.0
opening_hypothesis,stationary,295.8745018235203,295.8745018235203,19869.04426114237,90000.0,0.0,0.0,0.0,0.0,0.0,0.0,0.0,0.0,121.0,0.08375031790828122,0.02177508265615312,0.0,0.32822491734384684,1.0,0.9589894943511754,0.9359556392466084,0.7721282476655423,0.596447490735998,0.596447490735998,0.596447490735998,0.0,0.0,0.0,0.0,0.0,0.44051436843018743,0.10698708136912312,0.04894604093668748,4.529659243651282,130.95573885763307,542.3010713369964,0.0,130.35929136689705,0.44051436843018743,7.341171949889073,0.0,0.0,-900.3774432747822,0.0,3.637978807091713e-12,0.0,-1.1102230246251565e-16
opening_hypothesis,stationary,297.7443482188127,297.7443482188127,19868.216656483175,90000.0,0.0,0.0,0.0,0.0,0.0,0.0,0.0,0.0,122.0,0.08427959714349832,0.021912695257309565,0.0,0.32808730474269043,1.0,0.9587357413161337,0.9355508963020307,0.7708416351431002,0.6002168766873401,0.6002168766873401,0.6002168766873401,0.0,0.0,0.0,0.0,0.0,0.44391326237648854,0.10697991849124175,0.049323695819609825,4.529847925260681,131.7833435168269,541.9878066211612,0.0,131.18312664013956,0.44391326237648854,7.397814517504181,0.0,0.0,-900.3208007071671,0.0,3.637978807091713e-12,0.0,0.0
opening_hypothesis,stationary,299.60800363832647,299.60800363832647,19867.391791985105,90000.0,0.0,0.0,0.0,0.0,0.0,0.0,0.0,0.0,123.0,0.08480712395940782,0.022049852229446033,0.0,0.3279501477705539,1.0,0.9584828952569111,0.9351474934428057,0.769561075902285,0.6039737823744296,0.6039737823744296,0.6039737823744296,0.0,0.0,0.0,0.0,0.0,0.44730090255293065,0.10697277953783992,0.04970010028365895,4.530035997795531,132.60820801489717,541.6755791104529,0.0,132.00423423252275,0.44730090255293065,7.454269541044589,0.0,0.0,-900.2643456836267,0.0,0.0,0.0,1.1102230246251565e-16
opening_hypothesis,stationary,301.46551517073004,301.46551517073004,19866.569646806445,90000.0,0.0,0.0,0.0,0.0,0.0,0.0,0.0,0.0,124.0,0.08533291168494114,0.022186557038084698,0.0,0.3278134429619153,1.0,0.9582309491051809,0.9347454204762214,0.7682865176142164,0.6077183027223713,0.6077183027223713,0.6077183027223713,0.0,0.0,0.0,0.0,0.0,0.45067737455629725,0.10696566432648545,0.05007526383958857,4.5302234658547365,133.43035319355667,541.3643809158716,0.0,132.8226348908343,0.45067737455629725,7.510538446980694,0.0,0.0,-900.2080767776906,0.0,3.637978807091713e-12,0.0,0.0
opening_hypothesis,stationary,303.31692932958174,303.31692932958174,19865.75020036003,90000.0,0.0,0.0,0.0,0.0,0.0,0.0,0.0,0.0,125.0,0.08585697348623894,0.022322813106422125,0.0,0.32767718689357783,1.0,0.957979895879845,0.9343446673340525,0.7670179086287617,0.6114505314969172,0.6114505314969172,0.6114505314969172,0.0,0.0,0.0,0.0,0.0,0.45404276293794615,0.10695857267697702,0.050449195881994,4.530410333981191,134.24979963997106,541.0542042447684,0.0,133.63834910847413,0.45404276293794615,7.566622644360872,0.0,0.0,-900.1519925803104,0.0,3.637978807091713e-12,0.0,0.0
opening_hypothesis,stationary,305.1622920630291,305.1622920630291,19864.93343230895,90000.0,0.0,0.0,0.0,0.0,0.0,0.0,0.0,0.0,126.0,0.0863793223693965,0.022458623816043088,0.0,0.3275413761839569,1.0,0.9577297286855556,0.9339452240704615,0.7657551979626986,0.615170561324019,0.615170561324019,0.615170561324019,0.0,0.0,0.0,0.0,0.0,0.45739715122144187,0.10695150441130581,0.050821905691271305,4.530596606662733,135.06656769105197,540.7450413992203,0.0,134.45139712972795,0.45739715122144187,7.622523525105328,0.0,0.0,-900.0960916995659,0.0,0.0,0.0,0.0
opening_hypothesis,stationary,307.0016487632999,307.0016487632999,19864.119322562343,90000.0,0.0,0.0,0.0,0.0,0.0,0.0,0.0,0.0,127.0,0.08689997118315027,0.02259399250761907,0.0,0.3274060074923809,1.0,0.957480440711267,0.9335470808599439,0.7644983352881326,0.6188784837089609,0.6188784837089609,0.6188784837089609,0.0,0.0,0.0,0.0,0.0,0.46074062191980797,0.10694445935361876,0.051193402435534205,4.530782288333062,135.8806774376579,540.4368847744405,0.0,135.26179895394895,0.46074062191980797,7.678242464293599,0.0,0.0,-900.0403727603777,0.0,0.0,0.0,0.0
opening_hypothesis,stationary,308.83504427598996,308.83504427598996,19863.307851271296,90000.0,0.0,0.0,0.0,0.0,0.0,0.0,0.0,0.0,128.0,0.08741893262150698,0.022728922481591814,0.0,0.32727107751840817,1.0,0.9572320252288199,0.9331502279953182,0.7632472709211715,0.6225743890550826,0.6225743890550826,0.6225743890550826,0.0,0.0,0.0,0.0,0.0,0.4640732565524095,0.10693743733018317,0.05156369517248993,4.530967383372644,136.69214872870484,540.129726857222,0.0,136.06957433964976,0.4640732565524095,7.7337808204459035,0.0,0.0,-899.9848344042254,0.0,0.0,0.0,0.0
opening_hypothesis,stationary,310.6625229091527,310.6625229091527,19862.498998824813,90000.0,0.0,0.0,0.0,0.0,0.0,0.0,0.0,0.0,129.0,0.0879362192263164,0.022863416998842267,0.0,0.3271365830011577,1.0,0.956984475591555,0.932754655885758,0.7620019558108448,0.6262583666821027,0.6262583666821027,0.6262583666821027,0.0,0.0,0.0,0.0,0.0,0.4673951356614769,0.10693043816935058,0.0519327928512752,4.531151896109596,137.50100117518943,539.823560224415,0.0,136.87474280850734,0.4673951356614769,7.789139935798512,0.0,0.0,-899.9294752888728,0.0,3.637978807091713e-12,0.0,0.0
opening_hypothesis,stationary,312.48412844219683,312.48412844219683,19861.692745845874,90000.0,0.0,0.0,0.0,0.0,0.0,0.0,0.0,0.0,130.0,0.08845184338979005,0.022997479281345413,0.0,0.32700252071865454,1.0,0.9567377852329567,0.9323603550548664,0.7607623415282632,0.6299305048440557,0.6299305048440557,0.6299305048440557,0.0,0.0,0.0,0.0,0.0,0.4707063388282797,0.10692346170152267,0.05230070431425329,4.53133583082055,138.3072541541272,539.5183775414365,0.0,137.67732364928315,0.4707063388282797,7.8443211365732814,0.0,0.0,-899.874294088098,0.0,0.0,0.0,0.0
opening_hypothesis,stationary,314.2999041345952,314.2999041345952,19860.889073187594,90000.0,0.0,0.0,0.0,0.0,0.0,0.0,0.0,0.0,131.0,0.08896581735696615,0.023131112512811202,0.0,0.3268688874871888,1.0,0.9564919476653255,0.9319673161387906,0.759528380256013,0.6335908907468477,0.6335908907468477,0.6335908907468477,0.0,0.0,0.0,0.0,0.0,0.47400694468895704,0.10691650775911761,0.052667438298772996,4.5315191917314985,139.11092681240711,539.2141715608105,0.0,138.47733592166026,0.47400694468895704,7.899325733241469,0.0,0.0,-899.8192894914298,0.0,0.0,0.0,1.1102230246251565e-16
opening_hypothesis,stationary,316.1098927344115,316.1098927344115,19860.08796192944,90000.0,0.0,0.0,0.0,0.0,0.0,0.0,0.0,0.0,132.0,0.08947815322812346,0.023264319839312098,0.0,0.3267356801606879,1.0,0.9562469564784775,0.9315755298843762,0.7583000247777746,0.6372396105654454,0.6372396105654454,0.6372396105654454,0.0,0.0,0.0,0.0,0.0,0.4772970309500179,0.10690957617653661,0.05303300343889087,4.5317019830186265,139.91203807056556,538.9109351207403,0.0,139.2747984600001,0.4772970309500179,7.954155020782048,0.0,0.0,-899.7644602038893,0.0,3.637978807091713e-12,0.0,1.1102230246251565e-16
opening_hypothesis,stationary,317.91413648664866,317.91413648664866,19859.28939337352,90000.0,0.0,0.0,0.0,0.0,0.0,0.0,0.0,0.0,133.0,0.08998886296114404,0.02339710436989745,0.0,0.32660289563010253,1.0,0.9560028053384726,0.9311849871473604,0.7570772284681684,0.6408767494607053,0.6408767494607053,0.6408767494607053,0.0,0.0,0.0,0.0,0.0,0.4805766744035161,0.10690266679013186,0.053397408267057335,4.5318842088091245,140.71060662648125,538.6086611437094,0.0,140.06972987702054,0.4805766744035161,8.008810278934595,0.0,0.0,-899.7098049457367,0.0,3.637978807091713e-12,0.0,0.0
opening_hypothesis,stationary,319.7126771414226,319.7126771414226,19858.49334904101,90000.0,0.0,0.0,0.0,0.0,0.0,0.0,0.0,0.0,134.0,0.09049795837382726,0.02352946917719509,0.0,0.32647053082280486,1.0,0.9557594879863683,0.9307956788906026,0.7558599452828113,0.644502391595851,0.644502391595851,0.644502391595851,0.0,0.0,0.0,0.0,0.0,0.48384595094190874,0.10689577943817458,0.05376066121576762,4.532065873181975,141.50665095899322,538.3073426351117,0.0,140.86214856739736,0.48384595094190874,8.063292772446909,0.0,0.0,-899.6553224522244,0.0,3.637978807091713e-12,0.0,1.1102230246251565e-16
opening_hypothesis,stationary,321.50555596196773,321.50555596196773,19857.69981066856,90000.0,0.0,0.0,0.0,0.0,0.0,0.0,0.0,0.0,135.0,0.09100545114615557,0.02366141729800045,0.0,0.3263385827019995,1.0,0.9555169982369995,0.9304075961823516,0.7546481297485902,0.6481166201526115,0.6481166201526115,0.6481166201526115,0.0,0.0,0.0,0.0,0.0,0.48710493557260875,0.10688891396082398,0.05412277061917874,4.532246980168743,142.30018933144387,538.0069726819117,0.0,141.65207271129125,0.48710493557260875,8.117603751317525,0.0,0.0,-899.6010114733538,0.0,3.637978807091713e-12,0.0,1.1102230246251565e-16
opening_hypothesis,stationary,323.29281373247665,323.29281373247665,19856.908760204857,90000.0,0.0,0.0,0.0,0.0,0.0,0.0,0.0,0.0,136.0,0.09151135282251378,0.023792951733853585,0.0,0.3262070482661464,1.0,0.9552753299777841,0.9300207301945482,0.7534417369541306,0.6517195173470249,0.6517195173470249,0.6517195173470249,0.0,0.0,0.0,0.0,0.0,0.490353702432235,0.10688207020009723,0.05448374471469276,4.532427533754327,143.09123979514908,537.7075444513295,0.0,142.43952027780205,0.490353702432235,8.171744451033195,0.0,0.0,-899.5468707736381,0.0,7.275957614183426e-12,0.0,0.0
opening_hypothesis,stationary,325.0744907657791,325.0744907657791,19856.120179807207,90000.0,0.0,0.0,0.0,0.0,0.0,0.0,0.0,0.0,137.0,0.09201567481386255,0.023924075451604264,0.0,0.32607592454839573,1.0,0.9550344771675521,0.929635072201164,0.7522407225404778,0.6553111644449188,0.6553111644449188,0.6553111644449188,0.0,0.0,0.0,0.0,0.0,0.4935923248005721,0.10687524799983872,0.05484359164450799,4.532607537877717,143.87982019279676,537.4090511895552,0.0,143.22450902835183,0.4935923248005721,8.225716092801534,0.0,0.0,-899.4928991318698,0.0,3.637978807091713e-12,0.0,0.0
opening_hypothesis,stationary,326.850626910864,326.850626910864,19855.33405183823,90000.0,0.0,0.0,0.0,0.0,0.0,0.0,0.0,0.0,138.0,0.09251842839986765,0.02405479138396559,0.0,0.3259452086160344,1.0,0.9547944338354004,0.9292506135765718,0.7510450426919598,0.6588916417770724,0.6588916417770724,0.6588916417770724,0.0,0.0,0.0,0.0,0.0,0.4968208751142423,0.10686844720569215,0.055202319457138015,4.532786996432715,144.66594816177624,537.1114862204884,0.0,144.00705651999917,0.4968208751142423,8.279519883778848,0.0,0.0,-899.4390953408924,0.0,3.637978807091713e-12,0.0,-1.1102230246251565e-16
opening_hypothesis,stationary,328.6212615602479,328.6212615602479,19854.550358862565,90000.0,0.0,0.0,0.0,0.0,0.0,0.0,0.0,0.0,139.0,0.09301962473098568,0.02418510243005628,0.0,0.3258148975699437,1.0,0.9545551940795693,0.9288673457939521,0.7498546541272542,0.6624610287540724,0.6624610287540724,0.6624610287540724,0.0,0.0,0.0,0.0,0.0,0.5000394249801015,0.10686166766507092,0.05555993610890014,4.532965913268658,145.4496411374396,536.8148429445038,0.0,144.78718010868553,0.5000394249801015,8.33315701729339,0.0,0.0,-899.385458207378,0.0,3.637978807091713e-12,0.0,0.0
opening_hypothesis,stationary,330.38643365719537,330.38643365719537,19853.769083643707,90000.0,0.0,0.0,0.0,0.0,0.0,0.0,0.0,0.0,140.0,0.0935192748305078,0.02431501145593203,0.0,0.32568498854406797,1.0,0.9543167520663427,0.9284852604237294,0.7486695140906255,0.666019403880867,0.666019403880867,0.666019403880867,0.0,0.0,0.0,0.0,0.0,0.5032480451883626,0.10685490922713067,0.055916449465373615,4.53314429219112,146.23091635629748,536.5191148372417,0.0,145.5648969524166,0.5032480451883626,8.386628673064063,0.0,0.0,-899.3319865516072,0.0,3.637978807091713e-12,0.0,0.0
opening_hypothesis,stationary,332.1461817027924,332.1461817027924,19852.990209140855,90000.0,0.0,0.0,0.0,0.0,0.0,0.0,0.0,0.0,141.0,0.094017389596562,0.02444452129510612,0.0,0.3255554787048939,1.0,0.9540791020289708,0.9281043491320409,0.7474895803433562,0.669566844771025,0.669566844771025,0.669566844771025,0.0,0.0,0.0,0.0,0.0,0.5064468057254553,0.10684817174274139,0.05627186730282835,4.5333221369626004,147.0097908591497,536.2242954484226,0.0,146.34022401437866,0.5064468057254553,8.439936017414713,0.0,0.0,-899.2786792072566,0.0,3.637978807091713e-12,0.0,0.0
opening_hypothesis,stationary,333.9005437628784,333.9005437628784,19852.21371850585,90000.0,0.0,0.0,0.0,0.0,0.0,0.0,0.0,0.0,142.0,0.09451397980407528,0.024573634749059572,0.0,0.32542636525094043,1.0,0.9538422382666136,0.9277246036792366,0.7463148111553447,0.6731034281607112,0.6731034281607112,0.6731034281607112,0.0,0.0,0.0,0.0,0.0,0.5096357757866251,0.1068414550644611,0.056626197309625,4.533499451303194,147.78628149415343,535.9303784006861,0.0,147.1131780659927,0.5096357757866251,8.493080203484107,0.0,0.0,-899.2255350211872,0.0,3.637978807091713e-12,0.0,0.0
opening_hypothesis,stationary,335.6495574748399,335.6495574748399,19851.439595080174,90000.0,0.0,0.0,0.0,0.0,0.0,0.0,0.0,0.0,143.0,0.09500905610669662,0.024702354587741122,0.0,0.32529764541225886,1.0,0.9536061551433065,0.9273460159184085,0.74514516529688,0.6766292299223803,0.6766292299223803,0.6766292299223803,0.0,0.0,0.0,0.0,0.0,0.5128150237882841,0.10683475904650903,0.05697944708758711,4.533676238891254,148.56040491983026,535.6373573884526,0.0,147.88377568990788,0.5128150237882841,8.546062371431756,0.0,0.0,-899.1725528532395,0.0,3.637978807091713e-12,0.0,0.0
opening_hypothesis,stationary,337.3932600542684,337.3932600542684,19850.66782239199,90000.0,0.0,0.0,0.0,0.0,0.0,0.0,0.0,0.0,144.0,0.09550262903868159,0.024830683550057214,0.0,0.32516931644994274,1.0,0.9533708470869461,0.9269685777939493,0.743980602030581,0.6801443250781986,0.6801443250781986,0.6801443250781986,0.0,0.0,0.0,0.0,0.0,0.5159846173801129,0.10682808354473983,0.05733162415334586,4.533852503364043,149.33217760801284,535.3452261768081,0.0,148.65203328293464,0.5159846173801129,8.598883648639582,0.0,0.0,-899.1197315760317,0.0,3.637978807091713e-12,0.0,-1.1102230246251565e-16
opening_hypothesis,stationary,339.1316883014868,339.1316883014868,19849.89838415327,90000.0,0.0,0.0,0.0,0.0,0.0,0.0,0.0,0.0,145.0,0.09599470901673972,0.024958624344352327,0.0,0.32504137565564767,1.0,0.9531363085882962,0.9265922813401403,0.742821081103503,0.6836487878132012,0.6836487878132012,0.6836487878132012,0.0,0.0,0.0,0.0,0.0,0.5191446234569244,0.10682142841661857,0.057682735939658246,4.534028248318365,150.10161584673358,535.0539786004103,0.0,149.41796705892037,0.5191446234569244,8.651545149909644,0.0,0.0,-899.0670700747617,0.0,3.637978807091713e-12,0.0,0.0
opening_hypothesis,stationary,340.86487860794676,340.86487860794676,19849.131264256946,90000.0,0.0,0.0,0.0,0.0,0.0,0.0,0.0,0.0,146.0,0.09648530634184532,0.025086179648879783,0.0,0.3249138203511202,1.0,0.9529025342000136,0.9262171186797654,0.7416665627393974,0.6871426914881876,0.6871426914881876,0.6871426914881876,0.0,0.0,0.0,0.0,0.0,0.522295108170293,0.10681479352119545,0.058032789796699215,4.534203477311185,150.86873574305616,534.7636085624176,0.0,150.18159305156797,0.522295108170293,8.704047977657932,0.0,0.0,-899.0145672470134,0.0,3.637978807091713e-12,0.0,-1.1102230246251565e-16
opening_hypothesis,stationary,342.5928669625005,342.5928669625005,19848.366446774155,90000.0,0.0,0.0,0.0,0.0,0.0,0.0,0.0,0.0,147.0,0.09697443120101283,0.025213352112263335,0.0,0.32478664788773665,1.0,0.952669518535693,0.9258430820227549,0.7405170076311326,0.6906261086523655,0.6906261086523655,0.6906261086523655,0.0,0.0,0.0,0.0,0.0,0.525436136939955,0.10680817871908221,0.05838179299332832,4.534378193860241,151.63355322585144,534.4741100334375,0.0,150.94292711719908,0.525436136939955,8.756393222104348,0.0,0.0,-898.9622220025669,0.0,7.275957614183426e-12,0.0,0.0
opening_hypothesis,stationary,344.31568895755,344.31568895755,19847.603915951488,90000.0,0.0,0.0,0.0,0.0,0.0,0.0,0.0,0.0,148.0,0.09746209366903731,0.0253401443539497,0.0,0.32465985564605027,1.0,0.9524372562689308,0.9254701636648538,0.7393723769332655,0.6940991110557458,0.6940991110557458,0.6940991110557458,0.0,0.0,0.0,0.0,0.0,0.5285677744649869,0.10680158387242708,0.05872975271833186,4.534552401444647,152.39608404851913,534.1854770504968,0.0,151.70198493746338,0.5285677744649869,8.808581961459007,0.0,0.0,-898.9100332632123,0.0,7.275957614183426e-12,0.0,-1.1102230246251565e-16
opening_hypothesis,stationary,346.0333797950759,346.0333797950759,19846.84365620835,90000.0,0.0,0.0,0.0,0.0,0.0,0.0,0.0,0.0,149.0,0.09794830371020112,0.025466558964652292,0.0,0.3245334410353477,1.0,0.9522057421324073,0.9250983559863168,0.7382326322547582,0.6975617696612976,0.6975617696612976,0.6975617696612976,0.0,0.0,0.0,0.0,0.0,0.5316900847347645,0.10679500884489261,0.05907667608164049,4.534726103505473,153.15634379165633,533.8977037160319,0.0,152.45878202199503,0.5316900847347645,8.86061526210485,0.0,0.0,-898.8579999625665,0.0,7.275957614183426e-12,0.0,0.0
opening_hypothesis,stationary,347.74597429255056,347.74597429255056,19846.08565213433,90000.0,0.0,0.0,0.0,0.0,0.0,0.0,0.0,0.0,150.0,0.09843307117994755,0.025592598506786364,0.0,0.3244074014932136,1.0,0.9519749709169859,0.9247276514506284,0.737097735651842,0.7010141546568668,0.7010141546568668,0.7010141546568668,0.0,0.0,0.0,0.0,0.0,0.5348031310397113,0.10678845350163203,0.05942257011552346,4.534899303446321,153.91434786567444,533.6107841968975,0.0,153.21333371101758,0.5348031310397113,8.91249417877679,0.0,0.0,-898.8061210458945,0.0,3.637978807091713e-12,0.0,0.0
opening_hypothesis,stationary,349.4535068887358,349.4535068887358,19845.32988848664,90000.0,0.0,0.0,0.0,0.0,0.0,0.0,0.0,0.0,151.0,0.09891640582652202,0.025718265514895724,0.0,0.3242817344851043,1.0,0.9517449374708311,0.9243580426032479,0.7359676496210217,0.7044563354668646,0.7044563354668646,0.7044563354668646,0.0,0.0,0.0,0.0,0.0,0.5379069759818377,0.10678191770926718,0.05976744177575973,4.535072004633892,154.67011151336553,533.3247127233956,0.0,153.96565517789867,0.5379069759818377,8.964219754737325,0.0,0.0,-898.754395469934,0.0,7.275957614183426e-12,0.0,0.0
opening_hypothesis,stationary,351.1560116493697,351.1560116493697,19844.576350187588,90000.0,0.0,0.0,0.0,0.0,0.0,0.0,0.0,0.0,152.0,0.09939831729258171,0.025843562496071244,0.0,0.32415643750392875,1.0,0.9515156366985427,0.9239895220703788,0.7348423370922168,0.7078883807637314,0.7078883807637314,0.7078883807637314,0.0,0.0,0.0,0.0,0.0,0.541001681485079,0.10677540133586574,0.060111297942786544,4.535244210398537,155.42364981241923,533.0394835883227,0.0,154.7157614316555,0.541001681485079,9.015793021948841,0.0,0.0,-898.7028222027225,0.0,7.275957614183426e-12,0.0,1.1102230246251565e-16
opening_hypothesis,stationary,352.85352227274444,352.85352227274444,19843.825022322115,90000.0,0.0,0.0,0.0,0.0,0.0,0.0,0.0,0.0,153.0,0.09987881511677447,0.025968491930361364,0.0,0.3240315080696386,1.0,0.9512870635603065,0.9236220825577607,0.7337217614220392,0.71131035847918,0.71131035847918,0.71131035847918,0.0,0.0,0.0,0.0,0.0,0.5440873088054337,0.10676890425092049,0.06045414542282594,4.535415924034803,156.17497767789143,532.7550911460357,0.0,155.46366731941225,0.5440873088054337,9.067215001242552,0.0,0.0,-898.6514002234287,0.0,7.275957614183426e-12,0.0,0.0
opening_hypothesis,stationary,354.54607209517786,354.54607209517786,19843.07589013538,90000.0,0.0,0.0,0.0,0.0,0.0,0.0,0.0,0.0,154.0,0.10035790873528762,0.02609305627117478,0.0,0.3239069437288252,1.0,0.9510592130710619,0.923255716849486,0.7326058863872004,0.714722335815227,0.714722335815227,0.714722335815227,0.0,0.0,0.0,0.0,0.0,0.5471639185409096,0.10676242632532752,0.060795990948989936,4.535587148801958,156.92410986462625,532.4715298115343,0.0,156.20938752881102,0.5471639185409096,9.118486702484258,0.0,0.0,-898.600128522187,0.0,7.275957614183426e-12,0.0,0.0
opening_hypothesis,stationary,356.2336940963808,356.2336940963808,19842.328939030376,90000.0,0.0,0.0,0.0,0.0,0.0,0.0,0.0,0.0,155.0,0.10083560748336717,0.026217257945675466,0.0,0.3237827420543245,1.0,0.9508320802996851,0.9228904178068368,0.731494676178044,0.7181243792550122,0.7181243792550122,0.7181243792550122,0.0,0.0,0.0,0.0,0.0,0.5502315706412821,0.10675596743136538,0.06113684118236466,4.53575788792452,157.6710609696314,532.1887940595627,0.0,156.9529365903764,0.5502315706412821,9.169609124736967,0.0,0.0,-898.5490060999343,0.0,7.275957614183426e-12,0.0,0.0
opening_hypothesis,stationary,357.91642090472334,357.91642090472334,19841.584154565597,90000.0,0.0,0.0,0.0,0.0,0.0,0.0,0.0,0.0,156.0,0.10131192059680853,0.02634109935517022,0.0,0.3236589006448298,1.0,0.9506056603681872,0.9225261783671465,0.7303880953922133,0.7215165545734137,0.7215165545734137,0.7215165545734137,0.0,0.0,0.0,0.0,0.0,0.5532903244176648,0.10674952744267507,0.061476702713073844,4.535928144592768,158.41584543440925,531.9068784237271,0.0,157.69432887983584,0.5532903244176648,9.220583256420383,0.0,0.0,-898.4980319682509,0.0,7.275957614183426e-12,0.0,0.0
opening_hypothesis,stationary,359.5942848024015,359.5942848024015,19840.841522452763,90000.0,0.0,0.0,0.0,0.0,0.0,0.0,0.0,0.0,157.0,0.10178685721341901,0.026464582875488946,0.0,0.32353541712451106,1.0,0.9503799484509284,0.9221629915426797,0.7292861090284272,0.724898926847465,0.724898926847465,0.724898926847465,0.0,0.0,0.0,0.0,0.0,0.556340238551903,0.10674310623423955,0.06181558206132254,4.5360979219632425,159.15847754724354,531.6257774956297,0.0,158.43357862039608,0.556340238551903,9.271410075467463,0.0,0.0,-898.4472051492038,0.0,7.275957614183426e-12,0.0,0.0
opening_hypothesis,stationary,361.2673177305074,361.2673177305074,19840.101028554564,90000.0,0.0,0.0,0.0,0.0,0.0,0.0,0.0,0.0,158.0,0.10226042637445293,0.02658771085735776,0.0,0.3234122891426422,1.0,0.9501549397738466,0.921800850419536,0.7281886824803867,0.7282715604665752,0.7282715604665752,0.7282715604665752,0.0,0.0,0.0,0.0,0.0,0.5593813711057897,0.10673670368236446,0.06215348567842106,4.53626722315924,159.89897144544344,531.3454859240194,0.0,159.17069988497687,0.5593813711057897,9.322090549477984,0.0,0.0,-898.3965246751933,0.0,7.275957614183426e-12,0.0,0.0
opening_hypothesis,stationary,362.93555129400426,362.93555129400426,19839.36265888246,90000.0,0.0,0.0,0.0,0.0,0.0,0.0,0.0,0.0,159.0,0.10273263702601985,0.026710485626765163,0.0,0.32328951437323483,1.0,0.9499306296137003,0.9214397481565731,0.7270957815307952,0.7316345191425573,0.7316345191425573,0.7316345191425573,0.0,0.0,0.0,0.0,0.0,0.562413779530109,0.10673031966465837,0.06249041994778987,4.536436051271299,160.63734111754565,531.0659984139589,0.0,159.9057065984031,0.562413779530109,9.372625635869266,0.0,0.0,-898.345989588802,0.0,3.637978807091713e-12,0.0,0.0
opening_hypothesis,stationary,364.5990167666096,364.5990167666096,19838.62639959453,90000.0,0.0,0.0,0.0,0.0,0.0,0.0,0.0,0.0,160.0,0.10320349802046691,0.026832909485321396,0.0,0.32316709051467857,1.0,0.9497070132973257,0.9210796779843488,0.7260073723454868,0.734987865919473,0.734987865919473,0.734987865919473,0.0,0.0,0.0,0.0,0.0,0.5654375206735129,0.10672395406001416,0.06282639118594587,4.536604409357669,161.37360040547554,530.787309726006,0.0,160.63861253955608,0.5654375206735129,9.423016282024093,0.0,0.0,-898.2955989426472,0.0,7.275957614183426e-12,0.0,0.0
opening_hypothesis,stationary,366.25774509558704,366.25774509558704,19837.89223699334,90000.0,0.0,0.0,0.0,0.0,0.0,0.0,0.0,0.0,161.0,0.10367301811773501,0.026954984710611102,0.0,0.3230450152893889,1.0,0.9494840862009077,0.920720633204085,0.724923421467675,0.7383316631832919,0.7383316631832919,0.7383316631832919,0.0,0.0,0.0,0.0,0.0,0.5684526507912312,0.10671760674859053,0.06316140564347013,4.536772300444785,162.10776300666816,530.5094146754108,0.0,161.36943134348488,0.5684526507912312,9.473263425435867,0.0,0.0,-898.2453517992354,0.0,7.275957614183426e-12,0.0,0.0
opening_hypothesis,stationary,367.9117669064503,367.9117669064503,19837.160157523856,90000.0,0.0,0.0,0.0,0.0,0.0,0.0,0.0,0.0,162.0,0.10414120598669052,0.027076713556539535,0.0,0.32292328644346047,1.0,0.9492618437492648,0.9203626071866485,0.7238438958123042,0.7416659726713749,0.7416659726713749,0.7416659726713749,0.0,0.0,0.0,0.0,0.0,0.5714592255536234,0.10671127761179332,0.06349546950595815,4.536939727527718,162.83984247615024,530.2323081313278,0.0,162.09817650347887,0.5714592255536234,9.523367993851133,0.0,0.0,-898.1952472308202,0.0,7.275957614183426e-12,0.0,0.0
opening_hypothesis,stationary,369.56111250758073,369.56111250758073,19836.430147771425,90000.0,0.0,0.0,0.0,0.0,0.0,0.0,0.0,0.0,163.0,0.10460807020643222,0.02719809825367238,0.0,0.3228019017463276,1.0,0.9490402814151462,0.9200055933715519,0.7227687626605086,0.7449908554817818,0.7449908554817818,0.7449908554817818,0.0,0.0,0.0,0.0,0.0,0.5744573000545712,0.10670496653225822,0.06382858889495234,4.537106693570632,163.5698522285839,529.9559850160424,0.0,162.82486137310212,0.5744573000545712,9.573330905409428,0.0,0.0,-898.1452843192619,0.0,1.0913936421275139e-11,0.0,0.0
opening_hypothesis,stationary,371.2058118947602,371.2058118947602,19835.702194459736,90000.0,0.0,0.0,0.0,0.0,0.0,0.0,0.0,0.0,164.0,0.10507361926757434,0.02731914100956933,0.0,0.32268085899043064,1.0,0.9488193947185426,0.9196495852659725,0.7216979896541772,0.7483063720824091,0.7483063720824091,0.7483063720824091,0.0,0.0,0.0,0.0,0.0,0.5774469288197193,0.10669867339383216,0.06416076986885767,4.537273201507214,164.29780554027295,529.6804403042113,0.0,163.54949916819055,0.5774469288197193,9.62315306878062,0.0,0.0,-898.0954621558907,0.0,1.0913936421275139e-11,0.0,0.0
opening_hypothesis,stationary,372.84589475562126,372.84589475562126,19834.976284448876,90000.0,0.0,0.0,0.0,0.0,0.0,0.0,0.0,0.0,165.0,0.10553786157350636,0.027439844009111657,0.0,0.32256015599088833,1.0,0.9485991792260098,0.9192945764437893,0.7206315447906168,0.7516125823199618,0.7516125823199618,0.7516125823199618,0.0,0.0,0.0,0.0,0.0,0.5804281658145637,0.10669239808155756,0.0644920184238404,4.53743925424112,165.0237155511326,529.405669022117,0.0,164.27210296881265,0.5804281658145637,9.672835383299704,0.0,0.0,-898.0457798413715,0.0,7.275957614183426e-12,0.0,0.0
opening_hypothesis,stationary,374.48139047401673,374.48139047401673,19834.252404733386,90000.0,0.0,0.0,0.0,0.0,0.0,0.0,0.0,0.0,166.0,0.10600080544162974,0.027560209414823733,0.0,0.32243979058517624,1.0,0.9483796305500036,0.918940560544636,0.719569396417317,0.7549095454287608,0.7549095454287608,0.7549095454287608,0.0,0.0,0.0,0.0,0.0,0.5834010644523963,0.1066861404816538,0.06482234049471068,4.537604854646387,165.74759526662334,529.1316662469355,0.0,164.99268572119456,0.5834010644523963,9.722378739099183,0.0,0.0,-897.9962364855721,0.0,1.0913936421275139e-11,0.0,0.0
opening_hypothesis,stationary,376.11232813431013,376.11232813431013,19833.530542440363,90000.0,0.0,0.0,0.0,0.0,0.0,0.0,0.0,0.0,167.0,0.10646245910457239,0.027680239367188823,0.0,0.32231976063281115,1.0,0.948160744348228,0.918587531272974,0.7185115132268115,0.758197320039393,0.758197320039393,0.758197320039393,0.0,0.0,0.0,0.0,0.0,0.5863656776021021,0.10667990048150183,0.06515174195578911,4.537770005567864,166.46945755965004,528.8584271060183,0.0,165.71126023961065,0.5863656776021021,9.771784017239032,0.0,0.0,-897.9468312074323,0.0,1.4551915228366852e-11,0.0,-1.1102230246251565e-16
opening_hypothesis,stationary,377.73873652558893,377.73873652558893,19832.810684827586,90000.0,0.0,0.0,0.0,0.0,0.0,0.0,0.0,0.0,168.0,0.10692283071138135,0.027799935984959154,0.0,0.3222000640150408,1.0,0.9479425163229938,0.9182354823971789,0.7174578642516329,0.7614759641872042,0.7614759641872042,0.7614759641872042,0.0,0.0,0.0,0.0,0.0,0.5893220575958195,0.10667367796962694,0.0654802286217577,4.53793470982161,167.18931517242675,528.5859467761853,0.0,166.42783920823953,0.5893220575958195,9.82105208983433,0.0,0.0,-897.897563134837,0.0,1.0913936421275139e-11,0.0,1.1102230246251565e-16
opening_hypothesis,stationary,379.3606441458019,379.3606441458019,19832.092819281705,90000.0,0.0,0.0,0.0,0.0,0.0,0.0,0.0,0.0,169.0,0.10738192832869385,0.027919301365460402,0.0,0.3220806986345396,1.0,0.9477249422205906,0.9178844077486459,0.7164084188593642,0.7647455353206392,0.7647455353206392,0.7647455353206392,0.0,0.0,0.0,0.0,0.0,0.5922702562364603,0.10666747283568319,0.06580780624849558,4.538098970195304,167.90718071830776,528.314220483033,0.0,167.14243518298713,0.5922702562364603,9.87018382018061,0.0,0.0,-897.8484314044907,0.0,1.0913936421275139e-11,0.0,0.0
opening_hypothesis,stationary,380.97807920582324,380.97807920582324,19831.376933316427,90000.0,0.0,0.0,0.0,0.0,0.0,0.0,0.0,0.0,170.0,0.10783975994188769,0.0280383375848908,0.0,0.32196166241510915,1.0,0.9475080178306683,0.9175343012209093,0.7153631467477733,0.7680060903094349,0.7680060903094349,0.7680060903094349,0.0,0.0,0.0,0.0,0.0,0.5952103248050976,0.10666128497043757,0.06613448053389971,4.5382627894486385,168.62306668358661,528.0432435002524,0.0,167.8550605932772,0.5952103248050976,9.91918006287695,0.0,0.0,-897.7994351617943,0.0,1.4551915228366852e-11,0.0,0.0
opening_hypothesis,stationary,382.5910696334432,382.5910696334432,19830.66301457075,90000.0,0.0,0.0,0.0,0.0,0.0,0.0,0.0,0.0,171.0,0.10829633345621088,0.02815704669861483,0.0,0.3218429533013851,1.0,0.9472917389856305,0.9171851567687799,0.7143220179400469,0.7712576854526655,0.7712576854526655,0.7712576854526655,0.0,0.0,0.0,0.0,0.0,0.59814231406822,0.10665511426575436,0.0664602571186911,4.538426170313707,169.33698542926228,527.773011148961,0.0,168.56572774380962,0.59814231406822,9.968041663946886,0.0,0.0,-897.7505735607244,0.0,1.0913936421275139e-11,0.0,0.0
opening_hypothesis,stationary,384.19964307728947,384.19964307728947,19829.951050807238,90000.0,0.0,0.0,0.0,0.0,0.0,0.0,0.0,0.0,172.0,0.10875165669789155,0.028275430741451803,0.0,0.3217245692585482,1.0,0.9470761015600386,0.9168369684074947,0.7132850027801012,0.7745003764866463,0.7745003764866463,0.7745003764866463,0.0,0.0,0.0,0.0,0.0,0.6010662742848593,0.10664896061458037,0.06678514158720657,4.538589115495385,170.04894919277476,527.5035187970464,0.0,169.2744488162881,0.6010662742848593,10.016769460957178,0.0,0.0,-897.7018457637141,0.0,1.4551915228366852e-11,0.0,0.0
opening_hypothesis,stationary,385.8038269106776,385.8038269106776,19829.241029910303,90000.0,0.0,0.0,0.0,0.0,0.0,0.0,0.0,0.0,173.0,0.10920573741522799,0.02839349172795928,0.0,0.3216065082720407,1.0,0.9468611014700267,0.9164897302118844,0.7122520719279815,0.7777342185926968,0.7777342185926968,0.7777342185926968,0.0,0.0,0.0,0.0,0.0,0.6039822552135908,0.10664282391092912,0.06710913946817675,4.538751627671708,170.75897008970938,527.2347618585195,0.0,169.9812358711167,0.6039822552135908,10.06536428313449,0.0,0.0,-897.6532509415368,0.0,1.0913936421275139e-11,0.0,0.0
opening_hypothesis,stationary,387.40364823539534,387.40364823539534,19828.532939884542,90000.0,0.0,0.0,0.0,0.0,0.0,0.0,0.0,0.0,174.0,0.10965858327965963,0.028511231652711504,0.0,0.32148876834728846,1.0,0.946646734672726,0.9161434363155544,0.711223196355348,0.7809592664047686,0.7809592664047686,0.7809592664047686,0.0,0.0,0.0,0.0,0.0,0.6068903061194114,0.10663670404986723,0.06743225623549014,4.538913709494236,171.4670601154716,526.966735792883,0.0,170.68610084906683,0.6068903061194114,10.113826951479991,0.0,0.0,-897.6047882731913,0.0,1.4551915228366852e-11,0.0,-1.1102230246251565e-16
opening_hypothesis,stationary,388.9991338854192,388.9991338854192,19827.82676885308,90000.0,0.0,0.0,0.0,0.0,0.0,0.0,0.0,0.0,175.0,0.11011020188681932,0.028628652490573024,0.0,0.321371347509427,1.0,0.9464329971657004,0.9157980809100794,0.7101983473410376,0.7841755740169388,0.7841755740169388,0.7841755740169388,0.0,0.0,0.0,0.0,0.0,0.6097904757804958,0.10663060092749901,0.06775449730894396,4.53907536358842,172.1732311469323,526.6994361045063,0.0,171.38905557291537,0.6097904757804958,10.162158278881963,0.0,0.0,-897.5564569457894,0.0,1.0913936421275139e-11,0.0,0.0
opening_hypothesis,stationary,390.59031043056723,390.59031043056723,19827.12250505597,90000.0,0.0,0.0,0.0,0.0,0.0,0.0,0.0,0.0,176.0,0.11056060075756699,0.02874575619696742,0.0,0.3212542438030326,1.0,0.9462198849863914,0.9154536582442135,0.7091774964667049,0.7873831949907718,0.7873831949907718,0.7873831949907718,0.0,0.0,0.0,0.0,0.0,0.6126828124948366,0.10662451444095344,0.06807586805498182,4.53923659255395,172.8774949440441,526.4328583420148,0.0,172.0901117490533,0.6126828124948366,10.21035907022645,0.0,0.0,-897.5082561544449,0.0,1.4551915228366852e-11,0.0,0.0
opening_hypothesis,stationary,392.1772041800875,392.1772041800875,19826.420136848585,90000.0,0.0,0.0,0.0,0.0,0.0,0.0,0.0,0.0,177.0,0.1110097873390057,0.028862544708141483,0.0,0.3211374552918585,1.0,0.9460073942115726,0.9151101626231133,0.7081606156125478,0.7905821823625546,0.7905821823625546,0.7905821823625546,0.0,0.0,0.0,0.0,0.0,0.6155673640867674,0.10661844448836873,0.06839637378741859,4.539397398965113,173.57986315142998,526.1669980976891,0.0,172.78928096906742,0.6155673640867674,10.258430122505978,0.0,0.0,-897.4601851021653,0.0,1.4551915228366852e-11,0.0,-1.1102230246251565e-16
opening_hypothesis,stationary,393.7598411861849,393.7598411861849,19825.71965270007,90000.0,0.0,0.0,0.0,0.0,0.0,0.0,0.0,0.0,178.0,0.1114577690054797,0.02897901994142472,0.0,0.32102098005857527,1.0,0.9457955209568141,0.9147675884075743,0.7071476769531011,0.7937725886504063,0.7937725886504063,0.7937725886504063,0.0,0.0,0.0,0.0,0.0,0.6184441779133737,0.10661239096888005,0.06871601976815261,4.539557785371129,174.2803472999442,525.9018510068724,0.0,173.4865747112938,0.6184441779133737,10.306372224926372,0.0,0.0,-897.4122429997449,0.0,1.4551915228366852e-11,0.0,0.0
opening_hypothesis,stationary,395.3382472474869,395.3382472474869,19825.021041191805,90000.0,0.0,0.0,0.0,0.0,0.0,0.0,0.0,0.0,179.0,0.11190455305955561,0.02909518379548446,0.0,0.3209048162045155,1.0,0.9455842613759556,0.914425930013281,0.7061386529531075,0.7969544658612638,0.7969544658612638,0.7969544658612638,0.0,0.0,0.0,0.0,0.0,0.6213133008707926,0.10660635378260537,0.06903481120786582,4.539717754296494,174.97895880820613,525.6374127473923,0.0,174.18200434234487,0.6213133008707926,10.354186159011759,0.0,0.0,-897.3644290656596,0.0,1.0913936421275139e-11,0.0,0.0
opening_hypothesis,stationary,396.9124479124495,396.9124479124495,19824.324291015902,90000.0,0.0,0.0,0.0,0.0,0.0,0.0,0.0,0.0,180.0,0.1123501467329864,0.029211038150576466,0.0,0.3207889618494235,1.0,0.9453736116605898,0.9140851819100693,0.7051335163634656,0.8001278654977487,0.8001278654977487,0.8001278654977487,0.0,0.0,0.0,0.0,0.0,0.6241747794004044,0.10660033283063262,0.06935275326671159,4.539877308241305,175.67570898410779,525.3736790389877,0.0,174.87558111861003,0.6241747794004044,10.40187269870774,0.0,0.0,-897.3167425259636,0.0,1.0913936421275139e-11,0.0,1.1102230246251565e-16
opening_hypothesis,stationary,398.4824684827053,398.4824684827053,19823.629390973714,90000.0,0.0,0.0,0.0,0.0,0.0,0.0,0.0,0.0,181.0,0.11279455718765916,0.029326584868791382,0.0,0.3206734151312086,1.0,0.9451635680395524,0.9137453386212019,0.70413224021724,0.803292838564916,0.803292838564916,0.803292838564916,0.0,0.0,0.0,0.0,0.0,0.6270286594949189,0.10659432801500598,0.06966985105499097,4.540036449681594,176.37060902629585,525.1106456427499,0.0,175.56731618773094,0.6270286594949189,10.449432610482823,0.0,0.0,-897.2691826141885,0.0,1.0913936421275139e-11,0.0,0.0
opening_hypothesis,stationary,400.0483340163538,400.0483340163538,19822.93632997438,90000.0,0.0,0.0,0.0,0.0,0.0,0.0,0.0,0.0,182.0,0.11323779151652641,0.029441825794296866,0.0,0.3205581742057031,1.0,0.9449541267784239,0.9134063947226562,0.7031347978257505,0.8064494355768872,0.8064494355768872,0.8064494355768872,0.0,0.0,0.0,0.0,0.0,0.6298749867043558,0.10658833923871411,0.0699861096338173,4.540195181069641,177.06367002562774,524.8483083605701,0.0,176.25722059005085,0.6298749867043558,10.49686665342809,0.0,0.0,-897.2217485712432,0.0,1.0913936421275139e-11,0.0,0.0
opening_hypothesis,stationary,401.61006933119654,401.61006933119654,19822.245097033407,90000.0,0.0,0.0,0.0,0.0,0.0,0.0,0.0,0.0,183.0,0.1136798567445219,0.029556762753575695,0.0,0.32044323724642426,1.0,0.9447452841790372,0.9130683448424244,0.7021411627747245,0.8095977065633724,0.8095977065633724,0.8095977065633724,0.0,0.0,0.0,0.0,0.0,0.632713806141926,0.10658236640567688,0.07030153401576954,4.540353504834292,177.75490296660377,524.5866630345979,0.0,176.94530526004039,0.632713806141926,10.544175579355196,0.0,0.0,-897.174439645316,0.0,1.0913936421275139e-11,0.0,0.0
opening_hypothesis,stationary,403.1676990079165,403.1676990079165,19821.55568127124,90000.0,0.0,0.0,0.0,0.0,0.0,0.0,0.0,0.0,184.0,0.11412075982946053,0.02967139755565974,0.0,0.32032860244434025,1.0,0.944537036578995,0.9127311836598243,0.7011513089205162,0.8127377010760787,0.8127377010760787,0.8127377010760787,0.0,0.0,0.0,0.0,0.0,0.6355451624898111,0.1065764094207331,0.07061612916553454,4.540511423381272,178.44431872877414,524.3257055467086,0.0,177.63158102769805,0.6355451624898111,10.591360132892701,0.0,0.0,-897.1272550917786,0.0,1.0913936421275139e-11,0.0,0.0
opening_hypothesis,stationary,404.7212473932048,404.7212473932048,19820.86807191189,90000.0,0.0,0.0,0.0,0.0,0.0,0.0,0.0,0.0,185.0,0.11456050766292337,0.02978573199236008,0.0,0.3202142680076399,1.0,0.9443293803511952,0.9123949059048233,0.7001652103863932,0.8158694681950136,0.8158694681950136,0.8158694681950136,0.0,0.0,0.0,0.0,0.0,0.638369100004846,0.10657046818962912,0.07092990000053843,4.5406689390934805,179.13192808812292,524.0654318179793,0.0,178.3160586199279,0.638369100004846,10.638421051580758,0.0,0.0,-897.0801941730905,0.0,1.0913936421275139e-11,0.0,0.0
opening_hypothesis,stationary,406.2707386028342,406.2707386028342,19820.182258281584,90000.0,0.0,0.0,0.0,0.0,0.0,0.0,0.0,0.0,186.0,0.1149991070711277,0.029899767838493203,0.0,0.3201002321615068,1.0,0.9441223119033637,0.912059506357373,0.6991828415588872,0.8189930565346812,0.8189930565346812,0.8189930565346812,0.0,0.0,0.0,0.0,0.0,0.641185662524108,0.10656454261900578,0.07124285139156754,4.5408260543313,179.81774171842844,523.8058378081741,0.0,178.99874866189376,0.641185662524108,10.68535906596426,0.0,0.0,-897.033256158707,0.0,1.0913936421275139e-11,0.0,0.0
opening_hypothesis,stationary,407.81629043203907,407.81629043203907,19819.49818824348,90000.0,0.0,0.0,0.0,0.0,0.0,0.0,0.0,0.0,187.0,0.11543659139722501,0.0300135137632785,0.0002702387445007843,0.31999256934742953,1.001080954978003,0.9439158151322741,0.9117428510218516,0.6982564306391581,0.8221087035561389,0.8221087035561389,0.8221087035561389,0.0,0.0,0.0,0.0,0.0,0.6439950641689731,0.10655863225727977,0.07155500712988588,4.5409827809558845,180.50181175653202,523.5469037824682,0.0,179.6797030529759,0.6439950641689731,10.732177744375937,0.0,0.0,-896.9864374802953,0.0,1.0913936421275139e-11,0.0,1.1102230246251565e-16
opening_hypothesis,stationary,409.3665727821037,409.3665727821037,19818.81202444992,90000.0,0.0,0.0,0.0,0.0,0.0,0.0,0.0,0.0,188.0,0.11587541474585865,0.03012760783392325,0.002548902695422813,0.31992998642168763,1.0101956107816912,0.9437087317019536,0.911558783593199,0.6977183920370187,0.8252338867399871,0.8252338867399871,0.8252338867399871,0.0,0.0,0.0,0.0,0.0,0.646813064511074,0.10655270394990492,0.0718681182790082,4.541139998147694,181.18797555009795,523.2871772289502,0.0,180.36274166335795,0.646813064511074,10.779139720077048,0.0,0.0,-896.9394755045943,0.0,1.8189894035458565e-11,0.0,0.0
opening_hypothesis,stationary,410.9271097120407,410.9271097120407,19818.12132192092,90000.0,0.0,0.0,0.0,0.0,0.0,0.0,0.0,0.0,189.0,0.11631714075869296,0.03024245659726017,0.004837393885689988,0.31986726440871366,1.01934957554276,0.94350032436987,0.911374307084452,0.6971795051866171,0.8283797419263086,0.8283797419263086,0.8283797419263086,0.0,0.0,0.0,0.0,0.0,0.6496497048162786,0.10654673657488792,0.07218330053514205,4.541298266271615,181.87867807909257,523.0257326743932,0.0,181.05029833716625,0.6496497048162786,10.826412330763283,0.0,0.0,-896.892202893908,0.0,1.4551915228366852e-11,0.0,0.0
opening_hypothesis,stationary,412.4978813437065,412.4978813437065,19817.426089454675,90000.0,0.0,0.0,0.0,0.0,0.0,0.0,0.0,0.0,190.0,0.11676176380901511,0.03035805859034393,0.007135591713624062,0.3198044084431453,1.0285423668544962,0.9432905966870736,0.9111894365974862,0.6966398162775845,0.831546229043151,0.831546229043151,0.831546229043151,0.0,0.0,0.0,0.0,0.0,0.6525049489488143,0.10654073021113522,0.07250054988320156,4.54145758353004,182.5739105453363,522.7625734490821,0.0,181.74236431629316,0.6525049489488143,10.873994974231989,0.0,0.0,-896.8446202504393,0.0,1.0913936421275139e-11,0.0,0.0
opening_hypothesis,stationary,414.07886596297743,414.07886596297743,19816.726336661977,90000.0,0.0,0.0,0.0,0.0,0.0,0.0,0.0,0.0,191.0,0.11720927775041928,0.030474412215109013,0.009443372941163937,0.3197414237146735,1.0377734917646557,0.9430795524528569,0.9110041873960987,0.6960993718601594,0.8347333043174469,0.8347333043174469,0.8347333043174469,0.0,0.0,0.0,0.0,0.0,0.6553787574355752,0.10653468494458562,0.07281986193728611,4.5416179479400345,183.27366333803442,522.4977031908925,0.0,182.43893003371699,0.6553787574355752,10.92188699266386,0.0,0.0,-896.7967282320075,0.0,1.0913936421275139e-11,0.0,0.0
opening_hypothesis,stationary,415.6700406152064,415.6700406152064,19816.022073702683,90000.0,0.0,0.0,0.0,0.0,0.0,0.0,0.0,0.0,192.0,0.11765967608535678,0.030591515782192765,0.011760612600177031,0.31967831544228215,1.047042450400708,0.9428671956349745,0.9108185748302416,0.695558218622381,0.8379409214753822,0.8379409214753822,0.8379409214753822,0.0,0.0,0.0,0.0,0.0,0.6582710885485054,0.10652860086593181,0.07314123206094503,4.541779357393662,183.9779262973295,522.2311257455314,0.0,183.1399853758541,0.6582710885485054,10.970087690660842,0.0,0.0,-896.7485275340105,0.0,1.0913936421275139e-11,0.0,0.0
opening_hypothesis,stationary,417.2713811108009,417.2713811108009,19815.313311283244,90000.0,0.0,0.0,0.0,0.0,0.0,0.0,0.0,0.0,193.0,0.11811295196671488,0.03070936751134587,0.014087184030834247,0.31961508887235623,1.056348736123337,0.9426535303686645,0.9106326143304596,0.6950164033726438,0.8411690317536413,0.8411690317536413,0.8411690317536413,0.0,0.0,0.0,0.0,0.0,0.6611818983147386,0.10652247807059842,0.07346465536830427,4.541941809658501,184.6866887167701,521.962845165602,0.0,183.84551968501646,0.6611818983147386,11.018596335415118,0.0,0.0,-896.7000188892562,0.0,1.4551915228366852e-11,0.0,0.0
opening_hypothesis,stationary,418.8828620312968,418.8828620312968,19814.600060654015,90000.0,0.0,0.0,0.0,0.0,0.0,0.0,0.0,0.0,194.0,0.11856909819953612,0.030827965531879394,0.016422958920774954,0.31955174927677643,1.0656918356830998,0.9424385609556016,0.9104463214022837,0.6944739730222196,0.8444175839116504,0.8444175839116504,0.8444175839116504,0.0,0.0,0.0,0.0,0.0,0.6641111405276389,0.10651631665871845,0.07379012672529318,4.5421053023782,185.39993934599937,521.6928657095867,0.0,184.55552176208772,0.6641111405276389,11.0674121568931,0.0,0.0,-896.6512030677782,0.0,1.4551915228366852e-11,0.0,0.0
opening_hypothesis,stationary,420.50445673592145,420.50445673592145,19813.882333606354,90000.0,0.0,0.0,0.0,0.0,0.0,0.0,0.0,0.0,195.0,0.11902810724287607,0.03094730788314778,0.01876780734502748,0.3194883019510008,1.07507122938011,0.9422222918627828,0.9102597116205907,0.6939309745677548,0.8476865242448093,0.8476865242448093,0.8476865242448093,0.0,0.0,0.0,0.0,0.0,0.6670587667587318,0.10651011673510731,0.07411764075097017,4.542269833073091,186.11766639365962,521.4211918407474,0.0,185.2699798694148,0.6670587667587318,11.116534348034264,0.0,0.0,-896.602080876637,0.0,1.4551915228366852e-11,0.0,0.0
opening_hypothesis,stationary,422.1361373686425,422.1361373686425,19813.1601424695,90000.0,0.0,0.0,0.0,0.0,0.0,0.0,0.0,0.0,196.0,0.11948997121179857,0.031067392515067627,0.021121597806659457,0.319424752212136,1.0844863912266378,0.9420047277213457,0.9100728006239295,0.6933874550737685,0.8509757965986989,0.8509757965986989,0.8509757965986989,0.0,0.0,0.0,0.0,0.0,0.6700247263705178,0.10650387840923473,0.0744471918189464,4.542435399140849,186.8398575305124,521.1478282259444,0.0,185.9888817339137,0.6700247263705178,11.16596206496468,0.0,0.0,-896.5526531597067,0.0,1.0913936421275139e-11,0.0,0.0
opening_hypothesis,stationary,423.77787486569537,423.77787486569537,19812.433500107243,90000.0,0.0,0.0,0.0,0.0,0.0,0.0,0.0,0.0,197.0,0.11995468187950636,0.031188217288671657,0.023484197278124504,0.31936110539699847,1.093936789112498,0.9417858733253218,0.9098856041088191,0.6928434616551529,0.8542853423842579,0.8542853423842579,0.8542853423842579,0.0,0.0,0.0,0.0,0.0,0.673008966530156,0.10649760179519578,0.0747787740589062,4.542601997857196,187.56649989277003,520.8727797343756,0.0,186.71221455038577,0.673008966530156,11.21569442722505,0.0,0.0,-896.5029207974462,0.0,1.4551915228366852e-11,0.0,0.0
opening_hypothesis,stationary,425.4296389635843,425.4296389635843,19811.702419914378,90000.0,0.0,0.0,0.0,0.0,0.0,0.0,0.0,0.0,198.0,0.12042223067960607,0.03130977997669758,0.02585547124327637,0.319297366860168,1.1034218849731054,0.9415657336303249,0.9096981378240236,0.6922990414596973,0.8576151005939102,0.8576151005939102,0.8576151005939102,0.0,0.0,0.0,0.0,0.0,0.6760114322240078,0.10649128701167929,0.07511238135822307,4.54276962637666,188.29758008563698,520.5960514362358,0.0,187.43996498504308,0.6760114322240078,11.26573051801309,0.0,0.0,-896.4528847066582,0.0,1.4551915228366852e-11,0.0,0.0
opening_hypothesis,stationary,427.0913982075494,427.0913982075494,19810.966915812955,90000.0,0.0,0.0,0.0,0.0,0.0,0.0,0.0,0.0,199.0,0.12089260870850467,0.03143207826421122,0.028235283740016517,0.3192335419720351,1.112941134960066,0.9413443137521752,0.9095104175648091,0.6917542416506521,0.8609650078186346,0.8609650078186346,0.8609650078186346,0.0,0.0,0.0,0.0,0.0,0.6790320662730303,0.10648493418193443,0.07544800736367001,4.542938281733373,189.0330841870575,520.3176486012981,0.0,188.17211917923888,0.6790320662730303,11.316069384440048,0.0,0.0,-896.4025458402313,0.0,1.0913936421275139e-11,0.0,0.0
opening_hypothesis,stationary,428.7631199604939,428.7631199604939,19810.227002248346,90000.0,0.0,0.0,0.0,0.0,0.0,0.0,0.0,0.0,200.0,0.12136580672793656,0.03155510974926351,0.03062349740354508,0.31916963611684285,1.1224939896141803,0.9411216189654616,0.9093224591671849,0.691209109389335,0.8643349982659604,0.8643349982659604,0.8643349982659604,0.0,0.0,0.0,0.0,0.0,0.6820708093490017,0.10647854343373628,0.07578564548322239,4.543107960841919,189.77299775166674,520.0375766974187,0.0,188.90866275340076,0.6820708093490017,11.366710037801113,0.0,0.0,-896.3519051868702,0.0,1.4551915228366852e-11,0.0,0.0
opening_hypothesis,stationary,430.4447704123635,430.4447704123635,19809.48269418507,90000.0,0.0,0.0,0.0,0.0,0.0,0.0,0.0,0.0,201.0,0.12184181516761851,0.031678871943580815,0.03301997351018151,0.31910565469072627,1.132079894040726,0.9408976547020413,0.9091342785021361,0.6906636918178071,0.8677250037788752,0.8677250037788752,0.8677250037788752,0.0,0.0,0.0,0.0,0.0,0.6851275999915738,0.10647211489934877,0.07612528888795263,4.543278660498229,190.5173058149422,519.7558413889647,0.0,189.64958081116333,0.6851275999915738,11.417651453859577,0.0,0.0,-896.3009637708117,0.0,1.0913936421275139e-11,0.0,-1.1102230246251565e-16
opening_hypothesis,stationary,432.1363145899709,432.1363145899709,19808.734007102463,90000.0,0.0,0.0,0.0,0.0,0.0,0.0,0.0,0.0,202.0,0.12232062412803045,0.031803362273287915,0.0354245720217215,0.3190416030997493,1.141698288086886,0.9406724265494806,0.908945891469851,0.6901180360416234,0.8711349538556304,0.8711349538556304,0.8711349538556304,0.0,0.0,0.0,0.0,0.0,0.6882023746261292,0.1064656487154869,0.07646693051401433,4.543450377380519,191.26599289755208,519.4724485351692,0.0,190.39485794369645,0.6882023746261292,11.468892573144442,0.0,0.0,-896.2497226515269,0.0,1.4551915228366852e-11,0.0,0.0
opening_hypothesis,stationary,433.83771636725714,433.83771636725714,19807.98095699012,90000.0,0.0,0.0,0.0,0.0,0.0,0.0,0.0,0.0,203.0,0.12280222338332021,0.031928578079663254,0.037837151630298695,0.31897748675794174,1.1513486065211949,0.9404459402494344,0.9087573139939463,0.6895721891126716,0.8745647756704262,0.8745647756704262,0.8745647756704262,0.0,0.0,0.0,0.0,0.0,0.6912950675824353,0.10645914502327594,0.07681056306471501,4.543623108050269,192.01904300989705,519.1874041884115,0.0,191.14447823422663,0.6912950675824353,11.520432301261284,0.0,0.0,-896.1981829234101,0.0,1.4551915228366852e-11,0.0,0.0
opening_hypothesis,stationary,435.5489384759818,435.5489384759818,19807.223560343173,90000.0,0.0,0.0,0.0,0.0,0.0,0.0,0.0,0.0,204.0,0.12328660238432941,0.03205451661992565,0.04025756980371474,0.31891331108533755,1.161030279214859,0.9402182016959703,0.9085685620156987,0.6890261980121193,0.8780143940949621,0.8780143940949621,0.8780143940949621,0.0,0.0,0.0,0.0,0.0,0.6944056111140766,0.1064526039682104,0.07715617901267516,4.543796848953256,192.7764396568417,518.9007145924263,0.0,191.8984252627467,0.6944056111140766,11.572269509216087,0.0,0.0,-896.1463457154553,0.0,1.4551915228366852e-11,0.0,-1.1102230246251565e-16
opening_hypothesis,stationary,437.26994251683294,437.26994251683294,19806.461834157384,90000.0,0.0,0.0,0.0,0.0,0.0,0.0,0.0,0.0,205.0,0.12377375026173823,0.03218117506805194,0.04268568283120547,0.3188490815060158,1.1707427313248218,0.9399892169338339,0.9083796514882819,0.6884801096334731,0.8814837317208332,0.8814837317208332,0.8814837317208332,0.0,0.0,0.0,0.0,0.0,0.6975339354186505,0.10644602570011033,0.07750377060207225,4.54397159642061,193.538165842632,518.6123861804424,0.0,192.65668211091116,0.6975339354186505,11.62440303375181,0.0,0.0,-896.0942121909195,0.0,1.4551915228366852e-11,0.0,1.1102230246251565e-16
opening_hypothesis,stationary,439.00068897094917,439.00068897094917,19805.695795924017,90000.0,0.0,0.0,0.0,0.0,0.0,0.0,0.0,0.0,206.0,0.12426365582932689,0.03230855051562499,0.045121345869610884,0.31878480344614596,1.1804853834784435,0.9397589921566605,0.9081905983710176,0.6879339707657645,0.8849727088827569,0.8849727088827569,0.8849727088827569,0.0,0.0,0.0,0.0,0.0,0.700679968658712,0.1064394103730771,0.07785332985096798,4.544147346669934,194.3042040759949,518.322425573252,0.0,193.41923136711213,0.700679968658712,11.676831677697434,0.0,0.0,-896.0417835469739,0.0,1.0913936421275139e-11,0.0,-1.1102230246251565e-16
opening_hypothesis,stationary,440.7411372118428,440.7411372118428,19804.925463624597,90000.0,0.0,0.0,0.0,0.0,0.0,0.0,0.0,0.0,207.0,0.12475630758735061,0.03243663997271116,0.04756441298990899,0.3187204823320391,1.190257651959636,0.9395275337051318,0.9080014186236445,0.6873878280768871,0.8884812436826096,0.8884812436826096,0.8884812436826096,0.0,0.0,0.0,0.0,0.0,0.703843636983447,0.10643275814544623,0.07820484855371632,4.544324095806451,195.07453637541568,518.0308395772138,0.0,194.18605513173307,0.703843636983447,11.729554210329143,0.0,0.0,-895.9890610143422,0.0,1.0913936421275139e-11,0.0,1.1102230246251565e-16
opening_hypothesis,stationary,442.49124551771655,442.49124551771655,19804.150855725424,90000.0,0.0,0.0,0.0,0.0,0.0,0.0,0.0,0.0,208.0,0.125251693726026,0.032565440368766754,0.050014737224085865,0.3186561235882061,1.2000589488963436,0.9392948480650809,0.9078121282006063,0.6868417280970777,0.8920092520142544,0.8920092520142544,0.8920092520142544,0.0,0.0,0.0,0.0,0.0,0.707024864551063,0.10642606917974004,0.07855831828345142,4.54450183982419,195.84914427458938,517.7376351821894,0.0,194.95713502257513,0.707024864551063,11.782569367743463,0.0,0.0,-895.9360458569279,0.0,1.4551915228366852e-11,0.0,0.0
opening_hypothesis,stationary,444.250971084163,444.250971084163,19803.371991171975,90000.0,0.0,0.0,0.0,0.0,0.0,0.0,0.0,0.0,209.0,0.12574980212912562,0.03269494855357266,0.05247217061230215,0.31859173263542495,1.2098886824492086,0.9390609418655461,0.9076227430453676,0.6862957172025663,0.8955566475891424,0.8955566475891424,0.8955566475891424,0.0,0.0,0.0,0.0,0.0,0.7102235735518718,0.1064193436426181,0.07891373039465241,4.544680574607221,196.62800882804154,517.4428195594148,0.0,195.7324521804524,0.7102235735518718,11.835875853241943,0.0,0.0,-895.8827393714294,0.0,1.4551915228366852e-11,0.0,1.1102230246251565e-16
opening_hypothesis,stationary,446.02027003723674,446.02027003723674,19802.588889383103,90000.0,0.0,0.0,0.0,0.0,0.0,0.0,0.0,0.0,210.0,0.12625062037767854,0.03282516129819642,0.05493656425032454,0.3185273148888178,1.2197462570012982,0.9388258218767752,0.9074332790847583,0.6857498415994068,0.8991233419626647,0.8991233419626647,0.8991233419626647,0.0,0.0,0.0,0.0,0.0,0.7134396842320545,0.10641258170482644,0.07927107602578382,4.544860295930918,197.41111061691421,517.1464000593114,0.0,196.51198727495154,0.7134396842320545,11.889472337727188,0.0,0.0,-895.829142886944,0.0,1.8189894035458565e-11,0.0,0.0
opening_hypothesis,stationary,447.79909744689,447.79909744689,19801.8015702451,90000.0,0.0,0.0,0.0,0.0,0.0,0.0,0.0,0.0,211.0,0.12675413575377298,0.03295607529598098,0.05740776833718557,0.3184628757559399,1.2296310733487423,0.9385894950081818,0.9072437522233527,0.6852041473074915,0.9027092445612366,0.9027092445612366,0.9027092445612366,0.0,0.0,0.0,0.0,0.0,0.7166731149180819,0.10640578354114547,0.07963034610200909,4.545040999463263,198.19842975491247,516.8483842092353,0.0,197.29572051035123,0.7166731149180819,11.943357460109835,0.0,0.0,-895.7752577645615,0.0,1.4551915228366852e-11,0.0,0.0
opening_hypothesis,stationary,449.58740734076014,449.58740734076014,19801.01005410561,90000.0,0.0,0.0,0.0,0.0,0.0,0.0,0.0,0.0,212.0,0.12726033524445934,0.03308768716355943,0.05988563222303867,0.31839842063488144,1.2395425288921547,0.9383519683062552,0.9070541783378866,0.6846586801447703,0.9063142627100915,0.9063142627100915,0.9063142627100915,0.0,0.0,0.0,0.0,0.0,0.7199237820417793,0.10639894933033676,0.07999153133797546,4.545222680766181,198.98994589440684,516.5487797111657,0.0,198.08363163169676,0.7199237820417793,11.997529827726252,0.0,0.0,-895.721085396945,0.0,1.4551915228366852e-11,0.0,0.0
opening_hypothesis,stationary,451.3851527182992,451.3851527182992,19800.21436176733,90000.0,0.0,0.0,0.0,0.0,0.0,0.0,0.0,0.0,213.0,0.12776920554574958,0.03321999344189489,0.06237000445717405,0.3183339549123838,1.2494800178286962,0.9381132489524263,0.9068645732717171,0.6841134857116786,0.9099383016617649,0.9099383016617649,0.9099383016617649,0.0,0.0,0.0,0.0,0.0,0.7231916001660099,0.1063920792550873,0.08035462224066775,4.545405335296924,199.78563823268732,516.2475944393397,0.0,198.87569993102557,0.7231916001660099,12.051988016766554,0.0,0.0,-895.6666272079048,0.0,1.4551915228366852e-11,0.0,-1.1102230246251565e-16
opening_hypothesis,stationary,453.19228556523456,453.19228556523456,19799.41451448165,90000.0,0.0,0.0,0.0,0.0,0.0,0.0,0.0,0.0,214.0,0.1282807330667105,0.033352990597344735,0.06486073283615944,0.31826948396197124,1.2594429313446378,0.9378733442608885,0.9066749528293272,0.6835686093757846,0.9135812646252449,0.9135812646252449,0.9135812646252449,0.0,0.0,0.0,0.0,0.0,0.7264764820109616,0.10638517350195442,0.08071960911232905,4.54558895840947,200.58548551836344,515.9448364378284,0.0,199.6719042537382,0.7264764820109616,12.106730572712674,0.0,0.0,-895.6118846519586,0.0,1.4551915228366852e-11,0.0,-1.1102230246251565e-16
opening_hypothesis,stationary,455.0087568683493,455.0087568683493,19798.61053394211,90000.0,0.0,0.0,0.0,0.0,0.0,0.0,0.0,0.0,215.0,0.12879490393364743,0.03348667502274833,0.06735766445207302,0.3182050131421001,1.2694306578082921,0.9376322616763789,0.9064853327708827,0.6830240962566734,0.9172430527957679,0.9172430527957679,0.9172430527957679,0.0,0.0,0.0,0.0,0.0,0.7297783384810138,0.10637823226130819,0.08108648205344596,4.545773545355966,201.3894660579064,515.6405139180611,0.0,200.47222300511064,0.7297783384810138,12.161756010786094,0.0,0.0,-895.5568592138852,0.0,1.4551915228366852e-11,0.0,0.0
opening_hypothesis,stationary,456.8345166305715,456.8345166305715,19797.802442277687,90000.0,0.0,0.0,0.0,0.0,0.0,0.0,0.0,0.0,216.0,0.12931170399437542,0.03362104303853761,0.06986064574079512,0.3181405477943259,1.2794425829631804,0.9373900087719184,0.9062957288068408,0.6824799912110678,0.9209235653852365,0.9209235653852365,0.9209235653852365,0.0,0.0,0.0,0.0,0.0,0.7330970786921676,0.1063712557272724,0.08145523096579638,4.545959091288201,202.19755772232753,515.3346352562971,0.0,201.2766341569423,0.7330970786921676,12.217062816404972,0.0,0.0,-895.5015524082663,0.0,1.4551915228366852e-11,0.0,1.1102230246251565e-16
opening_hypothesis,stationary,458.6695138863613,458.6695138863613,19796.990262046027,90000.0,0.0,0.0,0.0,0.0,0.0,0.0,0.0,0.0,217.0,0.12983111882257473,0.03375609089386943,0.0723695225303234,0.3180760932414902,1.2894780901212937,0.9371465932465138,0.9061061565926184,0.6819363388182026,0.924622699653238,0.924622699653238,0.924622699653238,0.0,0.0,0.0,0.0,0.0,0.7364326100000147,0.10636424409766604,0.08182584555555716,4.546145591259106,203.00973795398878,515.0272089910485,0.0,202.08511525433553,0.7364326100000147,12.272649445650245,0.0,0.0,-895.4459657790211,0.0,1.4551915228366852e-11,0.0,1.1102230246251565e-16
opening_hypothesis,stationary,460.5136967173832,460.5136967173832,19796.174016226476,90000.0,0.0,0.0,0.0,0.0,0.0,0.0,0.0,0.0,218.0,0.130353133722227,0.03389181476777903,0.07488414008907819,0.3180116547859285,1.2995365603563127,0.936902022922824,0.9059166317233193,0.6813931833654574,0.9283403509386383,0.9283403509386383,0.9283403509386383,0.0,0.0,0.0,0.0,0.0,0.7397848380282273,0.10635719757394135,0.08219831533646968,4.546333040224289,203.82598377353926,514.7182438204532,0.0,202.89764342260062,0.7397848380282273,12.328514325740407,0.0,0.0,-895.3901008989309,0.0,1.4551915228366852e-11,0.0,0.0
opening_hypothesis,stationary,462.3670122684536,462.3670122684536,19795.353728213042,90000.0,0.0,0.0,0.0,0.0,0.0,0.0,0.0,0.0,219.0,0.1308777337321295,0.034028210770353666,0.07740434317416757,0.31794723770769984,1.3096173726966702,0.9366563057447899,0.905727169728529,0.6808505688342598,0.9320764126917301,0.9320764126917301,0.9320764126917301,0.0,0.0,0.0,0.0,0.0,0.7431536666975466,0.10635011636112293,0.08257262963306071,4.546521433043593,204.64627178697387,514.4077485996046,0.0,203.71419537428213,0.7431536666975466,12.384655855514612,0.0,0.0,-895.3339593691567,0.0,1.4551915228366852e-11,0.0,0.0
opening_hypothesis,stationary,464.2294067637507,464.2294067637507,19794.52942180721,90000.0,0.0,0.0,0.0,0.0,0.0,0.0,0.0,0.0,220.0,0.13140490363048324,0.03416527494392564,0.07992997607957623,0.31788284726283944,1.319719904318305,0.9364094497752322,0.9055377860671748,0.6803085388862627,0.9358307765069097,0.9358307765069097,0.9358307765069097,0.0,0.0,0.0,0.0,0.0,0.7465389982552482,0.106343000667745,0.08294877758391644,4.5467107644826825,205.4705781928077,514.0957323378349,0.0,204.53474741630077,0.7465389982552482,12.44107240592371,0.0,0.0,-895.2775428187476,0.0,1.4551915228366852e-11,0.0,1.1102230246251565e-16
opening_hypothesis,stationary,466.100825523275,466.100825523275,19793.701121210655,90000.0,0.0,0.0,0.0,0.0,0.0,0.0,0.0,0.0,221.0,0.1319346279395525,0.03430300326428365,0.08246088268424638,0.31781848868163637,1.3298435307369856,0.9361614631934181,0.9053484961224599,0.6797671368498102,0.9396033321558594,0.9396033321558594,0.9396033321558594,0.0,0.0,0.0,0.0,0.0,0.7499407333050653,0.10633585070578705,0.08332674814500722,4.546901029214655,206.29887878936168,513.7822041959581,0.0,205.35927545720583,0.7499407333050653,12.497762320528912,0.0,0.0,-895.2208529041424,0.0,1.8189894035458565e-11,0.0,-1.1102230246251565e-16
opening_hypothesis,stationary,467.9812129795495,467.9812129795495,19792.86885101786,90000.0,0.0,0.0,0.0,0.0,0.0,0.0,0.0,0.0,222.0,0.13246689093039202,0.03444139164190192,0.08499690650002244,0.3177541671669361,1.3399876260000898,0.9359123542925964,0.905159315196871,0.6792264057066943,0.9433939676212142,0.9433939676212142,0.9433939676212142,0.0,0.0,0.0,0.0,0.0,0.7533587708375441,0.10632866669060974,0.08370653009306044,4.547092221821684,207.13114898215423,513.4671734834711,0.0,206.18775501453302,0.7533587708375441,12.554723916007672,0.0,0.0,-895.1638913086637,0.0,1.4551915228366852e-11,0.0,0.0
opening_hypothesis,stationary,469.8705126945465,469.8705126945465,19792.032636208623,90000.0,0.0,0.0,0.0,0.0,0.0,0.0,0.0,0.0,223.0,0.13300167662763807,0.034580435923185895,0.08753789071942221,0.31768988789246944,1.3501515628776888,0.9356621314775072,0.9049702585072631,0.6786863880792096,0.9472025691306823,0.9472025691306823,0.9472025691306823,0.0,0.0,0.0,0.0,0.0,0.7567930082608134,0.10632144884088962,0.08408811202897924,4.547284336796671,207.96736379139293,513.1506496557191,0.0,207.02016122226223,0.7567930082608134,12.611955482666454,0.0,0.0,-895.1066597420048,0.0,1.4551915228366852e-11,0.0,0.0
opening_hypothesis,stationary,471.76866737682957,471.76866737682957,19791.192502140453,90000.0,0.0,0.0,0.0,0.0,0.0,0.0,0.0,0.0,224.0,0.13353896881436095,0.03472013189173385,0.0900836782632094,0.3176256560012095,1.3603347130528376,0.9354108032618628,0.9047813411800281,0.67814712621752,0.9510290211916032,0.9510290211916032,0.9510290211916032,0.0,0.0,0.0,0.0,0.0,0.760243341431746,0.10631419737855209,0.08447148238130509,4.547477368544939,208.80749785956186,512.8326423110228,0.0,207.85646883837026,0.760243341431746,12.669455284960046,0.0,0.0,-895.0491599397112,0.0,1.4551915228366852e-11,0.0,0.0
opening_hypothesis,stationary,473.6756188988985,473.6756188988985,19790.348474540915,90000.0,0.0,0.0,0.0,0.0,0.0,0.0,0.0,0.0,225.0,0.13407875103697442,0.03486047526961335,0.09263411182773215,0.31756147660375655,1.3705364473109287,0.9351583782658057,0.9045925782463429,0.6776086619873312,0.9548732066259115,0.9548732066259115,0.9548732066259115,0.0,0.0,0.0,0.0,0.0,0.7637096646874856,0.10630691252870526,0.0848566294097206,4.547671311385929,209.65152545909856,512.513161187773,0.0,208.69665225247266,0.7637096646874856,12.727221562016947,0.0,0.0,-894.9913936626543,0.0,1.4551915228366852e-11,0.0,0.0
opening_hypothesis,stationary,475.5913083147255,475.5913083147255,19789.50057949986,90000.0,0.0,0.0,0.0,0.0,0.0,0.0,0.0,0.0,226.0,0.13462100661019963,0.035001461718651906,0.09518903393200294,0.3174973547767529,1.3807561357280118,0.9349048652133436,0.9044039846375086,0.6770710368578882,0.9587350066054887,0.9587350066054887,0.9587350066054887,0.0,0.0,0.0,0.0,0.0,0.7671918708773255,0.10629959451957158,0.0852435412085917,4.547866159554925,210.49942050015557,512.1922161614924,0.0,209.5406854935501,0.7671918708773255,12.785252528170629,0.0,0.0,-894.9333626965007,0.0,1.8189894035458565e-11,0.0,-1.1102230246251565e-16
opening_hypothesis,stationary,477.51567587746996,477.51567587746996,19788.64884346158,90000.0,0.0,0.0,0.0,0.0,0.0,0.0,0.0,0.0,227.0,0.13516571862207946,0.03514308684174066,0.09774828696448555,0.31743329556132754,1.3909931478579423,0.9346502729297629,0.9042155751803752,0.676534291890294,0.962614300687874,0.962614300687874,0.962614300687874,0.0,0.0,0.0,0.0,0.0,0.7706898513949092,0.10629224358241947,0.08563220571054544,4.548061907204803,211.35115653844107,511.86981724186796,0.0,210.3885422377532,0.7706898513949092,12.843546373496162,0.0,0.0,-894.8750688511751,0.0,1.8189894035458565e-11,0.0,-1.1102230246251565e-16
opening_hypothesis,stationary,479.4486610573602,479.4486610573602,19787.793293216884,90000.0,0.0,0.0,0.0,0.0,0.0,0.0,0.0,0.0,228.0,0.13571286993904008,0.03528534618415042,0.10031171322956467,0.31736930396157237,1.4012468529182587,0.9343946103390226,0.9040273645928599,0.6759984677261591,0.9665109668523112,0.9665109668523112,0.9665109668523112,0.0,0.0,0.0,0.0,0.0,0.7742034962107355,0.10628485995149407,0.0860226106900817,4.548258548407788,212.20670678313357,511.54597456975506,0.0,211.24019581628127,0.7742034962107355,12.902101264351906,0.0,0.0,-894.8165139603194,0.0,1.8189894035458565e-11,0.0,0.0
opening_hypothesis,stationary,481.39020255972974,481.39020255972974,19786.93395589515,90000.0,0.0,0.0,0.0,0.0,0.0,0.0,0.0,0.0,229.0,0.13626244321099631,0.035428235234859044,0.1028791549936673,0.31730538494305033,1.4115166199746692,0.9341378864611323,0.9038393674795598,0.6754636045765845,0.970424881536108,0.970424881536108,0.970424881536108,0.0,0.0,0.0,0.0,0.0,0.7777326939049436,0.10627744386394837,0.08641474376721593,4.548456077157228,213.06604410486472,511.2206984141556,0.0,212.0956192233286,0.7777326939049436,12.960915343925885,0.0,0.0,-894.7576998807453,0.0,1.4551915228366852e-11,0.0,1.1102230246251565e-16
opening_hypothesis,stationary,483.34023834319675,483.34023834319675,19786.070858956253,90000.0,0.0,0.0,0.0,0.0,0.0,0.0,0.0,0.0,230.0,0.13681442087649753,0.03557174942788936,0.10545045453101078,0.31724154343133626,1.421801818124043,0.9338801104095118,0.9036515983274597,0.6749297422114854,0.9743559196712834,0.9743559196712834,0.9743559196712834,0.0,0.0,0.0,0.0,0.0,0.7812773317003601,0.1062699955597722,0.0868085924111511,4.548654487369386,213.92914104376572,510.89399916917245,0.0,212.95478512409443,0.7812773317003601,13.0199867327865,0.0,0.0,-894.6986284918848,0.0,1.8189894035458565e-11,0.0,0.0
opening_hypothesis,stationary,485.2987056379736,485.2987056379736,19785.204030182445,90000.0,0.0,0.0,0.0,0.0,0.0,0.0,0.0,0.0,231.0,0.13736878516791043,0.035715884143656715,0.10802545416895012,0.31717778431059135,1.4321018166758006,0.9336212913883388,0.9034640715017394,0.6743969199492542,0.9783039547214782,0.9783039547214782,0.9783039547214782,0.0,0.0,0.0,0.0,0.0,0.7848372954957809,0.10626251528172162,0.08720414394397563,4.5488537728852565,214.7959698175713,510.5658873509419,0.0,213.81766586284982,0.7848372954957809,13.079313529437187,0.0,0.0,-894.639301695234,0.0,1.8189894035458565e-11,0.0,2.220446049250313e-16
opening_hypothesis,stationary,487.2655409642957,487.2655409642957,19784.33349767024,90000.0,0.0,0.0,0.0,0.0,0.0,0.0,0.0,0.0,232.0,0.1379255181166353,0.03586063471032518,0.11060399633289786,0.3171141124221719,1.4424159853315914,0.933361438689883,0.9032768012416822,0.6738651766467756,0.9822688587191044,0.9822688587191044,0.9822688587191044,0.0,0.0,0.0,0.0,0.0,0.7884124698994707,0.10625500327524816,0.08760138554438561,4.549053927472372,215.66650232977622,510.23637359454665,0.0,214.68423347105713,0.7884124698994707,13.138893810874679,0.0,0.0,-894.5797214137966,0.0,1.4551915228366852e-11,0.0,0.0
opening_hypothesis,stationary,489.2406801509569,489.2406801509569,19783.459289822174,90000.0,0.0,0.0,0.0,0.0,0.0,0.0,0.0,0.0,233.0,0.1384846015583529,0.036005996405171756,0.11318592359079335,0.3170505325632728,1.4527436943631735,0.9331005616918298,0.9030898016566848,0.6733345506897842,0.9862505023027109,0.9862505023027109,0.9862505023027109,0.0,0.0,0.0,0.0,0.0,0.7920027382628555,0.1062474597884271,0.08800030425142837,4.549254944826637,216.5407101778393,509.90546865090937,0.0,215.55445967553658,0.7920027382628555,13.198725633150486,0.0,0.0,-894.5198895915208,0.0,1.4551915228366852e-11,0.0,0.0
opening_hypothesis,stationary,491.22405835394017,491.22405835394017,19782.581435338583,90000.0,0.0,0.0,0.0,0.0,0.0,0.0,0.0,0.0,234.0,0.13904601713829795,0.03615196445595747,0.11577107869709577,0.31698704948560646,1.4630843147883832,0.9328386698545942,0.902903086722372,0.6728050799835779,0.9902487547545408,0.9902487547545408,0.9902487547545408,0.0,0.0,0.0,0.0,0.0,0.7956079827143897,0.10623988507188555,0.08840088696826551,4.549456818574175,217.4185646614295,509.5731833836726,0.0,216.42831590667498,0.7956079827143897,13.258807031935303,0.0,0.0,-894.459808192736,0.0,1.0913936421275139e-11,0.0,0.0
opening_hypothesis,stationary,493.21561007513134,493.21561007513134,19781.699963209307,90000.0,0.0,0.0,0.0,0.0,0.0,0.0,0.0,0.0,235.0,0.13960974631655623,0.03629853404230462,0.11835930463627647,0.3169236678941179,1.473437218545106,0.932575772718629,0.9027166702768175,0.6722768019440861,0.9942634840382557,0.9942634840382557,0.9942634840382557,0.0,0.0,0.0,0.0,0.0,0.7992280841935729,0.10623227937873028,0.08880312046595253,4.549659542273168,218.30003679070865,509.2395287660629,0.0,217.3057733066704,0.7992280841935729,13.319136023085893,0.0,0.0,-894.3994792015855,0.0,1.4551915228366852e-11,0.0,0.0
opening_hypothesis,stationary,495.21526918110504,495.21526918110504,19780.81490270537,90000.0,0.0,0.0,0.0,0.0,0.0,0.0,0.0,0.0,236.0,0.1401757703733821,0.03644570029707935,0.12095044466579047,0.31686039244573655,1.4838017786631619,0.9323118799017253,0.9025305660168723,0.6717497534892929,0.9982945568368059,0.9982945568368059,0.9982945568368059,0.0,0.0,0.0,0.0,0.0,0.8028629224850977,0.10622464296447519,0.08920699138723306,4.5498631094157265,219.18509729464614,508.9045158777435,0.0,218.18680273780933,0.8028629224850977,13.379710603214154,0.0,0.0,-894.3389046214571,0.0,1.4551915228366852e-11,0.0,-1.1102230246251565e-16
opening_hypothesis,stationary,497.22296892197056,497.22296892197056,19779.926283370653,90000.0,0.0,0.0,0.0,0.0,0.0,0.0,0.0,0.0,237.0,0.14074407041453318,0.03659345830777863,0.12354434235850283,0.3167972277481647,1.4941773694340112,0.9320470010963096,0.9023447874946021,0.6712239710310197,1.002341838590422,1.002341838590422,1.002341838590422,0.0,0.0,0.0,0.0,0.0,0.8065123762531078,0.10621697608696877,0.08961248625034529,4.550067513429747,220.07371662936038,508.5681559016576,0.0,219.07137479076997,0.8065123762531078,13.440528750258041,0.0,0.0,-894.2780864744133,0.0,1.4551915228366852e-11,0.0,0.0
opening_hypothesis,stationary,499.2386419502666,499.2386419502666,19779.03413501353,90000.0,0.0,0.0,0.0,0.0,0.0,0.0,0.0,0.0,238.0,0.1413146273766185,0.036741803117920815,0.12614084164454972,0.3167341783587038,1.504563366578199,0.931781146066739,0.9021593481138348,0.6706994904670643,1.0064051935347034,1.0064051935347034,1.0064051935347034,0.0,0.0,0.0,0.0,0.0,0.8101763230755438,0.10620927900632132,0.09001959145283818,4.550272747680782,220.9658649864816,508.230460120862,0.0,219.9594597929469,0.8101763230755438,13.501588424053937,0.0,0.0,-894.2170268006173,0.0,1.4551915228366852e-11,0.0,2.220446049250313e-16
opening_hypothesis,stationary,501.26222033989376,501.26222033989376,19778.13848769848,90000.0,0.0,0.0,0.0,0.0,0.0,0.0,0.0,0.0,239.0,0.14188742203245774,0.036890729728439015,0.12873978685261375,0.3166712487831184,1.5149591474104551,0.9315143246465942,0.9019742611268189,0.6701763471737029,1.010484484738785,1.010484484738785,1.010484484738785,0.0,0.0,0.0,0.0,0.0,0.8138546394785577,0.1062015519848319,0.09042829327539528,4.550478805473922,221.8615123015315,507.89143991535593,0.0,220.8510278167927,0.8138546394785577,13.562887566910163,0.0,0.0,-894.1557276577612,0.0,1.0913936421275139e-11,0.0,0.0
opening_hypothesis,stationary,503.2936356050734,503.2936356050734,19777.239371737698,90000.0,0.0,0.0,0.0,0.0,0.0,0.0,0.0,0.0,240.0,0.14246243499644748,0.03704023309907634,0.13134102275059317,0.3166084434745384,1.5253640910023727,0.9312465467359744,0.9017895396309954,0.6696545759985506,1.0145795741435553,1.0145795741435553,1.0145795741435553,0.0,0.0,0.0,0.0,0.0,0.8175472009709766,0.10619379528691465,0.09083857788566405,4.550685680055673,222.76062826231458,507.5511067589039,0.0,221.74604868817102,0.8175472009709766,13.624424104181324,0.0,0.0,-894.09419112049,0.0,1.0913936421275139e-11,0.0,0.0
opening_hypothesis,stationary,505.33281871932206,505.33281871932206,19776.336817682695,90000.0,0.0,0.0,0.0,0.0,0.0,0.0,0.0,0.0,241.0,0.14303964672993233,0.03719030814978241,0.13394439458564836,0.3165457668323998,1.5357775783425933,0.9309778222987926,0.9016051965658819,0.6691342112537845,1.0186903225999069,1.0186903225999069,1.0186903225999069,0.0,0.0,0.0,0.0,0.0,0.8212538820787919,0.10618600917902699,0.09125043134208798,4.550893364615834,223.66318231731634,507.20947221585834,0.0,222.64449199471645,0.8212538820787919,13.686195944843066,0.0,0.0,-894.0324192798282,0.0,1.0913936421275139e-11,0.0,0.0
opening_hypothesis,stationary,507.3797001344305,507.3797001344305,19775.43085631591,90000.0,0.0,0.0,0.0,0.0,0.0,0.0,0.0,0.0,242.0,0.14361903754657707,0.03734094976211004,0.13654974812360512,0.3164832232014242,1.5461989924944204,0.9307081613600764,0.9014212447100712,0.66861528670972,1.0228165899069956,1.0228165899069956,1.0228165899069956,0.0,0.0,0.0,0.0,0.0,0.8249745563796604,0.10617819392959515,0.09166383959774003,4.551101852289385,224.5691436841034,506.86654793797805,0.0,223.5463270941964,0.8249745563796604,13.74820098206704,0.0,0.0,-893.9704142426042,0.0,1.4551915228366852e-11,0.0,0.0
opening_hypothesis,stationary,509.434209799437,509.434209799437,19774.52151864229,90000.0,0.0,0.0,0.0,0.0,0.0,0.0,0.0,0.0,243.0,0.14420058761773719,0.037492152780611666,0.13915692968769988,0.3164208168706374,1.5566277187507995,0.930437574003273,0.9012376966783453,0.668097835588759,1.0269582348504889,1.0269582348504889,1.0269582348504889,0.0,0.0,0.0,0.0,0.0,0.8287090965373923,0.10617034980894191,0.09207878850415468,4.551311136158371,225.4784813577214,506.5223456612512,0.0,224.4515231228709,0.8287090965373923,13.810437093795642,0.0,0.0,-893.9081781308756,0.0,1.0913936421275139e-11,0.0,0.0
opening_hypothesis,stationary,511.4962771795842,511.4962771795842,19773.608835880925,90000.0,0.0,0.0,0.0,0.0,0.0,0.0,0.0,0.0,244.0,0.14478427697782484,0.03764391201423446,0.14176578619665026,0.31635855207242713,1.567063144786601,0.9301660703675602,0.9010545649189033,0.6675818905596835,1.03111511524078,1.03111511524078,1.03111511524078,0.0,0.0,0.0,0.0,0.0,0.8324573743364101,0.10616247708921342,0.09249526381515664,4.551521209253782,226.3911641190851,506.1768772027184,0.0,225.36004900384432,0.8324573743364101,13.872902143316274,0.0,0.0,-893.845713081355,0.0,1.0913936421275139e-11,0.0,-2.220446049250313e-16
opening_hypothesis,stationary,513.565831275249,513.565831275249,19772.692839456653,90000.0,0.0,0.0,0.0,0.0,0.0,0.0,0.0,0.0,245.0,0.1453700855296672,0.03779622223771348,0.1443761652020341,0.3162964329816402,1.5775046608081364,0.9298936606451664,0.9008718617107064,0.6670674837323143,1.0352870879511489,1.0352870879511489,1.0352870879511489,0.0,0.0,0.0,0.0,0.0,0.8362192607161584,0.10615457604430625,0.09291325119068425,4.551732064557433,227.30716054335718,505.83015445730115,0.0,226.27187345540602,0.8362192607161584,13.93559397983478,0.0,0.0,-893.7830212448365,0.0,1.0913936421275139e-11,0.0,0.0
opening_hypothesis,stationary,515.6428006408363,515.6428006408363,19771.7735609917,90000.0,0.0,0.0,0.0,0.0,0.0,0.0,0.0,0.0,246.0,0.14595799304985443,0.03794907819296216,0.14698791492496557,0.3162344637147188,1.5879516596998622,0.9296203550787001,0.9006895991609377,0.6665546466525227,1.039474008955849,1.039474008955849,1.039474008955849,0.0,0.0,0.0,0.0,0.0,0.8399946258054491,0.10614664694979443,0.09333273620060543,4.5519436950038505,228.22643900831048,505.48218939463743,0.0,227.18696499935464,0.8399946258054491,13.99851043904781,0.0,0.0,-893.7201047856234,0.0,1.0913936421275139e-11,0.0,0.0
opening_hypothesis,stationary,517.727113403625,517.727113403625,19770.85103229734,90000.0,0.0,0.0,0.0,0.0,0.0,0.0,0.0,0.0,247.0,0.14654797919407433,0.03810247459045933,0.14960088429205176,0.31617264832887676,1.598403537168207,0.9293461639584882,0.9005077892025788,0.6660434102975961,1.0436757333680995,1.0436757333680995,1.0436757333680995,0.0,0.0,0.0,0.0,0.0,0.8437833389567181,0.10613869008285715,0.09375370432852421,4.55215609348214,229.14896770266955,505.13299405592363,0.0,228.10529196930145,0.8437833389567181,14.061649343713706,0.0,0.0,-893.6569658809576,0.0,1.0913936421275139e-11,0.0,0.0
opening_hypothesis,stationary,519.818697282559,519.818697282559,19769.92528536558,90000.0,0.0,0.0,0.0,0.0,0.0,0.0,0.0,0.0,248.0,0.14714002350243124,0.03825640611063213,0.1522149229706195,0.3161109908213148,1.608859691882478,0.9290710976199295,0.9003264435921023,0.6655338050719531,1.047892115477965,1.047892115477965,1.047892115477965,0.0,0.0,0.0,0.0,0.0,0.8475852687801827,0.10613070572220645,0.09417614097557583,4.552369252837859,230.07471463442744,504.78258055076634,0.0,229.02682251894947,0.8475852687801827,14.125008504221745,0.0,0.0,-893.5936067204495,0.0,7.275957614183426e-12,0.0,0.0
opening_hypothesis,stationary,521.9174796069715,521.9174796069715,19768.996352360875,90000.0,0.0,0.0,0.0,0.0,0.0,0.0,0.0,0.0,249.0,0.14773410540474627,0.03841086740523403,0.15482988140319948,0.31604949512847574,1.619319525612798,0.9287951664408584,0.9001455739072817,0.665025860803211,1.0521230087901017,1.0521230087901017,1.0521230087901017,0.0,0.0,0.0,0.0,0.0,0.8514002831778779,0.1061226941480152,0.09460003146420862,4.5525831658748785,231.0036476391333,504.430961054046,0.0,229.95152463034321,0.8514002831778779,14.188585719159335,0.0,0.0,-893.530029505512,0.0,7.275957614183426e-12,0.0,0.0
opening_hypothesis,stationary,524.0233873352338,524.0233873352338,19768.06426561186,90000.0,0.0,0.0,0.0,0.0,0.0,0.0,0.0,0.0,250.0,0.14833020422583587,0.03856585309871733,0.15744561084125572,0.3159881651253389,1.629782443365023,0.9285183808389255,0.8999651915451145,0.6645196067385938,1.056368266061351,1.056368266061351,1.056368266061351,0.0,0.0,0.0,0.0,0.0,0.8552282493775553,0.10611465564184516,0.09502536104195056,4.552797825357247,231.93573438814653,504.0781478027916,0.0,230.87936612208517,0.8552282493775553,14.252378775876958,0.0,0.0,-893.4662364487943,0.0,7.275957614183426e-12,0.0,0.0
opening_hypothesis,stationary,526.1363470733213,526.1363470733213,19767.129057603153,90000.0,0.0,0.0,0.0,0.0,0.0,0.0,0.0,0.0,251.0,0.14892829919076725,0.03872135778959949,0.1600619633781527,0.3159270046247539,1.6402478535126108,0.9282407512689935,0.8997853077198645,0.6640150715416886,1.060627739338167,1.060627739338167,1.060627739338167,0.0,0.0,0.0,0.0,0.0,0.8590690339664321,0.10610659048657568,0.0954521148851591,4.553013224011038,232.87094239685396,503.72415309307104,0.0,231.8103146575158,0.8590690339664321,14.31638545105059,0.0,0.0,-893.4022297736207,0.0,7.275957614183426e-12,0.0,0.0
opening_hypothesis,stationary,528.2562850932852,528.2562850932852,19766.190760967158,90000.0,0.0,0.0,0.0,0.0,0.0,0.0,0.0,0.0,252.0,0.14952836943008693,0.03887737605182261,0.16267879198134938,0.31586601737681375,1.6507151679253975,0.9279622882205494,0.899605933461217,0.6635122832895355,1.0649012799938518,1.0649012799938518,1.0649012799938518,0.0,0.0,0.0,0.0,0.0,0.8629225029247674,0.10609849896633247,0.0958802781027519,4.553229354526188,233.80923903284577,503.3689892768965,0.0,232.74433775285192,0.8629225029247674,14.380603511241247,0.0,0.0,-893.3380117134301,0.0,3.637978807091713e-12,0.0,0.0
opening_hypothesis,stationary,530.3831273516229,530.3831273516229,19765.249408475956,90000.0,0.0,0.0,0.0,0.0,0.0,0.0,0.0,0.0,253.0,0.15013039398502068,0.039033902436105376,0.16529595052381052,0.31580520706826687,1.661183802095242,0.9276830022151358,0.8994270796125496,0.6630112694700587,1.0691887387655894,1.0691887387655894,1.0691887387655894,0.0,0.0,0.0,0.0,0.0,0.8667885216592548,0.10609038136641753,0.09630983573991717,4.553446209558337,234.75059152404617,503.01266875914587,0.0,233.6814027852806,0.8667885216592548,14.44503071345148,0.0,0.0,-893.2735845112198,0.0,3.637978807091713e-12,0.0,-2.220446049250313e-16
opening_hypothesis,stationary,532.5167995075393,532.5167995075393,19764.305033033208,90000.0,0.0,0.0,0.0,0.0,0.0,0.0,0.0,0.0,254.0,0.15073435181264258,0.03919093147128707,0.1679132938146319,0.3157445773219684,1.6716531752585277,0.9274029038038015,0.8992487568293189,0.6625120569798254,1.0734899657912582,1.0734899657912582,1.0734899657912582,0.0,0.0,0.0,0.0,0.0,0.8706669550362182,0.10608223797323807,0.096740772781802,4.553663781730644,235.69496696679607,502.6552039945044,0.0,234.62147700100482,0.8706669550362182,14.509664805678575,0.0,0.0,-893.2089504189927,0.0,3.637978807091713e-12,0.0,0.0
opening_hypothesis,stationary,534.6572269410887,534.6572269410887,19763.357667666118,90000.0,0.0,0.0,0.0,0.0,0.0,0.0,0.0,0.0,255.0,0.15134022179101025,0.03934845766566267,0.17053067762886642,0.3156841316963695,1.6821227105154657,0.9271220035645723,0.8990709755775574,0.66201467212213,1.0778048106460016,1.0778048106460016,1.0778048106460016,0.0,0.0,0.0,0.0,0.0,0.8745576674145877,0.10607406907423761,0.09717307415717638,4.5538820636356085,236.64233233388265,502.2966074844246,0.0,235.56452752323665,0.8745576674145877,14.574503527464104,0.0,0.0,-893.1441116972072,0.0,0.0,0.0,0.0
opening_hypothesis,stationary,536.8043347711915,536.8043347711915,19762.407345517488,90000.0,0.0,0.0,0.0,0.0,0.0,0.0,0.0,0.0,256.0,0.15194798272426477,0.03950647550830884,0.17314795873655103,0.3156238736850456,1.6925918349462041,0.9268403120999432,0.8988937461324871,0.6615191406054103,1.0821331223785495,1.0821331223785495,1.0821331223785495,0.0,0.0,0.0,0.0,0.0,0.878460522678651,0.10606587495782606,0.09760672474207231,4.554101047836857,237.59265448251392,501.9368917741084,0.0,236.51052136013539,0.878460522678651,14.639544610439719,0.0,0.0,-893.0790706142316,0.0,0.0,0.0,2.220446049250313e-16
opening_hypothesis,stationary,538.9580478735178,538.9580478735178,19761.454099837767,90000.0,0.0,0.0,0.0,0.0,0.0,0.0,0.0,0.0,257.0,0.15255761334769255,0.03966497947040006,0.17576499493092593,0.31556380671626255,1.7030599797237036,0.926557840034394,0.8987170785772428,0.6610254875419705,1.0864747495472669,1.0864747495472669,1.0864747495472669,0.0,0.0,0.0,0.0,0.0,0.88237538427056,0.10605765591331143,0.09804170936339553,4.554320726870947,238.54590016223366,501.57606944951016,0.0,237.4594254126864,0.88237538427056,14.704785778868882,0.0,0.0,-893.0138294458025,0.0,0.0,0.0,0.0
opening_hypothesis,stationary,541.1182908982287,541.1182908982287,19760.49796397723,90000.0,0.0,0.0,0.0,0.0,0.0,0.0,0.0,0.0,258.0,0.1531690923327475,0.039823964006514355,0.17838164505584267,0.31550393415258066,1.7135265802233706,0.926274598011927,0.8985409828017079,0.6605337374470291,1.0908295402559212,1.0908295402559212,1.0908295402559212,0.0,0.0,0.0,0.0,0.0,0.8863021152225806,0.10604941223083163,0.09847801280250892,4.554541093249127,239.5020360227743,501.2141531343652,0.0,238.41120648251837,0.8863021152225806,14.770224750184305,0.0,0.0,-892.948390474487,0.0,3.637978807091713e-12,0.0,0.0
opening_hypothesis,stationary,543.2849882875701,543.2849882875701,19759.53897137816,90000.0,0.0,0.0,0.0,0.0,0.0,0.0,0.0,0.0,259.0,0.15378239829203094,0.039983423555928044,0.1809977690323564,0.315444259290496,1.7239910761294257,0.9259905966936309,0.8983654685014589,0.6600439142380657,1.0951973421891465,1.0951973421891465,1.0951973421891465,0.0,0.0,0.0,0.0,0.0,0.8902405781890741,0.10604114420128657,0.09891561979878598,4.554762139459108,240.4610286218437,500.85115548724184,0.0,239.36583127965454,0.8902405781890741,14.83585923552092,0.0,0.0,-892.8827559891504,0.0,3.637978807091713e-12,0.0,0.0
opening_hypothesis,stationary,545.4580642933121,545.4580642933121,19758.57715556716,90000.0,0.0,0.0,0.0,0.0,0.0,0.0,0.0,0.0,260.0,0.1543975097842281,0.0401433525438993,0.18361322788450332,0.3153847853601189,1.7344529115380132,0.925705846755269,0.8981905451768203,0.6595560412344778,1.0995780026476019,1.0995780026476019,1.0995780026476019,0.0,0.0,0.0,0.0,0.0,0.8941906354781974,0.10603285211627138,0.09935451505313303,4.554983857966801,241.42284443284413,500.4870891986199,0.0,240.32326643019653,0.8941906354781974,14.90168694024416,0.0,0.0,-892.8169282844271,0.0,3.637978807091713e-12,0.0,0.0
opening_hypothesis,stationary,547.6374429940255,547.6374429940255,19757.612550147485,90000.0,0.0,0.0,0.0,0.0,0.0,0.0,0.0,0.0,261.0,0.15501440531899827,0.04030374538293955,0.18622788376425461,0.3153255155248891,1.7449115350570183,0.9254203588848936,0.8980162221320268,0.6590701411575349,1.103971368582796,1.103971368582796,1.103971368582796,0.0,0.0,0.0,0.0,0.0,0.8981521490833072,0.10602453626801027,0.09979468323147855,4.555206241218055,242.3874498525188,500.12196698799585,0.0,241.28347848393602,0.8981521490833072,14.967705564473313,0.0,0.0,-892.750909660198,0.0,3.637978807091713e-12,0.0,2.220446049250313e-16
opening_hypothesis,stationary,549.823048312191,549.823048312191,19756.645188791477,90000.0,0.0,0.0,0.0,0.0,0.0,0.0,0.0,0.0,262.0,0.15563306336181795,0.04046459647407267,0.188841599975652,0.31526645288132704,1.755366399902608,0.9251341437804882,0.8978425084744913,0.6585862361306203,1.1083772866315795,1.1083772866315795,1.1083772866315795,0.0,0.0,0.0,0.0,0.0,0.9021249807140599,0.10601619694929057,0.10023610896822885,4.555429281640368,243.35481120852458,499.755801601017,0.0,242.24643392189301,0.9021249807140599,15.033912803599808,0.0,0.0,-892.6847024210715,0.0,3.637978807091713e-12,0.0,2.220446049250313e-16
opening_hypothesis,stationary,552.0148040311337,552.0148040311337,19755.675105233076,90000.0,0.0,0.0,0.0,0.0,0.0,0.0,0.0,0.0,263.0,0.1562534623387742,0.040625900208081295,0.19145424099812033,0.31520760045882135,1.7658169639924814,0.9248472121476375,0.8976694131141805,0.6581043476797687,1.1127956031502817,1.1127956031502817,1.1127956031502817,0.0,0.0,0.0,0.0,0.0,0.9061089918271956,0.1060078344533977,0.10067877686968837,4.555652971644585,244.32489476692732,499.38860580664397,0.0,243.21209916377703,0.9061089918271956,15.100306348800213,0.0,0.0,-892.6183088758711,0.0,3.637978807091713e-12,0.0,0.0
opening_hypothesis,stationary,554.2126338117781,554.2126338117781,19754.702333260386,90000.0,0.0,0.0,0.0,0.0,0.0,0.0,0.0,0.0,264.0,0.15687558064130724,0.040787650966739884,0.19406567250895865,0.3151489612194509,1.7762626900358347,0.9245595746972256,0.8974969447630909,0.6576244967344754,1.117226164248487,1.117226164248487,1.117226164248487,0.0,0.0,0.0,0.0,0.0,0.9101040436569925,0.10599944907405108,0.10112267151744359,4.555877303626578,245.2976667396175,499.02039239434373,0.0,244.18044057536903,0.9101040436569925,15.16688388754378,0.0,0.0,-892.5517313371275,0.0,3.637978807091713e-12,0.0,0.0
opening_hypothesis,stationary,556.4164612092161,556.4164612092161,19753.726906708358,90000.0,0.0,0.0,0.0,0.0,0.0,0.0,0.0,0.0,265.0,0.15749939663090035,0.04094984312403409,0.19667576140501006,0.3150905380578422,1.7867030456200403,0.9242712421431638,0.8973251119348301,0.6571467036287875,1.1216688158224344,1.1216688158224344,1.1216688158224344,0.0,0.0,0.0,0.0,0.0,0.9141099972453848,0.1059910411053403,0.10156777747170939,4.556102269968916,246.2730932916437,498.6511741713139,0.0,245.15142447582127,0.9141099972453848,15.233643104094336,0.0,0.0,-892.4849721205769,0.0,0.0,0.0,-2.220446049250313e-16
opening_hypothesis,stationary,558.6262096890849,558.6262096890849,19752.74885945154,90000.0,0.0,0.0,0.0,0.0,0.0,0.0,0.0,0.0,266.0,0.1581248886437158,0.04111247104736611,0.19928437582351283,0.3150323338010613,1.7971375032940513,0.923982225200149,0.8971539229442981,0.6566709881026623,1.1261234035880325,1.1261234035880325,1.1261234035880325,0.0,0.0,0.0,0.0,0.0,0.9181267134717329,0.10598261084166256,0.10201407927463697,4.556327863042499,247.25114054846125,498.2809639597391,0.0,246.12501714487323,0.9181267134717329,15.300581680006427,0.0,0.0,-892.4180335446649,0.0,3.637978807091713e-12,0.0,2.220446049250313e-16
opening_hypothesis,stationary,560.8418026437481,560.8418026437481,19751.76822539691,90000.0,0.0,0.0,0.0,0.0,0.0,0.0,0.0,0.0,267.0,0.15875203499517485,0.04127552909874546,0.2018913851621316,0.3149743512085387,1.8075655406485263,0.9236925345814528,0.896983385907467,0.6561973693035874,1.1305897731134789,1.1305897731134789,1.1305897731134789,0.0,0.0,0.0,0.0,0.0,0.9221540530822366,0.10597415857766039,0.10246156145358183,4.556554075208194,248.23177460309415,497.90977459407964,0.0,247.10118482998067,0.9221540530822366,15.367697294615473,0.0,0.0,-892.3509179300559,0.0,3.637978807091713e-12,0.0,0.0
opening_hypothesis,stationary,563.0631634082761,563.0631634082761,19750.785038476795,90000.0,0.0,0.0,0.0,0.0,0.0,0.0,0.0,0.0,268.0,0.15938081398448148,0.04143901163596519,0.20449666009817782,0.3149165929720281,1.8179866403927112,0.9234021809967407,0.8968135087412592,0.6557258657884585,1.1350677698514755,1.1350677698514755,1.1350677698514755,0.0,0.0,0.0,0.0,0.0,0.9261918767189835,0.10596568460816044,0.10291020852433148,4.5567808988184355,249.21496152320807,497.5376189183944,0.0,248.0798937533566,0.9261918767189835,15.43498762552186,0.0,0.0,-892.2836275991494,0.0,3.637978807091713e-12,0.0,2.220446049250313e-16
opening_hypothesis,stationary,565.2902152762192,565.2902152762192,19749.79933264191,90000.0,0.0,0.0,0.0,0.0,0.0,0.0,0.0,0.0,269.0,0.160011203899087,0.04160291301376262,0.20710007260701413,0.3148590617155975,1.8284002904280565,0.923111175149925,0.8966442991635222,0.6552564955257099,1.1395572391710247,1.1395572391710247,1.1395572391710247,0.0,0.0,0.0,0.0,0.0,0.9302400449486206,0.10595718922811302,0.10336000499429114,4.557008326218816,250.20066735809183,497.1645097836985,0.0,249.06111011892082,0.9302400449486206,15.502450349068761,0.0,0.0,-892.2161648756025,0.0,0.0,0.0,0.0
opening_hypothesis,stationary,567.522881515172,567.522881515172,19748.811141854454,90000.0,0.0,0.0,0.0,0.0,0.0,0.0,0.0,0.0,270.0,0.16064318301909547,0.041767227584964824,0.2097014959796529,0.31480175999565246,1.8388059839186117,0.92281952773705,0.8964757646930955,0.6547892758976841,1.144058026388805,1.144058026388805,1.144058026388805,0.0,0.0,0.0,0.0,0.0,0.9342984182906454,0.10594867273253228,0.10381093536562724,4.557236349749649,251.18885814554588,496.7904600453557,0.0,250.0448001191571,0.9342984182906454,15.570083140813605,0.0,0.0,-892.1485320838577,0.0,0.0,0.0,-2.220446049250313e-16
opening_hypothesis,stationary,569.7610853821227,569.7610853821227,19747.820500081325,90000.0,0.0,0.0,0.0,0.0,0.0,0.0,0.0,0.0,271.0,0.16127672962160897,0.041931949701618336,0.21230080483955352,0.31474469030099056,1.849203219358214,0.9225272494442085,0.8963079126499723,0.6543242237032434,1.1485699768001134,1.1485699768001134,1.1485699768001134,0.0,0.0,0.0,0.0,0.0,0.9383668572453083,0.10594013541643749,0.10426298413836757,4.5574649617475185,252.17949991867633,496.41548256050595,0.0,251.03092994187622,0.9383668572453083,15.637883675993063,0.0,0.0,-892.0807315486783,0.0,0.0,0.0,0.0
opening_hypothesis,stationary,572.0047501385837,572.0047501385837,19746.82744128741,90000.0,0.0,0.0,0.0,0.0,0.0,0.0,0.0,0.0,272.0,0.16191182198501006,0.04209707371610261,0.21489787515861722,0.314687855052887,1.859591500634469,0.9222343509454939,0.8961407501555501,0.6538613551606115,1.1530929357093682,1.1530929357093682,1.1530929357093682,0.0,0.0,0.0,0.0,0.0,0.9424452223211154,0.10593157757479536,0.10471613581345725,4.557694154546802,253.17255871259172,496.03959018553223,0.0,252.01946577688236,0.9424452223211154,15.705849629981387,0.0,0.0,-892.0127655946899,0.0,0.0,0.0,2.220446049250313e-16
opening_hypothesis,stationary,574.253799065501,574.253799065501,19745.831999429,90000.0,0.0,0.0,0.0,0.0,0.0,0.0,0.0,0.0,273.0,0.16254843839318217,0.04226259398222736,0.21749258427239315,0.31463125660520974,1.8699703370895726,0.9219408429009854,0.8959742841329699,0.653400685910434,1.1576267484601621,1.1576267484601621,1.1576267484601621,0.0,0.0,0.0,0.0,0.0,0.9465333740619297,0.10592299950246234,0.10517037489576994,4.557923920481172,254.16800057100198,495.66279577356124,0.0,253.01037382254182,0.9465333740619297,15.773978678742058,0.0,0.0,-891.9446365459293,0.0,0.0,0.0,0.0
opening_hypothesis,stationary,576.508155477937,576.508155477937,19744.834208447282,90000.0,0.0,0.0,0.0,0.0,0.0,0.0,0.0,0.0,274.0,0.16318655713966576,0.0424285048563131,0.22008481089449491,0.3145748972445652,1.8803392435779798,0.9216467359547674,0.8958085213075448,0.6529422310190678,1.1621712604648635,1.1621712604648635,1.1621712604648635,0.0,0.0,0.0,0.0,0.0,0.950631173073661,0.10591440149412897,0.10562568589707341,4.558154251885082,255.16579155271722,495.28511217200383,0.0,254.00362029225235,0.950631173073661,15.84226849927256,0.0,0.0,-891.8763467253988,0.0,0.0,0.0,2.220446049250313e-16
opening_hypothesis,stationary,578.7677427395258,578.7677427395258,19743.834102261953,90000.0,0.0,0.0,0.0,0.0,0.0,0.0,0.0,0.0,275.0,0.16382615653175006,0.04259480069825502,0.22267443513023902,0.3145187791904717,1.890697740520956,0.9213520407329836,0.8956434682072698,0.6524860049820694,1.1667263172337552,1.1667263172337552,1.1667263172337552,0.0,0.0,0.0,0.0,0.0,0.9547384800505426,0.10590578384426345,0.10608205333894916,4.558385141095221,256.16589773804566,494.90655222013345,0.0,254.9991714208119,0.9547384800505426,15.910716770042292,0.0,0.0,-891.807898454629,0.0,0.0,0.0,-2.220446049250313e-16
opening_hypothesis,stationary,581.0324842766966,581.0324842766966,19742.83171476491,90000.0,0.0,0.0,0.0,0.0,0.0,0.0,0.0,0.0,276.0,0.16446721489449898,0.04276147587256973,0.22526133848950963,0.3144629045955617,1.9010453539580385,0.9210567678419268,0.8954791311634168,0.6520320217278958,1.1712917644037069,1.1712917644037069,1.1712917644037069,0.0,0.0,0.0,0.0,0.0,0.9588551558009832,0.10589714684705905,0.10653946175566477,4.558616580451954,257.1682852350888,494.5271287467036,0.0,255.99699347068506,0.9588551558009832,15.979321171423384,0.0,0.0,-891.7392940532479,0.0,0.0,0.0,-2.220446049250313e-16
opening_hypothesis,stationary,583.3023035926611,583.3023035926611,19741.82707981407,90000.0,0.0,0.0,0.0,0.0,0.0,0.0,0.0,0.0,277.0,0.16510971057471066,0.042928524749424775,0.227845403898857,0.31440727554581127,1.911381615595428,0.9207609278661635,0.8953155163112096,0.651580294621798,1.1758674477663735,1.1758674477663735,1.1758674477663735,0.0,0.0,0.0,0.0,0.0,0.9629810612729957,0.10588849079637846,0.10699789569699948,4.558848562300731,258.1729201859328,494.14685456760344,0.0,256.9970527381664,0.9629810612729957,16.048079386114473,0.0,0.0,-891.6705358385568,0.0,3.637978807091713e-12,0.0,0.0
opening_hypothesis,stationary,585.5771242811675,585.5771242811675,19740.820231227266,90000.0,0.0,0.0,0.0,0.0,0.0,0.0,0.0,0.0,278.0,0.16575362194481033,0.04309594170565069,0.23042651571283942,0.31435189406079683,1.9217060628513578,0.9204645313666945,0.895152629590579,0.6511308364699099,1.1804532132959198,1.1804532132959198,1.1804532132959198,0.0,0.0,0.0,0.0,0.0,0.9671160575791955,0.10587981598570265,0.10745733973102169,4.559081078993484,259.17976877273554,493.76574248355456,0.0,257.9993155594396,0.9671160575791955,16.11698909955729,0.0,0.0,-891.601626125114,0.0,0.0,0.0,0.0
opening_hypothesis,stationary,587.8568700400114,587.8568700400114,19739.811202776295,90000.0,0.0,0.0,0.0,0.0,0.0,0.0,0.0,0.0,279.0,0.16639892740667508,0.043263721125735524,0.23300455972461576,0.3142967620939774,1.932018238898463,0.9201675888791511,0.8949904767469924,0.6506836595235164,1.185048907176258,1.185048907176258,1.185048907176258,0.0,0.0,0.0,0.0,0.0,0.9712600060213612,0.1058711227080789,0.1079177784468179,4.55931412288999,260.18879722370707,493.38380527784665,0.0,259.0037483165308,0.9712600060213612,16.186048000345984,0.0,0.0,-891.5325672243252,0.0,0.0,0.0,0.0
opening_hypothesis,stationary,590.1414646843083,590.1414646843083,19738.80002818102,90000.0,0.0,0.0,0.0,0.0,0.0,0.0,0.0,0.0,280.0,0.16704560539539054,0.04343185740280154,0.23557942317579694,0.31424188153300253,1.9423176927031878,0.9198701109120274,0.8948290633323605,0.6502387754835015,1.1896543758278033,1.1896543758278033,1.1896543758278033,0.0,0.0,0.0,0.0,0.0,0.9754127681145608,0.10586241125606916,0.1083791964571734,4.559547686359216,261.1999718189837,493.00105571411444,0.0,260.01031744315594,0.9754127681145608,16.255253780629154,0.0,0.0,-891.4633614440421,0.0,3.637978807091713e-12,0.0,0.0
opening_hypothesis,stationary,592.4308321595214,592.4308321595214,19737.78674110361,90000.0,0.0,0.0,0.0,0.0,0.0,0.0,0.0,0.0,281.0,0.1676936343829386,0.04360034493956404,0.23815099476556653,0.31418725420004523,1.9526039790622662,0.9195721079449498,0.8946683947060154,0.6497961955049674,1.1942694659337358,1.1942694659337358,1.1942694659337358,0.0,0.0,0.0,0.0,0.0,0.9795742056108311,0.10585368192170133,0.10884157840120343,4.559781761780641,262.2132588963947,492.61750653415453,0.0,261.0189894304609,0.9795742056108311,16.3246041365045,0.0,0.0,-891.3940110881667,0.0,3.637978807091713e-12,0.0,0.0
opening_hypothesis,stationary,594.724896554246,594.724896554246,19736.771375142886,90000.0,0.0,0.0,0.0,0.0,0.0,0.0,0.0,0.0,282.0,0.16834299288181612,0.04376917814927219,0.24071916465907917,0.3141328818521582,1.9628766586363167,0.9192735904269816,0.8945084760357594,0.6493559302020162,1.1988940244657733,1.1988940244657733,1.1988940244657733,0.0,0.0,0.0,0.0,0.0,0.9837441805224185,0.10584493499641941,0.10930490894693536,4.56001634154555,263.22862485711994,492.2331704557844,0.0,262.02973083265414,0.9837441805224185,16.394096768406104,0.0,0.0,-891.3245184562652,0.0,7.275957614183426e-12,0.0,0.0
opening_hypothesis,stationary,597.0235821127459,597.0235821127459,19735.753963828767,90000.0,0.0,0.0,0.0,0.0,0.0,0.0,0.0,0.0,283.0,0.16899365944858355,0.043938351456631726,0.24328382449514716,0.3140787661816542,1.9731352979805887,0.9189745687749654,0.894349312298983,0.6489179896526897,1.203527898709442,1.203527898709442,1.203527898709442,0.0,0.0,0.0,0.0,0.0,0.9879225551445646,0.10583617077103692,0.10976917279384048,4.560251418058307,264.24603617123944,491.84806017074106,0.0,263.04250827253,0.9879225551445646,16.463729381484168,0.0,0.0,-891.2548858431871,0.0,7.275957614183426e-12,0.0,-2.220446049250313e-16
opening_hypothesis,stationary,599.3268132472442,599.3268132472442,19734.734540616835,90000.0,0.0,0.0,0.0,0.0,0.0,0.0,0.0,0.0,284.0,0.16964561268734404,0.04410785929870945,0.24584486739322545,0.31402490881650824,1.9833794695729017,0.9186750533719013,0.8941909082838478,0.6484823834040601,1.2081709362888546,1.2081709362888546,1.2081709362888546,0.0,0.0,0.0,0.0,0.0,0.9921091920778498,0.10582738953568831,0.11023435467531661,4.560486983737605,265.26545938317287,491.4621883426229,0.0,264.057288446884,0.9921091920778498,16.533499685977365,0.0,0.0,-891.1851155386939,0.0,7.275957614183426e-12,0.0,0.0
opening_hypothesis,stationary,601.6345145499645,601.6345145499645,19733.713138883,90000.0,0.0,0.0,0.0,0.0,0.0,0.0,0.0,0.0,285.0,0.17029883125315157,0.04427769612581941,0.24840218795970406,0.31397131132078193,1.9936087518388161,0.9183750545653623,0.8940332685905351,0.6480491204774628,1.2128229851909822,1.2128229851909822,1.2128229851909822,0.0,0.0,0.0,0.0,0.0,0.9963039542500782,0.10581859157978428,0.11070043936111977,4.560723031017686,266.28686111700904,491.07556760487165,0.0,265.07403813181804,0.9963039542500782,16.603405397577554,0.0,0.0,-891.1152098270937,0.0,7.275957614183426e-12,0.0,0.0
opening_hypothesis,stationary,603.9466108049234,603.9466108049234,19732.689791918285,90000.0,0.0,0.0,0.0,0.0,0.0,0.0,0.0,0.0,286.0,0.17095329385534921,0.044447856402390795,0.25095568229352166,0.31391797519506903,2.003822729174087,0.9180745826659467,0.893876397632556,0.6476182093738687,1.2174838937894288,1.2174838937894288,1.2174838937894288,0.0,0.0,0.0,0.0,0.0,1.000506704937717,0.10580977719196549,0.1111674116597463,4.5609595523495425,267.31020808172553,490.68821055879715,0.0,266.0927241879361,1.000506704937717,16.673444237787052,0.0,0.0,-891.0451709868843,0.0,1.0913936421275139e-11,0.0,0.0
opening_hypothesis,stationary,606.263026999472,606.263026999472,19731.66453292371,90000.0,0.0,0.0,0.0,0.0,0.0,0.0,0.0,0.0,287.0,0.17160897926083593,0.04461833460781734,0.2535052479911069,0.3138649018769613,2.0140209919644274,0.9177736479457669,0.8937202996381216,0.6471896580793883,1.2221535108676955,1.2221535108676955,1.2221535108676955,0.0,0.0,0.0,0.0,0.0,1.004717307786872,0.10580094666005996,0.11163525642076352,4.561196540202094,268.33546707629694,490.30012977164336,0.0,267.1133135654292,1.004717307786872,16.74361393426822,0.0,0.0,-890.975001290403,0.0,7.275957614183426e-12,0.0,0.0
opening_hypothesis,stationary,608.5836883355886,608.5836883355886,19730.637395005317,90000.0,0.0,0.0,0.0,0.0,0.0,0.0,0.0,0.0,288.0,0.17226586629726312,0.04478912523728841,0.256050784150664,0.31381209274153404,2.0242031366026563,0.9174722606369752,0.8935649786515708,0.6467634740708983,1.2268316856419463,1.2268316856419463,1.2268316856419463,0.0,0.0,0.0,0.0,0.0,1.0089356268338168,0.10579210027103877,0.11210395853709072,4.561433987063333,269.3626049946931,489.91133777469713,0.0,268.1357733090511,1.0089356268338168,16.813912221185557,0.0,0.0,-890.9047030034858,0.0,1.0913936421275139e-11,0.0,2.220446049250313e-16
opening_hypothesis,stationary,610.9085202409192,610.9085202409192,19729.608411169243,90000.0,0.0,0.0,0.0,0.0,0.0,0.0,0.0,0.0,289.0,0.17292393385615973,0.04496022280260153,0.25859219137580897,0.31375954910185044,2.0343687655032356,0.9171704309303265,0.8934104385348544,0.6463396643217869,1.2315182677832641,1.2315182677832641,1.2315182677832641,0.0,0.0,0.0,0.0,0.0,1.0131615265250609,0.10578323831097418,0.11257350294722897,4.561671885441456,270.39158883076544,489.5218470614376,0.0,269.1600705629822,1.0131615265250609,16.88433683954014,0.0,0.0,-890.8342783851311,0.0,7.275957614183426e-12,0.0,0.0
opening_hypothesis,stationary,613.2374483795676,613.2374483795676,19728.577614316986,90000.0,0.0,0.0,0.0,0.0,0.0,0.0,0.0,0.0,290.0,0.17358316089598652,0.0451316218329565,0.2611293717785719,0.31370727220948447,2.0445174871142875,0.9168681689737773,0.893256682969072,0.6459182353078113,1.2362131074394025,1.2362131074394025,1.2362131074394025,0.0,0.0,0.0,0.0,0.0,1.017394871736963,0.10577436106499927,0.1130438746374403,4.561910227865956,271.4223856830232,489.1316700857291,0.0,270.1861725755838,1.017394871736963,16.954885537496487,0.0,0.0,-890.7637296871749,0.0,1.0913936421275139e-11,0.0,0.0
opening_hypothesis,stationary,615.570398662635,615.570398662635,19727.54503724071,90000.0,0.0,0.0,0.0,0.0,0.0,0.0,0.0,0.0,291.0,0.1742435264451194,0.045303316875731046,0.2636622289817748,0.3136552632550611,2.0546489159270993,0.9165654848711222,0.8931037154560622,0.6454991930130625,1.2409160552560323,1.2409160552560323,1.2409160552560323,0.0,0.0,0.0,0.0,0.0,1.0216355277948894,0.10576546881726623,0.11351505864387658,4.56214900688871,272.4549627592981,488.74081926005545,0.0,271.21404670404206,1.0216355277948894,17.025556070701832,0.0,0.0,-890.6930591539694,0.0,7.275957614183426e-12,0.0,0.0
opening_hypothesis,stationary,617.9072972892477,617.9072972892477,19726.510712605104,90000.0,0.0,0.0,0.0,0.0,0.0,0.0,0.0,0.0,292.0,0.17490500961346278,0.045475302499500325,0.266190668154001,0.31360352336813513,2.0647626726160038,0.9162623886766796,0.8929515393180446,0.6450825429305671,1.2456269624594485,1.2456269624594485,1.2456269624594485,0.0,0.0,0.0,0.0,0.0,1.0258833605477913,0.10575656185079169,0.11398704006086566,4.562388215088166,273.4892873949032,488.34930694864585,0.0,272.2436604324438,1.0258833605477913,17.09634620352894,0.0,0.0,-890.6222690211423,0.0,7.275957614183426e-12,0.0,0.0
opening_hypothesis,stationary,620.2494445636065,620.2494445636065,19725.474064888127,90000.0,0.0,0.0,0.0,0.0,0.0,0.0,0.0,0.0,293.0,0.17556797846548156,0.045647674401025205,0.268716074759186,0.31355202351417144,2.074864299036744,0.9159587122994707,0.8928000691593279,0.6446680478452549,1.250348450306883,1.250348450306883,1.2465923150425775,0.003756135264305612,0.0,0.0,0.0,0.0,1.0301407335858304,0.10574763521151605,0.11446008150953668,4.562627985717333,274.5259351118802,487.95691530503615,0.0,273.2755866615733,1.0301407335858304,17.167295325207863,0.0,0.0,-890.5513198994635,0.0,7.275957614183426e-12,0.0,-2.220446049250313e-16
opening_hypothesis,stationary,622.5998349228249,622.5998349228249,19724.433768734867,90000.0,0.0,0.0,0.0,0.0,0.0,0.0,0.0,0.0,294.0,0.17623328060736912,0.04582065295791597,0.27124163232850523,0.3135006985690813,2.0849665293140207,0.9156540683257652,0.8926491134384745,0.6442551808267222,1.2550865552242243,1.2550865552242243,1.2464866975000795,0.008599857724144691,0.0,0.0,0.0,0.0,1.0344130899611383,0.10573867748962604,0.11493478777345979,4.562868625544967,275.5662312651421,487.5631426562045,0.0,274.31114470991787,1.0344130899611383,17.23849414420237,0.0,0.0,-890.480121080469,0.0,1.0913936421275139e-11,0.0,0.0
opening_hypothesis,stationary,624.9585470491772,624.9585470491772,19723.389789320096,90000.0,0.0,0.0,0.0,0.0,0.0,0.0,0.0,0.0,295.0,0.17690093831095166,0.045994243960847433,0.2737673632686125,0.31344954821017346,2.09506945307445,0.9153484475948451,0.8924986712063926,0.643843936931399,1.2598414358254952,1.2598414358254952,1.2463807099817277,0.013460725843767748,0.0,0.0,0.0,0.0,1.0387005726930088,0.10572968838881883,0.11541117474366762,4.563110142899147,276.6102106799116,487.1679758201161,0.0,275.3503692440861,1.0387005726930088,17.30994504392899,0.0,0.0,-890.4086701807423,0.0,7.275957614183426e-12,0.0,0.0
opening_hypothesis,stationary,627.3255458645573,627.3255458645573,19722.34214216959,90000.0,0.0,0.0,0.0,0.0,0.0,0.0,0.0,0.0,296.0,0.17757094164701084,0.04616844482822282,0.27629316784490066,0.3133985745788238,2.1051726713796026,0.9150418556953387,0.8923487487612466,0.6434343310261078,1.2646130213974436,1.2646130213974436,1.2462743541061023,0.01833866729134136,0.0,0.0,0.0,0.0,1.0430031180159676,0.10572066804636854,0.11588923533510749,4.5633525344621875,277.6578578304191,486.77142067358136,0.0,276.39324480902167,1.0430031180159676,17.3816469617361,0.0,0.0,-890.3369682629352,0.0,7.275957614183426e-12,0.0,0.0
opening_hypothesis,stationary,629.7007958300359,629.7007958300359,19721.290843013077,90000.0,0.0,0.0,0.0,0.0,0.0,0.0,0.0,0.0,297.0,0.17824328055588753,0.04634325294453076,0.2788189465677103,0.3133477797803555,2.115275786270841,0.9147342982725233,0.8921993522951632,0.6430263776616498,1.2694012402978525,1.2694012402978525,1.2461676315124073,0.023233608785445316,0.0,0.0,0.0,0.0,1.0473206613268988,0.10571161660129835,0.1163689623696554,4.563595796868717,278.70915698693227,486.37348317061486,0.0,277.43975574663443,1.0473206613268988,17.45359882101277,0.0,0.0,-890.2650164036586,0.0,1.0913936421275139e-11,0.0,0.0
opening_hypothesis,stationary,632.0842609508023,632.0842609508023,19720.235907782066,90000.0,0.0,0.0,0.0,0.0,0.0,0.0,0.0,0.0,298.0,0.17891794484888077,0.046518665660709,0.2813446002083885,0.3132971658836959,2.125378400833554,0.9144257810275308,0.8920504878932233,0.642620091071153,1.2742060199655032,1.2742060199655032,1.2460605438602383,0.02814547610526491,0.0,0.0,0.0,0.0,1.0516531371940283,0.10570253419436089,0.11685034857711422,4.563839926706145,279.76409221794296,485.97416934160725,0.0,278.48988619797746,1.0516531371940283,17.525799531338482,0.0,0.0,-890.1928156933328,0.0,7.275957614183426e-12,0.0,-2.220446049250313e-16
opening_hypothesis,stationary,634.4759047811699,634.4759047811699,19719.17735260763,90000.0,0.0,0.0,0.0,0.0,0.0,0.0,0.0,0.0,299.0,0.1795949242096644,0.04669468029451275,0.2838700298151988,0.3132467349210481,2.1354801192607953,0.9141163097165461,0.8919021615324945,0.642215485168537,1.2790272869302646,1.2790272869302646,1.245953092829357,0.033074194100907665,0.0,0.0,0.0,0.0,1.056000479366021,0.1056934209680193,0.11733338659622451,4.564084920515133,280.82264739238275,485.5734852924866,0.0,279.5436201054525,1.056000479366021,17.59824798863474,0.0,0.0,-890.1203672360366,0.0,1.0913936421275139e-11,0.0,-2.220446049250313e-16
opening_hypothesis,stationary,636.8756904296483,636.8756904296483,19718.115193818143,90000.0,0.0,0.0,0.0,0.0,0.0,0.0,0.0,0.0,300.0,0.18027420819572307,0.046871294130888,0.2863951367290834,0.31319648888757556,2.1455805469163334,0.9138058901499976,0.8917543790811047,0.6418125735470853,1.2838649668233193,1.2838649668233193,1.245845280119452,0.0380196867038674,0.0,0.0,0.0,0.0,1.0603626207812036,0.10568427706642676,0.11781806897568925,4.564330774790079,281.88480618186804,485.1714372038688,0.0,280.6009412150447,1.0603626207812036,17.670943075318757,0.0,0.0,-890.0476721493526,0.0,1.0913936421275139e-11,0.0,-2.220446049250313e-16
opening_hypothesis,stationary,639.2835805640769,639.2835805640769,19717.04944793704,90000.0,0.0,0.0,0.0,0.0,0.0,0.0,0.0,0.0,301.0,0.18095578623980507,0.04704850442234932,0.2889198225992659,0.31314642974110013,2.155679290397064,0.9134945281917402,0.8916071462973534,0.6414113694781284,1.2887189843875113,1.2887189843875113,1.2457371074499057,0.042981876937605676,0.0,0.0,0.0,0.0,1.0647394935768946,0.10567510263540641,0.11830438817521047,4.564577485979605,282.950552062972,484.7680313301973,0.0,281.6618330785845,1.0647394935768946,17.74388366045895,0.0,0.0,-889.9747315642123,0.0,1.0913936421275139e-11,0.0,0.0
opening_hypothesis,stationary,641.6995374168202,641.6995374168202,19715.980131680484,90000.0,0.0,0.0,0.0,0.0,0.0,0.0,0.0,0.0,302.0,0.18163964765139312,0.04722630838936221,0.2914439893986966,0.3130965594018144,2.1657759575947866,0.9131822297582312,0.891460468828866,0.6410118859098388,1.2935892634878194,1.2935892634878194,1.245628576559555,0.04796068692826452,0.0,0.0,0.0,0.0,1.0691310290988492,0.10566589782243155,0.11879233656653877,4.564825050487048,284.01986831952416,484.3632739988729,0.0,282.72627905603633,1.0691310290988492,17.81706859993232,0.0,0.0,-889.901546624739,0.0,7.275957614183426e-12,0.0,-2.220446049250313e-16
opening_hypothesis,stationary,644.1235227900222,644.1235227900222,19714.90726195507,90000.0,0.0,0.0,0.0,0.0,0.0,0.0,0.0,0.0,303.0,0.18232578161819157,0.04740470322072981,0.29396753943932996,0.3130468797520074,2.17587015775732,0.9128690008177002,0.8913143522117866,0.6406141354661334,1.2984757271219498,1.2984757271219498,1.2455196892064477,0.05295603791550204,0.0,0.0,0.0,0.0,1.07353715791081,0.10565666277660535,0.11928190643453442,4.565073464670965,285.09273804493597,483.9571716093737,0.0,283.794262317814,1.07353715791081,17.890496736583646,0.0,0.0,-889.8281184880876,0.0,7.275957614183426e-12,0.0,0.0
opening_hypothesis,stationary,646.5554980609187,646.5554980609187,19713.830855855456,90000.0,0.0,0.0,0.0,0.0,0.0,0.0,0.0,0.0,304.0,0.1830141772076302,0.047583686073983854,0.29649037538723383,0.31299739263580395,2.1859615015489355,0.9125548473893113,0.8911688018700117,0.640218130445687,1.3033782974310446,1.3033782974310446,1.2454104471675984,0.05796785026344623,0.0,0.0,0.0,0.0,1.0779578098041656,0.10564739764863866,0.11977308997824059,4.565322724845635,286.1691441445522,483.549730632364,0.0,284.86576584712117,1.0779578098041656,17.964166900386417,0.0,0.0,-889.7544483242849,0.0,7.275957614183426e-12,0.0,-2.220446049250313e-16
opening_hypothesis,stationary,648.9954241872043,648.9954241872043,19712.750930661983,90000.0,0.0,0.0,0.0,0.0,0.0,0.0,0.0,0.0,305.0,0.18370482336838326,0.04776325407577965,0.2990124002775222,0.31294809985891836,2.1960496011100887,0.9122397755423196,0.8910238231144658,0.6398238828210535,1.3082968957105015,1.3082968957105015,1.2453008522387412,0.0629960434717602,0.0,0.0,0.0,0.0,1.0823929138077035,0.10563810259083083,0.12026587931196703,4.565572827281579,287.2490693380261,483.1409576087967,0.0,285.9407724423156,1.0823929138077035,18.038077908605377,0.0,0.0,-889.680537316066,0.0,1.0913936421275139e-11,0.0,0.0
opening_hypothesis,stationary,651.4432617124551,651.4432617124551,19711.66750383829,90000.0,0.0,0.0,0.0,0.0,0.0,0.0,0.0,0.0,306.0,0.18439770893190455,0.047943404322295186,0.30153351752911184,0.31289900318842134,2.2061340701164474,0.911923791395222,0.8908794211424158,0.6394314042378965,1.3132314424209037,1.3132314424209037,1.2451909062340818,0.06804053618682201,0.0,0.0,0.0,0.0,1.0868423981974709,0.10562877775704738,0.12076026646638562,4.565823768206066,288.33249616172,482.7308591490038,0.0,287.0192647192991,1.0868423981974709,18.11222856596085,0.0,0.0,-889.6063866587104,0.0,7.275957614183426e-12,0.0,-2.220446049250313e-16
opening_hypothesis,stationary,653.8989707716007,653.8989707716007,19710.580593028884,90000.0,0.0,0.0,0.0,0.0,0.0,0.0,0.0,0.0,307.0,0.1850928226139763,0.04812413387963384,0.3040536309592926,0.3128501043525215,2.2162145238371704,0.9116069011149015,0.8907356010368279,0.6390407060143287,1.3181818571990545,1.3181818571990545,1.245080610986045,0.0731012462130092,0.0,0.0,0.0,0.0,1.0913061905067196,0.10561942330269916,0.12125624338963549,4.566075543803648,289.41940697112665,482.31944193177986,0.0,288.10122511392757,1.0913061905067196,18.186617664794483,0.0,0.0,-889.5319975598768,0.0,1.0913936421275139e-11,0.0,0.0
opening_hypothesis,stationary,656.3625110964501,656.3625110964501,19709.490216056693,90000.0,0.0,0.0,0.0,0.0,0.0,0.0,0.0,0.0,308.0,0.18579015301627327,0.048305439784231054,0.306572644798114,0.31280140504035975,2.2262905791924563,0.9112891109157671,0.890592367765764,0.6386517991403561,1.3231480588691118,1.3231480588691118,1.2449699683450193,0.07817809052409243,0.0,0.0,0.0,0.0,1.0957842175359522,0.10561003938472066,0.1217538019484391,4.566328150216685,290.50978394331554,481.90671270345626,0.0,289.18663588444645,1.0957842175359522,18.261243985236643,0.0,0.0,-889.4573712394347,0.0,7.275957614183426e-12,0.0,-2.220446049250313e-16
opening_hypothesis,stationary,658.8338420212631,658.8338420212631,19708.39639092061,90000.0,0.0,0.0,0.0,0.0,0.0,0.0,0.0,0.0,309.0,0.1864896886279398,0.04848731904326435,0.30909046370257776,0.3127529069018187,2.236361854810311,0.910970427058888,0.8904497261818197,0.6382646942774317,1.3281299654538237,1.3281299654538237,1.2448589801791046,0.08327098527471914,0.0,0.0,0.0,0.0,1.1002764053630478,0.10560062616154837,0.12225293392922751,4.566581583545872,291.60360907939855,481.49267827696764,0.0,290.27547911394475,1.1002764053630478,18.336106295375192,0.0,0.0,-889.3825089292961,0.0,7.275957614183426e-12,0.0,0.0
opening_hypothesis,stationary,661.3129224883696,661.3129224883696,19707.29913579299,90000.0,0.0,0.0,0.0,0.0,0.0,0.0,0.0,0.0,310.0,0.1871914178271806,0.04866976863506696,0.31160699277063764,0.31270461154734497,2.2464279710825505,0.9106508558511223,0.8903076810216028,0.6378794017581153,1.3331274941858544,1.3331274941858544,1.2447476483738482,0.08837984581200618,0.0,0.0,0.0,0.0,1.10478267935348,0.10559118379309883,0.12275363103927554,4.5668358398507936,292.70086420701716,481.077345530911,0.0,291.3677367128313,1.10478267935348,18.411203351425744,0.0,0.0,-889.3074118732455,0.0,7.275957614183426e-12,0.0,0.0
opening_hypothesis,stationary,663.7997110538342,663.7997110538342,19706.198469017156,90000.0,0.0,0.0,0.0,0.0,0.0,0.0,0.0,0.0,311.0,0.1878953288828638,0.04885278550954459,0.31412213755499885,0.3126565205477859,2.2564885502199954,0.9103304036442426,0.8901662369052528,0.6374959315858346,1.3381405615192032,1.3381405615192032,1.2446359748319913,0.0935045866872119,0.0,0.0,0.0,0.0,1.1093029641706111,0.10558171244074661,0.12325588490784564,4.567090915150452,293.8015309828496,480.66072140859586,0.0,292.4633904213304,1.1093029641706111,18.486533897903232,0.0,0.0,-889.232081326768,0.0,3.637978807091713e-12,0.0,0.0
opening_hypothesis,stationary,666.294165893163,666.294165893163,19705.09440910487,90000.0,0.0,0.0,0.0,0.0,0.0,0.0,0.0,0.0,312.0,0.18860140995613672,0.04903636658859555,0.31663580407671754,0.3126086354342399,2.26654321630687,0.9100090768340557,0.8900253983359997,0.6371142934347558,1.3431690831407095,1.3431690831407095,1.2445239614732024,0.09864512166750691,0.0,0.0,0.0,0.0,1.1138371837860668,0.10557221226730187,0.12375968708734073,4.567346805423825,294.90559089513687,480.2428129170888,0.0,293.56242181199616,1.1138371837860668,18.5620966677948,0.0,0.0,-889.1565185568764,0.0,7.275957614183426e-12,0.0,0.0
opening_hypothesis,stationary,668.796244807052,668.796244807052,19703.98697473378,90000.0,0.0,0.0,0.0,0.0,0.0,0.0,0.0,0.0,313.0,0.18930964910205267,0.049220508766533694,0.31914789883859146,0.3125609576979206,2.2765915953543656,0.9096868818595197,0.8898851696997665,0.6367344966497578,1.3482129739816398,1.3482129739816398,1.2444116102338152,0.1038013637478246,0.0,0.0,0.0,0.0,1.1183852614901861,0.10556268343698857,0.1242650290544651,4.567603506610418,296.01302526622663,479.82362712625047,0.0,294.664812292245,1.1183852614901861,18.63789038273395,0.0,0.0,-889.0807248419374,0.0,7.275957614183426e-12,0.0,0.0
opening_hypothesis,stationary,671.3059052271742,671.3059052271742,19702.876184744873,90000.0,0.0,0.0,0.0,0.0,0.0,0.0,0.0,0.0,314.0,0.19002003427120942,0.04940520891051445,0.3216583288383446,0.31251348879003454,2.286633315353378,0.9093638252018561,0.8897455552648076,0.6363565502465015,1.353272148229356,1.353272148229356,1.2442989230665622,0.1089732251627937,0.0,0.0,0.0,0.0,1.1229471199025414,0.1055531261154211,0.12477190221139345,4.567861014610816,297.1238152551351,479.4031711677653,0.0,295.7705431069058,1.1229471199025414,18.713913753175852,0.0,0.0,-889.0047014714954,0.0,7.275957614183426e-12,0.0,0.0
opening_hypothesis,stationary,673.8231042220064,673.8231042220064,19701.76205813988,90000.0,0.0,0.0,0.0,0.0,0.0,0.0,0.0,0.0,315.0,0.1907325533113981,0.04959046386096351,0.3241670015815984,0.31246623012167335,2.2966680063263936,0.9090399133836589,0.8896065591813923,0.6359804629116148,1.358346519339058,1.358346519339058,1.2441859019403085,0.11416061739874941,0.0,0.0,0.0,0.0,1.1275226809825283,0.10554354046958225,0.12528029788694756,4.568119325287255,298.2379418601258,478.9814522341661,0.0,296.8795953407867,1.1275226809825283,18.790165478573833,0.0,0.0,-888.9284497460975,0.0,7.275957614183426e-12,0.0,0.0
opening_hypothesis,stationary,676.3477985026883,676.3477985026883,19700.644614078705,90000.0,0.0,0.0,0.0,0.0,0.0,0.0,0.0,0.0,316.0,0.19144719396926207,0.04977627043200814,0.3266738250946267,0.31241918306371835,2.306695300378507,0.908715152968001,0.8894681854815246,0.6356062430029626,1.3634360000455992,1.3634360000455992,1.244072548839783,0.11936345120581611,0.0,0.0,0.0,0.0,1.1321118660400187,0.1055339266678006,0.12579020733777982,4.568378434464178,299.3553859213026,478.55847757785205,0.0,297.991949921257,1.1321118660400187,18.86664424755691,0.0,0.0,-888.8519709771144,0.0,7.275957614183426e-12,0.0,0.0
opening_hypothesis,stationary,678.8799444289193,678.8799444289193,19699.523871876783,90000.0,0.0,0.0,0.0,0.0,0.0,0.0,0.0,0.0,317.0,0.19216394389196578,0.049962625411911106,0.3291787079368954,0.31237234894675986,2.3167148317475816,0.9083895505575367,0.8893304380787055,0.6352338985500302,1.3685405023753698,1.3685405023753698,1.2439588657653076,0.12458163661006212,0.0,0.0,0.0,0.0,1.1367145957460787,0.10552428487972683,0.12630162174956427,4.568638337928807,300.47612812322006,478.13425451010096,0.0,299.1075876208447,1.1367145957460787,18.9433487381084,0.0,0.0,-888.7752664865629,0.0,3.637978807091713e-12,0.0,0.0
opening_hypothesis,stationary,681.4194980148845,681.4194980148845,19698.3998510025,90000.0,0.0,0.0,0.0,0.0,0.0,0.0,0.0,0.0,318.0,0.19288279062887237,0.05014952556350682,0.33168155921337844,0.3123257290610295,2.3267262368535135,0.9080631127936021,0.8891933207677339,0.6348634372543981,1.3736599376582452,1.3736599376582452,1.2438448547325254,0.12981508292572,0.0,0.0,0.0,0.0,1.1413307901437408,0.10551461527631106,0.12681453223819342,4.568899031431717,301.60014899750615,477.7087904000762,0.0,300.2264890598479,1.1413307901437408,19.02027761774544,0.0,0.0,-888.6983376069259,0.0,7.275957614183426e-12,0.0,-2.220446049250313e-16
opening_hypothesis,stationary,683.9664149352122,683.9664149352122,19697.272571074507,90000.0,0.0,0.0,0.0,0.0,0.0,0.0,0.0,0.0,319.0,0.19360372163322995,0.05033696762463979,0.33418228858665144,0.3122793246563459,2.3367291543466058,0.9077358463553131,0.8890568372245468,0.6344948664903151,1.3787942165395954,1.3787942165395954,1.2437305177721285,0.1350636987674671,0.0,0.0,0.0,0.0,1.1459603686588342,0.10550491802977999,0.12732892985098154,4.569160510687414,302.72742892549894,477.2820926738291,0.0,301.34863470895937,1.1459603686588342,19.097429543699473,0.0,0.0,-888.6211856809718,0.0,7.275957614183426e-12,0.0,-2.220446049250313e-16
opening_hypothesis,stationary,686.5206505309603,686.5206505309603,19696.14205185911,90000.0,0.0,0.0,0.0,0.0,0.0,0.0,0.0,0.0,320.0,0.19432672426386605,0.050524948308605176,0.33668080628875957,0.3122331369420741,2.3467232251550385,0.9074077579586607,0.8889209910061003,0.6341281933053717,1.3839432489923522,1.3839432489923522,1.2436158569295834,0.14032739206276865,0.0,0.0,0.0,0.0,1.150603250110865,0.10549519331361339,0.12784480556787384,4.569422771374912,303.85794814089644,476.8541688132955,0.0,302.4740048919041,1.150603250110865,19.174803163097565,0.0,0.0,-888.5438120615737,0.0,7.275957614183426e-12,0.0,0.0
opening_hypothesis,stationary,689.0821598156283,689.0821598156283,19695.00831326759,90000.0,0.0,0.0,0.0,0.0,0.0,0.0,0.0,0.0,321.0,0.19505178578688948,0.05071346430459127,0.3391770231328562,0.3121871670870979,2.3567080925314245,0.9070788543556054,0.8887857855502881,0.6337634244212632,1.3891069443291286,1.3891069443291286,1.2435008742648557,0.14560607006427295,0.0,0.0,0.0,0.0,1.1552593527239474,0.10548544130252038,0.1283621503026608,4.569685809138313,304.99168673241746,476.42502635528865,0.0,303.60257978808835,1.1552593527239474,19.252397113144582,0.0,0.0,-888.4662181115267,0.0,7.275957614183426e-12,0.0,0.0
opening_hypothesis,stationary,691.6508974811949,691.6508974811949,19693.87137535353,90000.0,0.0,0.0,0.0,0.0,0.0,0.0,0.0,0.0,322.0,0.19577889337739923,0.0509025122781238,0.3416708505246108,0.3121414162198057,2.3666834020984435,0.9067491423331692,0.8886512241758991,0.6334005662346531,1.394285211214391,1.394285211214391,1.2433855718521338,0.15089963936225717,0.0,0.0,0.0,0.0,1.1599285941377764,0.10547566217241722,0.12888095490419735,4.569949619587398,306.12862464647384,475.99467289048795,0.0,304.73433943525947,1.1599285941377764,19.330210021306044,0.0,0.0,-888.3884052033652,0.0,3.637978807091713e-12,0.0,0.0
opening_hypothesis,stationary,694.2268179041789,694.2268179041789,19692.731258310152,90000.0,0.0,0.0,0.0,0.0,0.0,0.0,0.0,0.0,323.0,0.19650803412120021,0.05109208887151206,0.3441622004733861,0.31209588542808897,2.3766488018935443,0.9064186287125258,0.8885173100826147,0.6330396248181243,1.399477957676676,1.399477957676676,1.243269951779553,0.15620800589712308,0.0,0.0,0.0,0.0,1.164610891418647,0.10546585610040174,0.12940121015762743,4.570214198298208,307.26874168985313,475.5631160624234,0.0,305.8692637321765,1.164610891418647,19.40824050549175,0.0,0.0,-888.3103747191795,0.0,3.637978807091713e-12,0.0,-2.220446049250313e-16
opening_hypothesis,stationary,696.8098751517213,696.8098751517213,19691.587982467598,90000.0,0.0,0.0,0.0,0.0,0.0,0.0,0.0,0.0,324.0,0.19723919501652468,0.05128219070429642,0.34665098560317725,0.3120505757593544,2.386603942412709,0.9060873203480917,0.8883840463510424,0.6326806059212235,1.4046850911208517,1.4046850911208517,1.2431540161489139,0.16153107497193794,0.0,0.0,0.0,0.0,1.1693061610705078,0.10545602326473191,0.12992290678561194,4.570479540813645,308.4120175324103,475.13036356645637,0.0,307.00733244128946,1.1693061610705078,19.48648717424001,0.0,0.0,-888.2321280504312,0.0,7.275957614183426e-12,0.0,0.0
opening_hypothesis,stationary,699.4000229876858,699.4000229876858,19690.44156829024,90000.0,0.0,0.0,0.0,0.0,0.0,0.0,0.0,0.0,325.0,0.19797236297575918,0.05147281437369739,0.34913711916331647,0.31200548822054824,2.396548476653266,0.905755224126614,0.888251435942789,0.6323235149715998,1.409906518340416,1.409906518340416,1.2430377670754054,0.16686875126501052,0.0,0.0,0.0,0.0,1.1740143190460535,0.10544616384480104,0.13044603544956146,4.570745642644056,309.55843170976834,474.6964231487579,0.0,308.14852519142795,1.1740143190460535,19.56494862690248,0.0,0.0,-888.1536665977688,0.0,7.275957614183426e-12,0.0,2.220446049250313e-16
opening_hypothesis,stationary,701.9972148787796,701.9972148787796,19689.292036373983,90000.0,0.0,0.0,0.0,0.0,0.0,0.0,0.0,0.0,326.0,0.19870752482717702,0.051663956455066024,0.3516205150389394,0.31196062377819367,2.4064820601557573,0.9054223469662593,0.8881194817005696,0.6319683570762222,1.415142145529834,1.415142145529834,1.2429212066873263,0.17222093884250786,0.0,0.0,0.0,0.0,1.1787352807578486,0.10543627802111354,0.13097058675087203,4.5710124992678285,310.7079636260269,474.2613026052836,0.0,309.2928214804971,1.1787352807578486,19.643623453829544,0.0,0.0,-888.0749917708417,0.0,1.0913936421275139e-11,0.0,-2.220446049250313e-16
opening_hypothesis,stationary,704.6014040006878,704.6014040006878,19688.139407443534,90000.0,0.0,0.0,0.0,0.0,0.0,0.0,0.0,0.0,327.0,0.1994446673166748,0.051855613502335446,0.3541010877612111,0.31191598335844095,2.4164043510448443,0.9050886958157015,0.8879881863483557,0.6316151370226983,1.4203918782969065,1.4203918782969065,1.2428043371258013,0.17758754117110515,0.0,0.0,0.0,0.0,1.1834689610894793,0.1054263659752628,0.13149655123216433,4.571280106131995,311.8605925564777,473.82500978074467,0.0,310.44020067818076,1.1834689610894793,19.72251023655617,0.0,0.0,-887.9961049881151,0.0,1.0913936421275139e-11,0.0,0.0
opening_hypothesis,stationary,707.2125432442233,707.2125432442233,19686.983702349684,90000.0,0.0,0.0,0.0,0.0,0.0,0.0,0.0,0.0,328.0,0.200183777109513,0.05204778204847338,0.35657875251730975,0.3118715678471297,2.426315010069239,0.9047542776532099,0.8878575524915581,0.6312638592806665,1.4256556216751648,1.4256556216751648,1.2426871605445031,0.1829684611306616,0.0,0.0,0.0,0.0,1.1882152744067331,0.10541642788990566,0.1320239193785259,4.571548458652826,313.0162976503263,473.38755256757906,0.0,311.59064202865113,1.1882152744067331,19.80160754798821,0.0,0.0,-887.917007676683,0.0,1.0913936421275139e-11,0.0,0.0
opening_hypothesis,stationary,709.8305852214895,709.8305852214895,19685.82494206659,90000.0,0.0,0.0,0.0,0.0,0.0,0.0,0.0,0.0,329.0,0.20092484079206058,0.05224045860593575,0.35905342516016997,0.3118273780898637,2.43621370064068,0.9044190994857374,0.8877275826172463,0.6309145280032785,1.4309332801362962,1.4309332801362962,1.242569679109369,0.1883636010269271,0.0,0.0,0.0,0.0,1.192974134568801,0.10540646394873944,0.13255268161875564,4.571817552216429,314.17505793341985,472.94893890491767,0.0,312.74412465328356,1.192974134568801,19.88091395258907,0.0,0.0,-887.8377012720822,0.0,7.275957614183426e-12,0.0,0.0
opening_hypothesis,stationary,712.4554822720534,712.4554822720534,19684.66314768903,90000.0,0.0,0.0,0.0,0.0,0.0,0.0,0.0,0.0,330.0,0.20166784487354225,0.05243363966712099,0.36152502221798033,0.3117834148920981,2.4461000888719213,0.9040831683480086,0.8875982790944063,0.630567147028767,1.4362247576025868,1.4362247576025868,1.2424518949983203,0.1937728626042665,0.0,0.0,0.0,0.0,1.1977454549394984,0.1053964743364776,0.1330828283266109,4.572087382179357,315.33685231097945,472.50917677755155,0.0,313.90062755337686,1.1977454549394984,19.96042800656674,0.0,0.0,-887.7581872181046,0.0,7.275957614183426e-12,0.0,-2.220446049250313e-16
opening_hypothesis,stationary,715.0871864691276,715.0871864691276,19683.498340429673,90000.0,0.0,0.0,0.0,0.0,0.0,0.0,0.0,0.0,331.0,0.2024127757877884,0.05262732170482499,0.3639934609034364,0.3117396790192383,2.4559738436137457,0.9037464913016099,0.8874696441742305,0.6302217198820907,1.4415299574593847,1.4415299574593847,1.2423338104009785,0.19919614705840635,0.0,0.0,0.0,0.0,1.2025291483985026,0.10538645923882643,0.1336143498220558,4.572357943869209,316.5016595703362,472.0682742148946,0.0,315.0601296128768,1.2025291483985026,20.040148258061045,0.0,0.0,-887.6784669666102,0.0,7.275957614183426e-12,0.0,-2.220446049250313e-16
opening_hypothesis,stationary,717.7256496257614,717.7256496257614,19682.330541616335,90000.0,0.0,0.0,0.0,0.0,0.0,0.0,0.0,0.0,332.0,0.20315961989498754,0.05282150117269676,0.3664586591227497,0.31169617119675114,2.4658346364909987,0.9034090754340786,0.8873416799904446,0.6298782497766608,1.4468487825675798,1.4468487825675798,1.2422154275183832,0.20463335504919655,0.0,0.0,0.0,0.0,1.2073251273526076,0.10537641884246028,0.13414723637251194,4.572629232585233,317.66945838367127,471.626239289948,0.0,316.22260960110367,1.2073251273526076,20.120073247331202,0.0,0.0,-887.5985419773401,0.0,7.275957614183426e-12,0.0,0.0
opening_hypothesis,stationary,720.3708233010356,720.3708233010356,19681.15977268925,90000.0,0.0,0.0,0.0,0.0,0.0,0.0,0.0,0.0,333.0,0.20390836348343966,0.05301617450569431,0.36892053548440695,0.3116528921102873,2.475682141937628,0.903070927857995,0.8872143885596686,0.6295367396161468,1.4521811352760914,1.4521811352760914,1.2420967485627101,0.21008438671338128,0.0,0.0,0.0,0.0,1.2121333037469841,0.10536635333499814,0.1346814781941093,4.572901243598935,318.84022731075817,471.183080118261,0.0,317.3880461754821,1.2121333037469841,20.20020150694349,0.0,0.0,-887.5184137177278,0.0,7.275957614183426e-12,0.0,-2.220446049250313e-16
opening_hypothesis,stationary,723.0226588062628,723.0226588062628,19679.9860551983,90000.0,0.0,0.0,0.0,0.0,0.0,0.0,0.0,0.0,334.0,0.20465899277131158,0.05321133812054101,0.3713790093076849,0.311609842405816,2.48551603723074,0.9027320557100746,0.8870877717818119,0.6291971919963597,1.457526917434369,1.457526917434369,1.2419777757569868,0.21554914167738212,0.0,0.0,0.0,0.0,1.216953589076451,0.10535626290497917,0.13521706545293896,4.573173972154684,320.01394480170666,470.7388048568927,0.0,318.55641788427226,1.216953589076451,20.28053156195905,0.0,0.0,-887.4380836627122,0.0,7.275957614183426e-12,0.0,0.0
opening_hypothesis,stationary,725.6811072111906,725.6811072111906,19678.809410800295,90000.0,0.0,0.0,0.0,0.0,0.0,0.0,0.0,0.0,335.0,0.20541149390839256,0.053406988416182063,0.3738340006309161,0.31156702268977066,2.4953360025236644,0.9023924661502627,0.886961831440502,0.6288596092072081,1.4628860304048947,1.4628860304048947,1.2418585113348102,0.2210275190700845,0.0,0.0,0.0,0.0,1.22178589439675,0.10534614774183933,0.1357539882663055,4.57344741347032,321.1905891997084,470.29342170337316,0.0,319.72770316930354,1.22178589439675,20.361061930121835,0.0,0.0,-887.3575532945495,0.0,3.637978807091713e-12,0.0,0.0
opening_hypothesis,stationary,728.3461193502044,728.3461193502044,19677.62986125622,90000.0,0.0,0.0,0.0,0.0,0.0,0.0,0.0,0.0,336.0,0.2061658529778502,0.05360312177424106,0.37628543021950633,0.31152443352920556,2.5051417208780253,0.9020521663608299,0.8868365692035458,0.6285239932347305,1.46825837507569,1.46825837507569,1.2417389575400648,0.2265194175356251,0.0,0.0,0.0,0.0,1.226630130335823,0.1053360080358868,0.1362922367039803,4.573721562737759,322.37013874378266,469.8469388946634,0.0,320.901880368707,1.226630130335823,20.44179112204649,0.0,0.0,-887.2768241026248,0.0,3.637978807091713e-12,0.0,0.0
opening_hypothesis,stationary,731.0176458285308,731.0176458285308,19676.447428428484,90000.0,0.0,0.0,0.0,0.0,0.0,0.0,0.0,0.0,337.0,0.20692205599798635,0.05379973455947645,0.37873321957370387,0.31148207545196444,2.5149328782948155,0.9017111635454709,0.8867119866234249,0.6281903457631991,1.4736438518728185,1.4736438518728185,1.2416191166266384,0.23202473524618014,0.0,0.0,0.0,0.0,1.231486207105086,0.10532584397827845,0.13683180078945398,4.573996415123607,323.55257157152136,469.399364706117,0.0,322.07892771964856,1.231486207105086,20.522717641406256,0.0,0.0,-887.195897583265,0.0,7.275957614183426e-12,0.0,0.0
opening_hypothesis,stationary,733.695637028438,733.695637028438,19675.26213427817,90000.0,0.0,0.0,0.0,0.0,0.0,0.0,0.0,0.0,338.0,0.2076800889239922,0.05399682312023797,0.38117729093612024,0.3114399489468589,2.5247091637444807,0.9013694649284048,0.8865880851378203,0.6278586681772915,1.4790423607728875,1.4790423607728875,1.241498990858138,0.2375433699147494,0.0,0.0,0.0,0.0,1.236354034510703,0.10531565576099523,0.1373726705011892,4.574271965769763,324.737865721834,468.95070745044063,0.0,323.2588233610611,1.236354034510703,20.603839985120864,0.0,0.0,-887.1147752395505,0.0,3.637978807091713e-12,0.0,0.0
opening_hypothesis,stationary,736.3800431154327,736.3800431154327,19674.074000862318,90000.0,0.0,0.0,0.0,0.0,0.0,0.0,0.0,0.0,339.0,0.20843993764970237,0.05419438378892262,0.38361756729900165,0.3113980544638586,2.5344702691960066,0.9010270777534778,0.8864648660701724,0.627528961564338,1.4844538013155384,1.4844538013155384,1.241378582507612,0.24307521880792649,0.0,0.0,0.0,0.0,1.2412335219648476,0.10530544357681888,0.13791483577387192,4.574548209794031,325.92599913769016,468.50097547665587,0.0,324.44154533637465,1.2412335219648476,20.685156643544182,0.0,0.0,-887.0334585811271,0.0,7.275957614183426e-12,0.0,0.0
opening_hypothesis,stationary,739.070814044452,739.070814044452,19672.883050331147,90000.0,0.0,0.0,0.0,0.0,0.0,0.0,0.0,0.0,340.0,0.20920158800934757,0.05439241288243037,0.38605397241125217,0.311356392414291,2.5442158896450087,0.9006840092832694,0.8863423306302678,0.6272012267166266,1.48987807261593,1.48987807261593,1.2412578938572623,0.24862017875866763,0.0,0.0,0.0,0.0,1.24612457849696,0.10529520761930783,0.1384582864996622,4.574825142290726,327.1169496688601,468.0501771690627,0.0,325.6270715962442,1.24612457849696,20.766666100651836,0.0,0.0,-886.9519491240195,0.0,7.275957614183426e-12,0.0,0.0
opening_hypothesis,stationary,741.7678995660473,741.7678995660473,19671.689304925356,90000.0,0.0,0.0,0.0,0.0,0.0,0.0,0.0,0.0,341.0,0.20996502577930504,0.05459090670261931,0.38848643078520817,0.31131496317105234,2.5539457231408327,0.9003402667982006,0.8862204799148599,0.6268754641337823,1.4953150733772034,1.4953150733772034,1.2411369271981674,0.2541781461790358,0.0,0.0,0.0,0.0,1.2510271127649872,0.10528494808277308,0.139003012529443,4.575102758331283,328.3106950746518,467.59832094620225,0.0,326.8153800012746,1.2510271127649872,20.84836683422851,0.0,0.0,-886.8702483904428,0.0,7.275957614183426e-12,0.0,0.0
opening_hypothesis,stationary,744.4712492325608,744.4712492325608,19670.492786973362,90000.0,0.0,0.0,0.0,0.0,0.0,0.0,0.0,0.0,342.0,0.21073023667984692,0.0547898615367602,0.39091486770316464,0.31127376706882776,2.5636594708126585,0.8999958575956456,0.886099314908317,0.6265516740252033,1.5007647019029347,1.5007647019029347,1.2410156848299996,0.2597490170729351,0.0,0.0,0.0,0.0,1.2559410330666123,0.10527466516225427,0.139549003674068,4.575381052964867,329.50721302664476,467.1454152598229,0.0,328.0064483247418,1.2559410330666123,20.930257316055094,0.0,0.0,-886.7883579086163,0.0,7.275957614183426e-12,0.0,0.0
opening_hypothesis,stationary,747.1808124042925,747.1808124042925,19669.29351888859,90000.0,0.0,0.0,0.0,0.0,0.0,0.0,0.0,0.0,343.0,0.21149720637688574,0.05498927365799029,0.3933392092236537,0.31123280440432244,2.5733568368946145,0.8996507889890475,0.8859788364833013,0.626229856312565,1.506226856109565,1.506226856109565,1.2408941690607422,0.26533268704882274,0.0,0.0,0.0,0.0,1.2608662473504615,0.10526435905349661,0.1400962497056068,4.575660021218974,330.7064811114194,466.6914685938468,0.0,329.20025425530986,1.2608662473504615,21.01233601209544,0.0,0.0,-886.7062792125759,0.0,7.275957614183426e-12,0.0,2.220446049250313e-16
opening_hypothesis,stationary,749.8965382556541,749.8965382556541,19668.09152316673,90000.0,0.0,0.0,0.0,0.0,0.0,0.0,0.0,0.0,344.0,0.21226592048371654,0.0551891393257663,0.3957593821874758,0.3111920754365015,2.5830375287499034,0.8993050683070363,0.8858590454014751,0.6259100106323785,1.511701433538808,1.511701433538808,1.2407723822064118,0.27092905133239614,0.0,0.0,0.0,0.0,1.265802663227294,0.10525402995292579,0.1406447403585882,4.575939658100046,331.90847683328116,466.23648946333896,0.0,330.39677539974235,1.265802663227294,21.094601382682853,0.0,0.0,-886.6240138419885,0.0,1.0913936421275139e-11,0.0,-2.220446049250313e-16
opening_hypothesis,stationary,752.618375781312,752.618375781312,19666.886822383032,90000.0,0.0,0.0,0.0,0.0,0.0,0.0,0.0,0.0,345.0,0.21303636456275551,0.05538945478631643,0.3981753142234839,0.3111515803868403,2.5927012568939354,0.8989587028925518,0.8857399423142363,0.6255921363386129,1.5171883313700312,1.5171883313700312,1.240650326590777,0.2765380047792543,0.0,0.0,0.0,0.0,1.2707501879811647,0.10524367805762593,0.14119446533124047,4.576219958594073,333.1131776169788,465.7804864134779,0.0,331.59598928560877,1.2707501879811647,21.17705188270611,0.0,0.0,-886.5415633419652,0.0,1.0913936421275139e-11,0.0,0.0
opening_hypothesis,stationary,755.346273802315,755.346273802315,19665.679439189593,90000.0,0.0,0.0,0.0,0.0,0.0,0.0,0.0,0.0,346.0,0.21380852412727466,0.055590216273091415,0.4005869337541224,0.3111113194395832,2.6023477350164894,0.8986117001019699,0.88562152776348,0.6252762325053709,1.5226874464326106,1.5226874464326106,1.2405280045450797,0.2821594418875308,0.0,0.0,0.0,0.0,1.2757087285805664,0.10523330356531453,0.14174541428672957,4.576500917667192,334.32056081041736,465.3234680185291,0.0,332.79787336398476,1.2757087285805664,21.25968596179514,0.0,0.0,-886.4589292628762,0.0,1.0913936421275139e-11,0.0,0.0
opening_hypothesis,stationary,758.0801809722064,758.0801809722064,19664.469396312645,90000.0,0.0,0.0,0.0,0.0,0.0,0.0,0.0,0.0,347.0,0.21458238464313187,0.055791420007214286,0.40299417000071996,0.31107129274201234,2.61197668000288,0.8982640673042329,0.8855038021823893,0.6249622979296237,1.5281986752182515,1.5281986752182515,1.2404054184077613,0.2877932568104901,0.0,0.0,0.0,0.0,1.280678191689539,0.10522290667431927,0.14229757685439318,4.5767825302663,335.53060368736277,464.8654428808213,0.0,334.0024050121445,1.280678191689539,21.342502064506164,0.0,0.0,-886.3761131601651,0.0,7.275957614183426e-12,0.0,0.0
opening_hypothesis,stationary,760.82004578312,760.82004578312,19663.25671654987,90000.0,0.0,0.0,0.0,0.0,0.0,0.0,0.0,0.0,348.0,0.21535793153049626,0.05599306219792903,0.405396952988539,0.3110315004047246,2.6215878119541562,0.8979158118799848,0.8853867658962489,0.6246503311339925,1.5337219138932758,1.5337219138932758,1.240282570524178,0.29343934336909777,0.0,0.0,0.0,0.0,1.2856584836787486,0.10521248758355516,0.14285094263097203,4.577064791319648,336.7432834501401,464.406419629725,0.0,335.20956153624684,1.2856584836787486,21.425498630506343,0.0,0.0,-886.293116594165,0.0,1.0913936421275139e-11,0.0,0.0
opening_hypothesis,stationary,763.565816571856,763.565816571856,19662.041422767685,90000.0,0.0,0.0,0.0,0.0,0.0,0.0,0.0,0.0,349.0,0.21613515016556833,0.05619513904304777,0.40779521355158127,0.31099194250191753,2.631180854206325,0.8975669412207102,0.8852704191232869,0.6243403303695871,1.539257058310873,1.539257058310873,1.2401594632463295,0.2990975950645433,0.0,0.0,0.0,0.0,1.2906495106365354,0.10520204649250028,0.14340550118183723,4.577347695737452,337.95857723232314,463.94640692063405,0.0,336.4193201740123,1.2906495106365354,21.50867409475786,0.0,0.0,-886.2099411299134,0.0,7.275957614183426e-12,0.0,0.0
opening_hypothesis,stationary,766.3174415259393,766.3174415259393,19660.823537898592,90000.0,0.0,0.0,0.0,0.0,0.0,0.0,0.0,0.0,350.0,0.21691402588229466,0.056397646729396615,0.41018888333715237,0.31095261907168414,2.6407555333486092,0.8972174627278784,0.8851547619755417,0.6240322936188964,1.5448040040233104,1.5448040040233104,1.2400360989325834,0.30476790509072715,0.0,0.0,0.0,0.0,1.2956511783799238,0.10519158360117273,0.14396124204221372,4.577631238412482,339.17646210141544,463.4854134339517,0.0,337.6316580973921,1.2956511783799238,21.59202688770143,0.0,0.0,-886.1265883369699,0.0,7.275957614183426e-12,0.0,2.220446049250313e-16
opening_hypothesis,stationary,769.0748686896553,769.0748686896553,19659.603084938484,90000.0,0.0,0.0,0.0,0.0,0.0,0.0,0.0,0.0,351.0,0.21769454397407634,0.05660058143325985,0.41257789481018453,0.3109135301163152,2.6503115792407383,0.8968673838120926,0.8850397944597506,0.6237262185987179,1.5503626462941023,1.5503626462941023,1.2399124799474,0.31045016634670225,0.0,0.0,0.0,0.0,1.3006633924655955,0.10518109911010731,0.14451815471839946,4.577915414220664,340.3969150615219,463.02344787407856,0.0,338.8465524152278,1.3006633924655955,21.675555435439147,0.0,0.0,-886.0430597892322,0.0,7.275957614183426e-12,0.0,-2.220446049250313e-16
opening_hypothesis,stationary,771.8380459700635,771.8380459700635,19658.380086943995,90000.0,0.0,0.0,0.0,0.0,0.0,0.0,0.0,0.0,352.0,0.21847668969547127,0.05680393932082253,0.4149621812573201,0.3108746756026102,2.6598487250292804,0.8965167118922437,0.8849255164782652,0.6234221027631447,1.5559328801101315,1.5559328801101315,1.2397886086610572,0.31614427144907414,0.0,0.0,0.0,0.0,1.305686058200819,0.1051705932203328,0.14507622868897985,4.578200218021678,341.6199130560105,462.5605189684054,0.0,340.0639801759004,1.305686058200819,21.759258159916648,0.0,0.0,-885.9593570647546,0.0,3.637978807091713e-12,0.0,-2.220446049250313e-16
opening_hypothesis,stationary,774.6069211429884,774.6069211429884,19657.15456702984,90000.0,0.0,0.0,0.0,0.0,0.0,0.0,0.0,0.0,353.0,0.21926044826389002,0.057007716548611406,0.41734167679075723,0.31083605546219584,2.6693667071630287,0.8961654543946691,0.8848119278299879,0.6231199433065883,1.5615146001937275,1.5615146001937275,1.2396644874493818,0.32185011274434544,0.0,0.0,0.0,0.0,1.3107190806543416,0.10516006613334772,0.14563545340603792,4.5784856446595485,342.84543297016387,462.0966354663094,0.0,341.28391836997014,1.3107190806543416,21.8431334791046,0.0,0.0,-885.8754817455667,0.0,3.637978807091713e-12,0.0,0.0
opening_hypothesis,stationary,777.3814418589845,777.3814418589845,19655.926548366187,90000.0,0.0,0.0,0.0,0.0,0.0,0.0,0.0,0.0,354.0,0.22004580486128408,0.057211909263933866,0.419716316351859,0.31079766959185245,2.678865265407436,0.8958136187523181,0.8846990282113308,0.622819737166849,1.5671077010146897,1.5671077010146897,1.2395401186934782,0.3275675823212114,0.0,0.0,0.0,0.0,1.3157623646672316,0.10514951805109915,0.14619581829635903,4.578771688963238,344.07345163381945,461.63180613815496,0.0,342.5063439328048,1.3157623646672316,21.927179807179414,0.0,0.0,-885.7914354174919,0.0,7.275957614183426e-12,0.0,0.0
opening_hypothesis,stationary,780.1615556492762,780.1615556492762,19654.696054176005,90000.0,0.0,0.0,0.0,0.0,0.0,0.0,0.0,0.0,355.0,0.22083274463582744,0.05741651360531514,0.4220860357145276,0.31075951785384737,2.68834414285811,0.8954612124039208,0.8845868172171982,0.6225214810282287,1.5727120768022629,1.5727120768022629,1.2394155047794537,0.3332965720228091,0.0,0.0,0.0,0.0,1.3208158148636746,0.10513894917595787,0.1467573127626305,4.5790583457472405,345.30394582399845,461.16603977429844,0.0,343.7312337471962,1.3208158148636746,22.011395554703135,0.0,0.0,-885.7072196699681,0.0,3.637978807091713e-12,0.0,0.0
opening_hypothesis,stationary,782.9472099316696,782.9472099316696,19653.463107732485,90000.0,0.0,0.0,0.0,0.0,0.0,0.0,0.0,0.0,356.0,0.22162125270358976,0.057621525702933336,0.42445077148834404,0.31072160007627575,2.6978030859533764,0.895108242793165,0.8844752943419876,0.6222251713246778,1.5783276215570539,1.5783276215570539,1.239290648098158,0.3390369734588959,0.0,0.0,0.0,0.0,1.3258793356617213,0.10512835971069691,0.14731992618463566,4.57934560981216,346.5368922675225,460.6993451840977,0.0,344.95856464596545,1.3258793356617213,22.095779128802587,0.0,0.0,-885.6228360958687,0.0,7.275957614183426e-12,0.0,0.0
opening_hypothesis,stationary,785.7383520164366,785.7383520164366,19652.227732356387,90000.0,0.0,0.0,0.0,0.0,0.0,0.0,0.0,0.0,357.0,0.22241131415020218,0.05782694167905257,0.4268104611214792,0.3106839160534084,2.7072418444859165,0.8947547173678766,0.884364458980613,0.6219308042429852,1.583954229062894,1.583954229062894,1.2391655510449096,0.34478867801798446,0.0,0.0,0.0,0.0,1.3309528312839827,0.10511774985846904,0.14788364792044248,4.579633475945305,347.77226764361797,460.2317311949262,0.0,346.18831341455507,1.3309528312839827,22.18032893334757,0.0,0.0,-885.5382862913237,0.0,3.637978807091713e-12,0.0,0.0
opening_hypothesis,stationary,788.5349291121689,788.5349291121689,19650.9899514135,90000.0,0.0,0.0,0.0,0.0,0.0,0.0,0.0,0.0,358.0,0.22320291403251413,0.05803275764845368,0.4291650429033713,0.31064646554604597,2.7166601716134853,0.894400643579208,0.884254310429547,0.6216383757260011,1.589591792898639,1.589591792898639,1.2390402160192342,0.35055157687940486,0.0,0.0,0.0,0.0,1.3360362057682706,0.1051071198227827,0.1484484673075856,4.579921938921265,349.0100485865071,459.7632066511928,0.0,347.4204567936084,1.3360362057682706,22.26504336912823,0.0,0.0,-885.453571855543,0.0,7.275957614183426e-12,0.0,0.0
opening_hypothesis,stationary,791.3368883316019,791.3368883316019,19649.74978831202,90000.0,0.0,0.0,0.0,0.0,0.0,0.0,0.0,0.0,359.0,0.22399603738024187,0.05823896971886289,0.4315144559671788,0.3106092482818802,2.7260578238687154,0.8940460288808317,0.884144847887883,0.6213478814758969,1.5952402064499096,1.5952402064499096,1.2389146454245985,0.35632556102531104,0.0,0.0,0.0,0.0,1.341129362978185,0.10509646980748164,0.14901437366424275,4.580210993502493,350.25021168798537,459.29378041336497,0.0,348.6549714815355,1.341129362978185,22.349920834031455,0.0,0.0,-885.3686943906398,0.0,3.637978807091713e-12,0.0,0.0
opening_hypothesis,stationary,794.1441766974062,794.1441766974062,19648.50726650002,90000.0,0.0,0.0,0.0,0.0,0.0,0.0,0.0,0.0,360.0,0.22479066919760804,0.05844557399137809,0.4338586402920062,0.31057226395586074,2.7354345611680246,0.89369088072814,0.884036070458414,0.6210593169574544,1.600899362920767,1.600899362920767,1.2387888416681474,0.3621105212526197,0.0,0.0,0.0,0.0,1.3462322066136414,0.10508580001672126,0.14958135629040456,4.5805006344398835,351.4927334999853,458.82346135700004,0.0,349.89183413706456,1.3462322066136414,22.434959723216334,0.0,0.0,-885.283655501455,0.0,3.637978807091713e-12,0.0,0.0
opening_hypothesis,stationary,796.9567411479467,796.9567411479467,19647.26240946288,90000.0,0.0,0.0,0.0,0.0,0.0,0.0,0.0,0.0,361.0,0.22558679446497154,0.0586525665608926,0.4361975367049058,0.3105355122305688,2.744790146819623,0.893335206577451,0.8839279771487318,0.6207726774013893,1.6065691553453225,1.6065691553453225,1.238662807160446,0.36790634818487666,0.0,0.0,0.0,0.0,1.3513446402213385,0.1050751106549467,0.15014940446903757,4.580790856473343,352.7375905371251,458.35225837177876,0.0,351.13102138177976,1.3513446402213385,22.520158429288603,0.0,0.0,-885.1984567953828,0.0,7.275957614183426e-12,0.0,-2.220446049250313e-16
opening_hypothesis,stationary,799.7745285430074,799.7745285430074,19646.015240720764,90000.0,0.0,0.0,0.0,0.0,0.0,0.0,0.0,0.0,362.0,0.22638439814044825,0.05885994351651655,0.4385310868826587,0.31049899273659587,2.7541243475306345,0.8929790138852225,0.8838205668723409,0.6204879578077017,1.6122494765992776,1.6122494765992776,1.238536544315215,0.3737129322840626,0.0,0.0,0.0,0.0,1.356466567205166,0.10506440192687116,0.1507185074672406,4.581081654332368,353.98475927924267,457.88018036054723,0.0,352.3725098026434,1.356466567205166,22.60551534247409,0.0,0.0,-885.1130998821972,0.0,7.275957614183426e-12,0.0,0.0
opening_hypothesis,stationary,802.5974856694817,802.5974856694817,19644.765783826093,90000.0,0.0,0.0,0.0,0.0,0.0,0.0,0.0,0.0,363.0,0.22718346516152155,0.05906770094199561,0.44085923335333543,0.31046270507292856,2.7634369334133417,0.8926223101072707,0.8837138384497899,0.6202051529490551,1.6179402194113945,1.6179402194113945,1.2384100555490782,0.3795301638623163,0.0,0.0,0.0,0.0,1.3615978908365465,0.10505367403745408,0.151288654537394,4.5813730227366065,355.23421617391404,457.40723623836334,0.0,353.61627595450267,1.3615978908365465,22.691028850791046,0.0,0.0,-885.0275863738802,0.0,7.275957614183426e-12,0.0,0.0
opening_hypothesis,stationary,805.4255592470266,805.4255592470266,19643.514062361053,90000.0,0.0,0.0,0.0,0.0,0.0,0.0,0.0,0.0,364.0,0.22798398044664295,0.05927583491612717,0.44318191949764085,0.3104266488073387,2.7727276779905634,0.8922651026979967,0.8836077906098199,0.6199242573741836,1.623641276374896,1.623641276374896,1.2382833432813025,0.3853579330935934,0.0,0.0,0.0,0.0,1.3667385142647155,0.10504292719187872,0.15185983491830168,4.581664956396424,356.48593763895616,456.9334349315493,0.0,354.8622963625813,1.3667385142647155,22.77669734022148,0.0,0.0,-884.9419178844498,0.0,1.0913936421275139e-11,0.0,0.0
opening_hypothesis,stationary,808.2586959336801,808.2586959336801,19642.260099935094,90000.0,0.0,0.0,0.0,0.0,0.0,0.0,0.0,0.0,365.0,0.2287859288968219,0.059484341513173694,0.4454990895500427,0.3103908234767783,2.7819963582001708,0.8919073991096202,0.8835024219905245,0.6196452654113161,1.629352539958787,1.629352539958787,1.2381564099335447,0.3911961300252421,0.0,0.0,0.0,0.0,1.3718883405269298,0.10503216159553165,0.1524320378363255,4.581957450013474,357.73990006491294,456.4587853767509,0.0,356.11054752495414,1.3718883405269298,22.862519194881283,0.0,0.0,-884.85609602979,0.0,7.275957614183426e-12,0.0,0.0
