scenario,mode,extent_mol,reactor_h2_mol,water_kg,salt_mol,export_h2_mol,export_water_kg,export_salt_mol,outlet_separator_gas_mol,flow_pump_kwh,feed_water_kg,feed_salt_mol,circulated_water_kg,time_days,altered_fraction_proxy,expansion_loading,crack_opening_fraction,porosity,area_factor,passivation_factor,pore_access_factor,permeability_ratio,generated_h2_kg,retained_h2_kg,dissolved_h2_kg,free_h2_kg,exported_h2_kg,outlet_collected_h2_kg,outlet_uncollected_gas_h2_kg,outlet_residual_dissolved_h2_kg,endpoint_collected_h2_kg,endpoint_residual_h2_kg,endpoint_uncollected_gas_h2_kg,salt_molality,water_consumed_kg,remaining_reactive_fe_kg,flow_head_bar,solid_mass_gain_kg,total_deliverable_h2_kg,gross_electricity_kwh,outlet_delivered_electricity_kwh,new_feed_heater_kwh,standalone_engineering_balance_kwh,h2_balance_error_kg,water_balance_error_kg,salt_balance_error_kg,hydrogen_recovery_balance_error_kg
opening_hypothesis,recirculating,0.0,0.0,20000.0,90000.0,0.0,0.0,0.0,0.0,0.0,0.0,0.0,0.0,0.0,0.0,0.0,0.0,0.35,1.0,1.0,1.0,1.0,0.0,0.0,0.0,0.0,0.0,0.0,0.0,0.0,0.0,0.0,0.0,4.5,0.0,591.8704059999999,5.0,0.0,0.0,0.0,0.0,0.0,-907.7186152246713,0.0,0.0,0.0,0.0
opening_hypothesis,recirculating,5.335445458716911,5.335445458716911,19997.638501466416,90000.0,0.0,0.0,0.0,0.0,1.4311800443689469,0.0,0.0,6666.666666666668,1.0,0.0015102526598130632,0.00039266569155139644,0.0,0.3496073343084486,1.0,0.9992451587062299,0.9988451009072018,0.9954350186725923,0.010755617791318246,0.010755617791318246,0.010755617791318246,0.0,0.0,0.0,0.0,0.0,0.0,0.010755617791318246,0.0,4.5005313999150625,2.3614985335831085,590.9765321450737,5.022929579740398,2.3507429157917903,0.0,0.0,0.0,0.0,-909.1497952690403,0.0,0.0,0.0,0.0
opening_hypothesis,recirculating,10.608691491107399,10.608691491107399,19995.304532753013,90000.0,0.0,0.0,0.0,0.0,2.868922123797056,0.0,0.0,13333.333333333338,2.0,0.0030028991328934227,0.00078075377455229,0.0,0.3492192462254477,1.0,0.998499677045033,0.9977036653689639,0.9909407562680077,0.02138584900309358,0.02138584900309358,0.02138584900309358,0.0,0.0,0.0,0.0,0.0,0.0,0.02138584900309358,0.0,4.50105672822221,4.695467246986052,590.0930788710373,5.04571031958616,4.674081397982959,0.0,0.0,0.0,0.0,-910.5875373484683,0.0,0.0,0.0,0.0
opening_hypothesis,recirculating,15.82148741118378,15.82148741118378,19992.997319603448,90000.0,0.0,0.0,0.0,0.0,4.313184247049961,0.0,0.0,20000.000000000007,3.0,0.004478434580546801,0.0011643929909421682,0.0,0.3488356070090578,1.0,0.9977632878865359,0.996575314732523,0.9865150551073929,0.03189422004245716,0.03189422004245716,0.03189422004245716,0.0,0.0,0.0,0.0,0.0,0.0,0.03189422004245716,0.0,4.501576154954694,7.002680396549152,589.2197531065673,5.0683463715165455,6.970786176506695,0.0,0.0,0.0,0.0,-912.0317994717212,0.0,-3.637978807091713e-12,0.0,0.0
opening_hypothesis,recirculating,20.975503487084527,20.975503487084527,19990.71612274754,90000.0,0.0,0.0,0.0,0.0,5.763925584472019,0.0,0.0,26666.666666666675,4.0,0.005937331789332117,0.0015437062652263504,0.0,0.3484562937347736,1.0,0.9970357362367012,0.9954596874552165,0.9821558582879399,0.04228409796954395,0.04228409796954395,0.04228409796954395,0.0,0.0,0.0,0.0,0.0,0.0,0.04228409796954395,0.0,4.502089842473853,9.28387725245898,588.3562750232912,5.0908417007416995,9.241593154489436,0.0,0.0,0.0,0.0,-913.4825408091433,0.0,0.0,0.0,0.0
opening_hypothesis,recirculating,26.07233583180727,26.07233583180727,19988.460235736584,90000.0,0.0,0.0,0.0,0.0,7.221106416187571,0.0,0.0,33333.33333333334,5.0,0.007380042555433716,0.0019188110644127662,0.0,0.3480811889355872,1.0,0.9963167784844712,0.9943564380458448,0.9778612033404485,0.05255870035662363,0.05255870035662363,0.05255870035662363,0.0,0.0,0.0,0.0,0.0,0.0,0.05255870035662363,0.0,4.502597945943457,11.539764263414614,587.5023772164182,5.113200097232223,11.48720556305799,0.0,0.0,0.0,0.0,-914.9397216408588,0.0,0.0,0.0,0.0
opening_hypothesis,recirculating,31.113510912241583,31.113510912241583,19986.228982947647,90000.0,0.0,0.0,0.0,0.0,8.684688083472444,0.0,0.0,40000.000000000015,6.0,0.008806998960989434,0.002289819729857253,0.0,0.3477101802701427,1.0,0.9956061817077604,0.9932652360886551,0.9736292163869771,0.06272110437776955,0.06272110437776955,0.06272110437776955,0.0,0.0,0.0,0.0,0.0,0.0,0.06272110437776955,0.0,4.503100613767033,13.771017052351237,586.6578039493176,5.135425186350107,13.708295947973467,0.0,0.0,0.0,0.0,-916.4033033081437,0.0,-3.637978807091713e-12,0.0,0.0
opening_hypothesis,recirculating,36.100489712265166,36.100489712265166,19984.021717740947,90000.0,0.0,0.0,0.0,0.0,10.154632943050737,0.0,0.0,46666.666666666686,7.0,0.01021861455249774,0.0026568397836494125,0.0,0.3473431602163506,1.0,0.9949037230327762,0.9921857653422077,0.969458106751411,0.0727742552011611,0.0727742552011611,0.0727742552011611,0.0,0.0,0.0,0.0,0.0,0.0,0.0727742552011611,0.0,4.503597987991672,15.978282259050184,585.8223104560556,5.157520438665126,15.905508003849024,0.0,0.0,0.0,0.0,-917.8732481677221,0.0,-3.637978807091713e-12,0.0,0.0
opening_hypothesis,recirculating,41.034671581774624,41.034671581774624,19981.837820756256,90000.0,0.0,0.0,0.0,0.0,11.63090432409455,0.0,0.0,53333.33333333336,8.0,0.011615285430325455,0.0030199742118846183,0.0,0.3469800257881154,1.0,0.9942091890417503,0.9911177229062218,0.965346161980919,0.08272097374826783,0.08272097374826783,0.08272097374826783,0.0,0.0,0.0,0.0,0.0,0.0,0.08272097374826783,0.0,4.50409020468137,18.162179243741896,584.9956622965473,5.179489179031749,18.07945826999363,0.0,0.0,0.0,0.0,-919.3495195487658,0.0,0.0,0.0,0.0
opening_hypothesis,recirculating,45.91739780011054,45.91739780011054,19979.6766983357,90000.0,0.0,0.0,0.0,0.0,13.11346648772464,0.0,0.0,60000.00000000003,9.0,0.012997391257371838,0.003379321726916678,0.0,0.3466206782730833,1.0,0.9935223752246887,0.9900608184502451,0.9612917432408169,0.09256396387728684,0.09256396387728684,0.09256396387728684,0.0,0.0,0.0,0.0,0.0,0.0,0.09256396387728684,0.0,4.504577394262689,20.323301664298132,584.1776347595585,5.201334594993427,20.230737700420846,0.0,0.0,0.0,0.0,-920.832081712396,0.0,0.0,0.0,0.0
opening_hypothesis,recirculating,50.74995487933895,50.74995487933895,19977.537781061717,90000.0,0.0,0.0,0.0,0.0,14.602284588828356,0.0,0.0,66666.6666666667,10.0,0.014365296194096334,0.003734977010465047,0.0,0.34626502298953493,1.0,0.9928430854712129,0.9890147734986322,0.9572932810493051,0.1023058190421618,0.1023058190421618,0.1023058190421618,0.0,0.0,0.0,0.0,0.0,0.0,0.1023058190421618,0.0,4.505059681845182,22.462218938283158,583.36801230929,5.223059744574219,22.359913119240996,0.0,0.0,0.0,0.0,-922.3208998134996,0.0,0.0,0.0,0.0
opening_hypothesis,recirculating,55.53357763021293,55.53357763021293,19975.420522400036,90000.0,0.0,0.0,0.0,0.0,16.09732464002701,0.0,0.0,73333.33333333337,11.0,0.01571934976637052,0.004087030939256335,0.0,0.34591296906074365,1.0,0.9921711315989699,0.9879793207668931,0.9533492713220386,0.11194902847319364,0.11194902847319364,0.11194902847319364,0.0,0.0,0.0,0.0,0.0,0.0036355735533533137,0.10790950230280107,0.000403952617039257,4.505537187518821,24.579477599965802,582.5665880717222,5.244667563511479,24.467528571492608,0.0036355735533533137,0.06058683326663297,0.0,0.0,-923.7553530314317,0.0,3.637978807091713e-12,0.0,1.3877787807814457e-17
opening_hypothesis,recirculating,60.2694520113092,60.2694520113092,19973.32439743864,90000.0,0.0,0.0,0.0,0.0,17.59855347763991,0.0,0.0,80000.00000000004,12.0,0.017059887671955484,0.004435570794708426,0.0,0.34556442920529157,1.0,0.9915063329154498,0.9869542035449753,0.9494582716995926,0.12149598292055798,0.12149598292055798,0.12149598292055798,0.0,0.0,0.0,0.0,0.0,0.012244221005745671,0.1078912929141739,0.0013604690006384075,4.5060100266303955,26.675602561363526,581.7731633572853,5.266160871977735,26.55410657844297,0.012244221005745671,0.20404994306075158,0.0,0.0,-925.1131187592505,0.0,3.637978807091713e-12,0.0,0.0
opening_hypothesis,recirculating,64.95871777977636,64.95871777977636,19971.248901714527,90000.0,0.0,0.0,0.0,0.0,19.10593872950494,0.0,0.0,86666.66666666672,13.0,0.018387232530823368,0.004780680458014076,0.0,0.3452193195419859,1.0,0.990848515810368,0.985939175123488,0.9456188981335689,0.13094897999789556,0.13094897999789556,0.13094897999789556,0.0,0.0,0.0,0.0,0.0,0.02076814435424675,0.10787326404873251,0.002307571594916305,4.5064783100406665,28.7510982854787,580.9875472167652,5.287542380835275,28.620149305480805,0.02076814435424675,0.346101125663522,0.0,0.0,-926.4784528285127,0.0,7.275957614183426e-12,0.0,0.0
opening_hypothesis,recirculating,69.60247096030754,69.60247096030754,19969.193550120926,90000.0,0.0,0.0,0.0,0.0,20.61944878452772,0.0,0.0,93333.33333333339,14.0,0.019701694584025417,0.005122440591846609,0.0,0.34487755940815334,1.0,0.9901975133760484,0.9849339982592746,0.9418298217095333,0.14031022915946476,0.14031022915946476,0.14031022915946476,0.0,0.0,0.0,0.0,0.0,0.029209335934673175,0.10785541145427234,0.003245481770519241,4.5069421443639115,30.806449879079935,580.2095560276648,5.30881469746244,30.66613964992047,0.029209335934673175,0.4867735833513284,0.0,0.0,-927.8512904258477,0.0,7.275957614183426e-12,0.0,-2.7755575615628914e-17
opening_hypothesis,recirculating,74.20176614733164,74.20176614733164,19967.15787588834,90000.0,0.0,0.0,0.0,0.0,22.139052763841796,0.0,0.0,100000.00000000006,15.0,0.021003572345350895,0.005460928809791233,0.0,0.34453907119020877,1.0,0.9895531650534963,0.9839384446770847,0.9380897656870976,0.1495818563410829,0.1495818563410829,0.1495818563410829,0.0,0.0,0.0,0.0,0.0,0.03756971277149546,0.10783773103942126,0.004174412530166162,4.507401632191276,32.84212411166504,579.4390131085067,5.329980331186945,32.69254225532396,0.03756971277149546,0.6260992633369719,0.0,0.0,-929.2315687251761,0.0,7.275957614183426e-12,0.0,2.7755575615628914e-17
opening_hypothesis,recirculating,78.75761865397776,78.75761865397776,19965.1414296334,90000.0,0.0,0.0,0.0,0.0,23.664720493471982,0.0,0.0,106666.66666666673,16.0,0.02229315320961353,0.005796219834499518,0.0,0.34420378016550046,1.0,0.9889153163020697,0.9829522946044131,0.9343975027393489,0.15876590829218068,0.15876590829218068,0.15876590829218068,0.0,0.0,0.0,0.0,0.0,0.045851120484197455,0.10782021886529461,0.005094568942688604,4.50785687229928,34.85857036660493,578.6757483588059,5.351041698358172,34.69980445831275,0.045851120484197455,0.7641089228691506,0.0,0.0,-930.6192267952741,0.0,7.275957614183426e-12,0.0,0.0
opening_hypothesis,recirculating,83.2710065200853,83.2710065200853,19963.143778470105,90000.0,0.0,0.0,0.0,0.0,25.196422478401736,0.0,0.0,113333.3333333334,17.0,0.023570714021039413,0.006128385645470248,0.0,0.34387161435452973,1.0,0.9882838182908574,0.9819753363368522,0.9307518523755537,0.16786435662370952,0.16786435662370952,0.16786435662370952,0.0,0.0,0.0,0.0,0.0,0.054055336937410436,0.10780287113769793,0.006006148548601159,4.508307959844651,36.85622152990028,577.9195979226574,5.372001127087229,36.68835717327657,0.054055336937410436,0.9008321900619449,0.0,0.0,-932.0142055130111,0.0,3.637978807091713e-12,0.0,0.0
opening_hypothesis,recirculating,87.7428723903872,87.7428723903872,19961.164505178527,90000.0,0.0,0.0,0.0,0.0,26.73412987795321,0.0,0.0,120000.00000000007,18.0,0.02483652160490606,0.006457495617275576,0.0,0.3435425043827244,1.0,0.9876585276100489,0.9810073658315424,0.9271516785325266,0.17687910159433376,0.17687910159433376,0.17687910159433376,0.0,0.0,0.0,0.0,0.0,0.06218407565504982,0.10778568419983395,0.006909341739449978,4.508754986546566,38.83549482147619,577.1704038740764,5.3928608616811005,38.65861571988186,0.06218407565504982,1.0362976207914052,0.0,0.0,-933.4164474818331,0.0,3.637978807091713e-12,0.0,0.0
opening_hypothesis,recirculating,92.1741252729717,92.1741252729717,19959.20320742652,90000.0,0.0,0.0,0.0,0.0,28.277814482395932,0.0,0.0,126666.66666666674,19.0,0.026090833265293066,0.0067836166489761976,0.0,0.3432163833510238,1.0,0.9870393060007354,0.9800481863265406,0.923595887321453,0.18581197565527816,0.18581197565527816,0.18581197565527816,0.0,0.0,0.0,0.0,0.0,0.07023898901682327,0.10776865452547454,0.007804332112980361,4.50919804085728,40.79679257348727,576.4280139223927,5.4136230667945515,40.61098059783199,0.07023898901682327,1.1705327519653597,0.0,0.0,-934.8258969551018,0.0,7.275957614183426e-12,0.0,-2.7755575615628914e-17
opening_hypothesis,recirculating,96.56564218721076,96.56564218721076,19957.259497040304,90000.0,0.0,0.0,0.0,0.0,29.82744869070629,0.0,0.0,133333.33333333343,20.0,0.02733389725154522,0.007106813285401758,0.0,0.34289318671459823,1.0,0.9864260201017294,0.9790976079841125,0.9200834249181156,0.1946647467723544,0.1946647467723544,0.1946647467723544,0.0,0.0,0.0,0.0,0.0,0.07822167125381359,0.10775177871256153,0.008691296805979284,4.509637208122045,42.74050295970025,575.6922811361655,5.434289831321528,42.5458382129279,0.07822167125381359,1.3035641514448033,0.0,0.0,-936.2424997639328,0.0,3.637978807091713e-12,0.0,0.0
opening_hypothesis,recirculating,100.91826970952283,100.91826970952283,19955.33299932035,90000.0,0.0,0.0,0.0,0.0,31.383005489406298,0.0,0.0,140000.0000000001,21.0,0.0285659531958165,0.007427147830912291,0.0,0.34257285216908767,1.0,0.9858185412121095,0.9781554475561403,0.9166132755855934,0.20343912154203286,0.20343912154203286,0.20343912154203286,0.0,0.0,0.0,0.0,0.0,0.08613366125834492,0.10773505347720519,0.009570406806482766,4.510072570729101,44.66700067965732,574.9630636842151,5.454863172045668,44.46356155811529,0.08613366125834492,1.435417464870318,0.0,0.0,-937.6662032492072,0.0,7.275957614183426e-12,0.0,-2.7755575615628914e-17
opening_hypothesis,recirculating,105.23282542459857,105.23282542459857,19953.42335239901,90000.0,0.0,0.0,0.0,0.0,32.944458432415175,0.0,0.0,146666.66666666674,22.0,0.029787232523854425,0.007744680456202151,0.0,0.34225531954379784,1.0,0.9852167450683175,0.9772215280699937,0.9131844598194517,0.21213674811693975,0.21213674811693975,0.21213674811693975,0.0,0.0,0.0,0.0,0.0,0.09397644522200185,0.10771847564804882,0.010441827246889092,4.510504208250523,46.5766476009969,574.2402245924898,5.475345037067937,46.36451085287996,0.09397644522200185,1.5661174596246608,0.0,0.0,-939.0969561974619,0.0,7.275957614183426e-12,0.0,0.0
opening_hypothesis,recirculating,109.51009928905523,109.51009928905523,19951.530206636995,90000.0,0.0,0.0,0.0,0.0,34.51178162185227,0.0,0.0,153333.3333333334,23.0,0.03099795884099647,0.008059469298659082,0.0,0.3419405307013409,1.0,0.9846205116347314,0.9762956785333556,0.9097960326063119,0.22075921895482065,0.22075921895482065,0.22075921895482065,0.0,0.0,0.0,0.0,0.0,0.10175145911446176,0.10770204216097425,0.011305717679384637,4.510932197574548,48.46979336301484,573.5236315156081,5.49573730902782,48.24903414406002,0.10175145911446176,1.6956880661425051,0.0,0.0,-940.534708780381,0.0,1.0913936421275139e-11,0.0,2.7755575615628914e-17
opening_hypothesis,recirculating,113.75085491388636,113.75085491388636,19949.653224055724,90000.0,0.0,0.0,0.0,0.0,36.08494968973455,0.0,0.0,160000.00000000006,24.0,0.032198348295180604,0.008371570556746958,0.0,0.341628429443253,1.0,0.9840297249067361,0.9753777336566265,0.9064470817875052,0.2293080734038052,0.2293080734038052,0.2293080734038052,0.0,0.0,0.0,0.0,0.0,0.10946009101471461,0.10768575005412231,0.012162232334968288,4.511356613030047,50.34677594428395,572.813156522002,5.516041808132965,50.11746787088014,0.10946009101471461,1.824152416760219,0.0,0.0,-941.9794124976456,0.0,7.275957614183426e-12,0.0,-2.7755575615628914e-17
opening_hypothesis,recirculating,117.95583077153434,117.95583077153434,19947.792077803097,90000.0,0.0,0.0,0.0,0.0,37.663937780515624,0.0,0.0,166666.66666666672,25.0,0.0333886099186196,0.008681038578841095,0.0,0.34131896142115886,1.0,0.9834442727253919,0.9744675335916437,0.9031367265201831,0.23778480013572062,0.23778480013572062,0.23778480013572062,0.0,0.0,0.0,0.0,0.0,0.11710368330526313,0.10766959646320604,0.013011520367251455,4.511777526503672,52.2079221969112,572.108675891691,5.536260295011114,51.97013739677548,0.11710368330526313,1.95153288228221,0.0,0.0,-943.4310201229048,0.0,7.275957614183426e-12,0.0,0.0
opening_hypothesis,recirculating,122.12574133292563,122.12574133292563,19945.946451650216,90000.0,0.0,0.0,0.0,0.0,39.24872153441743,0.0,0.0,173333.33333333337,26.0,0.0345689459496505,0.00898792594690913,0.0,0.34101207405309086,1.0,0.9828640466028781,0.9735649236855615,0.8998641158289319,0.2461908394382181,0.2461908394382181,0.2461908394382181,0.0,0.0,0.0,0.0,0.0,0.12468353473900991,0.107653578617096,0.013853726082112208,4.512195007550214,54.053548349795975,571.4100699257882,5.556394473396828,53.807357510357754,0.12468353473900991,2.0778511064256,0.0,0.0,-944.8894856526631,0.0,1.0913936421275139e-11,0.0,-2.7755575615628914e-17
opening_hypothesis,recirculating,126.26127813936722,126.26127813936722,19944.116039516954,90000.0,0.0,0.0,0.0,0.0,40.83927707150877,0.0,0.0,180000.00000000003,27.0,0.03573955213614598,0.009292283555397955,0.0,0.340707716444602,1.0,0.9822889415579587,0.9726697542488295,0.8966284272414953,0.25452758537558756,0.25452758537558756,0.25452758537558756,0.0,0.0,0.0,0.0,0.0,0.1322009023877362,0.10763769383365845,0.014688989154192908,4.512609123496646,55.88396048305755,570.717222766921,5.576445992664601,55.62943289768196,0.1322009023877362,2.203128038291624,0.0,0.0,-946.3547642578884,0.0,1.0913936421275139e-11,0.0,0.0
opening_hypothesis,recirculating,130.3631108138033,130.3631108138033,19942.30054502439,90000.0,0.0,0.0,0.0,0.0,42.435580976488446,0.0,0.0,186666.6666666667,28.0,0.036900618021760895,0.009594160685657833,0.0,0.34040583931434215,1.0,0.9817188559607742,0.9717818803363005,0.8934288655027541,0.2627963878273298,0.2627963878273298,0.2627963878273298,0.0,0.0,0.0,0.0,0.0,0.1396570034803505,0.1076219395158292,0.015517444831150053,4.513019939540277,57.699454975623034,570.0300222298093,5.596416450218875,57.436658587795705,0.1396570034803505,2.3273839630000412,0.0,0.0,-947.8268122381597,0.0,1.4551915228366852e-11,0.0,5.551115123125783e-17
opening_hypothesis,recirculating,134.43188801556903,134.43188801556903,19940.499681072204,90000.0,0.0,0.0,0.0,0.0,44.03761028413332,0.0,0.0,193333.33333333334,29.0,0.03805232721618516,0.009893605076208142,0.0,0.34010639492379185,1.0,0.9811536913863264,0.9709011615405644,0.8902646613615606,0.2709985544128253,0.2709985544128253,0.2709985544128253,0.0,0.0,0.0,0.0,0.0,0.14705301713842692,0.10760631314790649,0.016339224126491875,4.513427518841428,59.50031892780686,569.3483596413115,5.616307393750817,59.22932037339403,0.14705301713842692,2.4506385306118843,0.0,0.0,-949.3055869781928,0.0,1.0913936421275139e-11,0.0,0.0
opening_hypothesis,recirculating,138.46823834244805,138.46823834244805,19938.71316943945,90000.0,0.0,0.0,0.0,0.0,45.64534246537441,0.0,0.0,200000.0,30.0,0.03919485765048039,0.010190662989124901,0.0,0.33980933701087507,1.0,0.9805933524760646,0.9700274617966914,0.8871350704254825,0.27913535230977415,0.27913535230977415,0.27913535230977415,0.0,0.0,0.0,0.0,0.0,0.15439008601595264,0.10759081229204899,0.017154454001772512,4.5138319226109935,61.28683056056652,568.6721296892979,5.636120323370746,61.00769520825675,0.15439008601595264,2.5729107834558507,0.0,0.0,-950.7910469065898,0.0,1.4551915228366852e-11,0.0,0.0
opening_hypothesis,recirculating,142.4727711835425,142.4727711835425,19936.940740407026,90000.0,0.0,0.0,0.0,0.0,47.25875541396678,0.0,0.0,206666.66666666666,31.0,0.04032838181849355,0.010485379272808322,0.0,0.33951462072719163,1.0,0.9800377468070383,0.9691606491976225,0.8840393720788955,0.2872080099734796,0.2872080099734796,0.2872080099734796,0.0,0.0,0.0,0.0,0.0,0.1616693178496636,0.10757543458496456,0.017963257538851505,4.51423321019324,63.05925959298777,568.0012302797651,5.655856693624476,62.77205158301429,0.1616693178496636,2.6942191819646437,0.0,0.0,-952.2831514566734,0.0,1.4551915228366852e-11,0.0,-5.551115123125783e-17
opening_hypothesis,recirculating,146.44607752619058,146.44607752619058,19935.182132400583,90000.0,0.0,0.0,0.0,0.0,48.87782743372099,0.0,0.0,213333.3333333333,32.0,0.04145306700526321,0.010777797421368435,0.0,0.33922220257863156,1.0,0.9794867847681139,0.9683005958195047,0.8809768684602034,0.29521771876349706,0.29521771876349706,0.29521771876349706,0.0,0.0,0.0,0.0,0.0,0.1688917869258478,0.10756017773477725,0.018765754102871974,4.5146314391441305,64.81786759943084,567.3355624016496,5.6755179154012785,64.52264988066734,0.1688917869258478,2.8145816291192536,0.0,0.0,-953.781861029273,0.0,1.4551915228366852e-11,0.0,5.551115123125783e-17
opening_hypothesis,recirculating,150.38873071991853,150.38873071991853,19933.437091652355,90000.0,0.0,0.0,0.0,0.0,50.50253722626608,0.0,0.0,219999.99999999997,33.0,0.04256907550326406,0.011067959630848657,0.0,0.3389320403691513,1.0,0.9789403794427979,0.9674471775563275,0.8779468834943209,0.30316563448366934,0.30316563448366934,0.30316563448366934,0.0,0.0,0.0,0.0,0.0,0.1760585354690469,0.10754503951806169,0.01956205949656076,4.515026665305495,66.56290834766003,566.6750299988383,5.695105357740407,66.25974271317635,0.1760585354690469,2.9340154935916662,0.0,0.0,-955.2871369573456,0.0,1.4551915228366852e-11,0.0,0.0
opening_hypothesis,recirculating,154.301287200188,154.301287200188,19931.70537188084,90000.0,0.0,0.0,0.0,0.0,52.132863879316,0.0,0.0,226666.66666666663,34.0,0.043676564817270995,0.011355906852490459,0.0,0.33864409314750954,1.0,0.9783984464982406,0.9666002739632634,0.8749487619768269,0.311052878841115,0.311052878841115,0.311052878841115,0.0,0.0,0.0,0.0,0.0,0.18317057495767375,0.10753001777703301,0.02035228610640819,4.515418942875295,68.2946281191783,566.0195398489165,5.714620349542737,67.98357524033719,0.18317057495767375,3.0525376316696327,0.0,0.0,-956.7989414723177,0.0,1.8189894035458565e-11,0.0,0.0
opening_hypothesis,recirculating,158.18428717449154,158.18428717449154,19929.986733987116,90000.0,0.0,0.0,0.0,0.0,53.76878685541329,0.0,0.0,233333.33333333328,35.0,0.04477568785856552,0.011641678843227036,0.0,0.33835832115677295,1.0,0.9778609040800275,0.9657597681081558,0.8719818687064704,0.318880540829314,0.318880540829314,0.318880540829314,0.0,0.0,0.0,0.0,0.0,0.19022888737118757,0.10751511041688334,0.02113654304124306,4.51580832447423,70.01326601289715,565.3690014482215,5.734064181193562,69.69438547206784,0.19022888737118757,3.1701644080408404,0.0,0.0,-958.3172376720438,0.0,1.4551915228366852e-11,0.0,0.0
opening_hypothesis,recirculating,162.03825527316062,162.03825527316062,19928.280945766826,90000.0,0.0,0.0,0.0,0.0,55.41028598112527,0.0,0.0,239999.99999999994,36.0,0.04586659312915362,0.011925314213579943,0.0,0.33807468578642,1.0,0.9773276727123938,0.9649255464306472,0.8690455876629732,0.326649678040059,0.326649678040059,0.326649678040059,0.0,0.0,0.0,0.0,0.0,0.19723442637312324,0.10750031540325539,0.021914936263680355,4.516194861208931,71.7190542331879,564.723326902811,5.75343810610205,71.39240455514785,0.19723442637312324,3.286911715508099,0.0,0.0,-959.8419894902885,0.0,1.4551915228366852e-11,0.0,5.551115123125783e-17
opening_hypothesis,recirculating,165.8637011670768,165.8637011670768,19926.587781636732,90000.0,0.0,0.0,0.0,0.0,57.0573414366696,0.0,0.0,246666.6666666666,37.0,0.04694942489661532,0.012206850473119984,0.0,0.33779314952688,1.0,0.9767986752035267,0.9640974986084706,0.8661393212272757,0.3343613179086868,0.3343613179086868,0.3343613179086868,0.0,0.0,0.0,0.0,0.0,0.2041881184339584,0.10748563075984412,0.02268756871488426,4.516578602731931,73.4122183632842,564.0824308249738,5.772743342162612,73.07785704537551,0.2041881184339584,3.4027949937019164,0.0,0.0,-961.373161667639,0.0,1.4551915228366852e-11,0.0,0.0
opening_hypothesis,recirculating,169.66112015431764,169.66112015431764,19924.907022375082,90000.0,0.0,0.0,0.0,0.0,58.70993374594775,0.0,0.0,253333.33333333326,38.0,0.04802432336016072,0.012486324073641787,0.0,0.33751367592635817,1.0,0.9762738365556394,0.9632755174304652,0.8632624894416048,0.3420164588966858,0.3420164588966858,0.3420164588966858,0.0,0.0,0.0,0.0,0.0,0.21109086389750983,0.10747105456611934,0.023454540433056642,4.51695959729863,75.09297762493475,563.4462302349463,5.791981073142903,74.75096116603807,0.21109086389750983,3.5178292468520014,0.0,0.0,-962.910719723767,0.0,1.8189894035458565e-11,0.0,-5.551115123125783e-17
opening_hypothesis,recirculating,173.43099371762395,173.43099371762395,19923.238454874874,90000.0,0.0,0.0,0.0,0.0,60.368043766965705,0.0,0.0,259999.9999999999,39.0,0.04909142480842695,0.012763770450191008,0.0,0.337236229549809,1.0,0.9757530838795305,0.9624594986759089,0.8604145293069193,0.34961607161548375,0.34961607161548375,0.34961607161548375,0.0,0.0,0.0,0.0,0.0,0.21794353799428967,0.10745658495516187,0.024215948666032182,4.517337891821424,76.76154512514167,562.8146444675178,5.811152450002904,76.41192905352618,0.21794353799428967,3.6320290606748373,0.0,0.0,-964.4546299309621,0.0,1.4551915228366852e-11,0.0,5.551115123125783e-17
opening_hypothesis,recirculating,177.17379005444022,177.17379005444022,19921.581871909257,90000.0,0.0,0.0,0.0,0.0,62.03165268262308,0.0,0.0,266666.66666666657,40.0,0.05015086176951149,0.013039224060072987,0.0,0.336960775939927,1.0,0.9752363463133557,0.9616493409997854,0.8575948941154539,0.35716109989494493,0.35716109989494493,0.35716109989494493,0.0,0.0,0.0,0.0,0.0,0.2247469918050054,0.10744222011160558,0.02497188797833393,4.517713531921174,78.4181280907592,562.1875950832293,5.830258592149307,78.06096699086426,0.2247469918050054,3.7454086184304147,0.0,0.0,-966.0048592888639,0.0,1.4551915228366852e-11,0.0,0.0
opening_hypothesis,recirculating,180.88996458115818,180.88996458115818,19919.93707190834,90000.0,0.0,0.0,0.0,0.0,63.70074199185253,0.0,0.0,273333.33333333326,41.0,0.051202763153703514,0.013312718419962915,0.0,0.3366872815800371,1.0,0.9747235549453633,0.9608449458236386,0.8548030528162716,0.3646524617998651,0.3646524617998651,0.3646524617998651,0.0,0.0,0.0,0.0,0.0,0.23150205317716654,0.10742795826968009,0.0257224503530185,4.518086561976169,80.06292809167492,561.5650057838956,5.8493005886289025,79.69827562987506,0.23150205317716654,3.85798171619748,0.0,0.0,-967.5613755003263,0.0,1.8189894035458565e-11,0.0,-5.551115123125783e-17
opening_hypothesis,recirculating,184.57996041307948,184.57996041307948,19918.303858746774,90000.0,0.0,0.0,0.0,0.0,65.37529350109247,0.0,0.0,279999.99999999994,42.0,0.05224725438934224,0.013584286141228983,0.0,0.336415713858771,1.0,0.974214642740359,0.9600462172316795,0.852038489411851,0.3720910505975186,0.3720910505975186,0.3720910505975186,0.0,0.0,0.0,0.0,0.0,0.238209527597554,0.10741379771134753,0.026467725288617107,4.518457025168741,81.6961412532439,560.9468023321947,5.868279499264666,81.32405020264638,0.238209527597554,3.9697617774132374,0.0,0.0,-969.1241469483505,0.0,1.8189894035458565e-11,0.0,-5.551115123125783e-17
opening_hypothesis,recirculating,188.24420882150952,188.24420882150952,19916.68204154142,90000.0,0.0,0.0,0.0,0.0,67.05528931607728,0.0,0.0,286666.6666666666,43.0,0.05328445755220206,0.013853958963572537,0.0,0.3361460410364274,1.0,0.973709544469683,0.9592530618718454,0.8493007023838874,0.3794777356791046,0.3794777356791046,0.3794777356791046,0.0,0.0,0.0,0.0,0.0,0.24487019902311888,0.10739973676452805,0.027207799891457645,4.5188249635296485,83.31795845860105,560.3329124750884,5.887196355737828,82.93848072292195,0.24487019902311888,4.080761866720276,0.0,0.0,-970.6931426740283,0.0,1.8189894035458565e-11,0.0,0.0
opening_hypothesis,recirculating,191.88312966929914,191.88312966929914,19915.071434458583,90000.0,0.0,0.0,0.0,0.0,68.74071183392986,0.0,0.0,293333.3333333333,44.0,0.05431449148877708,0.014121767787082042,0.0,0.33587823221291796,1.0,0.9732081966444978,0.9584653888615234,0.8465892041466111,0.3868133634377467,0.3868133634377467,0.3868133634377467,0.0,0.0,0.0,0.0,0.0,0.2514848306727036,0.10738577380140939,0.02794275896363373,4.519190417980379,84.92856554143435,559.723265870854,5.9060521626190114,84.5417521779966,0.2514848306727036,4.190994703160605,0.0,0.0,-972.2683323554406,0.0,1.8189894035458565e-11,0.0,-5.551115123125783e-17
opening_hypothesis,recirculating,195.49713182606126,195.49713182606126,19913.471856530257,90000.0,0.0,0.0,0.0,0.0,70.43154373554268,0.0,0.0,300000.0,45.0,0.05533747193381244,0.014387742702791235,0.0,0.3356122572972087,1.0,0.9727105374521954,0.9576831096976728,0.8439035205260337,0.39409875810552036,0.39409875810552036,0.39409875810552036,0.0,0.0,0.0,0.0,0.0,0.25805416578181695,0.10737190723683487,0.028672685086868543,4.519553428373474,86.52814346976207,559.1177940195207,5.924847898351379,86.13404471165656,0.25805416578181695,4.300472672753979,0.0,0.0,-973.8496862874599,0.0,1.8189894035458565e-11,0.0,0.0
opening_hypothesis,recirculating,199.08661356420862,199.08661356420862,19911.883131478797,90000.0,0.0,0.0,0.0,0.0,72.12776797823336,0.0,0.0,306666.6666666667,46.0,0.056353511622406906,0.014651913021825795,0.0,0.3353480869781742,1.0,0.9722165066957518,0.9569061381711006,0.8412431902636509,0.40133472255181685,0.40133472255181685,0.40133472255181685,0.0,0.0,0.0,0.0,0.0,0.26457892832254576,0.10735813552676605,0.029397658702505075,4.5199140335309895,88.11686852122138,558.5164301965202,5.943584516188438,87.71553379866955,0.26457892832254576,4.409207840495225,0.0,0.0,-975.4371753624094,0.0,1.8189894035458565e-11,0.0,-5.551115123125783e-17
opening_hypothesis,recirculating,202.65196293688308,202.65196293688308,19910.305087549677,90000.0,0.0,0.0,0.0,0.0,73.82936778866295,0.0,0.0,313333.3333333334,47.0,0.057362720396989586,0.014914307303217293,0.0,0.3350856926967827,1.0,0.9717260457358591,0.956134390284655,0.8386077645432107,0.40852203904520384,0.40852203904520384,0.40852203904520384,0.0,0.0,0.0,0.0,0.0,0.27105982369054926,0.10734445716681576,0.030117758187838798,4.520272271281209,89.69491245034196,557.9191093893692,5.962262945089112,89.28639041129675,0.27105982369054926,4.517211961803003,0.0,0.0,-977.0307710515312,0.0,1.8189894035458565e-11,0.0,5.551115123125783e-17
opening_hypothesis,recirculating,206.19355813877675,206.19355813877675,19908.737557351767,90000.0,0.0,0.0,0.0,0.0,75.53632665600429,0.0,0.0,320000.00000000006,48.0,0.05836520530945412,0.015174953380458071,0.0,0.33482504661954193,1.0,0.9712390974356858,0.9553677841751234,0.8359968065392743,0.4156614699807972,0.4156614699807972,0.4156614699807972,0.0,0.0,0.0,0.0,0.0,0.27749753936095467,0.10733087069084764,0.030833059928994953,4.520628178493689,91.26244264824753,557.32576823722,5.980884090572307,90.84678117826674,0.27749753936095467,4.62449649345031,0.0,0.0,-978.6304453872253,0.0,1.4551915228366852e-11,0.0,0.0
opening_hypothesis,recirculating,209.71176785078117,209.71176785078117,19907.18037770482,90000.0,0.0,0.0,0.0,0.0,77.2486283253498,0.0,0.0,326666.66666666674,49.0,0.05936107071871511,0.01543387838686593,0.0,0.33456612161313404,1.0,0.9707556061081186,0.9546062400386296,0.8334098909863452,0.4227537585750327,0.4227537585750327,0.4227537585750327,0.0,0.0,0.0,0.0,0.0,0.283892745514855,0.1073173746696383,0.03154363839053943,4.520981791112724,92.8196222951995,556.7363449731193,5.999448835533344,92.39686853662447,0.283892745514855,4.731072604005059,0.0,0.0,-980.236170946016,0.0,1.8189894035458565e-11,0.0,0.0
opening_hypothesis,recirculating,213.20695156934033,213.20695156934033,19905.633389493647,90000.0,0.0,0.0,0.0,0.0,78.96625679134745,0.0,0.0,333333.33333333343,50.0,0.060350418383934935,0.015691108779823083,0.0,0.3343088912201769,1.0,0.9702755174653519,0.9538496800593438,0.8308466037674579,0.42979962952960177,0.42979962952960177,0.42979962952960177,0.0,0.0,0.0,0.0,0.0,0.2902460956380029,0.10730396770959852,0.03224956618200032,4.521333144189359,94.3666105063705,556.1507793688305,6.017958041024175,93.93681087684091,0.2902460956380029,4.836951183807318,0.0,0.0,-981.8479208322115,0.0,1.8189894035458565e-11,0.0,0.0
opening_hypothesis,recirculating,216.67945992132806,216.67945992132806,19904.096437528806,90000.0,0.0,0.0,0.0,0.0,80.6891962920555,0.0,0.0,340000.0000000001,51.0,0.06133334755365299,0.015946670363949776,0.0,0.3340533296360502,1.0,0.9697987785706993,0.9530980283413243,0.8283065415211552,0.43679978966620675,0.43679978966620675,0.43679978966620675,0.0,0.0,0.0,0.0,0.0,0.2965582270931896,0.10729064845155172,0.0329509141214655,4.52168227191196,95.90356247121098,555.5690126820803,6.036412546999423,95.46676268154476,0.2965582270931896,4.942142854508004,0.0,0.0,-983.4656686622188,0.0,1.8189894035458565e-11,0.0,-5.551115123125783e-17
opening_hypothesis,recirculating,220.1296349652192,220.1296349652192,19902.56937041327,90000.0,0.0,0.0,0.0,0.0,82.41743130300584,0.0,0.0,346666.6666666668,52.0,0.06230995505103528,0.016200588313269173,0.0,0.33379941168673083,1.0,0.9693253377925077,0.9523512108433261,0.8257893112658747,0.44375492853368603,0.44375492853368603,0.44375492853368603,0.0,0.0,0.0,0.0,0.0,0.3028297616677094,0.10727741556956447,0.033647751296412155,4.522029207635476,97.43062958674913,554.990987606102,6.054813173030013,96.98687465821544,0.3028297616677094,5.0466579781923775,0.0,0.0,-985.0893885494847,0.0,1.8189894035458565e-11,0.0,0.0
opening_hypothesis,recirculating,223.55781047927516,223.55781047927516,19901.05204041487,90000.0,0.0,0.0,0.0,0.0,84.15094653146743,0.0,0.0,353333.3333333335,53.0,0.06328033535544834,0.01645288719241657,0.0,0.3335471128075834,1.0,0.9688551447600651,0.9516091553164219,0.823294530040815,0.4506657189889612,0.4506657189889612,0.4506657189889612,0.0,0.0,0.0,0.0,0.0,0.30906130609722005,0.10726426776982782,0.03434014512191333,4.522373983909436,98.9479595851436,554.4166482213545,6.0731607189861005,98.49729386615464,0.30906130609722005,5.1505066661101715,0.0,0.0,-986.7190550900285,0.0,1.4551915228366852e-11,0.0,-5.551115123125783e-17
opening_hypothesis,recirculating,226.96431223742147,226.96431223742147,19899.544303344224,90000.0,0.0,0.0,0.0,0.0,85.88972691090086,0.0,0.0,360000.0000000002,54.0,0.0642445806805492,0.01670359097694279,0.0,0.3332964090230572,1.0,0.9683881503213945,0.9508717912442859,0.8208218245624135,0.45753281775317317,0.45753281775317317,0.45753281775317317,0.0,0.0,0.0,0.0,0.0,0.3152534525672273,0.10725120378958729,0.03502816139635858,4.522716632504746,100.45569665578837,553.8459399493036,6.091455965690897,99.9981638380352,0.3152534525672273,5.253698787032842,0.0,0.0,-988.3546433485393,0.0,1.0913936421275139e-11,0.0,0.0
opening_hypothesis,recirculating,230.34945827345243,230.34945827345243,19898.046018437763,90000.0,0.0,0.0,0.0,0.0,87.63375759559626,0.0,0.0,366666.66666666686,55.0,0.06520278104907117,0.016952723072758503,0.0,0.33304727692724145,1.0,0.9679243065028413,0.9501390497860044,0.8183708308956154,0.46435686594428727,0.46435686594428727,0.46435686594428727,0.0,0.0,0.0,0.0,0.0,0.3214067791933538,0.10723822239611633,0.03571186435481708,4.523057184439364,101.9539815622513,553.2788095081571,6.109699675546914,101.48962469630702,0.3214067791933538,5.356243975257241,0.0,0.0,-989.9961288450104,0.0,1.4551915228366852e-11,0.0,0.0
opening_hypothesis,recirculating,233.7135591341601,233.7135591341601,19896.557048245704,90000.0,0.0,0.0,0.0,0.0,89.38302395548666,0.0,0.0,373333.33333333355,56.0,0.06615502436447467,0.017200306334763413,0.0,0.33279969366523654,1.0,0.9674635664703571,0.949410863721284,0.8159411941391758,0.47113848958737065,0.47113848958737065,0.47113848958737065,0.0,0.0,0.0,0.0,0.0,0.3275218504814724,0.10722532238573464,0.036391316720163595,4.523395670002885,103.44295175431046,552.7152048704585,6.127892593136003,102.97181326472308,0.3275218504814724,5.458151638273738,0.0,0.0,-991.6434875418843,0.0,1.4551915228366852e-11,0.0,0.0
opening_hypothesis,recirculating,237.05691812194942,237.05691812194942,19895.077258524678,90000.0,0.0,0.0,0.0,0.0,91.13751157112941,0.0,0.0,380000.00000000023,57.0,0.06710139647962192,0.0174463630847017,0.0,0.33255363691529827,1.0,0.9670058844923981,0.9486871673979361,0.8135325681242676,0.4778783001036754,0.4778783001036754,0.4778783001036754,0.0,0.0,0.0,0.0,0.0,0.3335992177687283,0.10721250258286619,0.037066579752080914,4.523732118780119,104.92274147533688,552.1550752224391,6.146035445794528,104.44486317523321,0.3335992177687283,5.559430964115857,0.0,0.0,-993.2966958316848,0.0,1.4551915228366852e-11,0.0,0.0
opening_hypothesis,recirculating,240.379831527467,240.379831527467,19893.606518134755,90000.0,0.0,0.0,0.0,0.0,92.8972062288491,0.0,0.0,386666.6666666669,58.0,0.06804198126262488,0.01769091512828247,0.0,0.3323090848717175,1.0,0.9665512159043531,0.9479678966815221,0.8111446151257219,0.4845768947795901,0.4845768947795901,0.4845768947795901,0.0,0.0,0.0,0.0,0.0,0.33963941964640837,0.10719976183913638,0.037737713294045364,4.52406655967369,106.39348186525748,551.5983709250457,6.164128944164949,105.90890497047789,0.33963941964640837,5.660090928407395,0.0,0.0,-994.955730525113,0.0,1.0913936421275139e-11,0.0,0.0
opening_hypothesis,recirculating,243.68258885274142,243.68258885274142,19892.144698940694,90000.0,0.0,0.0,0.0,0.0,94.66209391603498,0.0,0.0,393333.3333333336,59.0,0.06897686066000745,0.01793398377160194,0.0,0.33206601622839804,1.0,0.9660995170744282,0.9472529889070531,0.8087770055852658,0.4912348572164643,0.4912348572164643,0.4912348572164643,0.0,0.0,0.0,0.0,0.0,0.3456429823655625,0.10718709903250602,0.038404775818395825,4.524399020925719,107.8553010593182,551.0450434765559,6.182173782724925,107.36406620210172,0.3456429823655625,5.760140301122099,0.0,0.0,-996.6205688395842,0.0,1.0913936421275139e-11,0.0,0.0
opening_hypothesis,recirculating,246.96547302530243,246.96547302530243,19890.691675717157,90000.0,0.0,0.0,0.0,0.0,96.43216081658679,0.0,0.0,400000.0000000003,60.0,0.06990611475731402,0.018175589836901648,0.0,0.3318244101630983,1.0,0.965650745370914,0.9465423828326422,0.8064294178461555,0.49785275776224663,0.49785275776224663,0.49785275776224663,0.0,0.0,0.0,0.0,0.0,0.35161042022622574,0.10717451306644026,0.039067824469580625,4.524729530138628,109.30832428285431,550.4950454767059,6.200170640295097,108.81047152509207,0.35161042022622574,5.859587653070052,0.0,0.0,-998.2911883881881,0.0,1.0913936421275139e-11,0.0,0.0
opening_hypothesis,recirculating,250.22876060372087,250.22876060372087,19889.247326057746,90000.0,0.0,0.0,0.0,0.0,98.20739330650309,0.0,0.0,406666.666666667,61.0,0.0708298218372898,0.018415753677695348,0.0,0.33158424632230465,1.0,0.9652048591307677,0.9458360185950138,0.8041015378986424,0.5044311539258288,0.5044311539258288,0.5044311539258288,0.0,0.0,0.0,0.0,0.0,0.35754223595104606,0.10716200286911094,0.03972691510567178,4.525058114295113,110.7526739422637,549.9483305922556,6.218120180526571,110.24824278833788,0.35754223595104606,5.958441362124183,0.0,0.0,-999.9675671690502,0.0,1.0913936421275139e-11,0.0,0.0
opening_hypothesis,recirculating,253.4727219749844,253.4727219749844,19887.811530287643,90000.0,0.0,0.0,0.0,0.0,99.9877779496063,0.0,0.0,413333.33333333366,62.0,0.0717480584357499,0.018654495193294974,0.0,0.331345504806705,1.0,0.9647618176294476,0.9451338376667795,0.8017930591357344,0.5109705907749316,0.5109705907749316,0.5109705907749316,0.0,0.0,0.0,0.0,0.0,0.363438921044071,0.10714956739263047,0.0403821023382301,4.525384799777329,112.18846971236634,549.404853523921,6.2360230523691245,111.67749912159141,0.363438921044071,6.0567096191994425,0.0,0.0,-1001.6496835550781,0.0,1.0913936421275139e-11,0.0,0.0
opening_hypothesis,recirculating,256.69762154410216,256.69762154410216,19886.384171379686,90000.0,0.0,0.0,0.0,0.0,101.7733014933991,0.0,0.0,420000.00000000035,63.0,0.07266089939524896,0.01889183384276473,0.0,0.33110816615723526,1.0,0.9643215810519387,0.9444357828153979,0.7995036821187668,0.5174716013183246,0.5174716013183246,0.5174716013183246,0.0,0.0,0.0,0.0,0.0,0.3693009561354076,0.10713720561231617,0.041033439570600835,4.525709612385303,113.61582862032448,548.8645699746088,6.253879890520938,113.09835701900616,0.3693009561354076,6.154400433996567,0.0,0.0,-1003.3375162840739,0.0,1.0913936421275139e-11,0.0,0.0
opening_hypothesis,recirculating,259.90371791630776,259.90371791630776,19884.96513487372,90000.0,0.0,0.0,0.0,0.0,103.56395086504722,0.0,0.0,426666.66666666704,64.0,0.0735684179166556,0.019127788658330456,0.0,0.3308722113416695,1.0,0.9638841104649115,0.9437417980637339,0.7972331143522893,0.5239347068731265,0.5239347068731265,0.5239347068731265,0.0,0.0,0.0,0.0,0.0,0.3751288113124293,0.10712491652598279,0.041680979034714356,4.526032577354657,115.0348651262867,548.3274366188913,6.2716913158609096,114.51093041941358,0.3751288113124293,6.251521640521634,0.0,0.0,-1005.0310444491969,0.0,7.275957614183426e-12,0.0,0.0
opening_hypothesis,recirculating,263.09126407221083,263.09126407221083,19883.5543087991,90000.0,0.0,0.0,0.0,0.0,105.35971316748332,0.0,0.0,433333.3333333338,65.0,0.07447068560873078,0.019362378258270006,0.0,0.33063762174172995,1.0,0.9634493677899637,0.943051828652147,0.7949810700678392,0.5303604174178883,0.5303604174178883,0.5303604174178883,0.0,0.0,0.0,0.0,0.0,0.38092294643816266,0.10711269915326319,0.04232477182646251,4.526353719373612,116.44569120091099,547.7934110736621,6.289457935864219,115.9153307834931,0.38092294643816266,6.34808090239198,0.0,0.0,-1006.7302474897626,0.0,1.0913936421275139e-11,0.0,-1.1102230246251565e-16
opening_hypothesis,recirculating,266.2605075362268,266.2605075362268,19882.151583600098,90000.0,0.0,0.0,0.0,0.0,107.1605756756278,0.0,0.0,440000.00000000047,66.0,0.07536777253580365,0.01959562085930895,0.0,0.33040437914069104,1.0,0.96301731577789,0.9423658210020325,0.7927472700161718,0.5367492319321288,0.5367492319321288,0.5367492319321288,0.0,0.0,0.0,0.0,0.0,0.386683811457457,0.10710055253495437,0.04296486793971743,4.526673062599372,117.84841639991271,547.2624518699182,6.30718034500201,117.31166716798057,0.386683811457457,6.4440857179385205,0.0,0.0,-1008.4351051823605,0.0,1.0913936421275139e-11,0.0,0.0
opening_hypothesis,recirculating,269.41169053859727,269.41169053859727,19880.756852064238,90000.0,0.0,0.0,0.0,0.0,108.96652583272169,0.0,0.0,446666.66666666715,67.0,0.07625974726363308,0.019827534288544602,0.0,0.33017246571145537,1.0,0.9625879179839345,0.9416837226807512,0.7905314412675502,0.5431016387229475,0.5431016387229475,0.5431016387229475,0.0,0.0,0.0,0.0,0.0,0.39241184669150275,0.10708847573238883,0.04360131629905585,4.526990630673863,119.2431479357758,546.7345184256161,6.324859125125908,118.70004629705285,0.39241184669150275,6.539543425113893,0.0,0.0,-1010.1455976322791,0.0,1.4551915228366852e-11,0.0,0.0
opening_hypothesis,recirculating,272.5450501712966,272.5450501712966,19879.370009253256,90000.0,0.0,0.0,0.0,0.0,110.77755124676754,0.0,0.0,453333.33333333384,68.0,0.07714667690353855,0.020058135994920023,0.0,0.32994186400507997,1.0,0.9621611387439807,0.9410054823678823,0.7883333170197234,0.5494181157393134,0.5494181157393134,0.5494181157393134,0.0,0.0,0.0,0.0,0.0,0.39810748312123545,0.1070764678268296,0.04423416479124837,4.52730644673889,120.62999074675778,546.2095710195517,6.342494845838038,120.08057263101847,0.39810748312123545,6.634461206215389,0.0,0.0,-1011.8617052652235,0.0,1.4551915228366852e-11,0.0,0.0
opening_hypothesis,recirculating,275.66081853810266,275.66081853810266,19877.990952436703,90000.0,0.0,0.0,0.0,0.0,112.5936396870743,0.0,0.0,460000.0000000005,69.0,0.0780286271548793,0.020287443060268615,0.0,0.32971255693973134,1.0,0.9617369431516343,0.9403310498227393,0.7861526364132306,0.5556991308745903,0.5556991308745903,0.5556991308745903,0.0,0.0,0.0,0.0,0.0,0.40377114266013253,0.10706452791888754,0.04486346029557027,4.527620533450717,122.00904756331205,545.6875707662189,6.3600880648472655,121.45334843243747,0.40377114266013253,6.728846092431108,0.0,0.0,-1013.5834088193145,0.0,1.4551915228366852e-11,0.0,0.0
opening_hypothesis,recirculating,278.7592228990977,278.7592228990977,19876.61958102797,90000.0,0.0,0.0,0.0,0.0,114.41477908090225,0.0,0.0,466666.6666666672,70.0,0.07890566234595676,0.02051547220994876,0.0,0.3294845277900512,1.0,0.9613152970361598,0.9396603758530919,0.7839891443536997,0.5619451422578331,0.5619451422578331,0.5619451422578331,0.0,0.0,0.0,0.0,0.0,0.4094032384168848,0.10705265512796105,0.04548924871298719,4.527932912994123,123.3804189720448,545.1684795915996,6.377639328312218,122.81847382978697,0.4094032384168848,6.822704968217385,0.0,0.0,-1015.3106893373562,0.0,1.4551915228366852e-11,0.0,0.0
opening_hypothesis,recirculating,281.8404858098483,281.8404858098483,19875.2557965227,90000.0,0.0,0.0,0.0,0.0,116.24095751020435,0.0,0.0,473333.3333333339,71.0,0.07977784547341084,0.02074223982308682,0.0,0.32925776017691316,1.0,0.9608961669412323,0.9389934122850387,0.7818425913408193,0.568156598534357,0.568156598534357,0.568156598534357,0.0,0.0,0.0,0.0,0.0,0.4150041749483953,0.10704084859169548,0.04611157499426614,4.528243607095918,124.74420347731672,544.652260209847,6.395149171171732,124.17604687878236,0.4150041749483953,6.9160445755150075,0.0,0.0,-1017.0435281593607,0.0,1.4551915228366852e-11,0.0,1.1102230246251565e-16
opening_hypothesis,recirculating,284.9048252555019,284.9048252555019,19873.89950243942,90000.0,0.0,0.0,0.0,0.0,118.07216320846038,0.0,0.0,480000.0000000006,72.0,0.08064523824017739,0.020967761942446123,0.0,0.3290322380575539,1.0,0.9604795201044668,0.9383301119339821,0.7797127333036858,0.5743339391360611,0.5743339391360611,0.5743339391360611,0.0,0.0,0.0,0.0,0.0,0.4205743485035381,0.10702910746546328,0.04673048316705978,4.528552637037988,126.10049756059503,544.1388761008195,6.412618117463241,125.52616362145896,0.4205743485035381,7.008871517811462,0.0,0.0,-1018.7819069153202,0.0,1.4551915228366852e-11,0.0,0.0
opening_hypothesis,recirculating,287.95245478002533,287.95245478002533,19872.55060426236,90000.0,0.0,0.0,0.0,0.0,119.9083845576006,0.0,0.0,486666.66666666727,73.0,0.0815079010920704,0.021192054283938305,0.0,0.32880794571606164,1.0,0.9600653244376931,0.937670428576652,0.7775993314422313,0.5804775945419575,0.5804775945419575,0.5804775945419575,0.0,0.0,0.0,0.0,0.0,0.426114147258086,0.1070174309218619,0.04734601636200954,4.5288600236698535,127.44939573765508,543.6282914884284,6.430046680629709,126.86891814311312,0.426114147258086,7.101192264056003,0.0,0.0,-1020.525807518216,0.0,1.4551915228366852e-11,0.0,0.0
opening_hypothesis,recirculating,290.9835836107971,290.9835836107971,19871.20900938629,90000.0,0.0,0.0,0.0,0.0,121.74961008501575,0.0,0.0,493333.33333333395,74.0,0.0823658932530492,0.021415132245792792,0.0,0.3285848677542072,1.0,0.9596535485079407,0.9370143169241388,0.7755021520744805,0.5865879865293336,0.5865879865293336,0.5865879865293336,0.0,0.0,0.0,0.0,0.0,0.43162395154119254,0.10700581815023076,0.047958216837910274,4.529165787420783,128.79099061372574,543.120471319765,6.44743536381546,128.2044026271964,0.43162395154119254,7.1930131524339735,0.0,0.0,-1022.275212157253,0.0,1.4551915228366852e-11,0.0,1.1102230246251565e-16
opening_hypothesis,recirculating,293.99841677875696,293.99841677875696,19869.874627063346,90000.0,0.0,0.0,0.0,0.0,123.59582846065011,0.0,0.0,500000.00000000064,75.0,0.08321927275922805,0.021637010917399294,0.0,0.3283629890826007,1.0,0.9592441615191043,0.9363617325958845,0.7734209664893507,0.5926655284159605,0.5926655284159605,0.5926655284159605,0.0,0.0,0.0,0.0,0.0,0.4371041340537981,0.10699426835618484,0.048567126005977554,4.52946994831147,130.1253729366681,542.6153812449709,6.4647846601516274,129.53270740825215,0.4371041340537981,7.284340394006545,0.0,0.0,-1024.0301032913148,0.0,1.4551915228366852e-11,0.0,0.0
opening_hypothesis,recirculating,296.99715523430353,296.99715523430353,19868.54736835174,90000.0,0.0,0.0,0.0,0.0,125.44702849417492,0.0,0.0,506666.6666666673,76.0,0.08406809649168208,0.02185770508783734,0.0,0.3281422949121626,1.0,0.9588371332942605,0.935712632094596,0.7713555508047832,0.5987106252937278,0.5987106252937278,0.5987106252937278,0.0,0.0,0.0,0.0,0.0,0.44255506007930656,0.1069827807611649,0.04917278445325628,4.529772525965306,131.45263164827256,542.1129875978208,6.482095053031405,130.85392102297882,0.44255506007930656,7.3751800762216435,0.0,0.0,-1025.7904636426247,0.0,1.4551915228366852e-11,0.0,1.1102230246251565e-16
opening_hypothesis,recirculating,299.9799959591227,299.9799959591227,19867.22714606626,90000.0,0.0,0.0,0.0,0.0,127.30319913223921,0.0,0.0,513333.333333334,77.0,0.08491242020810147,0.022077229254106382,0.0,0.3279227707458936,1.0,0.9584324342586075,0.9350669727820401,0.7693056858309538,0.6047236742540761,0.6047236742540761,0.6047236742540761,0.0,0.0,0.0,0.0,0.0,0.44797708768686534,0.10697135460200363,0.049775231965207244,4.530073539619249,132.77285393375467,541.6132573769884,6.499367016375715,132.1681302595006,0.44797708768686534,7.46553816630161,0.0,0.0,-1027.556276190609,0.0,1.4551915228366852e-11,0.0,-1.1102230246251565e-16
opening_hypothesis,recirculating,302.94713207411974,302.94713207411974,19865.91387473049,90000.0,0.0,0.0,0.0,0.0,129.16432945579524,0.0,0.0,520000.00000000064,78.0,0.08575229857334285,0.02229559762906914,0.0,0.32770440237093085,1.0,0.9580300354230004,0.9344247128556791,0.7672711569383475,0.6107050646055765,0.6107050646055765,0.6107050646055765,0.0,0.0,0.0,0.0,0.0,0.4533705679275626,0.10695998913050687,0.05037450754750694,4.530373008134315,134.08612526952652,541.1161582279622,6.516601014889662,133.47542020492094,0.4533705679275626,7.55542051451283,0.0,0.0,-1029.3275241659537,0.0,1.4551915228366852e-11,0.0,1.1102230246251565e-16
opening_hypothesis,recirculating,305.89875294361934,305.89875294361934,19864.607470530696,90000.0,0.0,0.0,0.0,0.0,131.03040867749615,0.0,0.0,526666.6666666673,79.0,0.08658778518892406,0.022512824149120255,0.0,0.3274871758508797,1.0,0.9576299083680586,0.9337858113261169,0.7652517539304957,0.6166551780839833,0.6166551780839833,0.6166551780839833,0.0,0.0,0.0,0.0,0.0,0.4587358450238408,0.10694868361304911,0.05097064944709341,4.530670950005718,135.39252946931623,540.6216584255907,6.5337975043101,134.77587429123224,0.4587358450238408,7.6448328573223066,0.0,0.0,-1031.1041910448453,0.0,1.0913936421275139e-11,0.0,0.0
opening_hypothesis,recirculating,308.83504427598996,308.83504427598996,19863.30785127131,90000.0,0.0,0.0,0.0,0.0,132.9014261391634,0.0,0.0,533333.333333334,80.0,0.08741893262150698,0.022728922481591814,0.0,0.32727107751840817,1.0,0.9572320252288199,0.9331502279953182,0.7632472709211715,0.6225743890550826,0.6225743890550826,0.6225743890550826,0.0,0.0,0.0,0.0,0.0,0.4640732565524094,0.10693743733018328,0.05156369517248992,4.530967383372641,136.69214872870484,540.129726857222,6.550956931644767,136.06957433964976,0.4640732565524094,7.733780820445902,0.0,0.0,-1032.8862605433887,0.0,1.4551915228366852e-11,0.0,0.0
opening_hypothesis,recirculating,311.7561882208408,311.7561882208408,19862.01493633187,90000.0,0.0,0.0,0.0,0.0,134.77737130932115,0.0,0.0,540000.0000000006,81.0,0.08824579243041011,0.02294390603190663,0.0,0.3270560939680933,1.0,0.956836358679919,0.9325179234355686,0.7612575062158559,0.6284630647106285,0.6284630647106285,0.6284630647106285,0.0,0.0,0.0,0.0,0.0,0.4693831336209286,0.1069262495762634,0.0521536815134365,4.531262326027696,137.98506366814632,539.6403330064214,6.5680797354032805,137.3566006034357,0.4693831336209286,7.822269921792775,0.0,0.0,-1034.6737166121998,0.0,1.8189894035458565e-11,0.0,1.1102230246251565e-16
opening_hypothesis,recirculating,314.6623634629331,314.6623634629331,19860.72864662548,90000.0,0.0,0.0,0.0,0.0,136.65823378079614,0.0,0.0,546666.6666666672,82.0,0.08906841519419118,0.023157787950489707,0.0,0.32684221204951025,1.0,0.9564428819212693,0.9318888589691479,0.7592822621973019,0.6343215652576576,0.6343215652576576,0.6343215652576576,0.0,0.0,0.0,0.0,0.0,0.4746658010387197,0.10691511965908018,0.05274064455985773,4.531555795426057,139.27135337453328,539.1534469372375,6.58516634582033,138.6370318092756,0.4746658010387197,7.9103055743102635,0.0,0.0,-1036.466543431157,0.0,1.4551915228366852e-11,0.0,0.0
opening_hypothesis,recirculating,317.5537453129407,317.5537453129407,19859.448904558645,90000.0,0.0,0.0,0.0,0.0,138.54400326837973,0.0,0.0,553333.3333333338,83.0,0.08988685053633771,0.023370581139447805,0.0,0.3266294188605522,1.0,0.9560515686642255,0.931262996648683,0.7573213452150167,0.6401502441014508,0.6401502441014508,0.6401502441014508,0.0,0.0,0.0,0.0,0.0,0.4799215774817475,0.1069040468995092,0.05332461972019415,4.531847808694274,140.5510954413679,538.6690392789965,6.602217185071435,139.91094519726644,0.4799215774817475,7.997893088733322,0.0,0.0,-1038.2647254043177,0.0,1.4551915228366852e-11,0.0,-1.1102230246251565e-16
opening_hypothesis,recirculating,320.43050579518604,320.43050579518604,19858.175633992418,90000.0,0.0,0.0,0.0,0.0,140.4346696065514,0.0,0.0,560000.0000000005,84.0,0.0907011471501018,0.02358229825902647,0.0,0.3264177017409735,1.0,0.9556623931182103,0.9306402992381574,0.7553745654785057,0.6459494480223996,0.6459494480223996,0.6459494480223996,0.0,0.0,0.0,0.0,0.0,0.48515077565210674,0.10689303063116996,0.053905641739122954,4.532138382638819,141.8243660075946,538.1870812116034,6.619232667481542,141.17841655957218,0.48515077565210674,8.085037676242358,0.0,0.0,-1040.0682471549803,0.0,1.0913936421275139e-11,0.0,0.0
opening_hypothesis,recirculating,323.2928137324766,323.2928137324766,19856.90876020486,90000.0,0.0,0.0,0.0,0.0,142.33022274726048,0.0,0.0,566666.6666666671,85.0,0.09151135282251377,0.023792951733853582,0.0,0.3262070482661464,1.0,0.9552753299777841,0.9300207301945482,0.7534417369541306,0.6517195173470248,0.6517195173470248,0.6517195173470248,0.0,0.0,0.0,0.0,0.0,0.49035370243223486,0.10688207020009723,0.05448374471469275,4.532427533754326,143.09123979514905,537.7075444513295,6.636213199726681,142.43952027780202,0.49035370243223486,8.171744451033193,0.0,0.0,-1041.8770935208986,0.0,1.0913936421275139e-11,0.0,0.0
opening_hypothesis,recirculating,326.1408348281548,326.1408348281548,19855.64820985474,90000.0,0.0,0.0,0.0,0.0,144.23065275776474,0.0,0.0,573333.3333333337,86.0,0.09231751445760733,0.024002553758977908,0.0,0.32599744624102206,1.0,0.95489035441014,0.929404253650065,0.7515226772654218,0.6574607861133807,0.6574607861133807,0.6574607861133807,0.0,0.0,0.0,0.0,0.0,0.49553065903406257,0.10687116496442234,0.055058962114895825,4.532715278231575,144.35179014527395,537.230401237065,6.653159181029086,143.69432935916058,0.49553065903406257,8.258018432802652,0.0,0.0,-1043.6912495496333,0.0,1.0913936421275139e-11,0.0,-1.1102230246251565e-16
opening_hypothesis,recirculating,328.97473174547446,328.97473174547446,19854.39391094636,90000.0,0.0,0.0,0.0,0.0,146.13594981852407,0.0,0.0,580000.0000000003,87.0,0.09311967809888787,0.024211116305710847,0.0,0.32578888369428916,1.0,0.9545074420430092,0.9287908343949681,0.7496172075967126,0.663173582231067,0.663173582231067,0.663173582231067,0.0,0.0,0.0,0.0,0.0,0.5006819411433017,0.10686031429406512,0.05563132679370018,4.533001631965211,145.6060890536514,536.7556243170219,6.670071003345958,144.94291547142035,0.5006819411433017,8.343864549153121,0.0,0.0,-1045.5107004940423,0.0,1.0913936421275139e-11,0.0,0.0
opening_hypothesis,recirculating,331.7946641844083,331.7946641844083,19853.14579279561,90000.0,0.0,0.0,0.0,0.0,148.04610422114717,0.0,0.0,586666.666666667,88.0,0.0939178889510736,0.024418651127279138,0.0,0.32558134887272083,1.0,0.9541265689529579,0.9281804378609437,0.7477251525999632,0.668858227636065,0.668858227636065,0.668858227636065,0.0,0.0,0.0,0.0,0.0,0.5058078390590656,0.10684951757043655,0.056200871006562826,4.533286610561212,146.8542072043985,536.283186935865,6.686949051552136,146.18534897676244,0.5058078390590656,8.429287637919327,0.0,0.0,-1047.335431807899,0.0,1.0913936421275139e-11,0.0,0.0
opening_hypothesis,recirculating,334.6007889559873,334.6007889559873,19851.90378599704,90000.0,0.0,0.0,0.0,0.0,149.9611063663898,0.0,0.0,593333.3333333336,89.0,0.09471219140113814,0.024625169764295917,0.0,0.32537483023570407,1.0,0.9537477116540622,0.927573030105012,0.7458463403046491,0.6745150384405956,0.6745150384405956,0.6745150384405956,0.0,0.0,0.0,0.0,0.0,0.5109086378290015,0.10683877418614944,0.056767626425444605,4.53357022934412,148.0962140029702,535.8130628222586,6.70379370361688,147.4216989645296,0.5109086378290015,8.51429244942031,0.0,0.0,-1049.1654291416407,0.0,1.0913936421275139e-11,0.0,0.0
opening_hypothesis,recirculating,337.39326005426835,337.39326005426835,19850.667822392,90000.0,0.0,0.0,0.0,0.0,151.8809467622028,0.0,0.0,600000.0000000002,90.0,0.09550262903868158,0.02483068355005721,0.0,0.3251693164499428,1.0,0.9533708470869461,0.9269685777939495,0.7439806020305813,0.6801443250781984,0.6801443250781984,0.6801443250781984,0.0,0.0,0.0,0.0,0.0,0.5159846173801128,0.10682808354473983,0.05733162415334585,4.5338525033640416,149.3321776080128,535.3452261768081,6.72060533077511,148.6520332829346,0.5159846173801128,8.59888364863958,0.0,0.0,-1051.0006783382346,0.0,1.0913936421275139e-11,0.0,0.0
opening_hypothesis,recirculating,340.17222872602116,340.17222872602116,19849.437835037803,90000.0,0.0,0.0,0.0,0.0,153.80561602182811,0.0,0.0,606666.6666666669,91.0,0.09628924467565618,0.025035203615670607,0.0,0.32496479638432935,1.0,0.9529959526081665,0.926367048189204,0.7421277723035602,0.6857463924442114,0.6857463924442114,0.6857463924442114,0.0,0.0,0.0,0.0,0.0,0.5210360526454335,0.10681744506039655,0.05789289473838148,4.534133447403429,150.5621649622076,534.879651660386,6.737384297693144,149.8764185697634,0.5210360526454335,8.68306581733615,0.0,0.0,-1052.8411654291633,0.0,1.0913936421275139e-11,0.0,-1.1102230246251565e-16
opening_hypothesis,recirculating,342.9378435382231,342.9378435382231,19848.213758177866,90000.0,0.0,0.0,0.0,0.0,155.73510486194212,0.0,0.0,613333.3333333335,92.0,0.09707208036547144,0.025238740895022573,0.0,0.3247612591049774,1.0,0.9526230059799352,0.9257684091322865,0.7402876887737382,0.6913215400318331,0.6913215400318331,0.6913215400318331,0.0,0.0,0.0,0.0,0.0,0.5260632136867207,0.106806858157699,0.058451468187413404,4.534413075983635,151.78624182214443,534.4163143828238,6.754130962629317,151.0949202821126,0.5260632136867207,8.7668434560892,0.0,0.0,-1054.6868766305242,0.0,1.0913936421275139e-11,0.0,0.0
opening_hypothesis,recirculating,345.69025044344403,345.69025044344403,19846.995527212748,90000.0,0.0,0.0,0.0,0.0,157.66940410084342,0.0,0.0,620000.0000000001,93.0,0.09785117742150196,0.02544130612959051,0.0,0.3245586938704095,1.0,0.9522519853601622,0.9251726290306161,0.7384601921365956,0.6968700620639299,0.6968700620639299,0.6968700620639299,0.0,0.0,0.0,0.0,0.0,0.5310663658133095,0.10679632227136382,0.059007373979256594,4.534691403371285,153.0044727872617,533.9551898919576,6.770845677589527,152.30760272519777,0.5310663658133095,8.850220986278801,0.0,0.0,-1056.537798339236,0.0,1.0913936421275139e-11,0.0,0.0
opening_hypothesis,recirculating,348.4295928432027,348.4295928432027,19845.783078672124,90000.0,0.0,0.0,0.0,0.0,159.60850465668508,0.0,0.0,626666.6666666667,94.0,0.09862657643502111,0.02564290987310549,0.0,0.3243570901268945,1.0,0.9518828692928094,0.9245796768438075,0.7366451260564222,0.7023922476207555,0.7023922476207555,0.7023922476207555,0.0,0.0,0.0,0.0,0.0,0.5360457696972808,0.10678583684599902,0.05956064107747563,4.534968443584433,154.21692132788795,533.496254163014,6.787528788478039,153.51452908026718,0.5360457696972808,8.933202752005183,0.0,0.0,-1058.3939171293512,0.0,1.0913936421275139e-11,0.0,1.1102230246251565e-16
opening_hypothesis,recirculating,351.1560116493696,351.1560116493696,19844.57635018759,90000.0,0.0,0.0,0.0,0.0,161.55239754574913,0.0,0.0,633333.3333333334,95.0,0.09939831729258168,0.025843562496071237,0.0,0.32415643750392875,1.0,0.9515156366985427,0.9239895220703788,0.7348423370922168,0.7078883807637311,0.7078883807637311,0.7078883807637311,0.0,0.0,0.0,0.0,0.0,0.5410016814850788,0.10677540133586587,0.06011129794278651,4.535244210398536,155.42364981241917,533.0394835883227,6.8041806352435845,154.71576143165544,0.5410016814850788,9.015793021948838,0.0,0.0,-1060.2552197484715,0.0,1.0913936421275139e-11,0.0,0.0
opening_hypothesis,recirculating,353.8696453436896,353.8696453436896,19843.37528046635,90000.0,0.0,0.0,0.0,0.0,163.50107388076228,0.0,0.0,640000.0,96.0,0.10016643919286454,0.02604327419014478,0.0,0.3239567258098552,1.0,0.9511502668656715,0.9234021347348682,0.733051674625904,0.713358740655437,0.713358740655437,0.713358740655437,0.0,0.0,0.0,0.0,0.0,0.5459343529057107,0.1067650152046474,0.06065937254507894,4.535518717352246,156.62471953366406,532.5848549673449,6.820801552021056,155.9113607930086,0.5459343529057107,9.097995991173669,0.0,0.0,-1062.1216931142599,0.0,1.4551915228366852e-11,0.0,0.0
opening_hypothesis,recirculating,356.57063003549524,356.57063003549524,19842.179809265624,90000.0,0.0,0.0,0.0,0.0,165.4545248692515,0.0,0.0,646666.6666666666,97.0,0.10093098066301477,0.02624205497238384,0.0,0.3237579450276161,1.0,0.9507867394413646,0.9228174853753416,0.7312729907927896,0.7188036016759541,0.7188036016759541,0.7188036016759541,0.0,0.0,0.0,0.0,0.0,0.5508440313756559,0.10675467792522536,0.06120489237507286,4.535791977753021,157.820190734388,532.1323454970033,6.837391867268866,157.10138713271206,0.5508440313756559,9.179815782875304,0.0,0.0,-1063.9933243110474,0.0,1.0913936421275139e-11,0.0,0.0
opening_hypothesis,recirculating,359.259099517675,359.259099517675,19840.98987736793,90000.0,0.0,0.0,0.0,0.0,167.41274181193845,0.0,0.0,653333.3333333333,98.0,0.10169197957448423,0.0264399146893659,0.0,0.32356008531063407,1.0,0.9504250344231326,0.9222355450312767,0.729506140414162,0.7242232335356906,0.7242232335356906,0.7242232335356906,0.0,0.0,0.0,0.0,0.0,0.5557309601006053,0.10674438897946262,0.06174788445562279,4.536064004682575,159.0101226320851,531.6819327623062,6.853951903902212,158.28589939854942,0.5557309601006053,9.261256450076587,0.0,0.0,-1065.8701005865332,0.0,1.4551915228366852e-11,0.0,0.0
opening_hypothesis,recirculating,361.935185320963,361.935185320963,19839.805426557006,90000.0,0.0,0.0,0.0,0.0,169.3757161011714,0.0,0.0,659999.9999999999,99.0,0.1024494731583987,0.026636863021183663,0.0,0.3233631369788163,1.0,0.9500651321505669,0.9216562852318128,0.7277509809319693,0.7296179013848229,0.7296179013848229,0.7296179013848229,0.0,0.0,0.0,0.0,0.0,0.5605953781741475,0.10673414785799232,0.06228837535268304,4.536334811002154,160.1945734430071,531.2335947272525,6.870481979422304,159.4649555416223,0.5605953781741475,9.342321977272167,0.0,0.0,-1067.7520093485705,0.0,1.4551915228366852e-11,0.0,0.0
opening_hypothesis,recirculating,364.59901676660957,364.59901676660957,19838.62639959454,90000.0,0.0,0.0,0.0,0.0,171.3434392193938,0.0,0.0,666666.6666666665,100.0,0.1032034980204669,0.026832909485321393,0.0,0.32316709051467857,1.0,0.9497070132973257,0.9210796779843488,0.7260073723454868,0.7349878659194728,0.7349878659194728,0.7349878659194728,0.0,0.0,0.0,0.0,0.0,0.5654375206735127,0.10672395406001427,0.06282639118594584,4.5366044093576665,161.3736004054755,530.787309726006,6.886982406041792,160.63861253955605,0.5654375206735127,9.423016282024088,0.0,0.0,-1069.639038162041,0.0,1.8189894035458565e-11,0.0,1.1102230246251565e-16
opening_hypothesis,recirculating,367.25072101749157,367.25072101749157,19837.452740197514,90000.0,0.0,0.0,0.0,0.0,173.31590273764772,0.0,0.0,673333.3333333331,101.0,0.10395409015544774,0.027028063440416413,0.0,0.32297193655958356,1.0,0.9493506588633586,0.9205056957634811,0.7242751771499059,0.7403333834847409,0.7403333834847409,0.7403333834847409,0.0,0.0,0.0,0.0,0.0,0.5702576187524806,0.10671380709309576,0.0633619576391645,4.536872812184651,162.5472598025036,530.3430564543345,6.903453490806481,161.80692641901885,0.5702576187524806,9.503343216510089,0.0,0.0,-1071.531174745809,0.0,1.8189894035458565e-11,0.0,0.0
opening_hypothesis,recirculating,369.89042312771886,369.89042312771886,19836.284393016263,90000.0,0.0,0.0,0.0,0.0,175.29309831411214,0.0,0.0,679999.9999999998,102.0,0.10470128496119196,0.02722233408990991,0.0,0.32277766591009005,1.0,0.9489960501673608,0.919934311500265,0.722554260276776,0.7456547061747059,0.7456547061747059,0.7456547061747059,0.0,0.0,0.0,0.0,0.0,0.5750558997315532,0.10670370647298003,0.06389509997017258,4.537140031713106,163.71560698375228,529.9008139612976,6.919895535713454,162.96995227757756,0.5750558997315532,9.583306569026334,0.0,0.0,-1073.4284069697571,0.0,1.4551915228366852e-11,0.0,0.0
opening_hypothesis,recirculating,372.51824609078983,372.51824609078983,19835.12130361317,90000.0,0.0,0.0,0.0,0.0,177.27501769267445,0.0,0.0,686666.6666666664,103.0,0.1054451172522731,0.027415730485591008,0.0,0.322584269514409,1.0,0.9486431688394485,0.9193654985717912,0.7208444890362288,0.7509520819295014,0.7509520819295014,0.7509520819295014,0.0,0.0,0.0,0.0,0.0,0.5798325871854924,0.10669365172339869,0.06442584302061025,4.5374060799721745,164.87869638684413,529.4605616411794,6.936308837825777,164.12774430491461,0.5798325871854924,9.66291006544623,0.0,0.0,-1075.3307228518995,0.0,1.4551915228366852e-11,0.0,0.0
opening_hypothesis,recirculating,375.134310886348,375.134310886348,19833.96341844196,90000.0,0.0,0.0,0.0,0.0,179.26165270153393,0.0,0.0,693333.333333333,104.0,0.10618562127322229,0.027608261531037796,0.0,0.3223917384689622,1.0,0.9482919968140487,0.9187992307910653,0.7191457330609199,0.7562257546295711,0.7562257546295711,0.7562257546295711,0.0,0.0,0.0,0.0,0.0,0.584587901028312,0.10668364237589102,0.064954211225368,4.537670968794692,166.03658155805803,529.0222792256557,6.952693689383877,165.28035580342845,0.584587901028312,9.74215737063682,0.0,0.0,-1077.2381105555685,0.0,1.8189894035458565e-11,0.0,0.0
opening_hypothesis,recirculating,377.7387365255888,377.7387365255888,19832.81068482759,90000.0,0.0,0.0,0.0,0.0,181.2529952518372,0.0,0.0,699999.9999999997,105.0,0.10692283071138131,0.027799935984959143,0.0,0.3222000640150408,1.0,0.9479425163229938,0.9182354823971789,0.7174578642516329,0.761475964187204,0.761475964187204,0.761475964187204,0.0,0.0,0.0,0.0,0.0,0.5893220575958192,0.10667367796962694,0.06548022862175769,4.537934709821609,167.1893151724267,528.5859467761854,6.969050377913702,166.42783920823948,0.5893220575958192,9.821052089834327,0.0,0.0,-1079.1505583866742,0.0,1.4551915228366852e-11,0.0,1.1102230246251565e-16
opening_hypothesis,recirculating,380.331640095364,380.331640095364,19831.663050946758,90000.0,0.0,0.0,0.0,0.0,183.24903733634386,0.0,0.0,706666.6666666663,106.0,0.10765677870938661,0.02799076246444052,0.0,0.32200923753555943,1.0,0.9475947098888163,0.9176742280457632,0.7157807567244786,0.7667029466354423,0.7667029466354423,0.7667029466354423,0.0,0.0,0.0,0.0,0.0,0.5940352697257846,0.10666375805123718,0.0660039188584205,4.53819731450628,168.33694905325711,528.1515446766232,6.985379186331802,167.57024610662168,0.5940352697257846,9.899597769980199,0.0,0.0,-1081.068054791035,0.0,1.4551915228366852e-11,0.0,0.0
opening_hypothesis,recirculating,382.91313680102786,382.91313680102786,19830.520465808917,90000.0,0.0,0.0,0.0,0.0,185.2497710281217,0.0,0.0,713333.3333333329,107.0,0.1083874978772975,0.02818074944809735,0.0,0.32181925055190264,1.0,0.9472485603182351,0.9171154427997137,0.7141142867596375,0.771906934214456,0.771906934214456,0.771906934214456,0.0,0.0,0.0,0.0,0.0,0.5987277468358292,0.10665388217464573,0.066525305203981,4.5384587941186325,169.47953419109507,527.7190536260398,7.001680393047424,168.7076272568806,0.5987277468358292,9.977797901019093,0.0,0.0,-1082.990588351774,0.0,1.0913936421275139e-11,0.0,0.0
opening_hypothesis,recirculating,385.4833400080709,385.4833400080709,19829.38287923786,90000.0,0.0,0.0,0.0,0.0,187.25518847927108,0.0,0.0,719999.9999999995,108.0,0.1091150203043809,0.028369905279139036,0.0,0.32163009472086096,1.0,0.9469040506958262,0.9165591021201793,0.7124583327515912,0.7770881554554699,0.7770881554554699,0.7770881554554699,0.0,0.0,0.0,0.0,0.0,0.6033996949991045,0.10664404990090934,0.06704441055545604,4.538719159749219,170.61712076215196,527.2884546317478,7.01795427206172,169.8400326066965,0.6033996949991045,10.055655917160076,0.0,0.0,-1084.9181477867824,0.0,1.0913936421275139e-11,0.0,0.0
opening_hypothesis,recirculating,388.04236128258,388.04236128258,19828.2502418538,90000.0,0.0,0.0,0.0,0.0,189.26528191967697,0.0,0.0,726666.6666666662,109.0,0.10983937757056406,0.028558238168346656,0.0,0.3214417618316533,1.0,0.9465611643778734,0.9160051818578039,0.710812775160789,0.7822468352623273,0.7822468352623273,0.7822468352623273,0.0,0.0,0.0,0.0,0.0,0.6080513170178403,0.10663426079806027,0.06756125744642669,4.538978422313155,171.7497581462129,526.859729002523,7.034201093064173,170.96751131095058,0.6080513170178403,10.13317519810231,0.0,0.0,-1086.8507219462458,0.0,1.0913936421275139e-11,0.0,0.0
opening_hypothesis,recirculating,390.5903104305671,390.5903104305671,19827.12250505597,90000.0,0.0,0.0,0.0,0.0,191.2800436557883,0.0,0.0,733333.3333333328,110.0,0.11056060075756696,0.028745756196967412,0.0,0.3212542438030326,1.0,0.9462198849863914,0.9154536582442135,0.7091774964667049,0.7873831949907716,0.7873831949907716,0.7873831949907716,0.0,0.0,0.0,0.0,0.0,0.6126828124948364,0.10662451444095344,0.0680758680549818,4.53923659255395,172.87749494404403,526.4328583420148,7.050421121526301,172.09011174905325,0.6126828124948364,10.210359070226447,0.0,0.0,-1088.7882998102332,0.0,1.4551915228366852e-11,0.0,0.0
opening_hypothesis,recirculating,393.1272955362042,393.1272955362042,19825.9996210057,90000.0,0.0,0.0,0.0,0.0,193.2994660694239,0.0,0.0,739999.9999999994,111.0,0.11127872045972506,0.028932467319528518,0.0,0.32106753268047145,1.0,0.9458801964033157,0.9149045078837396,0.707552381122224,0.7924974525255233,0.7924974525255233,0.7924974525255233,0.0,0.0,0.0,0.0,0.0,0.6172943779029645,0.10661481041111828,0.06858826421144049,4.539493681047222,174.00037899431504,526.0078245423421,7.066614618792853,173.20788154178953,0.6172943779029645,10.287210807752903,0.0,0.0,-1090.7308704863422,0.0,1.4551915228366852e-11,0.0,0.0
opening_hypothesis,recirculating,395.653422999001,395.653422999001,19824.88154260996,90000.0,0.0,0.0,0.0,0.0,195.32354161660393,0.0,0.0,746666.666666666,112.0,0.11199376679451285,0.029118379366573344,0.0,0.3208816206334266,1.0,0.9455420827648534,0.9143577077453725,0.7059373155093311,0.7975898223552261,0.7975898223552261,0.7975898223552261,0.0,0.0,0.0,0.0,0.0,0.62188620665275,0.10660514829661501,0.06909846740586109,4.5397496982043215,175.11845739005472,525.5846097778623,7.082781842170389,174.32086756769948,0.62188620665275,10.363733633868078,0.0,0.0,-1092.6784232074071,0.0,1.4551915228366852e-11,0.0,0.0
opening_hypothesis,recirculating,398.1687975699612,398.1687975699612,19823.76822350536,90000.0,0.0,0.0,0.0,0.0,197.35226282640664,0.0,0.0,753333.3333333327,113.0,0.11270576941277827,0.02930350004732235,0.0,0.3206964999526776,1.0,0.9452055284559908,0.9138132351549343,0.704332187896044,0.8026605156453334,0.8026605156453334,0.8026605156453334,0.0,0.0,0.0,0.0,0.0,0.6264584891580957,0.10659552769189368,0.06960649879534395,4.540004654275848,176.2317764946536,525.1631964991166,7.098923045013493,175.42911597900826,0.6264584891580957,10.439930721819664,0.0,0.0,-1094.6309473292583,0.0,1.4551915228366852e-11,0.0,1.1102230246251565e-16
opening_hypothesis,recirculating,400.6735223867517,400.6735223867517,19822.659618042588,90000.0,0.0,0.0,0.0,0.0,199.38562229984916,0.0,0.0,759999.9999999993,114.0,0.11341475750869769,0.029487836952261398,0.0,0.32051216304773855,1.0,0.9448705181051505,0.9132710677874664,0.7027368883945504,0.807709740309005,0.807709740309005,0.807709740309005,0.0,0.0,0.0,0.0,0.0,0.6310114129002122,0.1065859481976581,0.07011237921113467,4.540258559355072,177.34038195743014,524.7435674269356,7.115038476808633,176.53267221712113,0.6310114129002122,10.515805195982036,0.0,0.0,-1096.5884323285384,0.0,1.8189894035458565e-11,0.0,0.0
opening_hypothesis,recirculating,403.16769900791644,403.16769900791644,19821.555681271246,90000.0,0.0,0.0,0.0,0.0,201.423612708792,0.0,0.0,766666.6666666659,115.0,0.11412075982946052,0.029671397555659736,0.0,0.32032860244434025,1.0,0.944537036578995,0.9127311836598243,0.7011513089205162,0.8127377010760786,0.8127377010760786,0.8127377010760786,0.0,0.0,0.0,0.0,0.0,0.6355451624898109,0.10657640942073321,0.07061612916553452,4.54051142338127,178.4443187287741,524.3257055467086,7.13112838325573,177.63158102769802,0.6355451624898109,10.591360132892698,0.0,0.0,-1098.5508678005706,0.0,1.8189894035458565e-11,0.0,0.0
opening_hypothesis,recirculating,405.65142744616725,405.65142744616725,19820.456368925137,90000.0,0.0,0.0,0.0,0.0,203.466226794867,0.0,0.0,773333.3333333326,116.0,0.11482380468469247,0.029854189218020043,0.0,0.32014581078197996,1.0,0.9442050689773706,0.9121935611234705,0.6995753431535141,0.8177445995601795,0.8177445995601795,0.8177445995601795,0.0,0.0,0.0,0.0,0.0,0.6400599197276196,0.10656691097393561,0.07111776885862438,4.540763256142961,179.5436310748811,523.9095941028063,7.147193006347574,178.72588647532092,0.6400599197276196,10.666598562260779,0.0,0.0,-1100.5182434572775,0.0,1.8189894035458565e-11,0.0,0.0
opening_hypothesis,recirculating,408.12551708131684,408.12551708131684,19819.361322768156,90000.0,0.0,0.0,0.0,0.0,205.51341726256646,0.0,0.0,779999.9999999992,117.0,0.11552412117766608,0.030036271506193184,0.0007251670630459981,0.31998006447990157,1.002900668252184,0.943874505664206,0.9117060719997105,0.6981488959589861,0.8227320673738849,0.8227320673738849,0.8227320673738849,0.0,0.0,0.0,0.0,0.0,0.6445571558547387,0.10655744975750854,0.07161746176163762,4.541014139371357,180.63867723186382,523.4950974957816,7.161796042278255,179.81594516448993,0.6445571558547387,10.74154500231922,0.0,0.0,-1102.4904874849185,0.0,2.1827872842550278e-11,0.0,0.0
opening_hypothesis,recirculating,410.61417384325694,410.61417384325694,19818.259829117927,90000.0,0.0,0.0,0.0,0.0,207.56381947885922,0.0,0.0,786666.6666666658,118.0,0.11622856104555776,0.030219425871845017,0.004378901965284194,0.31987982005565996,1.0175156078611367,0.9435421127893024,0.9114112354578234,0.6972873513232016,0.8277489007671447,0.8277489007671447,0.8277489007671447,0.0,0.0,0.0,0.0,0.0,0.6490808708048501,0.10654793320620023,0.07212009675609443,4.541266527738612,181.7401708820916,523.0781603851699,7.17064491491462,180.91242198132446,0.6490808708048501,10.816932711962826,0.0,0.0,-1104.4655019915676,0.0,1.8189894035458565e-11,0.0,-1.1102230246251565e-16
opening_hypothesis,recirculating,413.1290417624446,413.1290417624446,19817.14673426029,90000.0,0.0,0.0,0.0,0.0,209.61678383399695,0.0,0.0,793333.3333333324,119.0,0.11694042025083302,0.030404509265216588,0.008057547828916276,0.3197792300754978,1.032230191315665,0.9432063379796676,0.9111153825749936,0.6964237296819741,0.8328185727080768,0.8328185727080768,0.8328185727080768,0.0,0.0,0.0,0.0,0.0,0.6536522303147649,0.10653831680278245,0.07262802559052942,4.541521602825202,182.85326573973168,522.6568319883288,7.179537093434882,182.0204471670236,0.6536522303147649,10.893114418195557,0.0,0.0,-1106.4422846404727,0.0,1.8189894035458565e-11,0.0,0.0
opening_hypothesis,recirculating,415.6700313928666,415.6700313928666,19816.02207778455,90000.0,0.0,0.0,0.0,0.0,211.6723227862853,0.0,0.0,799999.9999999991,120.0,0.11765967347487874,0.030591515103468473,0.011760599185335369,0.31967831580723455,1.0470423967413414,0.9428671968656416,0.9108185759036311,0.6955582217508302,0.8379409028842518,0.8379409028842518,0.8379409028842518,0.0,0.0,0.0,0.0,0.0,0.6582710717847517,0.10652860090119433,0.07314123019830573,4.541779356458109,183.9779222154694,522.2311272905961,7.188470847795039,183.13998131258515,0.6582710717847517,10.970087411292887,0.0,0.0,-1108.4208505996637,0.0,1.8189894035458565e-11,0.0,0.0
opening_hypothesis,recirculating,418.23704517369504,418.23704517369504,19814.885902871694,90000.0,0.0,0.0,0.0,0.0,213.73044829573263,0.0,0.0,806666.6666666657,121.0,0.11838629310210012,0.03078043620654603,0.015487539329074623,0.3195770987056902,1.0619501573162986,0.9425247061789697,0.9105208785461476,0.694691019102617,0.8431156946247483,0.8431156946247483,0.8431156946247483,0.0,0.0,0.0,0.0,0.0,0.6629372178644486,0.1065187858864721,0.07365969087382761,4.5420397796465055,185.11409712832696,521.8010626368249,7.197444421347011,184.27098143370222,0.6629372178644486,11.047848735711035,0.0,0.0,-1110.401214784693,0.0,2.1827872842550278e-11,0.0,0.0
opening_hypothesis,recirculating,420.82997749140225,420.82997749140225,19813.738256266864,90000.0,0.0,0.0,0.0,0.0,215.79117181655812,0.0,0.0,813333.3333333323,122.0,0.11912024923750299,0.03097126480175078,0.019237840725922266,0.3194756003927515,1.076951362903689,0.9421788837420412,0.9102223540963281,0.6938223139843568,0.8483427350253679,0.8483427350253679,0.8483427350253679,0.0,0.0,0.0,0.0,0.0,0.6676504765657773,0.1065088721745043,0.07418338628508635,4.542302862587478,186.26174373315578,521.3666557209779,7.206456032362102,185.4134009981304,0.6676504765657773,11.126395191968678,0.0,0.0,-1112.3833918492608,0.0,2.1827872842550278e-11,0.0,0.0
opening_hypothesis,recirculating,423.4487147500979,423.4487147500979,19812.57918824825,90000.0,0.0,0.0,0.0,0.0,217.8545042901399,0.0,0.0,819999.999999999,123.0,0.11986150972660332,0.031163992528916867,0.023010965433750283,0.3193738426372285,1.0920438617350012,0.9418297484559947,0.9099230665800839,0.6929522991337655,0.8536217950904273,0.8536217950904273,0.8536217950904273,0.0,0.0,0.0,0.0,0.0,0.6724106413908051,0.10649886021175495,0.07471229348786722,4.542568594672576,187.42081175176813,520.9279255743422,7.215503875591896,186.5671899566777,0.6724106413908051,11.205723338777766,0.0,0.0,-1114.3673961760335,0.0,1.8189894035458565e-11,0.0,1.1102230246251565e-16
opening_hypothesis,recirculating,426.0931354499423,426.0931354499423,19811.408752592375,90000.0,0.0,0.0,0.0,0.0,219.92045613841415,0.0,0.0,826666.6666666656,124.0,0.12061004017762308,0.031358610446182,0.026806365535249215,0.31927184733454134,1.107225462140997,0.9414773202877147,0.9096230803957098,0.6920811675958101,0.8589526298908295,0.8589526298908295,0.8589526298908295,0.0,0.0,0.0,0.0,0.0,0.6772174914742866,0.10648875047495568,0.07524638794158738,4.542836964495181,188.59124740764327,520.484892552394,7.224586123863588,187.73229477775243,0.6772174914742866,11.285829495418986,0.0,0.0,-1116.3532418676664,0.0,1.8189894035458565e-11,0.0,0.0
opening_hypothesis,recirculating,428.76311027347214,428.76311027347214,19810.227006535883,90000.0,0.0,0.0,0.0,0.0,221.9890372577343,0.0,0.0,833333.3333333322,125.0,0.12136580398592553,0.03155510903634064,0.030623483581731344,0.31916963648627994,1.1224939343269253,0.9411216202557445,0.9093224602537646,0.6912091125396849,0.864334978738087,0.864334978738087,0.864334978738087,0.0,0.0,0.0,0.0,0.0,0.6820707917405873,0.10647854347076784,0.0757856435267319,4.543107959858652,189.77299346413577,520.0375783203338,7.233700929706611,188.90865848539767,0.6820707917405873,11.366709744356886,0.0,0.0,-1118.3409427380489,0.0,1.8189894035458565e-11,0.0,0.0
opening_hypothesis,recirculating,431.45850217966137,431.45850217966137,19809.03401073391,90000.0,0.0,0.0,0.0,0.0,224.06025701319913,0.0,0.0,839999.9999999988,126.0,0.12212876236064009,0.03175347821376642,0.03446175304714964,0.3190672321796767,1.1378470121885986,0.9407626704151448,0.9090212711166962,0.6903363270765723,0.8697685653739357,0.8697685653739357,0.8697685653739357,0.0,0.0,0.0,0.0,0.0,0.6869702930746688,0.10646823973541483,0.07633003256385207,4.543381567785271,190.96598926610736,519.5860058373303,7.242846427007453,190.09622070073343,0.6869702930746688,11.448359934089355,0.0,0.0,-1120.330512303781,0.0,1.8189894035458565e-11,0.0,-1.1102230246251565e-16
opening_hypothesis,recirculating,434.1791665055191,434.1791665055191,19807.829829215123,90000.0,0.0,0.0,0.0,0.0,226.13412423345727,0.0,0.0,846666.6666666655,127.0,0.12289887435342078,0.0319537073318894,0.03832059879145219,0.3189646565670342,1.1532823951658089,0.940400493841327,0.9087195781383359,0.6894630040785604,0.8752530981751457,0.8752530981751457,0.8752530981751457,0.0,0.0,0.0,0.0,0.0,0.6919157325067746,0.10645783983428513,0.07687952583408605,4.543657774525935,192.17017078489474,519.1301993394977,7.252020732689347,191.2949176867196,0.6919157325067746,11.530775682225398,0.0,0.0,-1122.3219637759032,0.0,1.8189894035458565e-11,0.0,-1.1102230246251565e-16
opening_hypothesis,recirculating,436.9249510750178,436.9249510750178,19806.614529333496,90000.0,0.0,0.0,0.0,0.0,228.21064720599526,0.0,0.0,853333.3333333322,128.0,0.12367609688927937,0.032155785191212635,0.04219943753238315,0.3188619318451483,1.1687977501295326,0.9400351146128948,0.9084174466033775,0.6885893359990686,0.8807882703731068,0.8807882703731068,0.8807882703731068,0.0,0.0,0.0,0.0,0.0,0.6969068334104394,0.10644734436150767,0.07743409260115991,4.54393656557058,193.3854706665218,518.6701843216468,7.261221948413623,192.5046823961487,0.6969068334104394,11.61395237878497,0.0,0.0,-1124.3153100518816,0.0,1.8189894035458565e-11,0.0,-1.1102230246251565e-16
opening_hypothesis,recirculating,439.6956963151263,439.6956963151263,19805.38818171696,90000.0,0.0,0.0,0.0,0.0,230.2898336729145,0.0,0.0,859999.9999999988,129.0,0.12446038479942971,0.03235970004785173,0.04609767832482322,0.31875908023476845,1.1843907132992928,0.9396665577935284,0.9081149418669661,0.6877155146951395,0.8863737602877368,0.8863737602877368,0.8863737602877368,0.0,0.0,0.0,0.0,0.0,0.7019433057134129,0.10643675393950026,0.07799370063482364,4.544217925659347,194.61181828305655,518.2059875178452,7.270448162299308,193.7254445227688,0.7019433057134129,11.697885189714025,0.0,0.0,-1126.3105637078718,0.0,1.8189894035458565e-11,0.0,0.0
opening_hypothesis,recirculating,442.4912353787106,442.4912353787106,19804.150860213005,90000.0,0.0,0.0,0.0,0.0,232.37169082720231,0.0,0.0,866666.6666666655,130.0,0.12525169085607615,0.0325654396225798,0.05001472304675359,0.3186561239601345,1.2000588921870143,0.9392948494129455,0.9078121292945133,0.6868417312519359,0.892009231575235,0.892009231575235,0.892009231575235,0.0,0.0,0.0,0.0,0.0,0.7070248461210696,0.106426069218491,0.07855831623567439,4.544501838794415,195.84913978700763,517.7376368808276,7.279697450657643,194.9571305554324,0.7070248461210696,11.782569060607624,0.0,0.0,-1128.307736991266,0.0,1.4551915228366852e-11,0.0,0.0
opening_hypothesis,recirculating,445.3113942740539,445.3113942740539,19802.902641831362,90000.0,0.0,0.0,0.0,0.0,234.45622530950078,0.0,0.0,873333.3333333321,131.0,0.1260499658090755,0.032772991110359626,0.053949966890922386,0.31855308522863063,1.2157998675636896,0.93892001644698,0.9075090742018549,0.6859681758097734,0.8976943334891797,0.8976943334891797,0.8976943334891797,0.0,0.0,0.0,0.0,0.0,0.7121511383518483,0.10641529087601502,0.07912790426131645,4.544788288252517,197.09735816865071,517.2651615602964,7.288967879738134,196.19966383516154,0.7121511383518483,11.867998720633551,0.0,0.0,-1130.3068418135385,0.0,1.4551915228366852e-11,0.0,0.0
opening_hypothesis,recirculating,448.1559920007342,448.1559920007342,19801.643606683843,90000.0,0.0,0.0,0.0,0.0,236.54344320537658,0.0,0.0,879999.9999999987,132.0,0.12685515842439843,0.03298234119034359,0.0579027988612846,0.31844998621059545,1.2316111954451383,0.9385420867968145,0.907205841795869,0.6850950373940153,0.9034287011544401,0.9034287011544401,0.9034287011544401,0.0,0.0,0.0,0.0,0.0,0.7173218533842485,0.10640441961638619,0.07970242815380536,4.545077256598105,198.3563933161686,516.7885918801569,7.29825750748268,197.45296461501417,0.7173218533842485,11.9541686866485,0.0,0.0,-1132.3078897433993,0.0,1.0913936421275139e-11,0.0,0.0
opening_hypothesis,recirculating,451.02484069158794,451.02484069158794,19800.37383792153,90000.0,0.0,0.0,0.0,0.0,238.63335004309317,0.0,0.0,886666.6666666653,133.0,0.12766721552431393,0.03319347603632162,0.061872602273288765,0.3183468490193258,1.2474904090931551,0.9381610892674095,0.9069024971156642,0.684222503748134,0.9092119558533582,0.9092119558533582,0.9092119558533582,0.0,0.0,0.0,0.0,0.0,0.7225366497148906,0.10639345617014648,0.08028184996832116,4.545368725697122,199.62616207848527,516.3079593147348,7.3075643852844205,198.7169501226319,0.7225366497148906,12.041073267498652,0.0,0.0,-1134.3108920002658,0.0,1.4551915228366852e-11,0.0,0.0
opening_hypothesis,recirculating,453.9177457604788,453.9177457604788,19799.093421669346,90000.0,0.0,0.0,0.0,0.0,240.72595079188713,0.0,0.0,893333.333333332,134.0,0.12848608202921674,0.03340638132759635,0.06585875525708651,0.31824369569131294,1.263435021028346,0.9377770535451697,0.9065991049744498,0.6833507611702387,0.9150437053236339,0.9150437053236339,0.9150437053236339,0.0,0.0,0.0,0.0,0.0,0.7277951736271273,0.10638240129349243,0.08086613040301413,4.545662676731373,200.90657833066896,515.8232964640182,7.316886559747875,199.99153462534534,0.7277951736271273,12.128706568496076,0.0,0.0,-1136.3158594480624,0.0,1.4551915228366852e-11,0.0,0.0
opening_hypothesis,recirculating,456.8345060555814,456.8345060555814,19797.802446958238,90000.0,0.0,0.0,0.0,0.0,242.82124986074794,0.0,0.0,899999.9999999986,135.0,0.12931170100101583,0.03362104226026412,0.06986063126273902,0.3181405481667458,1.279442525050956,0.937390010174891,0.9062957299021936,0.6824799943533483,0.9209235440673254,0.9209235440673254,0.9209235440673254,0.0,0.0,0.0,0.0,0.0,0.7330970594696803,0.10637125576768068,0.08145522882996446,4.545959090213456,202.19755304177673,515.334637027978,7.3262220744470525,201.2766294977094,0.7330970594696803,12.217062496062221,0.0,0.0,-1138.322802589357,0.0,1.4551915228366852e-11,0.0,-1.1102230246251565e-16
opening_hypothesis,recirculating,459.7749140178831,459.7749140178831,19796.50100565501,90000.0,0.0,0.0,0.0,0.0,244.91925109770054,0.0,0.0,906666.6666666652,136.0,0.13014401368799988,0.03383744355887997,0.07387759956651255,0.31803742827031806,1.29551039826605,0.9369999905360329,0.9059924360891708,0.681610386229683,0.92685105367037,0.92685105367037,0.92685105367037,0.0,0.0,0.0,0.0,0.0,0.7384419299447602,0.10636002039841426,0.08204910332719556,4.5462579460022186,203.4989943450079,514.842015780014,7.335568971678118,202.57214329133754,0.7384419299447602,12.306134762529428,0.0,0.0,-1140.3317315598424,0.0,1.8189894035458565e-11,0.0,0.0
opening_hypothesis,recirculating,462.73875584459813,462.73875584459813,19795.189192389982,90000.0,0.0,0.0,0.0,0.0,247.0199577895886,0.0,0.0,913333.3333333319,137.0,0.1309829595710936,0.03405556948848434,0.07790902577735848,0.3179343576923713,1.311636103109434,0.9366070268183587,0.9056892873305039,0.6807421178192197,0.9328258031320084,0.9328258031320084,0.9328258031320084,0.0,0.0,0.0,0.0,0.0,0.7438293964051195,0.10634869601520905,0.08264771071167991,4.546559223318734,204.81080761003247,514.3454685395752,7.344925294203433,203.87798180690046,0.7438293964051195,12.395916891091316,0.0,0.0,-1142.3426561231686,0.0,1.4551915228366852e-11,0.0,0.0
opening_hypothesis,recirculating,465.7258116571857,465.7258116571857,19793.86710448266,90000.0,0.0,0.0,0.0,0.0,249.12337266235636,0.0,0.0,919999.9999999985,138.0,0.13182847641141668,0.03427540386696834,0.08195427234268596,0.31783135797040846,1.3278170893707437,0.9362111519969919,0.9053863469717897,0.6798753680827583,0.9388473492034874,0.9388473492034874,0.9388473492034874,0.0,0.0,0.0,0.0,0.0,0.7492590591594694,0.10633728347074371,0.08325100657327436,4.54686290076273,206.1328955173565,513.8450321440134,7.354289086983618,205.19404816815302,0.7492590591594694,12.486402220892558,0.0,0.0,-1144.355585666135,0.0,1.4551915228366852e-11,0.0,0.0
opening_hypothesis,recirculating,468.7358556736562,468.7358556736562,19792.534841865432,90000.0,0.0,0.0,0.0,0.0,251.22949788182382,0.0,0.0,926666.6666666651,139.0,0.132680500299057,0.034496930077754825,0.08601269905255737,0.31772845047100645,1.3440507962102295,0.935812399806932,0.9050836778559014,0.6790103137797102,0.94491523673541,0.94491523673541,0.94491523673541,0.0,0.0,0.0,0.0,0.0,0.7547305077856957,0.10632578364019253,0.08385894530952173,4.547168956329474,207.46515813458603,513.3407444197139,7.363658398894569,206.52024289785064,0.7547305077856957,12.577583912248619,0.0,0.0,-1146.3705291942465,0.0,1.8189894035458565e-11,0.0,0.0
opening_hypothesis,recirculating,471.76865638484674,471.76865638484674,19791.192507005566,90000.0,0.0,0.0,0.0,0.0,253.33833505495232,0.0,0.0,933333.3333333317,140.0,0.13353896570296725,0.034720131082771485,0.09008366354144814,0.31762565637216,1.3603346541657926,0.9354108047170784,0.9047813422710589,0.6781471293308202,0.9510289990330848,0.9510289990330848,0.9510289990330848,0.0,0.0,0.0,0.0,0.0,0.7602433214512868,0.10631419742054388,0.08447148016125407,4.547477367427069,208.80749299444767,512.8326441525646,7.373031284426262,207.85646399541457,0.7602433214512868,12.669454951985694,0.0,0.0,-1148.387495327638,0.0,1.4551915228366852e-11,0.0,1.1102230246251565e-16
opening_hypothesis,recirculating,474.8239767343461,474.8239767343461,19789.84020482559,90000.0,0.0,0.0,0.0,0.0,255.44988523159364,0.0,0.0,939999.9999999984,141.0,0.1344038055218944,0.03494498943569255,0.0941665217867376,0.3175229966460825,1.3766660871469503,0.9350064019038068,0.9044794019002428,0.6772859866860095,0.9571881582192335,0.9571881582192335,0.9571881582192335,0.0,0.0,0.0,0.0,0.0,0.7657970692403963,0.10630252572990438,0.0850885632489329,4.547788110894106,210.15979517442432,512.3207710578112,7.382405805360337,209.2026070162051,0.7657970692403963,12.762008158891202,0.0,0.0,-1150.4064922973737,0.0,1.4551915228366852e-11,0.0,0.0
opening_hypothesis,recirculating,477.9015743017441,477.9015743017441,19788.47804262215,90000.0,0.0,0.0,0.0,0.0,257.56414890671715,0.0,0.0,946666.666666665,142.0,0.13527495113625043,0.035171487295425116,0.09826062860311657,0.3174204920424911,1.3930425144124663,0.9345992272241469,0.9041779177720327,0.6764270551975006,0.9633922256033999,0.9633922256033999,0.9633922256033999,0.0,0.0,0.0,0.0,0.0,0.7713913104869481,0.1062907695067909,0.08571014560966088,4.548101163017699,211.52195737786238,511.8051657493573,7.391780032423628,210.55856515225898,0.7713913104869481,12.85523618926499,0.0,0.0,-1152.4275279421236,0.0,1.4551915228366852e-11,0.0,0.0
opening_hypothesis,recirculating,481.00120148888254,481.00120148888254,19787.106129983604,90000.0,0.0,0.0,0.0,0.0,259.681126023107,0.0,0.0,953333.3333333316,143.0,0.13615233246083255,0.03539960643981647,0.10236533813212655,0.3173181630724005,1.4094613525285062,0.9341893171886055,0.9038769502129428,0.675570501498391,0.9696407020574085,0.9696407020574085,0.9696407020574085,0.0,0.0,0.0,0.0,0.0,0.7770255951131986,0.1062789297094101,0.08633617723479982,4.5484164995518,212.89387001640748,511.28586970856,7.40115204691469,211.92422931435007,0.7770255951131986,12.949131542561453,0.0,0.0,-1154.450609705217,0.0,1.0913936421275139e-11,0.0,0.0
opening_hypothesis,recirculating,484.1226057087835,484.1226057087835,19785.724578706384,90000.0,0.0,0.0,0.0,0.0,261.8008159745224,0.0,0.0,959999.9999999983,144.0,0.13703587799830128,0.03562932827955833,0.10648000432606707,0.31721602999244836,1.4259200173042683,0.9337767089336853,0.9035765588013187,0.6747164893868006,0.9759330783962225,0.9759330783962225,0.9759330783962225,0.0,0.0,0.0,0.0,0.0,0.7826994639731635,0.10626700731492976,0.08696660710812924,4.5487340957358215,214.27542129362527,510.76292525257895,7.410519942300693,213.29948821522905,0.7826994639731635,13.043686567112768,0.0,0.0,-1156.475744632081,0.0,1.0913936421275139e-11,0.0,0.0
opening_hypothesis,recirculating,487.2655295769315,487.2655295769315,19784.333502710346,90000.0,0.0,0.0,0.0,0.0,263.92321760931065,0.0,0.0,966666.6666666649,145.0,0.13792551489332486,0.035860633872264465,0.11060398142554066,0.31711411278977253,1.4424159257021627,0.9333614401941399,0.9032768023228605,0.673865179715711,0.9822688357635446,0.9822688357635446,0.9822688357635446,0.0,0.0,0.0,0.0,0.0,0.7884124492003245,0.10625500331873958,0.08760138324448048,4.549053926313489,215.66649728966397,510.2363755023287,7.41988182578211,214.68422845390043,0.7884124492003245,13.138893465923408,0.0,0.0,-1158.5029393680586,0.0,1.0913936421275139e-11,0.0,0.0
opening_hypothesis,recirculating,490.4297111045889,490.4297111045889,19782.933017953193,90000.0,0.0,0.0,0.0,0.0,266.04832923446526,0.0,0.0,973333.3333333315,146.0,0.13882116898729907,0.03609350393669776,0.11473662442992945,0.31701243116746103,1.4589464977197177,0.9329435492750182,0.9029777387278266,0.6730167302886094,0.9886474460215186,0.9886474460215186,0.9886474460215186,0.0,0.0,0.0,0.0,0.0,0.794164074559032,0.10624291873370517,0.08824045272878132,4.549375965551932,217.06698204681686,509.7062643500926,7.429235819822566,216.07833460079533,0.794164074559032,13.234744302526268,0.0,0.0,-1160.5322001566103,0.0,1.0913936421275139e-11,0.0,0.0
opening_hypothesis,recirculating,493.6148838938256,493.6148838938256,19781.523242344167,90000.0,0.0,0.0,0.0,0.0,268.17614862011783,0.0,0.0,979999.9999999981,147.0,0.13972276487355254,0.03632791886712366,0.11887728956013723,0.3169110045305895,1.4755091582405488,0.9325230750235363,0.9026794250899692,0.6721712957609979,0.9950683721438851,0.9950683721438851,0.9950683721438851,0.0,0.0,0.0,0.0,0.0,0.7999538557990228,0.10623075458941528,0.08888376175544696,4.549700187260945,218.47675765584356,509.1726364268479,7.438580063641748,217.48168928369967,0.7999538557990228,13.331231006890714,0.0,0.0,-1162.5635328378985,0.0,1.0913936421275139e-11,0.0,0.0
opening_hypothesis,recirculating,496.82077733394794,496.82077733394794,19780.104295657104,90000.0,0.0,0.0,0.0,0.0,270.30667300445265,0.0,0.0,986666.6666666648,148.0,0.14063022595294783,0.03656385874776644,0.12302533471295292,0.3168098519728644,1.4921013388518116,0.9321000568008257,0.9023819175672482,0.6713290275478565,1.001531068611959,1.001531068611959,1.001531068611959,0.0,0.0,0.0,0.0,0.0,0.8057813010124809,0.10621851193142455,0.08953125566805341,4.550026564812415,219.89570434291048,508.635537069357,7.447912714668917,218.8941732742985,0.8057813010124809,13.428345381372994,0.0,0.0,-1164.596942847751,0.0,1.4551915228366852e-11,0.0,2.220446049250313e-16
opening_hypothesis,recirculating,500.0471167990163,500.0471167990163,19778.676299443,90000.0,0.0,0.0,0.0,0.0,272.43989909903354,0.0,0.0,993333.3333333314,149.0,0.14154347448979093,0.03680130336734564,0.1271801199064335,0.3167089922638834,1.508720479625734,0.9316745344536024,0.9020852713643629,0.6704900737370955,1.008034981812801,1.008034981812801,1.008034981812801,0.0,0.0,0.0,0.0,0.0,0.8116459109930785,0.10620619182049144,0.09018287899923093,4.550355071159871,221.32370055701338,508.0950122870767,7.457231949955071,220.31566557520057,0.8116459109930785,13.526079106699653,0.0,0.0,-1166.6324352170052,0.0,1.0913936421275139e-11,0.0,2.220446049250313e-16
opening_hypothesis,recirculating,503.29362384614495,503.29362384614495,19777.239376942267,90000.0,0.0,0.0,0.0,0.0,274.5758230945304,0.0,0.0,999999.999999998,150.0,0.14246243166796196,0.03704023223367011,0.13134100771573518,0.3166084438370262,1.5253640308629408,0.9312465482857947,0.9017895406971359,0.6696545790090335,1.0145795504389665,1.0145795504389665,1.0145795504389665,0.0,0.0,0.0,0.0,0.0,0.8175471795964374,0.10619379533181392,0.09083857551071525,4.550685678858117,222.7606230577459,507.55110872893613,7.466535967541784,221.74604350730695,0.8175471795964374,13.624423747974628,0.0,0.0,-1168.670014571227,0.0,1.4551915228366852e-11,0.0,0.0
opening_hypothesis,recirculating,506.5600164142848,506.5600164142848,19775.79365299673,90000.0,0.0,0.0,0.0,0.0,276.71444066683216,0.0,0.0,1006666.6666666646,151.0,0.14338701764718273,0.03728062458826751,0.135507363698858,0.3165082247779847,1.5420294547954319,0.9308161390301795,0.9014947787587785,0.6688226845619177,1.0211642058892283,1.0211642058892283,1.0211642058892283,0.0,0.0,0.0,0.0,0.0,0.8234845941014687,0.10618132355426323,0.0914982882334965,4.55101836008295,224.20634700328205,507.00387365003274,7.47582298778491,223.18518279739283,0.8234845941014687,13.723370760700975,0.0,0.0,-1170.7096851308024,0.0,1.0913936421275139e-11,0.0,-2.220446049250313e-16
opening_hypothesis,recirculating,509.8460090231943,509.8460090231943,19774.33925396157,90000.0,0.0,0.0,0.0,0.0,278.8557469835344,0.0,0.0,1013333.3333333313,152.0,0.14431715161933753,0.03752245942102776,0.13967855681180558,0.31640835281394125,1.5587142272472223,0.9303833478200609,0.9012010376880626,0.6679945280434871,1.0277883726696768,1.0277883726696768,1.0277883726696768,0.0,0.0,0.0,0.0,0.0,0.8294576355720537,0.10616877758961726,0.09216195950800594,4.551353086650898,225.6607460384417,506.4533548782991,7.485091254631497,224.632957665772,0.8294576355720537,13.822911496808274,0.0,0.0,-1172.7514507113974,0.0,1.0913936421275139e-11,0.0,0.0
opening_hypothesis,recirculating,513.1513129723121,513.1513129723121,19772.8763076173,90000.0,0.0,0.0,0.0,0.0,280.9997367107874,0.0,0.0,1019999.9999999979,153.0,0.145252751864766,0.03776571548483916,0.14385395981269522,0.31630884530340114,1.5754158392507809,0.9299482161610364,0.9009083685394151,0.6671702434885618,1.0344514687946245,1.0344514687946245,1.0344514687946245,0.0,0.0,0.0,0.0,0.0,0.8354657792185465,0.10615615855179497,0.09282953102428292,4.551689830038962,227.12369238271285,505.8996007811836,7.494339036848429,226.08924091391822,0.8354657792185465,13.923037210677077,0.0,0.0,-1174.7953147247815,0.0,1.4551915228366852e-11,0.0,2.220446049250313e-16
opening_hypothesis,recirculating,516.4756365392523,516.4756365392523,19771.404943081907,90000.0,0.0,0.0,0.0,0.0,283.1464040204899,0.0,0.0,1026666.6666666645,154.0,0.14619373580844933,0.03801037131019683,0.14803294965439778,0.31620971922668367,1.5921317986175911,0.9295107859028857,0.900616821254952,0.6663499612626334,1.0411529061867477,1.0411529061867477,1.0411529061867477,0.0,0.0,0.0,0.0,0.0,0.8415084947585912,0.10614346756609089,0.09350094386206567,4.5520285614043505,228.59505691810682,505.3426602323963,7.503564629201372,227.55390401192008,0.8415084947585912,14.023739065151922,0.0,0.0,-1176.8412801800093,0.0,1.4551915228366852e-11,0.0,-2.220446049250313e-16
opening_hypothesis,recirculating,519.8186851776501,519.8186851776501,19769.925290723288,90000.0,0.0,0.0,0.0,0.0,285.2957425978164,0.0,0.0,1033333.3333333312,155.0,0.1471400200760124,0.03825640521976323,0.1522149078653122,0.316110991177075,1.6088596314612489,0.9290710992116229,0.9003264446384559,0.6655338080114082,1.047892091075921,1.047892091075921,1.047892091075921,0.0,0.0,0.0,0.0,0.0,0.8475852467767558,0.1061307057684148,0.09417613853075062,4.552369251604153,230.07470927672583,504.78258257876234,7.512766353582887,229.02681718564992,0.8475852467767558,14.125008137534635,0.0,0.0,-1178.889349684953,0.0,1.4551915228366852e-11,0.0,-2.220446049250313e-16
opening_hypothesis,recirculating,523.1801617140953,523.1801617140953,19768.437482072088,90000.0,0.0,0.0,0.0,0.0,287.44774564906066,0.0,0.0,1039999.9999999978,156.0,0.148091520549468,0.038503795342861684,0.15639922091792882,0.3160126773526435,1.6255968836717152,0.928629198541745,0.9000372863313044,0.6647219066162516,1.0546684243962103,1.0546684243962103,1.0546684243962103,0.0,0.0,0.0,0.0,0.0,0.8536954950825099,0.10611787430453289,0.09485505500916773,4.5527118712149415,231.5625179279267,504.21941760722893,7.521942560088565,230.5078495035305,0.8536954950825099,14.226835425550027,0.0,0.0,-1180.939525448182,0.0,1.4551915228366852e-11,0.0,-2.220446049250313e-16
opening_hypothesis,recirculating,526.5597665439011,526.5597665439011,19766.941649735043,90000.0,0.0,0.0,0.0,0.0,289.60240590978265,0.0,0.0,1046666.6666666644,157.0,0.14904815242263098,0.038752519629884054,0.16058528058486432,0.3159147935487175,1.6423411223394573,0.9281851266087153,0.8997493927903456,0.6639143761554567,1.0614813021805192,1.0614813021805192,1.0614813021805192,0.0,0.0,0.0,0.0,0.0,0.859838695066084,0.10610497432931482,0.09553763278512042,4.553056390552271,233.05835026496948,503.65321551206745,7.531091628040363,231.99686896278897,0.859838695066084,14.32921185327629,0.0,0.0,-1182.9918092811777,0.0,1.0913936421275139e-11,0.0,-2.220446049250313e-16
opening_hypothesis,recirculating,529.95719782546,529.95719782546,19765.437927308973,90000.0,0.0,0.0,0.0,0.0,291.7597156532423,0.0,0.0,1053333.3333333312,158.0,0.15000983025613285,0.03900255586659454,0.16477248428208896,0.3158173551510227,1.6590899371283558,0.9277389263617112,0.8994628092677139,0.6631113318712614,1.0683301159523881,1.0683301159523881,1.0683301159523881,0.0,0.0,0.0,0.0,0.0,0.8660142980517618,0.10609200700598623,0.09622381089464017,4.553402779690059,234.56207269104036,503.08402686231153,7.540211966956277,233.49374257508796,0.8660142980517618,14.432128277032609,0.0,0.0,-1185.0462026008809,0.0,1.4551915228366852e-11,0.0,0.0
opening_hypothesis,recirculating,533.3721516729562,533.3721516729562,19763.926449295468,90000.0,0.0,0.0,0.0,0.0,293.9196666991061,0.0,0.0,1059999.999999998,159.0,0.15097646803197104,0.039253881688312474,0.16896023539910723,0.315720377129477,1.6758409415964288,0.927290640956671,0.8991775797925794,0.6623128851425206,1.0752142531144788,1.0752142531144788,1.0752142531144788,0.0,0.0,0.0,0.0,0.0,0.8722217516481824,0.10607897350538732,0.09691352796090913,4.553751008479809,236.07355070454733,502.51190256947126,7.549302017465761,234.99833645143286,0.8722217516481824,14.535575491216958,0.0,0.0,-1187.1027064325604,0.0,1.4551915228366852e-11,0.0,0.0
opening_hypothesis,recirculating,536.8043223472063,536.8043223472063,19762.407351016427,90000.0,0.0,0.0,0.0,0.0,296.0822504224087,0.0,0.0,1066666.6666666646,160.0,0.1519479792075281,0.03950647459395731,0.1731479436158823,0.31562387403263525,1.692591774463529,0.9268403137296699,0.8988937471548096,0.6615191434629214,1.082133097333286,1.082133097333286,1.082133097333286,0.0,0.0,0.0,0.0,0.0,0.8784605000952418,0.10606587500523965,0.09760672223280462,4.554101046569667,237.5926489835873,501.93689385556075,7.55836025217047,236.510515886254,0.8784605000952418,14.639544234087204,0.0,0.0,-1189.1613214129927,0.0,1.4551915228366852e-11,0.0,0.0
opening_hypothesis,recirculating,540.2534024444141,540.2534024444141,19760.880768530526,90000.0,0.0,0.0,0.0,0.0,298.2474577627572,0.0,0.0,1073333.3333333314,161.0,0.1529242767690009,0.03976031195994023,0.1773350252063363,0.3155278599827806,1.709340100825345,0.9263879881706525,0.8986113528905313,0.6607302104246383,1.0890860289196453,1.0890860289196453,1.0890860289196453,0.0,0.0,0.0,0.0,0.0,0.8847299846072029,0.10605271268941992,0.09830333162302252,4.554452863423286,239.11923146949013,501.35905222147505,7.567385176449853,238.0301454405705,0.8847299846072029,14.744025193479034,0.0,0.0,-1191.2220477939495,0.0,1.4551915228366852e-11,0.0,0.0
opening_hypothesis,recirculating,543.7190830826363,543.7190830826363,19759.346838550668,90000.0,0.0,0.0,0.0,0.0,300.4152792337588,0.0,0.0,1079999.9999999981,162.0,0.15390527328418155,0.0400153710538872,0.1815209033282878,0.31543234867165143,1.7260836133131512,0.9259337078975513,0.8983304372695631,0.6599461857072918,1.0960724252046248,1.0960724252046248,1.0960724252046248,0.0,0.0,0.0,0.0,0.0,0.8910296437116423,0.10603948774724445,0.099003293745738,4.55480642833847,240.65316144934926,500.7784294157505,7.576375329211566,239.55708902414463,0.8910296437116423,14.849009012454518,0.0,0.0,-1193.2848854459755,0.0,1.8189894035458565e-11,0.0,0.0
opening_hypothesis,recirculating,547.201054085763,547.201054085763,19757.805698362565,90000.0,0.0,0.0,0.0,0.0,302.5857049326585,0.0,0.0,1086666.6666666649,163.0,0.15489088095453502,0.0402716290481791,0.18570500829972264,0.31533735335679747,1.7428200331988906,0.9254775166308152,0.8980510392846985,0.6591671650720928,1.1030916609104078,1.1030916609104078,1.1030916609104078,0.0,0.0,0.0,0.0,0.0,0.8973589135838816,0.10602620137276146,0.0997065459537646,4.55516171046559,242.19430163745267,500.19507740374166,7.585329283586436,241.09120997654227,0.8973589135838816,14.954486294875387,0.0,0.0,-1195.3498338624545,0.0,1.8189894035458565e-11,0.0,0.0
opening_hypothesis,recirculating,550.699004164832,550.699004164832,19756.25748574448,90000.0,0.0,0.0,0.0,0.0,304.7587245501699,0.0,0.0,1093333.3333333316,164.0,0.15588101166652205,0.04052906303329573,0.18988677786133065,0.31524288685855273,1.7595471114453227,0.9250194581683738,0.8977731966428022,0.6583932403610161,1.1101431085158013,1.1101431085158013,1.1101431085158013,0.0,0.0,0.0,0.0,0.0,0.9037172283765711,0.10601285476405578,0.10041302537517453,4.555518678825749,243.74251425553368,499.6090483372449,7.594245647568245,242.63237114701786,0.9037172283765711,15.060447610895556,0.0,0.0,-1197.4168921639457,0.0,1.4551915228366852e-11,0.0,0.0
opening_hypothesis,recirculating,554.212621096503,554.212621096503,19754.702338888255,90000.0,0.0,0.0,0.0,0.0,306.934327380484,0.0,0.0,1099999.9999999984,165.0,0.15687557704211796,0.040787650030950674,0.19406565742526555,0.3151489615576154,1.7762626297010622,0.924559576361058,0.8974969457576925,0.6576244995008707,1.1172261386160183,1.1172261386160183,1.1172261386160183,0.0,0.0,0.0,0.0,0.0,0.9101040205441099,0.10599944912256289,0.10112266894934552,4.555877302328665,245.29766111176434,499.02039452459735,7.603123064598326,244.18043497314832,0.9101040205441099,15.16688350236759,0.0,0.0,-1199.4860591027877,0.0,1.8189894035458565e-11,0.0,0.0
opening_hypothesis,recirculating,557.7415918985292,557.7415918985292,19753.1403963216,90000.0,0.0,0.0,0.0,0.0,309.11250233143943,0.0,0.0,1106666.666666665,166.0,0.1578744884884819,0.04104736700700529,0.1982411003101218,0.31505558939322126,1.792964401240487,0.9240979150885011,0.8972223217447685,0.656861026512101,1.124340120276407,1.124340120276407,1.124340120276407,0.0,0.0,0.0,0.0,0.0,0.9165187211616099,0.10598598565239592,0.10183541346240108,4.556237549790294,246.85960367842057,498.4291684012798,7.611960214095435,245.73526355814417,0.9165187211616099,15.27378448815823,0.0,0.0,-1201.5573330679524,0.0,2.1827872842550278e-11,0.0,0.0
opening_hypothesis,recirculating,561.285603002079,561.285603002079,19751.571796831868,90000.0,0.0,0.0,0.0,0.0,311.29323793483957,0.0,0.0,1113333.3333333319,167.0,0.15887765724673403,0.04130819088415085,0.2024125679621513,0.3149627818618979,1.8096502718486052,0.9236345182355367,0.8969493584173469,0.6561029015221711,1.131484421379831,1.131484421379831,1.131484421379831,0.0,0.0,0.0,0.0,0.0,0.9229607602381322,0.10597246555968405,0.10255119558201467,4.556599389950116,248.42820316815235,497.83542250104665,7.620755811931186,247.2967187467725,0.9229607602381322,15.381141069368473,0.0,0.0,-1203.6307120901424,0.0,2.1827872842550278e-11,0.0,0.0
opening_hypothesis,recirculating,564.844340420762,564.844340420762,19749.99667939122,90000.0,0.0,0.0,0.0,0.0,313.47652235689986,0.0,0.0,1119999.9999999986,168.0,0.15988499443980034,0.04157009855434809,0.20657953016276437,0.31487055001678466,1.8263181206510575,0.9231694296691122,0.8966780882846608,0.6553502007833527,1.1386584089674057,1.1386584089674057,1.1386584089674057,0.0,0.0,0.0,0.0,0.0,0.9294295670239328,0.10595889005192481,0.10326995189154806,4.556962791488134,250.00332060879586,497.23920942760765,7.6295086108517305,248.86466219982844,0.9294295670239328,15.488943734453839,0.0,0.0,-1205.7061938471174,0.0,1.8189894035458565e-11,0.0,0.0
opening_hypothesis,recirculating,568.4174899162357,568.4174899162357,19748.415183083347,90000.0,0.0,0.0,0.0,0.0,315.66234340881107,0.0,0.0,1126666.6666666653,169.0,0.1608964111192891,0.041833066891015167,0.2107414652223977,0.3147789044675041,1.8429658608895907,0.9227026932157368,0.8964085425514827,0.6546029966947641,1.1458614495723412,1.1458614495723412,1.1458614495723412,0.0,0.0,0.0,0.0,0.0,0.9359245703114936,0.1059452603373483,0.10399161892349926,4.55732772304153,251.58481691667183,496.6405818268834,7.638217400846178,250.43895546709948,0.9359245703114936,15.59718296424104,0.0,0.0,-1207.7837756692413,0.0,1.8189894035458565e-11,0.0,0.0
opening_hypothesis,recirculating,572.0047371602707,572.0047371602707,19746.827447031705,90000.0,0.0,0.0,0.0,0.0,317.8506885574031,0.0,0.0,1133333.333333332,170.0,0.1619118183113652,0.04209707276095495,0.2148978601608479,0.3146878553805686,1.8595914406433915,0.9222343526394746,0.8961407511193195,0.653861357828478,1.1530929095466464,1.1530929095466464,1.1530929095466464,0.0,0.0,0.0,0.0,0.0,0.9424451987301145,0.10593157762429688,0.10471613319223491,4.557694153220981,253.1725529683165,496.039592359854,7.6468810094625725,252.01946005876985,0.9424451987301145,15.705849236837356,0.0,0.0,-1209.863454545237,0.0,2.1827872842550278e-11,0.0,2.220446049250313e-16
opening_hypothesis,recirculating,575.6057678931656,575.6057678931656,19745.233610329422,90000.0,0.0,0.0,0.0,0.0,320.04154493589374,0.0,0.0,1139999.9999999988,171.0,0.1629311270615911,0.04236209303601369,0.21904821087419757,0.3145974124803051,1.8761928434967903,0.9217644516204989,0.8958747425891327,0.6531253489595223,1.1603521553804748,1.1603521553804748,1.1603521553804748,0.0,0.0,0.0,0.0,0.0,0.9489908810338719,0.10591784312061713,0.10544343122598573,4.5580620506266305,254.76638967059705,495.43629367601847,7.6554983020722975,253.60603751521657,0.9489908810338719,15.814933032429474,0.0,0.0,-1211.9452271281357,0.0,1.8189894035458565e-11,0.0,0.0
opening_hypothesis,recirculating,579.2202680784169,579.2202680784169,19743.633811970853,90000.0,0.0,0.0,0.0,0.0,322.2348993547091,0.0,0.0,1146666.6666666656,172.0,0.16395424847870765,0.04262810460446399,0.22319202228848645,0.3145075850502826,1.8927680891539458,0.9212930337342187,0.8956105442655371,0.6523950310996052,1.167638554013919,1.167638554013919,1.167638554013919,0.0,0.0,0.0,0.0,0.0,0.955561046382766,0.1059040580330679,0.10617344959808508,4.558431383863678,256.3661880291692,494.8307383874823,7.6640681820837155,255.19854947515532,0.955561046382766,15.924424837968793,0.0,0.0,-1214.0290897414116,0.0,2.1827872842550278e-11,0.0,0.0
opening_hypothesis,recirculating,582.8479240535522,582.8479240535522,19742.028190784786,90000.0,0.0,0.0,0.0,0.0,324.4307383123599,0.0,0.0,1153333.3333333323,173.0,0.16498109377732914,0.042895084382105576,0.2273288085002978,0.31441838193522226,1.9093152340011912,0.9208201424309881,0.8953481821624185,0.6516704615343737,1.1749514731410748,1.1749514731410748,1.1749514731410748,0.0,0.0,0.0,0.0,0.0,0.9621551246168989,0.10589022356674263,0.1069061249574332,4.558802121557619,257.9718092152372,494.2229790436881,7.6725895911061865,256.79685774209617,0.9621551246168989,16.034315151740618,0.0,0.0,-1216.1150383852905,0.0,2.1827872842550278e-11,0.0,0.0
opening_hypothesis,recirculating,586.4884226770522,586.4884226770522,19740.41688536944,90000.0,0.0,0.0,0.0,0.0,326.6290480063602,0.0,0.0,1159999.999999999,174.0,0.16601157431953092,0.04316300932307804,0.23145809290445313,0.3143298115433745,1.9258323716178125,0.9203458210164073,0.8950876810099251,0.6509516938640352,1.182290281506216,1.182290281506216,1.182290281506216,0.0,0.0,0.0,0.0,0.0,0.9687725465235382,0.10587634092450691,0.10764139405817087,4.559174232369088,259.58311463058186,493.61306810680003,7.681061509065455,258.40082434907566,0.9687725465235382,16.144594487814764,0.0,0.0,-1218.2030687432168,0.0,2.1827872842550278e-11,0.0,0.0
opening_hypothesis,recirculating,590.1414514712911,590.1414514712911,19738.800034029195,90000.0,0.0,0.0,0.0,0.0,328.8298143441754,0.0,0.0,1166666.6666666658,175.0,0.16704560165531027,0.04343185643038067,0.2355794083090264,0.31424188184934304,1.9423176332361056,0.9198701126322214,0.8948290642627738,0.6502387780471564,1.1896543491919462,1.1896543491919462,1.1896543491919462,0.0,0.0,0.0,0.0,0.0,0.9754127440969453,0.10586241130645141,0.10837919378854945,4.559547685008322,261.1999659708271,493.00105792775713,7.689482954271595,260.0103116216352,0.9754127440969453,16.255253380375592,0.0,0.0,-1220.293176188471,0.0,2.1827872842550278e-11,0.0,0.0
opening_hypothesis,recirculating,593.8066987614378,593.8066987614378,19737.177774713102,90000.0,0.0,0.0,0.0,0.0,331.0330229541848,0.0,0.0,1173333.3333333326,176.0,0.1680830875619037,0.043701602766094964,0.23969229703790773,0.3141546003973376,1.958769188151631,0.9193930602378269,0.8945723541098166,0.6495317604474603,1.1970430478992071,1.1970430478992071,1.1970430478992071,0.0,0.0,0.0,0.0,0.0,0.9820751507908622,0.10584843590936044,0.10911946119898465,4.559922448249227,262.8222252869185,492.3870007230025,7.697852983440742,261.6251822390193,0.9820751507908622,16.36628238792972,0.0,0.0,-1222.3853557909263,0.0,2.1827872842550278e-11,0.0,-2.220446049250313e-16
opening_hypothesis,recirculating,597.4838538102686,597.4838538102686,19735.55024495523,90000.0,0.0,0.0,0.0,0.0,333.2386591966467,0.0,0.0,1179999.9999999993,177.0,0.16912394408194714,0.04397222546130626,0.24379631102116261,0.3140679743048367,1.9751852440846505,0.9189147065923856,0.8943175714848138,0.6488306838834401,1.2044557512190441,1.2044557512190441,1.2044557512190441,0.0,0.0,0.0,0.0,0.0,0.9887592017635626,0.10583441592619676,0.10986213352928471,4.560298490943047,264.44975504479174,491.7709485518966,7.706170691671898,263.2452992935727,0.9887592017635626,16.47767209738977,0.0,0.0,-1224.4796023239282,0.0,2.1827872842550278e-11,0.0,2.220446049250313e-16
opening_hypothesis,recirculating,601.1726069488501,601.1726069488501,19733.91758181681,90000.0,0.0,0.0,0.0,0.0,335.44670817465317,0.0,0.0,1186666.666666666,178.0,0.17016808356046714,0.04424370172572146,0.2478910118734461,0.3139820102666405,1.9915640474937844,0.9184350942375547,0.8940647360783546,0.648135587680614,1.211891834896048,1.211891834896048,1.211891834896048,0.0,0.0,0.0,0.0,0.0,0.9954643341154013,0.10582035254560195,0.11060714823504456,4.560675782031624,266.0824181832142,491.1529532948244,7.714435212380103,264.87052634831815,0.9954643341154013,16.58941312803316,0.0,0.0,-1226.5759102712914,0.0,2.546585164964199e-11,0.0,2.220446049250313e-16
opening_hypothesis,recirculating,604.872649703063,604.872649703063,19732.27992183024,90000.0,0.0,0.0,0.0,0.0,337.6571547450613,0.0,0.0,1193333.3333333328,179.0,0.17121541868069454,0.04451600885698058,0.2519759709607492,0.31389671455929563,2.007903883842997,0.9179542654808315,0.8938138663508696,0.647446507726238,1.2193506770834104,1.2193506770834104,1.2193506770834104,0.0,0.0,0.0,0.0,0.0,1.002189987118798,0.10580624695141262,0.11135444301319976,4.561054290560266,267.7200781697844,490.5330666319973,7.7226457171874445,266.500727492701,1.002189987118798,16.701496135334768,0.0,0.0,-1228.6742738343978,0.0,2.1827872842550278e-11,0.0,-2.220446049250313e-16
opening_hypothesis,recirculating,608.583674915939,608.583674915939,19730.637400944946,90000.0,0.0,0.0,0.0,0.0,339.8699835293906,0.0,0.0,1199999.9999999995,180.0,0.1722658624986934,0.04478912424966029,0.2560507694557606,0.3138120930458711,2.024203077823042,0.9174722623795164,0.8935649795466798,0.6467634765263082,1.2268316585895431,1.2268316585895431,1.2268316585895431,0.0,0.0,0.0,0.0,0.0,1.0089356024406142,0.10579210032219381,0.1121039558267349,4.5614339856901776,269.3625990550797,489.9113400229581,7.7308014157732305,268.13576739649017,1.0089356024406142,16.813911814672835,0.0,0.0,-1230.774686939389,0.0,2.546585164964199e-11,0.0,2.220446049250313e-16
opening_hypothesis,recirculating,612.3053768658011,612.3053768658011,19728.99015447508,90000.0,0.0,0.0,0.0,0.0,342.0851789246736,0.0,0.0,1206666.6666666663,181.0,0.17331932847680173,0.04506302540396845,0.2601149983821458,0.3137281511810674,2.040459993528583,0.916989126725293,0.8933180917090218,0.6460865232646739,1.234334163116231,1.234334163116231,1.234334163116231,0.0,0.0,0.0,0.0,0.0,1.0157006243568993,0.1057779138307873,0.11285562492854435,4.561814836710511,271.0098455249455,489.2878246867879,7.7389015556848495,269.7755113618293,1.0157006243568993,16.926650904907728,0.0,0.0,-1232.877143244437,0.0,2.546585164964199e-11,0.0,0.0
opening_hypothesis,recirculating,616.0374513801952,616.0374513801952,19727.338317049103,90000.0,0.0,0.0,0.0,0.0,344.3027251142493,0.0,0.0,1213333.333333333,182.0,0.17437573051588087,0.04533768993412903,0.2641682586480499,0.31364489401663903,2.0566730345921993,0.9165049000294253,0.8930732176959972,0.645415673864095,1.2418575774883078,1.2418575774883078,1.2418575774883078,0.0,0.0,0.0,0.0,0.0,1.0224844999599874,0.10576368864387746,0.11360938888444301,4.5621968130499715,272.66168295092194,488.662571583019,7.746945422110787,271.41982537343364,1.0224844999599874,17.039704191833188,0.0,0.0,-1234.9816361470873,0.0,2.546585164964199e-11,0.0,0.0
opening_hypothesis,recirculating,619.780357334245,619.780357334245,19725.681685566276,90000.0,0.0,0.0,0.0,0.0,346.5226061299433,0.0,0.0,1219999.9999999998,183.0,0.17543519850524972,0.04561315161136493,0.268210981184199,0.3135623095000759,2.0728439247367962,0.9160195247988152,0.8928303220590469,0.6447508166045492,1.2494028267429576,1.2494028267429576,1.2466133944993953,0.0027894322435623184,0.0,0.0,0.0,0.0,1.0292880633509134,0.10574942301972046,0.11436534037232368,4.562579962235476,274.318314433751,488.03550383400716,7.754933954688877,273.0689116070081,1.0292880633509134,17.15308557574297,0.0,0.0,-1237.0881357788717,0.0,2.9103830456733704e-11,0.0,0.0
opening_hypothesis,recirculating,623.5423078767271,623.5423078767271,19724.016624840187,90000.0,0.0,0.0,0.0,0.0,348.7448086134559,0.0,0.0,1226666.6666666663,184.0,0.1765000572610611,0.04589001488787589,0.27225189316719783,0.3134802176851454,2.089007572668791,0.915531938907122,0.8925888755445454,0.64409049031306,1.2569864676025366,1.2569864676025366,1.2464443474844071,0.010542120118129569,0.0,0.0,0.0,0.0,1.0361262437436027,0.10573508566520007,0.11512513819373361,4.562965125807849,275.9833751598371,487.40524544987244,7.7628843698185195,274.7263886922346,1.0361262437436027,17.26704385198714,0.0,0.0,-1239.19637998614,0.0,2.546585164964199e-11,0.0,0.0
opening_hypothesis,recirculating,627.3255305403648,627.3255305403648,19722.342148952182,90000.0,0.0,0.0,0.0,0.0,350.9693229393004,0.0,0.0,1233333.333333333,185.0,0.17757093730934068,0.04616844370042858,0.27629315152105255,0.3133985749076817,2.10517260608421,0.9150418576799136,0.8923487497284757,0.6434343336679936,1.2646129905057104,1.2646129905057104,1.2462743547946502,0.01833863571106014,0.0,0.0,0.0,0.0,1.0430030901608498,0.1057206681047661,0.1158892322400944,4.563352532892832,277.65785104784425,486.7714232409199,7.7708007458923625,276.3932380573385,1.0430030901608498,17.38164649753056,0.0,0.0,-1241.3062916664412,0.0,2.546585164964199e-11,0.0,0.0
opening_hypothesis,recirculating,631.1298759971281,631.1298759971281,19720.65832399569,90000.0,0.0,0.0,0.0,0.0,353.19613953000754,0.0,0.0,1239999.9999999998,186.0,0.17864779638125525,0.046448427059126364,0.2803343437785116,0.3133173899302468,2.121337375114046,0.9145493047315287,0.8921099703830789,0.6427824074214976,1.2722820944250905,1.2722820944250905,1.2461034233133925,0.026178671111698047,0.0,0.0,0.0,0.0,1.0499183311526028,0.1057061709221985,0.11665759235028918,4.563742169321491,279.3416760043364,486.1340622248211,7.778682089413975,278.06939390991135,1.0499183311526028,17.496888988658124,0.0,0.0,-1243.4178657660207,0.0,2.546585164964199e-11,0.0,0.0
opening_hypothesis,recirculating,634.9551962600968,634.9551962600968,19718.965215470565,90000.0,0.0,0.0,0.0,0.0,355.4252485225309,0.0,0.0,1246666.6666666665,187.0,0.17973059258758636,0.04672995407277246,0.2843750638451375,0.3132366711819213,2.1375002553805498,0.9140543034811557,0.8918725622997685,0.6421347694796705,1.2799934810368039,1.2799934810368039,1.2459315598630356,0.034061921173768266,0.0,0.0,0.0,0.0,1.0568716977066204,0.1056915946961147,0.11743018863406891,4.5641340210585835,281.0347845294601,485.4931871945647,7.786527435746175,279.75479104842333,1.0568716977066204,17.612766842280827,0.0,0.0,-1245.5310969049215,0.0,2.546585164964199e-11,0.0,-2.220446049250313e-16
opening_hypothesis,recirculating,638.8013404074925,638.8013404074925,19717.262890175647,90000.0,0.0,0.0,0.0,0.0,357.6566397790862,0.0,0.0,1253333.3333333333,188.0,0.18081928320837393,0.047013013634177224,0.2884149075031282,0.31315642684988115,2.1536596300125126,0.9135568777055872,0.891636549558474,0.6414914756511318,1.2877468461006558,1.2877468461006558,1.2457587713971985,0.04198807470345733,0.0,0.0,0.0,0.0,1.0638629154759551,0.10567694001626132,0.11820699060843942,4.564528073764413,282.73710982437717,484.84882343483076,7.794335840433202,281.4493629782765,1.0638629154759551,17.72927548640679,0.0,0.0,-1247.6459795173507,0.0,2.546585164964199e-11,0.0,-2.220446049250313e-16
opening_hypothesis,recirculating,642.6681546364421,642.6681546364421,19715.551416184964,90000.0,0.0,0.0,0.0,0.0,359.89030289294004,0.0,0.0,1260000.0,189.0,0.1819138247081344,0.04729759442411494,0.29245347257509197,0.3130766648762206,2.169813890300368,0.913057051530665,0.8914019555182959,0.6408525796331029,1.2955418795685107,1.2955418795685107,1.2455850649982445,0.049956814570266274,0.0,0.0,0.0,0.0,1.0708917048766857,0.10566220748330443,0.1189879672085206,4.564924312799938,284.4485838150604,484.2009967129837,7.802106379695889,283.15304193549184,1.0708917048766857,17.846410261769968,0.0,0.0,-1249.7625078558412,0.0,2.546585164964199e-11,0.0,0.0
opening_hypothesis,recirculating,646.5554823177614,646.5554823177614,19713.83086282348,90000.0,0.0,0.0,0.0,0.0,362.1262271943382,0.0,0.0,1266666.6666666667,190.0,0.18301417275136775,0.04758368491535562,0.29649035908511134,0.3129973929550043,2.1859614363404454,0.9125548494226032,0.8911688028088361,0.6402181329993305,1.3033782656947288,1.3033782656947288,1.2454104478747534,0.05796781781997529,0.0,0.0,0.0,0.0,1.077957781187503,0.10564739770861459,0.1197730867986114,4.565322723231983,286.16913717654114,483.54973326989375,7.809838150906026,284.8657589108464,1.077957781187503,17.964166423489736,0.0,0.0,-1251.8806759955196,0.0,2.1827872842550278e-11,0.0,0.0
opening_hypothesis,recirculating,650.4631640517068,650.4631640517068,19712.101300642436,90000.0,0.0,0.0,0.0,0.0,364.36440175656793,0.0,0.0,1273333.3333333335,191.0,0.1841202822183387,0.04787127337676807,0.3005251694169688,0.31291861852955133,2.2021006776678753,0.9120502961792053,0.8909371133222098,0.6395881851898535,1.3112556831485547,1.3112556831485547,1.2452349273589611,0.0660207557895935,0.0,0.0,0.0,0.0,1.085060854651054,0.10563251131405005,0.12056231718345042,4.5657232898385525,287.8986993575855,482.8950598105972,7.8175302730393845,286.58744367443694,1.085060854651054,18.082539142759813,0.0,0.0,-1254.0004778384794,0.0,2.1827872842550278e-11,0.0,2.220446049250313e-16
opening_hypothesis,recirculating,654.391037724652,654.391037724652,19710.36280139424,90000.0,0.0,0.0,0.0,0.0,366.60481540214727,0.0,0.0,1280000.0000000002,192.0,0.1852321072211196,0.0481603478774911,0.30455750846941904,0.31284034878995076,2.218230033877676,0.9115434169209744,0.8907069082057376,0.6389627835025856,1.3191738051283715,1.3191738051283715,1.245058510904146,0.07411529422422537,0.0,0.0,0.0,0.0,1.092200630576973,0.10561754893173515,0.12135562561966362,4.566125997114256,289.6371986057796,482.2370034948003,7.825181887107149,288.31802480065124,1.092200630576973,18.201523508565252,0.0,0.0,-1256.1219071182534,0.0,1.8189894035458565e-11,0.0,-2.220446049250313e-16
opening_hypothesis,recirculating,658.3389385666378,658.3389385666378,19708.61543800702,90000.0,0.0,0.0,0.0,0.0,368.8474567091359,0.0,0.0,1286666.666666667,193.0,0.18634960111988041,0.04845089629116891,0.30858698380838945,0.31276259067080975,2.234347935233558,0.9110342370821299,0.8904782078553228,0.6383419730867175,1.3271322994777137,1.3271322994777137,1.2448812060819872,0.08225109339572652,0.0,0.0,0.0,0.0,1.09937680944649,0.10560251120383617,0.12215297882738774,4.5665308292757985,291.3845619930014,481.57559192723824,7.832792156565208,290.05742969352366,1.09937680944649,18.321114529425753,0.0,0.0,-1258.2449574043815,0.0,1.8189894035458565e-11,0.0,-2.220446049250313e-16
opening_hypothesis,recirculating,662.3066992097483,662.3066992097483,19706.85928455876,90000.0,0.0,0.0,0.0,0.0,371.0923140175605,0.0,0.0,1293333.3333333337,194.0,0.18747271653941283,0.048742906300247336,0.3126132058160028,0.31268535084923466,2.2504528232640113,0.9105227824015355,0.8902510319095137,0.6377257969379118,1.3351308288029473,1.3351308288029473,1.2447030205798801,0.09042780822306719,0.0,0.0,0.0,0.0,1.1065890870185522,0.10558739878233393,0.12295434300206132,4.566937770267593,293.14071544125864,480.9108531478947,7.8403602677010635,291.8055846124557,1.1065890870185522,18.44130713516417,0.0,0.0,-1260.3696221070677,0.0,1.8189894035458565e-11,0.0,-2.220446049250313e-16
opening_hypothesis,recirculating,666.294149747264,666.294149747264,19705.09441625115,90000.0,0.0,0.0,0.0,0.0,373.3393754359493,0.0,0.0,1300000.0000000005,195.0,0.18860140538587408,0.04903636540032726,0.3166357878363173,0.3126086357430443,2.266543151345269,0.910009078913546,0.8900253992442481,0.637114295895275,1.3431690505925145,1.3431690505925145,1.2445239621982205,0.098645088394294,0.0,0.0,0.0,0.0,1.1138371544373495,0.10557221232879267,0.12375968382637215,4.567346803767424,294.90558374887,480.24281562209205,7.847885429998057,293.5624146982775,1.1138371544373495,18.56209617869843,0.0,0.0,-1262.4958944819223,0.0,2.1827872842550278e-11,0.0,0.0
opening_hypothesis,recirculating,670.3011177935433,670.3011177935433,19703.320909383052,90000.0,0.0,0.0,0.0,0.0,375.5886288479682,0.0,0.0,1306666.6666666672,196.0,0.18973561886373702,0.04933126090457163,0.3206543463176869,0.3125324515092154,2.282617385270748,0.9094931529387811,0.8898013279682806,0.6365075086400871,1.351246617337648,1.351246617337648,1.2443440388476537,0.10690257848999439,0.0,0.0,0.0,0.0,1.1211206983411683,0.10555695251412779,0.124568966482352,4.567757913192212,296.6790906169692,479.57150823045873,7.855366876476626,295.3278439996315,1.1211206983411683,18.68347643785557,0.0,0.0,-1264.623767634784,0.0,2.1827872842550278e-11,0.0,0.0
opening_hypothesis,recirculating,674.327428544583,674.327428544583,19701.53884132371,90000.0,0.0,0.0,0.0,0.0,377.840061919152,0.0,0.0,1313333.333333334,197.0,0.19087530749293236,0.049627579948162415,0.3246685009516499,0.3124568040425586,2.2986740038065996,0.9089750310748331,0.8895788354192901,0.6359054716962609,1.3593631766544538,1.3593631766544538,1.2441632585462985,0.11519991810815539,0.0,0.0,0.0,0.0,1.1284394009724759,0.10554162001836959,0.12538215566360839,4.568171081703842,298.4611586763092,478.8969602587832,7.862803864012419,297.10179549965477,1.1284394009724759,18.80544261720631,0.0,0.0,-1266.753234526617,0.0,1.8189894035458565e-11,0.0,0.0
opening_hypothesis,recirculating,678.372904839209,678.372904839209,19699.748290485673,90000.0,0.0,0.0,0.0,0.0,380.0936621037249,0.0,0.0,1320000.0000000007,198.0,0.19202042112616946,0.04992530949280406,0.3286778748082588,0.3123816989746255,2.3147114992330353,0.908454740186916,0.8893579381606632,0.6353082194325178,1.3675183714072645,1.3675183714072645,1.2439816294169388,0.12353674199032583,0.0,0.0,0.0,0.0,1.1357929402891556,0.10552621553042515,0.1261992155876839,4.568586292215064,300.25170951434586,478.21920138776306,7.870195673630976,298.8841911429386,1.1357929402891556,18.927989349918775,0.0,0.0,-1268.8842879784775,0.0,1.8189894035458565e-11,0.0,0.0
opening_hypothesis,recirculating,682.4373672208491,682.4373672208491,19697.94933629744,90000.0,0.0,0.0,0.0,0.0,382.3494166515034,0.0,0.0,1326666.6666666674,199.0,0.19317090896642153,0.0502244363312696,0.3326820944677704,0.31230714167284285,2.3307283778710817,0.9079323073984626,0.8891386519789496,0.6347157840662379,1.3757118398331651,1.3757118398331651,1.2437991596841929,0.1319126801489722,0.0,0.0,0.0,0.0,1.143180990076793,0.10551073974783937,0.12702011000853256,4.569003527395457,302.05066370257873,477.53826168265505,7.877541610778988,300.67495186274556,1.143180990076793,19.051111199629755,0.0,0.0,-1271.016920676545,0.0,1.8189894035458565e-11,0.0,0.0
opening_hypothesis,recirculating,686.520633999838,686.520633999838,19696.142059175887,90000.0,0.0,0.0,0.0,0.0,384.60731261487365,0.0,0.0,1333333.3333333342,200.0,0.194326719584562,0.05052494709198612,0.33668079014862395,0.31223313723987434,2.346723160594496,0.9074077600816791,0.8889209918819834,0.6341281956689688,1.3839432156675933,1.3839432156675933,1.2436158576716583,0.14032735799593493,0.0,0.0,0.0,0.0,1.1506032200619383,0.10549519337655099,0.12784480222910422,4.56942276967745,303.8579408241276,476.85417158283707,7.884841005571889,302.47399760845997,1.1506032200619383,19.1748026623322,0.0,0.0,-1273.1511251772126,0.0,1.4551915228366852e-11,0.0,-2.220446049250313e-16
opening_hypothesis,recirculating,690.6225213162061,690.6225213162061,19694.326540498492,90000.0,0.0,0.0,0.0,0.0,386.8673368558382,0.0,0.0,1340000.000000001,201.0,0.19548780093713722,0.050826828243655676,0.34067359583163154,0.31215969051320647,2.3626943833265264,0.9068811258480606,0.8887049720976661,0.6335454821735567,1.3922121282709135,1.3922121282709135,1.2434317317990373,0.14878039647187616,0.0,0.0,0.0,0.0,1.158059296026237,0.10547957713064998,0.1286732551140263,4.569844001262404,305.67345950152327,476.16696189128936,7.892093213017774,304.28124737325237,1.158059296026237,19.299058168277238,0.0,0.0,-1275.2868939122322,0.0,1.4551915228366852e-11,0.0,0.0
opening_hypothesis,recirculating,694.7428432029054,694.7428432029054,19692.502862575326,90000.0,0.0,0.0,0.0,0.0,389.1294760531246,0.0,0.0,1346666.6666666677,202.0,0.19665410038426345,0.0511300660999085,0.3446601493803261,0.31208680606495676,2.3786405975213043,0.9063524325388786,0.8884906060734022,0.6329676693828689,1.400518202755873,1.400518202755873,1.2432467905792377,0.15727141217663507,0.0,0.0,0.0,0.0,1.1655488799213667,0.1054638917321321,0.12950543110237403,4.5702672041267425,307.49713742469163,475.4766637640012,7.899297613217596,306.0966192219358,1.1655488799213667,19.423872083889574,0.0,0.0,-1277.4242191939063,0.0,1.8189894035458565e-11,0.0,2.220446049250313e-16
opening_hypothesis,recirculating,698.881411649422,698.881411649422,19690.671108620907,90000.0,0.0,0.0,0.0,0.0,391.39371670934895,0.0,0.0,1353333.3333333344,203.0,0.19782556470763285,0.05143464682398454,0.34864009265740104,0.3120144882019014,2.394560370629604,0.9058217082156456,0.8882779064761807,0.6323947809800718,1.4088610601158367,1.4088610601158367,1.2430610426154685,0.16580001750036835,0.0,0.0,0.0,0.0,1.1730716299846677,0.10544813791065062,0.1303412922205186,4.5706923600281195,309.3288913791089,474.7833086993141,7.906453611541682,307.92003031899304,1.1730716299846677,19.549238713694486,0.0,0.0,-1279.5630932203258,0.0,1.4551915228366852e-11,0.0,-4.440892098500626e-16
opening_hypothesis,recirculating,703.0380366657304,703.0380366657304,19688.83136272591,90000.0,0.0,0.0,0.0,0.0,393.6600451582275,0.0,0.0,1360000.0000000012,204.0,0.1990021401286165,0.05174055643344029,0.3526130716371971,0.3119427409657195,2.4104522865487885,0.9052889811505622,0.8880668851932927,0.6318268385404369,1.4172403173537125,1.4172403173537125,1.2428744965983116,0.1743658207554009,0.0,0.0,0.0,0.0,1.1806272008553975,0.10543231640327075,0.13118080009504413,4.57111945051164,311.16863727410816,474.08692852720685,7.913560638782521,309.75139695675443,1.1806272008553975,19.6751523022552,0.0,0.0,-1281.7035080806436,0.0,1.8189894035458565e-11,0.0,2.220446049250313e-16
opening_hypothesis,recirculating,707.212526346539,707.212526346539,19686.983709828703,90000.0,0.0,0.0,0.0,0.0,395.92844757183076,0.0,0.0,1366666.666666668,205.0,0.20018377232644982,0.05204778080487696,0.35657873651418237,0.3118715681334506,2.4263149460567295,0.9047542798169584,0.8878575533336783,0.6312638615446263,1.425655587611461,1.425655587611461,1.2426871613027826,0.1829684263086784,0.0,0.0,0.0,0.0,1.188215243691519,0.10541642795421766,0.1320239159657243,4.57154845691611,313.016290171315,473.3875553985326,7.920618151284004,311.59063458370355,1.188215243691519,19.80160703611916,0.0,0.0,-1283.845455760383,0.0,1.8189894035458565e-11,0.0,0.0
opening_hypothesis,recirculating,711.4046869357841,711.4046869357841,19685.128235686825,90000.0,0.0,0.0,0.0,0.0,398.1989099678717,0.0,0.0,1373333.3333333347,206.0,0.20137040645648804,0.05235630567868689,0.360536741807392,0.3118009732181623,2.4421469672295677,0.9042176328797296,0.8876499212298892,0.6307058673934322,1.4341064803001082,1.4341064803001082,1.2424990455853866,0.19160743471472158,0.0,0.0,0.0,0.0,1.1958354062869319,0.10540047331462833,0.13287060069854797,4.571979360380318,314.87176431319256,472.6852217742134,7.927625631047154,313.43765783289246,1.1958354062869319,19.928597045771717,0.0,0.0,-1285.9889281467713,0.0,1.8189894035458565e-11,0.0,0.0
opening_hypothesis,recirculating,715.6143228913226,715.6143228913226,19683.265026848345,90000.0,0.0,0.0,0.0,0.0,400.4714182170227,0.0,0.0,1380000.0000000014,207.0,0.20256198716851834,0.052666116663814766,0.3644867464607891,0.3117309594698239,2.457946985843156,0.9036790691857794,0.8874439984406585,0.6301528714239223,1.4425926012301593,1.4425926012301593,1.242310158381161,0.20028244284899818,0.0,0.0,0.0,0.0,1.2034873331890727,0.10538445324230063,0.13372081479878584,4.572412141849348,316.7349731516751,471.9799604144022,7.934582585812504,315.29238055044493,1.2034873331890727,20.056116407595898,0.0,0.0,-1288.133917034098,0.0,1.8189894035458565e-11,0.0,0.0
opening_hypothesis,recirculating,719.8412369497797,719.8412369497797,19681.39417062315,90000.0,0.0,0.0,0.0,0.0,402.74595805025336,0.0,0.0,1386666.6666666681,208.0,0.20375845862511557,0.052977199242530054,0.3684284139395176,0.3116615298763823,2.47371365575807,0.903138617754473,0.8872397937540656,0.6296048869269564,1.4511135527423218,1.4511135527423218,1.2421205087007137,0.20899304404160812,0.0,0.0,0.0,0.0,1.2111706658167922,0.10536836850144163,0.134574518424088,4.572846782080908,318.60582937686996,471.27180436761864,7.941488549119339,317.15471582412766,1.2111706658167922,20.18415914583684,0.0,0.0,-1290.2804141290878,0.0,1.8189894035458565e-11,0.0,-2.220446049250313e-16
opening_hypothesis,recirculating,724.0852301915066,724.0852301915066,19679.51575505421,90000.0,0.0,0.0,0.0,0.0,405.0225150661846,0.0,0.0,1393333.333333335,209.0,0.2049597645200292,0.0532895387752076,0.37236141232202447,0.3115926871650366,2.489445649288098,0.9025963077681073,0.8870373151912841,0.6290619251660285,1.4596689338384543,1.4596689338384543,1.2419301056272591,0.21773882821119506,0.0,0.0,0.0,0.0,1.218885042578434,0.10535221986241645,0.13543167139760376,4.573283261651683,320.48424494580826,470.56078695986594,7.948343080341968,319.0245760119698,1.218885042578434,20.312719234569602,0.0,0.0,-1292.4284110562862,0.0,1.8189894035458565e-11,0.0,0.0
opening_hypothesis,recirculating,728.3461021056019,728.3461021056019,19677.629868888795,90000.0,0.0,0.0,0.0,0.0,407.3010747384497,0.0,0.0,1400000.0000000016,210.0,0.20616584809658825,0.05360312050511295,0.37628541438803226,0.3115244338037056,2.5051416575521293,0.9020521685624063,0.8868365700108989,0.6285239953973976,1.4682583403126406,1.4682583403126406,1.2417389583136516,0.22651938199898905,0.0,0.0,0.0,0.0,1.2266300989900292,0.10533600810149708,0.1362922332211143,4.573721560963701,322.3701311112234,469.846941783738,7.955145764703294,320.90187277091076,1.2266300989900292,20.441790599668835,0.0,0.0,-1294.5778993634522,0.0,1.8189894035458565e-11,0.0,0.0
opening_hypothesis,recirculating,732.6236506549558,732.6236506549558,19675.736601549677,90000.0,0.0,0.0,0.0,0.0,409.5816224230586,0.0,0.0,1406666.6666666684,211.0,0.2073766521661129,0.05391792956318935,0.3802000977023499,0.3114567720026854,2.5208003908093994,0.9015062296170454,0.8866375647137806,0.6279911048914564,1.4768813648823123,1.4768813648823123,1.2415470759794165,0.2353342889028956,0.0,0.0,0.0,0.0,1.2344054677935326,0.10531973400060933,0.13715616308817027,4.574161660250703,324.26339845034056,469.1303026875219,7.961896213265971,322.78651708545823,1.2344054677935326,20.571367120779218,0.0,0.0,-1296.7288705269507,0.0,1.8189894035458565e-11,0.0,0.0
opening_hypothesis,recirculating,736.9176723412726,736.9176723412726,19673.836043106363,90000.0,0.0,0.0,0.0,0.0,411.86414336575723,0.0,0.0,1413333.3333333351,212.0,0.20859211912631953,0.05423395097284308,0.3841051446945128,0.31138970371649116,2.536420578778051,0.9009585205462128,0.8864403050485035,0.627463258955305,1.4855375973193246,1.4855375973193246,1.2413544679077877,0.24418312941153664,0.0,0.0,0.0,0.0,1.2422107790750168,0.10530339834708351,0.13802341989722405,4.574603539584526,326.1639568936556,468.41090376430486,7.968594062901389,324.6784192963363,1.2422107790750168,20.701442633285154,0.0,0.0,-1298.8813159571434,0.0,1.8189894035458565e-11,0.0,2.220446049250313e-16
opening_hypothesis,recirculating,741.2279622700287,741.2279622700287,19671.928284246333,90000.0,0.0,0.0,0.0,0.0,414.1486227093763,0.0,0.0,1420000.0000000019,213.0,0.2098121909797079,0.054551169654724056,0.38800024273425,0.3113232306458786,2.5520009709369997,0.9004090710892123,0.88624479601729,0.6269404609564732,1.4942266245809053,1.4942266245809053,1.241161143442747,0.25306548113815835,0.0,0.0,0.0,0.0,1.2500456603827537,0.10528700193340144,0.13889396226475037,4.575047178881481,328.0717157536859,467.6887793410907,7.975238976236911,326.577489129105,1.2500456603827537,20.83201093027859,0.0,0.0,-1301.035227003769,0.0,1.8189894035458565e-11,0.0,-2.220446049250313e-16
opening_hypothesis,recirculating,745.5543142153253,745.5543142153253,19670.013416246344,90000.0,0.0,0.0,0.0,0.0,416.43504550116353,0.0,0.0,1426666.6666666686,214.0,0.2110368093519184,0.05486957043149879,0.391885084202782,0.31125735424004,2.567540336811128,0.8998579111011139,0.8860510418824705,0.6264227123477563,1.50294803094039,1.50294803094039,1.2409671119860681,0.2619809189543218,0.0,0.0,0.0,0.0,1.2579097368450989,0.10527054555694686,0.13976774853834428,4.575492557908729,329.98658375367467,466.96396396793546,7.981830641581636,328.4836357227343,1.2579097368450989,20.96306576452357,0.0,0.0,-1303.1905949613113,0.0,1.8189894035458565e-11,0.0,-2.220446049250313e-16
opening_hypothesis,recirculating,749.8965206845971,749.8965206845971,19668.091530943788,90000.0,0.0,0.0,0.0,0.0,418.7233967000927,0.0,0.0,1433333.3333333354,215.0,0.2122659155100483,0.055189138032612564,0.3957593665599553,0.31119207569896995,2.583037466239821,0.8993050705434588,0.8858590461734411,0.6259100126931131,1.5117013981176655,1.5117013981176655,1.2407723829943704,0.27092901512329504,0.0,0.0,0.0,0.0,1.2658026312881197,0.10525403001975486,0.14064473680979103,4.575939656290652,331.9084690562313,466.23649240710597,7.988368772831129,330.3967676581136,1.2658026312881197,21.094600850416512,0.0,0.0,-1305.3474110743475,0.0,1.8189894035458565e-11,0.0,0.0
opening_hypothesis,recirculating,754.254372983133,754.254372983133,19666.16272070813,90000.0,0.0,0.0,0.0,0.0,421.0136611841441,0.0,0.0,1440000.000000002,216.0,0.21349945038091528,0.055509857099037975,0.3996227924072267,0.31112739597599476,2.5984911696289066,0.8987505794750219,0.8856688116941023,0.6254023596945804,1.520486305409238,1.520486305409238,1.2405769659761825,0.27990933943305535,0.0,0.0,0.0,0.0,1.2737239643528764,0.10523745612826406,0.14152488492809734,4.576388453515213,333.83727929188854,465.50639962227075,7.9948531093515305,332.3167929864793,1.2737239643528764,21.226609865940684,0.0,0.0,-1307.5056665428747,0.0,1.8189894035458565e-11,0.0,0.0
opening_hypothesis,recirculating,758.627661278375,758.627661278375,19664.227078412456,90000.0,0.0,0.0,0.0,0.0,423.3058237575502,0.0,0.0,1446666.6666666688,217.0,0.21473735456925777,0.055831712188007025,0.40347506954651446,0.31106331578046076,2.613900278186058,0.89819446804264,0.885480340530767,0.6248997492201606,1.5293023298178503,1.5293023298178503,1.2403808704890151,0.2889214593288353,0.0,0.0,0.0,0.0,1.2816733546123054,0.10522082469306666,0.14240815051247835,4.576838928940295,335.77292158756177,464.77372076772735,8.001283415843448,334.24361925774394,1.2816733546123054,21.35908645461407,0.0,0.0,-1309.6653525276074,0.0,1.8189894035458565e-11,0.0,0.0
opening_hypothesis,recirculating,763.0161746639536,763.0161746639536,19662.284697405128,90000.0,0.0,0.0,0.0,0.0,425.5998691580009,0.0,0.0,1453333.3333333356,218.0,0.21597956837586077,0.056154687777723804,0.40731591103493636,0.31099983558057565,2.6292636441397454,0.8976367664721081,0.8852936340605166,0.624402175332636,1.5381490461815708,1.5381490461815708,1.2401841061364502,0.29796494004512053,0.0,0.0,0.0,0.0,1.2896504186876174,0.10520413652866263,0.1432944909652908,4.57729106180003,337.71530259489117,464.03849117767453,8.007659482186083,336.1771535487096,1.2896504186876174,21.492024227429145,0.0,0.0,-1311.826460155243,0.0,1.8189894035458565e-11,0.0,0.0
opening_hypothesis,recirculating,767.419701223425,767.419701223425,19660.335671481567,90000.0,0.0,0.0,0.0,0.0,427.895782063803,0.0,0.0,1460000.0000000023,219.0,0.21722603181559735,0.056478768272055314,0.4111450352354627,0.31093695560639695,2.6445801409418506,0.8970775050591511,0.8851086929599911,0.6239096303192571,1.547026027302278,1.547026027302278,1.2399866825652401,0.30703934473703787,0.0,0.0,0.0,0.0,1.2976547713641575,0.10518739245321397,0.14418386348490636,4.577744831211103,339.66432851845235,463.3007463555335,8.013981123262162,338.1173024911501,1.2976547713641575,21.625416764783683,0.0,0.0,-1313.9889805236905,0.0,1.8189894035458565e-11,0.0,0.0
opening_hypothesis,recirculating,771.8380280936722,771.8380280936722,19658.3800948562,90000.0,0.0,0.0,0.0,0.0,430.19354710098787,0.0,0.0,1466666.666666669,220.0,0.218476684635375,0.0568039380051975,0.4149621658635118,0.3108746758529625,2.6598486634540475,0.8965167141604741,0.8849255172145957,0.6234221047222663,1.5559328440734717,1.5559328440734717,1.2397886094624266,0.31614423461104507,0.0,0.0,0.0,0.0,1.3056860257066554,0.10517059328829928,0.14507622507851722,4.57820021617902,341.6199051438179,462.5605219633266,8.020248178764039,340.0639722997444,1.3056860257066554,21.75925761840141,0.0,0.0,-1316.1529047072577,0.0,1.4551915228366852e-11,0.0,-2.220446049250313e-16
opening_hypothesis,recirculating,776.2709415279377,776.2709415279377,19656.41806213456,90000.0,0.0,0.0,0.0,0.0,432.4931488503628,0.0,0.0,1473333.3333333358,221.0,0.21973146633197782,0.057130181246314235,0.41876703202952636,0.31081299608355667,2.6750681281181055,0.895954424184897,0.8847441061281079,0.6229395873702058,1.564869065607339,1.564869065607339,1.2395898965524792,0.3252791690548597,0.0,0.0,0.0,0.0,1.3137437931738003,0.10515373985867175,0.14597153257486667,4.5786571956043645,343.58193786545615,461.8178538111169,8.026460512981586,342.0170687998488,1.3137437931738003,21.89354031324138,0.0,0.0,-1318.3182237617928,0.0,1.4551915228366852e-11,0.0,2.220446049250313e-16
opening_hypothesis,recirculating,780.7182269584513,780.7182269584513,19654.449668285564,90000.0,0.0,0.0,0.0,0.0,434.7945718545002,0.0,0.0,1480000.0000000026,222.0,0.22099031616979367,0.05745748220414636,0.4225593682775623,0.31075191583310613,2.6902374731102494,0.8953906655845771,0.8845644583326652,0.6224620654099643,1.5738342593610026,1.5738342593610026,1.2393905535944478,0.3344437057665548,0.0,0.0,0.0,0.0,1.3218276837320864,0.10513683299201787,0.14686974263689845,4.579115748289003,345.5503317144506,461.0727778465158,8.032618014572364,343.9764974550896,1.3218276837320864,22.02825834939522,0.0,0.0,-1320.4849287297761,0.0,1.4551915228366852e-11,0.0,0.0
opening_hypothesis,recirculating,785.1796690586216,785.1796690586216,19652.47500861399,90000.0,0.0,0.0,0.0,0.0,437.0978006246603,0.0,0.0,1486666.6666666693,223.0,0.22225317319841834,0.05778582503158877,0.42633891461993934,0.31069143441170016,2.7053556584797573,0.8948254688463251,0.8843865717991182,0.6219895243395115,1.5828279912618939,1.5828279912618939,1.2391905903791411,0.3436374008827527,0.0,0.0,0.0,0.0,1.3299373059688588,0.10511987351871736,0.1477708117743176,4.579575852942267,347.52499138602593,460.3253301442638,8.038720596314677,345.94216339476407,1.3299373059688588,22.16340520397103,0.0,0.0,-1322.6530106453606,0.0,1.4551915228366852e-11,0.0,0.0
opening_hypothesis,recirculating,789.6550518047583,789.6550518047583,19650.494178733148,90000.0,0.0,0.0,0.0,0.0,439.4028196476415,0.0,0.0,1493333.333333336,224.0,0.2235199762701266,0.05811519383023292,0.4301054165679937,0.3106315509082286,2.720421666271975,0.8942588644830167,0.8842104438477312,0.6215219480412847,1.591849825832176,1.591849825832176,1.2389900167263246,0.35285980910585146,0.0,0.0,0.0,0.0,1.3380722672045124,0.1051028622716066,0.1486746963560569,4.58003748818709,349.5058212668671,459.5755468958898,8.04476819484398,347.9139714410349,1.3380722672045124,22.298974332963198,0.0,0.0,-1324.8224605393495,0.0,1.4551915228366852e-11,0.0,2.220446049250313e-16
opening_hypothesis,recirculating,794.144158537295,794.144158537295,19648.5072745378,90000.0,0.0,0.0,0.0,0.0,441.70961339255507,0.0,0.0,1500000.0000000028,225.0,0.22479066405720194,0.058445572654872505,0.43385862515898416,0.31057226419413186,2.735434500635937,0.893690883025107,0.8840360711592115,0.6210593188161702,1.600899326312162,1.600899326312162,1.2387888424819438,0.36211048383021827,0.0,0.0,0.0,0.0,1.3462321736037783,0.10508580008574173,0.149581352622642,4.5805006325661,351.4927254622167,458.8234643994543,8.050760770373321,349.8918261359045,1.3462321736037783,22.434959173106964,0.0,0.0,-1326.9932694441195,0.0,1.4551915228366852e-11,0.0,0.0
opening_hypothesis,recirculating,798.6467720214836,798.6467720214836,19646.514392177276,90000.0,0.0,0.0,0.0,0.0,444.0181663175185,0.0,0.0,1506666.6666666695,226.0,0.22606517506911683,0.05877694551797038,0.4375982969792048,0.3105135729272571,2.7503931879168193,0.8931215550122474,0.8838634497860504,0.6206016174180399,1.6099760547826683,1.6099760547826683,1.238587077515372,0.3713889772672962,0.0,0.0,0.0,0.0,1.3544166302860516,0.1050686877981666,0.15049073669845014,4.580965264547671,353.4856078227385,458.0691190493807,8.056698306398353,351.8756317679558,1.3544166302860516,22.57135314371705,0.0,0.0,-1329.1654283984726,0.0,1.4551915228366852e-11,0.0,0.0
opening_hypothesis,recirculating,803.1626745075292,803.1626745075292,19644.51562802888,90000.0,0.0,0.0,0.0,0.0,446.32846287626387,0.0,0.0,1513333.3333333363,227.0,0.22734344766955442,0.05910929639408415,0.44132419418335667,0.3104554755558141,2.7652967767334267,0.8925509109850129,0.8836925751641591,0.6201488230887969,1.619079572286238,1.619079572286238,1.2383847317166827,0.3806948405695552,0.0,0.0,0.0,0.0,1.3626252414347015,0.10505152624768055,0.1514028046038557,4.581431362531923,355.4843719711336,457.3125473263811,8.062580809387535,353.8652923988474,1.3626252414347015,22.7081496485093,0.0,0.0,-1331.338928452426,0.0,1.4551915228366852e-11,0.0,2.220446049250313e-16
opening_hypothesis,recirculating,807.6916477901408,807.6916477901408,19642.511078671512,90000.0,0.0,0.0,0.0,0.0,448.6404875246567,0.0,0.0,1520000.000000003,228.0,0.2286254200932649,0.05944260922424888,0.445036084510241,0.31039797032242517,2.780144338040964,0.8919789814767393,0.88352344212478,0.6197009135938855,1.6282094389471888,1.6282094389471888,1.2381818149939556,0.39002762395323326,0.0,0.0,0.0,0.0,1.3708576104053207,0.1050343162746104,0.15231751226725782,4.581898904856669,357.4889213284981,456.5537857874787,8.068408308458132,355.86071188955094,1.3708576104053207,22.84534207740467,0.0,0.0,-1333.5137606719234,0.0,1.0913936421275139e-11,0.0,0.0
opening_hypothesis,recirculating,812.2334732674676,812.2334732674676,19640.5008408596,90000.0,0.0,0.0,0.0,0.0,450.95422472712136,0.0,0.0,1526666.6666666698,229.0,0.2299110304627483,0.05977686792031456,0.4487337412948325,0.3103410552682628,2.79493496517933,0.891405797005477,0.8833560449066553,0.6192578652582171,1.6373652140904225,1.6373652140904225,1.2379783372706037,0.3993868768198187,0.0,0.0,0.0,0.0,1.3791133398328552,0.10501705872058335,0.15323481553698387,4.5823678698033135,359.4991591404084,455.79287105613474,8.074180855038648,357.86179392631794,1.3791133398328552,22.98292380831453,0.0,0.0,-1335.689916143478,0.0,7.275957614183426e-12,0.0,0.0
opening_hypothesis,recirculating,816.7879319994003,816.7879319994003,19638.485011497283,90000.0,0.0,0.0,0.0,0.0,453.26965896296963,0.0,0.0,1533333.3333333365,230.0,0.23120021680475697,0.06011205636923681,0.4524169434767983,0.3102847282372695,2.809667773907193,0.8908313880660623,0.8831903771684397,0.6188196530024794,1.646546456358951,1.646546456358951,1.2377743084827346,0.40877214787621613,0.0,0.0,0.0,0.0,1.3873920317375825,0.10499975442830373,0.1541546701930647,4.5828382356026856,361.5149885027256,455.0298398124804,8.079898522518267,359.8684420463666,1.3873920317375825,23.120888208906813,0.0,0.0,-1337.867385978734,0.0,7.275957614183426e-12,0.0,0.0
opening_hypothesis,recirculating,821.3548047652076,821.3548047652076,19636.463687612904,90000.0,0.0,0.0,0.0,0.0,455.5867747326281,0.0,0.0,1540000.0000000033,231.0,0.23249291706661046,0.060448158437318725,0.4560854756055282,0.31022898688045336,2.8243419024221126,0.8902557851223102,0.8830264320013335,0.6183862503797709,1.6557527238300866,1.6557527238300866,1.2375697385765452,0.4181829852535414,0.0,0.0,0.0,0.0,1.3956932876298798,0.10498240424133137,0.15507703195887548,4.583309980440822,363.53631238710625,454.26472878366087,8.085561405884008,361.8805596632762,1.3956932876298798,23.259228638351946,0.0,0.0,-1340.0461613189475,0.0,1.0913936421275139e-11,0.0,0.0
opening_hypothesis,recirculating,825.9338721204894,825.9338721204894,19634.4369663338,90000.0,0.0,0.0,0.0,0.0,457.9055565637614,0.0,0.0,1546666.66666667,232.0,0.23378906913231642,0.060785157974402274,0.45973912784174537,0.3101738286602535,2.8389565113669812,0.8896790185993307,0.8828642019419222,0.6179576296125313,1.6649835741302519,1.6649835741302519,1.2373646375057388,0.4276189366245131,0.0,0.0,0.0,0.0,1.4040167086137498,0.10496500900386328,0.15600185651263884,4.58378308246468,365.56303366620944,453.4975747342937,8.091169621346166,363.8980500920792,1.4040167086137498,23.39793844904814,0.0,0.0,-1342.2262333393846,0.0,1.0913936421275139e-11,0.0,0.0
opening_hypothesis,recirculating,830.5249144534204,830.5249144534204,19632.404944861417,90000.0,0.0,0.0,0.0,0.0,460.22598901728804,0.0,0.0,1553333.3333333367,233.0,0.2350886108384912,0.061123038818007715,0.4633776959557692,0.31011925085496983,2.8535107838230767,0.8891011188759722,0.8827036789852054,0.6175337616297166,1.6742385645483608,1.6742385645483608,1.2371590152289913,0.4370795493193696,0.0,0.0,0.0,0.0,1.412361895489059,0.10494756956051764,0.1569290994987843,4.584257519787793,367.59505513859125,452.72841445704614,8.096723305952755,365.9208165740429,1.412361895489059,23.537010988325168,0.0,0.0,-1344.4075932536343,0.0,7.275957614183426e-12,0.0,0.0
opening_hypothesis,recirculating,835.1277120402664,835.1277120402664,19630.36772044673,90000.0,0.0,0.0,0.0,0.0,462.5480566932852,0.0,0.0,1560000.0000000035,234.0,0.2363914799900741,0.06146178479741927,0.4670009813225021,0.3100652505632511,2.8680039252900085,0.8885221162773934,0.8825448545977975,0.6171146161041879,1.683517252147732,1.683517252147732,1.2369528817074344,0.4465643704402976,0.0,0.0,0.0,0.0,1.420728448852449,0.1049300867561221,0.15785871653916095,4.584733270495855,369.6322795532759,451.95728476333386,8.102222617193442,367.94876230112817,1.420728448852449,23.67643960012606,0.0,0.0,-1346.5902323178304,0.0,7.275957614183426e-12,0.0,0.0
opening_hypothesis,recirculating,839.7420451001506,839.7420451001506,19628.32539036601,90000.0,0.0,0.0,0.0,0.0,464.8717442367807,0.0,0.0,1566666.6666666702,235.0,0.23769761437582965,0.06180137973771571,0.47060879091321606,0.3100118247086355,2.8824351636528642,0.8879420410677674,0.8823877197312808,0.6167001614902631,1.6928191938764914,1.6928191938764914,1.2367462469021866,0.4560729469743049,0.0,0.0,0.0,0.0,1.4291159691968904,0.1049125614355021,0.1587906632440989,4.585210312652238,371.67460963399634,451.1842224741463,8.107667732593814,369.9817904401198,1.4291159691968904,23.816217626666177,0.0,0.0,-1348.774141834786,0.0,7.275957614183426e-12,0.0,0.0
opening_hypothesis,recirculating,844.3676938490523,844.3676938490523,19626.278051896916,90000.0,0.0,0.0,0.0,0.0,467.19703634342795,0.0,0.0,1573333.333333337,236.0,0.2390069517836325,0.062141807463744446,0.4742009372842151,0.30995897004413764,2.8968037491368603,0.8873609234431182,0.8822322648356989,0.6162903650613992,1.7021439466764274,1.7021439466764274,1.2365391207719123,0.46560482590451513,0.0,0.0,0.0,0.0,1.4375240570098362,0.10489499444327624,0.1597248952233151,4.585688624303442,373.7219481030937,450.409264410999,8.113058849300467,372.0198041564173,1.4375240570098362,23.95633841006892,0.0,0.0,-1350.9593131580305,0.0,1.0913936421275139e-11,0.0,0.0
opening_hypothesis,recirculating,849.0044385530201,849.0044385530201,19624.22580229494,90000.0,0.0,0.0,0.0,0.0,469.5239177650626,0.0,0.0,1580000.0000000037,237.0,0.24031943001552986,0.062483051804037765,0.4777772385624527,0.3099066831568781,2.9111089542498108,0.8867787935242932,0.8820784798731709,0.6158851929479675,1.7114910675902621,1.7114910675902621,1.2363315132704202,0.47515955431984186,0.0,0.0,0.0,0.0,1.44595231286995,0.10487738662365091,0.1606613680966611,4.586168183484467,375.7741977050702,449.63244738701974,8.118396183657593,374.06270663747995,1.44595231286995,24.096795293977717,0.0,0.0,-1353.1457376957562,0.0,1.0913936421275139e-11,0.0,0.0
opening_hypothesis,recirculating,853.6520595805815,853.6520595805815,19622.168738770226,90000.0,0.0,0.0,0.0,0.0,471.8523733151378,0.0,0.0,1586666.6666666705,238.0,0.24163498690257668,0.06282509659466994,0.4813375184281808,0.3098549604727469,2.925350073712723,0.8861956813500732,0.8819263543316086,0.6154846101750772,1.7208601138673025,1.7208601138673025,1.2361234343443022,0.4847366795230003,0.0,0.0,0.0,0.0,1.4544003375423737,0.1048597388202206,0.16160003750470817,4.586648968224118,377.83126122978587,448.8538081981672,8.12367997077576,376.1104011159186,1.4544003375423737,24.237581625143658,0.0,0.0,-1355.3334069146654,0.0,1.0913936421275139e-11,0.0,0.0
opening_hypothesis,recirculating,858.3103374543343,858.3103374543343,19620.106958464716,90000.0,0.0,0.0,0.0,0.0,474.1823878740362,0.0,0.0,1593333.3333333372,239.0,0.2429535603194391,0.06316792568305417,0.48488160609471553,0.309803798261099,2.939526424378862,0.8856116168704199,0.8817758772385265,0.6150885807004214,1.7302506430674434,1.7302506430674434,1.2359148939306028,0.4943357491368404,0.0,0.0,0.0,0.0,1.4628677320725063,0.1048420518757698,0.16254085911916732,4.587130956550226,379.893041535293,448.07338361458807,8.128910464093378,378.16279089222553,1.4628677320725063,24.378690754988316,0.0,0.0,-1357.522312343719,0.0,7.275957614183426e-12,0.0,0.0
opening_hypothesis,recirculating,862.9790529017046,862.9790529017046,19618.040558429708,90000.0,0.0,0.0,0.0,0.0,476.5139463942563,0.0,0.0,1600000.000000004,240.0,0.244275088198762,0.06351152293167812,0.48840933628539657,0.3097531926394736,2.953637345141586,0.8850266299398653,0.8816270371749224,0.6146970674520991,1.739662213163488,1.739662213163488,1.2357059019545362,0.5039563112089518,0.0,0.0,0.0,0.0,1.4713540978782669,0.10482432663208066,0.1634837886531407,4.587614126494797,381.95944157030203,447.29121037211286,8.134087934931673,380.2197793571385,1.4713540978782669,24.520116041141318,0.0,0.0,-1359.7124455777862,0.0,1.0913936421275139e-11,0.0,-2.220446049250313e-16
opening_hypothesis,recirculating,867.6579869048571,867.6579869048571,19615.96963560374,90000.0,0.0,0.0,0.0,0.0,478.84703390547253,0.0,0.0,1606666.6666666707,241.0,0.24559950854529675,0.06385587222177716,0.4919205492078268,0.3097031395783339,2.967682196831307,0.8844407503110419,0.8814798222892174,0.6143100323663857,1.7490943826417633,1.7490943826417633,1.2354964683272331,0.5135979143145301,0.0,0.0,0.0,0.0,1.4798590368408207,0.10480656392974033,0.16442878187120225,4.5880984560990825,384.03036439627243,446.50732516389473,8.139212672043598,382.28127001363066,1.4798590368408207,24.661850848952273,0.0,0.0,-1361.9037982811915,0.0,1.0913936421275139e-11,0.0,0.0
opening_hypothesis,recirculating,872.3469207497462,872.3469207497462,19613.894286790885,90000.0,0.0,0.0,0.0,0.0,481.18163551946515,0.0,0.0,1613333.3333333374,242.0,0.24692675944978526,0.06420095745694417,0.49541509052547233,0.3096536349058213,2.9816603621018896,0.883854007628356,0.8813342203112392,0.6139274364254196,1.7585467106009982,1.7585467106009982,1.2352866029435359,0.5232601076574623,0.0,0.0,0.0,0.0,1.488382151393739,0.10478876460795497,0.1653757945993043,4.588583923418571,386.10571320912237,445.72176463219125,8.144284981157385,384.34716649852135,1.488382151393739,24.80388855297666,0.0,0.0,-1364.0963621911596,0.0,7.275957614183426e-12,0.0,-2.220446049250313e-16
opening_hypothesis,recirculating,877.0456360742937,877.0456360742937,19611.814608639455,90000.0,0.0,0.0,0.0,0.0,483.5177364349211,0.0,0.0,1620000.0000000042,243.0,0.2482567791025977,0.06454676256667541,0.4988928113267107,0.30960467431251937,2.995571245306843,0.8832664314218042,0.8811902185662335,0.6135492396947635,1.7680187568494472,1.7680187568494472,1.235076315679831,0.5329424411696161,0.0,0.0,0.0,0.0,1.4969230446105735,0.10477092950436565,0.1663247827345081,4.589070506527883,388.185391360553,444.9345653602931,8.14930518451537,386.41737260370354,1.4969230446105735,24.946222538435205,0.0,0.0,-1366.2901291211572,0.0,7.275957614183426e-12,0.0,0.0
opening_hypothesis,recirculating,881.7539149156855,881.7539149156855,19609.730697621024,90000.0,0.0,0.0,0.0,0.0,485.8553219421026,0.0,0.0,1626666.666666671,244.0,0.24958950580711986,0.06489327150985116,0.5023535680914066,0.30955625335622244,3.0094142723656265,0.8826780511009358,0.8810478039888896,0.6131754013608185,1.777510082000232,1.777510082000232,1.2348656163919185,0.5426444656083135,0.0,0.0,0.0,0.0,1.5054813202908286,0.10475305945486708,0.16727570225453645,4.589558183525613,390.26930237898205,444.14576386460055,8.154273620408636,388.4917922969818,1.5054813202908286,25.088846202646657,0.0,0.0,-1368.4850909641273,0.0,7.275957614183426e-12,0.0,0.0
opening_hypothesis,recirculating,886.4715397567743,886.4715397567743,19607.642650009926,90000.0,0.0,0.0,0.0,0.0,488.1943774273828,0.0,0.0,1633333.3333333377,245.0,0.25092487799288815,0.06524046827815091,0.5057972226551061,0.3095083674667045,3.0231888906204243,0.8820888959489598,0.8809069631373663,0.6128058797680579,1.787020247564886,1.787020247564886,1.2346545149129295,0.5523657326519564,0.0,0.0,0.0,0.0,1.5140565830443087,0.1047351552934319,0.16822850922714536,4.590046932539055,392.3573499900817,443.35539658684877,8.15919064270803,390.5703297425168,1.5140565830443087,25.231752956433404,0.0,0.0,-1370.6812396956207,0.0,7.275957614183426e-12,0.0,0.0
opening_hypothesis,recirculating,891.1982935715815,891.1982935715815,19605.55056186309,90000.0,0.0,0.0,0.0,0.0,490.5348883776487,0.0,0.0,1640000.0000000044,246.0,0.25226283422846946,0.06558833689940206,0.5092236421709297,0.30946101195048353,3.036894568683719,0.8814989951169978,0.8807676822073046,0.6124406324560469,1.7965488160450795,1.7965488160450795,1.2344430210512796,0.5621057949938001,0.0,0.0,0.0,0.0,1.5226484383738286,0.10471721785193686,0.16918315981931425,4.590536731728865,394.44943813691845,442.5634998864851,8.16405662039224,392.6528893208734,1.5226484383738286,25.37493622549985,0.0,0.0,-1372.8785673768202,0.0,7.275957614183426e-12,0.0,-2.220446049250313e-16
opening_hypothesis,recirculating,895.9339598698898,895.9339598698898,19603.454529000315,90000.0,0.0,0.0,0.0,0.0,492.8768403845686,0.0,0.0,1646666.6666666712,247.0,0.2536033132340832,0.06593686144086164,0.5126326990692514,0.30941418199557646,3.0505307962770054,0.880908377618485,0.8806299470458132,0.6120796161962251,1.8060953510225133,1.8060953510225133,1.2342311445886698,0.5718642064338435,0.0,0.0,0.0,0.0,1.5312564927562684,0.10469924795999283,0.170139610306252,4.591027559293631,396.54547099968966,441.7701100331979,8.1688719370734,394.73937564866714,1.5312564927562684,25.51838945178321,0.0,0.0,-1375.0770661574566,0.0,3.637978807091713e-12,0.0,0.0
opening_hypothesis,recirculating,900.6783227409184,900.6783227409184,19601.35464698495,90000.0,0.0,0.0,0.0,0.0,495.22021914872454,0.0,0.0,1653333.333333338,248.0,0.25494625389396436,0.06628602601243073,0.5160242710152486,0.309367872676241,3.0640970840609945,0.8803170723237157,0.8804937431654147,0.6117227870284219,1.8156594172469624,1.8156594172469624,1.234018895278123,0.5816405219688394,0.0,0.0,0.0,0.0,1.5398803537219652,0.10468124644477889,0.1710978170802183,4.591519393474352,398.6453530150546,440.9752631996002,8.173636990520823,396.8296935978076,1.5398803537219652,25.662106094776547,0.0,0.0,-1377.2767282786194,0.0,3.637978807091713e-12,0.0,2.220446049250313e-16
opening_hypothesis,recirculating,905.4311668960763,905.4311668960763,19599.25101110495,90000.0,0.0,0.0,0.0,0.0,497.5650104836099,0.0,0.0,1660000.0000000047,249.0,0.2562915952684652,0.06663581476980095,0.5193982408644104,0.30932207895770003,3.0775929634576418,0.8797251079545383,0.8803590557579413,0.611370100297083,1.825240580722462,1.825240580722462,1.2338062828420695,0.5914342978803927,0.0,0.0,0.0,0.0,1.548519629932425,0.10466321413087883,0.1720577366591583,4.592012212558834,400.7489888950573,440.1789954540658,8.178352192183343,398.9237483143349,1.548519629932425,25.806079632823863,0.0,0.0,-1379.4775460754572,0.0,7.275957614183426e-12,0.0,0.0
opening_hypothesis,recirculating,910.1922777107872,910.1922777107872,19597.143716354367,90000.0,0.0,0.0,0.0,0.0,499.91120031948975,0.0,0.0,1666666.6666666714,250.0,0.2576392766058939,0.06698621191753241,0.5227544966160836,0.30927679570084354,3.0910179864643346,0.8791325130791957,0.8802258697083634,0.6110215106871734,1.8348384087916214,1.8348384087916214,1.233593316970469,0.6012450918211525,0.0,0.0,0.0,0.0,1.5571739312563482,0.1046451518401236,0.17301932569514974,4.592505994886003,402.8562836456385,439.38134275372323,8.18301796671094,401.0214452368469,1.5571739312563482,25.950303564387042,0.0,0.0,-1381.679511979774,0.0,3.637978807091713e-12,0.0,-2.220446049250313e-16
opening_hypothesis,recirculating,914.9614412653813,914.9614412653813,19595.03285741527,90000.0,0.0,0.0,0.0,0.0,502.25877470712635,0.0,0.0,1673333.3333333381,251.0,0.2589892373540901,0.06733720171206342,0.5260929313651473,0.3092320176669058,3.1043717254605894,0.8785393161073144,0.8800941696085465,0.6106769722597428,1.8444524702180567,1.8444524702180567,1.2333800073189842,0.6110724628990724,0.0,0.0,0.0,0.0,1.5658428688439594,0.10462706039143518,0.1739825409826621,4.593000718850117,404.9671425847345,438.5823409376043,8.187634751475974,403.12269011451644,1.5658428688439594,26.094771409284583,0.0,0.0,-1383.882618522513,0.0,3.637978807091713e-12,0.0,0.0
opening_hypothesis,recirculating,919.7384443850519,919.7384443850519,19592.918528640042,90000.0,0.0,0.0,0.0,0.0,504.60771982136725,0.0,0.0,1680000.000000005,252.0,0.2603414171717342,0.0676887684646509,0.5294134432518948,0.3091877395221124,3.117653773007579,0.877945545285039,0.8799639397709189,0.6103364384871284,1.8540823352669384,1.8540823352669384,1.2331663635071874,0.620915971759751,0.0,0.0,0.0,0.0,1.5745260551996376,0.10460894060067437,0.17494733946662636,4.593496362904897,407.08147135996245,437.7820257199503,8.192202996094665,405.2273890246955,1.5745260551996376,26.23947670990196,0.0,0.0,-1386.0868583361366,0.0,3.637978807091713e-12,0.0,2.220446049250313e-16
opening_hypothesis,recirculating,924.5230746788721,924.5230746788721,19590.800824034115,90000.0,0.0,0.0,0.0,0.0,506.9580219645985,0.0,0.0,1686666.6666666716,253.0,0.261695755939392,0.06804089654424192,0.5327159354102108,0.3091439558422945,3.130863741640843,0.8773512286903148,0.8798351642420427,0.6099998622877661,1.8637275757836447,1.8637275757836447,1.2329523951168189,0.6307751806668259,0.0,0.0,0.0,0.0,1.5832231042528357,0.10459079328049395,0.17591367825031504,4.593992905567569,409.1991759658888,436.98043268367513,8.196723161949274,407.33544839010517,1.5832231042528357,26.384413032373505,0.0,0.0,-1388.2922241568963,0.0,3.637978807091713e-12,0.0,0.0
opening_hypothesis,recirculating,929.3151205778711,929.3151205778711,19588.67983723912,90000.0,0.0,0.0,0.0,0.0,509.30966757006064,0.0,0.0,1693333.3333333384,254.0,0.26305219377029243,0.06839357038027603,0.5360003159141249,0.3091006611174661,3.1440012636564996,0.8767563942283164,0.8797078268160768,0.6096671960605999,1.8733877652705186,1.8733877652705186,1.2327381116900804,0.6406496535804381,0.0,0.0,0.0,0.0,1.591933631427293,0.10457261924019311,0.1768815146030325,4.59449032542281,411.32016276088274,436.17759727398635,8.201195721711438,409.4467749956122,1.591933631427293,26.529573967735836,0.0,0.0,-1390.498708826996,0.0,3.637978807091713e-12,0.0,2.220446049250313e-16
opening_hypothesis,recirculating,934.1143713721677,934.1143713721677,19586.555661516453,90000.0,0.0,0.0,0.0,0.0,511.66264320503063,0.0,0.0,1700000.0000000051,255.0,0.26441067102083854,0.06874677446541802,0.5392664977228212,0.30905784975636197,3.157065990891285,0.8761610696270218,0.8795819110481234,0.6093383917190629,1.8830624789617254,1.8830624789617254,1.232523522727983,0.6505389562337424,0.0,0.0,0.0,0.0,1.6006572537085326,0.10455441928557813,0.17785080596761468,4.5949886011266114,413.4443384835514,435.3735547921639,8.205621158867114,411.5612760045897,1.6006572537085326,26.674953133052696,0.0,0.0,-1392.7063052966491,0.0,3.637978807091713e-12,0.0,0.0
opening_hypothesis,recirculating,938.9206172471612,938.9206172471612,19584.428389731245,90000.0,0.0,0.0,0.0,0.0,514.0169355738677,0.0,0.0,1706666.6666666719,256.0,0.26577112830085164,0.06910049335822142,0.5425143986241899,0.3090155160909313,3.1700575944967597,0.8755652824329322,0.8794574002674451,0.6090134007246107,1.8927512938962072,1.8927512938962072,1.232308637688724,0.6604426562074831,0.0,0.0,0.0,0.0,1.6093935897096452,0.1045361942188237,0.17882150996773832,4.595487711410048,415.5716102687579,434.5683403894968,8.209999967243654,413.6788589748617,1.6093935897096452,26.820544172511237,0.0,0.0,-1394.9150066260277,0.0,3.637978807091713e-12,0.0,0.0
opening_hypothesis,recirculating,943.73364931878,943.73364931878,19582.29811433678,90000.0,0.0,0.0,0.0,0.0,516.3725315209252,0.0,0.0,1713333.3333333384,257.0,0.26713350648354905,0.06945471168572276,0.5457439411769998,0.30897365438078617,3.182975764707999,0.8749690600069364,0.8793342775905476,0.6086921741197968,1.902453788988742,1.902453788988742,1.2320934659861225,0.6703603230026196,0.0,0.0,0.0,0.0,1.6181422597353605,0.10451794483834143,0.17979358441504,4.59598763508295,417.7018856632232,433.76198906137813,8.214332650539301,415.7994318742345,1.6181422597353605,26.966340758489782,0.0,0.0,-1397.1248059871068,0.0,3.637978807091713e-12,0.0,2.220446049250313e-16
opening_hypothesis,recirculating,948.5532596677875,948.5532596677875,19580.164927359296,90000.0,0.0,0.0,0.0,0.0,518.7294180333292,0.0,0.0,1720000.0000000051,258.0,0.2684977467152544,0.06980941414596614,0.5489550526517669,0.3089322588175997,3.1958202106070677,0.874372429520319,0.8792125259341169,0.6083746625608647,1.9121695450990994,1.9121695450990994,1.2318780169880836,0.6802915281110158,0.0,0.0,0.0,0.0,1.626902885844406,0.10449967193864845,0.18076698731604507,4.596488351037499,419.83507264070954,432.95453564155713,8.218619721855653,417.9229030956104,1.626902885844406,27.11233659259702,0.0,0.0,-1399.3356966654035,0.0,3.637978807091713e-12,0.0,0.0
opening_hypothesis,recirculating,953.3792413731495,953.3792413731495,19578.028920383218,90000.0,0.0,0.0,0.0,0.0,521.0875822436237,0.0,0.0,1726666.6666666719,259.0,0.26986379042484276,0.07016458551045912,0.5521476649704063,0.30889132352945314,3.2085906598816254,0.8737754179509117,0.8790921280278035,0.6080608163498465,1.9218981450993045,1.9218981450993045,1.231662300015117,0.6902358450841874,0.0,0.0,0.0,0.0,1.6356750919101555,0.1044813763102428,0.18174167687890613,4.596989838251723,421.97107961678904,432.14601479654937,8.222861703233415,420.04918147168974,1.6356750919101555,27.25852540668274,0.0,0.0,-1401.5476720616123,0.0,7.275957614183426e-12,0.0,0.0
opening_hypothesis,recirculating,958.211388544462,958.211388544462,19575.89018453681,90000.0,0.0,0.0,0.0,0.0,523.4470114322849,0.0,0.0,1733333.3333333386,260.0,0.2712315793329198,0.07052021062655915,0.5553217146447363,0.3088508425851274,3.2212868585789454,0.873178052079386,0.8789730664268454,0.6077505854661537,1.93163917393901,1.93163917393901,1.2314463243388933,0.7001928496001166,0.0,0.0,0.0,0.0,1.6444585036795771,0.10446305873947989,0.18271761151995297,4.597492075792901,424.109815463197,431.3364610202035,8.227059125191834,422.178176289258,1.6444585036795771,27.40490096382015,0.0,0.0,-1403.760725693136,0.0,7.275957614183426e-12,0.0,0.0
opening_hypothesis,recirculating,963.0494963534453,963.0494963534453,19573.748810478235,90000.0,0.0,0.0,0.0,0.0,525.8076930301032,0.0,0.0,1740000.0000000054,261.0,0.2726010554607362,0.07087627441979141,0.5584771427139152,0.30881080999833793,3.233908570855661,0.8725803584856884,0.8788553235245233,0.6074439195976407,1.9413922187089832,1.9413922187089832,1.2312300991808425,0.7101621195281407,0.0,0.0,0.0,0.0,1.6532527488304758,0.10444472000845466,0.18369474987005283,4.597995042820879,426.25118952177064,430.5259086284255,8.231212526272229,424.30979730306166,1.6532527488304758,27.551457059259878,0.0,0.0,-1405.9748511955147,0.0,7.275957614183426e-12,0.0,0.0
opening_hypothesis,recirculating,967.8933610645062,967.8933610645062,19571.604888382026,90000.0,0.0,0.0,0.0,0.0,528.1696146204382,0.0,0.0,1746666.666666672,262.0,0.273972161138839,0.07123276189609815,0.561613894680886,0.30877121973190974,3.246455578723544,0.8719823635456131,0.8787388815644405,0.6071407681711373,1.9511568687027165,1.9511568687027165,1.2310136337107997,0.7201432349919169,0.0,0.0,0.0,0.0,1.6620574570270474,0.10442636089488612,0.184673050780783,4.598498718591301,428.3951116179767,429.71439175405794,8.235322452585871,426.443954749274,1.6620574570270474,27.698187521355745,0.0,0.0,-1408.190042323754,0.0,3.637978807091713e-12,0.0,0.0
opening_hypothesis,recirculating,972.7427800643732,972.7427800643732,19569.458507925974,90000.0,0.0,0.0,0.0,0.0,530.5327639413433,0.0,0.0,1753333.3333333388,263.0,0.2753448390154597,0.07158965814401952,0.5647319204479,0.30873206570189105,3.2589276817916,0.8713840934275159,0.8786237226526208,0.6068410803824341,1.9609327154761684,1.9609327154761684,1.2307969370456877,0.7301357784304806,0.0,0.0,0.0,0.0,1.6708722599737462,0.10440798217200598,0.1856524733304162,4.599003082458742,430.54149207402764,428.90194434191517,8.239389457366624,428.58055935855145,1.6708722599737462,27.84508621246248,0.0,0.0,-1410.406292953552,0.0,0.0,0.0,0.0
opening_hypothesis,recirculating,977.5975518908083,977.5975518908083,19567.309758278414,90000.0,0.0,0.0,0.0,0.0,532.8971288875638,0.0,0.0,1760000.0000000056,264.0,0.2767190320646418,0.07194694833680687,0.5678311742511956,0.30869334178160246,3.2713246970047822,0.8707855740891634,0.8785098287694191,0.6065448052257054,1.9707193529056424,1.9707193529056424,1.2305800182482445,0.7401393346573981,0.0,0.0,0.0,0.0,1.6796967914674732,0.10438958460844994,0.18663297682971922,4.599508113879751,432.6902417215902,428.08860014397334,8.243414100528677,430.7195223686846,1.6796967914674732,27.99214702980544,0.0,0.0,-1412.6235970824296,0.0,3.637978807091713e-12,0.0,0.0
opening_hypothesis,recirculating,982.4574762604026,982.4574762604026,19565.158728085917,90000.0,0.0,0.0,0.0,0.0,535.262697512411,0.0,0.0,1766666.6666666723,265.0,0.27809468359410855,0.07230461773446822,0.5709116145948986,0.30865504180562087,3.2836464583795943,0.8701868312747194,0.8783971817812379,0.6062518915223701,1.9805163772438201,1.9805163772438201,1.2303628863257925,0.7501534909180277,0.0,0.0,0.0,0.0,1.688530687448099,0.10437116896815465,0.18761452082756652,4.600013792415821,434.8412719140873,427.2743927147134,8.24739694822957,432.8607555368435,1.688530687448099,28.13936390632257,0.0,0.0,-1414.8419488307597,0.0,3.637978807091713e-12,0.0,0.0
opening_hypothesis,recirculating,987.3223540954589,987.3223540954589,19563.005505461406,90000.0,0.0,0.0,0.0,0.0,537.6294580295108,0.0,0.0,1773333.333333339,266.0,0.27947173725287205,0.07266265168574673,0.5739732041842175,0.30861715957369557,3.29589281673687,0.8695878905118659,0.8782857634520458,0.6059622879493745,1.9903233871739534,1.9903233871739534,1.2301455502290526,0.7601778369449009,0.0,0.0,0.0,0.0,1.697373586047328,0.10435273601025571,0.18859706511636973,4.600520097736244,436.99449453859694,426.4593554066172,8.251338572438899,435.004171151423,1.697373586047328,28.28673081147872,0.0,0.0,-1417.0613424427033,0.0,3.637978807091713e-12,0.0,0.0
opening_hypothesis,recirculating,992.19198754997,992.19198754997,19560.85017797265,90000.0,0.0,0.0,0.0,0.0,539.997398814431,0.0,0.0,1780000.0000000058,267.0,0.2808501370385872,0.07302103563003268,0.5770159098580001,0.30857968885459486,3.3080636394320004,0.8689887771090562,0.8781755554546908,0.6056759430668888,2.0001399838622334,2.0001399838622334,1.2299280188509918,0.7702119650112417,0.0,0.0,0.0,0.0,1.706225127635918,0.10433428648899112,0.18958056973732418,4.6010270096209025,439.14982202735,425.6435213658157,8.255239550512934,437.14968204348776,1.706225127635918,28.43424175205257,0.0,0.0,-1419.2817722870498,0.0,0.0,0.0,0.0
opening_hypothesis,recirculating,997.0661800346979,997.0661800346979,19558.692832631168,90000.0,0.0,0.0,0.0,0.0,542.3665084061879,0.0,0.0,1786666.6666666726,268.0,0.28222982730465007,0.07337975509920902,0.5800397025207179,0.3085426233898822,3.3201588100828716,0.8683895161529005,0.8780665393820065,0.6053928053454166,2.0099657710083467,2.0099657710083467,1.2297103010257207,0.780255469982626,0.0,0.0,0.0,0.0,1.7150849548692662,0.10431582115360669,0.19056499498547397,4.6015345079629535,441.3071673688306,424.82692352788683,8.259100464775377,439.29720159782227,1.7150849548692662,28.58189077289632,0.0,0.0,-1421.5032328579628,0.0,0.0,0.0,0.0
opening_hypothesis,recirculating,1001.9447362413613,1001.9447362413613,19556.533555881517,90000.0,0.0,0.0,0.0,0.0,544.7367755086342,0.0,0.0,1793333.3333333393,269.0,0.2836107527670449,0.07373879571943168,0.5830445570739446,0.3085059568976199,3.3321782282957786,0.8677901325056819,0.8779586967577057,0.6051128231923036,2.0198003548942354,2.0198003548942354,1.2294924055274261,0.7903079493668091,0.0,0.0,0.0,0.0,1.7239527127313719,0.10429734074826665,0.1915503014145968,4.602042572771441,443.4664441184816,424.0095946138035,8.262921902104544,441.44664376358736,1.7239527127313719,28.72967195766831,0.0,0.0,-1423.7257187756372,0.0,0.0,0.0,0.0
opening_hypothesis,recirculating,1006.8274621659398,1006.8274621659398,19554.37243359098,90000.0,0.0,0.0,0.0,0.0,547.1081889917299,0.0,0.0,1800000.000000006,270.0,0.2849928585109402,0.07409814321284446,0.5860304523473902,0.3084696830759992,3.3441218093895606,0.8671906508029993,0.8778520090470565,0.6048359449776457,2.0296433444310744,2.0296433444310744,1.2292743410693432,0.8003690033617313,0.0,0.0,0.0,0.0,1.7328280485771983,0.10427884601196538,0.19253644984191087,4.602551184173817,445.6275664090191,423.1915671260292,8.26670445352714,443.59792306458803,1.7328280485771983,28.877579429539008,0.0,0.0,-1425.9492247868623,0.0,0.0,0.0,-4.440892098500626e-16
opening_hypothesis,recirculating,1011.7141651311024,1011.7141651311024,19552.20955103964,90000.0,0.0,0.0,0.0,0.0,549.4807378926984,0.0,0.0,1806666.6666666728,271.0,0.28637608999703773,0.07445778339922982,0.5889973710295551,0.308433795606896,3.3559894841182203,0.866591095451538,0.8777464576673412,0.6045621190595881,2.0394943512044867,2.0394943512044867,1.2290561163027742,0.8104382349017122,0.0,0.0,0.0,0.0,1.7417106121734374,0.10426033767844499,0.1935234013526041,4.603060322418367,447.79044896035964,422.37287334476065,8.270448713818901,445.75095460915514,1.7417106121734374,29.02560735187033,0.0,0.0,-1428.1737457654995,0.0,0.0,0.0,4.440892098500626e-16
opening_hypothesis,recirculating,1016.6046538077679,1016.6046538077679,19550.044992910836,90000.0,0.0,0.0,0.0,0.0,551.8544114170692,0.0,0.0,1813333.3333333395,272.0,0.28776039306767504,0.07481770219759551,0.5919452995980623,0.30839828815935016,3.367781198392249,0.8659914906269657,0.8776420239980888,0.6042912938090127,2.049352989518003,2.049352989518003,1.2288377398161392,0.8205152497018638,0.0,0.0,0.0,0.0,1.7506000557376997,0.10424181647611433,0.19451111730418882,4.6035699678765685,449.95500708916256,421.5535453243155,8.274155281112256,447.90565409964455,1.7506000557376997,29.173749928868766,0.0,0.0,-1430.3992767128716,0.0,0.0,0.0,0.0
opening_hypothesis,recirculating,1021.4987382358087,1021.4987382358087,19547.878843282004,90000.0,0.0,0.0,0.0,0.0,554.2291989396103,0.0,0.0,1820000.0000000063,273.0,0.2891457139526862,0.07517788562769841,0.5948742282497288,0.3083631543929692,3.379496912998915,0.8653918602719496,0.8775386893910859,0.6040234176336166,2.0592188764348016,2.0592188764348016,1.2286192201340698,0.830599656300732,0.0,0.0,0.0,0.0,1.7594960339761465,0.10422328312797224,0.19549955933068291,4.604080101045347,452.12115671799404,420.7336148896637,8.277824756511109,450.06193784155926,1.7594960339761465,29.32200140621248,0.0,0.0,-1432.625812758069,0.0,-3.637978807091713e-12,0.0,0.0
opening_hypothesis,recirculating,1026.3962298439028,1026.3962298439028,19545.71118561588,90000.0,0.0,0.0,0.0,0.0,556.6050900051509,0.0,0.0,1826666.666666673,274.0,0.2905319992750208,0.07553831981150541,0.59778415083043,0.3083283879612532,3.39113660332172,0.8647922280942975,0.8774364351801566,0.603758439001364,2.069091631817727,2.069091631817727,1.2284005657165409,0.8406910661011858,0.0,0.0,0.0,0.0,1.7683982041195732,0.10420473835153425,0.19648868934661917,4.604590702549262,454.2888143841135,419.9131136331017,8.281457743713135,452.21972275229575,1.7683982041195732,29.470356071652684,0.0,0.0,-1434.8533491581697,0.0,-7.275957614183426e-12,0.0,0.0
opening_hypothesis,recirculating,1031.296941468549,1031.296941468549,19543.542102752104,90000.0,0.0,0.0,0.0,0.0,558.9820743292975,0.0,0.0,1833333.3333333398,275.0,0.2919191960561268,0.07589899097459298,0.6006750647648165,0.3082939825148429,3.402700259059266,0.8641926175652158,0.8773352426907145,0.6034963064633315,2.078970878367618,2.078970878367618,1.2281817849580419,0.8507890934095766,0.0,0.0,0.0,0.0,1.777306225957971,0.1041861828587617,0.1974784695508856,4.605101753142604,456.4578972478897,419.09207291106657,8.28505484863941,454.3789263695221,1.777306225957971,29.618808255589585,0.0,0.0,-1437.0818812983794,0.0,-7.275957614183426e-12,0.0,-4.440892098500626e-16
opening_hypothesis,recirculating,1036.2006873722498,1036.2006873722498,19541.371676899147,90000.0,0.0,0.0,0.0,0.0,561.3601417990453,0.0,0.0,1840000.0000000065,276.0,0.293307251721097,0.07625988544748523,0.6035469709859337,0.30825993170468774,3.4141878839437347,0.8635930519176871,0.8772350932490817,0.6032369686759248,2.088856241659971,2.088856241659971,1.2279628861867833,0.8608933554731875,0.0,0.0,0.0,0.0,1.7862197618735782,0.10416761735599492,0.19846886243039755,4.605613233711408,458.62832310084906,418.2705238410901,8.288616679071827,456.5394668591891,1.7862197618735782,29.76735233162318,0.0,0.0,-1439.3114046920934,0.0,-3.637978807091713e-12,0.0,4.440892098500626e-16
opening_hypothesis,recirculating,1041.107283260877,1041.107283260877,19539.199989626635,90000.0,0.0,0.0,0.0,0.0,563.739282473288,0.0,0.0,1846666.6666666733,277.0,0.29469611410358476,0.07662098966693204,0.6063998738647992,0.3082262291851357,3.425599495459197,0.8629935541449617,0.8771359681915757,0.6029803744224824,2.0987473501799365,2.0987473501799365,1.2277438776639407,0.8710034725159959,0.0,0.0,0.0,0.0,1.795138476872443,0.10414904254388892,0.1994598307636047,4.606125125275396,460.80001037336115,417.44849729888887,8.292143844298181,458.7012630231812,1.795138476872443,29.91598271707926,0.0,0.0,-1441.54191498088,0.0,-3.637978807091713e-12,0.0,0.0
opening_hypothesis,recirculating,1046.0165463002259,1046.0165463002259,19537.027121858027,90000.0,0.0,0.0,0.0,0.0,566.1194865832249,0.0,0.0,1853333.33333334,278.0,0.2960857314504898,0.07698229017712735,0.6092337811399862,0.30819286861694284,3.4369351245599447,0.8623941469991642,0.8770378488733613,0.6027264726342558,2.108643835355699,2.108643835355699,1.2275247675829368,0.8811190677727623,0.0,0.0,0.0,0.0,1.8040620386145123,0.10413045911735232,0.20045133762383466,4.606637408989825,462.9728781419662,416.62602391559165,8.295636954765186,460.8642343066105,1.8040620386145123,30.064693873510848,0.0,0.0,-1443.7734079343854,0.0,-7.275957614183426e-12,0.0,-4.440892098500626e-16
opening_hypothesis,recirculating,1050.9282951317728,1050.9282951317728,19534.853153863645,90000.0,0.0,0.0,0.0,0.0,568.5007445326729,0.0,0.0,1860000.0000000068,279.0,0.29747605242641845,0.07734377363086879,0.6120487038472624,0.30815984367020316,3.4481948153890496,0.8617948529900106,0.8769407166770682,0.6024752124107726,2.118545331590238,2.118545331590238,1.227305564068763,0.8912397675214749,0.0,0.0,0.0,0.0,1.8129901174422727,0.10411186776549046,0.2014433463824747,4.607150066147265,465.14684613634915,415.8031340750984,8.29909662173945,463.02830080475894,1.8129901174422727,30.213480307175473,0.0,0.0,-1446.0058794501688,0.0,-7.275957614183426e-12,0.0,4.440892098500626e-16
opening_hypothesis,recirculating,1055.842349887644,1055.842349887644,19532.678165254027,90000.0,0.0,0.0,0.0,0.0,570.8830468982807,0.0,0.0,1866666.6666666735,280.0,0.29886702611792093,0.07770542679065945,0.6148446562493343,0.30812714802719865,3.459378624997337,0.8611956943836357,0.8768445530211726,0.6022265430395894,2.1284514762915037,2.1284514762915037,1.2270862751773277,0.9013652011141762,0.0,0.0,0.0,0.0,1.8219223864079594,0.10409326917154904,0.20243582071199545,4.607663078179302,467.3218347459653,414.9798579115735,8.302523456976402,465.1933832696738,1.8219223864079594,30.362336569488644,0.0,0.0,-1448.2393255534635,0.0,-7.275957614183426e-12,0.0,-4.440892098500626e-16
opening_hypothesis,recirculating,1060.75853220481,1060.75853220481,19530.50223497367,90000.0,0.0,0.0,0.0,0.0,573.2663844296499,0.0,0.0,1873333.3333333402,281.0,0.300258602037509,0.07806723652975234,0.6176216557657366,0.3080947753851684,3.4704866230629463,0.8605966932015281,0.8767493393681424,0.6019804140154179,2.1383619099010325,2.1383619099010325,1.2268669088948498,0.9114950010061825,0.0,0.0,0.0,0.0,1.8308585212993516,0.10407466401286412,0.2034287245888168,4.608176426658152,469.49776502632216,414.1562253070671,8.30591807239752,467.3594031164211,1.8308585212993516,30.511257257453693,0.0,0.0,-1450.4737423968675,0.0,-1.0913936421275139e-11,0.0,0.0
opening_hypothesis,recirculating,1065.676665238512,1065.676665238512,19528.32544129507,90000.0,0.0,0.0,0.0,0.0,575.6507480493657,0.0,0.0,1880000.000000007,282.0,0.3016507301274565,0.0784291898331387,0.6203797229029174,0.30806271945899844,3.4815188916116697,0.8599978712195704,0.8766550572323484,0.6017367750586516,2.1482762759210114,2.1482762759210114,1.22664747313728,0.9216288027837313,0.0,0.0,0.0,0.0,1.8397982006641802,0.10405605296081132,0.20442202229601997,4.608690093298211,471.67455870492284,413.3322658892659,8.309281079775532,469.5262824290018,1.8397982006641802,30.66023701406856,0.0,0.0,-1452.7091262599683,0.0,-7.275957614183426e-12,0.0,0.0
opening_hypothesis,recirculating,1070.5965736749374,1070.5965736749374,19526.147861813115,90000.0,0.0,0.0,0.0,0.0,578.036128852938,0.0,0.0,1886666.6666666737,283.0,0.30304336076338756,0.07879127379848076,0.6231188811845563,0.3080309739838307,3.492475524738225,0.8593992499671833,0.8765616881877375,0.6014955761332762,2.1581942209398326,2.1581942209398326,1.2264279757497598,0.9317662451900728,0.0,0.0,0.0,0.0,1.8487411058331642,0.10403743668076149,0.20541567842590708,4.609204059957527,473.85213818687595,412.50800902936936,8.312613090427995,471.6939439659361,1.8487411058331642,30.80927052870968,0.0,0.0,-1454.9454735488996,0.0,-7.275957614183426e-12,0.0,0.0
opening_hypothesis,recirculating,1075.5180837431535,1075.5180837431535,19523.969573439812,90000.0,0.0,0.0,0.0,0.0,580.422518108656,0.0,0.0,1893333.3333333405,284.0,0.30443644475765397,0.07915347563699003,0.6258391570821586,0.30799953271759273,3.5033566283286346,0.8588008507265713,0.8764692138752728,0.6012567674641792,2.168115394656148,2.168115394656148,1.2262084245061118,0.9419069701500363,0.0,0.0,0.0,0.0,1.8576869209417004,0.10401881583203655,0.2064096578824111,4.6097183086391915,476.0304265601773,411.68348384009073,8.315914714919002,473.8623111655212,1.8576869209417004,30.958352537493436,0.0,0.0,-1457.1827807958339,0.0,-1.0913936421275139e-11,0.0,0.0
opening_hypothesis,recirculating,1080.441023226311,1080.441023226311,19521.79065239932,90000.0,0.0,0.0,0.0,0.0,582.8099072573591,0.0,0.0,1900000.0000000072,285.0,0.30582993336250713,0.07951578267425186,0.6285405799459653,0.30796838944344684,3.5141623197838614,0.8582026945320668,0.8763776160101379,0.601020299553856,2.1780394499014557,2.1780394499014557,1.2259888271083663,0.9520506227930894,0.0,0.0,0.0,0.0,1.8666353329502272,0.10400019106786984,0.20740392588335851,4.610232821492663,478.20934760066916,410.8587191737799,8.31918656276927,476.0313081507677,1.8666353329502272,31.107477823615536,0.0,0.0,-1459.4210446584148,0.0,-1.0913936421275139e-11,0.0,0.0
opening_hypothesis,recirculating,1085.3652214721296,1085.3652214721296,19519.611174223308,90000.0,0.0,0.0,0.0,0.0,585.1982879121258,0.0,0.0,1906666.666666674,286.0,0.3072237782730655,0.07987818235099704,0.6312231819362129,0.30793753797216095,3.5248927277448514,0.8576048021695726,0.8762868763887087,0.6007861231985229,2.1879660426612366,2.1879660426612366,1.2257691911863182,0.9621968514749183,0.0,0.0,0.0,0.0,1.875586031663282,0.10398156303536779,0.20839844796258683,4.610747580815023,480.3888257766807,410.0337436206667,8.322429242174437,478.20085973401945,1.875586031663282,31.25664121766859,0.0,0.0,-1461.6602619191285,0.0,-1.0913936421275139e-11,0.0,0.0
opening_hypothesis,recirculating,1090.2905094026796,1090.2905094026796,19517.431213746633,90000.0,0.0,0.0,0.0,0.0,587.5876518578827,0.0,0.0,1913333.3333333407,287.0,0.30861793163008383,0.0802406622238218,0.6338869979547828,0.30790697214439977,3.535547991819131,0.8570071941760992,0.8761969768952935,0.6005541895036384,2.1978948320946734,2.1978948320946734,1.2255495242971133,0.9723453077975605,0.0,0.0,0.0,0.0,1.8845387097472777,0.1039629323754763,0.2093931899719197,4.611262569052154,482.5687862533576,409.20858550722204,8.325643359731668,480.3708914212629,1.8845387097472777,31.40583759793838,0.0,0.0,-1463.9004294846159,0.0,-1.0913936421275139e-11,0.0,-4.440892098500626e-16
opening_hypothesis,recirculating,1095.2167195234688,1095.2167195234688,19515.250845103306,90000.0,0.0,0.0,0.0,0.0,589.9779910509375,0.0,0.0,1920000.0000000075,288.0,0.310012346022525,0.0806032099658565,0.6365320655772738,0.3078766858329375,3.5461282623090953,0.8564098908393948,0.8761078995086397,0.6003244498988352,2.20782548055297,2.20782548055297,1.225329833924871,0.982495646628099,0.0,0.0,0.0,0.0,1.8934930627470214,0.10394429972294654,0.21038811808300234,4.611777768799854,484.7491548966843,408.3832728946356,8.328829520174606,482.5413294161313,1.8934930627470214,31.55506189067911,0.0,0.0,-1466.1415443849296,0.0,-1.0913936421275139e-11,0.0,-4.440892098500626e-16
opening_hypothesis,recirculating,1100.1436859318496,1100.1436859318496,19513.070141722787,90000.0,0.0,0.0,0.0,0.0,592.3692976184356,0.0,0.0,1926666.6666666742,289.0,0.31140697448994004,0.08096581336738441,0.6391584249855281,0.3078466729447928,3.5566336999421124,0.8558129121976666,0.8760196263082142,0.6000968561522789,2.217757653596297,2.217757653596297,1.2251101274803367,0.9926475261159602,0.0,0.0,0.0,0.0,1.9024487891009898,0.10392566570630796,0.21138319878899883,4.612293162804877,486.92985827720435,407.5578335774075,8.331988326116498,484.712100623608,1.9024487891009898,31.704309070367994,0.0,0.0,-1468.3836037727388,0.0,-1.0913936421275139e-11,0.0,4.440892098500626e-16
opening_hypothesis,recirculating,1105.0712443247592,1105.0712443247592,19510.889176326546,90000.0,0.0,0.0,0.0,0.0,594.7615638577464,0.0,0.0,1933333.333333341,290.0,0.31280177052465863,0.08132846033641125,0.6417661189006445,0.3078169274232865,3.567064475602578,0.8552162780393908,0.8759321394802544,0.5998713603844484,2.227691020009395,2.227691020009395,1.2248904123005606,1.0028006077088347,0.0,0.0,0.0,0.0,1.9114055901554006,0.10390703094783933,0.21237839890615556,4.612808733965909,489.11082367344693,406.73229508205145,8.335120377801628,486.88313265343754,1.9114055901554006,31.85357415993975,0.0,0.0,-1470.626604922478,0.0,-7.275957614183426e-12,0.0,0.0
opening_hypothesis,recirculating,1109.9992320058006,1109.9992320058006,19508.70802092493,90000.0,0.0,0.0,0.0,0.0,597.1547822357777,0.0,0.0,1940000.0000000077,291.0,0.31419668807379403,0.08169113889918644,0.644355192516508,0.3077874432500221,3.577420770066032,0.8546200079032096,0.8758454213235944,0.5996479150813508,2.237625251815853,2.237625251815853,1.22467069564861,1.012954556167243,0.0,0.0,0.0,0.0,1.920363170177078,0.10388839606354454,0.21337368557523084,4.613324465334481,491.2919790750605,405.9066846659082,8.338226272864933,489.05435382324464,1.920363170177078,32.002852231001,0.0,0.0,-1472.870545229448,0.0,-1.0913936421275139e-11,0.0,0.0
opening_hypothesis,recirculating,1114.9274878916858,1114.9274878916858,19506.526746814325,90000.0,0.0,0.0,0.0,0.0,599.5489453882232,0.0,0.0,1946666.6666666744,292.0,0.31559168154106626,0.08205383720067723,0.6469256934338649,0.3077582144467909,3.5877027737354594,0.8540241210779125,0.8757594542552675,0.5994264731071779,2.2475600242910914,2.2475600242910914,1.2244509847133096,1.023109039577782,0.0,0.0,0.0,0.0,1.9293212363651646,0.10386976166313101,0.214369026262796,4.613840340115813,493.4732531856647,405.08102931606635,8.341306606099788,491.2256931613736,1.9293212363651646,32.152138404025465,0.0,0.0,-1475.115422208869,0.0,-1.0913936421275139e-11,0.0,-4.440892098500626e-16
opening_hypothesis,recirculating,1119.8558525180438,1119.8558525180438,19504.345424574567,90000.0,0.0,0.0,0.0,0.0,601.9440461187447,0.0,0.0,1953333.3333333412,293.0,0.3169867057884467,0.08241654350499614,0.6494776715949678,0.3077292350774015,3.5979106863798713,0.8534286366025003,0.8756742208158869,0.5992069877164063,2.257495015974074,2.257495015974074,1.2242312866090086,1.0332637293650653,0.0,0.0,0.0,0.0,1.9382794988616758,0.10385112834998952,0.21536438876240838,4.614356341669595,495.6545754254213,404.2553557483895,8.344361969233924,493.3970804094472,1.9382794988616758,32.301427848529826,0.0,0.0,-1477.3612334948862,0.0,-1.0913936421275139e-11,0.0,0.0
opening_hypothesis,recirculating,1124.7841680446143,1124.7841680446143,19502.164124066654,90000.0,0.0,0.0,0.0,0.0,604.3400773980915,0.0,0.0,1960000.000000008,294.0,0.3183817161376277,0.08277924619578321,0.6520111792188189,0.30770049924943493,3.6080447168752756,0.85283357326633,0.8755897036748087,0.5989894125653568,2.267429908677777,2.267429908677777,1.2240116083753785,1.0434183003023982,0.0,0.0,0.0,0.0,1.9472376707609387,0.10383249672117863,0.2163597411956598,4.614872453510709,497.8358759333323,403.42969040664553,8.347392950713367,495.5684460246545,1.9472376707609387,32.45071578323104,0.0,0.0,-1479.6079768395316,0.0,-1.4551915228366852e-11,0.0,0.0
opening_hypothesis,recirculating,1129.7122782598356,1129.7122782598356,19499.982914430715,90000.0,0.0,0.0,0.0,0.0,606.7370323631573,0.0,0.0,1966666.6666666747,295.0,0.31977666837132174,0.08314193377654365,0.6545262707370342,0.30767200111592624,3.6181050829481367,0.8522389496093368,0.8755058856350773,0.5987737017232093,2.2773643874984373,2.2773643874984373,1.223791956977238,1.053572430521199,0.0,0.0,0.0,0.0,1.9561954681179277,0.10381386736740635,0.21735505201310304,4.6153886593098825,500.0170855692715,402.60405946173836,8.35040013549445,497.73972118177306,1.9561954681179277,32.599997476185266,0.0,0.0,-1481.8556501116432,0.0,-1.4551915228366852e-11,0.0,0.0
opening_hypothesis,recirculating,1134.6400285848404,1134.6400285848404,19497.80186408424,90000.0,0.0,0.0,0.0,0.0,609.1349043159809,0.0,0.0,1973333.3333333414,296.0,0.3211715187343921,0.08350459487094194,0.6570230027303515,0.3076437348769739,3.628092010921406,0.8516447839223338,0.8754227496381586,0.5985598096824976,2.2872981408236077,2.2872981408236077,1.2235723393043982,1.0637258015192095,0.0,0.0,0.0,0.0,1.965152609955528,0.10379524087302097,0.21835028999505862,4.615904942894293,502.198135915752,401.77848881103876,8.353384104843624,499.9108377749284,1.965152609955528,32.749268244908876,0.0,0.0,-1484.1042512957433,0.0,-1.0913936421275139e-11,0.0,0.0
opening_hypothesis,recirculating,1139.567266076872,1139.567266076872,19495.62104072055,90000.0,0.0,0.0,0.0,0.0,611.533686722689,0.0,0.0,1980000.0000000081,297.0,0.32256622393481993,0.08386721822305318,0.6595014338658031,0.30761569478127665,3.6380057354632123,0.8510510942473855,0.8753402787684608,0.5983476913690722,2.2972308603390448,2.2972308603390448,1.223352762171545,1.0738780981674998,0.0,0.0,0.0,0.0,1.9741088182707416,0.1037766178159987,0.21934542425230455,4.6164212882481035,504.37895927943924,400.9530040778112,8.356345436145261,502.0817284191002,1.9741088182707416,32.898523456481904,0.0,0.0,-1486.3537784908785,0.0,-1.0913936421275139e-11,0.0,0.0
opening_hypothesis,recirculating,1144.4938394321352,1144.4938394321352,19493.440511307577,90000.0,0.0,0.0,0.0,0.0,613.9333732123856,0.0,0.0,1986666.666666675,298.0,0.3239607411445113,0.08422979269757294,0.6619616248345748,0.3075878751276006,3.647846499338299,0.850457898378253,0.8752584562576489,0.5981373021515565,2.3071622410344528,2.3071622410344528,1.2231332323181374,1.0840290087163154,0.0,0.0,0.0,0.0,1.9830638180398654,0.10375799876793541,0.22034042422665165,4.616937679512943,506.5594886924119,400.1276306107372,8.35928470271713,504.2523264513774,1.9830638180398654,33.04775852763436,0.0,0.0,-1488.6042299094227,0.0,-1.0913936421275139e-11,0.0,0.0
opening_hypothesis,recirculating,1149.4195989880918,1149.4195989880918,19491.260342086807,90000.0,0.0,0.0,0.0,0.0,616.3339575759893,0.0,0.0,1993333.3333333416,299.0,0.325355027999947,0.08459230727998622,0.6644036382905685,0.3075602702661762,3.657614553162274,0.8498652138609101,0.8751772654887536,0.5979285978502992,2.3170919812081143,2.3170919812081143,1.222913756408335,1.0941782247997793,0.0,0.0,0.0,0.0,1.992017337222666,0.1037393842940411,0.22133525969140727,4.617454100988334,508.73965791317863,399.30239348352995,8.36220247363353,506.4225659319705,1.992017337222666,33.19696892481573,0.0,0.0,-1490.855603875845,0.0,-1.4551915228366852e-11,0.0,0.0
opening_hypothesis,recirculating,1154.3443967252156,1154.3443967252156,19489.08059857253,90000.0,0.0,0.0,0.0,0.0,618.7354337650206,0.0,0.0,2000000.0000000084,300.0,0.3267490426026792,0.08495475107669659,0.6668275387896861,0.30753287460002643,3.6673101551587446,0.8492730579941267,0.8750966900000778,0.5977215347458247,2.3270197824704275,2.3270197824704275,1.2226943410309508,1.1043254414394765,0.0,0.0,0.0,0.0,2.0009691067655635,0.10372077495313445,0.22232990075172923,4.61797053713206,510.91940142745455,398.47731749464094,8.365099313556106,508.59238164498413,2.0009691067655635,33.346150164248115,0.0,0.0,-1493.107898825444,0.0,-1.4551915228366852e-11,0.0,0.0
opening_hypothesis,recirculating,1159.2680862682203,1159.2680862682203,19486.901345551283,90000.0,0.0,0.0,0.0,0.0,621.1377958903424,0.0,0.0,2006666.6666666751,301.0,0.32814274351967904,0.08531711331511656,0.6692333927298525,0.30750568258622796,3.67693357091941,0.8486814478301193,0.8750167134889059,0.5975160695868021,2.3369453497463795,2.3369453497463795,1.2224749926994232,1.1144703570469565,0.0,0.0,0.0,0.0,2.009918860603863,0.10370217129764321,0.2233243178448736,4.618486972560485,513.0986544487047,397.65242716705365,8.367975782572056,510.7617090989583,2.009918860603863,33.495297811963376,0.0,0.0,-1495.3611133030504,0.0,-1.0913936421275139e-11,0.0,-8.881784197001252e-16
opening_hypothesis,recirculating,1164.1905228867688,1164.1905228867688,19484.72264708153,90000.0,0.0,0.0,0.0,0.0,623.5410382208547,0.0,0.0,2013333.3333333419,302.0,0.32953608978353754,0.08567938334371976,0.6716212682917896,0.3074786887371058,3.6864850731671583,0.8480904001752654,0.8749373198150172,0.5973121595975358,2.3468683912769794,2.3468683912769794,1.2222557178518152,1.1246126734251642,0.0,0.0,0.0,0.0,2.01886633566304,0.10368357387360158,0.22431848174033772,4.619003392048818,515.2773529184578,396.82774674816517,8.370832436039743,512.9304845271809,2.01886633566304,33.64440748382456,0.0,0.0,-1497.6152459617015,0.0,-1.4551915228366852e-11,0.0,0.0
opening_hypothesis,recirculating,1169.111563495682,1169.111563495682,19482.544566493587,90000.0,0.0,0.0,0.0,0.0,625.9451551821455,0.0,0.0,2020000.0000000086,303.0,0.33092904089252456,0.08604155063205639,0.6739912353805598,0.3074518876213626,3.6959649415222393,0.8474999315908787,0.8748584930040078,0.5971097624849844,2.3567886186196754,2.3567886186196754,1.222036522850836,1.1347520957688393,0.0,0.0,0.0,0.0,2.0278112718591212,0.10366498322065186,0.2253123635399023,4.619519780531314,517.4554335063993,396.0033002097509,8.373669824441592,515.0986448877796,2.0278112718591212,33.79347484553225,0.0,0.0,-1499.8702955612846,0.0,-1.4551915228366852e-11,0.0,0.0
opening_hypothesis,recirculating,1174.0310666546545,1174.0310666546545,19480.36716638974,90000.0,0.0,0.0,0.0,0.0,628.3501413551012,0.0,0.0,2026666.6666666754,304.0,0.33232155681050823,0.08640360477073214,0.6763433655678877,0.3074252738651438,3.7053734622715506,0.8469100583940471,0.874780217250423,0.5969088364453217,2.366705746647785,2.366705746647785,1.2218174139838838,1.144888332663901,0.0,0.0,0.0,0.0,2.0367534120981605,0.10364639987205057,0.22630593467757334,4.620036123101448,519.6328336102446,395.1791112480124,8.376488493244164,517.2661278635968,2.0367534120981605,33.94249561261584,0.0,0.0,-1502.1262609671567,0.0,-1.4551915228366852e-11,0.0,4.440892098500626e-16
opening_hypothesis,recirculating,1178.9488925674943,1178.9488925674943,19478.19050864458,90000.0,0.0,0.0,0.0,0.0,630.7559914744771,0.0,0.0,2033333.333333342,305.0,0.33371359796674,0.0867655354713524,0.678677732035274,0.30739884215304025,3.714710928141096,0.8463207966585272,0.8747024769207067,0.5967093401700508,2.37661949354896,2.37661949354896,1.2215983974631068,1.1550210960858533,0.0,0.0,0.0,0.0,2.0456925022748598,0.10362782435467156,0.2272991669194288,4.6205524050120195,521.8094913554033,394.3552032837047,8.379288982765202,519.4328718618543,2.0456925022748598,34.09146555041054,0.0,0.0,-1504.3831411487379,0.0,-1.4551915228366852e-11,0.0,0.0
opening_hypothesis,recirculating,1183.8649030808938,1183.8649030808938,19476.01465440555,90000.0,0.0,0.0,0.0,0.0,633.1627004274309,0.0,0.0,2040000.0000000088,306.0,0.3351051252555066,0.08712733256643172,0.680994409517912,0.30737258722902916,3.723977638071648,0.8457321622156951,0.8746252565559681,0.5965112328516722,2.386529580822712,2.386529580822712,1.2213794794254926,1.1651501013972192,0.0,0.0,0.0,0.0,2.054628291270328,0.10360925718901433,0.2282920323633697,4.6210686116752155,523.9853455944351,393.5315994623424,8.382071828047694,521.5988160136123,2.054628291270328,34.240380474020014,0.0,0.0,-1506.6409351780821,0.0,-1.4551915228366852e-11,0.0,0.0
opening_hypothesis,recirculating,1188.778961682748,1188.778961682748,19473.83966409368,90000.0,0.0,0.0,0.0,0.0,635.5702632520213,0.0,0.0,2046666.6666666756,307.0,0.3364961000356541,0.08748898600927008,0.6832934742494147,0.30734650389735435,3.7331738969976587,0.8451441706555531,0.8745485408745717,0.5963144741889261,2.396435733277018,2.396435733277018,1.2211606659329695,1.1752750673440486,0.0,0.0,0.0,0.0,2.063560530949025,0.10359069888921221,0.2292845034387805,4.621584728662632,526.1603359063051,392.70832265448075,8.384837558740667,523.7639001730281,2.063560530949025,34.3892362482655,0.0,0.0,-1508.8996422284272,0.0,-1.4551915228366852e-11,0.0,0.0
opening_hypothesis,recirculating,1193.690933500034,1193.690933500034,19471.66559740454,90000.0,0.0,0.0,0.0,0.0,637.9786751356721,0.0,0.0,2053333.3333333423,308.0,0.3378864841299874,0.08785048587379672,0.6855750039073647,0.3073205870233473,3.742300015629459,0.8445568373277879,0.8744723147745509,0.5961190243916065,2.4063376790240483,2.4063376790240483,1.2209419629725329,1.1853957160515152,0.0,0.0,0.0,0.0,2.0724889761549043,0.10357214996304341,0.2302765529061004,4.6221007417052435,528.3344025954456,391.8853954560717,8.387586698986755,525.9280649164215,2.0724889761549043,34.53802878762148,0.0,0.0,-1511.159261572722,0.0,-1.4551915228366852e-11,0.0,0.0
opening_hypothesis,recirculating,1198.6006852962546,1198.6006852962546,19469.49251330936,90000.0,0.0,0.0,0.0,0.0,640.387931413606,0.0,0.0,2060000.000000009,309.0,0.339276239824547,0.08821182235438223,0.6878390775596902,0.3072948315341909,3.751356310238761,0.8439701773428797,0.8743965633358557,0.5959248441849745,2.4162351494750136,2.4162351494750136,1.2207233764563912,1.1955117730186222,0.0,0.0,0.0,0.0,2.0814133847067633,0.10355361091194337,0.23126815385630697,4.6226166366933255,530.5074866906244,391.0628401888919,8.39031976731617,528.0912515411494,2.0814133847067633,34.686754056138206,0.0,0.0,-1513.419792582139,0.0,-1.4551915228366852e-11,0.0,0.0
opening_hypothesis,recirculating,1203.508085468471,1203.508085468471,19467.320470056355,90000.0,0.0,0.0,0.0,0.0,642.7980275672479,0.0,0.0,2066666.6666666758,310.0,0.34066532986776893,0.08857298576561992,0.6900857756118772,0.3072692324196257,3.760343102447509,0.8433842055732615,0.8743212718224287,0.5957318948137569,2.426127879334181,2.426127879334181,1.2205049122221265,1.2056229671120549,0.0,0.0,0.0,0.0,2.090333517392847,0.1035350822310181,0.23225927971031626,4.623132399676342,532.6795299436318,390.24067890103964,8.393037276547272,530.2534020642976,2.090333517392847,34.83540806735179,0.0,0.0,-1515.6812347245675,0.0,-1.4551915228366852e-11,0.0,0.0
opening_hypothesis,recirculating,1208.4130040439252,1208.4130040439252,19465.1495251722,90000.0,0.0,0.0,0.0,0.0,645.2089592226013,0.0,0.0,2073333.3333333426,311.0,0.34205371746952834,0.08893396654207737,0.6923151797550214,0.3072437847326016,3.7692607190200857,0.842798936654524,0.8742464256841225,0.5955401380457613,2.4360156065920675,2.4360156065920675,1.2202865760328747,1.215729030559193,0.0,0.0,0.0,0.0,2.099249137964707,0.10351656440905968,0.23324990421830075,4.623648016862783,534.850474827785,389.4189333675009,8.395739733693315,532.4144592211929,2.099249137964707,34.983986884181846,0.0,0.0,-1517.9435875630907,0.0,-1.4551915228366852e-11,0.0,-4.440892098500626e-16
opening_hypothesis,recirculating,1213.3153126762695,1213.3153126762695,19462.979735463727,90000.0,0.0,0.0,0.0,0.0,647.6207221485971,0.0,0.0,2080000.0000000093,312.0,0.3434413663000728,0.08929475523801894,0.694527372914727,0.3072184835898747,3.778109491658908,0.8422143849866671,0.8741720105584551,0.5953495361751057,2.445898072517838,2.445898072517838,1.2200683735775275,1.2258296989403106,0.0,0.0,0.0,0.0,2.1081600131303464,0.10349805792856422,0.23424000145892734,4.624163474619969,537.0202645362598,388.59762509078115,8.398427639875388,534.574366463742,2.1081600131303464,35.13248661881722,0.0,0.0,-1520.2068507544514,0.0,-1.4551915228366852e-11,0.0,0.0
opening_hypothesis,recirculating,1218.214884641415,1218.214884641415,19460.811157019732,90000.0,0.0,0.0,0.0,0.0,650.03331225542,0.0,0.0,2086666.666666676,313.0,0.3448282404888469,0.0896553425271002,0.6967224392008537,0.30719332417255174,3.786889756803415,0.8416305647353948,0.8740980122722111,0.5951600520250719,2.4557750216509353,2.4557750216509353,1.2198503104709446,1.2359247111799907,0.0,0.0,0.0,0.0,2.117065912546668,0.1034795632657483,0.23522954583851866,4.624678759473805,539.1888429802532,387.7767753016005,8.401101490241432,536.7330679586023,2.117065912546668,35.28090343259022,0.0,0.0,-1522.471024047501,0.0,-1.4551915228366852e-11,0.0,0.0
opening_hypothesis,recirculating,1223.1115948330075,1223.1115948330075,19458.64384521301,90000.0,0.0,0.0,0.0,0.0,652.4467255928108,0.0,0.0,2093333.3333333428,314.0,0.3462143046232116,0.09001571920203502,0.698900463858119,0.3071683017265833,3.795601855432476,0.8410474898334519,0.8740244168428922,0.5949716489506024,2.465646201791963,2.465646201791963,1.219632392254188,1.246013809537775,0.0,0.0,0.0,0.0,2.1259666088112548,0.10346108089056917,0.23621851209013936,4.625193858108501,541.3561547869806,386.95640495965205,8.403761773891054,538.8905085851886,2.1259666088112548,35.42923353583956,0.0,0.0,-1524.7361072816425,0.0,-1.0913936421275139e-11,0.0,0.0
opening_hypothesis,recirculating,1228.0053197575442,1228.0053197575442,19456.477854702476,90000.0,0.0,0.0,0.0,0.0,654.8609583483486,0.0,0.0,2100000.0000000093,315.0,0.34759952374706193,0.0903758761742361,0.7010615332175523,0.30714341156320607,3.804246132870209,0.8404651739820019,0.8739512104800179,0.5947842908404363,2.475511363992838,2.475511363992838,1.2194146243947666,1.2560967395980713,0.0,0.0,0.0,0.0,2.134861877453482,0.10344261126674677,0.23720687527260909,4.6257087573662625,543.5221452975146,386.1365347544198,8.4064089738062,541.0466339335218,2.134861877453482,35.57747318776228,0.0,0.0,-1527.0021003852576,0.0,-1.0913936421275139e-11,0.0,0.0
opening_hypothesis,recirculating,1232.8959375291417,1232.8959375291417,19454.313239435523,90000.0,0.0,0.0,0.0,0.0,657.2760068457128,0.0,0.0,2106666.666666676,316.0,0.3489838633593462,0.09073580447343002,0.7032057346488096,0.3071186490593368,3.8128229385952386,0.8398836306520426,0.8738783795862847,0.5945979421189062,2.485370262546246,2.485370262546246,1.2191970122869056,1.2661732502593406,0.0,0.0,0.0,0.0,2.1437514969250153,0.10342415485178473,0.2381946107694461,4.626223444246927,545.6867605644693,385.31718510605515,8.409043566787375,543.2013903019231,2.1437514969250153,35.72561869625538,0.0,0.0,-1529.2690033741287,0.0,-7.275957614183426e-12,0.0,0.0
opening_hypothesis,recirculating,1237.7833278639678,1237.7833278639678,19452.150052650457,90000.0,0.0,0.0,0.0,0.0,659.6918675429285,0.0,0.0,2113333.3333333423,317.0,0.35036728941248985,0.09109549524724736,0.7053331565133443,0.3070940096579181,3.821332626053377,0.8393028730858592,0.8738059107585827,0.5944125677473981,2.495222654974415,2.495222654974415,1.2189795612518182,1.276243093722597,0.0,0.0,0.0,0.0,2.1526352485896774,0.10340571209699617,0.23918169428774186,4.62673790590758,547.8499473495359,384.4983761663101,8.41166602339539,545.3547246945615,2.1526352485896774,35.873666417746975,0.0,0.0,-1531.5368163498529,0.0,-7.275957614183426e-12,0.0,0.0
opening_hypothesis,recirculating,1242.6673720743456,1242.6673720743456,19449.98834687912,90000.0,0.0,0.0,0.0,0.0,662.1085370305951,0.0,0.0,2120000.000000009,318.0,0.3517497683107263,0.09145493976078883,0.7074438881184366,0.30706948886821855,3.8297755524737465,0.838722914298513,0.8737337907888781,0.5942281332254861,2.5050683020172317,2.5050683020172317,1.2187622765380044,1.2863060254792273,0.0,0.0,0.0,0.0,2.1615129167127365,0.10338728344752465,0.24016810185697066,4.627252129662129,550.011653120873,383.68012781952444,8.414276807898453,547.5065848188558,2.1615129167127365,36.02161275701775,0.0,0.0,-1533.8055394982487,0.0,-7.275957614183426e-12,0.0,0.0
opening_hypothesis,recirculating,1247.5479530625432,1247.5479530625432,19447.828173949634,90000.0,0.0,0.0,0.0,0.0,664.5260120301002,0.0,0.0,2126666.6666666754,319.0,0.3531312669083394,0.09181412939616825,0.7095380196720816,0.30704508226608684,3.8381520786883265,0.8381437670793636,0.8736620066649614,0.5940446045917517,2.5149069676197193,2.5149069676197193,1.218545163321554,1.2963618042981653,0.0,0.0,0.0,0.0,2.1703842884496103,0.10336886934237498,0.2411538098277344,4.627766102980846,552.1718260503576,382.8624596836668,8.416876378224453,549.6569190827379,2.1703842884496103,36.16945416701275,0.0,0.0,-1536.0751730877587,0.0,-7.275957614183426e-12,0.0,-4.440892098500626e-16
opening_hypothesis,recirculating,1252.4249553142563,1252.4249553142563,19445.66958498929,90000.0,0.0,0.0,0.0,0.0,666.94428939182,0.0,0.0,2133333.333333342,320.0,0.3545117525078183,0.09217305565203276,0.7116156422387324,0.307020785494163,3.8464625689549297,0.8375654439936246,0.8735905455710677,0.5938619484242997,2.524738418918903,2.524738418918903,1.2183282267064688,1.3064101922124338,0.0,0.0,0.0,0.0,2.17924915383402,0.10335047021443605,0.24213879487044662,4.628279813489877,554.3304150107012,382.045391111426,8.419465185918298,551.8056765917823,2.17924915383402,36.317187148643946,0.0,0.0,-1538.3457174678474,0.0,-1.0913936421275139e-11,0.0,0.0
opening_hypothesis,recirculating,1257.2982648917996,1257.2982648917996,19443.512630427558,90000.0,0.0,0.0,0.0,0.0,669.3633660933087,0.0,0.0,2140000.0000000084,321.0,0.3558911928579306,0.09253171014306195,0.7136768476959003,0.30699659426204645,3.8547073907836014,0.8369879573839484,0.8735193948883719,0.5936801318409721,2.5345624262300808,2.5345624262300808,1.2181114717249957,1.316450954505085,0.0,0.0,0.0,0.0,2.1881073057656115,0.10333208649051258,0.24312303397395676,4.6287932489707195,556.4873695724358,381.2289411913523,8.422043676104256,553.9528071462057,2.1881073057656115,36.464808250583914,0.0,0.0,-1540.6171730673962,0.0,-7.275957614183426e-12,0.0,0.0
opening_hypothesis,recirculating,1262.167769427011,1262.167769427011,19441.35735999922,90000.0,0.0,0.0,0.0,0.0,671.7832392374771,0.0,0.0,2146666.666666675,322.0,0.35726955615171324,0.09289008459944545,0.7157217286916067,0.30697250434642304,3.8628869147664266,0.8364113193720415,0.8734485421953619,0.5934991224992785,2.544378763032523,2.544378763032523,1.2178949033379713,1.3264838596945514,0.0,0.0,0.0,0.0,2.196958539997054,0.10331371859135155,0.24410650444411708,4.6293063973596755,558.6426400007729,380.4131287490456,8.424612287453009,556.0982612377403,2.196958539997054,36.6123140690509,0.0,0.0,-1542.8895403930976,0.0,-7.275957614183426e-12,0.0,0.0
opening_hypothesis,recirculating,1267.033358113884,1267.033358113884,19439.20382274765,90000.0,0.0,0.0,0.0,0.0,674.203906050762,0.0,0.0,2153333.3333333414,323.0,0.3586468110243876,0.09324817086634078,0.7177503786026845,0.3069485115911521,3.871001514410738,0.835835541860308,0.8733779752680945,0.5933188885960455,2.5541872059546167,2.5541872059546167,1.217678526435184,1.3365086795194325,0.0,0.0,0.0,0.0,2.2058026551206473,0.10329536693167533,0.24508918390229406,4.62981924674726,560.7961772523433,379.59797234839033,8.427171452153436,558.2419900463888,2.2058026551206473,36.75970124758559,0.0,0.0,-1545.1628200278478,0.0,-3.637978807091713e-12,0.0,0.0
opening_hypothesis,recirculating,1271.8949217009347,1271.8949217009347,19437.052067028173,90000.0,0.0,0.0,0.0,0.0,676.6253638812881,0.0,0.0,2160000.000000008,324.0,0.3600229265511986,0.09360596090331164,0.7197628914939279,0.3069246119073147,3.8790515659757117,0.8352606365335186,0.8733076820803374,0.5931393988667993,2.56398753475848,2.56398753475848,1.2174623458357376,1.3465251889227423,0.0,0.0,0.0,0.0,2.2146394525544424,0.10327703192021051,0.2460710502838269,4.630331785377604,562.9479329718183,378.7834902928339,8.42972159588887,560.3839454370599,2.2146394525544424,36.90696647681978,0.0,0.0,-1547.4370126291396,0.0,-7.275957614183426e-12,0.0,4.440892098500626e-16
opening_hypothesis,recirculating,1276.7523524833152,1276.7523524833152,19434.90214051157,90000.0,0.0,0.0,0.0,0.0,679.0476101970232,0.0,0.0,2166666.6666666744,325.0,0.3613978722451824,0.09396344678374742,0.7217593620780824,0.3069008012732241,3.88703744831233,0.8346866148605053,0.8732376508036004,0.5929606225848846,2.5737795323240653,2.5737795323240653,1.2172463662884383,1.356533166035627,0.0,0.0,0.0,0.0,2.2234687365279093,0.10325871395972179,0.2470520818364343,4.6308440016478,565.0978594884192,377.9697006267077,8.432263137817774,562.5240799560952,2.2234687365279093,37.05410649423761,0.0,0.0,-1549.712118927457,0.0,-1.0913936421275139e-11,0.0,0.0
opening_hypothesis,recirculating,1281.6055442946838,1281.6055442946838,19432.75409018767,90000.0,0.0,0.0,0.0,0.0,681.4706425839289,0.0,0.0,2173333.333333341,326.0,0.36277161805486496,0.09432062069426489,0.7237398856766748,0.3068770757344003,3.894959542706699,0.8341134880958799,0.8731678698070598,0.5927825295603324,2.583562984632767,2.583562984632767,1.2170305924721811,1.3665323921605859,0.0,0.0,0.0,0.0,2.2322903140671495,0.10324041344704549,0.2480322571185721,4.631355884107255,567.2459098123186,377.15662113659005,8.4347964905587,564.6623468276858,2.2322903140671495,37.201118083929046,0.0,0.0,-1551.9881397246713,0.0,-1.0913936421275139e-11,0.0,0.0
opening_hypothesis,recirculating,1286.4543924988382,1286.4543924988382,19430.607962369053,90000.0,0.0,0.0,0.0,0.0,683.894458744106,0.0,0.0,2180000.0000000075,327.0,0.3641441343618942,0.0946774749340925,0.7257045581816758,0.3068534314035092,3.902818232726703,0.8335412672817746,0.87309832765738,0.5926050901384889,2.5933376807505577,2.5933376807505577,1.2168150289963562,1.3765226517542013,0.0,0.0,0.0,0.0,2.2411039949796927,0.10322213077312113,0.24901155499774358,4.63186742145699,569.3920376309378,376.34426935270716,8.437322060179275,566.7986999501873,2.2411039949796927,37.34799807633658,0.0,0.0,-1554.2650758924408,0.0,-1.0913936421275139e-11,0.0,4.440892098500626e-16
opening_hypothesis,recirculating,1291.298793981125,1291.298793981125,19428.46380269485,90000.0,0.0,0.0,0.0,0.0,686.3190564939385,0.0,0.0,2186666.666666674,328.0,0.3655153919786079,0.09503400191443806,0.7276534760179909,0.30682986446026783,3.9106139040719636,0.8329699632496035,0.8730290131184348,0.5924282751984056,2.60310341281067,2.60310341281067,1.216599680401257,1.3865037324094132,0.0,0.0,0.0,0.0,2.2499095918388763,0.10320386632303,0.24998995464876395,4.632378602548928,571.5361973051441,375.53266255037215,8.439840246189277,568.9330938923334,2.2499095918388763,37.49474334799487,0.0,0.0,-1556.542928370615,0.0,-7.275957614183426e-12,0.0,0.0
opening_hypothesis,recirculating,1296.1386471396331,1296.1386471396331,19426.32165613464,90000.0,0.0,0.0,0.0,0.0,688.744433762235,0.0,0.0,2193333.3333333405,329.0,0.3668853621455411,0.0953901941578407,0.7295867361067733,0.3068063711513171,3.918346944427093,0.8323995866218447,0.8729599151509326,0.5922520561510053,2.6128599759958435,2.6128599759958435,1.2163845511585032,1.39647542483734,0.0,0.0,0.0,0.0,2.2587069199678345,0.1031856204760276,0.25096743555198153,4.632889416385159,573.6783438653533,374.7218177514615,8.44235144153752,571.0654838893574,2.2587069199678345,37.64135082126396,0.0,0.0,-1558.8216981656424,0.0,-3.637978807091713e-12,0.0,0.0
opening_hypothesis,recirculating,1300.9738518761776,1300.9738518761776,19424.181566992454,90000.0,0.0,0.0,0.0,0.0,691.1705885883695,0.0,0.0,2200000.000000007,330.0,0.36825401652887413,0.09574604429750727,0.731504435829553,0.3067829477900623,3.926017743318212,0.8318301478138401,0.8728910229119481,0.5920764049370293,2.622607168520149,2.622607168520149,1.21616964567147,1.406437522848679,0.0,0.0,0.0,0.0,2.26749579742311,0.10316739360558225,0.2519439774914566,4.633399852117175,575.818433007539,373.91175172592455,8.444856032612511,573.1958258390189,2.26749579742311,37.787817464056126,0.0,0.0,-1561.1013863489848,0.0,-7.275957614183426e-12,0.0,0.0
opening_hypothesis,recirculating,1305.8043095870892,1305.8043095870892,19422.043578910838,90000.0,0.0,0.0,0.0,0.0,693.5975191204226,0.0,0.0,2206666.6666666735,331.0,0.3696213272178251,0.09610154507663453,0.7334066729931763,0.3067595907564842,3.933626691972705,0.8312616570356127,0.8728223257543652,0.5919012940247796,2.632344791610421,2.632344791610421,1.2159549682757287,1.4163898233346925,0.0,0.0,0.0,0.0,2.276276044977909,0.10314918607941122,0.25291956055310094,4.633909899045087,577.9564210891558,373.10248099332694,8.447354399246638,575.3240762975454,2.276276044977909,37.93414028955685,0.0,0.0,-1563.3819940555372,0.0,-7.275957614183426e-12,0.0,-4.440892098500626e-16
opening_hypothesis,recirculating,1310.6299231538105,1310.6299231538105,19419.907734875018,90000.0,0.0,0.0,0.0,0.0,696.0252236133249,0.0,0.0,2213333.33333334,332.0,0.37098726672198856,0.09645668934771703,0.7352935457955466,0.30673629649691975,3.9411741831821865,0.8306941242937005,0.8727538132262346,0.5917266964076558,2.6420726494873032,2.6420726494873032,1.2157405232394929,1.4263321262478106,0.0,0.0,0.0,0.0,2.285047486105006,0.10313099825951882,0.2538941651227784,4.634419546616822,580.0922651249772,372.2940218244263,8.449846914723906,577.4501924754899,2.285047486105006,38.08031635593992,0.0,0.0,-1565.6635224820564,0.0,-3.637978807091713e-12,0.0,0.0
opening_hypothesis,recirculating,1315.4505969333136,1315.4505969333136,19417.77407721714,90000.0,0.0,0.0,0.0,0.0,698.4537004270016,0.0,0.0,2220000.0000000065,333.0,0.3723518079686226,0.09681147007184188,0.7371651527921621,0.30671306152381544,3.9486606111686484,0.8301275593930044,0.8726854750700455,0.5915525856015014,2.651790549345928,2.651790549345928,1.2155263147640711,1.4362642345818568,0.0,0.0,0.0,0.0,2.2938099469593225,0.10311283050223628,0.2548677718843691,4.634928784427301,582.2259227828547,371.48639024277725,8.45233394579099,579.5741322335087,2.2938099469593225,38.22634276607711,0.0,0.0,-1567.945972885596,0.0,-7.275957614183426e-12,0.0,0.0
opening_hypothesis,recirculating,1320.2662367483433,1320.2662367483433,19415.642647620592,90000.0,0.0,0.0,0.0,0.0,700.8829480245214,0.0,0.0,2226666.666666673,334.0,0.37371492429988756,0.09716588031797077,0.7390215928634408,0.30668988241545314,3.9560863714537633,0.8295619719386514,0.872617301221921,0.5913789356417642,2.66149830133625,2.66149830133625,1.2153123469843343,1.4461859543519158,0.0,0.0,0.0,0.0,2.3025632563601928,0.10309468315825791,0.2558403618177992,4.635437602217591,584.357352379399,370.6796020263663,8.454815852671521,581.6958540780628,2.3025632563601928,38.37221666724261,0.0,0.0,-1570.2293465819503,0.0,-7.275957614183426e-12,0.0,0.0
opening_hypothesis,recirculating,1325.076749877498,1325.076749877498,19413.513487124404,90000.0,0.0,0.0,0.0,0.0,703.312964970249,0.0,0.0,2233333.3333333395,335.0,0.3750765894700379,0.09751991326220986,0.740862965182826,0.3066667558156497,3.963451860731304,0.828997371337869,0.8725492818107345,0.5912057210804799,2.6711957185430504,2.6711957185430504,1.2150986239691808,1.4560970945738696,0.0,0.0,0.0,0.0,2.311307245773329,0.10307655657268515,0.25681191619703647,4.635945989874041,586.4865128755899,369.8736727092733,8.457292989083504,583.8153171570469,2.311307245773329,38.51793525081253,0.0,0.0,-1572.513644944108,0.0,-7.275957614183426e-12,0.0,0.0
opening_hypothesis,recirculating,1329.8820450451528,1329.8820450451528,19411.386636127678,90000.0,0.0,0.0,0.0,0.0,705.7437499280034,0.0,0.0,2240000.000000006,336.0,0.3764367776425701,0.09787356218706823,0.7426893691856644,0.30664367843343243,3.9707574767426577,0.8284337668018715,0.8724814071571543,0.591032916983085,2.6808826169656226,2.6808826169656226,1.2148851497220141,1.4659974672436082,0.0,0.0,0.0,0.0,2.320041749292504,0.10305845108506276,0.2577824165880559,4.636453937427411,588.6133638723162,369.0686175833603,8.459765702259688,585.9324812553506,2.320041749292504,38.66349575195957,0.0,0.0,-1574.7988694007151,0.0,-7.275957614183426e-12,0.0,0.0
opening_hypothesis,recirculating,1334.6820324112343,1334.6820324112343,19409.262134394146,90000.0,0.0,0.0,0.0,0.0,708.175301659221,0.0,0.0,2246666.6666666726,337.0,0.37779546338732833,0.09822682048070537,0.7445009045388477,0.3066206470426897,3.9780036181553906,0.827871167347758,0.8724136677726169,0.5908604989250713,2.690558815497159,2.690558815497159,1.2146719281812262,1.4758868873159328,0.0,0.0,0.0,0.0,2.3287666036209624,0.10304036702942283,0.25875184484677355,4.636961435051963,590.73786560585,368.2644516999838,8.462234332970809,588.0473067903528,2.3287666036209624,38.80889544934334,0.0,0.0,-1577.085021434549,0.0,-3.637978807091713e-12,0.0,0.0
opening_hypothesis,recirculating,1339.4766235608545,1339.4766235608545,19407.140021056737,90000.0,0.0,0.0,0.0,0.0,710.6076190211271,0.0,0.0,2253333.333333339,338.0,0.37915262167757,0.0985796816361682,0.7462976711112085,0.3065976584817993,3.985190684444834,0.8273095818004187,0.8723460543582333,0.5906884429884779,2.7002241359038552,2.7002241359038552,1.2144589632206848,1.4857651726831702,0.0,0.0,0.0,0.0,2.337481648052578,0.10302230473432421,0.25972018311695305,4.637468473064555,592.8599789432584,367.4611898717322,8.46469921555166,590.1597548073545,2.337481648052578,38.954131664796215,0.0,0.0,-1579.3721025810023,0.0,-3.637978807091713e-12,0.0,0.0
opening_hypothesis,recirculating,1344.2657314938126,1344.2657314938126,19405.020334622237,90000.0,0.0,0.0,0.0,0.0,713.040700964914,0.0,0.0,2260000.0000000056,339.0,0.3805082278869944,0.09893213925061854,0.748079768944665,0.3065747096532345,3.99231907577866,0.8267490187944502,0.872278557803631,0.5905167257582445,2.7098784028037466,2.7098784028037466,1.21424625865023,1.4956321441535168,0.0,0.0,0.0,0.0,2.346186724452765,0.10300426452289649,0.26068741382808497,4.637975041923709,594.9796653777574,366.658846674184,8.467160677929693,592.2697869749537,2.346186724452765,39.09920176300533,0.0,0.0,-1581.66011442658,0.0,-7.275957614183426e-12,0.0,0.0
opening_hypothesis,recirculating,1349.0492706139707,1349.0492706139707,19402.903112975986,90000.0,0.0,0.0,0.0,0.0,715.4745465339269,0.0,0.0,2266666.666666672,340.0,0.38186225778673516,0.09928418702455115,0.7498472982261012,0.30655179752314976,3.9993891929044048,0.8261894867760781,0.8722111691857346,0.5903453243184177,2.719521443645291,2.719521443645291,1.2140338182161714,1.5054876254291196,0.0,0.0,0.0,0.0,2.3548816772391703,0.1029862467128794,0.2616535196932411,4.638481132228668,597.0968870240092,365.85743644768837,8.469619041656241,594.377365580364,2.3548816772391703,39.24410315119077,0.0,0.0,-1583.9490586074076,0.0,-3.637978807091713e-12,0.0,0.0
opening_hypothesis,recirculating,1353.8271567185093,1353.8271567185093,19400.78839338663,90000.0,0.0,0.0,0.0,0.0,717.9091548618599,0.0,0.0,2273333.3333333386,341.0,0.38321468754231897,0.09963581876100293,0.7516003592599759,0.3065289191209458,4.006401437039903,0.825630994005087,0.8721438797674878,0.5901742162482261,2.7291530886857083,2.7291530886857083,1.2138216456017943,1.515331443083914,0.0,0.0,0.0,0.0,2.3635663533621356,0.10296825161666918,0.2626184837069039,4.638986734718437,599.2116066133663,365.0569732991645,8.472074621940125,596.4824535246805,2.3635663533621356,39.38883327877999,0.0,0.0,-1586.238936807751,0.0,-3.637978807091713e-12,0.0,-4.440892098500626e-16
opening_hypothesis,recirculating,1358.5993069870735,1358.5993069870735,19398.676212510927,90000.0,0.0,0.0,0.0,0.0,720.3445251709611,0.0,0.0,2280000.000000005,342.0,0.38456549371059345,0.0999870283647543,0.7533390524416521,0.30650607153881615,4.0133562097666085,0.825073548556755,0.8720766809965181,0.5900033796180265,2.7387731709691017,2.7387731709691017,1.213609744427869,1.5251634265412326,0.0,0.0,0.0,0.0,2.3722406022849687,0.10295027954135884,0.2635822891427742,4.639491840270815,601.3237874890682,364.25747110392064,8.474527727683602,598.5850143180991,2.3722406022849687,39.533389637079004,0.0,0.0,-1588.5297507585533,0.0,-3.637978807091713e-12,0.0,0.0
opening_hypothesis,recirculating,1363.3656399708138,1363.3656399708138,19396.566606398606,90000.0,0.0,0.0,0.0,0.0,722.7806567702478,0.0,0.0,2286666.6666666716,343.0,0.38591465323662477,0.10033780984152245,0.7550634782314333,0.30648325193127557,4.0202539129257335,0.8245171583237939,0.8720095645037518,0.5898327929851334,2.748381526304364,2.748381526304364,1.213398118253165,1.534983408051199,0.0,0.0,0.0,0.0,2.380904275964023,0.10293233078878311,0.264544919551558,4.639996439901404,603.4333936013905,363.45894350748966,8.476978661520477,600.6850120750862,2.380904275964023,39.67776975894044,0.0,0.0,-1590.8215022359786,0.0,-3.637978807091713e-12,0.0,0.0
opening_hypothesis,recirculating,1368.1260755813285,1368.1260755813285,19394.459610497244,90000.0,0.0,0.0,0.0,0.0,725.2175490537335,0.0,0.0,2293333.333333338,344.0,0.3872621434505679,0.10068815729714767,0.7567737371293023,0.30646045751467144,4.02709494851721,0.8239618310182933,0.8719425221019749,0.5896624353895317,2.7579779932428883,2.7579779932428883,1.2131867705749664,1.544791222667922,0.0,0.0,0.0,0.0,2.389557228828593,0.1029144056555629,0.26550635875873246,4.640500524762625,605.5403895027507,362.66140392748207,8.479427719856352,602.7824115095078,2.389557228828593,39.8219712184285,0.0,0.0,-1593.1141930599763,0.0,-3.637978807091713e-12,0.0,0.0
opening_hypothesis,recirculating,1372.8805350795158,1372.8805350795158,19392.355259657223,90000.0,0.0,0.0,0.0,0.0,727.6552014986655,0.0,0.0,2300000.0000000047,345.0,0.38860794206451116,0.1010380649367729,0.7584699296503485,0.30643768556667816,4.033879718601394,0.8234075741736671,0.8718755457843476,0.5894922863494797,2.767562413056094,2.767562413056094,1.2129757048295975,1.5545867082264966,0.0,0.0,0.0,0.0,2.398199317760651,0.10289650443314838,0.2664665908622945,4.641004086142697,607.6447403427741,361.86486555545326,8.481875192910932,604.877177929718,2.398199317760651,39.96599163048125,0.0,0.0,-1595.4078250928555,0.0,-3.637978807091713e-12,0.0,0.0
opening_hypothesis,recirculating,1377.6289410643406,1377.6289410643406,19390.253588136675,90000.0,0.0,0.0,0.0,0.0,730.0936136637752,0.0,0.0,2306666.666666671,346.0,0.3899520271692961,0.10138752706401699,0.7601521563008764,0.30641493342577747,4.040608625203506,0.8228543951466025,0.8718086277228749,0.5893223258570182,2.7771346297127826,2.7771346297127826,1.2127649243929457,1.5643697053198369,0.0,0.0,0.0,0.0,2.4068304020744278,0.10287862740786298,0.2674256002304919,4.641507115464632,609.7464118633218,361.0693413587856,8.484321364762115,606.969277233609,2.4068304020744278,40.109828650570336,0.0,0.0,-1597.7024002378762,0.0,-3.637978807091713e-12,0.0,0.0
opening_hypothesis,recirculating,1382.3712174615227,1382.3712174615227,19388.154629606513,90000.0,0.0,0.0,0.0,0.0,732.5327851875404,0.0,0.0,2313333.3333333377,347.0,0.3912943772313161,0.10173653808014219,0.761820517555183,0.3063921984907227,4.0472820702207315,0.8223023011190118,0.8717417602668315,0.5891525343733729,2.7866944898563344,2.7866944898563344,1.2125544325809898,1.5741400572753443,0.0,0.0,0.0,0.0,2.415450343495846,0.10286077486095017,0.26838337149953834,4.6420096042852,611.8453703934844,360.2748440825838,8.48676651339205,609.058675903628,2.415450343495846,40.25347997435827,0.0,0.0,-1599.9979204378535,0.0,-3.637978807091713e-12,0.0,0.0
opening_hypothesis,recirculating,1387.1072895121538,1387.1072895121538,19386.058417155455,90000.0,0.0,0.0,0.0,0.0,734.9727157864623,0.0,0.0,2320000.000000004,348.0,0.392634971089294,0.10208509248321644,0.7634751138329979,0.3063694782199904,4.053900455331991,0.8217512990999821,0.8716749359411482,0.5889828928242778,2.79624184278176,2.79624184278176,1.212344232650333,1.5838976101314273,0.0,0.0,0.0,0.0,2.424059006141828,0.10284294706861832,0.26933988957131416,4.642511544293893,613.9415828445435,359.4813862515813,8.489210910734792,611.1453410017617,2.424059006141828,40.39694333735356,0.0,0.0,-1602.29438767378,0.0,0.0,0.0,-8.881784197001252e-16
opening_hypothesis,recirculating,1391.8370837612447,1391.8370837612447,19383.964983295096,90000.0,0.0,0.0,0.0,0.0,737.4134052533537,0.0,0.0,2326666.6666666707,349.0,0.3939737879510403,0.10243318486727049,0.7651160454775703,0.3063467701312187,4.060464181910281,0.8212013959277281,0.8716081474447609,0.5888133825952105,2.8057765404126176,2.8057765404126176,1.2121343277987349,1.593642212613883,0.0,0.0,0.0,0.0,2.4326562564994814,0.10282514430208295,0.2702951396110534,4.643012927311883,616.0350167049028,358.68898017205987,8.49165482272561,613.2292401644902,2.4326562564994814,40.54021651456385,0.0,0.0,-1604.5918039634612,0.0,0.0,0.0,0.0
opening_hypothesis,recirculating,1396.5605280462169,1396.5605280462169,19381.874359965004,90000.0,0.0,0.0,0.0,0.0,739.8548534556437,0.0,0.0,2333333.333333337,350.0,0.39531080739019575,0.1027808099214509,0.7667434127343989,0.3063240718006332,4.066973650937596,0.8206525982715417,0.8715413876489212,0.5886439855265454,2.8152984372778076,2.8152984372778076,1.211924721165649,1.6033737161121586,0.0,0.0,0.0,0.0,2.441241963405172,0.10280736682761661,0.27124910704501903,4.643513745290964,618.125640034994,357.897637933777,8.494098509351916,615.3103415977163,2.441241963405172,40.68329732014719,0.0,0.0,-1606.8901713601679,0.0,0.0,0.0,0.0
opening_hypothesis,recirculating,1401.277551485334,1401.277551485334,19379.78657853784,90000.0,0.0,0.0,0.0,0.0,742.2970603336948,0.0,0.0,2340000.0000000037,351.0,0.39664600934295646,0.10312796242916869,0.7683573157305897,0.30630138086246217,4.0734292629223585,0.8201049126337413,0.871474649595477,0.5884746839086421,2.824807390488255,2.824807390488255,1.2117154158327625,1.6130919746554924,0.0,0.0,0.0,0.0,2.4498159980234977,0.10278961490659111,0.2722017775581663,4.644013990312492,620.2134214621575,357.10737141190447,8.4965422247055,617.3886140716693,2.4498159980234977,40.82618360706159,0.0,0.0,-1609.1894919513047,0.0,0.0,0.0,0.0
opening_hypothesis,recirculating,1405.9880844660881,1405.9880844660881,19377.701669824495,90000.0,0.0,0.0,0.0,0.0,744.7400258991373,0.0,0.0,2346666.6666666702,352.0,0.3979793741047869,0.1034746372672446,0.7699578544548337,0.30627869500834026,4.079831417819335,0.8195583453516191,0.8714079264951184,0.5883054604768582,2.8343032597134976,2.8343032597134976,1.2115064148245336,1.6227968448889638,0.0,0.0,0.0,0.0,2.4583782338261746,0.1027718887955256,0.2731531370917971,4.64451365458632,622.2983301755005,356.3181922689739,8.49898621703628,619.464026915787,2.4583782338261746,40.968873266713196,0.0,0.0,-1611.4897678570956,0.0,-3.637978807091713e-12,0.0,0.0
opening_hypothesis,recirculating,1410.6920586335389,1410.6920586335389,19375.61966407926,90000.0,0.0,0.0,0.0,0.0,747.1837502332166,0.0,0.0,2353333.3333333367,353.0,0.39931088232711864,0.10382082940505086,0.7715451287379939,0.30625601198670305,4.086180514951975,0.8190129025993846,0.8713412117255972,0.5881362984065043,2.843785907158178,2.843785907158178,1.2112977211087397,1.6324881860494382,0.0,0.0,0.0,0.0,2.4669285465708426,0.10275418874613107,0.27410317184120464,4.645012730449715,624.3803359207376,355.53011195683007,8.50143072880724,621.5365500135795,2.4669285465708426,41.11136422860309,0.0,0.0,-1613.791001229285,0.0,-3.637978807091713e-12,0.0,-4.440892098500626e-16
opening_hypothesis,recirculating,1415.3894068786153,1415.3894068786153,19373.540591004985,90000.0,0.0,0.0,0.0,0.0,749.6282334851574,0.0,0.0,2360000.0000000033,354.0,0.4006405150140398,0.10416653390365035,0.7731192382342906,0.30623332960217203,4.0924769529371625,0.8184685903901058,0.8712744988299178,0.5879671813077421,2.853255197538463,2.853255197538463,1.2110893375970129,1.64216585994145,0.0,0.0,0.0,0.0,2.4754668142797946,0.10273651500535755,0.27505186825331046,4.645511210366289,626.4594089950119,354.7431417185911,8.503875996750573,623.6061537974734,2.4754668142797946,41.25365445997278,0.0,0.0,-1616.093194249856,0.0,-3.637978807091713e-12,0.0,0.0
opening_hypothesis,recirculating,1420.0800633263837,1420.0800633263837,19371.464479758295,90000.0,0.0,0.0,0.0,0.0,752.0734758705441,0.0,0.0,2366666.66666667,355.0,0.40196825351897336,0.10451174591493308,0.7746802824030763,0.30621064571493106,4.098721129612305,0.8179254145776453,0.8712077815145032,0.587798093220426,2.86271099805839,2.86271099805839,1.2108812671453917,1.6518297309129983,0.0,0.0,0.0,0.0,2.483992917218656,0.102718867815439,0.27599921302429503,4.646009086924901,628.5355202417026,353.9572925906142,8.506322251925008,625.6728092436441,2.483992917218656,41.3957419654489,0.0,0.0,-1618.3963491297666,0.0,-3.637978807091713e-12,0.0,0.0
opening_hypothesis,recirculating,1424.763963324286,1424.763963324286,19369.391358954777,90000.0,0.0,0.0,0.0,0.0,754.5194776697173,0.0,0.0,2373333.3333333363,356.0,0.40329407954134855,0.10485646068075062,0.7762283604911869,0.3061879582400951,4.104913441964747,0.8173833808585932,0.8711410536473385,0.5876290186088998,2.8721531783861614,2.8721531783861614,1.2106735125548644,1.661479665831297,0.0,0.0,0.0,0.0,2.4925067378749985,0.10270124741394104,0.276945193097222,4.646506352838577,630.6086410452195,353.17257540446576,8.508769719774138,627.7364878668334,2.4925067378749985,41.53762478668685,0.0,0.0,-1620.700468107702,0.0,-3.637978807091713e-12,0.0,-4.440892098500626e-16
opening_hypothesis,recirculating,1429.4410434303547,1429.4410434303547,19367.321256674208,90000.0,0.0,0.0,0.0,0.0,756.9662392261858,0.0,0.0,2380000.000000003,357.0,0.4046179751232646,0.10520067353204879,0.7777635715158628,0.3061652651470716,4.111054286063451,0.8168424947741926,0.871074309256093,0.587459942356751,2.8815816106303833,2.8815816106303833,1.2104660765719142,1.6711155340584691,0.0,0.0,0.0,0.0,2.5010081609369186,0.10268365403380672,0.27788979565965755,4.6470030009434025,632.6787433257869,352.38900078889543,8.511218620185705,629.7971617151564,2.5010081609369186,41.679301002013744,0.0,0.0,-1623.0055534488433,0.0,-7.275957614183426e-12,0.0,8.881784197001252e-16
opening_hypothesis,recirculating,1434.1112414014083,1434.1112414014083,19365.254200465777,90000.0,0.0,0.0,0.0,0.0,759.4137609450578,0.0,0.0,2386666.6666666693,358.0,0.40593992264614925,0.10554437988799881,0.7792860142482253,0.3061425644589155,4.117144056992901,0.816302761712262,0.8710075425262221,0.5872908497615221,2.8909961693162707,2.8909961693162707,1.21025896188907,1.6807372074272007,0.0,0.0,0.0,0.0,2.5094970732715813,0.1026660879034024,0.27883300814128675,4.647499024197436,634.7457995342179,351.60657917181504,8.513669167551855,631.8548033649016,2.5094970732715813,41.8207687260709,0.0,0.0,-1625.3116074436582,0.0,-3.637978807091713e-12,0.0,0.0
opening_hypothesis,recirculating,1438.774496181231,1438.774496181231,19363.19021735331,90000.0,0.0,0.0,0.0,0.0,761.8620432914867,0.0,0.0,2393333.333333336,359.0,0.4072599048274134,0.1058875752551275,0.7807957871973024,0.30611985425167815,4.123183148789209,0.8157641869091091,0.8709407477990534,0.5871217265293921,2.9003967313618197,2.9003967313618197,1.2100521711454513,1.6903445602163685,0.0,0.0,0.0,0.0,2.5179733639037285,0.10264854924656584,0.27977481821152533,4.647994415679598,636.809782646684,350.82532078227746,8.516121570830157,633.9093859153221,2.5179733639037285,41.962026109455635,0.0,0.0,-1627.6186324067023,0.0,-7.275957614183426e-12,0.0,0.0
opening_hypothesis,recirculating,1443.4307478887436,1443.4307478887436,19361.129333840512,90000.0,0.0,0.0,0.0,0.0,764.3110867891359,0.0,0.0,2400000.0000000023,360.0,0.4085779047171023,0.10623025522644661,0.7822929885945897,0.3060971326537506,4.129171954378359,0.8152267754514394,0.8708739195698547,0.5869525587698249,2.9097831760539603,2.9097831760539603,1.2098457069273165,1.6999374691266436,0.0,0.0,0.0,0.0,2.5264369239941793,0.10263103828264979,0.28071521377713093,4.648489168588567,638.8706661594786,350.0452356524593,8.518576033605408,635.9608829834247,2.5264369239941793,42.103071338362994,0.0,0.0,-1629.9266306754444,0.0,-1.0913936421275139e-11,0.0,4.440892098500626e-16
opening_hypothesis,recirculating,1448.0799378061665,1448.0799378061665,19359.071575916212,90000.0,0.0,0.0,0.0,0.0,766.760892018661,0.0,0.0,2406666.666666669,361.0,0.4098939056945451,0.10657241548058173,0.78377771637914,0.3060743978452027,4.13511086551656,0.8146905322782565,0.8708070524858903,0.5867833329901913,2.9191553850246947,2.9191553850246947,1.2096395717686113,1.7095158132560835,0.0,0.0,0.0,0.0,2.5348876468183104,0.10261355522657192,0.2816541829798122,4.648983276241673,640.9284240837784,349.2663336196439,8.521032754152172,638.0092686987537,2.5348876468183104,42.24390263422714,0.0,0.0,-1632.2356046091052,0.0,-1.0913936421275139e-11,0.0,0.0
opening_hypothesis,recirculating,1452.7220083671818,1452.7220083671818,19357.01696905959,90000.0,0.0,0.0,0.0,0.0,769.211459616209,0.0,0.0,2413333.3333333354,362.0,0.41120789146500397,0.10691405178090103,0.7852500681831674,0.3060516480571174,4.14100027273267,0.8141554621827553,0.8707401413444629,0.5866140360903717,2.9285132422272344,2.9285132422272344,1.2094337681515153,1.719079474075719,0.0,0.0,0.0,0.0,2.5433254277445383,0.10259610028885839,0.2825917141938375,4.6494767320737855,642.9830309404031,348.48862432820414,8.523491925497872,640.0545176981758,2.5433254277445383,42.38451825336273,0.0,0.0,-1634.5455565875177,0.0,-7.275957614183426e-12,0.0,4.440892098500626e-16
opening_hypothesis,recirculating,1457.356903145096,1457.356903145096,19354.965538245415,90000.0,0.0,0.0,0.0,0.0,771.6627902719363,0.0,0.0,2420000.000000002,363.0,0.4125198460563235,0.10725515997464412,0.7867101413181596,0.30602888157092145,4.146840565272639,0.8136215698142067,0.8706731810909455,0.5864446553573357,2.937856633912136,2.937856633912136,1.20922829850699,1.7286283354051462,0.0,0.0,0.0,0.0,2.5517501642128004,0.10257867367569146,0.2835277960236444,4.649969529636206,645.034461754577,347.7121172315863,8.525953735486553,642.0966051206649,2.5517501642128004,42.524916486606315,0.0,0.0,-1636.8564890100013,0.0,-7.275957614183426e-12,0.0,0.0
opening_hypothesis,recirculating,1461.9845668410107,1461.9845668410107,19352.9173079493,90000.0,0.0,0.0,0.0,0.0,774.1148847285438,0.0,0.0,2426666.6666666684,364.0,0.4138297538155823,0.1075957359920514,0.7881580327614858,0.30600609671771317,4.152632131045943,0.8130888596798342,0.8706061668168035,0.58627517845971,2.9471854486034563,2.9471854486034563,1.209023165215326,1.7381622833881305,0.0,0.0,0.0,0.0,2.56016175571305,0.10256127558895677,0.2844624173014499,4.650461662595545,647.082692050693,346.9368215942912,8.528418366843088,644.1355066020895,2.56016175571305,42.66509565895797,0.0,0.0,-1639.168404294257,0.0,-7.275957614183426e-12,0.0,0.0
opening_hypothesis,recirculating,1466.604945271999,1466.604945271999,19350.872302152915,90000.0,0.0,0.0,0.0,0.0,776.5677437798316,0.0,0.0,2433333.3333333354,365.0,0.4151375994057462,0.107935775845494,0.7895938391434908,0.3059832918775871,4.158375356573963,0.8125573361466802,0.8705390937576092,0.5861055934423344,2.956499577074917,2.956499577074917,1.2088183706066864,1.7476812064682306,0.0,0.0,0.0,0.0,2.568560103763767,0.1025439062262873,0.2853955670848629,4.650953124732619,649.127697847079,346.16274649385565,8.530885997237867,646.1711982700041,2.568560103763767,42.80505412922318,0.0,0.0,-1641.4813048752799,0.0,-7.275957614183426e-12,0.0,0.0
