scenario,mode,extent_mol,reactor_h2_mol,water_kg,salt_mol,export_h2_mol,export_water_kg,export_salt_mol,outlet_separator_gas_mol,flow_pump_kwh,feed_water_kg,feed_salt_mol,circulated_water_kg,time_days,altered_fraction_proxy,expansion_loading,crack_opening_fraction,porosity,area_factor,passivation_factor,pore_access_factor,permeability_ratio,generated_h2_kg,retained_h2_kg,dissolved_h2_kg,free_h2_kg,exported_h2_kg,outlet_collected_h2_kg,outlet_uncollected_gas_h2_kg,outlet_residual_dissolved_h2_kg,endpoint_collected_h2_kg,endpoint_residual_h2_kg,endpoint_uncollected_gas_h2_kg,salt_molality,water_consumed_kg,remaining_reactive_fe_kg,flow_head_bar,solid_mass_gain_kg,total_deliverable_h2_kg,gross_electricity_kwh,outlet_delivered_electricity_kwh,new_feed_heater_kwh,standalone_engineering_balance_kwh,h2_balance_error_kg,water_balance_error_kg,salt_balance_error_kg,hydrogen_recovery_balance_error_kg
zero_source,recirculating,0.0,0.0,20000.0,90000.0,0.0,0.0,0.0,0.0,0.0,0.0,0.0,0.0,0.0,0.0,0.0,0.0,0.35,1.0,1.0,1.0,1.0,0.0,0.0,0.0,0.0,0.0,0.0,0.0,0.0,0.0,0.0,0.0,4.5,0.0,591.8704059999999,5.0,0.0,0.0,0.0,0.0,0.0,-907.7186152246713,0.0,0.0,0.0,0.0
zero_source,recirculating,0.0,0.0,20000.0,90000.0,0.0,0.0,0.0,0.0,1.4278847284402847,0.0,0.0,6666.666666666658,1.0,0.0,0.0,0.0,0.35,1.0,1.0,1.0,1.0,0.0,0.0,0.0,0.0,0.0,0.0,0.0,0.0,0.0,0.0,0.0,4.5,0.0,591.8704059999999,5.0,0.0,0.0,0.0,0.0,0.0,-909.1464999531116,0.0,0.0,0.0,0.0
zero_source,recirculating,0.0,0.0,20000.0,90000.0,0.0,0.0,0.0,0.0,2.8557694568805694,0.0,0.0,13333.333333333327,2.0,0.0,0.0,0.0,0.35,1.0,1.0,1.0,1.0,0.0,0.0,0.0,0.0,0.0,0.0,0.0,0.0,0.0,0.0,0.0,4.5,0.0,591.8704059999999,5.0,0.0,0.0,0.0,0.0,0.0,-910.5743846815519,0.0,0.0,0.0,0.0
zero_source,recirculating,0.0,0.0,20000.0,90000.0,0.0,0.0,0.0,0.0,4.283654185320854,0.0,0.0,19999.999999999996,3.0,0.0,0.0,0.0,0.35,1.0,1.0,1.0,1.0,0.0,0.0,0.0,0.0,0.0,0.0,0.0,0.0,0.0,0.0,0.0,4.5,0.0,591.8704059999999,5.0,0.0,0.0,0.0,0.0,0.0,-912.0022694099921,0.0,0.0,0.0,0.0
zero_source,recirculating,0.0,0.0,20000.0,90000.0,0.0,0.0,0.0,0.0,5.711538913761139,0.0,0.0,26666.666666666664,4.0,0.0,0.0,0.0,0.35,1.0,1.0,1.0,1.0,0.0,0.0,0.0,0.0,0.0,0.0,0.0,0.0,0.0,0.0,0.0,4.5,0.0,591.8704059999999,5.0,0.0,0.0,0.0,0.0,0.0,-913.4301541384325,0.0,0.0,0.0,0.0
zero_source,recirculating,0.0,0.0,20000.0,90000.0,0.0,0.0,0.0,0.0,7.1394236422014234,0.0,0.0,33333.33333333333,5.0,0.0,0.0,0.0,0.35,1.0,1.0,1.0,1.0,0.0,0.0,0.0,0.0,0.0,0.0,0.0,0.0,0.0,0.0,0.0,4.5,0.0,591.8704059999999,5.0,0.0,0.0,0.0,0.0,0.0,-914.8580388668727,0.0,0.0,0.0,0.0
zero_source,recirculating,0.0,0.0,20000.0,90000.0,0.0,0.0,0.0,0.0,8.567308370641708,0.0,0.0,40000.0,6.0,0.0,0.0,0.0,0.35,1.0,1.0,1.0,1.0,0.0,0.0,0.0,0.0,0.0,0.0,0.0,0.0,0.0,0.0,0.0,4.5,0.0,591.8704059999999,5.0,0.0,0.0,0.0,0.0,0.0,-916.285923595313,0.0,0.0,0.0,0.0
zero_source,recirculating,0.0,0.0,20000.0,90000.0,0.0,0.0,0.0,0.0,9.995193099081993,0.0,0.0,46666.66666666667,7.0,0.0,0.0,0.0,0.35,1.0,1.0,1.0,1.0,0.0,0.0,0.0,0.0,0.0,0.0,0.0,0.0,0.0,0.0,0.0,4.5,0.0,591.8704059999999,5.0,0.0,0.0,0.0,0.0,0.0,-917.7138083237533,0.0,0.0,0.0,0.0
zero_source,recirculating,0.0,0.0,20000.0,90000.0,0.0,0.0,0.0,0.0,11.423077827522278,0.0,0.0,53333.33333333334,8.0,0.0,0.0,0.0,0.35,1.0,1.0,1.0,1.0,0.0,0.0,0.0,0.0,0.0,0.0,0.0,0.0,0.0,0.0,0.0,4.5,0.0,591.8704059999999,5.0,0.0,0.0,0.0,0.0,0.0,-919.1416930521935,0.0,0.0,0.0,0.0
zero_source,recirculating,0.0,0.0,20000.0,90000.0,0.0,0.0,0.0,0.0,12.850962555962562,0.0,0.0,60000.000000000015,9.0,0.0,0.0,0.0,0.35,1.0,1.0,1.0,1.0,0.0,0.0,0.0,0.0,0.0,0.0,0.0,0.0,0.0,0.0,0.0,4.5,0.0,591.8704059999999,5.0,0.0,0.0,0.0,0.0,0.0,-920.5695777806338,0.0,0.0,0.0,0.0
zero_source,recirculating,0.0,0.0,20000.0,90000.0,0.0,0.0,0.0,0.0,14.278847284402847,0.0,0.0,66666.66666666669,10.0,0.0,0.0,0.0,0.35,1.0,1.0,1.0,1.0,0.0,0.0,0.0,0.0,0.0,0.0,0.0,0.0,0.0,0.0,0.0,4.5,0.0,591.8704059999999,5.0,0.0,0.0,0.0,0.0,0.0,-921.9974625090741,0.0,0.0,0.0,0.0
zero_source,recirculating,0.0,0.0,20000.0,90000.0,0.0,0.0,0.0,0.0,15.706732012843132,0.0,0.0,73333.33333333336,11.0,0.0,0.0,0.0,0.35,1.0,1.0,1.0,1.0,0.0,0.0,0.0,0.0,0.0,0.0,0.0,0.0,0.0,0.0,0.0,4.5,0.0,591.8704059999999,5.0,0.0,0.0,0.0,0.0,0.0,-923.4253472375144,0.0,0.0,0.0,0.0
zero_source,recirculating,0.0,0.0,20000.0,90000.0,0.0,0.0,0.0,0.0,17.134616741283416,0.0,0.0,80000.00000000003,12.0,0.0,0.0,0.0,0.35,1.0,1.0,1.0,1.0,0.0,0.0,0.0,0.0,0.0,0.0,0.0,0.0,0.0,0.0,0.0,4.5,0.0,591.8704059999999,5.0,0.0,0.0,0.0,0.0,0.0,-924.8532319659547,0.0,0.0,0.0,0.0
zero_source,recirculating,0.0,0.0,20000.0,90000.0,0.0,0.0,0.0,0.0,18.5625014697237,0.0,0.0,86666.6666666667,13.0,0.0,0.0,0.0,0.35,1.0,1.0,1.0,1.0,0.0,0.0,0.0,0.0,0.0,0.0,0.0,0.0,0.0,0.0,0.0,4.5,0.0,591.8704059999999,5.0,0.0,0.0,0.0,0.0,0.0,-926.281116694395,0.0,0.0,0.0,0.0
zero_source,recirculating,0.0,0.0,20000.0,90000.0,0.0,0.0,0.0,0.0,19.990386198163982,0.0,0.0,93333.33333333337,14.0,0.0,0.0,0.0,0.35,1.0,1.0,1.0,1.0,0.0,0.0,0.0,0.0,0.0,0.0,0.0,0.0,0.0,0.0,0.0,4.5,0.0,591.8704059999999,5.0,0.0,0.0,0.0,0.0,0.0,-927.7090014228353,0.0,0.0,0.0,0.0
zero_source,recirculating,0.0,0.0,20000.0,90000.0,0.0,0.0,0.0,0.0,21.418270926604265,0.0,0.0,100000.00000000004,15.0,0.0,0.0,0.0,0.35,1.0,1.0,1.0,1.0,0.0,0.0,0.0,0.0,0.0,0.0,0.0,0.0,0.0,0.0,0.0,4.5,0.0,591.8704059999999,5.0,0.0,0.0,0.0,0.0,0.0,-929.1368861512756,0.0,0.0,0.0,0.0
zero_source,recirculating,0.0,0.0,20000.0,90000.0,0.0,0.0,0.0,0.0,22.846155655044548,0.0,0.0,106666.66666666672,16.0,0.0,0.0,0.0,0.35,1.0,1.0,1.0,1.0,0.0,0.0,0.0,0.0,0.0,0.0,0.0,0.0,0.0,0.0,0.0,4.5,0.0,591.8704059999999,5.0,0.0,0.0,0.0,0.0,0.0,-930.5647708797159,0.0,0.0,0.0,0.0
zero_source,recirculating,0.0,0.0,20000.0,90000.0,0.0,0.0,0.0,0.0,24.27404038348483,0.0,0.0,113333.33333333339,17.0,0.0,0.0,0.0,0.35,1.0,1.0,1.0,1.0,0.0,0.0,0.0,0.0,0.0,0.0,0.0,0.0,0.0,0.0,0.0,4.5,0.0,591.8704059999999,5.0,0.0,0.0,0.0,0.0,0.0,-931.9926556081562,0.0,0.0,0.0,0.0
zero_source,recirculating,0.0,0.0,20000.0,90000.0,0.0,0.0,0.0,0.0,25.701925111925114,0.0,0.0,120000.00000000006,18.0,0.0,0.0,0.0,0.35,1.0,1.0,1.0,1.0,0.0,0.0,0.0,0.0,0.0,0.0,0.0,0.0,0.0,0.0,0.0,4.5,0.0,591.8704059999999,5.0,0.0,0.0,0.0,0.0,0.0,-933.4205403365964,0.0,0.0,0.0,0.0
zero_source,recirculating,0.0,0.0,20000.0,90000.0,0.0,0.0,0.0,0.0,27.129809840365397,0.0,0.0,126666.66666666673,19.0,0.0,0.0,0.0,0.35,1.0,1.0,1.0,1.0,0.0,0.0,0.0,0.0,0.0,0.0,0.0,0.0,0.0,0.0,0.0,4.5,0.0,591.8704059999999,5.0,0.0,0.0,0.0,0.0,0.0,-934.8484250650367,0.0,0.0,0.0,0.0
zero_source,recirculating,0.0,0.0,20000.0,90000.0,0.0,0.0,0.0,0.0,28.55769456880568,0.0,0.0,133333.3333333334,20.0,0.0,0.0,0.0,0.35,1.0,1.0,1.0,1.0,0.0,0.0,0.0,0.0,0.0,0.0,0.0,0.0,0.0,0.0,0.0,4.5,0.0,591.8704059999999,5.0,0.0,0.0,0.0,0.0,0.0,-936.2763097934769,0.0,0.0,0.0,0.0
zero_source,recirculating,0.0,0.0,20000.0,90000.0,0.0,0.0,0.0,0.0,29.985579297245962,0.0,0.0,140000.00000000006,21.0,0.0,0.0,0.0,0.35,1.0,1.0,1.0,1.0,0.0,0.0,0.0,0.0,0.0,0.0,0.0,0.0,0.0,0.0,0.0,4.5,0.0,591.8704059999999,5.0,0.0,0.0,0.0,0.0,0.0,-937.7041945219173,0.0,0.0,0.0,0.0
zero_source,recirculating,0.0,0.0,20000.0,90000.0,0.0,0.0,0.0,0.0,31.413464025686245,0.0,0.0,146666.66666666672,22.0,0.0,0.0,0.0,0.35,1.0,1.0,1.0,1.0,0.0,0.0,0.0,0.0,0.0,0.0,0.0,0.0,0.0,0.0,0.0,4.5,0.0,591.8704059999999,5.0,0.0,0.0,0.0,0.0,0.0,-939.1320792503575,0.0,0.0,0.0,0.0
zero_source,recirculating,0.0,0.0,20000.0,90000.0,0.0,0.0,0.0,0.0,32.84134875412653,0.0,0.0,153333.33333333337,23.0,0.0,0.0,0.0,0.35,1.0,1.0,1.0,1.0,0.0,0.0,0.0,0.0,0.0,0.0,0.0,0.0,0.0,0.0,0.0,4.5,0.0,591.8704059999999,5.0,0.0,0.0,0.0,0.0,0.0,-940.5599639787979,0.0,0.0,0.0,0.0
zero_source,recirculating,0.0,0.0,20000.0,90000.0,0.0,0.0,0.0,0.0,34.26923348256681,0.0,0.0,160000.00000000003,24.0,0.0,0.0,0.0,0.35,1.0,1.0,1.0,1.0,0.0,0.0,0.0,0.0,0.0,0.0,0.0,0.0,0.0,0.0,0.0,4.5,0.0,591.8704059999999,5.0,0.0,0.0,0.0,0.0,0.0,-941.9878487072381,0.0,0.0,0.0,0.0
zero_source,recirculating,0.0,0.0,20000.0,90000.0,0.0,0.0,0.0,0.0,35.697118211007094,0.0,0.0,166666.6666666667,25.0,0.0,0.0,0.0,0.35,1.0,1.0,1.0,1.0,0.0,0.0,0.0,0.0,0.0,0.0,0.0,0.0,0.0,0.0,0.0,4.5,0.0,591.8704059999999,5.0,0.0,0.0,0.0,0.0,0.0,-943.4157334356784,0.0,0.0,0.0,0.0
zero_source,recirculating,0.0,0.0,20000.0,90000.0,0.0,0.0,0.0,0.0,37.12500293944738,0.0,0.0,173333.33333333334,26.0,0.0,0.0,0.0,0.35,1.0,1.0,1.0,1.0,0.0,0.0,0.0,0.0,0.0,0.0,0.0,0.0,0.0,0.0,0.0,4.5,0.0,591.8704059999999,5.0,0.0,0.0,0.0,0.0,0.0,-944.8436181641187,0.0,0.0,0.0,0.0
zero_source,recirculating,0.0,0.0,20000.0,90000.0,0.0,0.0,0.0,0.0,38.55288766788766,0.0,0.0,180000.0,27.0,0.0,0.0,0.0,0.35,1.0,1.0,1.0,1.0,0.0,0.0,0.0,0.0,0.0,0.0,0.0,0.0,0.0,0.0,0.0,4.5,0.0,591.8704059999999,5.0,0.0,0.0,0.0,0.0,0.0,-946.2715028925589,0.0,0.0,0.0,0.0
zero_source,recirculating,0.0,0.0,20000.0,90000.0,0.0,0.0,0.0,0.0,39.98077239632794,0.0,0.0,186666.66666666666,28.0,0.0,0.0,0.0,0.35,1.0,1.0,1.0,1.0,0.0,0.0,0.0,0.0,0.0,0.0,0.0,0.0,0.0,0.0,0.0,4.5,0.0,591.8704059999999,5.0,0.0,0.0,0.0,0.0,0.0,-947.6993876209992,0.0,0.0,0.0,0.0
zero_source,recirculating,0.0,0.0,20000.0,90000.0,0.0,0.0,0.0,0.0,41.408657124768226,0.0,0.0,193333.3333333333,29.0,0.0,0.0,0.0,0.35,1.0,1.0,1.0,1.0,0.0,0.0,0.0,0.0,0.0,0.0,0.0,0.0,0.0,0.0,0.0,4.5,0.0,591.8704059999999,5.0,0.0,0.0,0.0,0.0,0.0,-949.1272723494395,0.0,0.0,0.0,0.0
zero_source,recirculating,0.0,0.0,20000.0,90000.0,0.0,0.0,0.0,0.0,42.83654185320851,0.0,0.0,199999.99999999997,30.0,0.0,0.0,0.0,0.35,1.0,1.0,1.0,1.0,0.0,0.0,0.0,0.0,0.0,0.0,0.0,0.0,0.0,0.0,0.0,4.5,0.0,591.8704059999999,5.0,0.0,0.0,0.0,0.0,0.0,-950.5551570778798,0.0,0.0,0.0,0.0
zero_source,recirculating,0.0,0.0,20000.0,90000.0,0.0,0.0,0.0,0.0,44.26442658164879,0.0,0.0,206666.66666666663,31.0,0.0,0.0,0.0,0.35,1.0,1.0,1.0,1.0,0.0,0.0,0.0,0.0,0.0,0.0,0.0,0.0,0.0,0.0,0.0,4.5,0.0,591.8704059999999,5.0,0.0,0.0,0.0,0.0,0.0,-951.9830418063201,0.0,0.0,0.0,0.0
zero_source,recirculating,0.0,0.0,20000.0,90000.0,0.0,0.0,0.0,0.0,45.692311310089075,0.0,0.0,213333.3333333333,32.0,0.0,0.0,0.0,0.35,1.0,1.0,1.0,1.0,0.0,0.0,0.0,0.0,0.0,0.0,0.0,0.0,0.0,0.0,0.0,4.5,0.0,591.8704059999999,5.0,0.0,0.0,0.0,0.0,0.0,-953.4109265347604,0.0,0.0,0.0,0.0
zero_source,recirculating,0.0,0.0,20000.0,90000.0,0.0,0.0,0.0,0.0,47.12019603852936,0.0,0.0,219999.99999999997,33.0,0.0,0.0,0.0,0.35,1.0,1.0,1.0,1.0,0.0,0.0,0.0,0.0,0.0,0.0,0.0,0.0,0.0,0.0,0.0,4.5,0.0,591.8704059999999,5.0,0.0,0.0,0.0,0.0,0.0,-954.8388112632007,0.0,0.0,0.0,0.0
zero_source,recirculating,0.0,0.0,20000.0,90000.0,0.0,0.0,0.0,0.0,48.54808076696964,0.0,0.0,226666.66666666663,34.0,0.0,0.0,0.0,0.35,1.0,1.0,1.0,1.0,0.0,0.0,0.0,0.0,0.0,0.0,0.0,0.0,0.0,0.0,0.0,4.5,0.0,591.8704059999999,5.0,0.0,0.0,0.0,0.0,0.0,-956.266695991641,0.0,0.0,0.0,0.0
zero_source,recirculating,0.0,0.0,20000.0,90000.0,0.0,0.0,0.0,0.0,49.97596549540992,0.0,0.0,233333.33333333328,35.0,0.0,0.0,0.0,0.35,1.0,1.0,1.0,1.0,0.0,0.0,0.0,0.0,0.0,0.0,0.0,0.0,0.0,0.0,0.0,4.5,0.0,591.8704059999999,5.0,0.0,0.0,0.0,0.0,0.0,-957.6945807200811,0.0,0.0,0.0,0.0
zero_source,recirculating,0.0,0.0,20000.0,90000.0,0.0,0.0,0.0,0.0,51.403850223850206,0.0,0.0,239999.99999999994,36.0,0.0,0.0,0.0,0.35,1.0,1.0,1.0,1.0,0.0,0.0,0.0,0.0,0.0,0.0,0.0,0.0,0.0,0.0,0.0,4.5,0.0,591.8704059999999,5.0,0.0,0.0,0.0,0.0,0.0,-959.1224654485216,0.0,0.0,0.0,0.0
zero_source,recirculating,0.0,0.0,20000.0,90000.0,0.0,0.0,0.0,0.0,52.83173495229049,0.0,0.0,246666.6666666666,37.0,0.0,0.0,0.0,0.35,1.0,1.0,1.0,1.0,0.0,0.0,0.0,0.0,0.0,0.0,0.0,0.0,0.0,0.0,0.0,4.5,0.0,591.8704059999999,5.0,0.0,0.0,0.0,0.0,0.0,-960.5503501769617,0.0,0.0,0.0,0.0
zero_source,recirculating,0.0,0.0,20000.0,90000.0,0.0,0.0,0.0,0.0,54.25961968073077,0.0,0.0,253333.33333333326,38.0,0.0,0.0,0.0,0.35,1.0,1.0,1.0,1.0,0.0,0.0,0.0,0.0,0.0,0.0,0.0,0.0,0.0,0.0,0.0,4.5,0.0,591.8704059999999,5.0,0.0,0.0,0.0,0.0,0.0,-961.9782349054021,0.0,0.0,0.0,0.0
zero_source,recirculating,0.0,0.0,20000.0,90000.0,0.0,0.0,0.0,0.0,55.687504409171055,0.0,0.0,259999.9999999999,39.0,0.0,0.0,0.0,0.35,1.0,1.0,1.0,1.0,0.0,0.0,0.0,0.0,0.0,0.0,0.0,0.0,0.0,0.0,0.0,4.5,0.0,591.8704059999999,5.0,0.0,0.0,0.0,0.0,0.0,-963.4061196338423,0.0,0.0,0.0,0.0
zero_source,recirculating,0.0,0.0,20000.0,90000.0,0.0,0.0,0.0,0.0,57.11538913761134,0.0,0.0,266666.66666666657,40.0,0.0,0.0,0.0,0.35,1.0,1.0,1.0,1.0,0.0,0.0,0.0,0.0,0.0,0.0,0.0,0.0,0.0,0.0,0.0,4.5,0.0,591.8704059999999,5.0,0.0,0.0,0.0,0.0,0.0,-964.8340043622826,0.0,0.0,0.0,0.0
zero_source,recirculating,0.0,0.0,20000.0,90000.0,0.0,0.0,0.0,0.0,58.54327386605162,0.0,0.0,273333.33333333326,41.0,0.0,0.0,0.0,0.35,1.0,1.0,1.0,1.0,0.0,0.0,0.0,0.0,0.0,0.0,0.0,0.0,0.0,0.0,0.0,4.5,0.0,591.8704059999999,5.0,0.0,0.0,0.0,0.0,0.0,-966.2618890907229,0.0,0.0,0.0,0.0
zero_source,recirculating,0.0,0.0,20000.0,90000.0,0.0,0.0,0.0,0.0,59.971158594491904,0.0,0.0,279999.99999999994,42.0,0.0,0.0,0.0,0.35,1.0,1.0,1.0,1.0,0.0,0.0,0.0,0.0,0.0,0.0,0.0,0.0,0.0,0.0,0.0,4.5,0.0,591.8704059999999,5.0,0.0,0.0,0.0,0.0,0.0,-967.6897738191632,0.0,0.0,0.0,0.0
zero_source,recirculating,0.0,0.0,20000.0,90000.0,0.0,0.0,0.0,0.0,61.39904332293219,0.0,0.0,286666.6666666666,43.0,0.0,0.0,0.0,0.35,1.0,1.0,1.0,1.0,0.0,0.0,0.0,0.0,0.0,0.0,0.0,0.0,0.0,0.0,0.0,4.5,0.0,591.8704059999999,5.0,0.0,0.0,0.0,0.0,0.0,-969.1176585476035,0.0,0.0,0.0,0.0
zero_source,recirculating,0.0,0.0,20000.0,90000.0,0.0,0.0,0.0,0.0,62.82692805137247,0.0,0.0,293333.3333333333,44.0,0.0,0.0,0.0,0.35,1.0,1.0,1.0,1.0,0.0,0.0,0.0,0.0,0.0,0.0,0.0,0.0,0.0,0.0,0.0,4.5,0.0,591.8704059999999,5.0,0.0,0.0,0.0,0.0,0.0,-970.5455432760438,0.0,0.0,0.0,0.0
zero_source,recirculating,0.0,0.0,20000.0,90000.0,0.0,0.0,0.0,0.0,64.25481277981275,0.0,0.0,300000.0,45.0,0.0,0.0,0.0,0.35,1.0,1.0,1.0,1.0,0.0,0.0,0.0,0.0,0.0,0.0,0.0,0.0,0.0,0.0,0.0,4.5,0.0,591.8704059999999,5.0,0.0,0.0,0.0,0.0,0.0,-971.973428004484,0.0,0.0,0.0,0.0
zero_source,recirculating,0.0,0.0,20000.0,90000.0,0.0,0.0,0.0,0.0,65.68269750825304,0.0,0.0,306666.6666666667,46.0,0.0,0.0,0.0,0.35,1.0,1.0,1.0,1.0,0.0,0.0,0.0,0.0,0.0,0.0,0.0,0.0,0.0,0.0,0.0,4.5,0.0,591.8704059999999,5.0,0.0,0.0,0.0,0.0,0.0,-973.4013127329243,0.0,0.0,0.0,0.0
zero_source,recirculating,0.0,0.0,20000.0,90000.0,0.0,0.0,0.0,0.0,67.11058223669333,0.0,0.0,313333.3333333334,47.0,0.0,0.0,0.0,0.35,1.0,1.0,1.0,1.0,0.0,0.0,0.0,0.0,0.0,0.0,0.0,0.0,0.0,0.0,0.0,4.5,0.0,591.8704059999999,5.0,0.0,0.0,0.0,0.0,0.0,-974.8291974613646,0.0,0.0,0.0,0.0
zero_source,recirculating,0.0,0.0,20000.0,90000.0,0.0,0.0,0.0,0.0,68.53846696513362,0.0,0.0,320000.00000000006,48.0,0.0,0.0,0.0,0.35,1.0,1.0,1.0,1.0,0.0,0.0,0.0,0.0,0.0,0.0,0.0,0.0,0.0,0.0,0.0,4.5,0.0,591.8704059999999,5.0,0.0,0.0,0.0,0.0,0.0,-976.2570821898049,0.0,0.0,0.0,0.0
zero_source,recirculating,0.0,0.0,20000.0,90000.0,0.0,0.0,0.0,0.0,69.96635169357391,0.0,0.0,326666.66666666674,49.0,0.0,0.0,0.0,0.35,1.0,1.0,1.0,1.0,0.0,0.0,0.0,0.0,0.0,0.0,0.0,0.0,0.0,0.0,0.0,4.5,0.0,591.8704059999999,5.0,0.0,0.0,0.0,0.0,0.0,-977.6849669182452,0.0,0.0,0.0,0.0
zero_source,recirculating,0.0,0.0,20000.0,90000.0,0.0,0.0,0.0,0.0,71.3942364220142,0.0,0.0,333333.33333333343,50.0,0.0,0.0,0.0,0.35,1.0,1.0,1.0,1.0,0.0,0.0,0.0,0.0,0.0,0.0,0.0,0.0,0.0,0.0,0.0,4.5,0.0,591.8704059999999,5.0,0.0,0.0,0.0,0.0,0.0,-979.1128516466855,0.0,0.0,0.0,0.0
zero_source,recirculating,0.0,0.0,20000.0,90000.0,0.0,0.0,0.0,0.0,72.82212115045449,0.0,0.0,340000.0000000001,51.0,0.0,0.0,0.0,0.35,1.0,1.0,1.0,1.0,0.0,0.0,0.0,0.0,0.0,0.0,0.0,0.0,0.0,0.0,0.0,4.5,0.0,591.8704059999999,5.0,0.0,0.0,0.0,0.0,0.0,-980.5407363751258,0.0,0.0,0.0,0.0
zero_source,recirculating,0.0,0.0,20000.0,90000.0,0.0,0.0,0.0,0.0,74.25000587889478,0.0,0.0,346666.6666666668,52.0,0.0,0.0,0.0,0.35,1.0,1.0,1.0,1.0,0.0,0.0,0.0,0.0,0.0,0.0,0.0,0.0,0.0,0.0,0.0,4.5,0.0,591.8704059999999,5.0,0.0,0.0,0.0,0.0,0.0,-981.9686211035661,0.0,0.0,0.0,0.0
zero_source,recirculating,0.0,0.0,20000.0,90000.0,0.0,0.0,0.0,0.0,75.67789060733507,0.0,0.0,353333.3333333335,53.0,0.0,0.0,0.0,0.35,1.0,1.0,1.0,1.0,0.0,0.0,0.0,0.0,0.0,0.0,0.0,0.0,0.0,0.0,0.0,4.5,0.0,591.8704059999999,5.0,0.0,0.0,0.0,0.0,0.0,-983.3965058320064,0.0,0.0,0.0,0.0
zero_source,recirculating,0.0,0.0,20000.0,90000.0,0.0,0.0,0.0,0.0,77.10577533577536,0.0,0.0,360000.0000000002,54.0,0.0,0.0,0.0,0.35,1.0,1.0,1.0,1.0,0.0,0.0,0.0,0.0,0.0,0.0,0.0,0.0,0.0,0.0,0.0,4.5,0.0,591.8704059999999,5.0,0.0,0.0,0.0,0.0,0.0,-984.8243905604467,0.0,0.0,0.0,0.0
zero_source,recirculating,0.0,0.0,20000.0,90000.0,0.0,0.0,0.0,0.0,78.53366006421565,0.0,0.0,366666.66666666686,55.0,0.0,0.0,0.0,0.35,1.0,1.0,1.0,1.0,0.0,0.0,0.0,0.0,0.0,0.0,0.0,0.0,0.0,0.0,0.0,4.5,0.0,591.8704059999999,5.0,0.0,0.0,0.0,0.0,0.0,-986.252275288887,0.0,0.0,0.0,0.0
zero_source,recirculating,0.0,0.0,20000.0,90000.0,0.0,0.0,0.0,0.0,79.96154479265594,0.0,0.0,373333.33333333355,56.0,0.0,0.0,0.0,0.35,1.0,1.0,1.0,1.0,0.0,0.0,0.0,0.0,0.0,0.0,0.0,0.0,0.0,0.0,0.0,4.5,0.0,591.8704059999999,5.0,0.0,0.0,0.0,0.0,0.0,-987.6801600173272,0.0,0.0,0.0,0.0
zero_source,recirculating,0.0,0.0,20000.0,90000.0,0.0,0.0,0.0,0.0,81.38942952109623,0.0,0.0,380000.00000000023,57.0,0.0,0.0,0.0,0.35,1.0,1.0,1.0,1.0,0.0,0.0,0.0,0.0,0.0,0.0,0.0,0.0,0.0,0.0,0.0,4.5,0.0,591.8704059999999,5.0,0.0,0.0,0.0,0.0,0.0,-989.1080447457675,0.0,0.0,0.0,0.0
zero_source,recirculating,0.0,0.0,20000.0,90000.0,0.0,0.0,0.0,0.0,82.81731424953652,0.0,0.0,386666.6666666669,58.0,0.0,0.0,0.0,0.35,1.0,1.0,1.0,1.0,0.0,0.0,0.0,0.0,0.0,0.0,0.0,0.0,0.0,0.0,0.0,4.5,0.0,591.8704059999999,5.0,0.0,0.0,0.0,0.0,0.0,-990.5359294742078,0.0,0.0,0.0,0.0
zero_source,recirculating,0.0,0.0,20000.0,90000.0,0.0,0.0,0.0,0.0,84.24519897797681,0.0,0.0,393333.3333333336,59.0,0.0,0.0,0.0,0.35,1.0,1.0,1.0,1.0,0.0,0.0,0.0,0.0,0.0,0.0,0.0,0.0,0.0,0.0,0.0,4.5,0.0,591.8704059999999,5.0,0.0,0.0,0.0,0.0,0.0,-991.9638142026481,0.0,0.0,0.0,0.0
zero_source,recirculating,0.0,0.0,20000.0,90000.0,0.0,0.0,0.0,0.0,85.6730837064171,0.0,0.0,400000.0000000003,60.0,0.0,0.0,0.0,0.35,1.0,1.0,1.0,1.0,0.0,0.0,0.0,0.0,0.0,0.0,0.0,0.0,0.0,0.0,0.0,4.5,0.0,591.8704059999999,5.0,0.0,0.0,0.0,0.0,0.0,-993.3916989310884,0.0,0.0,0.0,0.0
zero_source,recirculating,0.0,0.0,20000.0,90000.0,0.0,0.0,0.0,0.0,87.10096843485739,0.0,0.0,406666.666666667,61.0,0.0,0.0,0.0,0.35,1.0,1.0,1.0,1.0,0.0,0.0,0.0,0.0,0.0,0.0,0.0,0.0,0.0,0.0,0.0,4.5,0.0,591.8704059999999,5.0,0.0,0.0,0.0,0.0,0.0,-994.8195836595287,0.0,0.0,0.0,0.0
zero_source,recirculating,0.0,0.0,20000.0,90000.0,0.0,0.0,0.0,0.0,88.52885316329768,0.0,0.0,413333.33333333366,62.0,0.0,0.0,0.0,0.35,1.0,1.0,1.0,1.0,0.0,0.0,0.0,0.0,0.0,0.0,0.0,0.0,0.0,0.0,0.0,4.5,0.0,591.8704059999999,5.0,0.0,0.0,0.0,0.0,0.0,-996.247468387969,0.0,0.0,0.0,0.0
zero_source,recirculating,0.0,0.0,20000.0,90000.0,0.0,0.0,0.0,0.0,89.95673789173797,0.0,0.0,420000.00000000035,63.0,0.0,0.0,0.0,0.35,1.0,1.0,1.0,1.0,0.0,0.0,0.0,0.0,0.0,0.0,0.0,0.0,0.0,0.0,0.0,4.5,0.0,591.8704059999999,5.0,0.0,0.0,0.0,0.0,0.0,-997.6753531164093,0.0,0.0,0.0,0.0
zero_source,recirculating,0.0,0.0,20000.0,90000.0,0.0,0.0,0.0,0.0,91.38462262017826,0.0,0.0,426666.66666666704,64.0,0.0,0.0,0.0,0.35,1.0,1.0,1.0,1.0,0.0,0.0,0.0,0.0,0.0,0.0,0.0,0.0,0.0,0.0,0.0,4.5,0.0,591.8704059999999,5.0,0.0,0.0,0.0,0.0,0.0,-999.1032378448496,0.0,0.0,0.0,0.0
zero_source,recirculating,0.0,0.0,20000.0,90000.0,0.0,0.0,0.0,0.0,92.81250734861855,0.0,0.0,433333.3333333337,65.0,0.0,0.0,0.0,0.35,1.0,1.0,1.0,1.0,0.0,0.0,0.0,0.0,0.0,0.0,0.0,0.0,0.0,0.0,0.0,4.5,0.0,591.8704059999999,5.0,0.0,0.0,0.0,0.0,0.0,-1000.5311225732898,0.0,0.0,0.0,0.0
zero_source,recirculating,0.0,0.0,20000.0,90000.0,0.0,0.0,0.0,0.0,94.24039207705884,0.0,0.0,440000.0000000004,66.0,0.0,0.0,0.0,0.35,1.0,1.0,1.0,1.0,0.0,0.0,0.0,0.0,0.0,0.0,0.0,0.0,0.0,0.0,0.0,4.5,0.0,591.8704059999999,5.0,0.0,0.0,0.0,0.0,0.0,-1001.9590073017301,0.0,0.0,0.0,0.0
zero_source,recirculating,0.0,0.0,20000.0,90000.0,0.0,0.0,0.0,0.0,95.66827680549913,0.0,0.0,446666.6666666671,67.0,0.0,0.0,0.0,0.35,1.0,1.0,1.0,1.0,0.0,0.0,0.0,0.0,0.0,0.0,0.0,0.0,0.0,0.0,0.0,4.5,0.0,591.8704059999999,5.0,0.0,0.0,0.0,0.0,0.0,-1003.3868920301704,0.0,0.0,0.0,0.0
zero_source,recirculating,0.0,0.0,20000.0,90000.0,0.0,0.0,0.0,0.0,97.09616153393942,0.0,0.0,453333.3333333338,68.0,0.0,0.0,0.0,0.35,1.0,1.0,1.0,1.0,0.0,0.0,0.0,0.0,0.0,0.0,0.0,0.0,0.0,0.0,0.0,4.5,0.0,591.8704059999999,5.0,0.0,0.0,0.0,0.0,0.0,-1004.8147767586107,0.0,0.0,0.0,0.0
zero_source,recirculating,0.0,0.0,20000.0,90000.0,0.0,0.0,0.0,0.0,98.52404626237971,0.0,0.0,460000.00000000047,69.0,0.0,0.0,0.0,0.35,1.0,1.0,1.0,1.0,0.0,0.0,0.0,0.0,0.0,0.0,0.0,0.0,0.0,0.0,0.0,4.5,0.0,591.8704059999999,5.0,0.0,0.0,0.0,0.0,0.0,-1006.242661487051,0.0,0.0,0.0,0.0
zero_source,recirculating,0.0,0.0,20000.0,90000.0,0.0,0.0,0.0,0.0,99.95193099082,0.0,0.0,466666.66666666715,70.0,0.0,0.0,0.0,0.35,1.0,1.0,1.0,1.0,0.0,0.0,0.0,0.0,0.0,0.0,0.0,0.0,0.0,0.0,0.0,4.5,0.0,591.8704059999999,5.0,0.0,0.0,0.0,0.0,0.0,-1007.6705462154913,0.0,0.0,0.0,0.0
zero_source,recirculating,0.0,0.0,20000.0,90000.0,0.0,0.0,0.0,0.0,101.37981571926029,0.0,0.0,473333.33333333384,71.0,0.0,0.0,0.0,0.35,1.0,1.0,1.0,1.0,0.0,0.0,0.0,0.0,0.0,0.0,0.0,0.0,0.0,0.0,0.0,4.5,0.0,591.8704059999999,5.0,0.0,0.0,0.0,0.0,0.0,-1009.0984309439316,0.0,0.0,0.0,0.0
zero_source,recirculating,0.0,0.0,20000.0,90000.0,0.0,0.0,0.0,0.0,102.80770044770058,0.0,0.0,480000.0000000005,72.0,0.0,0.0,0.0,0.35,1.0,1.0,1.0,1.0,0.0,0.0,0.0,0.0,0.0,0.0,0.0,0.0,0.0,0.0,0.0,4.5,0.0,591.8704059999999,5.0,0.0,0.0,0.0,0.0,0.0,-1010.5263156723719,0.0,0.0,0.0,0.0
zero_source,recirculating,0.0,0.0,20000.0,90000.0,0.0,0.0,0.0,0.0,104.23558517614087,0.0,0.0,486666.6666666672,73.0,0.0,0.0,0.0,0.35,1.0,1.0,1.0,1.0,0.0,0.0,0.0,0.0,0.0,0.0,0.0,0.0,0.0,0.0,0.0,4.5,0.0,591.8704059999999,5.0,0.0,0.0,0.0,0.0,0.0,-1011.9542004008122,0.0,0.0,0.0,0.0
zero_source,recirculating,0.0,0.0,20000.0,90000.0,0.0,0.0,0.0,0.0,105.66346990458116,0.0,0.0,493333.3333333339,74.0,0.0,0.0,0.0,0.35,1.0,1.0,1.0,1.0,0.0,0.0,0.0,0.0,0.0,0.0,0.0,0.0,0.0,0.0,0.0,4.5,0.0,591.8704059999999,5.0,0.0,0.0,0.0,0.0,0.0,-1013.3820851292525,0.0,0.0,0.0,0.0
zero_source,recirculating,0.0,0.0,20000.0,90000.0,0.0,0.0,0.0,0.0,107.09135463302145,0.0,0.0,500000.0000000006,75.0,0.0,0.0,0.0,0.35,1.0,1.0,1.0,1.0,0.0,0.0,0.0,0.0,0.0,0.0,0.0,0.0,0.0,0.0,0.0,4.5,0.0,591.8704059999999,5.0,0.0,0.0,0.0,0.0,0.0,-1014.8099698576927,0.0,0.0,0.0,0.0
zero_source,recirculating,0.0,0.0,20000.0,90000.0,0.0,0.0,0.0,0.0,108.51923936146174,0.0,0.0,506666.66666666727,76.0,0.0,0.0,0.0,0.35,1.0,1.0,1.0,1.0,0.0,0.0,0.0,0.0,0.0,0.0,0.0,0.0,0.0,0.0,0.0,4.5,0.0,591.8704059999999,5.0,0.0,0.0,0.0,0.0,0.0,-1016.237854586133,0.0,0.0,0.0,0.0
zero_source,recirculating,0.0,0.0,20000.0,90000.0,0.0,0.0,0.0,0.0,109.94712408990203,0.0,0.0,513333.33333333395,77.0,0.0,0.0,0.0,0.35,1.0,1.0,1.0,1.0,0.0,0.0,0.0,0.0,0.0,0.0,0.0,0.0,0.0,0.0,0.0,4.5,0.0,591.8704059999999,5.0,0.0,0.0,0.0,0.0,0.0,-1017.6657393145733,0.0,0.0,0.0,0.0
zero_source,recirculating,0.0,0.0,20000.0,90000.0,0.0,0.0,0.0,0.0,111.37500881834232,0.0,0.0,520000.00000000064,78.0,0.0,0.0,0.0,0.35,1.0,1.0,1.0,1.0,0.0,0.0,0.0,0.0,0.0,0.0,0.0,0.0,0.0,0.0,0.0,4.5,0.0,591.8704059999999,5.0,0.0,0.0,0.0,0.0,0.0,-1019.0936240430136,0.0,0.0,0.0,0.0
zero_source,recirculating,0.0,0.0,20000.0,90000.0,0.0,0.0,0.0,0.0,112.80289354678261,0.0,0.0,526666.6666666673,79.0,0.0,0.0,0.0,0.35,1.0,1.0,1.0,1.0,0.0,0.0,0.0,0.0,0.0,0.0,0.0,0.0,0.0,0.0,0.0,4.5,0.0,591.8704059999999,5.0,0.0,0.0,0.0,0.0,0.0,-1020.5215087714539,0.0,0.0,0.0,0.0
zero_source,recirculating,0.0,0.0,20000.0,90000.0,0.0,0.0,0.0,0.0,114.2307782752229,0.0,0.0,533333.333333334,80.0,0.0,0.0,0.0,0.35,1.0,1.0,1.0,1.0,0.0,0.0,0.0,0.0,0.0,0.0,0.0,0.0,0.0,0.0,0.0,4.5,0.0,591.8704059999999,5.0,0.0,0.0,0.0,0.0,0.0,-1021.9493934998942,0.0,0.0,0.0,0.0
zero_source,recirculating,0.0,0.0,20000.0,90000.0,0.0,0.0,0.0,0.0,115.6586630036632,0.0,0.0,540000.0000000006,81.0,0.0,0.0,0.0,0.35,1.0,1.0,1.0,1.0,0.0,0.0,0.0,0.0,0.0,0.0,0.0,0.0,0.0,0.0,0.0,4.5,0.0,591.8704059999999,5.0,0.0,0.0,0.0,0.0,0.0,-1023.3772782283345,0.0,0.0,0.0,0.0
zero_source,recirculating,0.0,0.0,20000.0,90000.0,0.0,0.0,0.0,0.0,117.08654773210348,0.0,0.0,546666.6666666672,82.0,0.0,0.0,0.0,0.35,1.0,1.0,1.0,1.0,0.0,0.0,0.0,0.0,0.0,0.0,0.0,0.0,0.0,0.0,0.0,4.5,0.0,591.8704059999999,5.0,0.0,0.0,0.0,0.0,0.0,-1024.805162956775,0.0,0.0,0.0,0.0
zero_source,recirculating,0.0,0.0,20000.0,90000.0,0.0,0.0,0.0,0.0,118.51443246054377,0.0,0.0,553333.3333333338,83.0,0.0,0.0,0.0,0.35,1.0,1.0,1.0,1.0,0.0,0.0,0.0,0.0,0.0,0.0,0.0,0.0,0.0,0.0,0.0,4.5,0.0,591.8704059999999,5.0,0.0,0.0,0.0,0.0,0.0,-1026.233047685215,0.0,0.0,0.0,0.0
zero_source,recirculating,0.0,0.0,20000.0,90000.0,0.0,0.0,0.0,0.0,119.94231718898406,0.0,0.0,560000.0000000005,84.0,0.0,0.0,0.0,0.35,1.0,1.0,1.0,1.0,0.0,0.0,0.0,0.0,0.0,0.0,0.0,0.0,0.0,0.0,0.0,4.5,0.0,591.8704059999999,5.0,0.0,0.0,0.0,0.0,0.0,-1027.6609324136552,0.0,0.0,0.0,0.0
zero_source,recirculating,0.0,0.0,20000.0,90000.0,0.0,0.0,0.0,0.0,121.37020191742435,0.0,0.0,566666.6666666671,85.0,0.0,0.0,0.0,0.35,1.0,1.0,1.0,1.0,0.0,0.0,0.0,0.0,0.0,0.0,0.0,0.0,0.0,0.0,0.0,4.5,0.0,591.8704059999999,5.0,0.0,0.0,0.0,0.0,0.0,-1029.0888171420956,0.0,0.0,0.0,0.0
zero_source,recirculating,0.0,0.0,20000.0,90000.0,0.0,0.0,0.0,0.0,122.79808664586464,0.0,0.0,573333.3333333337,86.0,0.0,0.0,0.0,0.35,1.0,1.0,1.0,1.0,0.0,0.0,0.0,0.0,0.0,0.0,0.0,0.0,0.0,0.0,0.0,4.5,0.0,591.8704059999999,5.0,0.0,0.0,0.0,0.0,0.0,-1030.516701870536,0.0,0.0,0.0,0.0
zero_source,recirculating,0.0,0.0,20000.0,90000.0,0.0,0.0,0.0,0.0,124.22597137430493,0.0,0.0,580000.0000000003,87.0,0.0,0.0,0.0,0.35,1.0,1.0,1.0,1.0,0.0,0.0,0.0,0.0,0.0,0.0,0.0,0.0,0.0,0.0,0.0,4.5,0.0,591.8704059999999,5.0,0.0,0.0,0.0,0.0,0.0,-1031.9445865989762,0.0,0.0,0.0,0.0
zero_source,recirculating,0.0,0.0,20000.0,90000.0,0.0,0.0,0.0,0.0,125.65385610274522,0.0,0.0,586666.666666667,88.0,0.0,0.0,0.0,0.35,1.0,1.0,1.0,1.0,0.0,0.0,0.0,0.0,0.0,0.0,0.0,0.0,0.0,0.0,0.0,4.5,0.0,591.8704059999999,5.0,0.0,0.0,0.0,0.0,0.0,-1033.3724713274164,0.0,0.0,0.0,0.0
zero_source,recirculating,0.0,0.0,20000.0,90000.0,0.0,0.0,0.0,0.0,127.08174083118551,0.0,0.0,593333.3333333336,89.0,0.0,0.0,0.0,0.35,1.0,1.0,1.0,1.0,0.0,0.0,0.0,0.0,0.0,0.0,0.0,0.0,0.0,0.0,0.0,4.5,0.0,591.8704059999999,5.0,0.0,0.0,0.0,0.0,0.0,-1034.8003560558568,0.0,0.0,0.0,0.0
zero_source,recirculating,0.0,0.0,20000.0,90000.0,0.0,0.0,0.0,0.0,128.5096255596258,0.0,0.0,600000.0000000002,90.0,0.0,0.0,0.0,0.35,1.0,1.0,1.0,1.0,0.0,0.0,0.0,0.0,0.0,0.0,0.0,0.0,0.0,0.0,0.0,4.5,0.0,591.8704059999999,5.0,0.0,0.0,0.0,0.0,0.0,-1036.2282407842972,0.0,0.0,0.0,0.0
zero_source,recirculating,0.0,0.0,20000.0,90000.0,0.0,0.0,0.0,0.0,129.93751028806608,0.0,0.0,606666.6666666669,91.0,0.0,0.0,0.0,0.35,1.0,1.0,1.0,1.0,0.0,0.0,0.0,0.0,0.0,0.0,0.0,0.0,0.0,0.0,0.0,4.5,0.0,591.8704059999999,5.0,0.0,0.0,0.0,0.0,0.0,-1037.6561255127374,0.0,0.0,0.0,0.0
zero_source,recirculating,0.0,0.0,20000.0,90000.0,0.0,0.0,0.0,0.0,131.36539501650637,0.0,0.0,613333.3333333335,92.0,0.0,0.0,0.0,0.35,1.0,1.0,1.0,1.0,0.0,0.0,0.0,0.0,0.0,0.0,0.0,0.0,0.0,0.0,0.0,4.5,0.0,591.8704059999999,5.0,0.0,0.0,0.0,0.0,0.0,-1039.0840102411776,0.0,0.0,0.0,0.0
zero_source,recirculating,0.0,0.0,20000.0,90000.0,0.0,0.0,0.0,0.0,132.79327974494666,0.0,0.0,620000.0000000001,93.0,0.0,0.0,0.0,0.35,1.0,1.0,1.0,1.0,0.0,0.0,0.0,0.0,0.0,0.0,0.0,0.0,0.0,0.0,0.0,4.5,0.0,591.8704059999999,5.0,0.0,0.0,0.0,0.0,0.0,-1040.511894969618,0.0,0.0,0.0,0.0
zero_source,recirculating,0.0,0.0,20000.0,90000.0,0.0,0.0,0.0,0.0,134.22116447338695,0.0,0.0,626666.6666666667,94.0,0.0,0.0,0.0,0.35,1.0,1.0,1.0,1.0,0.0,0.0,0.0,0.0,0.0,0.0,0.0,0.0,0.0,0.0,0.0,4.5,0.0,591.8704059999999,5.0,0.0,0.0,0.0,0.0,0.0,-1041.9397796980584,0.0,0.0,0.0,0.0
zero_source,recirculating,0.0,0.0,20000.0,90000.0,0.0,0.0,0.0,0.0,135.64904920182724,0.0,0.0,633333.3333333334,95.0,0.0,0.0,0.0,0.35,1.0,1.0,1.0,1.0,0.0,0.0,0.0,0.0,0.0,0.0,0.0,0.0,0.0,0.0,0.0,4.5,0.0,591.8704059999999,5.0,0.0,0.0,0.0,0.0,0.0,-1043.3676644264985,0.0,0.0,0.0,0.0
zero_source,recirculating,0.0,0.0,20000.0,90000.0,0.0,0.0,0.0,0.0,137.07693393026753,0.0,0.0,640000.0,96.0,0.0,0.0,0.0,0.35,1.0,1.0,1.0,1.0,0.0,0.0,0.0,0.0,0.0,0.0,0.0,0.0,0.0,0.0,0.0,4.5,0.0,591.8704059999999,5.0,0.0,0.0,0.0,0.0,0.0,-1044.7955491549387,0.0,0.0,0.0,0.0
zero_source,recirculating,0.0,0.0,20000.0,90000.0,0.0,0.0,0.0,0.0,138.50481865870782,0.0,0.0,646666.6666666666,97.0,0.0,0.0,0.0,0.35,1.0,1.0,1.0,1.0,0.0,0.0,0.0,0.0,0.0,0.0,0.0,0.0,0.0,0.0,0.0,4.5,0.0,591.8704059999999,5.0,0.0,0.0,0.0,0.0,0.0,-1046.2234338833791,0.0,0.0,0.0,0.0
zero_source,recirculating,0.0,0.0,20000.0,90000.0,0.0,0.0,0.0,0.0,139.9327033871481,0.0,0.0,653333.3333333333,98.0,0.0,0.0,0.0,0.35,1.0,1.0,1.0,1.0,0.0,0.0,0.0,0.0,0.0,0.0,0.0,0.0,0.0,0.0,0.0,4.5,0.0,591.8704059999999,5.0,0.0,0.0,0.0,0.0,0.0,-1047.6513186118195,0.0,0.0,0.0,0.0
zero_source,recirculating,0.0,0.0,20000.0,90000.0,0.0,0.0,0.0,0.0,141.3605881155884,0.0,0.0,659999.9999999999,99.0,0.0,0.0,0.0,0.35,1.0,1.0,1.0,1.0,0.0,0.0,0.0,0.0,0.0,0.0,0.0,0.0,0.0,0.0,0.0,4.5,0.0,591.8704059999999,5.0,0.0,0.0,0.0,0.0,0.0,-1049.0792033402597,0.0,0.0,0.0,0.0
zero_source,recirculating,0.0,0.0,20000.0,90000.0,0.0,0.0,0.0,0.0,142.7884728440287,0.0,0.0,666666.6666666665,100.0,0.0,0.0,0.0,0.35,1.0,1.0,1.0,1.0,0.0,0.0,0.0,0.0,0.0,0.0,0.0,0.0,0.0,0.0,0.0,4.5,0.0,591.8704059999999,5.0,0.0,0.0,0.0,0.0,0.0,-1050.5070880686999,0.0,0.0,0.0,0.0
zero_source,recirculating,0.0,0.0,20000.0,90000.0,0.0,0.0,0.0,0.0,144.21635757246898,0.0,0.0,673333.3333333331,101.0,0.0,0.0,0.0,0.35,1.0,1.0,1.0,1.0,0.0,0.0,0.0,0.0,0.0,0.0,0.0,0.0,0.0,0.0,0.0,4.5,0.0,591.8704059999999,5.0,0.0,0.0,0.0,0.0,0.0,-1051.9349727971403,0.0,0.0,0.0,0.0
zero_source,recirculating,0.0,0.0,20000.0,90000.0,0.0,0.0,0.0,0.0,145.64424230090927,0.0,0.0,679999.9999999998,102.0,0.0,0.0,0.0,0.35,1.0,1.0,1.0,1.0,0.0,0.0,0.0,0.0,0.0,0.0,0.0,0.0,0.0,0.0,0.0,4.5,0.0,591.8704059999999,5.0,0.0,0.0,0.0,0.0,0.0,-1053.3628575255807,0.0,0.0,0.0,0.0
zero_source,recirculating,0.0,0.0,20000.0,90000.0,0.0,0.0,0.0,0.0,147.07212702934956,0.0,0.0,686666.6666666664,103.0,0.0,0.0,0.0,0.35,1.0,1.0,1.0,1.0,0.0,0.0,0.0,0.0,0.0,0.0,0.0,0.0,0.0,0.0,0.0,4.5,0.0,591.8704059999999,5.0,0.0,0.0,0.0,0.0,0.0,-1054.7907422540209,0.0,0.0,0.0,0.0
zero_source,recirculating,0.0,0.0,20000.0,90000.0,0.0,0.0,0.0,0.0,148.50001175778985,0.0,0.0,693333.333333333,104.0,0.0,0.0,0.0,0.35,1.0,1.0,1.0,1.0,0.0,0.0,0.0,0.0,0.0,0.0,0.0,0.0,0.0,0.0,0.0,4.5,0.0,591.8704059999999,5.0,0.0,0.0,0.0,0.0,0.0,-1056.218626982461,0.0,0.0,0.0,0.0
zero_source,recirculating,0.0,0.0,20000.0,90000.0,0.0,0.0,0.0,0.0,149.92789648623014,0.0,0.0,699999.9999999997,105.0,0.0,0.0,0.0,0.35,1.0,1.0,1.0,1.0,0.0,0.0,0.0,0.0,0.0,0.0,0.0,0.0,0.0,0.0,0.0,4.5,0.0,591.8704059999999,5.0,0.0,0.0,0.0,0.0,0.0,-1057.6465117109014,0.0,0.0,0.0,0.0
zero_source,recirculating,0.0,0.0,20000.0,90000.0,0.0,0.0,0.0,0.0,151.35578121467043,0.0,0.0,706666.6666666663,106.0,0.0,0.0,0.0,0.35,1.0,1.0,1.0,1.0,0.0,0.0,0.0,0.0,0.0,0.0,0.0,0.0,0.0,0.0,0.0,4.5,0.0,591.8704059999999,5.0,0.0,0.0,0.0,0.0,0.0,-1059.0743964393419,0.0,0.0,0.0,0.0
zero_source,recirculating,0.0,0.0,20000.0,90000.0,0.0,0.0,0.0,0.0,152.78366594311072,0.0,0.0,713333.3333333329,107.0,0.0,0.0,0.0,0.35,1.0,1.0,1.0,1.0,0.0,0.0,0.0,0.0,0.0,0.0,0.0,0.0,0.0,0.0,0.0,4.5,0.0,591.8704059999999,5.0,0.0,0.0,0.0,0.0,0.0,-1060.502281167782,0.0,0.0,0.0,0.0
zero_source,recirculating,0.0,0.0,20000.0,90000.0,0.0,0.0,0.0,0.0,154.211550671551,0.0,0.0,719999.9999999995,108.0,0.0,0.0,0.0,0.35,1.0,1.0,1.0,1.0,0.0,0.0,0.0,0.0,0.0,0.0,0.0,0.0,0.0,0.0,0.0,4.5,0.0,591.8704059999999,5.0,0.0,0.0,0.0,0.0,0.0,-1061.9301658962222,0.0,0.0,0.0,0.0
zero_source,recirculating,0.0,0.0,20000.0,90000.0,0.0,0.0,0.0,0.0,155.6394353999913,0.0,0.0,726666.6666666662,109.0,0.0,0.0,0.0,0.35,1.0,1.0,1.0,1.0,0.0,0.0,0.0,0.0,0.0,0.0,0.0,0.0,0.0,0.0,0.0,4.5,0.0,591.8704059999999,5.0,0.0,0.0,0.0,0.0,0.0,-1063.3580506246626,0.0,0.0,0.0,0.0
zero_source,recirculating,0.0,0.0,20000.0,90000.0,0.0,0.0,0.0,0.0,157.0673201284316,0.0,0.0,733333.3333333328,110.0,0.0,0.0,0.0,0.35,1.0,1.0,1.0,1.0,0.0,0.0,0.0,0.0,0.0,0.0,0.0,0.0,0.0,0.0,0.0,4.5,0.0,591.8704059999999,5.0,0.0,0.0,0.0,0.0,0.0,-1064.785935353103,0.0,0.0,0.0,0.0
zero_source,recirculating,0.0,0.0,20000.0,90000.0,0.0,0.0,0.0,0.0,158.49520485687188,0.0,0.0,739999.9999999994,111.0,0.0,0.0,0.0,0.35,1.0,1.0,1.0,1.0,0.0,0.0,0.0,0.0,0.0,0.0,0.0,0.0,0.0,0.0,0.0,4.5,0.0,591.8704059999999,5.0,0.0,0.0,0.0,0.0,0.0,-1066.2138200815432,0.0,0.0,0.0,0.0
zero_source,recirculating,0.0,0.0,20000.0,90000.0,0.0,0.0,0.0,0.0,159.92308958531217,0.0,0.0,746666.666666666,112.0,0.0,0.0,0.0,0.35,1.0,1.0,1.0,1.0,0.0,0.0,0.0,0.0,0.0,0.0,0.0,0.0,0.0,0.0,0.0,4.5,0.0,591.8704059999999,5.0,0.0,0.0,0.0,0.0,0.0,-1067.6417048099834,0.0,0.0,0.0,0.0
zero_source,recirculating,0.0,0.0,20000.0,90000.0,0.0,0.0,0.0,0.0,161.35097431375246,0.0,0.0,753333.3333333327,113.0,0.0,0.0,0.0,0.35,1.0,1.0,1.0,1.0,0.0,0.0,0.0,0.0,0.0,0.0,0.0,0.0,0.0,0.0,0.0,4.5,0.0,591.8704059999999,5.0,0.0,0.0,0.0,0.0,0.0,-1069.0695895384238,0.0,0.0,0.0,0.0
zero_source,recirculating,0.0,0.0,20000.0,90000.0,0.0,0.0,0.0,0.0,162.77885904219275,0.0,0.0,759999.9999999993,114.0,0.0,0.0,0.0,0.35,1.0,1.0,1.0,1.0,0.0,0.0,0.0,0.0,0.0,0.0,0.0,0.0,0.0,0.0,0.0,4.5,0.0,591.8704059999999,5.0,0.0,0.0,0.0,0.0,0.0,-1070.4974742668642,0.0,0.0,0.0,0.0
zero_source,recirculating,0.0,0.0,20000.0,90000.0,0.0,0.0,0.0,0.0,164.20674377063304,0.0,0.0,766666.6666666659,115.0,0.0,0.0,0.0,0.35,1.0,1.0,1.0,1.0,0.0,0.0,0.0,0.0,0.0,0.0,0.0,0.0,0.0,0.0,0.0,4.5,0.0,591.8704059999999,5.0,0.0,0.0,0.0,0.0,0.0,-1071.9253589953044,0.0,0.0,0.0,0.0
zero_source,recirculating,0.0,0.0,20000.0,90000.0,0.0,0.0,0.0,0.0,165.63462849907333,0.0,0.0,773333.3333333326,116.0,0.0,0.0,0.0,0.35,1.0,1.0,1.0,1.0,0.0,0.0,0.0,0.0,0.0,0.0,0.0,0.0,0.0,0.0,0.0,4.5,0.0,591.8704059999999,5.0,0.0,0.0,0.0,0.0,0.0,-1073.3532437237445,0.0,0.0,0.0,0.0
zero_source,recirculating,0.0,0.0,20000.0,90000.0,0.0,0.0,0.0,0.0,167.06251322751362,0.0,0.0,779999.9999999992,117.0,0.0,0.0,0.0,0.35,1.0,1.0,1.0,1.0,0.0,0.0,0.0,0.0,0.0,0.0,0.0,0.0,0.0,0.0,0.0,4.5,0.0,591.8704059999999,5.0,0.0,0.0,0.0,0.0,0.0,-1074.781128452185,0.0,0.0,0.0,0.0
zero_source,recirculating,0.0,0.0,20000.0,90000.0,0.0,0.0,0.0,0.0,168.4903979559539,0.0,0.0,786666.6666666658,118.0,0.0,0.0,0.0,0.35,1.0,1.0,1.0,1.0,0.0,0.0,0.0,0.0,0.0,0.0,0.0,0.0,0.0,0.0,0.0,4.5,0.0,591.8704059999999,5.0,0.0,0.0,0.0,0.0,0.0,-1076.2090131806253,0.0,0.0,0.0,0.0
zero_source,recirculating,0.0,0.0,20000.0,90000.0,0.0,0.0,0.0,0.0,169.9182826843942,0.0,0.0,793333.3333333324,119.0,0.0,0.0,0.0,0.35,1.0,1.0,1.0,1.0,0.0,0.0,0.0,0.0,0.0,0.0,0.0,0.0,0.0,0.0,0.0,4.5,0.0,591.8704059999999,5.0,0.0,0.0,0.0,0.0,0.0,-1077.6368979090655,0.0,0.0,0.0,0.0
zero_source,recirculating,0.0,0.0,20000.0,90000.0,0.0,0.0,0.0,0.0,171.3461674128345,0.0,0.0,799999.9999999991,120.0,0.0,0.0,0.0,0.35,1.0,1.0,1.0,1.0,0.0,0.0,0.0,0.0,0.0,0.0,0.0,0.0,0.0,0.0,0.0,4.5,0.0,591.8704059999999,5.0,0.0,0.0,0.0,0.0,0.0,-1079.0647826375057,0.0,0.0,0.0,0.0
zero_source,recirculating,0.0,0.0,20000.0,90000.0,0.0,0.0,0.0,0.0,172.77405214127478,0.0,0.0,806666.6666666657,121.0,0.0,0.0,0.0,0.35,1.0,1.0,1.0,1.0,0.0,0.0,0.0,0.0,0.0,0.0,0.0,0.0,0.0,0.0,0.0,4.5,0.0,591.8704059999999,5.0,0.0,0.0,0.0,0.0,0.0,-1080.492667365946,0.0,0.0,0.0,0.0
zero_source,recirculating,0.0,0.0,20000.0,90000.0,0.0,0.0,0.0,0.0,174.20193686971507,0.0,0.0,813333.3333333323,122.0,0.0,0.0,0.0,0.35,1.0,1.0,1.0,1.0,0.0,0.0,0.0,0.0,0.0,0.0,0.0,0.0,0.0,0.0,0.0,4.5,0.0,591.8704059999999,5.0,0.0,0.0,0.0,0.0,0.0,-1081.9205520943865,0.0,0.0,0.0,0.0
zero_source,recirculating,0.0,0.0,20000.0,90000.0,0.0,0.0,0.0,0.0,175.62982159815536,0.0,0.0,819999.999999999,123.0,0.0,0.0,0.0,0.35,1.0,1.0,1.0,1.0,0.0,0.0,0.0,0.0,0.0,0.0,0.0,0.0,0.0,0.0,0.0,4.5,0.0,591.8704059999999,5.0,0.0,0.0,0.0,0.0,0.0,-1083.3484368228267,0.0,0.0,0.0,0.0
zero_source,recirculating,0.0,0.0,20000.0,90000.0,0.0,0.0,0.0,0.0,177.05770632659565,0.0,0.0,826666.6666666656,124.0,0.0,0.0,0.0,0.35,1.0,1.0,1.0,1.0,0.0,0.0,0.0,0.0,0.0,0.0,0.0,0.0,0.0,0.0,0.0,4.5,0.0,591.8704059999999,5.0,0.0,0.0,0.0,0.0,0.0,-1084.7763215512668,0.0,0.0,0.0,0.0
zero_source,recirculating,0.0,0.0,20000.0,90000.0,0.0,0.0,0.0,0.0,178.48559105503594,0.0,0.0,833333.3333333322,125.0,0.0,0.0,0.0,0.35,1.0,1.0,1.0,1.0,0.0,0.0,0.0,0.0,0.0,0.0,0.0,0.0,0.0,0.0,0.0,4.5,0.0,591.8704059999999,5.0,0.0,0.0,0.0,0.0,0.0,-1086.2042062797073,0.0,0.0,0.0,0.0
zero_source,recirculating,0.0,0.0,20000.0,90000.0,0.0,0.0,0.0,0.0,179.91347578347623,0.0,0.0,839999.9999999988,126.0,0.0,0.0,0.0,0.35,1.0,1.0,1.0,1.0,0.0,0.0,0.0,0.0,0.0,0.0,0.0,0.0,0.0,0.0,0.0,4.5,0.0,591.8704059999999,5.0,0.0,0.0,0.0,0.0,0.0,-1087.6320910081477,0.0,0.0,0.0,0.0
zero_source,recirculating,0.0,0.0,20000.0,90000.0,0.0,0.0,0.0,0.0,181.34136051191652,0.0,0.0,846666.6666666655,127.0,0.0,0.0,0.0,0.35,1.0,1.0,1.0,1.0,0.0,0.0,0.0,0.0,0.0,0.0,0.0,0.0,0.0,0.0,0.0,4.5,0.0,591.8704059999999,5.0,0.0,0.0,0.0,0.0,0.0,-1089.0599757365878,0.0,0.0,0.0,0.0
zero_source,recirculating,0.0,0.0,20000.0,90000.0,0.0,0.0,0.0,0.0,182.7692452403568,0.0,0.0,853333.3333333321,128.0,0.0,0.0,0.0,0.35,1.0,1.0,1.0,1.0,0.0,0.0,0.0,0.0,0.0,0.0,0.0,0.0,0.0,0.0,0.0,4.5,0.0,591.8704059999999,5.0,0.0,0.0,0.0,0.0,0.0,-1090.487860465028,0.0,0.0,0.0,0.0
zero_source,recirculating,0.0,0.0,20000.0,90000.0,0.0,0.0,0.0,0.0,184.1971299687971,0.0,0.0,859999.9999999987,129.0,0.0,0.0,0.0,0.35,1.0,1.0,1.0,1.0,0.0,0.0,0.0,0.0,0.0,0.0,0.0,0.0,0.0,0.0,0.0,4.5,0.0,591.8704059999999,5.0,0.0,0.0,0.0,0.0,0.0,-1091.9157451934684,0.0,0.0,0.0,0.0
zero_source,recirculating,0.0,0.0,20000.0,90000.0,0.0,0.0,0.0,0.0,185.6250146972374,0.0,0.0,866666.6666666653,130.0,0.0,0.0,0.0,0.35,1.0,1.0,1.0,1.0,0.0,0.0,0.0,0.0,0.0,0.0,0.0,0.0,0.0,0.0,0.0,4.5,0.0,591.8704059999999,5.0,0.0,0.0,0.0,0.0,0.0,-1093.3436299219088,0.0,0.0,0.0,0.0
zero_source,recirculating,0.0,0.0,20000.0,90000.0,0.0,0.0,0.0,0.0,187.05289942567768,0.0,0.0,873333.333333332,131.0,0.0,0.0,0.0,0.35,1.0,1.0,1.0,1.0,0.0,0.0,0.0,0.0,0.0,0.0,0.0,0.0,0.0,0.0,0.0,4.5,0.0,591.8704059999999,5.0,0.0,0.0,0.0,0.0,0.0,-1094.771514650349,0.0,0.0,0.0,0.0
zero_source,recirculating,0.0,0.0,20000.0,90000.0,0.0,0.0,0.0,0.0,188.48078415411797,0.0,0.0,879999.9999999986,132.0,0.0,0.0,0.0,0.35,1.0,1.0,1.0,1.0,0.0,0.0,0.0,0.0,0.0,0.0,0.0,0.0,0.0,0.0,0.0,4.5,0.0,591.8704059999999,5.0,0.0,0.0,0.0,0.0,0.0,-1096.1993993787892,0.0,0.0,0.0,0.0
zero_source,recirculating,0.0,0.0,20000.0,90000.0,0.0,0.0,0.0,0.0,189.90866888255826,0.0,0.0,886666.6666666652,133.0,0.0,0.0,0.0,0.35,1.0,1.0,1.0,1.0,0.0,0.0,0.0,0.0,0.0,0.0,0.0,0.0,0.0,0.0,0.0,4.5,0.0,591.8704059999999,5.0,0.0,0.0,0.0,0.0,0.0,-1097.6272841072296,0.0,0.0,0.0,0.0
zero_source,recirculating,0.0,0.0,20000.0,90000.0,0.0,0.0,0.0,0.0,191.33655361099855,0.0,0.0,893333.3333333319,134.0,0.0,0.0,0.0,0.35,1.0,1.0,1.0,1.0,0.0,0.0,0.0,0.0,0.0,0.0,0.0,0.0,0.0,0.0,0.0,4.5,0.0,591.8704059999999,5.0,0.0,0.0,0.0,0.0,0.0,-1099.05516883567,0.0,0.0,0.0,0.0
zero_source,recirculating,0.0,0.0,20000.0,90000.0,0.0,0.0,0.0,0.0,192.76443833943884,0.0,0.0,899999.9999999985,135.0,0.0,0.0,0.0,0.35,1.0,1.0,1.0,1.0,0.0,0.0,0.0,0.0,0.0,0.0,0.0,0.0,0.0,0.0,0.0,4.5,0.0,591.8704059999999,5.0,0.0,0.0,0.0,0.0,0.0,-1100.4830535641102,0.0,0.0,0.0,0.0
zero_source,recirculating,0.0,0.0,20000.0,90000.0,0.0,0.0,0.0,0.0,194.19232306787913,0.0,0.0,906666.6666666651,136.0,0.0,0.0,0.0,0.35,1.0,1.0,1.0,1.0,0.0,0.0,0.0,0.0,0.0,0.0,0.0,0.0,0.0,0.0,0.0,4.5,0.0,591.8704059999999,5.0,0.0,0.0,0.0,0.0,0.0,-1101.9109382925503,0.0,0.0,0.0,0.0
zero_source,recirculating,0.0,0.0,20000.0,90000.0,0.0,0.0,0.0,0.0,195.62020779631942,0.0,0.0,913333.3333333317,137.0,0.0,0.0,0.0,0.35,1.0,1.0,1.0,1.0,0.0,0.0,0.0,0.0,0.0,0.0,0.0,0.0,0.0,0.0,0.0,4.5,0.0,591.8704059999999,5.0,0.0,0.0,0.0,0.0,0.0,-1103.3388230209907,0.0,0.0,0.0,0.0
zero_source,recirculating,0.0,0.0,20000.0,90000.0,0.0,0.0,0.0,0.0,197.0480925247597,0.0,0.0,919999.9999999984,138.0,0.0,0.0,0.0,0.35,1.0,1.0,1.0,1.0,0.0,0.0,0.0,0.0,0.0,0.0,0.0,0.0,0.0,0.0,0.0,4.5,0.0,591.8704059999999,5.0,0.0,0.0,0.0,0.0,0.0,-1104.7667077494311,0.0,0.0,0.0,0.0
zero_source,recirculating,0.0,0.0,20000.0,90000.0,0.0,0.0,0.0,0.0,198.4759772532,0.0,0.0,926666.666666665,139.0,0.0,0.0,0.0,0.35,1.0,1.0,1.0,1.0,0.0,0.0,0.0,0.0,0.0,0.0,0.0,0.0,0.0,0.0,0.0,4.5,0.0,591.8704059999999,5.0,0.0,0.0,0.0,0.0,0.0,-1106.1945924778713,0.0,0.0,0.0,0.0
zero_source,recirculating,0.0,0.0,20000.0,90000.0,0.0,0.0,0.0,0.0,199.9038619816403,0.0,0.0,933333.3333333316,140.0,0.0,0.0,0.0,0.35,1.0,1.0,1.0,1.0,0.0,0.0,0.0,0.0,0.0,0.0,0.0,0.0,0.0,0.0,0.0,4.5,0.0,591.8704059999999,5.0,0.0,0.0,0.0,0.0,0.0,-1107.6224772063115,0.0,0.0,0.0,0.0
zero_source,recirculating,0.0,0.0,20000.0,90000.0,0.0,0.0,0.0,0.0,201.33174671008058,0.0,0.0,939999.9999999983,141.0,0.0,0.0,0.0,0.35,1.0,1.0,1.0,1.0,0.0,0.0,0.0,0.0,0.0,0.0,0.0,0.0,0.0,0.0,0.0,4.5,0.0,591.8704059999999,5.0,0.0,0.0,0.0,0.0,0.0,-1109.050361934752,0.0,0.0,0.0,0.0
zero_source,recirculating,0.0,0.0,20000.0,90000.0,0.0,0.0,0.0,0.0,202.75963143852087,0.0,0.0,946666.6666666649,142.0,0.0,0.0,0.0,0.35,1.0,1.0,1.0,1.0,0.0,0.0,0.0,0.0,0.0,0.0,0.0,0.0,0.0,0.0,0.0,4.5,0.0,591.8704059999999,5.0,0.0,0.0,0.0,0.0,0.0,-1110.4782466631923,0.0,0.0,0.0,0.0
zero_source,recirculating,0.0,0.0,20000.0,90000.0,0.0,0.0,0.0,0.0,204.18751616696116,0.0,0.0,953333.3333333315,143.0,0.0,0.0,0.0,0.35,1.0,1.0,1.0,1.0,0.0,0.0,0.0,0.0,0.0,0.0,0.0,0.0,0.0,0.0,0.0,4.5,0.0,591.8704059999999,5.0,0.0,0.0,0.0,0.0,0.0,-1111.9061313916325,0.0,0.0,0.0,0.0
zero_source,recirculating,0.0,0.0,20000.0,90000.0,0.0,0.0,0.0,0.0,205.61540089540145,0.0,0.0,959999.9999999981,144.0,0.0,0.0,0.0,0.35,1.0,1.0,1.0,1.0,0.0,0.0,0.0,0.0,0.0,0.0,0.0,0.0,0.0,0.0,0.0,4.5,0.0,591.8704059999999,5.0,0.0,0.0,0.0,0.0,0.0,-1113.3340161200726,0.0,0.0,0.0,0.0
zero_source,recirculating,0.0,0.0,20000.0,90000.0,0.0,0.0,0.0,0.0,207.04328562384174,0.0,0.0,966666.6666666648,145.0,0.0,0.0,0.0,0.35,1.0,1.0,1.0,1.0,0.0,0.0,0.0,0.0,0.0,0.0,0.0,0.0,0.0,0.0,0.0,4.5,0.0,591.8704059999999,5.0,0.0,0.0,0.0,0.0,0.0,-1114.761900848513,0.0,0.0,0.0,0.0
zero_source,recirculating,0.0,0.0,20000.0,90000.0,0.0,0.0,0.0,0.0,208.47117035228203,0.0,0.0,973333.3333333314,146.0,0.0,0.0,0.0,0.35,1.0,1.0,1.0,1.0,0.0,0.0,0.0,0.0,0.0,0.0,0.0,0.0,0.0,0.0,0.0,4.5,0.0,591.8704059999999,5.0,0.0,0.0,0.0,0.0,0.0,-1116.1897855769535,0.0,0.0,0.0,0.0
zero_source,recirculating,0.0,0.0,20000.0,90000.0,0.0,0.0,0.0,0.0,209.89905508072232,0.0,0.0,979999.999999998,147.0,0.0,0.0,0.0,0.35,1.0,1.0,1.0,1.0,0.0,0.0,0.0,0.0,0.0,0.0,0.0,0.0,0.0,0.0,0.0,4.5,0.0,591.8704059999999,5.0,0.0,0.0,0.0,0.0,0.0,-1117.6176703053936,0.0,0.0,0.0,0.0
zero_source,recirculating,0.0,0.0,20000.0,90000.0,0.0,0.0,0.0,0.0,211.3269398091626,0.0,0.0,986666.6666666646,148.0,0.0,0.0,0.0,0.35,1.0,1.0,1.0,1.0,0.0,0.0,0.0,0.0,0.0,0.0,0.0,0.0,0.0,0.0,0.0,4.5,0.0,591.8704059999999,5.0,0.0,0.0,0.0,0.0,0.0,-1119.0455550338338,0.0,0.0,0.0,0.0
zero_source,recirculating,0.0,0.0,20000.0,90000.0,0.0,0.0,0.0,0.0,212.7548245376029,0.0,0.0,993333.3333333313,149.0,0.0,0.0,0.0,0.35,1.0,1.0,1.0,1.0,0.0,0.0,0.0,0.0,0.0,0.0,0.0,0.0,0.0,0.0,0.0,4.5,0.0,591.8704059999999,5.0,0.0,0.0,0.0,0.0,0.0,-1120.4734397622742,0.0,0.0,0.0,0.0
zero_source,recirculating,0.0,0.0,20000.0,90000.0,0.0,0.0,0.0,0.0,214.1827092660432,0.0,0.0,999999.9999999979,150.0,0.0,0.0,0.0,0.35,1.0,1.0,1.0,1.0,0.0,0.0,0.0,0.0,0.0,0.0,0.0,0.0,0.0,0.0,0.0,4.5,0.0,591.8704059999999,5.0,0.0,0.0,0.0,0.0,0.0,-1121.9013244907146,0.0,0.0,0.0,0.0
zero_source,recirculating,0.0,0.0,20000.0,90000.0,0.0,0.0,0.0,0.0,215.61059399448348,0.0,0.0,1006666.6666666645,151.0,0.0,0.0,0.0,0.35,1.0,1.0,1.0,1.0,0.0,0.0,0.0,0.0,0.0,0.0,0.0,0.0,0.0,0.0,0.0,4.5,0.0,591.8704059999999,5.0,0.0,0.0,0.0,0.0,0.0,-1123.3292092191548,0.0,0.0,0.0,0.0
zero_source,recirculating,0.0,0.0,20000.0,90000.0,0.0,0.0,0.0,0.0,217.03847872292377,0.0,0.0,1013333.3333333312,152.0,0.0,0.0,0.0,0.35,1.0,1.0,1.0,1.0,0.0,0.0,0.0,0.0,0.0,0.0,0.0,0.0,0.0,0.0,0.0,4.5,0.0,591.8704059999999,5.0,0.0,0.0,0.0,0.0,0.0,-1124.757093947595,0.0,0.0,0.0,0.0
zero_source,recirculating,0.0,0.0,20000.0,90000.0,0.0,0.0,0.0,0.0,218.46636345136406,0.0,0.0,1019999.9999999978,153.0,0.0,0.0,0.0,0.35,1.0,1.0,1.0,1.0,0.0,0.0,0.0,0.0,0.0,0.0,0.0,0.0,0.0,0.0,0.0,4.5,0.0,591.8704059999999,5.0,0.0,0.0,0.0,0.0,0.0,-1126.1849786760354,0.0,0.0,0.0,0.0
zero_source,recirculating,0.0,0.0,20000.0,90000.0,0.0,0.0,0.0,0.0,219.89424817980435,0.0,0.0,1026666.6666666644,154.0,0.0,0.0,0.0,0.35,1.0,1.0,1.0,1.0,0.0,0.0,0.0,0.0,0.0,0.0,0.0,0.0,0.0,0.0,0.0,4.5,0.0,591.8704059999999,5.0,0.0,0.0,0.0,0.0,0.0,-1127.6128634044758,0.0,0.0,0.0,0.0
zero_source,recirculating,0.0,0.0,20000.0,90000.0,0.0,0.0,0.0,0.0,221.32213290824464,0.0,0.0,1033333.333333331,155.0,0.0,0.0,0.0,0.35,1.0,1.0,1.0,1.0,0.0,0.0,0.0,0.0,0.0,0.0,0.0,0.0,0.0,0.0,0.0,4.5,0.0,591.8704059999999,5.0,0.0,0.0,0.0,0.0,0.0,-1129.040748132916,0.0,0.0,0.0,0.0
zero_source,recirculating,0.0,0.0,20000.0,90000.0,0.0,0.0,0.0,0.0,222.75001763668493,0.0,0.0,1039999.9999999977,156.0,0.0,0.0,0.0,0.35,1.0,1.0,1.0,1.0,0.0,0.0,0.0,0.0,0.0,0.0,0.0,0.0,0.0,0.0,0.0,4.5,0.0,591.8704059999999,5.0,0.0,0.0,0.0,0.0,0.0,-1130.4686328613561,0.0,0.0,0.0,0.0
zero_source,recirculating,0.0,0.0,20000.0,90000.0,0.0,0.0,0.0,0.0,224.17790236512522,0.0,0.0,1046666.6666666643,157.0,0.0,0.0,0.0,0.35,1.0,1.0,1.0,1.0,0.0,0.0,0.0,0.0,0.0,0.0,0.0,0.0,0.0,0.0,0.0,4.5,0.0,591.8704059999999,5.0,0.0,0.0,0.0,0.0,0.0,-1131.8965175897965,0.0,0.0,0.0,0.0
zero_source,recirculating,0.0,0.0,20000.0,90000.0,0.0,0.0,0.0,0.0,225.6057870935655,0.0,0.0,1053333.3333333312,158.0,0.0,0.0,0.0,0.35,1.0,1.0,1.0,1.0,0.0,0.0,0.0,0.0,0.0,0.0,0.0,0.0,0.0,0.0,0.0,4.5,0.0,591.8704059999999,5.0,0.0,0.0,0.0,0.0,0.0,-1133.324402318237,0.0,0.0,0.0,0.0
zero_source,recirculating,0.0,0.0,20000.0,90000.0,0.0,0.0,0.0,0.0,227.0336718220058,0.0,0.0,1059999.999999998,159.0,0.0,0.0,0.0,0.35,1.0,1.0,1.0,1.0,0.0,0.0,0.0,0.0,0.0,0.0,0.0,0.0,0.0,0.0,0.0,4.5,0.0,591.8704059999999,5.0,0.0,0.0,0.0,0.0,0.0,-1134.752287046677,0.0,0.0,0.0,0.0
zero_source,recirculating,0.0,0.0,20000.0,90000.0,0.0,0.0,0.0,0.0,228.4615565504461,0.0,0.0,1066666.6666666646,160.0,0.0,0.0,0.0,0.35,1.0,1.0,1.0,1.0,0.0,0.0,0.0,0.0,0.0,0.0,0.0,0.0,0.0,0.0,0.0,4.5,0.0,591.8704059999999,5.0,0.0,0.0,0.0,0.0,0.0,-1136.1801717751173,0.0,0.0,0.0,0.0
zero_source,recirculating,0.0,0.0,20000.0,90000.0,0.0,0.0,0.0,0.0,229.88944127888638,0.0,0.0,1073333.3333333314,161.0,0.0,0.0,0.0,0.35,1.0,1.0,1.0,1.0,0.0,0.0,0.0,0.0,0.0,0.0,0.0,0.0,0.0,0.0,0.0,4.5,0.0,591.8704059999999,5.0,0.0,0.0,0.0,0.0,0.0,-1137.6080565035577,0.0,0.0,0.0,0.0
zero_source,recirculating,0.0,0.0,20000.0,90000.0,0.0,0.0,0.0,0.0,231.31732600732667,0.0,0.0,1079999.9999999981,162.0,0.0,0.0,0.0,0.35,1.0,1.0,1.0,1.0,0.0,0.0,0.0,0.0,0.0,0.0,0.0,0.0,0.0,0.0,0.0,4.5,0.0,591.8704059999999,5.0,0.0,0.0,0.0,0.0,0.0,-1139.035941231998,0.0,0.0,0.0,0.0
zero_source,recirculating,0.0,0.0,20000.0,90000.0,0.0,0.0,0.0,0.0,232.74521073576696,0.0,0.0,1086666.6666666649,163.0,0.0,0.0,0.0,0.35,1.0,1.0,1.0,1.0,0.0,0.0,0.0,0.0,0.0,0.0,0.0,0.0,0.0,0.0,0.0,4.5,0.0,591.8704059999999,5.0,0.0,0.0,0.0,0.0,0.0,-1140.4638259604383,0.0,0.0,0.0,0.0
zero_source,recirculating,0.0,0.0,20000.0,90000.0,0.0,0.0,0.0,0.0,234.17309546420725,0.0,0.0,1093333.3333333316,164.0,0.0,0.0,0.0,0.35,1.0,1.0,1.0,1.0,0.0,0.0,0.0,0.0,0.0,0.0,0.0,0.0,0.0,0.0,0.0,4.5,0.0,591.8704059999999,5.0,0.0,0.0,0.0,0.0,0.0,-1141.8917106888784,0.0,0.0,0.0,0.0
zero_source,recirculating,0.0,0.0,20000.0,90000.0,0.0,0.0,0.0,0.0,235.60098019264754,0.0,0.0,1099999.9999999984,165.0,0.0,0.0,0.0,0.35,1.0,1.0,1.0,1.0,0.0,0.0,0.0,0.0,0.0,0.0,0.0,0.0,0.0,0.0,0.0,4.5,0.0,591.8704059999999,5.0,0.0,0.0,0.0,0.0,0.0,-1143.3195954173189,0.0,0.0,0.0,0.0
zero_source,recirculating,0.0,0.0,20000.0,90000.0,0.0,0.0,0.0,0.0,237.02886492108783,0.0,0.0,1106666.666666665,166.0,0.0,0.0,0.0,0.35,1.0,1.0,1.0,1.0,0.0,0.0,0.0,0.0,0.0,0.0,0.0,0.0,0.0,0.0,0.0,4.5,0.0,591.8704059999999,5.0,0.0,0.0,0.0,0.0,0.0,-1144.7474801457593,0.0,0.0,0.0,0.0
zero_source,recirculating,0.0,0.0,20000.0,90000.0,0.0,0.0,0.0,0.0,238.45674964952812,0.0,0.0,1113333.3333333319,167.0,0.0,0.0,0.0,0.35,1.0,1.0,1.0,1.0,0.0,0.0,0.0,0.0,0.0,0.0,0.0,0.0,0.0,0.0,0.0,4.5,0.0,591.8704059999999,5.0,0.0,0.0,0.0,0.0,0.0,-1146.1753648741994,0.0,0.0,0.0,0.0
zero_source,recirculating,0.0,0.0,20000.0,90000.0,0.0,0.0,0.0,0.0,239.8846343779684,0.0,0.0,1119999.9999999986,168.0,0.0,0.0,0.0,0.35,1.0,1.0,1.0,1.0,0.0,0.0,0.0,0.0,0.0,0.0,0.0,0.0,0.0,0.0,0.0,4.5,0.0,591.8704059999999,5.0,0.0,0.0,0.0,0.0,0.0,-1147.6032496026396,0.0,0.0,0.0,0.0
zero_source,recirculating,0.0,0.0,20000.0,90000.0,0.0,0.0,0.0,0.0,241.3125191064087,0.0,0.0,1126666.6666666653,169.0,0.0,0.0,0.0,0.35,1.0,1.0,1.0,1.0,0.0,0.0,0.0,0.0,0.0,0.0,0.0,0.0,0.0,0.0,0.0,4.5,0.0,591.8704059999999,5.0,0.0,0.0,0.0,0.0,0.0,-1149.03113433108,0.0,0.0,0.0,0.0
zero_source,recirculating,0.0,0.0,20000.0,90000.0,0.0,0.0,0.0,0.0,242.740403834849,0.0,0.0,1133333.333333332,170.0,0.0,0.0,0.0,0.35,1.0,1.0,1.0,1.0,0.0,0.0,0.0,0.0,0.0,0.0,0.0,0.0,0.0,0.0,0.0,4.5,0.0,591.8704059999999,5.0,0.0,0.0,0.0,0.0,0.0,-1150.4590190595204,0.0,0.0,0.0,0.0
zero_source,recirculating,0.0,0.0,20000.0,90000.0,0.0,0.0,0.0,0.0,244.16828856328928,0.0,0.0,1139999.9999999988,171.0,0.0,0.0,0.0,0.35,1.0,1.0,1.0,1.0,0.0,0.0,0.0,0.0,0.0,0.0,0.0,0.0,0.0,0.0,0.0,4.5,0.0,591.8704059999999,5.0,0.0,0.0,0.0,0.0,0.0,-1151.8869037879606,0.0,0.0,0.0,0.0
zero_source,recirculating,0.0,0.0,20000.0,90000.0,0.0,0.0,0.0,0.0,245.59617329172957,0.0,0.0,1146666.6666666656,172.0,0.0,0.0,0.0,0.35,1.0,1.0,1.0,1.0,0.0,0.0,0.0,0.0,0.0,0.0,0.0,0.0,0.0,0.0,0.0,4.5,0.0,591.8704059999999,5.0,0.0,0.0,0.0,0.0,0.0,-1153.3147885164008,0.0,0.0,0.0,0.0
zero_source,recirculating,0.0,0.0,20000.0,90000.0,0.0,0.0,0.0,0.0,247.02405802016986,0.0,0.0,1153333.3333333323,173.0,0.0,0.0,0.0,0.35,1.0,1.0,1.0,1.0,0.0,0.0,0.0,0.0,0.0,0.0,0.0,0.0,0.0,0.0,0.0,4.5,0.0,591.8704059999999,5.0,0.0,0.0,0.0,0.0,0.0,-1154.7426732448412,0.0,0.0,0.0,0.0
zero_source,recirculating,0.0,0.0,20000.0,90000.0,0.0,0.0,0.0,0.0,248.45194274861015,0.0,0.0,1159999.999999999,174.0,0.0,0.0,0.0,0.35,1.0,1.0,1.0,1.0,0.0,0.0,0.0,0.0,0.0,0.0,0.0,0.0,0.0,0.0,0.0,4.5,0.0,591.8704059999999,5.0,0.0,0.0,0.0,0.0,0.0,-1156.1705579732816,0.0,0.0,0.0,0.0
zero_source,recirculating,0.0,0.0,20000.0,90000.0,0.0,0.0,0.0,0.0,249.87982747705044,0.0,0.0,1166666.6666666658,175.0,0.0,0.0,0.0,0.35,1.0,1.0,1.0,1.0,0.0,0.0,0.0,0.0,0.0,0.0,0.0,0.0,0.0,0.0,0.0,4.5,0.0,591.8704059999999,5.0,0.0,0.0,0.0,0.0,0.0,-1157.5984427017218,0.0,0.0,0.0,0.0
zero_source,recirculating,0.0,0.0,20000.0,90000.0,0.0,0.0,0.0,0.0,251.30771220549073,0.0,0.0,1173333.3333333326,176.0,0.0,0.0,0.0,0.35,1.0,1.0,1.0,1.0,0.0,0.0,0.0,0.0,0.0,0.0,0.0,0.0,0.0,0.0,0.0,4.5,0.0,591.8704059999999,5.0,0.0,0.0,0.0,0.0,0.0,-1159.026327430162,0.0,0.0,0.0,0.0
zero_source,recirculating,0.0,0.0,20000.0,90000.0,0.0,0.0,0.0,0.0,252.73559693393102,0.0,0.0,1179999.9999999993,177.0,0.0,0.0,0.0,0.35,1.0,1.0,1.0,1.0,0.0,0.0,0.0,0.0,0.0,0.0,0.0,0.0,0.0,0.0,0.0,4.5,0.0,591.8704059999999,5.0,0.0,0.0,0.0,0.0,0.0,-1160.4542121586023,0.0,0.0,0.0,0.0
zero_source,recirculating,0.0,0.0,20000.0,90000.0,0.0,0.0,0.0,0.0,254.1634816623713,0.0,0.0,1186666.666666666,178.0,0.0,0.0,0.0,0.35,1.0,1.0,1.0,1.0,0.0,0.0,0.0,0.0,0.0,0.0,0.0,0.0,0.0,0.0,0.0,4.5,0.0,591.8704059999999,5.0,0.0,0.0,0.0,0.0,0.0,-1161.8820968870427,0.0,0.0,0.0,0.0
zero_source,recirculating,0.0,0.0,20000.0,90000.0,0.0,0.0,0.0,0.0,255.5913663908116,0.0,0.0,1193333.3333333328,179.0,0.0,0.0,0.0,0.35,1.0,1.0,1.0,1.0,0.0,0.0,0.0,0.0,0.0,0.0,0.0,0.0,0.0,0.0,0.0,4.5,0.0,591.8704059999999,5.0,0.0,0.0,0.0,0.0,0.0,-1163.309981615483,0.0,0.0,0.0,0.0
zero_source,recirculating,0.0,0.0,20000.0,90000.0,0.0,0.0,0.0,0.0,257.01925111925186,0.0,0.0,1199999.9999999995,180.0,0.0,0.0,0.0,0.35,1.0,1.0,1.0,1.0,0.0,0.0,0.0,0.0,0.0,0.0,0.0,0.0,0.0,0.0,0.0,4.5,0.0,591.8704059999999,5.0,0.0,0.0,0.0,0.0,0.0,-1164.737866343923,0.0,0.0,0.0,0.0
zero_source,recirculating,0.0,0.0,20000.0,90000.0,0.0,0.0,0.0,0.0,258.44713584769215,0.0,0.0,1206666.6666666663,181.0,0.0,0.0,0.0,0.35,1.0,1.0,1.0,1.0,0.0,0.0,0.0,0.0,0.0,0.0,0.0,0.0,0.0,0.0,0.0,4.5,0.0,591.8704059999999,5.0,0.0,0.0,0.0,0.0,0.0,-1166.1657510723635,0.0,0.0,0.0,0.0
zero_source,recirculating,0.0,0.0,20000.0,90000.0,0.0,0.0,0.0,0.0,259.87502057613244,0.0,0.0,1213333.333333333,182.0,0.0,0.0,0.0,0.35,1.0,1.0,1.0,1.0,0.0,0.0,0.0,0.0,0.0,0.0,0.0,0.0,0.0,0.0,0.0,4.5,0.0,591.8704059999999,5.0,0.0,0.0,0.0,0.0,0.0,-1167.5936358008037,0.0,0.0,0.0,0.0
zero_source,recirculating,0.0,0.0,20000.0,90000.0,0.0,0.0,0.0,0.0,261.30290530457273,0.0,0.0,1219999.9999999998,183.0,0.0,0.0,0.0,0.35,1.0,1.0,1.0,1.0,0.0,0.0,0.0,0.0,0.0,0.0,0.0,0.0,0.0,0.0,0.0,4.5,0.0,591.8704059999999,5.0,0.0,0.0,0.0,0.0,0.0,-1169.021520529244,0.0,0.0,0.0,0.0
zero_source,recirculating,0.0,0.0,20000.0,90000.0,0.0,0.0,0.0,0.0,262.730790033013,0.0,0.0,1226666.6666666665,184.0,0.0,0.0,0.0,0.35,1.0,1.0,1.0,1.0,0.0,0.0,0.0,0.0,0.0,0.0,0.0,0.0,0.0,0.0,0.0,4.5,0.0,591.8704059999999,5.0,0.0,0.0,0.0,0.0,0.0,-1170.4494052576842,0.0,0.0,0.0,0.0
zero_source,recirculating,0.0,0.0,20000.0,90000.0,0.0,0.0,0.0,0.0,264.1586747614533,0.0,0.0,1233333.3333333333,185.0,0.0,0.0,0.0,0.35,1.0,1.0,1.0,1.0,0.0,0.0,0.0,0.0,0.0,0.0,0.0,0.0,0.0,0.0,0.0,4.5,0.0,591.8704059999999,5.0,0.0,0.0,0.0,0.0,0.0,-1171.8772899861247,0.0,0.0,0.0,0.0
zero_source,recirculating,0.0,0.0,20000.0,90000.0,0.0,0.0,0.0,0.0,265.5865594898936,0.0,0.0,1240000.0,186.0,0.0,0.0,0.0,0.35,1.0,1.0,1.0,1.0,0.0,0.0,0.0,0.0,0.0,0.0,0.0,0.0,0.0,0.0,0.0,4.5,0.0,591.8704059999999,5.0,0.0,0.0,0.0,0.0,0.0,-1173.3051747145648,0.0,0.0,0.0,0.0
zero_source,recirculating,0.0,0.0,20000.0,90000.0,0.0,0.0,0.0,0.0,267.0144442183339,0.0,0.0,1246666.6666666667,187.0,0.0,0.0,0.0,0.35,1.0,1.0,1.0,1.0,0.0,0.0,0.0,0.0,0.0,0.0,0.0,0.0,0.0,0.0,0.0,4.5,0.0,591.8704059999999,5.0,0.0,0.0,0.0,0.0,0.0,-1174.7330594430052,0.0,0.0,0.0,0.0
zero_source,recirculating,0.0,0.0,20000.0,90000.0,0.0,0.0,0.0,0.0,268.4423289467742,0.0,0.0,1253333.3333333335,188.0,0.0,0.0,0.0,0.35,1.0,1.0,1.0,1.0,0.0,0.0,0.0,0.0,0.0,0.0,0.0,0.0,0.0,0.0,0.0,4.5,0.0,591.8704059999999,5.0,0.0,0.0,0.0,0.0,0.0,-1176.1609441714454,0.0,0.0,0.0,0.0
zero_source,recirculating,0.0,0.0,20000.0,90000.0,0.0,0.0,0.0,0.0,269.8702136752145,0.0,0.0,1260000.0000000002,189.0,0.0,0.0,0.0,0.35,1.0,1.0,1.0,1.0,0.0,0.0,0.0,0.0,0.0,0.0,0.0,0.0,0.0,0.0,0.0,4.5,0.0,591.8704059999999,5.0,0.0,0.0,0.0,0.0,0.0,-1177.5888288998858,0.0,0.0,0.0,0.0
zero_source,recirculating,0.0,0.0,20000.0,90000.0,0.0,0.0,0.0,0.0,271.29809840365476,0.0,0.0,1266666.666666667,190.0,0.0,0.0,0.0,0.35,1.0,1.0,1.0,1.0,0.0,0.0,0.0,0.0,0.0,0.0,0.0,0.0,0.0,0.0,0.0,4.5,0.0,591.8704059999999,5.0,0.0,0.0,0.0,0.0,0.0,-1179.016713628326,0.0,0.0,0.0,0.0
zero_source,recirculating,0.0,0.0,20000.0,90000.0,0.0,0.0,0.0,0.0,272.72598313209505,0.0,0.0,1273333.3333333337,191.0,0.0,0.0,0.0,0.35,1.0,1.0,1.0,1.0,0.0,0.0,0.0,0.0,0.0,0.0,0.0,0.0,0.0,0.0,0.0,4.5,0.0,591.8704059999999,5.0,0.0,0.0,0.0,0.0,0.0,-1180.4445983567664,0.0,0.0,0.0,0.0
zero_source,recirculating,0.0,0.0,20000.0,90000.0,0.0,0.0,0.0,0.0,274.15386786053534,0.0,0.0,1280000.0000000005,192.0,0.0,0.0,0.0,0.35,1.0,1.0,1.0,1.0,0.0,0.0,0.0,0.0,0.0,0.0,0.0,0.0,0.0,0.0,0.0,4.5,0.0,591.8704059999999,5.0,0.0,0.0,0.0,0.0,0.0,-1181.8724830852066,0.0,0.0,0.0,0.0
zero_source,recirculating,0.0,0.0,20000.0,90000.0,0.0,0.0,0.0,0.0,275.58175258897563,0.0,0.0,1286666.6666666672,193.0,0.0,0.0,0.0,0.35,1.0,1.0,1.0,1.0,0.0,0.0,0.0,0.0,0.0,0.0,0.0,0.0,0.0,0.0,0.0,4.5,0.0,591.8704059999999,5.0,0.0,0.0,0.0,0.0,0.0,-1183.300367813647,0.0,0.0,0.0,0.0
zero_source,recirculating,0.0,0.0,20000.0,90000.0,0.0,0.0,0.0,0.0,277.0096373174159,0.0,0.0,1293333.333333334,194.0,0.0,0.0,0.0,0.35,1.0,1.0,1.0,1.0,0.0,0.0,0.0,0.0,0.0,0.0,0.0,0.0,0.0,0.0,0.0,4.5,0.0,591.8704059999999,5.0,0.0,0.0,0.0,0.0,0.0,-1184.7282525420871,0.0,0.0,0.0,0.0
zero_source,recirculating,0.0,0.0,20000.0,90000.0,0.0,0.0,0.0,0.0,278.4375220458562,0.0,0.0,1300000.0000000007,195.0,0.0,0.0,0.0,0.35,1.0,1.0,1.0,1.0,0.0,0.0,0.0,0.0,0.0,0.0,0.0,0.0,0.0,0.0,0.0,4.5,0.0,591.8704059999999,5.0,0.0,0.0,0.0,0.0,0.0,-1186.1561372705276,0.0,0.0,0.0,0.0
zero_source,recirculating,0.0,0.0,20000.0,90000.0,0.0,0.0,0.0,0.0,279.8654067742965,0.0,0.0,1306666.6666666674,196.0,0.0,0.0,0.0,0.35,1.0,1.0,1.0,1.0,0.0,0.0,0.0,0.0,0.0,0.0,0.0,0.0,0.0,0.0,0.0,4.5,0.0,591.8704059999999,5.0,0.0,0.0,0.0,0.0,0.0,-1187.5840219989677,0.0,0.0,0.0,0.0
zero_source,recirculating,0.0,0.0,20000.0,90000.0,0.0,0.0,0.0,0.0,281.2932915027368,0.0,0.0,1313333.3333333342,197.0,0.0,0.0,0.0,0.35,1.0,1.0,1.0,1.0,0.0,0.0,0.0,0.0,0.0,0.0,0.0,0.0,0.0,0.0,0.0,4.5,0.0,591.8704059999999,5.0,0.0,0.0,0.0,0.0,0.0,-1189.0119067274081,0.0,0.0,0.0,0.0
zero_source,recirculating,0.0,0.0,20000.0,90000.0,0.0,0.0,0.0,0.0,282.7211762311771,0.0,0.0,1320000.000000001,198.0,0.0,0.0,0.0,0.35,1.0,1.0,1.0,1.0,0.0,0.0,0.0,0.0,0.0,0.0,0.0,0.0,0.0,0.0,0.0,4.5,0.0,591.8704059999999,5.0,0.0,0.0,0.0,0.0,0.0,-1190.4397914558483,0.0,0.0,0.0,0.0
zero_source,recirculating,0.0,0.0,20000.0,90000.0,0.0,0.0,0.0,0.0,284.1490609596174,0.0,0.0,1326666.6666666677,199.0,0.0,0.0,0.0,0.35,1.0,1.0,1.0,1.0,0.0,0.0,0.0,0.0,0.0,0.0,0.0,0.0,0.0,0.0,0.0,4.5,0.0,591.8704059999999,5.0,0.0,0.0,0.0,0.0,0.0,-1191.8676761842887,0.0,0.0,0.0,0.0
zero_source,recirculating,0.0,0.0,20000.0,90000.0,0.0,0.0,0.0,0.0,285.57694568805766,0.0,0.0,1333333.3333333344,200.0,0.0,0.0,0.0,0.35,1.0,1.0,1.0,1.0,0.0,0.0,0.0,0.0,0.0,0.0,0.0,0.0,0.0,0.0,0.0,4.5,0.0,591.8704059999999,5.0,0.0,0.0,0.0,0.0,0.0,-1193.295560912729,0.0,0.0,0.0,0.0
zero_source,recirculating,0.0,0.0,20000.0,90000.0,0.0,0.0,0.0,0.0,287.00483041649795,0.0,0.0,1340000.0000000012,201.0,0.0,0.0,0.0,0.35,1.0,1.0,1.0,1.0,0.0,0.0,0.0,0.0,0.0,0.0,0.0,0.0,0.0,0.0,0.0,4.5,0.0,591.8704059999999,5.0,0.0,0.0,0.0,0.0,0.0,-1194.7234456411693,0.0,0.0,0.0,0.0
zero_source,recirculating,0.0,0.0,20000.0,90000.0,0.0,0.0,0.0,0.0,288.43271514493824,0.0,0.0,1346666.666666668,202.0,0.0,0.0,0.0,0.35,1.0,1.0,1.0,1.0,0.0,0.0,0.0,0.0,0.0,0.0,0.0,0.0,0.0,0.0,0.0,4.5,0.0,591.8704059999999,5.0,0.0,0.0,0.0,0.0,0.0,-1196.1513303696095,0.0,0.0,0.0,0.0
zero_source,recirculating,0.0,0.0,20000.0,90000.0,0.0,0.0,0.0,0.0,289.86059987337853,0.0,0.0,1353333.3333333347,203.0,0.0,0.0,0.0,0.35,1.0,1.0,1.0,1.0,0.0,0.0,0.0,0.0,0.0,0.0,0.0,0.0,0.0,0.0,0.0,4.5,0.0,591.8704059999999,5.0,0.0,0.0,0.0,0.0,0.0,-1197.5792150980499,0.0,0.0,0.0,0.0
zero_source,recirculating,0.0,0.0,20000.0,90000.0,0.0,0.0,0.0,0.0,291.2884846018188,0.0,0.0,1360000.0000000014,204.0,0.0,0.0,0.0,0.35,1.0,1.0,1.0,1.0,0.0,0.0,0.0,0.0,0.0,0.0,0.0,0.0,0.0,0.0,0.0,4.5,0.0,591.8704059999999,5.0,0.0,0.0,0.0,0.0,0.0,-1199.00709982649,0.0,0.0,0.0,0.0
zero_source,recirculating,0.0,0.0,20000.0,90000.0,0.0,0.0,0.0,0.0,292.7163693302591,0.0,0.0,1366666.6666666681,205.0,0.0,0.0,0.0,0.35,1.0,1.0,1.0,1.0,0.0,0.0,0.0,0.0,0.0,0.0,0.0,0.0,0.0,0.0,0.0,4.5,0.0,591.8704059999999,5.0,0.0,0.0,0.0,0.0,0.0,-1200.4349845549305,0.0,0.0,0.0,0.0
zero_source,recirculating,0.0,0.0,20000.0,90000.0,0.0,0.0,0.0,0.0,294.1442540586994,0.0,0.0,1373333.333333335,206.0,0.0,0.0,0.0,0.35,1.0,1.0,1.0,1.0,0.0,0.0,0.0,0.0,0.0,0.0,0.0,0.0,0.0,0.0,0.0,4.5,0.0,591.8704059999999,5.0,0.0,0.0,0.0,0.0,0.0,-1201.8628692833706,0.0,0.0,0.0,0.0
zero_source,recirculating,0.0,0.0,20000.0,90000.0,0.0,0.0,0.0,0.0,295.5721387871397,0.0,0.0,1380000.0000000016,207.0,0.0,0.0,0.0,0.35,1.0,1.0,1.0,1.0,0.0,0.0,0.0,0.0,0.0,0.0,0.0,0.0,0.0,0.0,0.0,4.5,0.0,591.8704059999999,5.0,0.0,0.0,0.0,0.0,0.0,-1203.290754011811,0.0,0.0,0.0,0.0
zero_source,recirculating,0.0,0.0,20000.0,90000.0,0.0,0.0,0.0,0.0,297.00002351558,0.0,0.0,1386666.6666666684,208.0,0.0,0.0,0.0,0.35,1.0,1.0,1.0,1.0,0.0,0.0,0.0,0.0,0.0,0.0,0.0,0.0,0.0,0.0,0.0,4.5,0.0,591.8704059999999,5.0,0.0,0.0,0.0,0.0,0.0,-1204.7186387402512,0.0,0.0,0.0,0.0
zero_source,recirculating,0.0,0.0,20000.0,90000.0,0.0,0.0,0.0,0.0,298.4279082440203,0.0,0.0,1393333.3333333351,209.0,0.0,0.0,0.0,0.35,1.0,1.0,1.0,1.0,0.0,0.0,0.0,0.0,0.0,0.0,0.0,0.0,0.0,0.0,0.0,4.5,0.0,591.8704059999999,5.0,0.0,0.0,0.0,0.0,0.0,-1206.1465234686916,0.0,0.0,0.0,0.0
zero_source,recirculating,0.0,0.0,20000.0,90000.0,0.0,0.0,0.0,0.0,299.85579297246056,0.0,0.0,1400000.0000000019,210.0,0.0,0.0,0.0,0.35,1.0,1.0,1.0,1.0,0.0,0.0,0.0,0.0,0.0,0.0,0.0,0.0,0.0,0.0,0.0,4.5,0.0,591.8704059999999,5.0,0.0,0.0,0.0,0.0,0.0,-1207.5744081971318,0.0,0.0,0.0,0.0
zero_source,recirculating,0.0,0.0,20000.0,90000.0,0.0,0.0,0.0,0.0,301.28367770090085,0.0,0.0,1406666.6666666686,211.0,0.0,0.0,0.0,0.35,1.0,1.0,1.0,1.0,0.0,0.0,0.0,0.0,0.0,0.0,0.0,0.0,0.0,0.0,0.0,4.5,0.0,591.8704059999999,5.0,0.0,0.0,0.0,0.0,0.0,-1209.0022929255722,0.0,0.0,0.0,0.0
zero_source,recirculating,0.0,0.0,20000.0,90000.0,0.0,0.0,0.0,0.0,302.71156242934114,0.0,0.0,1413333.3333333354,212.0,0.0,0.0,0.0,0.35,1.0,1.0,1.0,1.0,0.0,0.0,0.0,0.0,0.0,0.0,0.0,0.0,0.0,0.0,0.0,4.5,0.0,591.8704059999999,5.0,0.0,0.0,0.0,0.0,0.0,-1210.4301776540124,0.0,0.0,0.0,0.0
zero_source,recirculating,0.0,0.0,20000.0,90000.0,0.0,0.0,0.0,0.0,304.13944715778143,0.0,0.0,1420000.000000002,213.0,0.0,0.0,0.0,0.35,1.0,1.0,1.0,1.0,0.0,0.0,0.0,0.0,0.0,0.0,0.0,0.0,0.0,0.0,0.0,4.5,0.0,591.8704059999999,5.0,0.0,0.0,0.0,0.0,0.0,-1211.8580623824528,0.0,0.0,0.0,0.0
zero_source,recirculating,0.0,0.0,20000.0,90000.0,0.0,0.0,0.0,0.0,305.5673318862217,0.0,0.0,1426666.6666666688,214.0,0.0,0.0,0.0,0.35,1.0,1.0,1.0,1.0,0.0,0.0,0.0,0.0,0.0,0.0,0.0,0.0,0.0,0.0,0.0,4.5,0.0,591.8704059999999,5.0,0.0,0.0,0.0,0.0,0.0,-1213.285947110893,0.0,0.0,0.0,0.0
zero_source,recirculating,0.0,0.0,20000.0,90000.0,0.0,0.0,0.0,0.0,306.995216614662,0.0,0.0,1433333.3333333356,215.0,0.0,0.0,0.0,0.35,1.0,1.0,1.0,1.0,0.0,0.0,0.0,0.0,0.0,0.0,0.0,0.0,0.0,0.0,0.0,4.5,0.0,591.8704059999999,5.0,0.0,0.0,0.0,0.0,0.0,-1214.7138318393334,0.0,0.0,0.0,0.0
zero_source,recirculating,0.0,0.0,20000.0,90000.0,0.0,0.0,0.0,0.0,308.4231013431023,0.0,0.0,1440000.0000000023,216.0,0.0,0.0,0.0,0.35,1.0,1.0,1.0,1.0,0.0,0.0,0.0,0.0,0.0,0.0,0.0,0.0,0.0,0.0,0.0,4.5,0.0,591.8704059999999,5.0,0.0,0.0,0.0,0.0,0.0,-1216.1417165677735,0.0,0.0,0.0,0.0
zero_source,recirculating,0.0,0.0,20000.0,90000.0,0.0,0.0,0.0,0.0,309.8509860715426,0.0,0.0,1446666.666666669,217.0,0.0,0.0,0.0,0.35,1.0,1.0,1.0,1.0,0.0,0.0,0.0,0.0,0.0,0.0,0.0,0.0,0.0,0.0,0.0,4.5,0.0,591.8704059999999,5.0,0.0,0.0,0.0,0.0,0.0,-1217.569601296214,0.0,0.0,0.0,0.0
zero_source,recirculating,0.0,0.0,20000.0,90000.0,0.0,0.0,0.0,0.0,311.2788707999829,0.0,0.0,1453333.3333333358,218.0,0.0,0.0,0.0,0.35,1.0,1.0,1.0,1.0,0.0,0.0,0.0,0.0,0.0,0.0,0.0,0.0,0.0,0.0,0.0,4.5,0.0,591.8704059999999,5.0,0.0,0.0,0.0,0.0,0.0,-1218.997486024654,0.0,0.0,0.0,0.0
zero_source,recirculating,0.0,0.0,20000.0,90000.0,0.0,0.0,0.0,0.0,312.7067555284232,0.0,0.0,1460000.0000000026,219.0,0.0,0.0,0.0,0.35,1.0,1.0,1.0,1.0,0.0,0.0,0.0,0.0,0.0,0.0,0.0,0.0,0.0,0.0,0.0,4.5,0.0,591.8704059999999,5.0,0.0,0.0,0.0,0.0,0.0,-1220.4253707530945,0.0,0.0,0.0,0.0
zero_source,recirculating,0.0,0.0,20000.0,90000.0,0.0,0.0,0.0,0.0,314.13464025686346,0.0,0.0,1466666.6666666693,220.0,0.0,0.0,0.0,0.35,1.0,1.0,1.0,1.0,0.0,0.0,0.0,0.0,0.0,0.0,0.0,0.0,0.0,0.0,0.0,4.5,0.0,591.8704059999999,5.0,0.0,0.0,0.0,0.0,0.0,-1221.8532554815347,0.0,0.0,0.0,0.0
zero_source,recirculating,0.0,0.0,20000.0,90000.0,0.0,0.0,0.0,0.0,315.56252498530375,0.0,0.0,1473333.333333336,221.0,0.0,0.0,0.0,0.35,1.0,1.0,1.0,1.0,0.0,0.0,0.0,0.0,0.0,0.0,0.0,0.0,0.0,0.0,0.0,4.5,0.0,591.8704059999999,5.0,0.0,0.0,0.0,0.0,0.0,-1223.281140209975,0.0,0.0,0.0,0.0
zero_source,recirculating,0.0,0.0,20000.0,90000.0,0.0,0.0,0.0,0.0,316.99040971374404,0.0,0.0,1480000.0000000028,222.0,0.0,0.0,0.0,0.35,1.0,1.0,1.0,1.0,0.0,0.0,0.0,0.0,0.0,0.0,0.0,0.0,0.0,0.0,0.0,4.5,0.0,591.8704059999999,5.0,0.0,0.0,0.0,0.0,0.0,-1224.7090249384153,0.0,0.0,0.0,0.0
zero_source,recirculating,0.0,0.0,20000.0,90000.0,0.0,0.0,0.0,0.0,318.41829444218433,0.0,0.0,1486666.6666666695,223.0,0.0,0.0,0.0,0.35,1.0,1.0,1.0,1.0,0.0,0.0,0.0,0.0,0.0,0.0,0.0,0.0,0.0,0.0,0.0,4.5,0.0,591.8704059999999,5.0,0.0,0.0,0.0,0.0,0.0,-1226.1369096668557,0.0,0.0,0.0,0.0
zero_source,recirculating,0.0,0.0,20000.0,90000.0,0.0,0.0,0.0,0.0,319.8461791706246,0.0,0.0,1493333.3333333363,224.0,0.0,0.0,0.0,0.35,1.0,1.0,1.0,1.0,0.0,0.0,0.0,0.0,0.0,0.0,0.0,0.0,0.0,0.0,0.0,4.5,0.0,591.8704059999999,5.0,0.0,0.0,0.0,0.0,0.0,-1227.5647943952958,0.0,0.0,0.0,0.0
zero_source,recirculating,0.0,0.0,20000.0,90000.0,0.0,0.0,0.0,0.0,321.2740638990649,0.0,0.0,1500000.000000003,225.0,0.0,0.0,0.0,0.35,1.0,1.0,1.0,1.0,0.0,0.0,0.0,0.0,0.0,0.0,0.0,0.0,0.0,0.0,0.0,4.5,0.0,591.8704059999999,5.0,0.0,0.0,0.0,0.0,0.0,-1228.9926791237363,0.0,0.0,0.0,0.0
zero_source,recirculating,0.0,0.0,20000.0,90000.0,0.0,0.0,0.0,0.0,322.7019486275052,0.0,0.0,1506666.6666666698,226.0,0.0,0.0,0.0,0.35,1.0,1.0,1.0,1.0,0.0,0.0,0.0,0.0,0.0,0.0,0.0,0.0,0.0,0.0,0.0,4.5,0.0,591.8704059999999,5.0,0.0,0.0,0.0,0.0,0.0,-1230.4205638521764,0.0,0.0,0.0,0.0
zero_source,recirculating,0.0,0.0,20000.0,90000.0,0.0,0.0,0.0,0.0,324.1298333559455,0.0,0.0,1513333.3333333365,227.0,0.0,0.0,0.0,0.35,1.0,1.0,1.0,1.0,0.0,0.0,0.0,0.0,0.0,0.0,0.0,0.0,0.0,0.0,0.0,4.5,0.0,591.8704059999999,5.0,0.0,0.0,0.0,0.0,0.0,-1231.8484485806168,0.0,0.0,0.0,0.0
zero_source,recirculating,0.0,0.0,20000.0,90000.0,0.0,0.0,0.0,0.0,325.5577180843858,0.0,0.0,1520000.0000000033,228.0,0.0,0.0,0.0,0.35,1.0,1.0,1.0,1.0,0.0,0.0,0.0,0.0,0.0,0.0,0.0,0.0,0.0,0.0,0.0,4.5,0.0,591.8704059999999,5.0,0.0,0.0,0.0,0.0,0.0,-1233.276333309057,0.0,0.0,0.0,0.0
zero_source,recirculating,0.0,0.0,20000.0,90000.0,0.0,0.0,0.0,0.0,326.9856028128261,0.0,0.0,1526666.66666667,229.0,0.0,0.0,0.0,0.35,1.0,1.0,1.0,1.0,0.0,0.0,0.0,0.0,0.0,0.0,0.0,0.0,0.0,0.0,0.0,4.5,0.0,591.8704059999999,5.0,0.0,0.0,0.0,0.0,0.0,-1234.7042180374974,0.0,0.0,0.0,0.0
zero_source,recirculating,0.0,0.0,20000.0,90000.0,0.0,0.0,0.0,0.0,328.41348754126636,0.0,0.0,1533333.3333333367,230.0,0.0,0.0,0.0,0.35,1.0,1.0,1.0,1.0,0.0,0.0,0.0,0.0,0.0,0.0,0.0,0.0,0.0,0.0,0.0,4.5,0.0,591.8704059999999,5.0,0.0,0.0,0.0,0.0,0.0,-1236.1321027659376,0.0,0.0,0.0,0.0
zero_source,recirculating,0.0,0.0,20000.0,90000.0,0.0,0.0,0.0,0.0,329.84137226970665,0.0,0.0,1540000.0000000035,231.0,0.0,0.0,0.0,0.35,1.0,1.0,1.0,1.0,0.0,0.0,0.0,0.0,0.0,0.0,0.0,0.0,0.0,0.0,0.0,4.5,0.0,591.8704059999999,5.0,0.0,0.0,0.0,0.0,0.0,-1237.559987494378,0.0,0.0,0.0,0.0
zero_source,recirculating,0.0,0.0,20000.0,90000.0,0.0,0.0,0.0,0.0,331.26925699814694,0.0,0.0,1546666.6666666702,232.0,0.0,0.0,0.0,0.35,1.0,1.0,1.0,1.0,0.0,0.0,0.0,0.0,0.0,0.0,0.0,0.0,0.0,0.0,0.0,4.5,0.0,591.8704059999999,5.0,0.0,0.0,0.0,0.0,0.0,-1238.9878722228182,0.0,0.0,0.0,0.0
zero_source,recirculating,0.0,0.0,20000.0,90000.0,0.0,0.0,0.0,0.0,332.69714172658723,0.0,0.0,1553333.333333337,233.0,0.0,0.0,0.0,0.35,1.0,1.0,1.0,1.0,0.0,0.0,0.0,0.0,0.0,0.0,0.0,0.0,0.0,0.0,0.0,4.5,0.0,591.8704059999999,5.0,0.0,0.0,0.0,0.0,0.0,-1240.4157569512586,0.0,0.0,0.0,0.0
zero_source,recirculating,0.0,0.0,20000.0,90000.0,0.0,0.0,0.0,0.0,334.1250264550275,0.0,0.0,1560000.0000000037,234.0,0.0,0.0,0.0,0.35,1.0,1.0,1.0,1.0,0.0,0.0,0.0,0.0,0.0,0.0,0.0,0.0,0.0,0.0,0.0,4.5,0.0,591.8704059999999,5.0,0.0,0.0,0.0,0.0,0.0,-1241.8436416796987,0.0,0.0,0.0,0.0
zero_source,recirculating,0.0,0.0,20000.0,90000.0,0.0,0.0,0.0,0.0,335.5529111834678,0.0,0.0,1566666.6666666705,235.0,0.0,0.0,0.0,0.35,1.0,1.0,1.0,1.0,0.0,0.0,0.0,0.0,0.0,0.0,0.0,0.0,0.0,0.0,0.0,4.5,0.0,591.8704059999999,5.0,0.0,0.0,0.0,0.0,0.0,-1243.2715264081392,0.0,0.0,0.0,0.0
zero_source,recirculating,0.0,0.0,20000.0,90000.0,0.0,0.0,0.0,0.0,336.9807959119081,0.0,0.0,1573333.3333333372,236.0,0.0,0.0,0.0,0.35,1.0,1.0,1.0,1.0,0.0,0.0,0.0,0.0,0.0,0.0,0.0,0.0,0.0,0.0,0.0,4.5,0.0,591.8704059999999,5.0,0.0,0.0,0.0,0.0,0.0,-1244.6994111365793,0.0,0.0,0.0,0.0
zero_source,recirculating,0.0,0.0,20000.0,90000.0,0.0,0.0,0.0,0.0,338.4086806403484,0.0,0.0,1580000.000000004,237.0,0.0,0.0,0.0,0.35,1.0,1.0,1.0,1.0,0.0,0.0,0.0,0.0,0.0,0.0,0.0,0.0,0.0,0.0,0.0,4.5,0.0,591.8704059999999,5.0,0.0,0.0,0.0,0.0,0.0,-1246.1272958650197,0.0,0.0,0.0,0.0
zero_source,recirculating,0.0,0.0,20000.0,90000.0,0.0,0.0,0.0,0.0,339.8365653687887,0.0,0.0,1586666.6666666707,238.0,0.0,0.0,0.0,0.35,1.0,1.0,1.0,1.0,0.0,0.0,0.0,0.0,0.0,0.0,0.0,0.0,0.0,0.0,0.0,4.5,0.0,591.8704059999999,5.0,0.0,0.0,0.0,0.0,0.0,-1247.55518059346,0.0,0.0,0.0,0.0
zero_source,recirculating,0.0,0.0,20000.0,90000.0,0.0,0.0,0.0,0.0,341.264450097229,0.0,0.0,1593333.3333333374,239.0,0.0,0.0,0.0,0.35,1.0,1.0,1.0,1.0,0.0,0.0,0.0,0.0,0.0,0.0,0.0,0.0,0.0,0.0,0.0,4.5,0.0,591.8704059999999,5.0,0.0,0.0,0.0,0.0,0.0,-1248.9830653219003,0.0,0.0,0.0,0.0
zero_source,recirculating,0.0,0.0,20000.0,90000.0,0.0,0.0,0.0,0.0,342.69233482566926,0.0,0.0,1600000.0000000042,240.0,0.0,0.0,0.0,0.35,1.0,1.0,1.0,1.0,0.0,0.0,0.0,0.0,0.0,0.0,0.0,0.0,0.0,0.0,0.0,4.5,0.0,591.8704059999999,5.0,0.0,0.0,0.0,0.0,0.0,-1250.4109500503405,0.0,0.0,0.0,0.0
zero_source,recirculating,0.0,0.0,20000.0,90000.0,0.0,0.0,0.0,0.0,344.12021955410955,0.0,0.0,1606666.666666671,241.0,0.0,0.0,0.0,0.35,1.0,1.0,1.0,1.0,0.0,0.0,0.0,0.0,0.0,0.0,0.0,0.0,0.0,0.0,0.0,4.5,0.0,591.8704059999999,5.0,0.0,0.0,0.0,0.0,0.0,-1251.838834778781,0.0,0.0,0.0,0.0
zero_source,recirculating,0.0,0.0,20000.0,90000.0,0.0,0.0,0.0,0.0,345.54810428254984,0.0,0.0,1613333.3333333377,242.0,0.0,0.0,0.0,0.35,1.0,1.0,1.0,1.0,0.0,0.0,0.0,0.0,0.0,0.0,0.0,0.0,0.0,0.0,0.0,4.5,0.0,591.8704059999999,5.0,0.0,0.0,0.0,0.0,0.0,-1253.266719507221,0.0,0.0,0.0,0.0
zero_source,recirculating,0.0,0.0,20000.0,90000.0,0.0,0.0,0.0,0.0,346.97598901099013,0.0,0.0,1620000.0000000044,243.0,0.0,0.0,0.0,0.35,1.0,1.0,1.0,1.0,0.0,0.0,0.0,0.0,0.0,0.0,0.0,0.0,0.0,0.0,0.0,4.5,0.0,591.8704059999999,5.0,0.0,0.0,0.0,0.0,0.0,-1254.6946042356615,0.0,0.0,0.0,0.0
zero_source,recirculating,0.0,0.0,20000.0,90000.0,0.0,0.0,0.0,0.0,348.4038737394304,0.0,0.0,1626666.6666666712,244.0,0.0,0.0,0.0,0.35,1.0,1.0,1.0,1.0,0.0,0.0,0.0,0.0,0.0,0.0,0.0,0.0,0.0,0.0,0.0,4.5,0.0,591.8704059999999,5.0,0.0,0.0,0.0,0.0,0.0,-1256.1224889641016,0.0,0.0,0.0,0.0
zero_source,recirculating,0.0,0.0,20000.0,90000.0,0.0,0.0,0.0,0.0,349.8317584678707,0.0,0.0,1633333.333333338,245.0,0.0,0.0,0.0,0.35,1.0,1.0,1.0,1.0,0.0,0.0,0.0,0.0,0.0,0.0,0.0,0.0,0.0,0.0,0.0,4.5,0.0,591.8704059999999,5.0,0.0,0.0,0.0,0.0,0.0,-1257.550373692542,0.0,0.0,0.0,0.0
zero_source,recirculating,0.0,0.0,20000.0,90000.0,0.0,0.0,0.0,0.0,351.259643196311,0.0,0.0,1640000.0000000047,246.0,0.0,0.0,0.0,0.35,1.0,1.0,1.0,1.0,0.0,0.0,0.0,0.0,0.0,0.0,0.0,0.0,0.0,0.0,0.0,4.5,0.0,591.8704059999999,5.0,0.0,0.0,0.0,0.0,0.0,-1258.9782584209822,0.0,0.0,0.0,0.0
zero_source,recirculating,0.0,0.0,20000.0,90000.0,0.0,0.0,0.0,0.0,352.6875279247513,0.0,0.0,1646666.6666666714,247.0,0.0,0.0,0.0,0.35,1.0,1.0,1.0,1.0,0.0,0.0,0.0,0.0,0.0,0.0,0.0,0.0,0.0,0.0,0.0,4.5,0.0,591.8704059999999,5.0,0.0,0.0,0.0,0.0,0.0,-1260.4061431494226,0.0,0.0,0.0,0.0
zero_source,recirculating,0.0,0.0,20000.0,90000.0,0.0,0.0,0.0,0.0,354.1154126531916,0.0,0.0,1653333.3333333381,248.0,0.0,0.0,0.0,0.35,1.0,1.0,1.0,1.0,0.0,0.0,0.0,0.0,0.0,0.0,0.0,0.0,0.0,0.0,0.0,4.5,0.0,591.8704059999999,5.0,0.0,0.0,0.0,0.0,0.0,-1261.8340278778628,0.0,0.0,0.0,0.0
zero_source,recirculating,0.0,0.0,20000.0,90000.0,0.0,0.0,0.0,0.0,355.5432973816319,0.0,0.0,1660000.000000005,249.0,0.0,0.0,0.0,0.35,1.0,1.0,1.0,1.0,0.0,0.0,0.0,0.0,0.0,0.0,0.0,0.0,0.0,0.0,0.0,4.5,0.0,591.8704059999999,5.0,0.0,0.0,0.0,0.0,0.0,-1263.2619126063032,0.0,0.0,0.0,0.0
zero_source,recirculating,0.0,0.0,20000.0,90000.0,0.0,0.0,0.0,0.0,356.97118211007216,0.0,0.0,1666666.6666666716,250.0,0.0,0.0,0.0,0.35,1.0,1.0,1.0,1.0,0.0,0.0,0.0,0.0,0.0,0.0,0.0,0.0,0.0,0.0,0.0,4.5,0.0,591.8704059999999,5.0,0.0,0.0,0.0,0.0,0.0,-1264.6897973347434,0.0,0.0,0.0,0.0
zero_source,recirculating,0.0,0.0,20000.0,90000.0,0.0,0.0,0.0,0.0,358.39906683851245,0.0,0.0,1673333.3333333384,251.0,0.0,0.0,0.0,0.35,1.0,1.0,1.0,1.0,0.0,0.0,0.0,0.0,0.0,0.0,0.0,0.0,0.0,0.0,0.0,4.5,0.0,591.8704059999999,5.0,0.0,0.0,0.0,0.0,0.0,-1266.1176820631838,0.0,0.0,0.0,0.0
zero_source,recirculating,0.0,0.0,20000.0,90000.0,0.0,0.0,0.0,0.0,359.82695156695274,0.0,0.0,1680000.0000000051,252.0,0.0,0.0,0.0,0.35,1.0,1.0,1.0,1.0,0.0,0.0,0.0,0.0,0.0,0.0,0.0,0.0,0.0,0.0,0.0,4.5,0.0,591.8704059999999,5.0,0.0,0.0,0.0,0.0,0.0,-1267.545566791624,0.0,0.0,0.0,0.0
zero_source,recirculating,0.0,0.0,20000.0,90000.0,0.0,0.0,0.0,0.0,361.25483629539303,0.0,0.0,1686666.6666666719,253.0,0.0,0.0,0.0,0.35,1.0,1.0,1.0,1.0,0.0,0.0,0.0,0.0,0.0,0.0,0.0,0.0,0.0,0.0,0.0,4.5,0.0,591.8704059999999,5.0,0.0,0.0,0.0,0.0,0.0,-1268.9734515200644,0.0,0.0,0.0,0.0
zero_source,recirculating,0.0,0.0,20000.0,90000.0,0.0,0.0,0.0,0.0,362.6827210238333,0.0,0.0,1693333.3333333386,254.0,0.0,0.0,0.0,0.35,1.0,1.0,1.0,1.0,0.0,0.0,0.0,0.0,0.0,0.0,0.0,0.0,0.0,0.0,0.0,4.5,0.0,591.8704059999999,5.0,0.0,0.0,0.0,0.0,0.0,-1270.4013362485045,0.0,0.0,0.0,0.0
zero_source,recirculating,0.0,0.0,20000.0,90000.0,0.0,0.0,0.0,0.0,364.1106057522736,0.0,0.0,1700000.0000000054,255.0,0.0,0.0,0.0,0.35,1.0,1.0,1.0,1.0,0.0,0.0,0.0,0.0,0.0,0.0,0.0,0.0,0.0,0.0,0.0,4.5,0.0,591.8704059999999,5.0,0.0,0.0,0.0,0.0,0.0,-1271.829220976945,0.0,0.0,0.0,0.0
zero_source,recirculating,0.0,0.0,20000.0,90000.0,0.0,0.0,0.0,0.0,365.5384904807139,0.0,0.0,1706666.666666672,256.0,0.0,0.0,0.0,0.35,1.0,1.0,1.0,1.0,0.0,0.0,0.0,0.0,0.0,0.0,0.0,0.0,0.0,0.0,0.0,4.5,0.0,591.8704059999999,5.0,0.0,0.0,0.0,0.0,0.0,-1273.2571057053851,0.0,0.0,0.0,0.0
zero_source,recirculating,0.0,0.0,20000.0,90000.0,0.0,0.0,0.0,0.0,366.9663752091542,0.0,0.0,1713333.3333333388,257.0,0.0,0.0,0.0,0.35,1.0,1.0,1.0,1.0,0.0,0.0,0.0,0.0,0.0,0.0,0.0,0.0,0.0,0.0,0.0,4.5,0.0,591.8704059999999,5.0,0.0,0.0,0.0,0.0,0.0,-1274.6849904338255,0.0,0.0,0.0,0.0
zero_source,recirculating,0.0,0.0,20000.0,90000.0,0.0,0.0,0.0,0.0,368.3942599375945,0.0,0.0,1720000.0000000056,258.0,0.0,0.0,0.0,0.35,1.0,1.0,1.0,1.0,0.0,0.0,0.0,0.0,0.0,0.0,0.0,0.0,0.0,0.0,0.0,4.5,0.0,591.8704059999999,5.0,0.0,0.0,0.0,0.0,0.0,-1276.1128751622657,0.0,0.0,0.0,0.0
zero_source,recirculating,0.0,0.0,20000.0,90000.0,0.0,0.0,0.0,0.0,369.8221446660348,0.0,0.0,1726666.6666666723,259.0,0.0,0.0,0.0,0.35,1.0,1.0,1.0,1.0,0.0,0.0,0.0,0.0,0.0,0.0,0.0,0.0,0.0,0.0,0.0,4.5,0.0,591.8704059999999,5.0,0.0,0.0,0.0,0.0,0.0,-1277.540759890706,0.0,0.0,0.0,0.0
zero_source,recirculating,0.0,0.0,20000.0,90000.0,0.0,0.0,0.0,0.0,371.25002939447506,0.0,0.0,1733333.333333339,260.0,0.0,0.0,0.0,0.35,1.0,1.0,1.0,1.0,0.0,0.0,0.0,0.0,0.0,0.0,0.0,0.0,0.0,0.0,0.0,4.5,0.0,591.8704059999999,5.0,0.0,0.0,0.0,0.0,0.0,-1278.9686446191463,0.0,0.0,0.0,0.0
zero_source,recirculating,0.0,0.0,20000.0,90000.0,0.0,0.0,0.0,0.0,372.67791412291535,0.0,0.0,1740000.0000000058,261.0,0.0,0.0,0.0,0.35,1.0,1.0,1.0,1.0,0.0,0.0,0.0,0.0,0.0,0.0,0.0,0.0,0.0,0.0,0.0,4.5,0.0,591.8704059999999,5.0,0.0,0.0,0.0,0.0,0.0,-1280.3965293475867,0.0,0.0,0.0,0.0
zero_source,recirculating,0.0,0.0,20000.0,90000.0,0.0,0.0,0.0,0.0,374.10579885135564,0.0,0.0,1746666.6666666726,262.0,0.0,0.0,0.0,0.35,1.0,1.0,1.0,1.0,0.0,0.0,0.0,0.0,0.0,0.0,0.0,0.0,0.0,0.0,0.0,4.5,0.0,591.8704059999999,5.0,0.0,0.0,0.0,0.0,0.0,-1281.8244140760269,0.0,0.0,0.0,0.0
zero_source,recirculating,0.0,0.0,20000.0,90000.0,0.0,0.0,0.0,0.0,375.53368357979593,0.0,0.0,1753333.3333333393,263.0,0.0,0.0,0.0,0.35,1.0,1.0,1.0,1.0,0.0,0.0,0.0,0.0,0.0,0.0,0.0,0.0,0.0,0.0,0.0,4.5,0.0,591.8704059999999,5.0,0.0,0.0,0.0,0.0,0.0,-1283.2522988044673,0.0,0.0,0.0,0.0
zero_source,recirculating,0.0,0.0,20000.0,90000.0,0.0,0.0,0.0,0.0,376.9615683082362,0.0,0.0,1760000.000000006,264.0,0.0,0.0,0.0,0.35,1.0,1.0,1.0,1.0,0.0,0.0,0.0,0.0,0.0,0.0,0.0,0.0,0.0,0.0,0.0,4.5,0.0,591.8704059999999,5.0,0.0,0.0,0.0,0.0,0.0,-1284.6801835329074,0.0,0.0,0.0,0.0
zero_source,recirculating,0.0,0.0,20000.0,90000.0,0.0,0.0,0.0,0.0,378.3894530366765,0.0,0.0,1766666.6666666728,265.0,0.0,0.0,0.0,0.35,1.0,1.0,1.0,1.0,0.0,0.0,0.0,0.0,0.0,0.0,0.0,0.0,0.0,0.0,0.0,4.5,0.0,591.8704059999999,5.0,0.0,0.0,0.0,0.0,0.0,-1286.1080682613479,0.0,0.0,0.0,0.0
zero_source,recirculating,0.0,0.0,20000.0,90000.0,0.0,0.0,0.0,0.0,379.8173377651168,0.0,0.0,1773333.3333333395,266.0,0.0,0.0,0.0,0.35,1.0,1.0,1.0,1.0,0.0,0.0,0.0,0.0,0.0,0.0,0.0,0.0,0.0,0.0,0.0,4.5,0.0,591.8704059999999,5.0,0.0,0.0,0.0,0.0,0.0,-1287.535952989788,0.0,0.0,0.0,0.0
zero_source,recirculating,0.0,0.0,20000.0,90000.0,0.0,0.0,0.0,0.0,381.2452224935571,0.0,0.0,1780000.0000000063,267.0,0.0,0.0,0.0,0.35,1.0,1.0,1.0,1.0,0.0,0.0,0.0,0.0,0.0,0.0,0.0,0.0,0.0,0.0,0.0,4.5,0.0,591.8704059999999,5.0,0.0,0.0,0.0,0.0,0.0,-1288.9638377182284,0.0,0.0,0.0,0.0
zero_source,recirculating,0.0,0.0,20000.0,90000.0,0.0,0.0,0.0,0.0,382.6731072219974,0.0,0.0,1786666.666666673,268.0,0.0,0.0,0.0,0.35,1.0,1.0,1.0,1.0,0.0,0.0,0.0,0.0,0.0,0.0,0.0,0.0,0.0,0.0,0.0,4.5,0.0,591.8704059999999,5.0,0.0,0.0,0.0,0.0,0.0,-1290.3917224466686,0.0,0.0,0.0,0.0
zero_source,recirculating,0.0,0.0,20000.0,90000.0,0.0,0.0,0.0,0.0,384.1009919504377,0.0,0.0,1793333.3333333398,269.0,0.0,0.0,0.0,0.35,1.0,1.0,1.0,1.0,0.0,0.0,0.0,0.0,0.0,0.0,0.0,0.0,0.0,0.0,0.0,4.5,0.0,591.8704059999999,5.0,0.0,0.0,0.0,0.0,0.0,-1291.819607175109,0.0,0.0,0.0,0.0
zero_source,recirculating,0.0,0.0,20000.0,90000.0,0.0,0.0,0.0,0.0,385.52887667887796,0.0,0.0,1800000.0000000065,270.0,0.0,0.0,0.0,0.35,1.0,1.0,1.0,1.0,0.0,0.0,0.0,0.0,0.0,0.0,0.0,0.0,0.0,0.0,0.0,4.5,0.0,591.8704059999999,5.0,0.0,0.0,0.0,0.0,0.0,-1293.2474919035492,0.0,0.0,0.0,0.0
zero_source,recirculating,0.0,0.0,20000.0,90000.0,0.0,0.0,0.0,0.0,386.95676140731825,0.0,0.0,1806666.6666666733,271.0,0.0,0.0,0.0,0.35,1.0,1.0,1.0,1.0,0.0,0.0,0.0,0.0,0.0,0.0,0.0,0.0,0.0,0.0,0.0,4.5,0.0,591.8704059999999,5.0,0.0,0.0,0.0,0.0,0.0,-1294.6753766319896,0.0,0.0,0.0,0.0
zero_source,recirculating,0.0,0.0,20000.0,90000.0,0.0,0.0,0.0,0.0,388.38464613575854,0.0,0.0,1813333.33333334,272.0,0.0,0.0,0.0,0.35,1.0,1.0,1.0,1.0,0.0,0.0,0.0,0.0,0.0,0.0,0.0,0.0,0.0,0.0,0.0,4.5,0.0,591.8704059999999,5.0,0.0,0.0,0.0,0.0,0.0,-1296.1032613604298,0.0,0.0,0.0,0.0
zero_source,recirculating,0.0,0.0,20000.0,90000.0,0.0,0.0,0.0,0.0,389.81253086419883,0.0,0.0,1820000.0000000068,273.0,0.0,0.0,0.0,0.35,1.0,1.0,1.0,1.0,0.0,0.0,0.0,0.0,0.0,0.0,0.0,0.0,0.0,0.0,0.0,4.5,0.0,591.8704059999999,5.0,0.0,0.0,0.0,0.0,0.0,-1297.5311460888702,0.0,0.0,0.0,0.0
zero_source,recirculating,0.0,0.0,20000.0,90000.0,0.0,0.0,0.0,0.0,391.2404155926391,0.0,0.0,1826666.6666666735,274.0,0.0,0.0,0.0,0.35,1.0,1.0,1.0,1.0,0.0,0.0,0.0,0.0,0.0,0.0,0.0,0.0,0.0,0.0,0.0,4.5,0.0,591.8704059999999,5.0,0.0,0.0,0.0,0.0,0.0,-1298.9590308173103,0.0,0.0,0.0,0.0
zero_source,recirculating,0.0,0.0,20000.0,90000.0,0.0,0.0,0.0,0.0,392.6683003210794,0.0,0.0,1833333.3333333402,275.0,0.0,0.0,0.0,0.35,1.0,1.0,1.0,1.0,0.0,0.0,0.0,0.0,0.0,0.0,0.0,0.0,0.0,0.0,0.0,4.5,0.0,591.8704059999999,5.0,0.0,0.0,0.0,0.0,0.0,-1300.3869155457508,0.0,0.0,0.0,0.0
zero_source,recirculating,0.0,0.0,20000.0,90000.0,0.0,0.0,0.0,0.0,394.0961850495197,0.0,0.0,1840000.000000007,276.0,0.0,0.0,0.0,0.35,1.0,1.0,1.0,1.0,0.0,0.0,0.0,0.0,0.0,0.0,0.0,0.0,0.0,0.0,0.0,4.5,0.0,591.8704059999999,5.0,0.0,0.0,0.0,0.0,0.0,-1301.814800274191,0.0,0.0,0.0,0.0
zero_source,recirculating,0.0,0.0,20000.0,90000.0,0.0,0.0,0.0,0.0,395.52406977796,0.0,0.0,1846666.6666666737,277.0,0.0,0.0,0.0,0.35,1.0,1.0,1.0,1.0,0.0,0.0,0.0,0.0,0.0,0.0,0.0,0.0,0.0,0.0,0.0,4.5,0.0,591.8704059999999,5.0,0.0,0.0,0.0,0.0,0.0,-1303.2426850026313,0.0,0.0,0.0,0.0
zero_source,recirculating,0.0,0.0,20000.0,90000.0,0.0,0.0,0.0,0.0,396.9519545064003,0.0,0.0,1853333.3333333405,278.0,0.0,0.0,0.0,0.35,1.0,1.0,1.0,1.0,0.0,0.0,0.0,0.0,0.0,0.0,0.0,0.0,0.0,0.0,0.0,4.5,0.0,591.8704059999999,5.0,0.0,0.0,0.0,0.0,0.0,-1304.6705697310715,0.0,0.0,0.0,0.0
zero_source,recirculating,0.0,0.0,20000.0,90000.0,0.0,0.0,0.0,0.0,398.3798392348406,0.0,0.0,1860000.0000000072,279.0,0.0,0.0,0.0,0.35,1.0,1.0,1.0,1.0,0.0,0.0,0.0,0.0,0.0,0.0,0.0,0.0,0.0,0.0,0.0,4.5,0.0,591.8704059999999,5.0,0.0,0.0,0.0,0.0,0.0,-1306.098454459512,0.0,0.0,0.0,0.0
zero_source,recirculating,0.0,0.0,20000.0,90000.0,0.0,0.0,0.0,0.0,399.80772396328086,0.0,0.0,1866666.666666674,280.0,0.0,0.0,0.0,0.35,1.0,1.0,1.0,1.0,0.0,0.0,0.0,0.0,0.0,0.0,0.0,0.0,0.0,0.0,0.0,4.5,0.0,591.8704059999999,5.0,0.0,0.0,0.0,0.0,0.0,-1307.526339187952,0.0,0.0,0.0,0.0
zero_source,recirculating,0.0,0.0,20000.0,90000.0,0.0,0.0,0.0,0.0,401.23560869172115,0.0,0.0,1873333.3333333407,281.0,0.0,0.0,0.0,0.35,1.0,1.0,1.0,1.0,0.0,0.0,0.0,0.0,0.0,0.0,0.0,0.0,0.0,0.0,0.0,4.5,0.0,591.8704059999999,5.0,0.0,0.0,0.0,0.0,0.0,-1308.9542239163925,0.0,0.0,0.0,0.0
zero_source,recirculating,0.0,0.0,20000.0,90000.0,0.0,0.0,0.0,0.0,402.66349342016144,0.0,0.0,1880000.0000000075,282.0,0.0,0.0,0.0,0.35,1.0,1.0,1.0,1.0,0.0,0.0,0.0,0.0,0.0,0.0,0.0,0.0,0.0,0.0,0.0,4.5,0.0,591.8704059999999,5.0,0.0,0.0,0.0,0.0,0.0,-1310.3821086448327,0.0,0.0,0.0,0.0
zero_source,recirculating,0.0,0.0,20000.0,90000.0,0.0,0.0,0.0,0.0,404.09137814860173,0.0,0.0,1886666.6666666742,283.0,0.0,0.0,0.0,0.35,1.0,1.0,1.0,1.0,0.0,0.0,0.0,0.0,0.0,0.0,0.0,0.0,0.0,0.0,0.0,4.5,0.0,591.8704059999999,5.0,0.0,0.0,0.0,0.0,0.0,-1311.809993373273,0.0,0.0,0.0,0.0
zero_source,recirculating,0.0,0.0,20000.0,90000.0,0.0,0.0,0.0,0.0,405.519262877042,0.0,0.0,1893333.333333341,284.0,0.0,0.0,0.0,0.35,1.0,1.0,1.0,1.0,0.0,0.0,0.0,0.0,0.0,0.0,0.0,0.0,0.0,0.0,0.0,4.5,0.0,591.8704059999999,5.0,0.0,0.0,0.0,0.0,0.0,-1313.2378781017132,0.0,0.0,0.0,0.0
zero_source,recirculating,0.0,0.0,20000.0,90000.0,0.0,0.0,0.0,0.0,406.9471476054823,0.0,0.0,1900000.0000000077,285.0,0.0,0.0,0.0,0.35,1.0,1.0,1.0,1.0,0.0,0.0,0.0,0.0,0.0,0.0,0.0,0.0,0.0,0.0,0.0,4.5,0.0,591.8704059999999,5.0,0.0,0.0,0.0,0.0,0.0,-1314.6657628301537,0.0,0.0,0.0,0.0
zero_source,recirculating,0.0,0.0,20000.0,90000.0,0.0,0.0,0.0,0.0,408.3750323339226,0.0,0.0,1906666.6666666744,286.0,0.0,0.0,0.0,0.35,1.0,1.0,1.0,1.0,0.0,0.0,0.0,0.0,0.0,0.0,0.0,0.0,0.0,0.0,0.0,4.5,0.0,591.8704059999999,5.0,0.0,0.0,0.0,0.0,0.0,-1316.0936475585938,0.0,0.0,0.0,0.0
zero_source,recirculating,0.0,0.0,20000.0,90000.0,0.0,0.0,0.0,0.0,409.8029170623629,0.0,0.0,1913333.3333333412,287.0,0.0,0.0,0.0,0.35,1.0,1.0,1.0,1.0,0.0,0.0,0.0,0.0,0.0,0.0,0.0,0.0,0.0,0.0,0.0,4.5,0.0,591.8704059999999,5.0,0.0,0.0,0.0,0.0,0.0,-1317.5215322870342,0.0,0.0,0.0,0.0
zero_source,recirculating,0.0,0.0,20000.0,90000.0,0.0,0.0,0.0,0.0,411.2308017908032,0.0,0.0,1920000.000000008,288.0,0.0,0.0,0.0,0.35,1.0,1.0,1.0,1.0,0.0,0.0,0.0,0.0,0.0,0.0,0.0,0.0,0.0,0.0,0.0,4.5,0.0,591.8704059999999,5.0,0.0,0.0,0.0,0.0,0.0,-1318.9494170154744,0.0,0.0,0.0,0.0
zero_source,recirculating,0.0,0.0,20000.0,90000.0,0.0,0.0,0.0,0.0,412.6586865192435,0.0,0.0,1926666.6666666747,289.0,0.0,0.0,0.0,0.35,1.0,1.0,1.0,1.0,0.0,0.0,0.0,0.0,0.0,0.0,0.0,0.0,0.0,0.0,0.0,4.5,0.0,591.8704059999999,5.0,0.0,0.0,0.0,0.0,0.0,-1320.3773017439148,0.0,0.0,0.0,0.0
zero_source,recirculating,0.0,0.0,20000.0,90000.0,0.0,0.0,0.0,0.0,414.08657124768376,0.0,0.0,1933333.3333333414,290.0,0.0,0.0,0.0,0.35,1.0,1.0,1.0,1.0,0.0,0.0,0.0,0.0,0.0,0.0,0.0,0.0,0.0,0.0,0.0,4.5,0.0,591.8704059999999,5.0,0.0,0.0,0.0,0.0,0.0,-1321.8051864723552,0.0,0.0,0.0,0.0
zero_source,recirculating,0.0,0.0,20000.0,90000.0,0.0,0.0,0.0,0.0,415.51445597612405,0.0,0.0,1940000.0000000081,291.0,0.0,0.0,0.0,0.35,1.0,1.0,1.0,1.0,0.0,0.0,0.0,0.0,0.0,0.0,0.0,0.0,0.0,0.0,0.0,4.5,0.0,591.8704059999999,5.0,0.0,0.0,0.0,0.0,0.0,-1323.2330712007954,0.0,0.0,0.0,0.0
zero_source,recirculating,0.0,0.0,20000.0,90000.0,0.0,0.0,0.0,0.0,416.94234070456434,0.0,0.0,1946666.666666675,292.0,0.0,0.0,0.0,0.35,1.0,1.0,1.0,1.0,0.0,0.0,0.0,0.0,0.0,0.0,0.0,0.0,0.0,0.0,0.0,4.5,0.0,591.8704059999999,5.0,0.0,0.0,0.0,0.0,0.0,-1324.6609559292356,0.0,0.0,0.0,0.0
zero_source,recirculating,0.0,0.0,20000.0,90000.0,0.0,0.0,0.0,0.0,418.37022543300463,0.0,0.0,1953333.3333333416,293.0,0.0,0.0,0.0,0.35,1.0,1.0,1.0,1.0,0.0,0.0,0.0,0.0,0.0,0.0,0.0,0.0,0.0,0.0,0.0,4.5,0.0,591.8704059999999,5.0,0.0,0.0,0.0,0.0,0.0,-1326.088840657676,0.0,0.0,0.0,0.0
zero_source,recirculating,0.0,0.0,20000.0,90000.0,0.0,0.0,0.0,0.0,419.7981101614449,0.0,0.0,1960000.0000000084,294.0,0.0,0.0,0.0,0.35,1.0,1.0,1.0,1.0,0.0,0.0,0.0,0.0,0.0,0.0,0.0,0.0,0.0,0.0,0.0,4.5,0.0,591.8704059999999,5.0,0.0,0.0,0.0,0.0,0.0,-1327.5167253861164,0.0,0.0,0.0,0.0
zero_source,recirculating,0.0,0.0,20000.0,90000.0,0.0,0.0,0.0,0.0,421.2259948898852,0.0,0.0,1966666.6666666751,295.0,0.0,0.0,0.0,0.35,1.0,1.0,1.0,1.0,0.0,0.0,0.0,0.0,0.0,0.0,0.0,0.0,0.0,0.0,0.0,4.5,0.0,591.8704059999999,5.0,0.0,0.0,0.0,0.0,0.0,-1328.9446101145566,0.0,0.0,0.0,0.0
zero_source,recirculating,0.0,0.0,20000.0,90000.0,0.0,0.0,0.0,0.0,422.6538796183255,0.0,0.0,1973333.3333333419,296.0,0.0,0.0,0.0,0.35,1.0,1.0,1.0,1.0,0.0,0.0,0.0,0.0,0.0,0.0,0.0,0.0,0.0,0.0,0.0,4.5,0.0,591.8704059999999,5.0,0.0,0.0,0.0,0.0,0.0,-1330.3724948429967,0.0,0.0,0.0,0.0
zero_source,recirculating,0.0,0.0,20000.0,90000.0,0.0,0.0,0.0,0.0,424.0817643467658,0.0,0.0,1980000.0000000086,297.0,0.0,0.0,0.0,0.35,1.0,1.0,1.0,1.0,0.0,0.0,0.0,0.0,0.0,0.0,0.0,0.0,0.0,0.0,0.0,4.5,0.0,591.8704059999999,5.0,0.0,0.0,0.0,0.0,0.0,-1331.8003795714371,0.0,0.0,0.0,0.0
zero_source,recirculating,0.0,0.0,20000.0,90000.0,0.0,0.0,0.0,0.0,425.5096490752061,0.0,0.0,1986666.6666666754,298.0,0.0,0.0,0.0,0.35,1.0,1.0,1.0,1.0,0.0,0.0,0.0,0.0,0.0,0.0,0.0,0.0,0.0,0.0,0.0,4.5,0.0,591.8704059999999,5.0,0.0,0.0,0.0,0.0,0.0,-1333.2282642998775,0.0,0.0,0.0,0.0
zero_source,recirculating,0.0,0.0,20000.0,90000.0,0.0,0.0,0.0,0.0,426.9375338036464,0.0,0.0,1993333.333333342,299.0,0.0,0.0,0.0,0.35,1.0,1.0,1.0,1.0,0.0,0.0,0.0,0.0,0.0,0.0,0.0,0.0,0.0,0.0,0.0,4.5,0.0,591.8704059999999,5.0,0.0,0.0,0.0,0.0,0.0,-1334.6561490283177,0.0,0.0,0.0,0.0
zero_source,recirculating,0.0,0.0,20000.0,90000.0,0.0,0.0,0.0,0.0,428.36541853208666,0.0,0.0,2000000.0000000088,300.0,0.0,0.0,0.0,0.35,1.0,1.0,1.0,1.0,0.0,0.0,0.0,0.0,0.0,0.0,0.0,0.0,0.0,0.0,0.0,4.5,0.0,591.8704059999999,5.0,0.0,0.0,0.0,0.0,0.0,-1336.084033756758,0.0,0.0,0.0,0.0
zero_source,recirculating,0.0,0.0,20000.0,90000.0,0.0,0.0,0.0,0.0,429.79330326052695,0.0,0.0,2006666.6666666756,301.0,0.0,0.0,0.0,0.35,1.0,1.0,1.0,1.0,0.0,0.0,0.0,0.0,0.0,0.0,0.0,0.0,0.0,0.0,0.0,4.5,0.0,591.8704059999999,5.0,0.0,0.0,0.0,0.0,0.0,-1337.5119184851983,0.0,0.0,0.0,0.0
zero_source,recirculating,0.0,0.0,20000.0,90000.0,0.0,0.0,0.0,0.0,431.22118798896724,0.0,0.0,2013333.3333333423,302.0,0.0,0.0,0.0,0.35,1.0,1.0,1.0,1.0,0.0,0.0,0.0,0.0,0.0,0.0,0.0,0.0,0.0,0.0,0.0,4.5,0.0,591.8704059999999,5.0,0.0,0.0,0.0,0.0,0.0,-1338.9398032136387,0.0,0.0,0.0,0.0
zero_source,recirculating,0.0,0.0,20000.0,90000.0,0.0,0.0,0.0,0.0,432.64907271740753,0.0,0.0,2020000.000000009,303.0,0.0,0.0,0.0,0.35,1.0,1.0,1.0,1.0,0.0,0.0,0.0,0.0,0.0,0.0,0.0,0.0,0.0,0.0,0.0,4.5,0.0,591.8704059999999,5.0,0.0,0.0,0.0,0.0,0.0,-1340.3676879420789,0.0,0.0,0.0,0.0
zero_source,recirculating,0.0,0.0,20000.0,90000.0,0.0,0.0,0.0,0.0,434.0769574458478,0.0,0.0,2026666.6666666758,304.0,0.0,0.0,0.0,0.35,1.0,1.0,1.0,1.0,0.0,0.0,0.0,0.0,0.0,0.0,0.0,0.0,0.0,0.0,0.0,4.5,0.0,591.8704059999999,5.0,0.0,0.0,0.0,0.0,0.0,-1341.795572670519,0.0,0.0,0.0,0.0
zero_source,recirculating,0.0,0.0,20000.0,90000.0,0.0,0.0,0.0,0.0,435.5048421742881,0.0,0.0,2033333.3333333426,305.0,0.0,0.0,0.0,0.35,1.0,1.0,1.0,1.0,0.0,0.0,0.0,0.0,0.0,0.0,0.0,0.0,0.0,0.0,0.0,4.5,0.0,591.8704059999999,5.0,0.0,0.0,0.0,0.0,0.0,-1343.2234573989595,0.0,0.0,0.0,0.0
zero_source,recirculating,0.0,0.0,20000.0,90000.0,0.0,0.0,0.0,0.0,436.9327269027284,0.0,0.0,2040000.0000000093,306.0,0.0,0.0,0.0,0.35,1.0,1.0,1.0,1.0,0.0,0.0,0.0,0.0,0.0,0.0,0.0,0.0,0.0,0.0,0.0,4.5,0.0,591.8704059999999,5.0,0.0,0.0,0.0,0.0,0.0,-1344.6513421273999,0.0,0.0,0.0,0.0
zero_source,recirculating,0.0,0.0,20000.0,90000.0,0.0,0.0,0.0,0.0,438.3606116311687,0.0,0.0,2046666.666666676,307.0,0.0,0.0,0.0,0.35,1.0,1.0,1.0,1.0,0.0,0.0,0.0,0.0,0.0,0.0,0.0,0.0,0.0,0.0,0.0,4.5,0.0,591.8704059999999,5.0,0.0,0.0,0.0,0.0,0.0,-1346.07922685584,0.0,0.0,0.0,0.0
zero_source,recirculating,0.0,0.0,20000.0,90000.0,0.0,0.0,0.0,0.0,439.788496359609,0.0,0.0,2053333.3333333428,308.0,0.0,0.0,0.0,0.35,1.0,1.0,1.0,1.0,0.0,0.0,0.0,0.0,0.0,0.0,0.0,0.0,0.0,0.0,0.0,4.5,0.0,591.8704059999999,5.0,0.0,0.0,0.0,0.0,0.0,-1347.5071115842802,0.0,0.0,0.0,0.0
zero_source,recirculating,0.0,0.0,20000.0,90000.0,0.0,0.0,0.0,0.0,441.2163810880493,0.0,0.0,2060000.0000000095,309.0,0.0,0.0,0.0,0.35,1.0,1.0,1.0,1.0,0.0,0.0,0.0,0.0,0.0,0.0,0.0,0.0,0.0,0.0,0.0,4.5,0.0,591.8704059999999,5.0,0.0,0.0,0.0,0.0,0.0,-1348.9349963127206,0.0,0.0,0.0,0.0
zero_source,recirculating,0.0,0.0,20000.0,90000.0,0.0,0.0,0.0,0.0,442.64426581648956,0.0,0.0,2066666.6666666763,310.0,0.0,0.0,0.0,0.35,1.0,1.0,1.0,1.0,0.0,0.0,0.0,0.0,0.0,0.0,0.0,0.0,0.0,0.0,0.0,4.5,0.0,591.8704059999999,5.0,0.0,0.0,0.0,0.0,0.0,-1350.362881041161,0.0,0.0,0.0,0.0
zero_source,recirculating,0.0,0.0,20000.0,90000.0,0.0,0.0,0.0,0.0,444.07215054492985,0.0,0.0,2073333.333333343,311.0,0.0,0.0,0.0,0.35,1.0,1.0,1.0,1.0,0.0,0.0,0.0,0.0,0.0,0.0,0.0,0.0,0.0,0.0,0.0,4.5,0.0,591.8704059999999,5.0,0.0,0.0,0.0,0.0,0.0,-1351.7907657696012,0.0,0.0,0.0,0.0
zero_source,recirculating,0.0,0.0,20000.0,90000.0,0.0,0.0,0.0,0.0,445.50003527337014,0.0,0.0,2080000.0000000098,312.0,0.0,0.0,0.0,0.35,1.0,1.0,1.0,1.0,0.0,0.0,0.0,0.0,0.0,0.0,0.0,0.0,0.0,0.0,0.0,4.5,0.0,591.8704059999999,5.0,0.0,0.0,0.0,0.0,0.0,-1353.2186504980414,0.0,0.0,0.0,0.0
zero_source,recirculating,0.0,0.0,20000.0,90000.0,0.0,0.0,0.0,0.0,446.92792000181043,0.0,0.0,2086666.6666666765,313.0,0.0,0.0,0.0,0.35,1.0,1.0,1.0,1.0,0.0,0.0,0.0,0.0,0.0,0.0,0.0,0.0,0.0,0.0,0.0,4.5,0.0,591.8704059999999,5.0,0.0,0.0,0.0,0.0,0.0,-1354.6465352264818,0.0,0.0,0.0,0.0
zero_source,recirculating,0.0,0.0,20000.0,90000.0,0.0,0.0,0.0,0.0,448.3558047302507,0.0,0.0,2093333.333333343,314.0,0.0,0.0,0.0,0.35,1.0,1.0,1.0,1.0,0.0,0.0,0.0,0.0,0.0,0.0,0.0,0.0,0.0,0.0,0.0,4.5,0.0,591.8704059999999,5.0,0.0,0.0,0.0,0.0,0.0,-1356.0744199549222,0.0,0.0,0.0,0.0
zero_source,recirculating,0.0,0.0,20000.0,90000.0,0.0,0.0,0.0,0.0,449.783689458691,0.0,0.0,2100000.00000001,315.0,0.0,0.0,0.0,0.35,1.0,1.0,1.0,1.0,0.0,0.0,0.0,0.0,0.0,0.0,0.0,0.0,0.0,0.0,0.0,4.5,0.0,591.8704059999999,5.0,0.0,0.0,0.0,0.0,0.0,-1357.5023046833624,0.0,0.0,0.0,0.0
zero_source,recirculating,0.0,0.0,20000.0,90000.0,0.0,0.0,0.0,0.0,451.2115741871313,0.0,0.0,2106666.6666666763,316.0,0.0,0.0,0.0,0.35,1.0,1.0,1.0,1.0,0.0,0.0,0.0,0.0,0.0,0.0,0.0,0.0,0.0,0.0,0.0,4.5,0.0,591.8704059999999,5.0,0.0,0.0,0.0,0.0,0.0,-1358.9301894118025,0.0,0.0,0.0,0.0
zero_source,recirculating,0.0,0.0,20000.0,90000.0,0.0,0.0,0.0,0.0,452.6394589155716,0.0,0.0,2113333.333333343,317.0,0.0,0.0,0.0,0.35,1.0,1.0,1.0,1.0,0.0,0.0,0.0,0.0,0.0,0.0,0.0,0.0,0.0,0.0,0.0,4.5,0.0,591.8704059999999,5.0,0.0,0.0,0.0,0.0,0.0,-1360.358074140243,0.0,0.0,0.0,0.0
zero_source,recirculating,0.0,0.0,20000.0,90000.0,0.0,0.0,0.0,0.0,454.0673436440119,0.0,0.0,2120000.0000000093,318.0,0.0,0.0,0.0,0.35,1.0,1.0,1.0,1.0,0.0,0.0,0.0,0.0,0.0,0.0,0.0,0.0,0.0,0.0,0.0,4.5,0.0,591.8704059999999,5.0,0.0,0.0,0.0,0.0,0.0,-1361.7859588686833,0.0,0.0,0.0,0.0
zero_source,recirculating,0.0,0.0,20000.0,90000.0,0.0,0.0,0.0,0.0,455.4952283724522,0.0,0.0,2126666.666666676,319.0,0.0,0.0,0.0,0.35,1.0,1.0,1.0,1.0,0.0,0.0,0.0,0.0,0.0,0.0,0.0,0.0,0.0,0.0,0.0,4.5,0.0,591.8704059999999,5.0,0.0,0.0,0.0,0.0,0.0,-1363.2138435971235,0.0,0.0,0.0,0.0
zero_source,recirculating,0.0,0.0,20000.0,90000.0,0.0,0.0,0.0,0.0,456.92311310089246,0.0,0.0,2133333.3333333423,320.0,0.0,0.0,0.0,0.35,1.0,1.0,1.0,1.0,0.0,0.0,0.0,0.0,0.0,0.0,0.0,0.0,0.0,0.0,0.0,4.5,0.0,591.8704059999999,5.0,0.0,0.0,0.0,0.0,0.0,-1364.6417283255637,0.0,0.0,0.0,0.0
zero_source,recirculating,0.0,0.0,20000.0,90000.0,0.0,0.0,0.0,0.0,458.35099782933275,0.0,0.0,2140000.000000009,321.0,0.0,0.0,0.0,0.35,1.0,1.0,1.0,1.0,0.0,0.0,0.0,0.0,0.0,0.0,0.0,0.0,0.0,0.0,0.0,4.5,0.0,591.8704059999999,5.0,0.0,0.0,0.0,0.0,0.0,-1366.069613054004,0.0,0.0,0.0,0.0
zero_source,recirculating,0.0,0.0,20000.0,90000.0,0.0,0.0,0.0,0.0,459.77888255777304,0.0,0.0,2146666.6666666754,322.0,0.0,0.0,0.0,0.35,1.0,1.0,1.0,1.0,0.0,0.0,0.0,0.0,0.0,0.0,0.0,0.0,0.0,0.0,0.0,4.5,0.0,591.8704059999999,5.0,0.0,0.0,0.0,0.0,0.0,-1367.4974977824445,0.0,0.0,0.0,0.0
zero_source,recirculating,0.0,0.0,20000.0,90000.0,0.0,0.0,0.0,0.0,461.20676728621333,0.0,0.0,2153333.333333342,323.0,0.0,0.0,0.0,0.35,1.0,1.0,1.0,1.0,0.0,0.0,0.0,0.0,0.0,0.0,0.0,0.0,0.0,0.0,0.0,4.5,0.0,591.8704059999999,5.0,0.0,0.0,0.0,0.0,0.0,-1368.9253825108847,0.0,0.0,0.0,0.0
zero_source,recirculating,0.0,0.0,20000.0,90000.0,0.0,0.0,0.0,0.0,462.6346520146536,0.0,0.0,2160000.0000000084,324.0,0.0,0.0,0.0,0.35,1.0,1.0,1.0,1.0,0.0,0.0,0.0,0.0,0.0,0.0,0.0,0.0,0.0,0.0,0.0,4.5,0.0,591.8704059999999,5.0,0.0,0.0,0.0,0.0,0.0,-1370.3532672393249,0.0,0.0,0.0,0.0
zero_source,recirculating,0.0,0.0,20000.0,90000.0,0.0,0.0,0.0,0.0,464.0625367430939,0.0,0.0,2166666.666666675,325.0,0.0,0.0,0.0,0.35,1.0,1.0,1.0,1.0,0.0,0.0,0.0,0.0,0.0,0.0,0.0,0.0,0.0,0.0,0.0,4.5,0.0,591.8704059999999,5.0,0.0,0.0,0.0,0.0,0.0,-1371.7811519677653,0.0,0.0,0.0,0.0
zero_source,recirculating,0.0,0.0,20000.0,90000.0,0.0,0.0,0.0,0.0,465.4904214715342,0.0,0.0,2173333.3333333414,326.0,0.0,0.0,0.0,0.35,1.0,1.0,1.0,1.0,0.0,0.0,0.0,0.0,0.0,0.0,0.0,0.0,0.0,0.0,0.0,4.5,0.0,591.8704059999999,5.0,0.0,0.0,0.0,0.0,0.0,-1373.2090366962057,0.0,0.0,0.0,0.0
zero_source,recirculating,0.0,0.0,20000.0,90000.0,0.0,0.0,0.0,0.0,466.9183061999745,0.0,0.0,2180000.000000008,327.0,0.0,0.0,0.0,0.35,1.0,1.0,1.0,1.0,0.0,0.0,0.0,0.0,0.0,0.0,0.0,0.0,0.0,0.0,0.0,4.5,0.0,591.8704059999999,5.0,0.0,0.0,0.0,0.0,0.0,-1374.6369214246458,0.0,0.0,0.0,0.0
zero_source,recirculating,0.0,0.0,20000.0,90000.0,0.0,0.0,0.0,0.0,468.3461909284148,0.0,0.0,2186666.6666666744,328.0,0.0,0.0,0.0,0.35,1.0,1.0,1.0,1.0,0.0,0.0,0.0,0.0,0.0,0.0,0.0,0.0,0.0,0.0,0.0,4.5,0.0,591.8704059999999,5.0,0.0,0.0,0.0,0.0,0.0,-1376.064806153086,0.0,0.0,0.0,0.0
zero_source,recirculating,0.0,0.0,20000.0,90000.0,0.0,0.0,0.0,0.0,469.7740756568551,0.0,0.0,2193333.333333341,329.0,0.0,0.0,0.0,0.35,1.0,1.0,1.0,1.0,0.0,0.0,0.0,0.0,0.0,0.0,0.0,0.0,0.0,0.0,0.0,4.5,0.0,591.8704059999999,5.0,0.0,0.0,0.0,0.0,0.0,-1377.4926908815264,0.0,0.0,0.0,0.0
zero_source,recirculating,0.0,0.0,20000.0,90000.0,0.0,0.0,0.0,0.0,471.20196038529537,0.0,0.0,2200000.0000000075,330.0,0.0,0.0,0.0,0.35,1.0,1.0,1.0,1.0,0.0,0.0,0.0,0.0,0.0,0.0,0.0,0.0,0.0,0.0,0.0,4.5,0.0,591.8704059999999,5.0,0.0,0.0,0.0,0.0,0.0,-1378.9205756099668,0.0,0.0,0.0,0.0
zero_source,recirculating,0.0,0.0,20000.0,90000.0,0.0,0.0,0.0,0.0,472.62984511373566,0.0,0.0,2206666.666666674,331.0,0.0,0.0,0.0,0.35,1.0,1.0,1.0,1.0,0.0,0.0,0.0,0.0,0.0,0.0,0.0,0.0,0.0,0.0,0.0,4.5,0.0,591.8704059999999,5.0,0.0,0.0,0.0,0.0,0.0,-1380.348460338407,0.0,0.0,0.0,0.0
zero_source,recirculating,0.0,0.0,20000.0,90000.0,0.0,0.0,0.0,0.0,474.05772984217595,0.0,0.0,2213333.3333333405,332.0,0.0,0.0,0.0,0.35,1.0,1.0,1.0,1.0,0.0,0.0,0.0,0.0,0.0,0.0,0.0,0.0,0.0,0.0,0.0,4.5,0.0,591.8704059999999,5.0,0.0,0.0,0.0,0.0,0.0,-1381.7763450668472,0.0,0.0,0.0,0.0
zero_source,recirculating,0.0,0.0,20000.0,90000.0,0.0,0.0,0.0,0.0,475.48561457061624,0.0,0.0,2220000.000000007,333.0,0.0,0.0,0.0,0.35,1.0,1.0,1.0,1.0,0.0,0.0,0.0,0.0,0.0,0.0,0.0,0.0,0.0,0.0,0.0,4.5,0.0,591.8704059999999,5.0,0.0,0.0,0.0,0.0,0.0,-1383.2042297952876,0.0,0.0,0.0,0.0
zero_source,recirculating,0.0,0.0,20000.0,90000.0,0.0,0.0,0.0,0.0,476.9134992990565,0.0,0.0,2226666.6666666735,334.0,0.0,0.0,0.0,0.35,1.0,1.0,1.0,1.0,0.0,0.0,0.0,0.0,0.0,0.0,0.0,0.0,0.0,0.0,0.0,4.5,0.0,591.8704059999999,5.0,0.0,0.0,0.0,0.0,0.0,-1384.632114523728,0.0,0.0,0.0,0.0
zero_source,recirculating,0.0,0.0,20000.0,90000.0,0.0,0.0,0.0,0.0,478.3413840274968,0.0,0.0,2233333.33333334,335.0,0.0,0.0,0.0,0.35,1.0,1.0,1.0,1.0,0.0,0.0,0.0,0.0,0.0,0.0,0.0,0.0,0.0,0.0,0.0,4.5,0.0,591.8704059999999,5.0,0.0,0.0,0.0,0.0,0.0,-1386.0599992521682,0.0,0.0,0.0,0.0
zero_source,recirculating,0.0,0.0,20000.0,90000.0,0.0,0.0,0.0,0.0,479.7692687559371,0.0,0.0,2240000.0000000065,336.0,0.0,0.0,0.0,0.35,1.0,1.0,1.0,1.0,0.0,0.0,0.0,0.0,0.0,0.0,0.0,0.0,0.0,0.0,0.0,4.5,0.0,591.8704059999999,5.0,0.0,0.0,0.0,0.0,0.0,-1387.4878839806083,0.0,0.0,0.0,0.0
zero_source,recirculating,0.0,0.0,20000.0,90000.0,0.0,0.0,0.0,0.0,481.1971534843774,0.0,0.0,2246666.666666673,337.0,0.0,0.0,0.0,0.35,1.0,1.0,1.0,1.0,0.0,0.0,0.0,0.0,0.0,0.0,0.0,0.0,0.0,0.0,0.0,4.5,0.0,591.8704059999999,5.0,0.0,0.0,0.0,0.0,0.0,-1388.9157687090487,0.0,0.0,0.0,0.0
zero_source,recirculating,0.0,0.0,20000.0,90000.0,0.0,0.0,0.0,0.0,482.6250382128177,0.0,0.0,2253333.3333333395,338.0,0.0,0.0,0.0,0.35,1.0,1.0,1.0,1.0,0.0,0.0,0.0,0.0,0.0,0.0,0.0,0.0,0.0,0.0,0.0,4.5,0.0,591.8704059999999,5.0,0.0,0.0,0.0,0.0,0.0,-1390.3436534374891,0.0,0.0,0.0,0.0
zero_source,recirculating,0.0,0.0,20000.0,90000.0,0.0,0.0,0.0,0.0,484.052922941258,0.0,0.0,2260000.000000006,339.0,0.0,0.0,0.0,0.35,1.0,1.0,1.0,1.0,0.0,0.0,0.0,0.0,0.0,0.0,0.0,0.0,0.0,0.0,0.0,4.5,0.0,591.8704059999999,5.0,0.0,0.0,0.0,0.0,0.0,-1391.7715381659293,0.0,0.0,0.0,0.0
zero_source,recirculating,0.0,0.0,20000.0,90000.0,0.0,0.0,0.0,0.0,485.48080766969827,0.0,0.0,2266666.6666666726,340.0,0.0,0.0,0.0,0.35,1.0,1.0,1.0,1.0,0.0,0.0,0.0,0.0,0.0,0.0,0.0,0.0,0.0,0.0,0.0,4.5,0.0,591.8704059999999,5.0,0.0,0.0,0.0,0.0,0.0,-1393.1994228943695,0.0,0.0,0.0,0.0
zero_source,recirculating,0.0,0.0,20000.0,90000.0,0.0,0.0,0.0,0.0,486.90869239813856,0.0,0.0,2273333.333333339,341.0,0.0,0.0,0.0,0.35,1.0,1.0,1.0,1.0,0.0,0.0,0.0,0.0,0.0,0.0,0.0,0.0,0.0,0.0,0.0,4.5,0.0,591.8704059999999,5.0,0.0,0.0,0.0,0.0,0.0,-1394.62730762281,0.0,0.0,0.0,0.0
zero_source,recirculating,0.0,0.0,20000.0,90000.0,0.0,0.0,0.0,0.0,488.33657712657885,0.0,0.0,2280000.0000000056,342.0,0.0,0.0,0.0,0.35,1.0,1.0,1.0,1.0,0.0,0.0,0.0,0.0,0.0,0.0,0.0,0.0,0.0,0.0,0.0,4.5,0.0,591.8704059999999,5.0,0.0,0.0,0.0,0.0,0.0,-1396.0551923512503,0.0,0.0,0.0,0.0
zero_source,recirculating,0.0,0.0,20000.0,90000.0,0.0,0.0,0.0,0.0,489.76446185501914,0.0,0.0,2286666.666666672,343.0,0.0,0.0,0.0,0.35,1.0,1.0,1.0,1.0,0.0,0.0,0.0,0.0,0.0,0.0,0.0,0.0,0.0,0.0,0.0,4.5,0.0,591.8704059999999,5.0,0.0,0.0,0.0,0.0,0.0,-1397.4830770796905,0.0,0.0,0.0,0.0
zero_source,recirculating,0.0,0.0,20000.0,90000.0,0.0,0.0,0.0,0.0,491.1923465834594,0.0,0.0,2293333.3333333386,344.0,0.0,0.0,0.0,0.35,1.0,1.0,1.0,1.0,0.0,0.0,0.0,0.0,0.0,0.0,0.0,0.0,0.0,0.0,0.0,4.5,0.0,591.8704059999999,5.0,0.0,0.0,0.0,0.0,0.0,-1398.9109618081307,0.0,0.0,0.0,0.0
zero_source,recirculating,0.0,0.0,20000.0,90000.0,0.0,0.0,0.0,0.0,492.6202313118997,0.0,0.0,2300000.000000005,345.0,0.0,0.0,0.0,0.35,1.0,1.0,1.0,1.0,0.0,0.0,0.0,0.0,0.0,0.0,0.0,0.0,0.0,0.0,0.0,4.5,0.0,591.8704059999999,5.0,0.0,0.0,0.0,0.0,0.0,-1400.338846536571,0.0,0.0,0.0,0.0
zero_source,recirculating,0.0,0.0,20000.0,90000.0,0.0,0.0,0.0,0.0,494.04811604034,0.0,0.0,2306666.6666666716,346.0,0.0,0.0,0.0,0.35,1.0,1.0,1.0,1.0,0.0,0.0,0.0,0.0,0.0,0.0,0.0,0.0,0.0,0.0,0.0,4.5,0.0,591.8704059999999,5.0,0.0,0.0,0.0,0.0,0.0,-1401.7667312650115,0.0,0.0,0.0,0.0
zero_source,recirculating,0.0,0.0,20000.0,90000.0,0.0,0.0,0.0,0.0,495.4760007687803,0.0,0.0,2313333.333333338,347.0,0.0,0.0,0.0,0.35,1.0,1.0,1.0,1.0,0.0,0.0,0.0,0.0,0.0,0.0,0.0,0.0,0.0,0.0,0.0,4.5,0.0,591.8704059999999,5.0,0.0,0.0,0.0,0.0,0.0,-1403.1946159934516,0.0,0.0,0.0,0.0
zero_source,recirculating,0.0,0.0,20000.0,90000.0,0.0,0.0,0.0,0.0,496.9038854972206,0.0,0.0,2320000.0000000047,348.0,0.0,0.0,0.0,0.35,1.0,1.0,1.0,1.0,0.0,0.0,0.0,0.0,0.0,0.0,0.0,0.0,0.0,0.0,0.0,4.5,0.0,591.8704059999999,5.0,0.0,0.0,0.0,0.0,0.0,-1404.6225007218918,0.0,0.0,0.0,0.0
zero_source,recirculating,0.0,0.0,20000.0,90000.0,0.0,0.0,0.0,0.0,498.3317702256609,0.0,0.0,2326666.666666671,349.0,0.0,0.0,0.0,0.35,1.0,1.0,1.0,1.0,0.0,0.0,0.0,0.0,0.0,0.0,0.0,0.0,0.0,0.0,0.0,4.5,0.0,591.8704059999999,5.0,0.0,0.0,0.0,0.0,0.0,-1406.0503854503322,0.0,0.0,0.0,0.0
zero_source,recirculating,0.0,0.0,20000.0,90000.0,0.0,0.0,0.0,0.0,499.75965495410117,0.0,0.0,2333333.3333333377,350.0,0.0,0.0,0.0,0.35,1.0,1.0,1.0,1.0,0.0,0.0,0.0,0.0,0.0,0.0,0.0,0.0,0.0,0.0,0.0,4.5,0.0,591.8704059999999,5.0,0.0,0.0,0.0,0.0,0.0,-1407.4782701787726,0.0,0.0,0.0,0.0
zero_source,recirculating,0.0,0.0,20000.0,90000.0,0.0,0.0,0.0,0.0,501.18753968254146,0.0,0.0,2340000.000000004,351.0,0.0,0.0,0.0,0.35,1.0,1.0,1.0,1.0,0.0,0.0,0.0,0.0,0.0,0.0,0.0,0.0,0.0,0.0,0.0,4.5,0.0,591.8704059999999,5.0,0.0,0.0,0.0,0.0,0.0,-1408.9061549072128,0.0,0.0,0.0,0.0
zero_source,recirculating,0.0,0.0,20000.0,90000.0,0.0,0.0,0.0,0.0,502.61542441098175,0.0,0.0,2346666.6666666707,352.0,0.0,0.0,0.0,0.35,1.0,1.0,1.0,1.0,0.0,0.0,0.0,0.0,0.0,0.0,0.0,0.0,0.0,0.0,0.0,4.5,0.0,591.8704059999999,5.0,0.0,0.0,0.0,0.0,0.0,-1410.334039635653,0.0,0.0,0.0,0.0
zero_source,recirculating,0.0,0.0,20000.0,90000.0,0.0,0.0,0.0,0.0,504.04330913942204,0.0,0.0,2353333.333333337,353.0,0.0,0.0,0.0,0.35,1.0,1.0,1.0,1.0,0.0,0.0,0.0,0.0,0.0,0.0,0.0,0.0,0.0,0.0,0.0,4.5,0.0,591.8704059999999,5.0,0.0,0.0,0.0,0.0,0.0,-1411.7619243640934,0.0,0.0,0.0,0.0
zero_source,recirculating,0.0,0.0,20000.0,90000.0,0.0,0.0,0.0,0.0,505.4711938678623,0.0,0.0,2360000.0000000037,354.0,0.0,0.0,0.0,0.35,1.0,1.0,1.0,1.0,0.0,0.0,0.0,0.0,0.0,0.0,0.0,0.0,0.0,0.0,0.0,4.5,0.0,591.8704059999999,5.0,0.0,0.0,0.0,0.0,0.0,-1413.1898090925338,0.0,0.0,0.0,0.0
zero_source,recirculating,0.0,0.0,20000.0,90000.0,0.0,0.0,0.0,0.0,506.8990785963026,0.0,0.0,2366666.6666666702,355.0,0.0,0.0,0.0,0.35,1.0,1.0,1.0,1.0,0.0,0.0,0.0,0.0,0.0,0.0,0.0,0.0,0.0,0.0,0.0,4.5,0.0,591.8704059999999,5.0,0.0,0.0,0.0,0.0,0.0,-1414.617693820974,0.0,0.0,0.0,0.0
zero_source,recirculating,0.0,0.0,20000.0,90000.0,0.0,0.0,0.0,0.0,508.3269633247429,0.0,0.0,2373333.3333333367,356.0,0.0,0.0,0.0,0.35,1.0,1.0,1.0,1.0,0.0,0.0,0.0,0.0,0.0,0.0,0.0,0.0,0.0,0.0,0.0,4.5,0.0,591.8704059999999,5.0,0.0,0.0,0.0,0.0,0.0,-1416.0455785494141,0.0,0.0,0.0,0.0
zero_source,recirculating,0.0,0.0,20000.0,90000.0,0.0,0.0,0.0,0.0,509.7548480531832,0.0,0.0,2380000.0000000033,357.0,0.0,0.0,0.0,0.35,1.0,1.0,1.0,1.0,0.0,0.0,0.0,0.0,0.0,0.0,0.0,0.0,0.0,0.0,0.0,4.5,0.0,591.8704059999999,5.0,0.0,0.0,0.0,0.0,0.0,-1417.4734632778545,0.0,0.0,0.0,0.0
zero_source,recirculating,0.0,0.0,20000.0,90000.0,0.0,0.0,0.0,0.0,511.1827327816235,0.0,0.0,2386666.66666667,358.0,0.0,0.0,0.0,0.35,1.0,1.0,1.0,1.0,0.0,0.0,0.0,0.0,0.0,0.0,0.0,0.0,0.0,0.0,0.0,4.5,0.0,591.8704059999999,5.0,0.0,0.0,0.0,0.0,0.0,-1418.901348006295,0.0,0.0,0.0,0.0
zero_source,recirculating,0.0,0.0,20000.0,90000.0,0.0,0.0,0.0,0.0,512.6106175100638,0.0,0.0,2393333.3333333363,359.0,0.0,0.0,0.0,0.35,1.0,1.0,1.0,1.0,0.0,0.0,0.0,0.0,0.0,0.0,0.0,0.0,0.0,0.0,0.0,4.5,0.0,591.8704059999999,5.0,0.0,0.0,0.0,0.0,0.0,-1420.3292327347351,0.0,0.0,0.0,0.0
zero_source,recirculating,0.0,0.0,20000.0,90000.0,0.0,0.0,0.0,0.0,514.0385022385041,0.0,0.0,2400000.000000003,360.0,0.0,0.0,0.0,0.35,1.0,1.0,1.0,1.0,0.0,0.0,0.0,0.0,0.0,0.0,0.0,0.0,0.0,0.0,0.0,4.5,0.0,591.8704059999999,5.0,0.0,0.0,0.0,0.0,0.0,-1421.7571174631753,0.0,0.0,0.0,0.0
zero_source,recirculating,0.0,0.0,20000.0,90000.0,0.0,0.0,0.0,0.0,515.4663869669444,0.0,0.0,2406666.6666666693,361.0,0.0,0.0,0.0,0.35,1.0,1.0,1.0,1.0,0.0,0.0,0.0,0.0,0.0,0.0,0.0,0.0,0.0,0.0,0.0,4.5,0.0,591.8704059999999,5.0,0.0,0.0,0.0,0.0,0.0,-1423.1850021916157,0.0,0.0,0.0,0.0
zero_source,recirculating,0.0,0.0,20000.0,90000.0,0.0,0.0,0.0,0.0,516.8942716953846,0.0,0.0,2413333.333333336,362.0,0.0,0.0,0.0,0.35,1.0,1.0,1.0,1.0,0.0,0.0,0.0,0.0,0.0,0.0,0.0,0.0,0.0,0.0,0.0,4.5,0.0,591.8704059999999,5.0,0.0,0.0,0.0,0.0,0.0,-1424.612886920056,0.0,0.0,0.0,0.0
zero_source,recirculating,0.0,0.0,20000.0,90000.0,0.0,0.0,0.0,0.0,518.3221564238249,0.0,0.0,2420000.0000000023,363.0,0.0,0.0,0.0,0.35,1.0,1.0,1.0,1.0,0.0,0.0,0.0,0.0,0.0,0.0,0.0,0.0,0.0,0.0,0.0,4.5,0.0,591.8704059999999,5.0,0.0,0.0,0.0,0.0,0.0,-1426.0407716484963,0.0,0.0,0.0,0.0
zero_source,recirculating,0.0,0.0,20000.0,90000.0,0.0,0.0,0.0,0.0,519.7500411522652,0.0,0.0,2426666.666666669,364.0,0.0,0.0,0.0,0.35,1.0,1.0,1.0,1.0,0.0,0.0,0.0,0.0,0.0,0.0,0.0,0.0,0.0,0.0,0.0,4.5,0.0,591.8704059999999,5.0,0.0,0.0,0.0,0.0,0.0,-1427.4686563769365,0.0,0.0,0.0,0.0
zero_source,recirculating,0.0,0.0,20000.0,90000.0,0.0,0.0,0.0,0.0,521.1779258807055,0.0,0.0,2433333.3333333354,365.0,0.0,0.0,0.0,0.35,1.0,1.0,1.0,1.0,0.0,0.0,0.0,0.0,0.0,0.0,0.0,0.0,0.0,0.0,0.0,4.5,0.0,591.8704059999999,5.0,0.0,0.0,0.0,0.0,0.0,-1428.8965411053769,0.0,0.0,0.0,0.0
